{"type":"FeatureCollection","features":[{"type":"Feature","properties":{"id":"AZE:ADM2:54616110B12323901372431","name":"Agsu District","countryCode":"AZE","adminLevel":2,"sourceCode":"54616110B12323901372431","parentId":"AZE:ADM1:AZE-1693"},"geometry":{"type":"Polygon","coordinates":[[[48.51934,40.81151],[48.51061,40.80464],[48.49716,40.77148],[48.48893,40.76079],[48.44848,40.72429],[48.42448,40.70837],[48.39739,40.69611],[48.39088,40.68567],[48.34665,40.67001],[48.3254,40.66975],[48.28666,40.6486],[48.27192,40.63398],[48.25443,40.62954],[48.21706,40.59949],[48.18895,40.55715],[48.15947,40.54381],[48.13546,40.54151],[48.13674,40.5308],[48.12251,40.511],[48.12084,40.49056],[48.12084,40.4765],[48.13423,40.45156],[48.1811,40.47074],[48.20537,40.46819],[48.20537,40.43494],[48.22881,40.42982],[48.26648,40.45988],[48.33176,40.46179],[48.35771,40.45348],[48.36859,40.4375],[48.36943,40.41383],[48.3644,40.39527],[48.36692,40.38119],[48.4096,40.3575],[48.41463,40.34278],[48.45396,40.31203],[48.46568,40.31395],[48.4933,40.33701],[48.51494,40.36099],[48.51195,40.36247],[48.51195,40.36731],[48.51557,40.374],[48.5466,40.39888],[48.55685,40.44471],[48.56107,40.45046],[48.60928,40.47233],[48.62073,40.47279],[48.64001,40.48222],[48.66532,40.48659],[48.67195,40.49073],[48.67828,40.49994],[48.67256,40.50891],[48.61711,40.53903],[48.60657,40.54271],[48.53606,40.54707],[48.50653,40.55305],[48.49086,40.5604],[48.46615,40.58039],[48.46434,40.59992],[48.46736,40.60956],[48.47579,40.61737],[48.49357,40.62449],[48.53997,40.65823],[48.54781,40.67773],[48.54932,40.70892],[48.56287,40.74216],[48.55775,40.75362],[48.546,40.76462],[48.53154,40.77126],[48.5225,40.77974],[48.51934,40.81151]]]}},{"type":"Feature","properties":{"id":"AZE:ADM2:54616110B13615645655589","name":"Goygol District","countryCode":"AZE","adminLevel":2,"sourceCode":"54616110B13615645655589","parentId":"AZE:ADM1:AZE-1680"},"geometry":{"type":"Polygon","coordinates":[[[46.35022,40.72764],[46.34456,40.76752],[46.34119,40.76798],[46.34042,40.78914],[46.32844,40.80705],[46.30631,40.82258],[46.27915,40.80435],[46.27092,40.79328],[46.25509,40.73551],[46.25916,40.71687],[46.25714,40.70916],[46.22147,40.67924],[46.15339,40.67338],[46.13677,40.66813],[46.12786,40.65918],[46.12257,40.64579],[46.14111,40.62704],[46.1468,40.61498],[46.19113,40.58892],[46.21013,40.58361],[46.22596,40.57057],[46.22596,40.56526],[46.1677,40.51405],[46.16137,40.49665],[46.18733,40.47683],[46.19683,40.46425],[46.25192,40.43474],[46.26205,40.42555],[46.26332,40.40232],[46.25762,40.38973],[46.19366,40.35195],[46.1867,40.34033],[46.17544,40.30413],[46.20881,40.29932],[46.28403,40.29872],[46.3206,40.28641],[46.34173,40.28334],[46.34851,40.29713],[46.3621,40.30642],[46.354,40.34984],[46.354,40.37619],[46.35845,40.38952],[46.40344,40.4174],[46.4083,40.42917],[46.40871,40.44063],[46.4506,40.47192],[46.4584,40.47877],[46.46404,40.49056],[46.47467,40.49322],[46.50442,40.52107],[46.51286,40.54273],[46.52177,40.60206],[46.52015,40.67338],[46.5161,40.68572],[46.50712,40.69341],[46.50109,40.68642],[46.47652,40.68588],[46.46654,40.67611],[46.45336,40.67422],[46.43342,40.67883],[46.42166,40.68615],[46.4092,40.6894],[46.39179,40.6894],[46.38764,40.6814],[46.37077,40.66833],[46.35992,40.65272],[46.33762,40.65548],[46.32979,40.66443],[46.31714,40.67062],[46.31412,40.68094],[46.31593,40.69379],[46.33823,40.72039],[46.35022,40.72764]]]}},{"type":"Feature","properties":{"id":"AZE:ADM2:54616110B15657888815271","name":"Khankendi City","countryCode":"AZE","adminLevel":2,"sourceCode":"54616110B15657888815271","parentId":"AZE:ADM1:AZE-4838"},"geometry":{"type":"Polygon","coordinates":[[[46.82493,39.85575],[46.81369,39.86432],[46.81195,39.87011],[46.79151,39.87086],[46.76972,39.86476],[46.76316,39.85451],[46.76355,39.83236],[46.76605,39.82716],[46.79999,39.81288],[46.83008,39.82344],[46.83008,39.85079],[46.82493,39.85575]]]}},{"type":"Feature","properties":{"id":"AZE:ADM2:54616110B16304773097912","name":"Bilasuvar District","countryCode":"AZE","adminLevel":2,"sourceCode":"54616110B16304773097912","parentId":"AZE:ADM1:AZE-1698"},"geometry":{"type":"Polygon","coordinates":[[[48.76133,39.62677],[48.73807,39.64529],[48.70628,39.65372],[48.68427,39.65458],[48.67604,39.65887],[48.67159,39.66643],[48.65603,39.66764],[48.61252,39.67947],[48.59689,39.6792],[48.58959,39.66954],[48.58213,39.66982],[48.57935,39.66248],[48.56326,39.65442],[48.54761,39.65139],[48.50811,39.65283],[48.49684,39.66111],[48.49545,39.67595],[48.48321,39.68713],[48.46693,39.69562],[48.44592,39.69842],[48.43229,39.6953],[48.42588,39.69036],[48.41615,39.67832],[48.40282,39.6692],[48.39369,39.6477],[48.37891,39.63358],[48.34391,39.61138],[48.31456,39.59709],[48.2826,39.59659],[48.2589,39.60314],[48.23934,39.61323],[48.15977,39.66063],[48.11651,39.69255],[48.10172,39.69994],[48.09107,39.71153],[48.05433,39.73721],[48.0265,39.74779],[47.99346,39.74947],[47.97715,39.74477],[47.96846,39.73839],[47.95846,39.72177],[47.96433,39.71455],[48.03236,39.69185],[48.219,39.53392],[48.25806,39.49366],[48.34672,39.41282],[48.37457,39.3949],[48.37254,39.38066],[48.34808,39.37961],[48.33461,39.37528],[48.34265,39.36716],[48.34367,39.34869],[48.35075,39.33925],[48.38011,39.33808],[48.40896,39.35694],[48.44743,39.36873],[48.48793,39.38955],[48.50362,39.41429],[48.51374,39.42214],[48.53956,39.42371],[48.55322,39.41586],[48.55828,39.39779],[48.55828,39.38169],[48.56638,39.35969],[48.59321,39.34279],[48.61953,39.33886],[48.64332,39.36126],[48.63877,39.37698],[48.63978,39.40604],[48.64585,39.41547],[48.65717,39.42266],[48.66073,39.43246],[48.68244,39.45355],[48.69313,39.46084],[48.74005,39.43883],[48.75819,39.44859],[48.76103,39.46838],[48.77178,39.48748],[48.77336,39.50046],[48.76798,39.51269],[48.73671,39.5379],[48.73465,39.5704],[48.74536,39.58902],[48.75756,39.62494],[48.76133,39.62677]]]}},{"type":"Feature","properties":{"id":"AZE:ADM2:54616110B16521863868797","name":"Mingachevir City","countryCode":"AZE","adminLevel":2,"sourceCode":"54616110B16521863868797","parentId":"AZE:ADM1:AZE-1688"},"geometry":{"type":"Polygon","coordinates":[[[47.05546,40.79784],[47.04985,40.80109],[47.02281,40.78832],[47.01384,40.78917],[46.99144,40.80182],[46.97784,40.80389],[46.97448,40.79537],[46.978,40.78637],[46.97784,40.76411],[46.98312,40.75547],[47.01464,40.73892],[47.02601,40.73636],[47.04265,40.73977],[47.06793,40.75559],[47.07177,40.77007],[47.06601,40.7871],[47.05546,40.79784]]]}},{"type":"Feature","properties":{"id":"AZE:ADM2:54616110B16651088424667","name":"Shamakhi District","countryCode":"AZE","adminLevel":2,"sourceCode":"54616110B16651088424667","parentId":"AZE:ADM1:AZE-1716"},"geometry":{"type":"Polygon","coordinates":[[[48.72923,40.91165],[48.67879,40.91862],[48.65582,40.92712],[48.60326,40.9366],[48.5586,40.95694],[48.53233,40.96098],[48.51505,40.95986],[48.45557,40.97095],[48.45319,40.9609],[48.45771,40.94239],[48.46464,40.93119],[48.54118,40.88913],[48.54287,40.85712],[48.53423,40.83847],[48.52744,40.83341],[48.51948,40.81798],[48.5225,40.77974],[48.53154,40.77126],[48.546,40.76462],[48.55775,40.75362],[48.56287,40.74216],[48.54932,40.70892],[48.54781,40.67773],[48.53997,40.65823],[48.49357,40.62449],[48.47579,40.61737],[48.46736,40.60956],[48.46434,40.59992],[48.46615,40.58039],[48.49086,40.5604],[48.50653,40.55305],[48.53606,40.54707],[48.60657,40.54271],[48.61711,40.53903],[48.63851,40.52569],[48.66382,40.51558],[48.67828,40.49994],[48.66532,40.48659],[48.64001,40.48222],[48.62073,40.47279],[48.60928,40.47233],[48.56107,40.45046],[48.55685,40.44471],[48.5466,40.39888],[48.51557,40.374],[48.51195,40.36247],[48.53696,40.35164],[48.56438,40.34772],[48.58487,40.33619],[48.5918,40.32789],[48.60476,40.32212],[48.64423,40.31797],[48.69214,40.28706],[48.74849,40.30852],[48.76717,40.3302],[48.77188,40.35181],[48.74484,40.3624],[48.71591,40.36343],[48.68698,40.37169],[48.69122,40.37862],[48.72439,40.38792],[48.74233,40.40148],[48.74541,40.4261],[48.76065,40.43538],[48.76508,40.44761],[48.77376,40.45807],[48.77357,40.46705],[48.76046,40.48046],[48.75525,40.494],[48.76142,40.50151],[48.76528,40.51829],[48.76046,40.55169],[48.75274,40.55934],[48.7512,40.56934],[48.75512,40.57626],[48.75482,40.58614],[48.7521,40.59119],[48.7289,40.60704],[48.7283,40.61576],[48.74547,40.6323],[48.75331,40.6541],[48.7506,40.66901],[48.7533,40.71998],[48.78502,40.74401],[48.82081,40.75969],[48.82538,40.77095],[48.83314,40.77942],[48.83264,40.80096],[48.80624,40.8318],[48.80674,40.84144],[48.82138,40.86918],[48.7913,40.87075],[48.77237,40.88474],[48.73028,40.90553],[48.72923,40.91165]]]}},{"type":"Feature","properties":{"id":"AZE:ADM2:54616110B17009633679109","name":"Lankaran District","countryCode":"AZE","adminLevel":2,"sourceCode":"54616110B17009633679109","parentId":"AZE:ADM1:AZE-1707"},"geometry":{"type":"MultiPolygon","coordinates":[[[[49.09541,38.98467],[49.18505,39.04801],[49.19694,39.0524],[49.19097,39.02993],[49.16221,39.01374],[49.15655,39.00234],[49.155,38.9951],[49.11883,38.97533],[49.07928,38.96332],[49.06378,38.97321],[49.09541,38.98467]]],[[[48.86371,38.87786],[48.86574,38.89652],[48.85578,38.9069],[48.86574,38.91491],[48.88415,38.92104],[48.89773,38.9333],[48.91101,38.9531],[48.91041,38.97643],[48.90437,38.98444],[48.89389,38.98981],[48.88536,39.00964],[48.86689,39.02759],[48.875,39.07308],[48.84487,39.08407],[48.83444,39.09175],[48.82382,39.10905],[48.82575,39.13914],[48.83367,39.14877],[48.83499,39.16739],[48.85046,39.18015],[48.86575,39.20115],[48.89768,39.21864],[48.91522,39.24452],[48.92827,39.25606],[48.99303,39.29067],[49.00922,39.29626],[49.02406,39.29521],[49.03845,39.28228],[49.05014,39.24732],[49.06228,39.23438],[49.10276,39.23403],[49.16662,39.20534],[49.20394,39.20255],[49.21474,39.19345],[49.21384,39.17455],[49.20889,39.1637],[49.20035,39.10697],[49.1941,39.10588],[49.16905,39.1275],[49.15215,39.12398],[49.1425,39.11669],[49.11865,39.11058],[49.10115,39.11199],[49.09421,39.12022],[49.10537,39.14584],[49.07368,39.16017],[49.0755,39.18813],[49.06373,39.19517],[49.04079,39.194],[49.02737,39.18718],[49.02223,39.18822],[48.9795,39.18708],[48.96762,39.18382],[48.96176,39.17585],[48.95786,39.16568],[48.94955,39.15127],[48.94874,39.14619],[48.9489,39.14098],[48.94512,39.13785],[48.94222,39.12543],[48.94215,39.12539],[48.93727,39.12543],[48.93482,39.12442],[48.93295,39.0777],[48.93513,39.06204],[48.93491,39.06118],[48.93491,39.04464],[48.94151,39.0108],[48.9363,38.97441],[48.92172,38.93545],[48.91822,38.92894],[48.89869,38.89305],[48.89625,38.89073],[48.86793,38.86384],[48.85854,38.86574],[48.86371,38.87786]]]]}},{"type":"Feature","properties":{"id":"AZE:ADM2:54616110B20470092766685","name":"Beylagan District","countryCode":"AZE","adminLevel":2,"sourceCode":"54616110B20470092766685","parentId":"AZE:ADM1:AZE-1697"},"geometry":{"type":"Polygon","coordinates":[[[47.78057,40.14638],[47.75806,40.11896],[47.73217,40.07028],[47.71246,40.04028],[47.71246,39.99541],[47.70434,39.97787],[47.70318,39.95973],[47.69197,39.94694],[47.68849,39.93831],[47.66912,39.9234],[47.60902,39.91311],[47.58799,39.9013],[47.53877,39.90016],[47.48237,39.86891],[47.47421,39.86128],[47.4705,39.8529],[47.47693,39.83955],[47.48658,39.8304],[47.48361,39.8241],[47.46234,39.81418],[47.4522,39.80503],[47.45145,39.7993],[47.48188,39.78003],[47.48064,39.76839],[47.47573,39.76626],[47.48742,39.75122],[47.50675,39.7363],[47.53755,39.73164],[47.55566,39.72464],[47.57197,39.70879],[47.58405,39.68873],[47.58465,39.67753],[47.64745,39.64812],[47.66376,39.63365],[47.66436,39.60843],[47.65168,39.59161],[47.64504,39.57292],[47.64745,39.55236],[47.66497,39.54581],[47.72838,39.58788],[47.76642,39.63038],[47.8067,39.65708],[47.80367,39.69601],[47.81488,39.72108],[47.84193,39.73988],[47.89217,39.75718],[47.91343,39.78104],[47.91768,39.79059],[47.90068,39.81026],[47.86241,39.81324],[47.84386,39.83083],[47.83227,39.85496],[47.8172,39.86598],[47.79091,39.86806],[47.77777,39.87432],[47.77198,39.88295],[47.77468,39.90349],[47.80269,39.93254],[47.76955,39.95843],[47.77375,39.97994],[47.7928,39.99116],[47.82842,40.00296],[47.84054,40.01057],[47.84672,40.02084],[47.84598,40.03548],[47.8304,40.06057],[47.80096,40.07882],[47.7928,40.09269],[47.79206,40.10237],[47.80028,40.11212],[47.79555,40.1237],[47.7971,40.13557],[47.78057,40.14638]]]}},{"type":"Feature","properties":{"id":"AZE:ADM2:54616110B2076465815790","name":"Lankaran District","countryCode":"AZE","adminLevel":2,"sourceCode":"54616110B2076465815790","parentId":"AZE:ADM1:AZE-1707"},"geometry":{"type":"Polygon","coordinates":[[[48.86703,38.63365],[48.82191,38.63546],[48.7768,38.62932],[48.75009,38.62318],[48.73582,38.61018],[48.70774,38.60187],[48.68887,38.60331],[48.65802,38.62751],[48.69393,38.64954],[48.69623,38.66506],[48.68606,38.67862],[48.66171,38.68996],[48.65434,38.70727],[48.65112,38.73793],[48.64237,38.76244],[48.62488,38.77938],[48.5526,38.82153],[48.54477,38.83809],[48.55076,38.87481],[48.55904,38.88669],[48.578,38.9015],[48.62404,38.86701],[48.66522,38.86113],[48.69241,38.87875],[48.72452,38.88927],[48.74161,38.90162],[48.76232,38.91052],[48.76724,38.92286],[48.79029,38.9354],[48.81515,38.93641],[48.83274,38.92218],[48.83405,38.87071],[48.8318,38.87116],[48.83253,38.83564],[48.83473,38.81928],[48.8392,38.80353],[48.86299,38.75692],[48.85047,38.7635],[48.83506,38.7635],[48.82281,38.75948],[48.81292,38.74741],[48.81253,38.73657],[48.82755,38.72481],[48.84178,38.71861],[48.85443,38.72047],[48.86417,38.7268],[48.86741,38.63385],[48.86703,38.63365]]]}},{"type":"Feature","properties":{"id":"AZE:ADM2:54616110B21396185337631","name":"Sabirabad District","countryCode":"AZE","adminLevel":2,"sourceCode":"54616110B21396185337631","parentId":"AZE:ADM1:AZE-1714"},"geometry":{"type":"Polygon","coordinates":[[[48.50064,40.16608],[48.43813,40.14629],[48.42041,40.12175],[48.40686,40.11189],[48.38949,40.11055],[48.3822,40.10628],[48.36205,40.08627],[48.35024,40.04891],[48.33981,40.03983],[48.27528,40.02252],[48.2679,40.01633],[48.26739,40.00017],[48.28317,39.987],[48.29385,39.98683],[48.32542,40.0012],[48.38812,40.0171],[48.42969,40.03282],[48.43481,40.02752],[48.45571,40.01915],[48.4666,40.00701],[48.46905,40.00017],[48.45593,39.97896],[48.45304,39.96562],[48.45926,39.95125],[48.4815,39.94851],[48.52241,39.96648],[48.55776,39.96887],[48.58177,39.96562],[48.59978,39.95005],[48.61379,39.93174],[48.62579,39.92849],[48.64469,39.92917],[48.66893,39.92181],[48.68004,39.91359],[48.69205,39.89733],[48.70701,39.86123],[48.6959,39.83873],[48.69902,39.82561],[48.71396,39.80418],[48.71709,39.79346],[48.71535,39.7629],[48.70458,39.7562],[48.70423,39.74896],[48.69486,39.74118],[48.66915,39.73045],[48.5955,39.70845],[48.57674,39.70819],[48.56632,39.70121],[48.56041,39.69289],[48.56145,39.68162],[48.58213,39.66982],[48.58959,39.66954],[48.59689,39.6792],[48.60106,39.68027],[48.67159,39.66643],[48.67604,39.65887],[48.68427,39.65458],[48.70628,39.65372],[48.73807,39.64529],[48.76133,39.62677],[48.80306,39.63764],[48.81317,39.64301],[48.82423,39.64326],[48.8375,39.64277],[48.87731,39.62494],[48.88647,39.62371],[48.895,39.62836],[48.89595,39.63886],[48.88363,39.6479],[48.88173,39.6562],[48.88678,39.66622],[48.92186,39.67598],[48.94587,39.69014],[48.94081,39.73187],[48.9326,39.7548],[48.94966,39.78747],[48.94776,39.80063],[48.91585,39.82354],[48.90764,39.83888],[48.90764,39.84619],[48.91238,39.8552],[48.92533,39.86762],[48.92493,39.87505],[48.91259,39.88798],[48.90147,39.89031],[48.88833,39.90059],[48.88914,39.90932],[48.9065,39.93451],[48.89873,39.94096],[48.8926,39.95961],[48.88079,39.95961],[48.86811,39.97596],[48.84651,39.99179],[48.83965,40.01051],[48.81099,40.02733],[48.77171,40.03712],[48.75438,40.04572],[48.72498,40.04993],[48.68351,40.0619],[48.67578,40.08849],[48.69155,40.12614],[48.67852,40.1343],[48.63292,40.15666],[48.57293,40.15929],[48.55681,40.16403],[48.50744,40.16297],[48.50064,40.16608]]]}},{"type":"Feature","properties":{"id":"AZE:ADM2:54616110B21517829058101","name":"Qusar District","countryCode":"AZE","adminLevel":2,"sourceCode":"54616110B21517829058101","parentId":"AZE:ADM1:AZE-1729"},"geometry":{"type":"Polygon","coordinates":[[[48.51111,41.73722],[48.47314,41.70829],[48.44974,41.67873],[48.42367,41.65266],[48.38556,41.62859],[48.35882,41.60301],[48.32205,41.58946],[48.3062,41.57789],[48.27197,41.56311],[48.2202,41.52936],[48.20779,41.51811],[48.12906,41.51361],[48.10253,41.49624],[48.08799,41.49399],[48.07943,41.50042],[48.05034,41.46985],[48.05205,41.45795],[48.04267,41.44329],[48.03308,41.43546],[48.00461,41.43011],[48.00461,41.40599],[48.00132,41.40125],[48.00022,41.38166],[47.99393,41.37279],[47.9764,41.35855],[47.95888,41.35732],[47.95094,41.35092],[47.95203,41.34101],[47.96326,41.32904],[47.95915,41.32203],[47.93478,41.31315],[47.9165,41.30097],[47.90143,41.29899],[47.89477,41.29172],[47.89946,41.2863],[47.8988,41.23327],[47.88688,41.22229],[47.87724,41.21819],[47.84955,41.21726],[47.87409,41.20191],[47.8818,41.19172],[47.89109,41.18589],[47.92877,41.18669],[47.94296,41.18232],[47.988,41.18404],[48.00325,41.18841],[48.01849,41.19807],[48.0397,41.20416],[48.08883,41.23932],[48.16534,41.27659],[48.18999,41.28073],[48.21217,41.29642],[48.2275,41.30159],[48.24174,41.32141],[48.25653,41.32801],[48.27241,41.32987],[48.31458,41.35278],[48.3447,41.37485],[48.38232,41.38972],[48.39283,41.39989],[48.41088,41.40305],[48.44558,41.41691],[48.48852,41.44236],[48.59016,41.46583],[48.65182,41.48844],[48.64171,41.50376],[48.63963,41.53372],[48.61434,41.55272],[48.61474,41.56054],[48.64312,41.58896],[48.6334,41.59831],[48.59605,41.60504],[48.58235,41.61251],[48.57538,41.63475],[48.5762,41.68432],[48.58497,41.69173],[48.60186,41.72099],[48.58242,41.73388],[48.55405,41.73078],[48.51111,41.73722]]]}},{"type":"Feature","properties":{"id":"AZE:ADM2:54616110B24607032839399","name":"Ordubad District","countryCode":"AZE","adminLevel":2,"sourceCode":"54616110B24607032839399","parentId":"AZE:ADM1:AZE-2418"},"geometry":{"type":"Polygon","coordinates":[[[45.77908,38.92444],[45.80831,38.91737],[45.82268,38.90672],[45.85295,38.91205],[45.90213,38.88071],[45.92559,38.8813],[45.94299,38.90022],[45.96267,38.90081],[45.98083,38.89549],[46.0285,38.87302],[46.0512,38.87657],[46.08222,38.86828],[46.114,38.85231],[46.12914,38.8529],[46.142,38.84521],[46.13519,38.90259],[46.11703,38.92919],[46.10417,38.95637],[46.08752,38.97764],[46.08374,39.01779],[46.07693,39.03431],[46.0565,39.05202],[46.0459,39.06735],[46.03304,39.07561],[46.02245,39.13869],[45.99672,39.20113],[46.00126,39.2388],[46.00126,39.28233],[45.98612,39.29232],[45.96191,39.29585],[45.94312,39.30449],[45.93164,39.30114],[45.91575,39.28174],[45.8469,39.23527],[45.84387,39.18228],[45.82722,39.16992],[45.81209,39.15048],[45.80604,39.12691],[45.80604,39.10922],[45.79166,39.09389],[45.77047,39.088],[45.76518,39.07797],[45.75761,39.02074],[45.78712,38.97055],[45.78712,38.9546],[45.77908,38.92444]]]}},{"type":"Feature","properties":{"id":"AZE:ADM2:54616110B24616396985677","name":"Shaki City","countryCode":"AZE","adminLevel":2,"sourceCode":"54616110B24616396985677","parentId":"AZE:ADM1:AZE-5564"},"geometry":{"type":"Polygon","coordinates":[[[47.20746,41.18586],[47.2227,41.19684],[47.22088,41.22127],[47.20673,41.23135],[47.19318,41.23501],[47.17053,41.23181],[47.16264,41.22769],[47.15112,41.20539],[47.15294,41.19898],[47.17296,41.18401],[47.18428,41.18157],[47.20746,41.18586]]]}},{"type":"Feature","properties":{"id":"AZE:ADM2:54616110B25010354244926","name":"Shaki District","countryCode":"AZE","adminLevel":2,"sourceCode":"54616110B25010354244926","parentId":"AZE:ADM1:AZE-1727"},"geometry":{"type":"Polygon","coordinates":[[[47.60656,40.82413],[47.58647,40.82608],[47.56104,40.83573],[47.54974,40.84467],[47.52526,40.85289],[47.49419,40.85647],[47.48445,40.86718],[47.41635,40.90742],[47.40731,40.91931],[47.39496,40.92685],[47.38682,40.94582],[47.39074,40.95564],[47.38712,40.96638],[47.37748,40.97072],[47.37085,40.96843],[47.35669,40.97117],[47.35217,40.98145],[47.35368,40.9915],[47.35096,41.00154],[47.3145,41.02231],[47.31149,41.04285],[47.31571,41.07136],[47.33771,41.10578],[47.35368,41.12264],[47.36904,41.15567],[47.382,41.16364],[47.38893,41.17344],[47.39225,41.19597],[47.39014,41.21054],[47.4043,41.22646],[47.40243,41.26646],[47.34707,41.28773],[47.32957,41.30071],[47.29854,41.30751],[47.29637,41.31231],[47.27555,41.32733],[47.27041,41.33711],[47.26528,41.371],[47.25955,41.3835],[47.23329,41.39054],[47.22605,41.40282],[47.22967,41.43031],[47.22514,41.43871],[47.21047,41.44833],[47.2001,41.44893],[47.18772,41.44166],[47.15814,41.41031],[47.1171,41.38759],[47.03561,41.36895],[47.02656,41.35826],[47.01117,41.34826],[46.97244,41.34559],[46.94327,41.33307],[46.90387,41.3061],[46.9025,41.28927],[46.89632,41.27813],[46.87606,41.25689],[46.84343,41.24911],[46.85236,41.22656],[46.84378,41.18533],[46.83588,41.1804],[46.83073,41.13758],[46.92516,41.11057],[46.93534,41.10646],[46.93271,41.10538],[46.94885,41.09369],[46.96877,41.04717],[46.97173,41.01778],[46.97066,41.0133],[46.95081,41.00924],[46.92934,41.00924],[46.93042,41.00111],[46.94598,40.9877],[46.95939,40.98241],[46.97334,40.95232],[46.97441,40.93726],[47.02056,40.90471],[47.03773,40.90063],[47.07099,40.88598],[47.08977,40.88598],[47.10479,40.87295],[47.16757,40.84117],[47.19171,40.84117],[47.23142,40.81794],[47.26522,40.81468],[47.33282,40.79715],[47.36823,40.79878],[47.38433,40.79063],[47.42403,40.78206],[47.43637,40.78573],[47.44818,40.79552],[47.47178,40.78369],[47.49861,40.78002],[47.50988,40.76901],[47.52061,40.76615],[47.5308,40.77064],[47.55367,40.77084],[47.55093,40.77578],[47.5679,40.78458],[47.59799,40.78619],[47.6138,40.79234],[47.61341,40.8089],[47.60656,40.82413]],[[47.20746,41.18586],[47.18428,41.18157],[47.17296,41.18401],[47.15294,41.19898],[47.15112,41.20539],[47.16264,41.22769],[47.17053,41.23181],[47.19318,41.23501],[47.20673,41.23135],[47.22088,41.22127],[47.2227,41.19684],[47.20746,41.18586]]]}},{"type":"Feature","properties":{"id":"AZE:ADM2:54616110B25171122868047","name":"Jabrayil District","countryCode":"AZE","adminLevel":2,"sourceCode":"54616110B25171122868047","parentId":"AZE:ADM1:AZE-1699"},"geometry":{"type":"Polygon","coordinates":[[[46.76845,39.44714],[46.7435,39.43442],[46.73505,39.4266],[46.7277,39.40547],[46.72688,39.38455],[46.73096,39.37461],[46.75385,39.35093],[46.75739,39.33591],[46.75538,39.32572],[46.76645,39.30191],[46.78347,39.28008],[46.81241,39.26056],[46.82646,39.25659],[46.83667,39.2417],[46.86562,39.23144],[46.87924,39.21191],[46.8869,39.18806],[46.8869,39.17614],[46.89115,39.16918],[46.9252,39.1652],[46.94478,39.15294],[46.94819,39.14101],[46.96479,39.13604],[46.99841,39.13538],[47.06098,39.18111],[47.06694,39.20264],[47.0729,39.21257],[47.11461,39.26784],[47.16058,39.28472],[47.17164,39.29464],[47.18356,39.29894],[47.22655,39.31216],[47.24528,39.31415],[47.30827,39.35679],[47.31431,39.36604],[47.30572,39.36604],[47.29806,39.37165],[47.2938,39.38421],[47.26996,39.40666],[47.24485,39.42416],[47.18909,39.41624],[47.17292,39.42053],[47.17335,39.44198],[47.16483,39.45089],[47.15249,39.45881],[47.09801,39.47003],[47.08074,39.48275],[47.04991,39.47102],[47.05077,39.45089],[47.06907,39.43736],[47.07034,39.42614],[47.04353,39.41558],[47.01969,39.39907],[47.00139,39.3994],[46.98522,39.40501],[46.97415,39.41624],[46.96181,39.41855],[46.94606,39.43604],[46.92946,39.44165],[46.91073,39.47531],[46.87455,39.48652],[46.86604,39.49477],[46.84731,39.50037],[46.83284,39.49477],[46.83199,39.48388],[46.83753,39.47366],[46.85668,39.46178],[46.86051,39.4532],[46.84944,39.43043],[46.83199,39.41987],[46.81241,39.42086],[46.77155,39.43769],[46.76845,39.44714]]]}},{"type":"Feature","properties":{"id":"AZE:ADM2:54616110B29637726057754","name":"Fuzuli District","countryCode":"AZE","adminLevel":2,"sourceCode":"54616110B29637726057754","parentId":"AZE:ADM1:AZE-1702"},"geometry":{"type":"Polygon","coordinates":[[[47.34707,39.74234],[47.33134,39.73204],[47.3041,39.73099],[47.29484,39.72573],[47.24443,39.7216],[47.20825,39.70648],[47.18909,39.7078],[47.17888,39.70122],[47.16143,39.69695],[47.14313,39.68248],[47.11078,39.67623],[47.09929,39.66801],[47.05758,39.66834],[47.0431,39.65847],[47.04225,39.64531],[47.06822,39.63379],[47.09546,39.63313],[47.10142,39.63938],[47.11333,39.64037],[47.12482,39.63642],[47.11972,39.62589],[47.10014,39.61766],[47.07971,39.61602],[47.06396,39.61075],[47.05247,39.60186],[47.04906,39.59264],[47.04906,39.58704],[47.06396,39.5821],[47.0763,39.58605],[47.09971,39.60383],[47.11376,39.60285],[47.12397,39.59396],[47.12312,39.58045],[47.11163,39.57057],[47.11035,39.563],[47.12312,39.5541],[47.11929,39.54652],[47.11801,39.52609],[47.10993,39.51983],[47.09588,39.5162],[47.08907,39.50862],[47.09205,39.48751],[47.08074,39.48275],[47.09801,39.47003],[47.15249,39.45881],[47.16483,39.45089],[47.17335,39.44198],[47.17292,39.42053],[47.18909,39.41624],[47.24485,39.42416],[47.26996,39.40666],[47.2938,39.38421],[47.29806,39.37165],[47.30572,39.36604],[47.3253,39.36604],[47.34402,39.37925],[47.35254,39.39048],[47.36999,39.39973],[47.3968,39.42845],[47.41255,39.45716],[47.42404,39.46508],[47.44575,39.46838],[47.46897,39.47887],[47.49025,39.483],[47.5674,39.51597],[47.63191,39.53091],[47.65512,39.54949],[47.64745,39.55236],[47.64504,39.57292],[47.65168,39.59161],[47.66436,39.60843],[47.66376,39.63365],[47.64745,39.64812],[47.58465,39.67753],[47.58405,39.68873],[47.57197,39.70879],[47.55566,39.72464],[47.53755,39.73164],[47.50675,39.7363],[47.48742,39.75122],[47.47573,39.76626],[47.4235,39.76075],[47.41138,39.75674],[47.39926,39.7472],[47.377,39.74032],[47.36166,39.73784],[47.35078,39.7386],[47.34707,39.74234]]]}},{"type":"Feature","properties":{"id":"AZE:ADM2:54616110B32389340464615","name":"Naftalan City","countryCode":"AZE","adminLevel":2,"sourceCode":"54616110B32389340464615","parentId":"AZE:ADM1:AZE-1681"},"geometry":{"type":"Polygon","coordinates":[[[46.79828,40.46669],[46.78653,40.4639],[46.77561,40.45448],[46.77804,40.43718],[46.79219,40.42791],[46.81504,40.43115],[46.82798,40.44274],[46.82738,40.45046],[46.81848,40.4602],[46.79828,40.46669]]]}},{"type":"Feature","properties":{"id":"AZE:ADM2:54616110B33183266084070","name":"Shabran District","countryCode":"AZE","adminLevel":2,"sourceCode":"54616110B33183266084070","parentId":"AZE:ADM1:AZE-1701"},"geometry":{"type":"Polygon","coordinates":[[[49.11332,41.30413],[49.13449,41.25942],[49.14621,41.18756],[49.14993,41.17931],[49.13299,41.18421],[49.11456,41.18364],[49.10062,41.17292],[49.08567,41.16784],[49.05629,41.17273],[49.04383,41.16671],[48.99676,41.16671],[48.98406,41.16407],[48.97261,41.1541],[48.96559,41.12836],[48.98982,41.09219],[48.98918,41.0659],[48.97858,41.0469],[48.96339,41.03201],[48.90487,41.0222],[48.89092,41.0156],[48.87772,40.99201],[48.87523,40.97956],[48.87554,40.94829],[48.88239,40.93693],[48.88112,40.90369],[48.83638,40.8734],[48.80525,40.86811],[48.7913,40.87075],[48.77237,40.88474],[48.73028,40.90553],[48.72754,40.9214],[48.73266,40.98173],[48.71866,40.98969],[48.71321,41.00001],[48.73344,41.02889],[48.7708,41.05276],[48.77936,41.06454],[48.77863,41.08061],[48.7536,41.10666],[48.69965,41.13979],[48.69965,41.1524],[48.70413,41.16238],[48.73676,41.19813],[48.75544,41.2096],[48.78557,41.21299],[48.81396,41.24627],[48.8177,41.2551],[48.81396,41.25999],[48.80101,41.26168],[48.79429,41.26882],[48.79628,41.33136],[48.80085,41.34794],[48.84796,41.35357],[48.86151,41.36294],[48.88893,41.36834],[48.93435,41.35381],[48.95364,41.35994],[48.97181,41.37111],[48.99938,41.37555],[49.05501,41.35598],[49.07912,41.3546],[49.10011,41.32362],[49.1089,41.30976],[49.11135,41.30704],[49.11332,41.30413]]]}},{"type":"Feature","properties":{"id":"AZE:ADM2:54616110B33746839775993","name":"Qabala District","countryCode":"AZE","adminLevel":2,"sourceCode":"54616110B33746839775993","parentId":"AZE:ADM1:AZE-1724"},"geometry":{"type":"Polygon","coordinates":[[[47.8511,41.21579],[47.81364,41.2192],[47.80621,41.21031],[47.79618,41.20536],[47.7901,41.19254],[47.78425,41.18735],[47.76769,41.18702],[47.75573,41.19241],[47.74378,41.18702],[47.74301,41.17333],[47.73857,41.16385],[47.73799,41.12829],[47.72642,41.08453],[47.69672,41.05067],[47.67956,41.04176],[47.67639,40.99859],[47.67969,40.98396],[47.67498,40.96969],[47.66415,40.96469],[47.65756,40.95648],[47.62601,40.90828],[47.62743,40.89578],[47.62319,40.87934],[47.60577,40.84181],[47.60656,40.82413],[47.61341,40.8089],[47.6138,40.79234],[47.59799,40.78619],[47.5679,40.78458],[47.55093,40.77578],[47.55556,40.76742],[47.56752,40.7576],[47.57041,40.71521],[47.57909,40.67954],[47.63154,40.65972],[47.6408,40.66133],[47.64832,40.66823],[47.66105,40.67191],[47.72411,40.67895],[47.73163,40.68277],[47.77965,40.68541],[47.78136,40.69368],[47.79629,40.71031],[47.81604,40.72542],[47.83986,40.7732],[47.86343,40.78737],[47.88133,40.79243],[47.89552,40.80294],[47.90577,40.80481],[47.91144,40.81231],[47.92366,40.81822],[47.95361,40.82301],[47.96264,40.83949],[47.96686,40.87404],[47.97379,40.88067],[48.00814,40.88479],[48.03255,40.89736],[48.03918,40.92228],[48.03888,40.94399],[48.01055,40.95838],[47.9976,40.96158],[47.99158,40.97676],[47.99583,40.99517],[47.99467,41.00364],[48.00238,41.0146],[48.01607,41.02248],[48.029,41.02248],[48.03883,41.00642],[48.05425,41.03509],[48.05394,41.04444],[48.05816,41.0506],[48.08814,41.07754],[48.06354,41.09303],[48.02047,41.10584],[48.00353,41.11453],[47.99205,41.12929],[47.96276,41.15534],[47.96343,41.18301],[47.94296,41.18232],[47.92877,41.18669],[47.89109,41.18589],[47.8818,41.19172],[47.87409,41.20191],[47.8511,41.21579]]]}},{"type":"Feature","properties":{"id":"AZE:ADM2:54616110B34042895235078","name":"Zardab District","countryCode":"AZE","adminLevel":2,"sourceCode":"54616110B34042895235078","parentId":"AZE:ADM1:AZE-1721"},"geometry":{"type":"Polygon","coordinates":[[[47.45382,40.31276],[47.4508,40.29764],[47.45853,40.28077],[47.49216,40.26685],[47.50027,40.20791],[47.51535,40.19576],[47.52346,40.17709],[47.54163,40.159],[47.57989,40.17116],[47.62279,40.16671],[47.67188,40.17976],[47.70125,40.1762],[47.71014,40.20376],[47.71709,40.20643],[47.72869,40.20406],[47.7426,40.19576],[47.75961,40.17472],[47.76657,40.15752],[47.7971,40.13557],[47.79555,40.1237],[47.80792,40.10204],[47.82918,40.10204],[47.88004,40.11093],[47.88418,40.12728],[47.89143,40.13516],[47.93732,40.14119],[47.9494,40.14721],[47.97537,40.19076],[47.97411,40.23013],[47.96599,40.24435],[47.96599,40.31776],[47.9634,40.33561],[47.89626,40.33556],[47.86425,40.32632],[47.78997,40.31892],[47.75736,40.32863],[47.70086,40.31687],[47.68656,40.33787],[47.66299,40.36123],[47.62202,40.37897],[47.59496,40.38518],[47.56845,40.39851],[47.53753,40.36342],[47.51774,40.34847],[47.50439,40.33295],[47.45382,40.31276]]]}},{"type":"Feature","properties":{"id":"AZE:ADM2:54616110B36354954300290","name":"Agstafa District","countryCode":"AZE","adminLevel":2,"sourceCode":"54616110B36354954300290","parentId":"AZE:ADM1:AZE-1676"},"geometry":{"type":"Polygon","coordinates":[[[45.7915,41.23497],[45.71869,41.27617],[45.6973,41.29145],[45.69331,41.30027],[45.70243,41.31252],[45.70357,41.32048],[45.71869,41.33789],[45.73238,41.34391],[45.7358,41.34885],[45.75462,41.35078],[45.75633,41.35809],[45.7415,41.36819],[45.72268,41.37227],[45.69897,41.36899],[45.67981,41.37235],[45.65085,41.3898],[45.63124,41.39651],[45.60763,41.39685],[45.59114,41.38712],[45.57688,41.38376],[45.56218,41.39114],[45.55416,41.41195],[45.47796,41.45018],[45.45835,41.44984],[45.4129,41.43341],[45.38884,41.43039],[45.37102,41.43676],[45.33849,41.45856],[45.25026,41.46995],[45.21194,41.44045],[45.16917,41.43173],[45.15892,41.42536],[45.15892,41.40087],[45.11971,41.37034],[45.09743,41.34314],[45.09612,41.333],[45.1656,41.30283],[45.18966,41.28939],[45.24564,41.27231],[45.309,41.25918],[45.3459,41.26075],[45.36261,41.25813],[45.38489,41.23501],[45.37723,41.17664],[45.35495,41.11822],[45.35913,41.0861],[45.35773,41.05238],[45.37269,41.01605],[45.40682,41.022],[45.41722,41.01177],[45.40846,40.98452],[45.42014,40.97484],[45.46014,40.95945],[45.46014,40.96628],[45.46816,40.9754],[45.4735,40.98891],[45.48331,40.99904],[45.49356,41.00376],[45.54614,41.0095],[45.57733,41.03211],[45.58332,41.03967],[45.58891,41.06618],[45.58758,41.09046],[45.57243,41.1063],[45.55059,41.12147],[45.55104,41.15751],[45.58,41.16088],[45.61966,41.13562],[45.63525,41.13461],[45.6562,41.16829],[45.66823,41.17872],[45.69363,41.18748],[45.71156,41.20105],[45.75091,41.21806],[45.7743,41.23249],[45.7915,41.23497]]]}},{"type":"Feature","properties":{"id":"AZE:ADM2:54616110B37358032697149","name":"Kalbajar District","countryCode":"AZE","adminLevel":2,"sourceCode":"54616110B37358032697149","parentId":"AZE:ADM1:AZE-1682"},"geometry":{"type":"Polygon","coordinates":[[[46.34173,40.28334],[46.3206,40.28641],[46.28403,40.29872],[46.20881,40.29932],[46.17544,40.30413],[46.08691,40.30289],[46.02233,40.30826],[45.96968,40.30567],[45.9427,40.30111],[45.92921,40.29574],[45.95178,40.27052],[45.94063,40.25701],[45.94296,40.24786],[45.98083,40.21487],[45.98628,40.19001],[45.99017,40.18543],[45.98835,40.16812],[45.98394,40.16076],[45.96916,40.1516],[45.95826,40.12612],[45.94711,40.12234],[45.93596,40.11099],[45.92662,40.1096],[45.91806,40.09705],[45.91132,40.06537],[45.90172,40.04205],[45.8955,40.03986],[45.88512,40.0271],[45.87812,40.01154],[45.86671,40.00077],[45.854,39.99918],[45.82754,40.00416],[45.82391,40.01015],[45.79279,40.0257],[45.76244,40.0257],[45.73936,40.03308],[45.67581,40.03328],[45.61564,40.02431],[45.60163,40.00975],[45.598,39.99998],[45.60734,39.9888],[45.60993,39.97743],[45.61953,39.97144],[45.66362,39.97464],[45.69604,39.96885],[45.73858,39.94689],[45.7863,39.93412],[45.79953,39.92533],[45.80524,39.91754],[45.80316,39.89777],[45.80705,39.88658],[45.83299,39.84661],[45.84129,39.82441],[45.85633,39.81061],[45.87812,39.80061],[45.9178,39.79481],[45.92647,39.79688],[45.944,39.81001],[45.98135,39.84541],[46.00806,39.8566],[46.02752,39.87239],[46.03251,39.87809],[46.03559,39.90313],[46.03899,39.90968],[46.04399,39.91205],[46.05323,39.91058],[46.06024,39.90461],[46.07788,39.88088],[46.08393,39.87736],[46.10752,39.87302],[46.13705,39.87621],[46.16276,39.88169],[46.20625,39.90158],[46.22401,39.90184],[46.30602,39.91705],[46.35083,39.93686],[46.41051,39.94117],[46.43664,39.95278],[46.45013,39.95335],[46.46331,39.95711],[46.47552,39.96521],[46.5087,39.97326],[46.54621,39.99855],[46.55534,39.99868],[46.56696,39.98552],[46.58638,39.97186],[46.60531,39.9665],[46.61925,39.97441],[46.63911,39.99998],[46.65545,40.01334],[46.66686,40.01793],[46.68891,40.01813],[46.73844,40.04385],[46.77372,40.04803],[46.78254,40.05401],[46.78579,40.0651],[46.78202,40.06438],[46.76568,40.07514],[46.75582,40.1078],[46.72017,40.11857],[46.69362,40.13858],[46.68283,40.15399],[46.64913,40.1708],[46.64365,40.1829],[46.63087,40.18634],[46.6219,40.1843],[46.59418,40.16482],[46.55982,40.15055],[46.55617,40.1545],[46.55611,40.18961],[46.55351,40.19677],[46.53328,40.21705],[46.52498,40.24548],[46.53173,40.26595],[46.54911,40.29118],[46.55066,40.29972],[46.54467,40.30614],[46.48728,40.28201],[46.47151,40.26866],[46.43848,40.25938],[46.4242,40.25823],[46.38951,40.26408],[46.34668,40.27832],[46.34173,40.28334]]]}},{"type":"Feature","properties":{"id":"AZE:ADM2:54616110B38461317640181","name":"Khojavend District","countryCode":"AZE","adminLevel":2,"sourceCode":"54616110B38461317640181","parentId":"AZE:ADM1:AZE-1734"},"geometry":{"type":"Polygon","coordinates":[[[47.28353,39.87788],[47.27151,39.87939],[47.25003,39.88844],[47.22004,39.88438],[47.20221,39.88001],[47.19694,39.87564],[47.1856,39.85128],[47.16331,39.85003],[47.13007,39.8594],[47.04902,39.90061],[47.0316,39.89999],[47.01174,39.89687],[46.99958,39.88938],[46.98864,39.86596],[46.97445,39.85534],[46.92987,39.84222],[46.89583,39.81972],[46.88553,39.82027],[46.86994,39.80425],[46.86496,39.77757],[46.86937,39.77029],[46.88325,39.75976],[46.93449,39.73241],[46.9376,39.72353],[46.93569,39.69635],[46.92755,39.6884],[46.8823,39.66231],[46.86889,39.64862],[46.8483,39.64936],[46.84423,39.65565],[46.8224,39.66543],[46.78985,39.63214],[46.76311,39.61391],[46.76041,39.60414],[46.75605,39.59996],[46.70663,39.59788],[46.69064,39.58711],[46.69085,39.5749],[46.7195,39.56236],[46.71621,39.53514],[46.70794,39.52349],[46.71622,39.52081],[46.73112,39.52708],[46.74729,39.52873],[46.77496,39.51224],[46.77794,39.49905],[46.76474,39.48256],[46.76602,39.45452],[46.77155,39.43769],[46.81241,39.42086],[46.83199,39.41987],[46.84944,39.43043],[46.86051,39.4532],[46.85668,39.46178],[46.83753,39.47366],[46.83199,39.48388],[46.83284,39.49477],[46.84731,39.50037],[46.86604,39.49477],[46.87455,39.48652],[46.91073,39.47531],[46.92946,39.44165],[46.94606,39.43604],[46.96181,39.41855],[46.97415,39.41624],[46.98522,39.40501],[47.00139,39.3994],[47.01969,39.39907],[47.04353,39.41558],[47.07034,39.42614],[47.06907,39.43736],[47.05077,39.45089],[47.04991,39.47102],[47.09205,39.48751],[47.08907,39.50862],[47.09588,39.5162],[47.10993,39.51983],[47.11801,39.52609],[47.11929,39.54652],[47.12312,39.5541],[47.11035,39.563],[47.11163,39.57057],[47.12312,39.58045],[47.12397,39.59396],[47.11376,39.60285],[47.09971,39.60383],[47.0763,39.58605],[47.06396,39.5821],[47.04906,39.58704],[47.04906,39.59264],[47.05247,39.60186],[47.06396,39.61075],[47.07971,39.61602],[47.10014,39.61766],[47.11972,39.62589],[47.12482,39.63642],[47.11333,39.64037],[47.10142,39.63938],[47.09546,39.63313],[47.06822,39.63379],[47.04225,39.64531],[47.0431,39.65847],[47.05758,39.66834],[47.09929,39.66801],[47.11078,39.67623],[47.14313,39.68248],[47.16143,39.69695],[47.17888,39.70122],[47.18909,39.7078],[47.20825,39.70648],[47.24443,39.7216],[47.29484,39.72573],[47.3041,39.73099],[47.33134,39.73204],[47.34707,39.74234],[47.34979,39.75407],[47.36191,39.77526],[47.36834,39.79835],[47.36686,39.8077],[47.35993,39.81876],[47.30394,39.8344],[47.28577,39.84662],[47.28152,39.86062],[47.28353,39.87788]]]}},{"type":"Feature","properties":{"id":"AZE:ADM2:54616110B40961788089107","name":"Neftchala District","countryCode":"AZE","adminLevel":2,"sourceCode":"54616110B40961788089107","parentId":"AZE:ADM1:AZE-1710"},"geometry":{"type":"MultiPolygon","coordinates":[[[[49.15655,39.00234],[49.16221,39.01374],[49.19097,39.02993],[49.20135,39.06192],[49.20832,39.06106],[49.20786,39.05541],[49.2033,39.03413],[49.19386,39.01634],[49.155,38.9951],[49.15655,39.00234]]],[[[49.20979,39.09329],[49.20484,39.09434],[49.19945,39.10275],[49.20889,39.1637],[49.21384,39.17455],[49.21474,39.19345],[49.20394,39.20255],[49.16662,39.20534],[49.10276,39.23403],[49.06228,39.23438],[49.05014,39.24732],[49.03845,39.28228],[49.02406,39.29521],[49.00922,39.29626],[48.99303,39.29067],[48.92827,39.25606],[48.91522,39.24452],[48.89768,39.21864],[48.86575,39.20115],[48.85046,39.18015],[48.83499,39.16739],[48.82888,39.16475],[48.80909,39.17245],[48.79785,39.17245],[48.78346,39.16545],[48.76861,39.16334],[48.72949,39.177],[48.72994,39.20255],[48.73983,39.22634],[48.73713,39.25886],[48.73444,39.27459],[48.72066,39.28731],[48.70886,39.31437],[48.70511,39.36108],[48.71289,39.39392],[48.73131,39.4129],[48.73332,39.42719],[48.74005,39.43883],[48.75819,39.44859],[48.8059,39.41179],[48.85487,39.38482],[48.88394,39.38213],[48.89784,39.38679],[48.92596,39.40591],[48.94113,39.4086],[48.94998,39.42282],[48.94303,39.44168],[48.94208,39.46422],[48.94618,39.47475],[48.96325,39.49581],[49.01538,39.52493],[49.02549,39.54524],[49.02391,39.55869],[49.01791,39.56676],[48.98789,39.58779],[48.98378,39.59708],[48.98442,39.61467],[48.99137,39.62347],[49.01601,39.62518],[49.02707,39.62078],[49.04508,39.59928],[49.0593,39.58779],[49.07225,39.56309],[49.08805,39.54915],[49.08931,39.54034],[49.09974,39.52517],[49.11933,39.5122],[49.17178,39.50462],[49.21045,39.52625],[49.25271,39.53032],[49.27657,39.53893],[49.29027,39.55046],[49.2912,39.54816],[49.28924,39.54239],[49.28492,39.5222],[49.28582,39.49518],[49.29575,39.47671],[49.33252,39.45068],[49.34021,39.44112],[49.37754,39.41287],[49.39806,39.40204],[49.40032,39.3999],[49.40567,39.38014],[49.40357,39.37848],[49.39731,39.34516],[49.39869,39.33515],[49.40707,39.32368],[49.39479,39.32868],[49.38559,39.33495],[49.37867,39.34248],[49.37306,39.35098],[49.36687,39.35098],[49.37062,39.33617],[49.37908,39.31981],[49.39137,39.30549],[49.40707,39.29694],[49.40707,39.2895],[49.38453,39.29369],[49.37037,39.30585],[49.35768,39.32014],[49.30641,39.3465],[49.27312,39.33658],[49.24732,39.3107],[49.23707,39.27896],[49.2378,39.1695],[49.2343,39.15636],[49.22967,39.13866],[49.21559,39.10635],[49.21214,39.09517],[49.20979,39.09329]]]]}},{"type":"Feature","properties":{"id":"AZE:ADM2:54616110B43271825035432","name":"Gobustan District","countryCode":"AZE","adminLevel":2,"sourceCode":"54616110B43271825035432","parentId":"AZE:ADM1:AZE-1711"},"geometry":{"type":"Polygon","coordinates":[[[48.83314,40.77942],[48.82538,40.77095],[48.82081,40.75969],[48.78502,40.74401],[48.7533,40.71998],[48.7506,40.66901],[48.75331,40.6541],[48.74547,40.6323],[48.7283,40.61576],[48.7289,40.60704],[48.7521,40.59119],[48.75482,40.58614],[48.75512,40.57626],[48.7512,40.56934],[48.75274,40.55934],[48.76046,40.55169],[48.76528,40.51829],[48.76142,40.50151],[48.75525,40.494],[48.76046,40.48046],[48.77357,40.46705],[48.77376,40.45807],[48.76508,40.44761],[48.76065,40.43538],[48.74541,40.4261],[48.74233,40.40148],[48.72439,40.38792],[48.69122,40.37862],[48.68698,40.37169],[48.71591,40.36343],[48.74484,40.3624],[48.78553,40.34897],[48.85881,40.34676],[48.8671,40.34455],[48.87675,40.33657],[48.88158,40.34194],[48.89077,40.3415],[48.89651,40.33271],[48.92235,40.3248],[48.95164,40.30986],[48.96284,40.30942],[48.99098,40.3281],[48.9973,40.33777],[49.00936,40.3426],[49.03692,40.37182],[49.0619,40.38521],[49.09549,40.38828],[49.11247,40.39873],[49.13048,40.42064],[49.17017,40.43903],[49.18892,40.44297],[49.22843,40.4636],[49.25305,40.46627],[49.24882,40.47974],[49.28227,40.48577],[49.29219,40.49251],[49.29973,40.51117],[49.29901,40.51734],[49.24207,40.52369],[49.22439,40.53243],[49.17458,40.5803],[49.17085,40.59207],[49.16113,40.60479],[49.14345,40.61295],[49.13225,40.62396],[49.11133,40.6306],[49.09041,40.63212],[49.04109,40.65298],[49.0274,40.66171],[49.01121,40.68389],[48.97784,40.71763],[48.94745,40.73563],[48.91607,40.74946],[48.89889,40.76385],[48.87149,40.77616],[48.84933,40.78032],[48.83314,40.77942]]]}},{"type":"Feature","properties":{"id":"AZE:ADM2:54616110B43488292017990","name":"Qazakh District","countryCode":"AZE","adminLevel":2,"sourceCode":"54616110B43488292017990","parentId":"AZE:ADM1:AZE-1684"},"geometry":{"type":"MultiPolygon","coordinates":[[[[45.23239,40.9829],[45.23888,40.99863],[45.23694,41.00625],[45.23077,41.01018],[45.20676,41.01584],[45.19378,41.01313],[45.18567,41.00748],[45.18794,40.99494],[45.19897,40.98708],[45.23239,40.9829]]],[[[45.01563,41.05149],[45.02323,41.0584],[45.02729,41.06876],[45.0212,41.07912],[45.00599,41.08526],[44.99028,41.08257],[44.98115,41.07413],[44.98115,41.06723],[44.98977,41.05495],[44.99991,41.04842],[45.01563,41.05149]]],[[[45.09612,41.333],[45.08379,41.32647],[45.04517,41.3162],[45.02246,41.30323],[45.01889,41.29296],[45.02928,41.27876],[45.03122,41.26089],[45.0296,41.2484],[45.01435,41.23199],[45.01402,41.20406],[45.06302,41.19598],[45.09644,41.20676],[45.13051,41.20333],[45.18827,41.17024],[45.19346,41.16018],[45.19206,41.13817],[45.17989,41.12936],[45.15251,41.12284],[45.11195,41.12169],[45.0937,41.11517],[45.05061,41.09523],[45.04554,41.07567],[45.06531,41.06607],[45.1368,41.06224],[45.17482,41.06761],[45.19256,41.06109],[45.20473,41.04497],[45.21893,41.03652],[45.27723,41.03192],[45.31475,41.00811],[45.33148,41.00158],[45.36899,41.00235],[45.37652,41.01574],[45.37269,41.01605],[45.35773,41.05238],[45.35913,41.0861],[45.35495,41.11822],[45.37723,41.17664],[45.38489,41.23501],[45.36261,41.25813],[45.3459,41.26075],[45.309,41.25918],[45.24564,41.27231],[45.18966,41.28939],[45.1656,41.30283],[45.09612,41.333]]]]}},{"type":"Feature","properties":{"id":"AZE:ADM2:54616110B45272408011177","name":"Shirvan City","countryCode":"AZE","adminLevel":2,"sourceCode":"54616110B45272408011177","parentId":"AZE:ADM1:AZE-5563"},"geometry":{"type":"Polygon","coordinates":[[[48.8926,39.95961],[48.89873,39.94096],[48.90393,39.93472],[48.91859,39.93353],[48.94959,39.95141],[48.94559,39.9662],[48.94662,39.98546],[48.94182,40.00022],[48.93496,40.0055],[48.91473,40.01051],[48.90513,40.00444],[48.89553,39.98783],[48.89828,39.96647],[48.8926,39.95961]]]}},{"type":"Feature","properties":{"id":"AZE:ADM2:54616110B45290451128830","name":"Ismailli District","countryCode":"AZE","adminLevel":2,"sourceCode":"54616110B45290451128830","parentId":"AZE:ADM1:AZE-1705"},"geometry":{"type":"Polygon","coordinates":[[[48.08814,41.07754],[48.05816,41.0506],[48.05394,41.04444],[48.05425,41.03509],[48.03883,41.00642],[48.029,41.02248],[48.01607,41.02248],[48.00238,41.0146],[47.99467,41.00364],[47.99583,40.99517],[47.99158,40.97676],[47.9976,40.96158],[48.01055,40.95838],[48.03888,40.94399],[48.03918,40.92228],[48.03255,40.89736],[48.00814,40.88479],[47.97379,40.88067],[47.96686,40.87404],[47.96264,40.83949],[47.95361,40.82301],[47.92366,40.81822],[47.91144,40.81231],[47.90577,40.80481],[47.89552,40.80294],[47.88133,40.79243],[47.86343,40.78737],[47.83986,40.7732],[47.81604,40.72542],[47.79629,40.71031],[47.78136,40.69368],[47.77965,40.68541],[47.77332,40.68402],[47.77789,40.67784],[47.80257,40.6721],[47.88691,40.6708],[47.97022,40.66166],[47.99319,40.65383],[48.01582,40.65304],[48.07204,40.63032],[48.08233,40.62275],[48.08781,40.61178],[48.08781,40.58983],[48.06004,40.56761],[48.05422,40.5595],[48.0525,40.54747],[48.0573,40.53649],[48.07513,40.5289],[48.08781,40.53282],[48.0981,40.54355],[48.10804,40.54538],[48.13546,40.54151],[48.15947,40.54381],[48.18895,40.55715],[48.21706,40.59949],[48.25443,40.62954],[48.27192,40.63398],[48.28666,40.6486],[48.3254,40.66975],[48.34665,40.67001],[48.39088,40.68567],[48.39739,40.69611],[48.42448,40.70837],[48.44848,40.72429],[48.49716,40.77148],[48.51061,40.80464],[48.51934,40.81151],[48.52411,40.82872],[48.53423,40.83847],[48.54287,40.85712],[48.54118,40.88913],[48.46464,40.93119],[48.45771,40.94239],[48.45319,40.9609],[48.45557,40.97095],[48.42152,40.98981],[48.39414,40.98925],[48.34176,40.99928],[48.30446,41.01236],[48.26844,41.01723],[48.20045,41.0388],[48.18722,41.0484],[48.17123,41.04938],[48.14825,41.06],[48.08814,41.07754]]]}},{"type":"Feature","properties":{"id":"AZE:ADM2:54616110B46799199998097","name":"Gadabay District","countryCode":"AZE","adminLevel":2,"sourceCode":"54616110B46799199998097","parentId":"AZE:ADM1:AZE-1678"},"geometry":{"type":"Polygon","coordinates":[[[45.74903,40.80015],[45.73865,40.79182],[45.73665,40.78229],[45.72667,40.76472],[45.72525,40.74976],[45.73124,40.71223],[45.72382,40.6914],[45.72753,40.67902],[45.72512,40.67065],[45.72822,40.66314],[45.72841,40.64507],[45.72457,40.63659],[45.72129,40.60252],[45.70498,40.57926],[45.68589,40.58082],[45.66878,40.59951],[45.628,40.60799],[45.62543,40.64862],[45.60861,40.66165],[45.56868,40.66947],[45.5299,40.67229],[45.52762,40.66447],[45.53418,40.65057],[45.52676,40.63363],[45.50594,40.63276],[45.4914,40.63841],[45.48056,40.64732],[45.47629,40.65731],[45.476,40.67533],[45.478,40.68402],[45.49425,40.69335],[45.49653,40.72742],[45.49169,40.73892],[45.47771,40.75085],[45.4703,40.75258],[45.42581,40.74477],[45.40071,40.72395],[45.40242,40.70659],[45.39986,40.70051],[45.38588,40.69943],[45.37704,40.69074],[45.3722,40.67837],[45.37277,40.65774],[45.39216,40.61886],[45.44035,40.5806],[45.44463,40.56233],[45.44492,40.55276],[45.4395,40.54341],[45.44378,40.52099],[45.44292,40.50946],[45.47172,40.47941],[45.51222,40.467],[45.51792,40.4596],[45.55728,40.43628],[45.58665,40.43236],[45.62501,40.41309],[45.64818,40.39094],[45.6513,40.37731],[45.67358,40.36811],[45.75022,40.34868],[45.84513,40.31151],[45.85966,40.31169],[45.85493,40.32038],[45.8683,40.33709],[45.87632,40.36641],[45.87753,40.41754],[45.85386,40.44282],[45.83675,40.46874],[45.83789,40.49879],[45.86812,40.5186],[45.89921,40.53013],[45.93229,40.5508],[45.9397,40.56918],[45.93362,40.58369],[45.93536,40.62152],[45.92928,40.63264],[45.90983,40.6456],[45.88349,40.66999],[45.84012,40.68572],[45.81743,40.72304],[45.80203,40.73568],[45.78014,40.76773],[45.74903,40.80015]]]}},{"type":"Feature","properties":{"id":"AZE:ADM2:54616110B46945931752574","name":"Lachin District","countryCode":"AZE","adminLevel":2,"sourceCode":"54616110B46945931752574","parentId":"AZE:ADM1:AZE-1735"},"geometry":{"type":"Polygon","coordinates":[[[45.92647,39.79688],[45.94071,39.78802],[45.96797,39.78502],[46.04,39.73594],[46.04714,39.72416],[46.06336,39.71088],[46.06693,39.68506],[46.07666,39.67679],[46.10003,39.67303],[46.12728,39.65447],[46.1607,39.63842],[46.17107,39.62197],[46.17668,39.58502],[46.18582,39.58727],[46.19952,39.60077],[46.25829,39.60157],[46.30044,39.61394],[46.34509,39.63369],[46.38995,39.63176],[46.43439,39.6194],[46.44622,39.60976],[46.42379,39.60061],[46.41466,39.59273],[46.42338,39.56992],[46.45411,39.56558],[46.50956,39.56992],[46.52472,39.56718],[46.55192,39.55609],[46.55732,39.54854],[46.53157,39.52683],[46.50997,39.52233],[46.50271,39.51606],[46.50374,39.50785],[46.51413,39.49627],[46.51517,39.4842],[46.53401,39.47131],[46.5958,39.46087],[46.62194,39.46702],[46.62353,39.48789],[46.65125,39.49709],[46.6671,39.50753],[46.68928,39.51244],[46.70794,39.52349],[46.71621,39.53514],[46.7195,39.56236],[46.69085,39.5749],[46.69064,39.58711],[46.70663,39.59788],[46.75605,39.59996],[46.76041,39.60414],[46.76311,39.61391],[46.75231,39.64702],[46.73279,39.66018],[46.69687,39.65793],[46.67133,39.64188],[46.66821,39.62036],[46.65762,39.60398],[46.64475,39.59595],[46.62668,39.59804],[46.61816,39.60462],[46.61609,39.61747],[46.6001,39.62871],[46.57206,39.62004],[46.56064,39.6247],[46.55711,39.65344],[46.55898,39.66628],[46.56106,39.67382],[46.57082,39.68008],[46.58182,39.70366],[46.57871,39.70992],[46.57871,39.75834],[46.565,39.81841],[46.56438,39.83779],[46.55483,39.84355],[46.51994,39.88452],[46.50257,39.89675],[46.46988,39.91159],[46.47041,39.92111],[46.47799,39.94055],[46.47373,39.95508],[46.46645,39.95988],[46.45013,39.95335],[46.43664,39.95278],[46.41051,39.94117],[46.35083,39.93686],[46.29772,39.91513],[46.22401,39.90184],[46.20625,39.90158],[46.16276,39.88169],[46.13705,39.87621],[46.10752,39.87302],[46.08393,39.87736],[46.07788,39.88088],[46.06024,39.90461],[46.05323,39.91058],[46.04399,39.91205],[46.03899,39.90968],[46.03559,39.90313],[46.03251,39.87809],[46.02752,39.87239],[46.00806,39.8566],[45.98135,39.84541],[45.92647,39.79688]]]}},{"type":"Feature","properties":{"id":"AZE:ADM2:54616110B47039748407948","name":"Imishli District","countryCode":"AZE","adminLevel":2,"sourceCode":"54616110B47039748407948","parentId":"AZE:ADM1:AZE-1704"},"geometry":{"type":"Polygon","coordinates":[[[48.27528,40.02252],[48.24651,40.0475],[48.19337,40.07581],[48.15895,40.08045],[48.14325,40.09204],[48.12815,40.1143],[48.10218,40.1143],[48.09011,40.1398],[48.0732,40.15463],[48.05146,40.15463],[48.03334,40.14953],[48.011,40.11662],[47.99348,40.11894],[47.99228,40.11245],[47.99952,40.09807],[47.99107,40.07859],[47.9808,40.07581],[47.9651,40.08137],[47.95181,40.09111],[47.93611,40.09065],[47.90833,40.07673],[47.8872,40.09111],[47.87935,40.10317],[47.88004,40.11093],[47.82918,40.10204],[47.80792,40.10204],[47.80028,40.11212],[47.79206,40.10237],[47.7928,40.09269],[47.80096,40.07882],[47.8304,40.06057],[47.84598,40.03548],[47.84672,40.02084],[47.84054,40.01057],[47.82842,40.00296],[47.7928,39.99116],[47.77375,39.97994],[47.76955,39.95843],[47.80269,39.93254],[47.77468,39.90349],[47.77198,39.88295],[47.77777,39.87432],[47.79091,39.86806],[47.8172,39.86598],[47.83227,39.85496],[47.84386,39.83083],[47.86241,39.81324],[47.90068,39.81026],[47.91768,39.79059],[47.91343,39.78104],[47.89217,39.75718],[47.84193,39.73988],[47.81488,39.72108],[47.80367,39.69601],[47.8067,39.65708],[47.81797,39.6536],[47.83923,39.66405],[47.87826,39.66823],[47.8914,39.66047],[47.92,39.66047],[47.9401,39.6757],[47.96715,39.68526],[47.97643,39.69153],[47.98419,39.70787],[47.96433,39.71455],[47.95846,39.72177],[47.96846,39.73839],[47.97715,39.74477],[47.99346,39.74947],[48.00998,39.75014],[48.0265,39.74779],[48.05433,39.73721],[48.09107,39.71153],[48.10172,39.69994],[48.11651,39.69255],[48.15977,39.66063],[48.2589,39.60314],[48.2826,39.59659],[48.31456,39.59709],[48.34391,39.61138],[48.37891,39.63358],[48.39369,39.6477],[48.39882,39.65928],[48.36826,39.67307],[48.35565,39.68113],[48.34717,39.69155],[48.35725,39.72278],[48.35929,39.75372],[48.35725,39.78335],[48.33551,39.79985],[48.25297,39.81557],[48.23462,39.83443],[48.23394,39.8525],[48.23734,39.86323],[48.25331,39.8915],[48.25803,39.91707],[48.26869,39.93649],[48.26717,39.95272],[48.25216,39.97029],[48.24956,39.98066],[48.27241,39.99506],[48.26739,40.00017],[48.2679,40.01633],[48.27528,40.02252]]]}},{"type":"Feature","properties":{"id":"AZE:ADM2:54616110B4759617374649","name":"Zaqatala District","countryCode":"AZE","adminLevel":2,"sourceCode":"54616110B4759617374649","parentId":"AZE:ADM1:AZE-1731"},"geometry":{"type":"Polygon","coordinates":[[[47.05739,41.55374],[47.02861,41.56648],[47.01821,41.5857],[47.0012,41.59862],[46.99996,41.60864],[47.0059,41.61755],[47.00778,41.63233],[46.99965,41.64171],[46.9659,41.65741],[46.92714,41.68413],[46.92839,41.70662],[46.90557,41.7305],[46.89057,41.73238],[46.87025,41.72161],[46.85181,41.72863],[46.85213,41.73448],[46.82681,41.75649],[46.82431,41.76608],[46.80462,41.76866],[46.77492,41.79462],[46.77055,41.80211],[46.77274,41.80842],[46.77106,41.82086],[46.75494,41.85482],[46.74713,41.86139],[46.73589,41.85154],[46.7271,41.80807],[46.71099,41.80113],[46.69243,41.7792],[46.66508,41.75872],[46.62699,41.73971],[46.58548,41.71337],[46.57473,41.69873],[46.5591,41.65296],[46.52769,41.61896],[46.48425,41.60559],[46.43205,41.59761],[46.38423,41.57086],[46.3686,41.56664],[46.32484,41.57532],[46.30797,41.57016],[46.30703,41.56218],[46.31172,41.5441],[46.32359,41.52907],[46.33891,41.50064],[46.34735,41.4943],[46.3661,41.48607],[46.3836,41.48419],[46.39017,41.47832],[46.41236,41.47338],[46.4383,41.46139],[46.46299,41.43341],[46.51769,41.41153],[46.53707,41.39717],[46.61271,41.38988],[46.63646,41.37669],[46.65177,41.37491],[46.68616,41.41106],[46.71054,41.44799],[46.76649,41.52038],[46.77899,41.53142],[46.80899,41.54128],[46.86619,41.54316],[46.96058,41.51897],[46.99403,41.52343],[47.0136,41.52936],[47.02981,41.53522],[47.05739,41.55374]]]}},{"type":"Feature","properties":{"id":"AZE:ADM2:54616110B48173541517146","name":"Hajigabul District","countryCode":"AZE","adminLevel":2,"sourceCode":"54616110B48173541517146","parentId":"AZE:ADM1:AZE-1694"},"geometry":{"type":"Polygon","coordinates":[[[48.87675,40.33657],[48.8671,40.34455],[48.85881,40.34676],[48.78553,40.34897],[48.77188,40.35181],[48.76717,40.3302],[48.74849,40.30852],[48.69214,40.28706],[48.64423,40.31797],[48.60476,40.32212],[48.5918,40.32789],[48.58487,40.33619],[48.56438,40.34772],[48.53696,40.35164],[48.51494,40.36099],[48.4933,40.33701],[48.46252,40.31343],[48.47076,40.30171],[48.48653,40.26338],[48.48413,40.19295],[48.49133,40.18217],[48.49476,40.16876],[48.50744,40.16297],[48.55681,40.16403],[48.57293,40.15929],[48.63292,40.15666],[48.67852,40.1343],[48.69155,40.12614],[48.67578,40.08849],[48.68351,40.0619],[48.72498,40.04993],[48.75438,40.04572],[48.77171,40.03712],[48.81099,40.02733],[48.83965,40.01051],[48.84651,39.99179],[48.86811,39.97596],[48.88079,39.95961],[48.8926,39.95961],[48.89828,39.96647],[48.89553,39.98783],[48.90513,40.00444],[48.91473,40.01051],[48.93496,40.0055],[48.94182,40.00022],[48.94662,39.98546],[48.94559,39.9662],[48.94959,39.95141],[48.96444,39.94773],[48.99941,39.94694],[49.09541,39.91105],[49.18489,39.89045],[49.21746,39.88939],[49.25722,39.90049],[49.28191,39.90022],[49.30488,39.88411],[49.31139,39.86641],[49.31996,39.85981],[49.3474,39.85401],[49.34967,39.88167],[49.31432,39.93042],[49.31816,39.95742],[49.30332,39.98916],[49.29448,39.99037],[49.26433,40.01532],[49.2583,40.02879],[49.25399,40.05461],[49.22327,40.08946],[49.21264,40.13554],[49.19168,40.15581],[49.16728,40.16639],[49.06736,40.17299],[49.02486,40.17894],[49.01481,40.19392],[48.97942,40.23105],[48.9322,40.26949],[48.91547,40.27765],[48.87584,40.307],[48.86981,40.32041],[48.87675,40.33657]]]}},{"type":"Feature","properties":{"id":"AZE:ADM2:54616110B49356278605879","name":"Qakh District","countryCode":"AZE","adminLevel":2,"sourceCode":"54616110B49356278605879","parentId":"AZE:ADM1:AZE-1726"},"geometry":{"type":"Polygon","coordinates":[[[47.21047,41.44833],[47.20961,41.47397],[47.16273,41.53528],[47.12171,41.5826],[47.1051,41.5859],[47.02981,41.53522],[46.99403,41.52343],[46.96058,41.51897],[46.86619,41.54316],[46.80899,41.54128],[46.77899,41.53142],[46.76649,41.52038],[46.71054,41.44799],[46.68616,41.41106],[46.65177,41.37491],[46.65092,41.36736],[46.65824,41.35412],[46.6812,41.33756],[46.69243,41.32541],[46.69341,41.30921],[46.72955,41.29595],[46.73687,41.28306],[46.72564,41.25358],[46.69927,41.24363],[46.67827,41.22778],[46.66996,41.21561],[46.66655,41.19938],[46.66948,41.18352],[46.66801,41.16691],[46.65385,41.14329],[46.66264,41.12963],[46.65486,41.11908],[46.65531,41.1071],[46.72271,41.10784],[46.74224,41.10008],[46.75885,41.08974],[46.76959,41.07606],[46.77008,41.05943],[46.78236,41.0258],[46.81857,40.98413],[46.84696,40.966],[46.86025,40.96883],[46.94902,40.92641],[46.97649,40.93564],[46.97334,40.95232],[46.95939,40.98241],[46.94598,40.9877],[46.93042,41.00111],[46.92934,41.00924],[46.95081,41.00924],[46.97066,41.0133],[46.97173,41.01778],[46.96877,41.04717],[46.94885,41.09369],[46.93271,41.10538],[46.93534,41.10646],[46.92516,41.11057],[46.83073,41.13758],[46.83588,41.1804],[46.84378,41.18533],[46.85236,41.22656],[46.84343,41.24911],[46.87606,41.25689],[46.89632,41.27813],[46.9025,41.28927],[46.90387,41.3061],[46.94327,41.33307],[46.97244,41.34559],[47.01117,41.34826],[47.02656,41.35826],[47.03561,41.36895],[47.1171,41.38759],[47.15814,41.41031],[47.18772,41.44166],[47.2001,41.44893],[47.21047,41.44833]]]}},{"type":"Feature","properties":{"id":"AZE:ADM2:54616110B49912296290484","name":"Shusha District","countryCode":"AZE","adminLevel":2,"sourceCode":"54616110B49912296290484","parentId":"AZE:ADM1:AZE-1737"},"geometry":{"type":"Polygon","coordinates":[[[46.74664,39.75609],[46.72391,39.77862],[46.68295,39.78886],[46.66232,39.79015],[46.64058,39.78714],[46.62665,39.77897],[46.57353,39.77843],[46.57871,39.75834],[46.57871,39.70992],[46.58182,39.70366],[46.57082,39.68008],[46.56106,39.67382],[46.55898,39.66628],[46.55711,39.65344],[46.56064,39.6247],[46.57206,39.62004],[46.6001,39.62871],[46.61609,39.61747],[46.61816,39.60462],[46.62668,39.59804],[46.6381,39.59547],[46.64475,39.59595],[46.65762,39.60398],[46.66821,39.62036],[46.67133,39.64188],[46.69687,39.65793],[46.73279,39.66018],[46.75231,39.64702],[46.76311,39.61391],[46.78985,39.63214],[46.8224,39.66543],[46.81382,39.67156],[46.80066,39.68858],[46.80042,39.69839],[46.79611,39.70763],[46.78701,39.71632],[46.77983,39.73056],[46.77053,39.73451],[46.75545,39.71972],[46.7433,39.71882],[46.73713,39.72225],[46.72517,39.73922],[46.72575,39.74473],[46.72961,39.75188],[46.74664,39.75609]]]}},{"type":"Feature","properties":{"id":"AZE:ADM2:54616110B5213879595332","name":"Astara District","countryCode":"AZE","adminLevel":2,"sourceCode":"54616110B5213879595332","parentId":"AZE:ADM1:AZE-1695"},"geometry":{"type":"Polygon","coordinates":[[[48.64994,38.39184],[48.63197,38.39602],[48.5919,38.41526],[48.54122,38.49727],[48.50999,38.53199],[48.51127,38.53574],[48.51853,38.55166],[48.53326,38.56578],[48.5365,38.57642],[48.56332,38.60578],[48.57127,38.60833],[48.62224,38.60509],[48.66364,38.62234],[48.68887,38.60331],[48.70774,38.60187],[48.73582,38.61018],[48.75009,38.62318],[48.7768,38.62932],[48.82191,38.63546],[48.86703,38.63365],[48.86741,38.63385],[48.8685,38.60248],[48.87403,38.44156],[48.8718,38.44284],[48.85147,38.44724],[48.82731,38.44377],[48.79932,38.42963],[48.77457,38.41039],[48.76072,38.40668],[48.71505,38.40645],[48.68529,38.39115],[48.64994,38.39184]]]}},{"type":"Feature","properties":{"id":"AZE:ADM2:54616110B52362464060400","name":"Yevlakh District","countryCode":"AZE","adminLevel":2,"sourceCode":"54616110B52362464060400","parentId":"AZE:ADM1:AZE-1688"},"geometry":{"type":"Polygon","coordinates":[[[46.97649,40.93564],[46.94902,40.92641],[46.86025,40.96883],[46.84556,40.96717],[46.9062,40.91859],[46.97121,40.88325],[46.99246,40.87258],[47.07623,40.84885],[47.1053,40.83413],[47.13905,40.8092],[47.17203,40.79847],[47.17603,40.79118],[47.17243,40.78768],[47.11782,40.79908],[47.05941,40.80015],[47.05546,40.79784],[47.06601,40.7871],[47.07177,40.77007],[47.06793,40.75559],[47.04265,40.73977],[47.02601,40.73636],[47.01464,40.73892],[46.98312,40.75547],[46.97784,40.76411],[46.978,40.78637],[46.97448,40.79537],[46.97724,40.80237],[46.91739,40.84072],[46.89058,40.85105],[46.85218,40.85864],[46.82117,40.87307],[46.78976,40.8673],[46.79086,40.83627],[46.78836,40.82677],[46.7643,40.77856],[46.76586,40.7605],[46.77305,40.75242],[46.84244,40.7315],[46.8515,40.7265],[46.85556,40.71366],[46.85306,40.70772],[46.81431,40.68321],[46.80493,40.67298],[46.80368,40.64632],[46.81618,40.64109],[46.84462,40.64966],[46.86025,40.66037],[46.87619,40.66084],[46.90623,40.65358],[46.90307,40.65299],[46.91901,40.6468],[46.93026,40.63299],[46.92964,40.62204],[46.91464,40.58678],[46.91214,40.56724],[46.91714,40.55651],[46.93433,40.54197],[46.98215,40.54793],[46.99358,40.5456],[47.00547,40.53577],[46.98154,40.50073],[46.97568,40.48582],[46.97666,40.46307],[46.99131,40.44106],[47.00547,40.43397],[47.01622,40.43733],[47.03819,40.45113],[47.04739,40.48088],[47.05584,40.49251],[47.06608,40.49984],[47.08689,40.50479],[47.09822,40.50245],[47.11282,40.49649],[47.12562,40.48351],[47.15083,40.48657],[47.15483,40.49145],[47.17343,40.49878],[47.21244,40.53909],[47.23016,40.56572],[47.25376,40.58368],[47.27064,40.60441],[47.27908,40.62656],[47.25112,40.66568],[47.28287,40.72218],[47.28367,40.73808],[47.29252,40.74481],[47.30877,40.76739],[47.31599,40.8008],[47.26522,40.81468],[47.23142,40.81794],[47.19171,40.84117],[47.16757,40.84117],[47.10479,40.87295],[47.08977,40.88598],[47.07099,40.88598],[47.03773,40.90063],[47.02056,40.90471],[46.97649,40.93564]],[[47.19398,40.59548],[47.17714,40.59049],[47.14902,40.59386],[47.13164,40.60831],[47.1307,40.61818],[47.13701,40.62733],[47.15408,40.63551],[47.1724,40.6372],[47.18125,40.63431],[47.19136,40.62781],[47.20305,40.61409],[47.20021,40.60156],[47.19398,40.59548]]]}},{"type":"Feature","properties":{"id":"AZE:ADM2:54616110B53070579367508","name":"Babek District","countryCode":"AZE","adminLevel":2,"sourceCode":"54616110B53070579367508","parentId":"AZE:ADM1:AZE-2420"},"geometry":{"type":"Polygon","coordinates":[[[45.5835,39.27896],[45.56447,39.28524],[45.5628,39.29149],[45.56917,39.30418],[45.56099,39.31095],[45.55664,39.32047],[45.53866,39.32936],[45.52967,39.33972],[45.51469,39.34734],[45.50052,39.35135],[45.4711,39.35093],[45.45666,39.35601],[45.43869,39.37081],[45.42343,39.4023],[45.4139,39.40864],[45.3929,39.41332],[45.38299,39.42486],[45.38423,39.43231],[45.39445,39.44577],[45.41708,39.45946],[45.44249,39.46643],[45.45923,39.48156],[45.46856,39.49371],[45.46341,39.49954],[45.45324,39.50442],[45.44356,39.5183],[45.43,39.52468],[45.39465,39.53293],[45.38641,39.53968],[45.34477,39.5438],[45.33196,39.55088],[45.31668,39.49617],[45.30845,39.48416],[45.29247,39.47778],[45.28859,39.46277],[45.29973,39.42785],[45.26438,39.35683],[45.25442,39.34875],[45.24534,39.32759],[45.23399,39.31643],[45.23676,39.31482],[45.15984,39.30349],[45.10384,39.31114],[45.09703,39.30291],[45.10687,39.28938],[45.12352,39.27939],[45.12957,39.23409],[45.14168,39.21761],[45.16211,39.2076],[45.20902,39.19936],[45.22567,39.1923],[45.24988,39.17581],[45.27107,39.17463],[45.29301,39.16815],[45.30814,39.15872],[45.33236,39.13692],[45.33944,39.12184],[45.37286,39.09505],[45.40282,39.0636],[45.4208,39.05659],[45.43784,39.04282],[45.43722,39.00293],[45.45644,38.98817],[45.51843,38.97438],[45.52835,38.96882],[45.54694,38.96712],[45.55516,38.97005],[45.55422,38.99962],[45.57009,39.02097],[45.57267,39.03103],[45.5689,39.04016],[45.52526,39.07727],[45.52625,39.09953],[45.54728,39.12519],[45.55025,39.13307],[45.54906,39.14203],[45.53617,39.15763],[45.51161,39.1749],[45.50789,39.18648],[45.52649,39.1995],[45.55624,39.20698],[45.56182,39.21662],[45.56709,39.24675],[45.58227,39.25976],[45.5835,39.27896]],[[45.41701,39.2396],[45.44094,39.23157],[45.449,39.21976],[45.44838,39.20915],[45.44497,39.20119],[45.43227,39.18961],[45.4208,39.18575],[45.39445,39.18672],[45.37989,39.19878],[45.37493,39.21976],[45.37865,39.2253],[45.40003,39.23928],[45.41701,39.2396]]]}},{"type":"Feature","properties":{"id":"AZE:ADM2:54616110B53393721771174","name":"Julfa District","countryCode":"AZE","adminLevel":2,"sourceCode":"54616110B53393721771174","parentId":"AZE:ADM1:AZE-2421"},"geometry":{"type":"Polygon","coordinates":[[[45.94312,39.30449],[45.9418,39.30962],[45.92847,39.31901],[45.9046,39.32768],[45.88198,39.34068],[45.8265,39.35824],[45.79582,39.36378],[45.78187,39.3592],[45.76637,39.33418],[45.74344,39.31083],[45.73507,39.30722],[45.70935,39.33057],[45.683,39.32936],[45.65449,39.31299],[45.6424,39.31299],[45.61575,39.30312],[45.58661,39.28289],[45.5835,39.27896],[45.58227,39.25976],[45.56709,39.24675],[45.56182,39.21662],[45.55624,39.20698],[45.52649,39.1995],[45.50789,39.18648],[45.51161,39.1749],[45.53617,39.15763],[45.54906,39.14203],[45.55025,39.13307],[45.54728,39.12519],[45.52625,39.09953],[45.52526,39.07727],[45.5689,39.04016],[45.57267,39.03103],[45.57009,39.02097],[45.55422,38.99962],[45.55516,38.97005],[45.56057,38.96834],[45.57128,38.97578],[45.5802,38.97686],[45.59389,38.96401],[45.63435,38.95007],[45.65915,38.95022],[45.73096,38.92854],[45.77908,38.92444],[45.78712,38.9546],[45.78712,38.97055],[45.75761,39.02074],[45.76518,39.07797],[45.77047,39.088],[45.79166,39.09389],[45.80604,39.10922],[45.80604,39.12691],[45.81209,39.15048],[45.82722,39.16992],[45.84387,39.18228],[45.8469,39.23527],[45.91575,39.28174],[45.93164,39.30114],[45.94312,39.30449]]]}},{"type":"Feature","properties":{"id":"AZE:ADM2:54616110B53436270368491","name":"Sharur District","countryCode":"AZE","adminLevel":2,"sourceCode":"54616110B53436270368491","parentId":"AZE:ADM1:AZE-2419"},"geometry":{"type":"Polygon","coordinates":[[[45.3003,39.59331],[45.30211,39.59821],[45.29873,39.61309],[45.27334,39.62],[45.24696,39.61662],[45.22594,39.60726],[45.20828,39.59023],[45.19797,39.58655],[45.18607,39.58823],[45.17674,39.60419],[45.17754,39.62782],[45.1821,39.64868],[45.17912,39.68118],[45.1817,39.69298],[45.17912,39.69941],[45.16782,39.7109],[45.14421,39.71902],[45.13866,39.72821],[45.12973,39.76986],[45.11942,39.78394],[45.09343,39.79389],[45.07895,39.79312],[45.04642,39.78119],[45.02381,39.75899],[44.98858,39.74001],[44.98612,39.73403],[44.99505,39.71872],[44.99406,39.71274],[44.98592,39.70018],[44.95141,39.67995],[44.94209,39.66983],[44.93572,39.65362],[44.94955,39.6334],[44.95285,39.62329],[44.94665,39.61892],[44.94288,39.61048],[44.87161,39.58842],[44.8685,39.5778],[44.87484,39.54172],[44.89032,39.51914],[44.90259,39.51278],[44.9091,39.50414],[44.91251,39.48829],[44.91096,39.47868],[44.93544,39.44817],[44.93637,39.43375],[44.96024,39.41284],[44.98441,39.39889],[45.0154,39.38254],[45.0449,39.37199],[45.06251,39.39432],[45.16479,39.44481],[45.17874,39.46042],[45.20372,39.49916],[45.21761,39.54233],[45.23546,39.56843],[45.28048,39.58915],[45.3003,39.59331]]]}},{"type":"Feature","properties":{"id":"AZE:ADM2:54616110B55207089168458","name":"Salyan District","countryCode":"AZE","adminLevel":2,"sourceCode":"54616110B55207089168458","parentId":"AZE:ADM1:AZE-1715"},"geometry":{"type":"Polygon","coordinates":[[[49.29619,39.56461],[49.28952,39.5477],[49.28244,39.54535],[49.27657,39.53893],[49.25271,39.53032],[49.21045,39.52625],[49.17178,39.50462],[49.11933,39.5122],[49.09974,39.52517],[49.08931,39.54034],[49.08805,39.54915],[49.07225,39.56309],[49.0593,39.58779],[49.04508,39.59928],[49.02707,39.62078],[49.01601,39.62518],[48.99137,39.62347],[48.98442,39.61467],[48.98378,39.59708],[48.98789,39.58779],[49.01791,39.56676],[49.02391,39.55869],[49.02549,39.54524],[49.01538,39.52493],[48.96325,39.49581],[48.94618,39.47475],[48.94208,39.46422],[48.94303,39.44168],[48.94998,39.42282],[48.94113,39.4086],[48.92596,39.40591],[48.89784,39.38679],[48.88394,39.38213],[48.85487,39.38482],[48.8059,39.41179],[48.75819,39.44859],[48.76103,39.46838],[48.77178,39.48748],[48.77336,39.50046],[48.76798,39.51269],[48.73671,39.5379],[48.73465,39.5704],[48.74536,39.58902],[48.75756,39.62494],[48.81317,39.64301],[48.82423,39.64326],[48.8375,39.64277],[48.87731,39.62494],[48.88647,39.62371],[48.895,39.62836],[48.89595,39.63886],[48.88363,39.6479],[48.88173,39.6562],[48.88678,39.66622],[48.92186,39.67598],[48.94587,39.69014],[48.94081,39.73187],[48.9326,39.7548],[48.94966,39.78747],[48.94776,39.80063],[48.91585,39.82354],[48.90764,39.83888],[48.90764,39.84619],[48.91238,39.8552],[48.92533,39.86762],[48.92493,39.87505],[48.91259,39.88798],[48.90147,39.89031],[48.88833,39.90059],[48.88914,39.90932],[48.9065,39.93451],[48.91859,39.93353],[48.94959,39.95141],[48.96444,39.94773],[48.99941,39.94694],[49.09541,39.91105],[49.17357,39.8923],[49.21746,39.88939],[49.25722,39.90049],[49.28191,39.90022],[49.30488,39.88411],[49.31139,39.86641],[49.31996,39.85981],[49.3474,39.85401],[49.34814,39.80013],[49.35129,39.77997],[49.35077,39.71295],[49.35761,39.69371],[49.35761,39.68301],[49.3616,39.67838],[49.33456,39.65356],[49.32005,39.63094],[49.30387,39.58307],[49.30366,39.57959],[49.29734,39.56603],[49.29619,39.56461]]]}},{"type":"Feature","properties":{"id":"AZE:ADM2:54616110B57585842497805","name":"Shamkir District","countryCode":"AZE","adminLevel":2,"sourceCode":"54616110B57585842497805","parentId":"AZE:ADM1:AZE-1685"},"geometry":{"type":"Polygon","coordinates":[[[46.23984,41.13216],[46.23363,41.12295],[46.20283,41.10548],[46.18905,41.09322],[46.15461,41.05489],[46.12543,41.03678],[46.09827,41.00548],[46.03586,41.00425],[46.0387,40.99412],[46.05734,40.98552],[46.08369,40.98091],[46.10395,40.98122],[46.1465,40.97262],[46.16514,40.96095],[46.1692,40.95204],[46.16595,40.92899],[46.13034,40.92885],[46.06829,40.94134],[46.03789,40.9543],[46.02079,40.95766],[45.98977,40.9783],[45.98027,40.98838],[45.9638,40.99318],[45.93531,40.99318],[45.92074,40.98406],[45.90301,40.97926],[45.89035,40.95046],[45.84539,40.91637],[45.82639,40.90676],[45.78397,40.89282],[45.75484,40.87696],[45.74217,40.86687],[45.73078,40.85197],[45.72951,40.83129],[45.74597,40.81878],[45.74597,40.80435],[45.78014,40.76773],[45.80203,40.73568],[45.81743,40.72304],[45.84012,40.68572],[45.88349,40.66999],[45.90983,40.6456],[45.92928,40.63264],[45.93536,40.62152],[45.93362,40.58369],[45.9397,40.56918],[45.94789,40.57083],[45.97798,40.58883],[46.00703,40.61987],[46.041,40.66906],[46.06512,40.67005],[46.07446,40.6576],[46.10481,40.64694],[46.12257,40.64579],[46.12786,40.65918],[46.13677,40.66813],[46.15339,40.67338],[46.22147,40.67924],[46.25714,40.70916],[46.25916,40.71687],[46.25509,40.73551],[46.27092,40.79328],[46.27915,40.80435],[46.30631,40.82258],[46.30293,40.82467],[46.301,40.84463],[46.27704,40.8684],[46.27665,40.87837],[46.27974,40.88952],[46.29443,40.9033],[46.29868,40.91415],[46.30177,40.95548],[46.34042,41.01054],[46.34179,41.03116],[46.28786,41.08428],[46.26274,41.10299],[46.23984,41.13216]]]}},{"type":"Feature","properties":{"id":"AZE:ADM2:54616110B59366301344355","name":"Lerik District","countryCode":"AZE","adminLevel":2,"sourceCode":"54616110B59366301344355","parentId":"AZE:ADM1:AZE-1709"},"geometry":{"type":"Polygon","coordinates":[[[48.53387,38.96934],[48.46746,38.9453],[48.44274,38.93058],[48.40258,38.91755],[48.36427,38.90089],[48.32812,38.87844],[48.3136,38.87409],[48.26448,38.82892],[48.25552,38.8062],[48.25614,38.78855],[48.23019,38.76243],[48.22432,38.74743],[48.22525,38.73654],[48.25645,38.71549],[48.26139,38.69733],[48.23729,38.6845],[48.23266,38.67457],[48.24162,38.66803],[48.26077,38.66197],[48.28425,38.6472],[48.29816,38.62902],[48.35315,38.59145],[48.37879,38.59242],[48.41401,38.60236],[48.45016,38.606],[48.46437,38.58757],[48.46746,38.57157],[48.47673,38.56162],[48.49866,38.55192],[48.51127,38.53574],[48.51853,38.55166],[48.53326,38.56578],[48.5365,38.57642],[48.56332,38.60578],[48.57127,38.60833],[48.60574,38.60416],[48.63432,38.60856],[48.66364,38.62234],[48.65894,38.62968],[48.67552,38.63618],[48.69393,38.64954],[48.69623,38.66506],[48.68606,38.67862],[48.66171,38.68996],[48.65434,38.70727],[48.65112,38.73793],[48.64237,38.76244],[48.62488,38.77938],[48.5526,38.82153],[48.54477,38.83809],[48.55076,38.87481],[48.55904,38.88669],[48.578,38.9015],[48.57536,38.90364],[48.57733,38.91279],[48.57207,38.93524],[48.56641,38.94345],[48.53387,38.96934]]]}},{"type":"Feature","properties":{"id":"AZE:ADM2:54616110B61947743987915","name":"Baku City","countryCode":"AZE","adminLevel":2,"sourceCode":"54616110B61947743987915","parentId":"AZE:ADM1:AZE-1689"},"geometry":{"type":"MultiPolygon","coordinates":[[[[50.61456,40.31521],[50.57939,40.30582],[50.57276,40.31005],[50.563,40.32486],[50.56528,40.33784],[50.5783,40.33002],[50.5879,40.33234],[50.59182,40.33463],[50.62029,40.31936],[50.61456,40.31521]]],[[[50.34488,40.47279],[50.34609,40.4431],[50.34461,40.43878],[50.32602,40.45808],[50.32643,40.48188],[50.33863,40.47687],[50.34113,40.4775],[50.34488,40.47279]]],[[[49.38234,39.68911],[49.36252,39.67732],[49.35761,39.68301],[49.35761,39.69371],[49.35077,39.71295],[49.35129,39.77997],[49.34814,39.80013],[49.3474,39.85401],[49.34967,39.88167],[49.31432,39.93042],[49.31816,39.95742],[49.30332,39.98916],[49.31773,39.99766],[49.31544,40.02217],[49.33267,40.04005],[49.34616,40.07358],[49.35363,40.12298],[49.38636,40.15185],[49.39296,40.16462],[49.39069,40.18244],[49.39381,40.20569],[49.43112,40.22626],[49.43424,40.23443],[49.43919,40.25686],[49.43747,40.27204],[49.44608,40.28809],[49.44924,40.30524],[49.44264,40.3582],[49.44666,40.37028],[49.43939,40.38875],[49.44508,40.42317],[49.45997,40.43314],[49.47063,40.43258],[49.48276,40.42598],[49.4958,40.42668],[49.52556,40.44694],[49.55164,40.47115],[49.56516,40.47524],[49.62042,40.47891],[49.66681,40.47769],[49.68646,40.47274],[49.70047,40.45805],[49.73329,40.45118],[49.76967,40.44958],[49.78222,40.46443],[49.78201,40.47098],[49.79267,40.47785],[49.87066,40.48344],[49.90934,40.49269],[49.92126,40.50131],[49.91938,40.50658],[49.90851,40.51488],[49.86564,40.51647],[49.83784,40.53307],[49.80396,40.54296],[49.77637,40.54248],[49.76758,40.53514],[49.75169,40.5294],[49.73267,40.53211],[49.72681,40.53881],[49.72932,40.5554],[49.73873,40.56847],[49.73417,40.57313],[49.76977,40.57606],[49.77394,40.57563],[49.80314,40.56863],[49.80412,40.56828],[49.80465,40.56827],[49.81674,40.56538],[49.84034,40.56379],[49.85865,40.56664],[49.87834,40.57289],[49.9064,40.57567],[49.95767,40.58693],[50.05201,40.5843],[50.06039,40.57795],[50.06479,40.57095],[50.06804,40.56371],[50.07252,40.55695],[50.09034,40.54023],[50.10939,40.52709],[50.12965,40.51846],[50.1934,40.50802],[50.21779,40.50327],[50.2428,40.48902],[50.24374,40.48773],[50.25033,40.46509],[50.26279,40.45519],[50.27589,40.43659],[50.29014,40.42985],[50.29658,40.42478],[50.32329,40.41636],[50.33378,40.40774],[50.3563,40.37398],[50.36053,40.36518],[50.36408,40.33658],[50.36235,40.32286],[50.35687,40.31211],[50.35653,40.30241],[50.36892,40.27543],[50.36583,40.27048],[50.36583,40.25909],[50.36923,40.24886],[50.36866,40.2497],[50.3573,40.26323],[50.3573,40.2784],[50.33932,40.30375],[50.30161,40.3254],[50.24088,40.34604],[50.20526,40.35345],[50.182,40.35483],[50.13809,40.36699],[50.11663,40.36774],[50.08996,40.36177],[50.08415,40.35151],[50.07885,40.35151],[50.07801,40.3527],[50.07562,40.35151],[50.0661,40.35151],[50.06293,40.35462],[50.04739,40.35586],[50.0332,40.35352],[50.02943,40.34926],[50.02063,40.34823],[50.00581,40.34026],[49.96916,40.33812],[49.96372,40.34479],[49.95582,40.35151],[49.94532,40.35472],[49.92829,40.35699],[49.91683,40.36435],[49.87624,40.37294],[49.85116,40.36945],[49.85011,40.35604],[49.85603,40.34858],[49.84034,40.33784],[49.84273,40.32958],[49.83573,40.30852],[49.82906,40.30275],[49.81029,40.301],[49.80398,40.30463],[49.78644,40.30342],[49.75838,40.29442],[49.73084,40.28072],[49.69015,40.27736],[49.65262,40.24847],[49.63876,40.24686],[49.60372,40.23355],[49.59275,40.2262],[49.48971,40.18271],[49.47217,40.16358],[49.47656,40.1396],[49.49073,40.11341],[49.43706,40.0994],[49.42864,40.08822],[49.42952,40.06612],[49.43329,40.05747],[49.43507,40.04279],[49.44874,40.02253],[49.45769,40.01504],[49.47193,40.0065],[49.47975,39.99897],[49.48166,39.99421],[49.46073,39.99004],[49.44103,39.9762],[49.41491,39.93897],[49.41363,39.90962],[49.42348,39.89676],[49.43024,39.86689],[49.42887,39.85675],[49.41024,39.84387],[49.40777,39.83605],[49.4001,39.83013],[49.399,39.81893],[49.39325,39.81111],[49.38655,39.7912],[49.38778,39.7709],[49.39497,39.73963],[49.41775,39.70606],[49.40984,39.70136],[49.38396,39.69013],[49.3831,39.68932],[49.38234,39.68911]],[[49.67393,40.43355],[49.67173,40.40456],[49.65946,40.38662],[49.64016,40.37069],[49.63731,40.35526],[49.64586,40.34185],[49.66275,40.34554],[49.68884,40.36717],[49.69804,40.36717],[49.72852,40.35292],[49.73268,40.3551],[49.7465,40.38126],[49.75461,40.38176],[49.76403,40.38729],[49.76425,40.39919],[49.75329,40.41461],[49.74847,40.42735],[49.71098,40.42802],[49.70243,40.43103],[49.67393,40.43355]]],[[[50.37571,40.24414],[50.37565,40.23932],[50.37067,40.24671],[50.37571,40.24414]]]]}},{"type":"Feature","properties":{"id":"AZE:ADM2:54616110B63590673188827","name":"Yardymli District","countryCode":"AZE","adminLevel":2,"sourceCode":"54616110B63590673188827","parentId":"AZE:ADM1:AZE-1720"},"geometry":{"type":"Polygon","coordinates":[[[48.4696,39.0294],[48.43842,39.04246],[48.40412,39.07329],[48.38868,39.07642],[48.36551,39.06583],[48.34604,39.06438],[48.33894,39.05956],[48.33616,39.04493],[48.33616,39.03595],[48.3411,39.02559],[48.32009,39.00535],[48.30773,38.9986],[48.29599,38.98268],[48.28209,38.974],[48.22185,38.95736],[48.17798,38.95519],[48.15357,38.94699],[48.08066,38.93975],[48.06707,38.91876],[48.04668,38.90693],[48.03123,38.90234],[48.01331,38.90741],[48.00837,38.89776],[48.00837,38.87313],[48.01455,38.8596],[48.02134,38.82747],[48.02629,38.81804],[48.0371,38.80789],[48.04977,38.8016],[48.10043,38.79145],[48.10043,38.78226],[48.10877,38.77065],[48.1511,38.76509],[48.19312,38.75541],[48.20671,38.7409],[48.22511,38.73815],[48.22432,38.74743],[48.23019,38.76243],[48.25614,38.78855],[48.25552,38.8062],[48.26448,38.82892],[48.3136,38.87409],[48.32812,38.87844],[48.36427,38.90089],[48.40258,38.91755],[48.44274,38.93058],[48.46746,38.9453],[48.53387,38.96934],[48.52028,38.97662],[48.47618,38.98167],[48.47132,38.98483],[48.46202,38.99557],[48.45959,39.0123],[48.46364,39.02398],[48.4696,39.0294]]]}},{"type":"Feature","properties":{"id":"AZE:ADM2:54616110B63924922129682","name":"Balakan District","countryCode":"AZE","adminLevel":2,"sourceCode":"54616110B63924922129682","parentId":"AZE:ADM1:AZE-1723"},"geometry":{"type":"Polygon","coordinates":[[[46.74628,41.86065],[46.74485,41.86566],[46.72756,41.86583],[46.71322,41.85648],[46.70366,41.84507],[46.68887,41.83725],[46.64585,41.84542],[46.61649,41.84031],[46.57825,41.8175],[46.5605,41.8146],[46.55071,41.81682],[46.53979,41.83861],[46.54457,41.8757],[46.53933,41.88489],[46.52113,41.89492],[46.48539,41.90359],[46.46764,41.91702],[46.42076,41.92144],[46.41256,41.91719],[46.41256,41.90019],[46.40323,41.874],[46.37842,41.83532],[46.35815,41.83133],[46.34713,41.82149],[46.2881,41.79275],[46.19848,41.76827],[46.17857,41.75708],[46.1775,41.71606],[46.19244,41.69154],[46.19599,41.68275],[46.19526,41.67495],[46.20517,41.66468],[46.20459,41.62819],[46.21303,41.60753],[46.22775,41.59824],[46.24013,41.59966],[46.25761,41.61584],[46.26693,41.61519],[46.28674,41.60535],[46.30626,41.60316],[46.33364,41.5907],[46.33802,41.57343],[46.3561,41.56734],[46.3686,41.56664],[46.38423,41.57086],[46.43205,41.59761],[46.48425,41.60559],[46.52769,41.61896],[46.5591,41.65296],[46.57473,41.69873],[46.58548,41.71337],[46.62699,41.73971],[46.66508,41.75872],[46.69243,41.7792],[46.71099,41.80113],[46.7271,41.80807],[46.73589,41.85154],[46.74628,41.86065]]]}},{"type":"Feature","properties":{"id":"AZE:ADM2:54616110B64107713492867","name":"Zangilan District","countryCode":"AZE","adminLevel":2,"sourceCode":"54616110B64107713492867","parentId":"AZE:ADM1:AZE-1740"},"geometry":{"type":"Polygon","coordinates":[[[46.83189,39.24742],[46.77673,39.21968],[46.72579,39.18747],[46.71135,39.16775],[46.68575,39.09031],[46.67539,39.07736],[46.66831,39.07417],[46.66177,39.07821],[46.65687,39.08882],[46.6566,39.09837],[46.66368,39.10389],[46.66177,39.11896],[46.66559,39.1389],[46.65941,39.17986],[46.66557,39.22581],[46.65748,39.23905],[46.64216,39.24005],[46.60641,39.22515],[46.59497,39.22473],[46.57678,39.21184],[46.5648,39.18259],[46.54709,39.17538],[46.52884,39.17432],[46.51822,39.18111],[46.51223,39.18768],[46.50841,39.20103],[46.48226,39.20866],[46.44876,39.21142],[46.43541,39.20824],[46.42914,39.2004],[46.42887,39.18662],[46.43568,39.16732],[46.48308,39.11939],[46.50979,39.0999],[46.52426,39.08431],[46.5349,39.06208],[46.52767,38.99668],[46.52384,38.98406],[46.50639,38.95316],[46.51618,38.90794],[46.53192,38.87302],[46.57789,38.88766],[46.60641,38.91227],[46.62131,38.93222],[46.67451,38.96579],[46.68132,38.97476],[46.69579,38.98273],[46.71026,38.99668],[46.73878,39.00963],[46.76038,39.03318],[46.76066,39.04869],[46.79253,39.07566],[46.80724,39.09583],[46.82631,39.10877],[46.86635,39.14951],[46.89603,39.16882],[46.89115,39.16918],[46.8869,39.17614],[46.8869,39.18806],[46.87924,39.21191],[46.86562,39.23144],[46.83667,39.2417],[46.83189,39.24742]]]}},{"type":"Feature","properties":{"id":"AZE:ADM2:54616110B65018719015844","name":"Samukh District","countryCode":"AZE","adminLevel":2,"sourceCode":"54616110B65018719015844","parentId":"AZE:ADM1:AZE-1686"},"geometry":{"type":"Polygon","coordinates":[[[46.39179,40.6894],[46.4092,40.6894],[46.42166,40.68615],[46.43342,40.67883],[46.45336,40.67422],[46.46654,40.67611],[46.47652,40.68588],[46.50109,40.68642],[46.51605,40.70323],[46.52389,40.72897],[46.52118,40.74339],[46.55454,40.76563],[46.57347,40.77298],[46.57811,40.78238],[46.57309,40.79707],[46.6259,40.83741],[46.66931,40.8761],[46.70233,40.88541],[46.69478,40.90188],[46.6778,40.90689],[46.64288,40.90617],[46.60986,40.91763],[46.58314,40.91972],[46.54758,40.90976],[46.50468,40.908],[46.4382,40.89539],[46.381,40.90653],[46.36593,40.9165],[46.38796,40.93057],[46.40419,40.9335],[46.46139,40.93204],[46.4784,40.92588],[46.50275,40.925],[46.53444,40.93233],[46.55492,40.94464],[46.55376,40.96163],[46.53676,41.0041],[46.52323,41.01669],[46.48535,41.02576],[46.48018,41.0389],[46.50369,41.04345],[46.53751,41.05579],[46.62265,41.06037],[46.66674,41.09875],[46.677,41.08185],[46.67217,41.04848],[46.70176,41.02928],[46.72048,41],[46.79718,40.97209],[46.81288,40.97071],[46.83191,40.9748],[46.80957,40.99292],[46.78236,41.0258],[46.77008,41.05943],[46.76959,41.07606],[46.75885,41.08974],[46.72271,41.10784],[46.65531,41.1071],[46.65486,41.11908],[46.62777,41.10175],[46.58646,41.12139],[46.55505,41.12046],[46.5454,41.11672],[46.49766,41.0675],[46.47292,41.06507],[46.46303,41.09857],[46.45314,41.10381],[46.43384,41.10605],[46.39921,41.10194],[46.3866,41.10456],[46.35494,41.12906],[46.31105,41.17107],[46.27085,41.1956],[46.24264,41.20027],[46.18312,41.19793],[46.16843,41.20173],[46.13172,41.20348],[46.1151,41.19735],[46.10969,41.19326],[46.1066,41.18041],[46.16959,41.15501],[46.22525,41.14011],[46.23984,41.13216],[46.26274,41.10299],[46.28786,41.08428],[46.34179,41.03116],[46.34042,41.01054],[46.30177,40.95548],[46.29868,40.91415],[46.29443,40.9033],[46.27974,40.88952],[46.27704,40.8684],[46.301,40.84463],[46.30293,40.82467],[46.32844,40.80705],[46.34042,40.78914],[46.34119,40.76798],[46.34456,40.76752],[46.35022,40.72764],[46.36896,40.72429],[46.38855,40.71351],[46.39247,40.70503],[46.39179,40.6894]]]}},{"type":"Feature","properties":{"id":"AZE:ADM2:54616110B66639423042347","name":"Qubadli District","countryCode":"AZE","adminLevel":2,"sourceCode":"54616110B66639423042347","parentId":"AZE:ADM1:AZE-1736"},"geometry":{"type":"Polygon","coordinates":[[[46.51768,39.48248],[46.47109,39.46462],[46.46183,39.45385],[46.45121,39.44899],[46.40381,39.45301],[46.37139,39.44773],[46.36567,39.44139],[46.36894,39.41118],[46.3891,39.37588],[46.41743,39.34357],[46.43275,39.33497],[46.50851,39.3201],[46.52001,39.31249],[46.5166,39.29828],[46.52043,39.2695],[46.55065,39.25031],[46.57151,39.22945],[46.58853,39.22449],[46.60641,39.22515],[46.64216,39.24005],[46.65748,39.23905],[46.66557,39.22581],[46.65941,39.17986],[46.66559,39.1389],[46.66177,39.11896],[46.66368,39.10389],[46.6566,39.09837],[46.65687,39.08882],[46.66177,39.07821],[46.66831,39.07417],[46.67539,39.07736],[46.68575,39.09031],[46.71135,39.16775],[46.72579,39.18747],[46.77673,39.21968],[46.83189,39.24742],[46.82646,39.25659],[46.81241,39.26056],[46.78347,39.28008],[46.76645,39.30191],[46.75538,39.32572],[46.75739,39.33591],[46.75385,39.35093],[46.73096,39.37461],[46.72688,39.38455],[46.7277,39.40547],[46.73505,39.4266],[46.7435,39.43442],[46.76845,39.44714],[46.76474,39.48256],[46.77794,39.49905],[46.77496,39.51224],[46.74729,39.52873],[46.73112,39.52708],[46.71622,39.52081],[46.70794,39.52349],[46.68928,39.51244],[46.6671,39.50753],[46.65125,39.49709],[46.62353,39.48789],[46.62194,39.46702],[46.5958,39.46087],[46.53401,39.47131],[46.51768,39.48248]]]}},{"type":"Feature","properties":{"id":"AZE:ADM2:54616110B68105682916253","name":"Shahbuz District","countryCode":"AZE","adminLevel":2,"sourceCode":"54616110B68105682916253","parentId":"AZE:ADM1:AZE-2423"},"geometry":{"type":"Polygon","coordinates":[[[45.80846,39.36174],[45.7984,39.37765],[45.80098,39.40859],[45.82299,39.44443],[45.83351,39.45058],[45.83767,39.45981],[45.8218,39.48087],[45.8265,39.52262],[45.81906,39.56461],[45.79148,39.58644],[45.76482,39.59507],[45.73662,39.59987],[45.68951,39.59579],[45.65418,39.5838],[45.62102,39.56245],[45.60118,39.57013],[45.58413,39.57109],[45.56771,39.56725],[45.55624,39.5591],[45.5519,39.55094],[45.53113,39.54206],[45.48712,39.5099],[45.44249,39.46643],[45.41708,39.45946],[45.39445,39.44577],[45.38423,39.43231],[45.38299,39.42486],[45.3929,39.41332],[45.4139,39.40864],[45.42343,39.4023],[45.43869,39.37081],[45.45666,39.35601],[45.4711,39.35093],[45.50052,39.35135],[45.51469,39.34734],[45.52967,39.33972],[45.53866,39.32936],[45.55664,39.32047],[45.56099,39.31095],[45.56917,39.30418],[45.5628,39.29149],[45.56447,39.28524],[45.5835,39.27896],[45.61575,39.30312],[45.6424,39.31299],[45.65449,39.31299],[45.683,39.32936],[45.70935,39.33057],[45.73507,39.30722],[45.74344,39.31083],[45.76637,39.33418],[45.78187,39.3592],[45.79582,39.36378],[45.80846,39.36174]]]}},{"type":"Feature","properties":{"id":"AZE:ADM2:54616110B71765796178707","name":"Agdam District","countryCode":"AZE","adminLevel":2,"sourceCode":"54616110B71765796178707","parentId":"AZE:ADM1:AZE-1691"},"geometry":{"type":"Polygon","coordinates":[[[47.13159,40.18826],[47.09522,40.18251],[47.07253,40.18531],[47.06037,40.19308],[47.0547,40.2083],[47.0547,40.217],[47.04862,40.22912],[47.03241,40.22881],[47.01052,40.21731],[46.99472,40.22291],[46.98864,40.23098],[46.97405,40.23844],[46.96473,40.23875],[46.95662,40.23471],[46.95622,40.22508],[46.96554,40.20271],[46.96189,40.19183],[46.94283,40.18284],[46.92467,40.18125],[46.89744,40.19498],[46.88239,40.19637],[46.86735,40.19001],[46.85983,40.18225],[46.85516,40.15539],[46.84375,40.12612],[46.81262,40.1088],[46.79862,40.07294],[46.78579,40.0651],[46.78254,40.05401],[46.77372,40.04803],[46.73844,40.04385],[46.7147,40.03232],[46.76696,40.01102],[46.8006,40.01788],[46.84234,40.01819],[46.88327,39.97673],[46.88732,39.94648],[46.89745,39.93401],[46.91407,39.9287],[46.94001,39.93962],[46.95581,39.92777],[46.95703,39.91435],[46.94284,39.88469],[46.9084,39.85597],[46.88408,39.84128],[46.88408,39.82035],[46.89583,39.81972],[46.92987,39.84222],[46.97445,39.85534],[46.98864,39.86596],[46.99958,39.88938],[47.01174,39.89687],[47.0316,39.89999],[47.04902,39.90061],[47.13007,39.8594],[47.16331,39.85003],[47.1856,39.85128],[47.19694,39.87564],[47.20221,39.88001],[47.22004,39.88438],[47.25003,39.88844],[47.27151,39.87939],[47.28353,39.87788],[47.28577,39.88355],[47.30935,39.90558],[47.31824,39.91808],[47.31437,39.93415],[47.30394,39.94277],[47.27998,39.95229],[47.26877,39.95229],[47.23244,39.94248],[47.21659,39.93296],[47.19727,39.92998],[47.17137,39.93891],[47.1192,39.93891],[47.10683,39.94605],[47.09755,39.95675],[47.08944,39.974],[47.08944,39.98203],[47.13427,40.01473],[47.13813,40.0278],[47.1277,40.04474],[47.1277,40.06167],[47.1335,40.06879],[47.15514,40.07681],[47.19765,40.0774],[47.20538,40.08957],[47.20306,40.10174],[47.15553,40.11569],[47.15321,40.12311],[47.23862,40.16345],[47.2479,40.17323],[47.25022,40.18124],[47.24333,40.19706],[47.23592,40.19132],[47.22393,40.18924],[47.20848,40.18924],[47.19533,40.19309],[47.17601,40.1922],[47.14355,40.18242],[47.13159,40.18826]]]}},{"type":"Feature","properties":{"id":"AZE:ADM2:54616110B73470411147872","name":"Shusha City","countryCode":"AZE","adminLevel":2,"sourceCode":"54616110B73470411147872","parentId":"AZE:ADM1:AZE-1737"},"geometry":{"type":"Polygon","coordinates":[[[46.74664,39.75609],[46.72961,39.75188],[46.72517,39.73922],[46.73713,39.72225],[46.7433,39.71882],[46.75545,39.71972],[46.77053,39.73451],[46.77049,39.74116],[46.76046,39.75083],[46.74664,39.75609]]]}},{"type":"Feature","properties":{"id":"AZE:ADM2:54616110B75082210580506","name":"Kangarli District","countryCode":"AZE","adminLevel":2,"sourceCode":"54616110B75082210580506","parentId":"AZE:ADM1:AZE-2420"},"geometry":{"type":"Polygon","coordinates":[[[45.33196,39.55088],[45.32948,39.55738],[45.31421,39.56337],[45.30706,39.57196],[45.3003,39.59331],[45.28048,39.58915],[45.23546,39.56843],[45.21761,39.54233],[45.20372,39.49916],[45.17874,39.46042],[45.16479,39.44481],[45.06251,39.39432],[45.0449,39.37199],[45.06282,39.34308],[45.07956,39.32864],[45.09888,39.30514],[45.10384,39.31114],[45.15984,39.30349],[45.23676,39.31482],[45.23399,39.31643],[45.24534,39.32759],[45.25442,39.34875],[45.26438,39.35683],[45.29973,39.42785],[45.28859,39.46277],[45.29247,39.47778],[45.30845,39.48416],[45.31668,39.49617],[45.33196,39.55088]]]}},{"type":"Feature","properties":{"id":"AZE:ADM2:54616110B75141866412524","name":"Goranboy District","countryCode":"AZE","adminLevel":2,"sourceCode":"54616110B75141866412524","parentId":"AZE:ADM1:AZE-1681"},"geometry":{"type":"Polygon","coordinates":[[[46.78946,40.86575],[46.69986,40.89079],[46.70233,40.88541],[46.66931,40.8761],[46.6259,40.83741],[46.57309,40.79707],[46.57811,40.78238],[46.57347,40.77298],[46.55454,40.76563],[46.52118,40.74339],[46.52389,40.72897],[46.51605,40.70323],[46.50712,40.69341],[46.5161,40.68572],[46.52015,40.67338],[46.52177,40.60206],[46.51286,40.54273],[46.50442,40.52107],[46.47467,40.49322],[46.46404,40.49056],[46.4584,40.47877],[46.4506,40.47192],[46.40871,40.44063],[46.4083,40.42917],[46.40344,40.4174],[46.35845,40.38952],[46.354,40.37619],[46.354,40.34984],[46.3621,40.30642],[46.34851,40.29713],[46.34173,40.28334],[46.34668,40.27832],[46.38951,40.26408],[46.4242,40.25823],[46.45176,40.26154],[46.47151,40.26866],[46.48728,40.28201],[46.51998,40.2979],[46.53559,40.30019],[46.55715,40.31342],[46.56337,40.32692],[46.5862,40.34716],[46.63003,40.35907],[46.68631,40.38882],[46.74405,40.41096],[46.75752,40.40902],[46.83073,40.41574],[46.83826,40.42706],[46.90659,40.45227],[46.92999,40.47978],[46.94975,40.48891],[46.97775,40.49108],[47.00547,40.53577],[46.99358,40.5456],[46.98215,40.54793],[46.93433,40.54197],[46.91714,40.55651],[46.91214,40.56724],[46.91464,40.58678],[46.92964,40.62204],[46.93026,40.63299],[46.92464,40.6418],[46.90307,40.65299],[46.90623,40.65358],[46.87619,40.66084],[46.86025,40.66037],[46.84462,40.64966],[46.81618,40.64109],[46.80368,40.64632],[46.80493,40.67298],[46.81431,40.68321],[46.85306,40.70772],[46.85556,40.71366],[46.8515,40.7265],[46.84244,40.7315],[46.78086,40.74838],[46.76586,40.7605],[46.7643,40.77856],[46.76711,40.78854],[46.79086,40.83627],[46.78946,40.86575]],[[46.79828,40.46669],[46.81848,40.4602],[46.82738,40.45046],[46.82798,40.44274],[46.81504,40.43115],[46.79219,40.42791],[46.77804,40.43718],[46.77561,40.45448],[46.78653,40.4639],[46.79828,40.46669]]]}},{"type":"Feature","properties":{"id":"AZE:ADM2:54616110B75219613739908","name":"Sumqayit City","countryCode":"AZE","adminLevel":2,"sourceCode":"54616110B75219613739908","parentId":"AZE:ADM1:AZE-1717"},"geometry":{"type":"Polygon","coordinates":[[[49.68582,40.59083],[49.69138,40.58602],[49.7105,40.5752],[49.68981,40.54248],[49.67224,40.53371],[49.65802,40.53179],[49.62374,40.54168],[49.59969,40.56082],[49.59216,40.57039],[49.58724,40.58714],[49.57747,40.59632],[49.55686,40.60805],[49.54361,40.6209],[49.53387,40.64113],[49.53529,40.64953],[49.55566,40.63184],[49.58622,40.62132],[49.62768,40.61347],[49.66661,40.61292],[49.67037,40.61092],[49.68304,40.60235],[49.68582,40.59083]]]}},{"type":"Feature","properties":{"id":"AZE:ADM2:54616110B75800990015815","name":"Agdash District","countryCode":"AZE","adminLevel":2,"sourceCode":"54616110B75800990015815","parentId":"AZE:ADM1:AZE-1692"},"geometry":{"type":"Polygon","coordinates":[[[47.55367,40.77084],[47.5308,40.77064],[47.52061,40.76615],[47.50988,40.76901],[47.49861,40.78002],[47.47178,40.78369],[47.44818,40.79552],[47.43637,40.78573],[47.42403,40.78206],[47.38433,40.79063],[47.36823,40.79878],[47.33282,40.79715],[47.31599,40.8008],[47.30877,40.76739],[47.29252,40.74481],[47.28367,40.73808],[47.28287,40.72218],[47.25112,40.66568],[47.27908,40.62656],[47.27064,40.60441],[47.25376,40.58368],[47.23016,40.56572],[47.2243,40.55463],[47.23205,40.5493],[47.24249,40.51214],[47.26838,40.49326],[47.29428,40.46345],[47.31283,40.45518],[47.32249,40.44337],[47.32597,40.42861],[47.34143,40.40763],[47.3708,40.38577],[47.36958,40.36947],[47.39803,40.35964],[47.41039,40.34809],[47.42795,40.32027],[47.45516,40.31213],[47.50439,40.33295],[47.56845,40.39652],[47.56623,40.41165],[47.53778,40.43698],[47.51181,40.44492],[47.49944,40.4555],[47.49573,40.46287],[47.49845,40.48629],[47.50711,40.50518],[47.51527,40.53613],[47.54202,40.549],[47.5567,40.549],[47.56791,40.55696],[47.58337,40.55991],[47.59767,40.55932],[47.61429,40.55224],[47.62743,40.55814],[47.64791,40.59468],[47.64714,40.61294],[47.65371,40.6259],[47.63845,40.66092],[47.63154,40.65972],[47.57909,40.67954],[47.57041,40.71521],[47.56752,40.7576],[47.55367,40.77084]]]}},{"type":"Feature","properties":{"id":"AZE:ADM2:54616110B76249555634218","name":"Barda District","countryCode":"AZE","adminLevel":2,"sourceCode":"54616110B76249555634218","parentId":"AZE:ADM1:AZE-1696"},"geometry":{"type":"Polygon","coordinates":[[[47.00033,40.43582],[47.00325,40.41059],[47.01639,40.39611],[47.02257,40.3772],[47.05427,40.35148],[47.062,40.34053],[47.0763,40.33196],[47.10915,40.32545],[47.11572,40.31894],[47.11726,40.29261],[47.11031,40.26656],[47.10992,40.23132],[47.12152,40.21354],[47.12577,40.19635],[47.13159,40.18826],[47.14355,40.18242],[47.17601,40.1922],[47.19533,40.19309],[47.20848,40.18924],[47.23592,40.19132],[47.24333,40.19706],[47.25138,40.20999],[47.26297,40.21621],[47.28754,40.19956],[47.29176,40.18844],[47.31411,40.17455],[47.3286,40.17316],[47.34974,40.17779],[47.36363,40.1852],[47.39986,40.21391],[47.45844,40.23474],[47.4832,40.25186],[47.49467,40.25554],[47.49216,40.26685],[47.45853,40.28077],[47.4508,40.29764],[47.45382,40.31276],[47.42795,40.32027],[47.41039,40.34809],[47.39803,40.35964],[47.36958,40.36947],[47.3708,40.38577],[47.34143,40.40763],[47.32597,40.42861],[47.32249,40.44337],[47.31283,40.45518],[47.29428,40.46345],[47.26838,40.49326],[47.24249,40.51214],[47.23205,40.5493],[47.2243,40.55463],[47.17343,40.49878],[47.15483,40.49145],[47.15083,40.48657],[47.12562,40.48351],[47.11282,40.49649],[47.08689,40.50479],[47.06608,40.49984],[47.05584,40.49251],[47.04739,40.48088],[47.03819,40.45113],[47.01622,40.43733],[47.00547,40.43397],[47.00033,40.43582]]]}},{"type":"Feature","properties":{"id":"AZE:ADM2:54616110B77048085748362","name":"Quba District","countryCode":"AZE","adminLevel":2,"sourceCode":"54616110B77048085748362","parentId":"AZE:ADM1:AZE-1728"},"geometry":{"type":"Polygon","coordinates":[[[48.65182,41.48844],[48.59016,41.46583],[48.48852,41.44236],[48.44558,41.41691],[48.41088,41.40305],[48.39283,41.39989],[48.38232,41.38972],[48.3447,41.37485],[48.31458,41.35278],[48.27241,41.32987],[48.25653,41.32801],[48.24174,41.32141],[48.2275,41.30159],[48.21217,41.29642],[48.18999,41.28073],[48.16534,41.27659],[48.08883,41.23932],[48.0397,41.20416],[48.01849,41.19807],[48.00325,41.18841],[47.988,41.18404],[47.96343,41.18301],[47.96276,41.15534],[47.99205,41.12929],[48.00353,41.11453],[48.02047,41.10584],[48.06354,41.09303],[48.07905,41.0813],[48.09743,41.07369],[48.13131,41.06565],[48.17123,41.04938],[48.18722,41.0484],[48.20045,41.0388],[48.22526,41.03296],[48.24327,41.02391],[48.30446,41.01236],[48.34176,40.99928],[48.39414,40.98925],[48.42152,40.98981],[48.45557,40.97095],[48.51505,40.95986],[48.53233,40.96098],[48.5586,40.95694],[48.60326,40.9366],[48.65582,40.92712],[48.67879,40.91862],[48.72923,40.91165],[48.72754,40.9214],[48.73266,40.98173],[48.71866,40.98969],[48.71321,41.00001],[48.73344,41.02889],[48.7708,41.05276],[48.77936,41.06454],[48.77863,41.08061],[48.7536,41.10666],[48.69965,41.13979],[48.69965,41.1524],[48.70413,41.16238],[48.74548,41.20471],[48.75544,41.2096],[48.78557,41.21299],[48.79329,41.21938],[48.80649,41.23461],[48.8177,41.2551],[48.81396,41.25999],[48.80101,41.26168],[48.79429,41.26882],[48.79628,41.33136],[48.80101,41.34168],[48.79983,41.36642],[48.7909,41.35922],[48.75042,41.35538],[48.71264,41.38371],[48.70674,41.39283],[48.69559,41.42871],[48.68379,41.43963],[48.65182,41.48844]]]}},{"type":"Feature","properties":{"id":"AZE:ADM2:54616110B78302808254353","name":"Jalilabad District","countryCode":"AZE","adminLevel":2,"sourceCode":"54616110B78302808254353","parentId":"AZE:ADM1:AZE-1700"},"geometry":{"type":"Polygon","coordinates":[[[48.74005,39.43883],[48.69313,39.46084],[48.68244,39.45355],[48.66073,39.43246],[48.65717,39.42266],[48.64585,39.41547],[48.63978,39.40604],[48.63877,39.37698],[48.64332,39.36126],[48.61953,39.33886],[48.59321,39.34279],[48.56638,39.35969],[48.55828,39.38169],[48.55828,39.39779],[48.55322,39.41586],[48.53956,39.42371],[48.51374,39.42214],[48.50362,39.41429],[48.48793,39.38955],[48.44743,39.36873],[48.40896,39.35694],[48.38011,39.33808],[48.35075,39.33925],[48.34367,39.34869],[48.34265,39.36716],[48.33253,39.37737],[48.31937,39.37855],[48.30064,39.37266],[48.28039,39.36323],[48.24597,39.33965],[48.21004,39.33139],[48.15385,39.30269],[48.1417,39.29325],[48.12848,39.26645],[48.13496,39.23094],[48.15278,39.21582],[48.17578,39.18633],[48.22739,39.14812],[48.27715,39.13536],[48.30804,39.1029],[48.31654,39.08739],[48.31696,39.0764],[48.32338,39.06008],[48.33616,39.04493],[48.33894,39.05956],[48.34604,39.06438],[48.36551,39.06583],[48.38868,39.07642],[48.40412,39.07329],[48.43842,39.04246],[48.4696,39.0294],[48.51583,39.03155],[48.52757,39.04102],[48.55791,39.07604],[48.64045,39.12522],[48.6445,39.1331],[48.636,39.14444],[48.64693,39.16996],[48.68739,39.17468],[48.6886,39.18319],[48.69669,39.19767],[48.71693,39.18665],[48.72892,39.18359],[48.72994,39.20255],[48.73983,39.22634],[48.73713,39.25886],[48.73444,39.27459],[48.72066,39.28731],[48.70886,39.31437],[48.70511,39.36108],[48.71289,39.39392],[48.73131,39.4129],[48.73332,39.42719],[48.74005,39.43883]]]}},{"type":"Feature","properties":{"id":"AZE:ADM2:54616110B78344971255813","name":"Yevlakh City","countryCode":"AZE","adminLevel":2,"sourceCode":"54616110B78344971255813","parentId":"AZE:ADM1:AZE-5566"},"geometry":{"type":"Polygon","coordinates":[[[47.19398,40.59548],[47.20021,40.60156],[47.20305,40.61409],[47.19136,40.62781],[47.18125,40.63431],[47.1724,40.6372],[47.15408,40.63551],[47.13701,40.62733],[47.1307,40.61818],[47.13164,40.60831],[47.14902,40.59386],[47.17714,40.59049],[47.19398,40.59548]]]}},{"type":"Feature","properties":{"id":"AZE:ADM2:54616110B79262118902245","name":"Nakhchivan City","countryCode":"AZE","adminLevel":2,"sourceCode":"54616110B79262118902245","parentId":"AZE:ADM1:AZE-2422"},"geometry":{"type":"Polygon","coordinates":[[[45.41701,39.2396],[45.40003,39.23928],[45.37865,39.2253],[45.37493,39.21976],[45.37989,39.19878],[45.39445,39.18672],[45.4208,39.18575],[45.43227,39.18961],[45.44497,39.20119],[45.44838,39.20915],[45.449,39.21976],[45.44094,39.23157],[45.41701,39.2396]]]}},{"type":"Feature","properties":{"id":"AZE:ADM2:54616110B79809370995070","name":"Tartar District","countryCode":"AZE","adminLevel":2,"sourceCode":"54616110B79809370995070","parentId":"AZE:ADM1:AZE-1738"},"geometry":{"type":"Polygon","coordinates":[[[46.97775,40.49108],[46.94975,40.48891],[46.92999,40.47978],[46.90659,40.45227],[46.83826,40.42706],[46.83073,40.41574],[46.75752,40.40902],[46.74405,40.41096],[46.68631,40.38882],[46.63003,40.35907],[46.5862,40.34716],[46.57582,40.34002],[46.56337,40.32692],[46.55715,40.31342],[46.54467,40.30614],[46.55066,40.29972],[46.54911,40.29118],[46.53173,40.26595],[46.52498,40.24548],[46.53328,40.21705],[46.54833,40.20433],[46.55611,40.18961],[46.55617,40.1545],[46.55982,40.15055],[46.5653,40.15119],[46.59418,40.16482],[46.6219,40.1843],[46.63087,40.18634],[46.64365,40.1829],[46.64913,40.1708],[46.68283,40.15399],[46.69362,40.13858],[46.72017,40.11857],[46.75582,40.1078],[46.76568,40.07514],[46.78202,40.06438],[46.79136,40.06617],[46.79862,40.07294],[46.81262,40.1088],[46.84375,40.12612],[46.85516,40.15539],[46.85983,40.18225],[46.86735,40.19001],[46.88239,40.19637],[46.89744,40.19498],[46.92467,40.18125],[46.94283,40.18284],[46.96189,40.19183],[46.96554,40.20271],[46.95622,40.22508],[46.95662,40.23471],[46.96473,40.23875],[46.97405,40.23844],[46.98864,40.23098],[46.99472,40.22291],[47.01052,40.21731],[47.03241,40.22881],[47.04862,40.22912],[47.0547,40.217],[47.0547,40.2083],[47.06037,40.19308],[47.07253,40.18531],[47.09522,40.18251],[47.13159,40.18826],[47.12577,40.19635],[47.12152,40.21354],[47.10992,40.23132],[47.11031,40.26656],[47.11726,40.29261],[47.11572,40.31894],[47.10915,40.32545],[47.0763,40.33196],[47.062,40.34053],[47.05427,40.35148],[47.02257,40.3772],[47.01639,40.39611],[47.00325,40.41059],[47.00033,40.43582],[46.99131,40.44106],[46.97666,40.46307],[46.97775,40.49108]]]}},{"type":"Feature","properties":{"id":"AZE:ADM2:54616110B79964383852369","name":"Sadarak District","countryCode":"AZE","adminLevel":2,"sourceCode":"54616110B79964383852369","parentId":"AZE:ADM1:AZE-2419"},"geometry":{"type":"MultiPolygon","coordinates":[[[[44.98858,39.74001],[44.94962,39.72837],[44.93395,39.72745],[44.90559,39.73373],[44.89468,39.74353],[44.88357,39.74445],[44.79153,39.72469],[44.76515,39.71565],[44.76595,39.70064],[44.77273,39.69355],[44.7845,39.68469],[44.80465,39.67966],[44.81488,39.6732],[44.81767,39.66673],[44.8093,39.64756],[44.79845,39.6387],[44.79132,39.62768],[44.79783,39.62072],[44.82789,39.61569],[44.84184,39.61641],[44.8685,39.60538],[44.87161,39.58842],[44.94288,39.61048],[44.94665,39.61892],[44.95285,39.62329],[44.94955,39.6334],[44.93572,39.65362],[44.94209,39.66983],[44.95141,39.67995],[44.98592,39.70018],[44.99406,39.71274],[44.99505,39.71872],[44.98612,39.73403],[44.98858,39.74001]]],[[[44.96331,39.77614],[44.96966,39.78211],[44.97025,39.78807],[44.96291,39.80246],[44.94229,39.80368],[44.93177,39.80093],[44.93019,39.78654],[44.93951,39.77797],[44.95518,39.77246],[44.96331,39.77614]]]]}},{"type":"Feature","properties":{"id":"AZE:ADM2:54616110B82810927503709","name":"Kurdamir District","countryCode":"AZE","adminLevel":2,"sourceCode":"54616110B82810927503709","parentId":"AZE:ADM1:AZE-1706"},"geometry":{"type":"Polygon","coordinates":[[[48.07951,40.53026],[48.0688,40.47526],[48.06223,40.46817],[48.04716,40.46404],[48.02739,40.46583],[48.02307,40.42608],[48.01281,40.38361],[48.00616,40.37298],[47.9802,40.35081],[47.97174,40.3388],[47.9634,40.33561],[47.96599,40.31776],[47.96599,40.24435],[47.97411,40.23013],[47.97537,40.19076],[47.97295,40.18474],[47.9494,40.14721],[47.93732,40.14119],[47.89143,40.13516],[47.88418,40.12728],[47.87935,40.10317],[47.8872,40.09111],[47.90833,40.07673],[47.93611,40.09065],[47.95181,40.09111],[47.9651,40.08137],[47.9808,40.07581],[47.99107,40.07859],[47.99952,40.09807],[47.99228,40.11245],[47.99348,40.11894],[48.011,40.11662],[48.03334,40.14953],[48.05146,40.15463],[48.0732,40.15463],[48.09011,40.1398],[48.10218,40.1143],[48.12815,40.1143],[48.14325,40.09204],[48.15895,40.08045],[48.19337,40.07581],[48.24651,40.0475],[48.27528,40.02252],[48.33981,40.03983],[48.35024,40.04891],[48.36205,40.08627],[48.3822,40.10628],[48.38949,40.11055],[48.40686,40.11189],[48.42041,40.12175],[48.43813,40.14629],[48.50064,40.16608],[48.49476,40.16876],[48.49133,40.18217],[48.48413,40.19295],[48.48653,40.26338],[48.47076,40.30171],[48.46252,40.31343],[48.45396,40.31203],[48.41463,40.34278],[48.4096,40.3575],[48.36692,40.38119],[48.3644,40.39527],[48.36943,40.41383],[48.36859,40.4375],[48.35771,40.45348],[48.33176,40.46179],[48.26648,40.45988],[48.22881,40.42982],[48.20537,40.43494],[48.20537,40.46819],[48.1811,40.47074],[48.13423,40.45156],[48.12084,40.4765],[48.12084,40.49056],[48.12251,40.511],[48.13674,40.5308],[48.13546,40.54151],[48.10804,40.54538],[48.0981,40.54355],[48.08781,40.53282],[48.07951,40.53026]]]}},{"type":"Feature","properties":{"id":"AZE:ADM2:54616110B84154267491992","name":"Ganja City","countryCode":"AZE","adminLevel":2,"sourceCode":"54616110B84154267491992","parentId":"AZE:ADM1:AZE-1679"},"geometry":{"type":"Polygon","coordinates":[[[46.39179,40.6894],[46.39247,40.70503],[46.38855,40.71351],[46.38041,40.7197],[46.35149,40.72841],[46.33823,40.72039],[46.31593,40.69379],[46.31412,40.68094],[46.31714,40.67062],[46.32979,40.66443],[46.33762,40.65548],[46.35992,40.65272],[46.37077,40.66833],[46.38764,40.6814],[46.39179,40.6894]]]}},{"type":"Feature","properties":{"id":"AZE:ADM2:54616110B84161876100413","name":"Aghjabadi District","countryCode":"AZE","adminLevel":2,"sourceCode":"54616110B84161876100413","parentId":"AZE:ADM1:AZE-1722"},"geometry":{"type":"Polygon","coordinates":[[[47.49467,40.25554],[47.4832,40.25186],[47.45844,40.23474],[47.39986,40.21391],[47.36363,40.1852],[47.34974,40.17779],[47.3286,40.17316],[47.31411,40.17455],[47.29176,40.18844],[47.28754,40.19956],[47.26297,40.21621],[47.25138,40.20999],[47.24333,40.19706],[47.25022,40.18124],[47.2479,40.17323],[47.23862,40.16345],[47.15321,40.12311],[47.15553,40.11569],[47.20306,40.10174],[47.20538,40.08957],[47.19765,40.0774],[47.15514,40.07681],[47.1335,40.06879],[47.1277,40.06167],[47.1277,40.04474],[47.13813,40.0278],[47.13427,40.01473],[47.08944,39.98203],[47.08944,39.974],[47.09755,39.95675],[47.10683,39.94605],[47.1192,39.93891],[47.17137,39.93891],[47.19727,39.92998],[47.21659,39.93296],[47.23244,39.94248],[47.26877,39.95229],[47.27998,39.95229],[47.30394,39.94277],[47.31437,39.93415],[47.31824,39.91808],[47.30935,39.90558],[47.28577,39.88355],[47.28152,39.87283],[47.28152,39.86062],[47.28577,39.84662],[47.30394,39.8344],[47.35993,39.81876],[47.36686,39.8077],[47.36834,39.79835],[47.36191,39.77526],[47.34979,39.75407],[47.34707,39.74234],[47.35078,39.7386],[47.377,39.74032],[47.39926,39.7472],[47.41138,39.75674],[47.4235,39.76075],[47.48064,39.76839],[47.48188,39.78003],[47.45145,39.7993],[47.4522,39.80503],[47.46234,39.81418],[47.48361,39.8241],[47.48658,39.8304],[47.47693,39.83955],[47.4705,39.8529],[47.47421,39.86128],[47.48237,39.86891],[47.53877,39.90016],[47.58799,39.9013],[47.60902,39.91311],[47.66912,39.9234],[47.68849,39.93831],[47.69197,39.94694],[47.70318,39.95973],[47.70434,39.97787],[47.71246,39.99541],[47.71246,40.04028],[47.73217,40.07028],[47.75806,40.11896],[47.78057,40.14638],[47.76657,40.15752],[47.75961,40.17472],[47.7426,40.19576],[47.72869,40.20406],[47.71709,40.20643],[47.71014,40.20376],[47.70125,40.1762],[47.67188,40.17976],[47.62279,40.16671],[47.57989,40.17116],[47.54163,40.159],[47.52346,40.17709],[47.51535,40.19576],[47.50027,40.20791],[47.49467,40.25554]]]}},{"type":"Feature","properties":{"id":"AZE:ADM2:54616110B84187356839814","name":"Tovuz District","countryCode":"AZE","adminLevel":2,"sourceCode":"54616110B84187356839814","parentId":"AZE:ADM1:AZE-1687"},"geometry":{"type":"Polygon","coordinates":[[[46.10675,41.1828],[46.08514,41.18209],[46.05662,41.19696],[46.01014,41.192],[45.97136,41.18144],[45.95767,41.18295],[45.93885,41.18769],[45.92573,41.19566],[45.92088,41.19286],[45.86983,41.21634],[45.83932,41.22194],[45.80937,41.2327],[45.782,41.23464],[45.71156,41.20105],[45.69363,41.18748],[45.66823,41.17872],[45.6562,41.16829],[45.63525,41.13461],[45.61966,41.13562],[45.58,41.16088],[45.55104,41.15751],[45.55059,41.12147],[45.57243,41.1063],[45.58758,41.09046],[45.58891,41.06618],[45.58332,41.03967],[45.57733,41.03211],[45.54614,41.0095],[45.49356,41.00376],[45.48331,40.99904],[45.4735,40.98891],[45.46816,40.9754],[45.46014,40.96628],[45.46014,40.95784],[45.47796,40.94128],[45.47796,40.93115],[45.48821,40.92371],[45.50603,40.91932],[45.53633,40.90242],[45.56084,40.89363],[45.56663,40.88619],[45.59292,40.87773],[45.5956,40.84458],[45.58551,40.83082],[45.58351,40.82151],[45.55756,40.79334],[45.53132,40.7747],[45.5011,40.76754],[45.49226,40.76169],[45.48245,40.7479],[45.49169,40.73892],[45.49653,40.72742],[45.49425,40.69335],[45.48921,40.69024],[45.52863,40.66796],[45.5299,40.67229],[45.56868,40.66947],[45.60861,40.66165],[45.62543,40.64862],[45.628,40.60799],[45.66878,40.59951],[45.68589,40.58082],[45.70498,40.57926],[45.72129,40.60252],[45.72457,40.63659],[45.72841,40.64507],[45.72822,40.66314],[45.72512,40.67065],[45.72753,40.67902],[45.72382,40.6914],[45.73124,40.71223],[45.72525,40.74976],[45.72667,40.76472],[45.73665,40.78229],[45.73865,40.79182],[45.74903,40.80015],[45.74597,40.80435],[45.74597,40.81878],[45.72951,40.83129],[45.73078,40.85197],[45.74217,40.86687],[45.75484,40.87696],[45.78397,40.89282],[45.82639,40.90676],[45.84539,40.91637],[45.87768,40.93942],[45.89035,40.95046],[45.9045,40.97966],[45.9032,40.98682],[45.85842,41.02052],[45.82021,41.03866],[45.80481,41.05204],[45.81394,41.06413],[45.83932,41.06133],[45.8724,41.04427],[45.93514,41.0216],[45.94512,41.01425],[45.97734,41.01793],[46.00672,41.0041],[46.03685,41.00073],[46.03586,41.00425],[46.09827,41.00548],[46.12543,41.03678],[46.15461,41.05489],[46.18905,41.09322],[46.20283,41.10548],[46.23363,41.12295],[46.23984,41.13216],[46.21327,41.1442],[46.16959,41.15501],[46.12476,41.17224],[46.1066,41.18041],[46.10675,41.1828]]]}},{"type":"Feature","properties":{"id":"AZE:ADM2:54616110B86237771899826","name":"Masally District","countryCode":"AZE","adminLevel":2,"sourceCode":"54616110B86237771899826","parentId":"AZE:ADM1:AZE-1708"},"geometry":{"type":"Polygon","coordinates":[[[48.72892,39.18359],[48.71693,39.18665],[48.69669,39.19767],[48.6886,39.18319],[48.68739,39.17468],[48.64693,39.16996],[48.636,39.14444],[48.6445,39.1331],[48.64045,39.12522],[48.55791,39.07604],[48.52757,39.04102],[48.51583,39.03155],[48.47092,39.03061],[48.46364,39.02398],[48.45959,39.0123],[48.46202,38.99557],[48.47618,38.98167],[48.52028,38.97662],[48.53387,38.96934],[48.56641,38.94345],[48.57207,38.93524],[48.57733,38.91279],[48.57536,38.90364],[48.594,38.88765],[48.63181,38.86437],[48.66522,38.86113],[48.69241,38.87875],[48.72452,38.88927],[48.74161,38.90162],[48.76232,38.91052],[48.76724,38.92286],[48.79029,38.9354],[48.81515,38.93641],[48.83509,38.92144],[48.85296,38.94774],[48.85658,38.96613],[48.86772,38.98069],[48.89389,38.98981],[48.88536,39.00964],[48.86689,39.02759],[48.875,39.07308],[48.84487,39.08407],[48.83444,39.09175],[48.82382,39.10905],[48.82575,39.13914],[48.83367,39.14877],[48.83499,39.16739],[48.82888,39.16475],[48.80909,39.17245],[48.79785,39.17245],[48.78346,39.16545],[48.76861,39.16334],[48.72949,39.177],[48.72892,39.18359]]]}},{"type":"Feature","properties":{"id":"AZE:ADM2:54616110B8701125158325","name":"Ujar District","countryCode":"AZE","adminLevel":2,"sourceCode":"54616110B8701125158325","parentId":"AZE:ADM1:AZE-1718"},"geometry":{"type":"Polygon","coordinates":[[[47.56845,40.39851],[47.59496,40.38518],[47.62202,40.37897],[47.66299,40.36123],[47.68656,40.33787],[47.70086,40.31687],[47.75736,40.32863],[47.78997,40.31892],[47.86425,40.32632],[47.89626,40.33556],[47.95967,40.33418],[47.97174,40.3388],[47.9802,40.35081],[48.00616,40.37298],[48.01281,40.38361],[48.02307,40.42608],[48.02739,40.46583],[47.96561,40.46994],[47.94435,40.47437],[47.92928,40.4788],[47.89449,40.49798],[47.84927,40.50299],[47.81101,40.51686],[47.80096,40.50919],[47.79478,40.49326],[47.777,40.48942],[47.7627,40.49473],[47.74222,40.51066],[47.69313,40.53013],[47.68231,40.5204],[47.65642,40.51361],[47.65178,40.51833],[47.65139,40.52807],[47.62279,40.5431],[47.61729,40.55359],[47.60695,40.55431],[47.59767,40.55932],[47.58337,40.55991],[47.56791,40.55696],[47.5567,40.549],[47.54202,40.549],[47.51527,40.53613],[47.50711,40.50518],[47.49845,40.48629],[47.49573,40.46287],[47.49944,40.4555],[47.51181,40.44492],[47.53778,40.43698],[47.56623,40.41165],[47.56845,40.39851]]]}},{"type":"Feature","properties":{"id":"AZE:ADM2:54616110B87325868620163","name":"Khojaly District","countryCode":"AZE","adminLevel":2,"sourceCode":"54616110B87325868620163","parentId":"AZE:ADM1:AZE-1739"},"geometry":{"type":"Polygon","coordinates":[[[46.77053,39.73451],[46.77983,39.73056],[46.78701,39.71632],[46.79611,39.70763],[46.80042,39.69839],[46.80066,39.68858],[46.81382,39.67156],[46.84423,39.65565],[46.8483,39.64936],[46.86889,39.64862],[46.8823,39.66231],[46.92755,39.6884],[46.93569,39.69635],[46.9376,39.72353],[46.93449,39.73241],[46.88325,39.75976],[46.86937,39.77029],[46.86496,39.77757],[46.86994,39.80425],[46.88553,39.82027],[46.88408,39.84128],[46.9084,39.85597],[46.94284,39.88469],[46.95703,39.91435],[46.95581,39.92777],[46.94001,39.93962],[46.91407,39.9287],[46.89745,39.93401],[46.88732,39.94648],[46.88327,39.97673],[46.84234,40.01819],[46.8006,40.01788],[46.76696,40.01102],[46.7147,40.03232],[46.68891,40.01813],[46.66686,40.01793],[46.65545,40.01334],[46.63911,39.99998],[46.61925,39.97441],[46.60531,39.9665],[46.58638,39.97186],[46.56696,39.98552],[46.55534,39.99868],[46.54621,39.99855],[46.5087,39.97326],[46.48657,39.96881],[46.46645,39.95988],[46.47373,39.95508],[46.47799,39.94055],[46.47041,39.92111],[46.46988,39.91159],[46.50257,39.89675],[46.51994,39.88452],[46.55483,39.84355],[46.56438,39.83779],[46.565,39.81841],[46.57353,39.77843],[46.62665,39.77897],[46.64058,39.78714],[46.66232,39.79015],[46.68295,39.78886],[46.72391,39.77862],[46.74664,39.75609],[46.76046,39.75083],[46.77049,39.74116],[46.77053,39.73451]],[[46.82493,39.85575],[46.83008,39.85079],[46.83008,39.82344],[46.79999,39.81288],[46.76605,39.82716],[46.76355,39.83236],[46.76316,39.85451],[46.76972,39.86476],[46.79151,39.87086],[46.81195,39.87011],[46.81369,39.86432],[46.82493,39.85575]]]}},{"type":"Feature","properties":{"id":"AZE:ADM2:54616110B88384638285498","name":"Dashkasan District","countryCode":"AZE","adminLevel":2,"sourceCode":"54616110B88384638285498","parentId":"AZE:ADM1:AZE-1677"},"geometry":{"type":"Polygon","coordinates":[[[46.17544,40.30413],[46.1867,40.34033],[46.19366,40.35195],[46.25762,40.38973],[46.26332,40.40232],[46.26205,40.42555],[46.25192,40.43474],[46.19683,40.46425],[46.18733,40.47683],[46.16137,40.49665],[46.1677,40.51405],[46.22596,40.56526],[46.22596,40.57057],[46.21013,40.58361],[46.19113,40.58892],[46.1468,40.61498],[46.14111,40.62704],[46.12257,40.64579],[46.10481,40.64694],[46.07446,40.6576],[46.06512,40.67005],[46.041,40.66906],[46.00703,40.61987],[45.97798,40.58883],[45.94789,40.57083],[45.9397,40.56918],[45.93229,40.5508],[45.92002,40.54188],[45.89921,40.53013],[45.86812,40.5186],[45.83789,40.49879],[45.83675,40.46874],[45.85386,40.44282],[45.87753,40.41754],[45.87632,40.36641],[45.8683,40.33709],[45.85493,40.32038],[45.86162,40.3081],[45.87855,40.30196],[45.8888,40.29309],[45.90707,40.28968],[45.93044,40.29377],[45.92921,40.29574],[45.9427,40.30111],[45.96968,40.30567],[46.02233,40.30826],[46.08691,40.30289],[46.17544,40.30413]]]}},{"type":"Feature","properties":{"id":"AZE:ADM2:54616110B88432173472444","name":"Absheron District","countryCode":"AZE","adminLevel":2,"sourceCode":"54616110B88432173472444","parentId":"AZE:ADM1:AZE-1690"},"geometry":{"type":"MultiPolygon","coordinates":[[[[49.70243,40.43103],[49.67393,40.43355],[49.67173,40.40456],[49.65946,40.38662],[49.64016,40.37069],[49.63731,40.35526],[49.64586,40.34185],[49.66275,40.34554],[49.68884,40.36717],[49.69804,40.36717],[49.72852,40.35292],[49.73268,40.3551],[49.7465,40.38126],[49.75461,40.38176],[49.76403,40.38729],[49.76425,40.39919],[49.75329,40.41461],[49.74847,40.42735],[49.71098,40.42802],[49.70243,40.43103]]],[[[49.29901,40.51734],[49.29973,40.51117],[49.29219,40.49251],[49.28227,40.48577],[49.24882,40.47974],[49.25305,40.46627],[49.22843,40.4636],[49.18892,40.44297],[49.17017,40.43903],[49.14536,40.4285],[49.13048,40.42064],[49.11247,40.39873],[49.09549,40.38828],[49.0619,40.38521],[49.03692,40.37182],[49.00936,40.3426],[48.9973,40.33777],[48.99098,40.3281],[48.97002,40.31184],[48.95164,40.30986],[48.92235,40.3248],[48.89651,40.33271],[48.89077,40.3415],[48.88158,40.34194],[48.87268,40.33205],[48.86981,40.32041],[48.87584,40.307],[48.91547,40.27765],[48.9322,40.26949],[48.97942,40.23105],[49.01481,40.19392],[49.02486,40.17894],[49.06736,40.17299],[49.16728,40.16639],[49.19168,40.15581],[49.21264,40.13554],[49.22327,40.08946],[49.25399,40.05461],[49.2583,40.02879],[49.26433,40.01532],[49.29448,39.99037],[49.30332,39.98916],[49.31773,39.99766],[49.31544,40.02217],[49.33267,40.04005],[49.34616,40.07358],[49.35363,40.12298],[49.38636,40.15185],[49.39296,40.16462],[49.39069,40.18244],[49.39381,40.20569],[49.43112,40.22626],[49.43424,40.23443],[49.43919,40.25686],[49.43747,40.27204],[49.44608,40.28809],[49.44924,40.30524],[49.44264,40.3582],[49.44666,40.37028],[49.43939,40.38875],[49.44508,40.42317],[49.45997,40.43314],[49.47063,40.43258],[49.48276,40.42598],[49.4958,40.42668],[49.52556,40.44694],[49.55164,40.47115],[49.56516,40.47524],[49.62042,40.47891],[49.66681,40.47769],[49.68646,40.47274],[49.70047,40.45805],[49.73329,40.45118],[49.76967,40.44958],[49.78222,40.46443],[49.78201,40.47098],[49.79267,40.47785],[49.87066,40.48344],[49.90934,40.49269],[49.92126,40.50131],[49.91938,40.50658],[49.90851,40.51488],[49.86564,40.51647],[49.83784,40.53307],[49.80396,40.54296],[49.77637,40.54248],[49.76758,40.53514],[49.75169,40.5294],[49.73267,40.53211],[49.72681,40.53881],[49.72932,40.5554],[49.73873,40.56847],[49.72598,40.57549],[49.7105,40.5752],[49.68981,40.54248],[49.67224,40.53371],[49.65802,40.53179],[49.62374,40.54168],[49.59969,40.56082],[49.59216,40.57039],[49.58724,40.58714],[49.57747,40.59632],[49.55686,40.60805],[49.54361,40.6209],[49.53387,40.64113],[49.53529,40.64953],[49.53182,40.65693],[49.51915,40.64826],[49.51071,40.62192],[49.48409,40.60734],[49.47628,40.59811],[49.44552,40.57709],[49.44233,40.57222],[49.44329,40.55861],[49.43818,40.54913],[49.44153,40.53879],[49.39947,40.51609],[49.38901,40.51438],[49.36884,40.51723],[49.29901,40.51734]]]]}},{"type":"Feature","properties":{"id":"AZE:ADM2:54616110B88730523237575","name":"Goychay District","countryCode":"AZE","adminLevel":2,"sourceCode":"54616110B88730523237575","parentId":"AZE:ADM1:AZE-1703"},"geometry":{"type":"Polygon","coordinates":[[[47.63845,40.66092],[47.65371,40.6259],[47.64714,40.61294],[47.64791,40.59468],[47.62743,40.55814],[47.61729,40.55359],[47.62279,40.5431],[47.65139,40.52807],[47.65178,40.51833],[47.65642,40.51361],[47.68231,40.5204],[47.69313,40.53013],[47.74222,40.51066],[47.7627,40.49473],[47.777,40.48942],[47.79478,40.49326],[47.80096,40.50919],[47.81101,40.51686],[47.84927,40.50299],[47.89449,40.49798],[47.92928,40.4788],[47.96561,40.46994],[48.04716,40.46404],[48.06223,40.46817],[48.0688,40.47526],[48.07951,40.53026],[48.07513,40.5289],[48.0573,40.53649],[48.0525,40.54747],[48.05422,40.5595],[48.06004,40.56761],[48.08781,40.58983],[48.08781,40.61178],[48.08233,40.62275],[48.07204,40.63032],[48.03125,40.64808],[48.01582,40.65304],[47.99319,40.65383],[47.97022,40.66166],[47.92462,40.66766],[47.80257,40.6721],[47.77789,40.67784],[47.77332,40.68402],[47.73163,40.68277],[47.72411,40.67895],[47.66105,40.67191],[47.64832,40.66823],[47.63845,40.66092]]]}},{"type":"Feature","properties":{"id":"AZE:ADM2:54616110B89497242950609","name":"Khachmaz District","countryCode":"AZE","adminLevel":2,"sourceCode":"54616110B89497242950609","parentId":"AZE:ADM1:AZE-1730"},"geometry":{"type":"Polygon","coordinates":[[[49.04736,41.39812],[49.07912,41.3546],[49.05501,41.35598],[48.99938,41.37555],[48.97181,41.37111],[48.95364,41.35994],[48.93435,41.35381],[48.88893,41.36834],[48.86151,41.36294],[48.84796,41.35357],[48.80085,41.34794],[48.79983,41.36642],[48.7909,41.35922],[48.75042,41.35538],[48.71264,41.38371],[48.70674,41.39283],[48.69559,41.42871],[48.68379,41.43963],[48.64171,41.50376],[48.63963,41.53372],[48.61434,41.55272],[48.61474,41.56054],[48.64312,41.58896],[48.6334,41.59831],[48.59605,41.60504],[48.58235,41.61251],[48.57886,41.61962],[48.57538,41.63475],[48.5762,41.68432],[48.58497,41.69173],[48.60186,41.72099],[48.58242,41.73388],[48.55405,41.73078],[48.50846,41.73759],[48.5287,41.75645],[48.55245,41.7852],[48.55437,41.79546],[48.57636,41.81251],[48.5762,41.82635],[48.58353,41.83779],[48.58749,41.83961],[48.58937,41.83837],[48.62013,41.82441],[48.65349,41.80193],[48.66234,41.79344],[48.74366,41.70893],[48.75523,41.70016],[48.77312,41.67846],[48.79359,41.66006],[48.79762,41.64313],[48.8659,41.58539],[48.90406,41.52338],[48.92433,41.51781],[48.94117,41.50462],[48.95387,41.48908],[48.96217,41.47614],[48.98536,41.45051],[48.98943,41.44452],[48.99448,41.44042],[49.01421,41.4359],[49.04736,41.39812]]]}},{"type":"Feature","properties":{"id":"AZE:ADM2:54616110B92317303093203","name":"Lankaran City","countryCode":"AZE","adminLevel":2,"sourceCode":"54616110B92317303093203","parentId":"AZE:ADM1:AZE-5562"},"geometry":{"type":"Polygon","coordinates":[[[48.85443,38.72047],[48.84178,38.71861],[48.82755,38.72481],[48.81253,38.73657],[48.81292,38.74741],[48.82281,38.75948],[48.83506,38.7635],[48.85047,38.7635],[48.86299,38.75692],[48.86313,38.75666],[48.86417,38.7268],[48.85443,38.72047]]]}},{"type":"Feature","properties":{"id":"AZE:ADM2:54616110B939777630101","name":"Saatly District","countryCode":"AZE","adminLevel":2,"sourceCode":"54616110B939777630101","parentId":"AZE:ADM1:AZE-1713"},"geometry":{"type":"Polygon","coordinates":[[[48.27241,39.99506],[48.24956,39.98066],[48.25216,39.97029],[48.26717,39.95272],[48.26869,39.93649],[48.25803,39.91707],[48.25331,39.8915],[48.23734,39.86323],[48.23394,39.8525],[48.23462,39.83443],[48.25297,39.81557],[48.33551,39.79985],[48.35725,39.78335],[48.35929,39.75372],[48.35725,39.72278],[48.34717,39.69155],[48.35565,39.68113],[48.36826,39.67307],[48.39882,39.65928],[48.40282,39.6692],[48.41615,39.67832],[48.43229,39.6953],[48.45636,39.6981],[48.46693,39.69562],[48.49239,39.68036],[48.49684,39.66111],[48.50811,39.65283],[48.54761,39.65139],[48.56326,39.65442],[48.57935,39.66248],[48.58213,39.66982],[48.56145,39.68162],[48.56041,39.69289],[48.56632,39.70121],[48.57674,39.70819],[48.5955,39.70845],[48.64761,39.72241],[48.65699,39.72858],[48.68513,39.73689],[48.70423,39.74896],[48.70458,39.7562],[48.71535,39.7629],[48.71709,39.79346],[48.71396,39.80418],[48.69902,39.82561],[48.6959,39.83873],[48.70701,39.86123],[48.69205,39.89733],[48.68004,39.91359],[48.66893,39.92181],[48.64469,39.92917],[48.62579,39.92849],[48.61379,39.93174],[48.59978,39.95005],[48.58177,39.96562],[48.55776,39.96887],[48.52241,39.96648],[48.4815,39.94851],[48.45926,39.95125],[48.45304,39.96562],[48.45593,39.97896],[48.46905,40.00017],[48.4666,40.00701],[48.45571,40.01915],[48.43481,40.02752],[48.42969,40.03282],[48.38812,40.0171],[48.32542,40.0012],[48.29385,39.98683],[48.28317,39.987],[48.27241,39.99506]]]}},{"type":"Feature","properties":{"id":"AZE:ADM2:54616110B9592293002412","name":"Siazan District","countryCode":"AZE","adminLevel":2,"sourceCode":"54616110B9592293002412","parentId":"AZE:ADM1:AZE-1712"},"geometry":{"type":"Polygon","coordinates":[[[49.32426,40.91762],[49.36318,40.89235],[49.32625,40.87113],[49.22414,40.88021],[49.19849,40.894],[49.16761,40.90118],[49.15267,40.91101],[49.12291,40.91529],[49.10092,40.92956],[49.09629,40.94044],[49.09821,40.96872],[49.09438,40.97572],[49.08402,40.98116],[49.06266,40.97971],[49.04529,40.97234],[49.0362,40.96014],[49.03636,40.93802],[49.0319,40.93077],[49.01411,40.92208],[48.94903,40.91048],[48.88191,40.91041],[48.88239,40.93693],[48.87554,40.94829],[48.87523,40.97956],[48.88519,41.00805],[48.89092,41.0156],[48.90487,41.0222],[48.96339,41.03201],[48.97858,41.0469],[48.98918,41.0659],[48.98982,41.09219],[48.96559,41.12836],[48.97261,41.1541],[48.98406,41.16407],[48.99676,41.16671],[49.04383,41.16671],[49.05629,41.17273],[49.08567,41.16784],[49.10062,41.17292],[49.11456,41.18364],[49.13299,41.18421],[49.14707,41.18014],[49.15845,41.15447],[49.16065,41.1481],[49.16156,41.14746],[49.16363,41.1428],[49.17184,41.10382],[49.20978,41.0268],[49.23635,40.99654],[49.28232,40.96361],[49.30473,40.94437],[49.32426,40.91762]]]}},{"type":"Feature","properties":{"id":"AZE:ADM2:54616110B97026515433008","name":"Khizi District","countryCode":"AZE","adminLevel":2,"sourceCode":"54616110B97026515433008","parentId":"AZE:ADM1:AZE-1719"},"geometry":{"type":"Polygon","coordinates":[[[49.53182,40.65693],[49.51915,40.64826],[49.51071,40.62192],[49.48409,40.60734],[49.47628,40.59811],[49.44552,40.57709],[49.44233,40.57222],[49.44329,40.55861],[49.43818,40.54913],[49.44153,40.53879],[49.39947,40.51609],[49.29901,40.51734],[49.24207,40.52369],[49.22439,40.53243],[49.17458,40.5803],[49.17085,40.59207],[49.16113,40.60479],[49.14345,40.61295],[49.13225,40.62396],[49.11133,40.6306],[49.09041,40.63212],[49.04109,40.65298],[49.0274,40.66171],[49.01121,40.68389],[48.97784,40.71763],[48.94745,40.73563],[48.91607,40.74946],[48.89889,40.76385],[48.87149,40.77616],[48.84933,40.78032],[48.83314,40.77942],[48.83264,40.80096],[48.80624,40.8318],[48.80674,40.84144],[48.82138,40.86918],[48.84758,40.87869],[48.88112,40.90369],[48.88191,40.91041],[48.94903,40.91048],[49.01411,40.92208],[49.0319,40.93077],[49.03636,40.93802],[49.0362,40.96014],[49.04529,40.97234],[49.06266,40.97971],[49.08402,40.98116],[49.09438,40.97572],[49.09821,40.96872],[49.09629,40.94044],[49.10092,40.92956],[49.12291,40.91529],[49.15267,40.91101],[49.16761,40.90118],[49.19849,40.894],[49.22414,40.88021],[49.29437,40.8751],[49.3138,40.87094],[49.32625,40.87113],[49.36318,40.89235],[49.3659,40.89104],[49.37306,40.8828],[49.38201,40.86664],[49.40317,40.85273],[49.44874,40.83129],[49.47104,40.83576],[49.48992,40.82315],[49.50782,40.80622],[49.52784,40.7978],[49.53883,40.78807],[49.53623,40.77536],[49.51652,40.7523],[49.51214,40.71476],[49.51214,40.71327],[49.511,40.70954],[49.50953,40.69904],[49.51075,40.68793],[49.5149,40.68159],[49.52411,40.67285],[49.53182,40.65693]]]}},{"type":"Feature","properties":{"id":"AZE:ADM2:54616110B99657283459996","name":"Oghuz District","countryCode":"AZE","adminLevel":2,"sourceCode":"54616110B99657283459996","parentId":"AZE:ADM1:AZE-1725"},"geometry":{"type":"Polygon","coordinates":[[[47.74619,41.18755],[47.72912,41.20507],[47.69417,41.22805],[47.66464,41.22237],[47.65228,41.22351],[47.64325,41.22896],[47.62155,41.23465],[47.60437,41.21645],[47.57786,41.21486],[47.56189,41.20803],[47.56159,41.20052],[47.5426,41.20143],[47.53598,41.20894],[47.5179,41.21782],[47.50404,41.22919],[47.50584,41.25398],[47.50162,41.26421],[47.4968,41.26785],[47.49138,41.26808],[47.46938,41.25694],[47.45944,41.26853],[47.4513,41.27263],[47.41816,41.26376],[47.40243,41.26646],[47.4043,41.22646],[47.39014,41.21054],[47.39225,41.19597],[47.38893,41.17344],[47.382,41.16364],[47.36904,41.15567],[47.35368,41.12264],[47.33771,41.10578],[47.31571,41.07136],[47.31149,41.04285],[47.3145,41.02231],[47.35096,41.00154],[47.35368,40.9915],[47.35217,40.98145],[47.35669,40.97117],[47.37085,40.96843],[47.37748,40.97072],[47.38712,40.96638],[47.39074,40.95564],[47.38682,40.94582],[47.39496,40.92685],[47.40731,40.91931],[47.41635,40.90742],[47.48445,40.86718],[47.49419,40.85647],[47.52526,40.85289],[47.54974,40.84467],[47.56104,40.83573],[47.58647,40.82608],[47.60656,40.82413],[47.60577,40.84181],[47.62319,40.87934],[47.62743,40.89578],[47.62601,40.90828],[47.65756,40.95648],[47.66415,40.96469],[47.67498,40.96969],[47.67969,40.98396],[47.67639,40.99859],[47.67956,41.04176],[47.69672,41.05067],[47.72642,41.08453],[47.73799,41.12829],[47.73857,41.16385],[47.74301,41.17333],[47.74378,41.18702],[47.74619,41.18755]]]}}],"admin1":{"type":"FeatureCollection","features":[{"type":"Feature","properties":{"id":"AZE:ADM1:AZE-1676","name":"Agstafa","countryCode":"AZE"},"geometry":{"type":"Polygon","coordinates":[[[45.7915,41.23497],[45.71869,41.27617],[45.6973,41.29145],[45.69331,41.30027],[45.70243,41.31252],[45.70357,41.32048],[45.71869,41.33789],[45.73238,41.34391],[45.7358,41.34885],[45.75462,41.35078],[45.75633,41.35809],[45.7415,41.36819],[45.72268,41.37227],[45.69897,41.36899],[45.67981,41.37235],[45.65085,41.3898],[45.63124,41.39651],[45.60763,41.39685],[45.59114,41.38712],[45.57688,41.38376],[45.56218,41.39114],[45.55416,41.41195],[45.47796,41.45018],[45.45835,41.44984],[45.4129,41.43341],[45.38884,41.43039],[45.37102,41.43676],[45.33849,41.45856],[45.25026,41.46995],[45.21194,41.44045],[45.16917,41.43173],[45.15892,41.42536],[45.15892,41.40087],[45.11971,41.37034],[45.09743,41.34314],[45.09612,41.333],[45.1656,41.30283],[45.18966,41.28939],[45.24564,41.27231],[45.309,41.25918],[45.3459,41.26075],[45.36261,41.25813],[45.38489,41.23501],[45.37723,41.17664],[45.35495,41.11822],[45.35913,41.0861],[45.35773,41.05238],[45.37269,41.01605],[45.40682,41.022],[45.41722,41.01177],[45.40846,40.98452],[45.42014,40.97484],[45.46014,40.95945],[45.46014,40.96628],[45.46816,40.9754],[45.4735,40.98891],[45.48331,40.99904],[45.49356,41.00376],[45.54614,41.0095],[45.57733,41.03211],[45.58332,41.03967],[45.58891,41.06618],[45.58758,41.09046],[45.57243,41.1063],[45.55059,41.12147],[45.55104,41.15751],[45.58,41.16088],[45.61966,41.13562],[45.63525,41.13461],[45.6562,41.16829],[45.66823,41.17872],[45.69363,41.18748],[45.71156,41.20105],[45.75091,41.21806],[45.7743,41.23249],[45.7915,41.23497]]]}},{"type":"Feature","properties":{"id":"AZE:ADM1:AZE-1677","name":"Dashkasan","countryCode":"AZE"},"geometry":{"type":"Polygon","coordinates":[[[46.17544,40.30413],[46.1867,40.34033],[46.19366,40.35195],[46.25762,40.38973],[46.26332,40.40232],[46.26205,40.42555],[46.25192,40.43474],[46.19683,40.46425],[46.18733,40.47683],[46.16137,40.49665],[46.1677,40.51405],[46.22596,40.56526],[46.22596,40.57057],[46.21013,40.58361],[46.19113,40.58892],[46.1468,40.61498],[46.14111,40.62704],[46.12257,40.64579],[46.10481,40.64694],[46.07446,40.6576],[46.06512,40.67005],[46.041,40.66906],[46.00703,40.61987],[45.97798,40.58883],[45.94789,40.57083],[45.9397,40.56918],[45.93229,40.5508],[45.92002,40.54188],[45.89921,40.53013],[45.86812,40.5186],[45.83789,40.49879],[45.83675,40.46874],[45.85386,40.44282],[45.87753,40.41754],[45.87632,40.36641],[45.8683,40.33709],[45.85493,40.32038],[45.86162,40.3081],[45.87855,40.30196],[45.8888,40.29309],[45.90707,40.28968],[45.93044,40.29377],[45.92921,40.29574],[45.9427,40.30111],[45.96968,40.30567],[46.02233,40.30826],[46.08691,40.30289],[46.17544,40.30413]]]}},{"type":"Feature","properties":{"id":"AZE:ADM1:AZE-1678","name":"Gadabay","countryCode":"AZE"},"geometry":{"type":"Polygon","coordinates":[[[45.74903,40.80015],[45.73865,40.79182],[45.73665,40.78229],[45.72667,40.76472],[45.72525,40.74976],[45.73124,40.71223],[45.72382,40.6914],[45.72753,40.67902],[45.72512,40.67065],[45.72822,40.66314],[45.72841,40.64507],[45.72457,40.63659],[45.72129,40.60252],[45.70498,40.57926],[45.68589,40.58082],[45.66878,40.59951],[45.628,40.60799],[45.62543,40.64862],[45.60861,40.66165],[45.56868,40.66947],[45.5299,40.67229],[45.52762,40.66447],[45.53418,40.65057],[45.52676,40.63363],[45.50594,40.63276],[45.4914,40.63841],[45.48056,40.64732],[45.47629,40.65731],[45.476,40.67533],[45.478,40.68402],[45.49425,40.69335],[45.49653,40.72742],[45.49169,40.73892],[45.47771,40.75085],[45.4703,40.75258],[45.42581,40.74477],[45.40071,40.72395],[45.40242,40.70659],[45.39986,40.70051],[45.38588,40.69943],[45.37704,40.69074],[45.3722,40.67837],[45.37277,40.65774],[45.39216,40.61886],[45.44035,40.5806],[45.44463,40.56233],[45.44492,40.55276],[45.4395,40.54341],[45.44378,40.52099],[45.44292,40.50946],[45.47172,40.47941],[45.51222,40.467],[45.51792,40.4596],[45.55728,40.43628],[45.58665,40.43236],[45.62501,40.41309],[45.64818,40.39094],[45.6513,40.37731],[45.67358,40.36811],[45.75022,40.34868],[45.84513,40.31151],[45.85966,40.31169],[45.85493,40.32038],[45.8683,40.33709],[45.87632,40.36641],[45.87753,40.41754],[45.85386,40.44282],[45.83675,40.46874],[45.83789,40.49879],[45.86812,40.5186],[45.89921,40.53013],[45.93229,40.5508],[45.9397,40.56918],[45.93362,40.58369],[45.93536,40.62152],[45.92928,40.63264],[45.90983,40.6456],[45.88349,40.66999],[45.84012,40.68572],[45.81743,40.72304],[45.80203,40.73568],[45.78014,40.76773],[45.74903,40.80015]]]}},{"type":"Feature","properties":{"id":"AZE:ADM1:AZE-1679","name":"Ganja","countryCode":"AZE"},"geometry":{"type":"Polygon","coordinates":[[[46.39179,40.6894],[46.39247,40.70503],[46.38855,40.71351],[46.38041,40.7197],[46.35149,40.72841],[46.33823,40.72039],[46.31593,40.69379],[46.31412,40.68094],[46.31714,40.67062],[46.32979,40.66443],[46.33762,40.65548],[46.35992,40.65272],[46.37077,40.66833],[46.38764,40.6814],[46.39179,40.6894]]]}},{"type":"Feature","properties":{"id":"AZE:ADM1:AZE-1680","name":"Goygol","countryCode":"AZE"},"geometry":{"type":"Polygon","coordinates":[[[46.35022,40.72764],[46.34456,40.76752],[46.34119,40.76798],[46.34042,40.78914],[46.32844,40.80705],[46.30631,40.82258],[46.27915,40.80435],[46.27092,40.79328],[46.25509,40.73551],[46.25916,40.71687],[46.25714,40.70916],[46.22147,40.67924],[46.15339,40.67338],[46.13677,40.66813],[46.12786,40.65918],[46.12257,40.64579],[46.14111,40.62704],[46.1468,40.61498],[46.19113,40.58892],[46.21013,40.58361],[46.22596,40.57057],[46.22596,40.56526],[46.1677,40.51405],[46.16137,40.49665],[46.18733,40.47683],[46.19683,40.46425],[46.25192,40.43474],[46.26205,40.42555],[46.26332,40.40232],[46.25762,40.38973],[46.19366,40.35195],[46.1867,40.34033],[46.17544,40.30413],[46.20881,40.29932],[46.28403,40.29872],[46.3206,40.28641],[46.34173,40.28334],[46.34851,40.29713],[46.3621,40.30642],[46.354,40.34984],[46.354,40.37619],[46.35845,40.38952],[46.40344,40.4174],[46.4083,40.42917],[46.40871,40.44063],[46.4506,40.47192],[46.4584,40.47877],[46.46404,40.49056],[46.47467,40.49322],[46.50442,40.52107],[46.51286,40.54273],[46.52177,40.60206],[46.52015,40.67338],[46.5161,40.68572],[46.50712,40.69341],[46.50109,40.68642],[46.47652,40.68588],[46.46654,40.67611],[46.45336,40.67422],[46.43342,40.67883],[46.42166,40.68615],[46.4092,40.6894],[46.39179,40.6894],[46.38764,40.6814],[46.37077,40.66833],[46.35992,40.65272],[46.33762,40.65548],[46.32979,40.66443],[46.31714,40.67062],[46.31412,40.68094],[46.31593,40.69379],[46.33823,40.72039],[46.35022,40.72764]]]}},{"type":"Feature","properties":{"id":"AZE:ADM1:AZE-1681","name":"Goranboy","countryCode":"AZE"},"geometry":{"type":"Polygon","coordinates":[[[46.79086,40.83627],[46.76711,40.78854],[46.7643,40.77856],[46.76586,40.7605],[46.78086,40.74838],[46.84244,40.7315],[46.8515,40.7265],[46.85556,40.71366],[46.85306,40.70772],[46.81431,40.68321],[46.80493,40.67298],[46.80368,40.64632],[46.81618,40.64109],[46.84462,40.64966],[46.86025,40.66037],[46.87619,40.66084],[46.90623,40.65358],[46.90307,40.65299],[46.92464,40.6418],[46.93026,40.63299],[46.92964,40.62204],[46.91464,40.58678],[46.91214,40.56724],[46.91714,40.55651],[46.93433,40.54197],[46.98215,40.54793],[46.99358,40.5456],[47.00547,40.53577],[46.97775,40.49108],[46.94975,40.48891],[46.92999,40.47978],[46.90659,40.45227],[46.83826,40.42706],[46.83073,40.41574],[46.75752,40.40902],[46.74405,40.41096],[46.68631,40.38882],[46.63003,40.35907],[46.5862,40.34716],[46.56337,40.32692],[46.55715,40.31342],[46.53559,40.30019],[46.51998,40.2979],[46.48728,40.28201],[46.47151,40.26866],[46.45176,40.26154],[46.4242,40.25823],[46.38951,40.26408],[46.34668,40.27832],[46.34173,40.28334],[46.34851,40.29713],[46.3621,40.30642],[46.354,40.34984],[46.354,40.37619],[46.35845,40.38952],[46.40344,40.4174],[46.4083,40.42917],[46.40871,40.44063],[46.4506,40.47192],[46.4584,40.47877],[46.46404,40.49056],[46.47467,40.49322],[46.50442,40.52107],[46.51286,40.54273],[46.52177,40.60206],[46.52015,40.67338],[46.5161,40.68572],[46.50712,40.69341],[46.51605,40.70323],[46.52389,40.72897],[46.52118,40.74339],[46.55454,40.76563],[46.57347,40.77298],[46.57811,40.78238],[46.57309,40.79707],[46.6259,40.83741],[46.66931,40.8761],[46.70233,40.88541],[46.69986,40.89079],[46.78946,40.86575],[46.79086,40.83627]]]}},{"type":"Feature","properties":{"id":"AZE:ADM1:AZE-1682","name":"Kalbajar","countryCode":"AZE"},"geometry":{"type":"Polygon","coordinates":[[[46.34173,40.28334],[46.3206,40.28641],[46.28403,40.29872],[46.20881,40.29932],[46.17544,40.30413],[46.08691,40.30289],[46.02233,40.30826],[45.96968,40.30567],[45.9427,40.30111],[45.92921,40.29574],[45.95178,40.27052],[45.94063,40.25701],[45.94296,40.24786],[45.98083,40.21487],[45.98628,40.19001],[45.99017,40.18543],[45.98835,40.16812],[45.98394,40.16076],[45.96916,40.1516],[45.95826,40.12612],[45.94711,40.12234],[45.93596,40.11099],[45.92662,40.1096],[45.91806,40.09705],[45.91132,40.06537],[45.90172,40.04205],[45.8955,40.03986],[45.88512,40.0271],[45.87812,40.01154],[45.86671,40.00077],[45.854,39.99918],[45.82754,40.00416],[45.82391,40.01015],[45.79279,40.0257],[45.76244,40.0257],[45.73936,40.03308],[45.67581,40.03328],[45.61564,40.02431],[45.60163,40.00975],[45.598,39.99998],[45.60734,39.9888],[45.60993,39.97743],[45.61953,39.97144],[45.66362,39.97464],[45.69604,39.96885],[45.73858,39.94689],[45.7863,39.93412],[45.79953,39.92533],[45.80524,39.91754],[45.80316,39.89777],[45.80705,39.88658],[45.83299,39.84661],[45.84129,39.82441],[45.85633,39.81061],[45.87812,39.80061],[45.9178,39.79481],[45.92647,39.79688],[45.944,39.81001],[45.98135,39.84541],[46.00806,39.8566],[46.02752,39.87239],[46.03251,39.87809],[46.03559,39.90313],[46.03899,39.90968],[46.04399,39.91205],[46.05323,39.91058],[46.06024,39.90461],[46.07788,39.88088],[46.08393,39.87736],[46.10752,39.87302],[46.13705,39.87621],[46.16276,39.88169],[46.20625,39.90158],[46.22401,39.90184],[46.30602,39.91705],[46.35083,39.93686],[46.41051,39.94117],[46.43664,39.95278],[46.45013,39.95335],[46.46331,39.95711],[46.47552,39.96521],[46.5087,39.97326],[46.54621,39.99855],[46.55534,39.99868],[46.56696,39.98552],[46.58638,39.97186],[46.60531,39.9665],[46.61925,39.97441],[46.63911,39.99998],[46.65545,40.01334],[46.66686,40.01793],[46.68891,40.01813],[46.73844,40.04385],[46.77372,40.04803],[46.78254,40.05401],[46.78579,40.0651],[46.78202,40.06438],[46.76568,40.07514],[46.75582,40.1078],[46.72017,40.11857],[46.69362,40.13858],[46.68283,40.15399],[46.64913,40.1708],[46.64365,40.1829],[46.63087,40.18634],[46.6219,40.1843],[46.59418,40.16482],[46.55982,40.15055],[46.55617,40.1545],[46.55611,40.18961],[46.55351,40.19677],[46.53328,40.21705],[46.52498,40.24548],[46.53173,40.26595],[46.54911,40.29118],[46.55066,40.29972],[46.54467,40.30614],[46.48728,40.28201],[46.47151,40.26866],[46.43848,40.25938],[46.4242,40.25823],[46.38951,40.26408],[46.34668,40.27832],[46.34173,40.28334]]]}},{"type":"Feature","properties":{"id":"AZE:ADM1:AZE-1684","name":"Qazax","countryCode":"AZE"},"geometry":{"type":"MultiPolygon","coordinates":[[[[45.19897,40.98708],[45.18794,40.99494],[45.18567,41.00748],[45.19378,41.01313],[45.20676,41.01584],[45.23077,41.01018],[45.23694,41.00625],[45.23888,40.99863],[45.23239,40.9829],[45.19897,40.98708]]],[[[44.98977,41.05495],[44.98115,41.06723],[44.98115,41.07413],[44.99028,41.08257],[45.00599,41.08526],[45.0212,41.07912],[45.02729,41.06876],[45.02323,41.0584],[45.01563,41.05149],[44.99991,41.04842],[44.98977,41.05495]]],[[[45.18966,41.28939],[45.24564,41.27231],[45.309,41.25918],[45.3459,41.26075],[45.36261,41.25813],[45.38489,41.23501],[45.37723,41.17664],[45.35495,41.11822],[45.35913,41.0861],[45.35773,41.05238],[45.37269,41.01605],[45.37652,41.01574],[45.36899,41.00235],[45.33148,41.00158],[45.31475,41.00811],[45.27723,41.03192],[45.21893,41.03652],[45.20473,41.04497],[45.19256,41.06109],[45.17482,41.06761],[45.1368,41.06224],[45.06531,41.06607],[45.04554,41.07567],[45.05061,41.09523],[45.0937,41.11517],[45.11195,41.12169],[45.15251,41.12284],[45.17989,41.12936],[45.19206,41.13817],[45.19346,41.16018],[45.18827,41.17024],[45.13051,41.20333],[45.09644,41.20676],[45.06302,41.19598],[45.01402,41.20406],[45.01435,41.23199],[45.0296,41.2484],[45.03122,41.26089],[45.02928,41.27876],[45.01889,41.29296],[45.02246,41.30323],[45.04517,41.3162],[45.08379,41.32647],[45.09612,41.333],[45.1656,41.30283],[45.18966,41.28939]]]]}},{"type":"Feature","properties":{"id":"AZE:ADM1:AZE-1685","name":"Shamkir","countryCode":"AZE"},"geometry":{"type":"Polygon","coordinates":[[[46.23984,41.13216],[46.23363,41.12295],[46.20283,41.10548],[46.18905,41.09322],[46.15461,41.05489],[46.12543,41.03678],[46.09827,41.00548],[46.03586,41.00425],[46.0387,40.99412],[46.05734,40.98552],[46.08369,40.98091],[46.10395,40.98122],[46.1465,40.97262],[46.16514,40.96095],[46.1692,40.95204],[46.16595,40.92899],[46.13034,40.92885],[46.06829,40.94134],[46.03789,40.9543],[46.02079,40.95766],[45.98977,40.9783],[45.98027,40.98838],[45.9638,40.99318],[45.93531,40.99318],[45.92074,40.98406],[45.90301,40.97926],[45.89035,40.95046],[45.84539,40.91637],[45.82639,40.90676],[45.78397,40.89282],[45.75484,40.87696],[45.74217,40.86687],[45.73078,40.85197],[45.72951,40.83129],[45.74597,40.81878],[45.74597,40.80435],[45.78014,40.76773],[45.80203,40.73568],[45.81743,40.72304],[45.84012,40.68572],[45.88349,40.66999],[45.90983,40.6456],[45.92928,40.63264],[45.93536,40.62152],[45.93362,40.58369],[45.9397,40.56918],[45.94789,40.57083],[45.97798,40.58883],[46.00703,40.61987],[46.041,40.66906],[46.06512,40.67005],[46.07446,40.6576],[46.10481,40.64694],[46.12257,40.64579],[46.12786,40.65918],[46.13677,40.66813],[46.15339,40.67338],[46.22147,40.67924],[46.25714,40.70916],[46.25916,40.71687],[46.25509,40.73551],[46.27092,40.79328],[46.27915,40.80435],[46.30631,40.82258],[46.30293,40.82467],[46.301,40.84463],[46.27704,40.8684],[46.27665,40.87837],[46.27974,40.88952],[46.29443,40.9033],[46.29868,40.91415],[46.30177,40.95548],[46.34042,41.01054],[46.34179,41.03116],[46.28786,41.08428],[46.26274,41.10299],[46.23984,41.13216]]]}},{"type":"Feature","properties":{"id":"AZE:ADM1:AZE-1686","name":"Samukh","countryCode":"AZE"},"geometry":{"type":"Polygon","coordinates":[[[46.39179,40.6894],[46.4092,40.6894],[46.42166,40.68615],[46.43342,40.67883],[46.45336,40.67422],[46.46654,40.67611],[46.47652,40.68588],[46.50109,40.68642],[46.51605,40.70323],[46.52389,40.72897],[46.52118,40.74339],[46.55454,40.76563],[46.57347,40.77298],[46.57811,40.78238],[46.57309,40.79707],[46.6259,40.83741],[46.66931,40.8761],[46.70233,40.88541],[46.69478,40.90188],[46.6778,40.90689],[46.64288,40.90617],[46.60986,40.91763],[46.58314,40.91972],[46.54758,40.90976],[46.50468,40.908],[46.4382,40.89539],[46.381,40.90653],[46.36593,40.9165],[46.38796,40.93057],[46.40419,40.9335],[46.46139,40.93204],[46.4784,40.92588],[46.50275,40.925],[46.53444,40.93233],[46.55492,40.94464],[46.55376,40.96163],[46.53676,41.0041],[46.52323,41.01669],[46.48535,41.02576],[46.48018,41.0389],[46.50369,41.04345],[46.53751,41.05579],[46.62265,41.06037],[46.66674,41.09875],[46.677,41.08185],[46.67217,41.04848],[46.70176,41.02928],[46.72048,41.0],[46.79718,40.97209],[46.81288,40.97071],[46.83191,40.9748],[46.80957,40.99292],[46.78236,41.0258],[46.77008,41.05943],[46.76959,41.07606],[46.75885,41.08974],[46.72271,41.10784],[46.65531,41.1071],[46.65486,41.11908],[46.62777,41.10175],[46.58646,41.12139],[46.55505,41.12046],[46.5454,41.11672],[46.49766,41.0675],[46.47292,41.06507],[46.46303,41.09857],[46.45314,41.10381],[46.43384,41.10605],[46.39921,41.10194],[46.3866,41.10456],[46.35494,41.12906],[46.31105,41.17107],[46.27085,41.1956],[46.24264,41.20027],[46.18312,41.19793],[46.16843,41.20173],[46.13172,41.20348],[46.1151,41.19735],[46.10969,41.19326],[46.1066,41.18041],[46.16959,41.15501],[46.22525,41.14011],[46.23984,41.13216],[46.26274,41.10299],[46.28786,41.08428],[46.34179,41.03116],[46.34042,41.01054],[46.30177,40.95548],[46.29868,40.91415],[46.29443,40.9033],[46.27974,40.88952],[46.27704,40.8684],[46.301,40.84463],[46.30293,40.82467],[46.32844,40.80705],[46.34042,40.78914],[46.34119,40.76798],[46.34456,40.76752],[46.35022,40.72764],[46.36896,40.72429],[46.38855,40.71351],[46.39247,40.70503],[46.39179,40.6894]]]}},{"type":"Feature","properties":{"id":"AZE:ADM1:AZE-1687","name":"Tovuz","countryCode":"AZE"},"geometry":{"type":"Polygon","coordinates":[[[46.10675,41.1828],[46.08514,41.18209],[46.05662,41.19696],[46.01014,41.192],[45.97136,41.18144],[45.95767,41.18295],[45.93885,41.18769],[45.92573,41.19566],[45.92088,41.19286],[45.86983,41.21634],[45.83932,41.22194],[45.80937,41.2327],[45.782,41.23464],[45.71156,41.20105],[45.69363,41.18748],[45.66823,41.17872],[45.6562,41.16829],[45.63525,41.13461],[45.61966,41.13562],[45.58,41.16088],[45.55104,41.15751],[45.55059,41.12147],[45.57243,41.1063],[45.58758,41.09046],[45.58891,41.06618],[45.58332,41.03967],[45.57733,41.03211],[45.54614,41.0095],[45.49356,41.00376],[45.48331,40.99904],[45.4735,40.98891],[45.46816,40.9754],[45.46014,40.96628],[45.46014,40.95784],[45.47796,40.94128],[45.47796,40.93115],[45.48821,40.92371],[45.50603,40.91932],[45.53633,40.90242],[45.56084,40.89363],[45.56663,40.88619],[45.59292,40.87773],[45.5956,40.84458],[45.58551,40.83082],[45.58351,40.82151],[45.55756,40.79334],[45.53132,40.7747],[45.5011,40.76754],[45.49226,40.76169],[45.48245,40.7479],[45.49169,40.73892],[45.49653,40.72742],[45.49425,40.69335],[45.48921,40.69024],[45.52863,40.66796],[45.5299,40.67229],[45.56868,40.66947],[45.60861,40.66165],[45.62543,40.64862],[45.628,40.60799],[45.66878,40.59951],[45.68589,40.58082],[45.70498,40.57926],[45.72129,40.60252],[45.72457,40.63659],[45.72841,40.64507],[45.72822,40.66314],[45.72512,40.67065],[45.72753,40.67902],[45.72382,40.6914],[45.73124,40.71223],[45.72525,40.74976],[45.72667,40.76472],[45.73665,40.78229],[45.73865,40.79182],[45.74903,40.80015],[45.74597,40.80435],[45.74597,40.81878],[45.72951,40.83129],[45.73078,40.85197],[45.74217,40.86687],[45.75484,40.87696],[45.78397,40.89282],[45.82639,40.90676],[45.84539,40.91637],[45.87768,40.93942],[45.89035,40.95046],[45.9045,40.97966],[45.9032,40.98682],[45.85842,41.02052],[45.82021,41.03866],[45.80481,41.05204],[45.81394,41.06413],[45.83932,41.06133],[45.8724,41.04427],[45.93514,41.0216],[45.94512,41.01425],[45.97734,41.01793],[46.00672,41.0041],[46.03685,41.00073],[46.03586,41.00425],[46.09827,41.00548],[46.12543,41.03678],[46.15461,41.05489],[46.18905,41.09322],[46.20283,41.10548],[46.23363,41.12295],[46.23984,41.13216],[46.21327,41.1442],[46.16959,41.15501],[46.12476,41.17224],[46.1066,41.18041],[46.10675,41.1828]]]}},{"type":"Feature","properties":{"id":"AZE:ADM1:AZE-1688","name":"Yevlakh","countryCode":"AZE"},"geometry":{"type":"Polygon","coordinates":[[[47.05941,40.80015],[47.11782,40.79908],[47.17243,40.78768],[47.17603,40.79118],[47.17203,40.79847],[47.13905,40.8092],[47.1053,40.83413],[47.07623,40.84885],[46.99246,40.87258],[46.97121,40.88325],[46.9062,40.91859],[46.84556,40.96717],[46.86025,40.96883],[46.94902,40.92641],[46.97649,40.93564],[47.02056,40.90471],[47.03773,40.90063],[47.07099,40.88598],[47.08977,40.88598],[47.10479,40.87295],[47.16757,40.84117],[47.19171,40.84117],[47.23142,40.81794],[47.26522,40.81468],[47.31599,40.8008],[47.30877,40.76739],[47.29252,40.74481],[47.28367,40.73808],[47.28287,40.72218],[47.25112,40.66568],[47.27908,40.62656],[47.27064,40.60441],[47.25376,40.58368],[47.23016,40.56572],[47.21244,40.53909],[47.17343,40.49878],[47.15483,40.49145],[47.15083,40.48657],[47.12562,40.48351],[47.11282,40.49649],[47.09822,40.50245],[47.08689,40.50479],[47.06608,40.49984],[47.05584,40.49251],[47.04739,40.48088],[47.03819,40.45113],[47.01622,40.43733],[47.00547,40.43397],[46.99131,40.44106],[46.97666,40.46307],[46.97568,40.48582],[46.98154,40.50073],[47.00547,40.53577],[46.99358,40.5456],[46.98215,40.54793],[46.93433,40.54197],[46.91714,40.55651],[46.91214,40.56724],[46.91464,40.58678],[46.92964,40.62204],[46.93026,40.63299],[46.91901,40.6468],[46.90307,40.65299],[46.90623,40.65358],[46.87619,40.66084],[46.86025,40.66037],[46.84462,40.64966],[46.81618,40.64109],[46.80368,40.64632],[46.80493,40.67298],[46.81431,40.68321],[46.85306,40.70772],[46.85556,40.71366],[46.8515,40.7265],[46.84244,40.7315],[46.77305,40.75242],[46.76586,40.7605],[46.7643,40.77856],[46.78836,40.82677],[46.79086,40.83627],[46.78976,40.8673],[46.82117,40.87307],[46.85218,40.85864],[46.89058,40.85105],[46.91739,40.84072],[46.97724,40.80237],[46.97448,40.79537],[46.97784,40.80389],[46.99144,40.80182],[47.01384,40.78917],[47.02281,40.78832],[47.04985,40.80109],[47.05546,40.79784],[47.05941,40.80015]],[[47.20021,40.60156],[47.20305,40.61409],[47.19136,40.62781],[47.18125,40.63431],[47.1724,40.6372],[47.15408,40.63551],[47.13701,40.62733],[47.1307,40.61818],[47.13164,40.60831],[47.14902,40.59386],[47.17714,40.59049],[47.19398,40.59548],[47.20021,40.60156]]]}},{"type":"Feature","properties":{"id":"AZE:ADM1:AZE-1689","name":"Baku","countryCode":"AZE"},"geometry":{"type":"MultiPolygon","coordinates":[[[[49.35761,39.68301],[49.35761,39.69371],[49.35077,39.71295],[49.35129,39.77997],[49.34814,39.80013],[49.3474,39.85401],[49.34967,39.88167],[49.31432,39.93042],[49.31816,39.95742],[49.30332,39.98916],[49.31773,39.99766],[49.31544,40.02217],[49.33267,40.04005],[49.34616,40.07358],[49.35363,40.12298],[49.38636,40.15185],[49.39296,40.16462],[49.39069,40.18244],[49.39381,40.20569],[49.43112,40.22626],[49.43424,40.23443],[49.43919,40.25686],[49.43747,40.27204],[49.44608,40.28809],[49.44924,40.30524],[49.44264,40.3582],[49.44666,40.37028],[49.43939,40.38875],[49.44508,40.42317],[49.45997,40.43314],[49.47063,40.43258],[49.48276,40.42598],[49.4958,40.42668],[49.52556,40.44694],[49.55164,40.47115],[49.56516,40.47524],[49.62042,40.47891],[49.66681,40.47769],[49.68646,40.47274],[49.70047,40.45805],[49.73329,40.45118],[49.76967,40.44958],[49.78222,40.46443],[49.78201,40.47098],[49.79267,40.47785],[49.87066,40.48344],[49.90934,40.49269],[49.92126,40.50131],[49.91938,40.50658],[49.90851,40.51488],[49.86564,40.51647],[49.83784,40.53307],[49.80396,40.54296],[49.77637,40.54248],[49.76758,40.53514],[49.75169,40.5294],[49.73267,40.53211],[49.72681,40.53881],[49.72932,40.5554],[49.73873,40.56847],[49.73417,40.57313],[49.76977,40.57606],[49.77394,40.57563],[49.80314,40.56863],[49.80412,40.56828],[49.80465,40.56827],[49.81674,40.56538],[49.84034,40.56379],[49.85865,40.56664],[49.87834,40.57289],[49.9064,40.57567],[49.95767,40.58693],[50.05201,40.5843],[50.06039,40.57795],[50.06479,40.57095],[50.06804,40.56371],[50.07252,40.55695],[50.09034,40.54023],[50.10939,40.52709],[50.12965,40.51846],[50.1934,40.50802],[50.21779,40.50327],[50.2428,40.48902],[50.24374,40.48773],[50.25033,40.46509],[50.26279,40.45519],[50.27589,40.43659],[50.29014,40.42985],[50.29658,40.42478],[50.32329,40.41636],[50.33378,40.40774],[50.3563,40.37398],[50.36053,40.36518],[50.36408,40.33658],[50.36235,40.32286],[50.35687,40.31211],[50.35653,40.30241],[50.36892,40.27543],[50.36583,40.27048],[50.36583,40.25909],[50.36923,40.24886],[50.36866,40.2497],[50.3573,40.26323],[50.3573,40.2784],[50.33932,40.30375],[50.30161,40.3254],[50.24088,40.34604],[50.20526,40.35345],[50.182,40.35483],[50.13809,40.36699],[50.11663,40.36774],[50.08996,40.36177],[50.08415,40.35151],[50.07885,40.35151],[50.07801,40.3527],[50.07562,40.35151],[50.0661,40.35151],[50.06293,40.35462],[50.04739,40.35586],[50.0332,40.35352],[50.02943,40.34926],[50.02063,40.34823],[50.00581,40.34026],[49.96916,40.33812],[49.96372,40.34479],[49.95582,40.35151],[49.94532,40.35472],[49.92829,40.35699],[49.91683,40.36435],[49.87624,40.37294],[49.85116,40.36945],[49.85011,40.35604],[49.85603,40.34858],[49.84034,40.33784],[49.84273,40.32958],[49.83573,40.30852],[49.82906,40.30275],[49.81029,40.301],[49.80398,40.30463],[49.78644,40.30342],[49.75838,40.29442],[49.73084,40.28072],[49.69015,40.27736],[49.65262,40.24847],[49.63876,40.24686],[49.60372,40.23355],[49.59275,40.2262],[49.48971,40.18271],[49.47217,40.16358],[49.47656,40.1396],[49.49073,40.11341],[49.43706,40.0994],[49.42864,40.08822],[49.42952,40.06612],[49.43329,40.05747],[49.43507,40.04279],[49.44874,40.02253],[49.45769,40.01504],[49.47193,40.0065],[49.47975,39.99897],[49.48166,39.99421],[49.46073,39.99004],[49.44103,39.9762],[49.41491,39.93897],[49.41363,39.90962],[49.42348,39.89676],[49.43024,39.86689],[49.42887,39.85675],[49.41024,39.84387],[49.40777,39.83605],[49.4001,39.83013],[49.399,39.81893],[49.39325,39.81111],[49.38655,39.7912],[49.38778,39.7709],[49.39497,39.73963],[49.41775,39.70606],[49.40984,39.70136],[49.38396,39.69013],[49.3831,39.68932],[49.38234,39.68911],[49.36252,39.67732],[49.35761,39.68301]],[[49.65946,40.38662],[49.64016,40.37069],[49.63731,40.35526],[49.64586,40.34185],[49.66275,40.34554],[49.68884,40.36717],[49.69804,40.36717],[49.72852,40.35292],[49.73268,40.3551],[49.7465,40.38126],[49.75461,40.38176],[49.76403,40.38729],[49.76425,40.39919],[49.75329,40.41461],[49.74847,40.42735],[49.71098,40.42802],[49.70243,40.43103],[49.67393,40.43355],[49.67173,40.40456],[49.65946,40.38662]]],[[[50.37067,40.24671],[50.37571,40.24414],[50.37565,40.23932],[50.37067,40.24671]]],[[[50.57276,40.31005],[50.563,40.32486],[50.56528,40.33784],[50.5783,40.33002],[50.5879,40.33234],[50.59182,40.33463],[50.62029,40.31936],[50.61456,40.31521],[50.57939,40.30582],[50.57276,40.31005]]],[[[50.34461,40.43878],[50.32602,40.45808],[50.32643,40.48188],[50.33863,40.47687],[50.34113,40.4775],[50.34488,40.47279],[50.34609,40.4431],[50.34461,40.43878]]]]}},{"type":"Feature","properties":{"id":"AZE:ADM1:AZE-1690","name":"Absheron","countryCode":"AZE"},"geometry":{"type":"MultiPolygon","coordinates":[[[[49.36884,40.51723],[49.38901,40.51438],[49.39947,40.51609],[49.44153,40.53879],[49.43818,40.54913],[49.44329,40.55861],[49.44233,40.57222],[49.44552,40.57709],[49.47628,40.59811],[49.48409,40.60734],[49.51071,40.62192],[49.51915,40.64826],[49.53182,40.65693],[49.53529,40.64953],[49.53387,40.64113],[49.54361,40.6209],[49.55686,40.60805],[49.57747,40.59632],[49.58724,40.58714],[49.59216,40.57039],[49.59969,40.56082],[49.62374,40.54168],[49.65802,40.53179],[49.67224,40.53371],[49.68981,40.54248],[49.7105,40.5752],[49.72598,40.57549],[49.73873,40.56847],[49.72932,40.5554],[49.72681,40.53881],[49.73267,40.53211],[49.75169,40.5294],[49.76758,40.53514],[49.77637,40.54248],[49.80396,40.54296],[49.83784,40.53307],[49.86564,40.51647],[49.90851,40.51488],[49.91938,40.50658],[49.92126,40.50131],[49.90934,40.49269],[49.87066,40.48344],[49.79267,40.47785],[49.78201,40.47098],[49.78222,40.46443],[49.76967,40.44958],[49.73329,40.45118],[49.70047,40.45805],[49.68646,40.47274],[49.66681,40.47769],[49.62042,40.47891],[49.56516,40.47524],[49.55164,40.47115],[49.52556,40.44694],[49.4958,40.42668],[49.48276,40.42598],[49.47063,40.43258],[49.45997,40.43314],[49.44508,40.42317],[49.43939,40.38875],[49.44666,40.37028],[49.44264,40.3582],[49.44924,40.30524],[49.44608,40.28809],[49.43747,40.27204],[49.43919,40.25686],[49.43424,40.23443],[49.43112,40.22626],[49.39381,40.20569],[49.39069,40.18244],[49.39296,40.16462],[49.38636,40.15185],[49.35363,40.12298],[49.34616,40.07358],[49.33267,40.04005],[49.31544,40.02217],[49.31773,39.99766],[49.30332,39.98916],[49.29448,39.99037],[49.26433,40.01532],[49.2583,40.02879],[49.25399,40.05461],[49.22327,40.08946],[49.21264,40.13554],[49.19168,40.15581],[49.16728,40.16639],[49.06736,40.17299],[49.02486,40.17894],[49.01481,40.19392],[48.97942,40.23105],[48.9322,40.26949],[48.91547,40.27765],[48.87584,40.307],[48.86981,40.32041],[48.87268,40.33205],[48.88158,40.34194],[48.89077,40.3415],[48.89651,40.33271],[48.92235,40.3248],[48.95164,40.30986],[48.97002,40.31184],[48.99098,40.3281],[48.9973,40.33777],[49.00936,40.3426],[49.03692,40.37182],[49.0619,40.38521],[49.09549,40.38828],[49.11247,40.39873],[49.13048,40.42064],[49.14536,40.4285],[49.17017,40.43903],[49.18892,40.44297],[49.22843,40.4636],[49.25305,40.46627],[49.24882,40.47974],[49.28227,40.48577],[49.29219,40.49251],[49.29973,40.51117],[49.29901,40.51734],[49.36884,40.51723]]],[[[49.71098,40.42802],[49.74847,40.42735],[49.75329,40.41461],[49.76425,40.39919],[49.76403,40.38729],[49.75461,40.38176],[49.7465,40.38126],[49.73268,40.3551],[49.72852,40.35292],[49.69804,40.36717],[49.68884,40.36717],[49.66275,40.34554],[49.64586,40.34185],[49.63731,40.35526],[49.64016,40.37069],[49.65946,40.38662],[49.67173,40.40456],[49.67393,40.43355],[49.70243,40.43103],[49.71098,40.42802]]]]}},{"type":"Feature","properties":{"id":"AZE:ADM1:AZE-1691","name":"Agdam","countryCode":"AZE"},"geometry":{"type":"Polygon","coordinates":[[[47.13159,40.18826],[47.09522,40.18251],[47.07253,40.18531],[47.06037,40.19308],[47.0547,40.2083],[47.0547,40.217],[47.04862,40.22912],[47.03241,40.22881],[47.01052,40.21731],[46.99472,40.22291],[46.98864,40.23098],[46.97405,40.23844],[46.96473,40.23875],[46.95662,40.23471],[46.95622,40.22508],[46.96554,40.20271],[46.96189,40.19183],[46.94283,40.18284],[46.92467,40.18125],[46.89744,40.19498],[46.88239,40.19637],[46.86735,40.19001],[46.85983,40.18225],[46.85516,40.15539],[46.84375,40.12612],[46.81262,40.1088],[46.79862,40.07294],[46.78579,40.0651],[46.78254,40.05401],[46.77372,40.04803],[46.73844,40.04385],[46.7147,40.03232],[46.76696,40.01102],[46.8006,40.01788],[46.84234,40.01819],[46.88327,39.97673],[46.88732,39.94648],[46.89745,39.93401],[46.91407,39.9287],[46.94001,39.93962],[46.95581,39.92777],[46.95703,39.91435],[46.94284,39.88469],[46.9084,39.85597],[46.88408,39.84128],[46.88408,39.82035],[46.89583,39.81972],[46.92987,39.84222],[46.97445,39.85534],[46.98864,39.86596],[46.99958,39.88938],[47.01174,39.89687],[47.0316,39.89999],[47.04902,39.90061],[47.13007,39.8594],[47.16331,39.85003],[47.1856,39.85128],[47.19694,39.87564],[47.20221,39.88001],[47.22004,39.88438],[47.25003,39.88844],[47.27151,39.87939],[47.28353,39.87788],[47.28577,39.88355],[47.30935,39.90558],[47.31824,39.91808],[47.31437,39.93415],[47.30394,39.94277],[47.27998,39.95229],[47.26877,39.95229],[47.23244,39.94248],[47.21659,39.93296],[47.19727,39.92998],[47.17137,39.93891],[47.1192,39.93891],[47.10683,39.94605],[47.09755,39.95675],[47.08944,39.974],[47.08944,39.98203],[47.13427,40.01473],[47.13813,40.0278],[47.1277,40.04474],[47.1277,40.06167],[47.1335,40.06879],[47.15514,40.07681],[47.19765,40.0774],[47.20538,40.08957],[47.20306,40.10174],[47.15553,40.11569],[47.15321,40.12311],[47.23862,40.16345],[47.2479,40.17323],[47.25022,40.18124],[47.24333,40.19706],[47.23592,40.19132],[47.22393,40.18924],[47.20848,40.18924],[47.19533,40.19309],[47.17601,40.1922],[47.14355,40.18242],[47.13159,40.18826]]]}},{"type":"Feature","properties":{"id":"AZE:ADM1:AZE-1692","name":"Agdash","countryCode":"AZE"},"geometry":{"type":"Polygon","coordinates":[[[47.55367,40.77084],[47.5308,40.77064],[47.52061,40.76615],[47.50988,40.76901],[47.49861,40.78002],[47.47178,40.78369],[47.44818,40.79552],[47.43637,40.78573],[47.42403,40.78206],[47.38433,40.79063],[47.36823,40.79878],[47.33282,40.79715],[47.31599,40.8008],[47.30877,40.76739],[47.29252,40.74481],[47.28367,40.73808],[47.28287,40.72218],[47.25112,40.66568],[47.27908,40.62656],[47.27064,40.60441],[47.25376,40.58368],[47.23016,40.56572],[47.2243,40.55463],[47.23205,40.5493],[47.24249,40.51214],[47.26838,40.49326],[47.29428,40.46345],[47.31283,40.45518],[47.32249,40.44337],[47.32597,40.42861],[47.34143,40.40763],[47.3708,40.38577],[47.36958,40.36947],[47.39803,40.35964],[47.41039,40.34809],[47.42795,40.32027],[47.45516,40.31213],[47.50439,40.33295],[47.56845,40.39652],[47.56623,40.41165],[47.53778,40.43698],[47.51181,40.44492],[47.49944,40.4555],[47.49573,40.46287],[47.49845,40.48629],[47.50711,40.50518],[47.51527,40.53613],[47.54202,40.549],[47.5567,40.549],[47.56791,40.55696],[47.58337,40.55991],[47.59767,40.55932],[47.61429,40.55224],[47.62743,40.55814],[47.64791,40.59468],[47.64714,40.61294],[47.65371,40.6259],[47.63845,40.66092],[47.63154,40.65972],[47.57909,40.67954],[47.57041,40.71521],[47.56752,40.7576],[47.55367,40.77084]]]}},{"type":"Feature","properties":{"id":"AZE:ADM1:AZE-1693","name":"Agsu","countryCode":"AZE"},"geometry":{"type":"Polygon","coordinates":[[[48.51934,40.81151],[48.51061,40.80464],[48.49716,40.77148],[48.48893,40.76079],[48.44848,40.72429],[48.42448,40.70837],[48.39739,40.69611],[48.39088,40.68567],[48.34665,40.67001],[48.3254,40.66975],[48.28666,40.6486],[48.27192,40.63398],[48.25443,40.62954],[48.21706,40.59949],[48.18895,40.55715],[48.15947,40.54381],[48.13546,40.54151],[48.13674,40.5308],[48.12251,40.511],[48.12084,40.49056],[48.12084,40.4765],[48.13423,40.45156],[48.1811,40.47074],[48.20537,40.46819],[48.20537,40.43494],[48.22881,40.42982],[48.26648,40.45988],[48.33176,40.46179],[48.35771,40.45348],[48.36859,40.4375],[48.36943,40.41383],[48.3644,40.39527],[48.36692,40.38119],[48.4096,40.3575],[48.41463,40.34278],[48.45396,40.31203],[48.46568,40.31395],[48.4933,40.33701],[48.51494,40.36099],[48.51195,40.36247],[48.51195,40.36731],[48.51557,40.374],[48.5466,40.39888],[48.55685,40.44471],[48.56107,40.45046],[48.60928,40.47233],[48.62073,40.47279],[48.64001,40.48222],[48.66532,40.48659],[48.67195,40.49073],[48.67828,40.49994],[48.67256,40.50891],[48.61711,40.53903],[48.60657,40.54271],[48.53606,40.54707],[48.50653,40.55305],[48.49086,40.5604],[48.46615,40.58039],[48.46434,40.59992],[48.46736,40.60956],[48.47579,40.61737],[48.49357,40.62449],[48.53997,40.65823],[48.54781,40.67773],[48.54932,40.70892],[48.56287,40.74216],[48.55775,40.75362],[48.546,40.76462],[48.53154,40.77126],[48.5225,40.77974],[48.51934,40.81151]]]}},{"type":"Feature","properties":{"id":"AZE:ADM1:AZE-1694","name":"Hajigabul","countryCode":"AZE"},"geometry":{"type":"Polygon","coordinates":[[[48.87675,40.33657],[48.8671,40.34455],[48.85881,40.34676],[48.78553,40.34897],[48.77188,40.35181],[48.76717,40.3302],[48.74849,40.30852],[48.69214,40.28706],[48.64423,40.31797],[48.60476,40.32212],[48.5918,40.32789],[48.58487,40.33619],[48.56438,40.34772],[48.53696,40.35164],[48.51494,40.36099],[48.4933,40.33701],[48.46252,40.31343],[48.47076,40.30171],[48.48653,40.26338],[48.48413,40.19295],[48.49133,40.18217],[48.49476,40.16876],[48.50744,40.16297],[48.55681,40.16403],[48.57293,40.15929],[48.63292,40.15666],[48.67852,40.1343],[48.69155,40.12614],[48.67578,40.08849],[48.68351,40.0619],[48.72498,40.04993],[48.75438,40.04572],[48.77171,40.03712],[48.81099,40.02733],[48.83965,40.01051],[48.84651,39.99179],[48.86811,39.97596],[48.88079,39.95961],[48.8926,39.95961],[48.89828,39.96647],[48.89553,39.98783],[48.90513,40.00444],[48.91473,40.01051],[48.93496,40.0055],[48.94182,40.00022],[48.94662,39.98546],[48.94559,39.9662],[48.94959,39.95141],[48.96444,39.94773],[48.99941,39.94694],[49.09541,39.91105],[49.18489,39.89045],[49.21746,39.88939],[49.25722,39.90049],[49.28191,39.90022],[49.30488,39.88411],[49.31139,39.86641],[49.31996,39.85981],[49.3474,39.85401],[49.34967,39.88167],[49.31432,39.93042],[49.31816,39.95742],[49.30332,39.98916],[49.29448,39.99037],[49.26433,40.01532],[49.2583,40.02879],[49.25399,40.05461],[49.22327,40.08946],[49.21264,40.13554],[49.19168,40.15581],[49.16728,40.16639],[49.06736,40.17299],[49.02486,40.17894],[49.01481,40.19392],[48.97942,40.23105],[48.9322,40.26949],[48.91547,40.27765],[48.87584,40.307],[48.86981,40.32041],[48.87675,40.33657]]]}},{"type":"Feature","properties":{"id":"AZE:ADM1:AZE-1695","name":"Astara","countryCode":"AZE"},"geometry":{"type":"Polygon","coordinates":[[[48.64994,38.39184],[48.63197,38.39602],[48.5919,38.41526],[48.54122,38.49727],[48.50999,38.53199],[48.51127,38.53574],[48.51853,38.55166],[48.53326,38.56578],[48.5365,38.57642],[48.56332,38.60578],[48.57127,38.60833],[48.62224,38.60509],[48.66364,38.62234],[48.68887,38.60331],[48.70774,38.60187],[48.73582,38.61018],[48.75009,38.62318],[48.7768,38.62932],[48.82191,38.63546],[48.86703,38.63365],[48.86741,38.63385],[48.8685,38.60248],[48.87403,38.44156],[48.8718,38.44284],[48.85147,38.44724],[48.82731,38.44377],[48.79932,38.42963],[48.77457,38.41039],[48.76072,38.40668],[48.71505,38.40645],[48.68529,38.39115],[48.64994,38.39184]]]}},{"type":"Feature","properties":{"id":"AZE:ADM1:AZE-1696","name":"Barda","countryCode":"AZE"},"geometry":{"type":"Polygon","coordinates":[[[47.00033,40.43582],[47.00325,40.41059],[47.01639,40.39611],[47.02257,40.3772],[47.05427,40.35148],[47.062,40.34053],[47.0763,40.33196],[47.10915,40.32545],[47.11572,40.31894],[47.11726,40.29261],[47.11031,40.26656],[47.10992,40.23132],[47.12152,40.21354],[47.12577,40.19635],[47.13159,40.18826],[47.14355,40.18242],[47.17601,40.1922],[47.19533,40.19309],[47.20848,40.18924],[47.23592,40.19132],[47.24333,40.19706],[47.25138,40.20999],[47.26297,40.21621],[47.28754,40.19956],[47.29176,40.18844],[47.31411,40.17455],[47.3286,40.17316],[47.34974,40.17779],[47.36363,40.1852],[47.39986,40.21391],[47.45844,40.23474],[47.4832,40.25186],[47.49467,40.25554],[47.49216,40.26685],[47.45853,40.28077],[47.4508,40.29764],[47.45382,40.31276],[47.42795,40.32027],[47.41039,40.34809],[47.39803,40.35964],[47.36958,40.36947],[47.3708,40.38577],[47.34143,40.40763],[47.32597,40.42861],[47.32249,40.44337],[47.31283,40.45518],[47.29428,40.46345],[47.26838,40.49326],[47.24249,40.51214],[47.23205,40.5493],[47.2243,40.55463],[47.17343,40.49878],[47.15483,40.49145],[47.15083,40.48657],[47.12562,40.48351],[47.11282,40.49649],[47.08689,40.50479],[47.06608,40.49984],[47.05584,40.49251],[47.04739,40.48088],[47.03819,40.45113],[47.01622,40.43733],[47.00547,40.43397],[47.00033,40.43582]]]}},{"type":"Feature","properties":{"id":"AZE:ADM1:AZE-1697","name":"Beylagan","countryCode":"AZE"},"geometry":{"type":"Polygon","coordinates":[[[47.78057,40.14638],[47.75806,40.11896],[47.73217,40.07028],[47.71246,40.04028],[47.71246,39.99541],[47.70434,39.97787],[47.70318,39.95973],[47.69197,39.94694],[47.68849,39.93831],[47.66912,39.9234],[47.60902,39.91311],[47.58799,39.9013],[47.53877,39.90016],[47.48237,39.86891],[47.47421,39.86128],[47.4705,39.8529],[47.47693,39.83955],[47.48658,39.8304],[47.48361,39.8241],[47.46234,39.81418],[47.4522,39.80503],[47.45145,39.7993],[47.48188,39.78003],[47.48064,39.76839],[47.47573,39.76626],[47.48742,39.75122],[47.50675,39.7363],[47.53755,39.73164],[47.55566,39.72464],[47.57197,39.70879],[47.58405,39.68873],[47.58465,39.67753],[47.64745,39.64812],[47.66376,39.63365],[47.66436,39.60843],[47.65168,39.59161],[47.64504,39.57292],[47.64745,39.55236],[47.66497,39.54581],[47.72838,39.58788],[47.76642,39.63038],[47.8067,39.65708],[47.80367,39.69601],[47.81488,39.72108],[47.84193,39.73988],[47.89217,39.75718],[47.91343,39.78104],[47.91768,39.79059],[47.90068,39.81026],[47.86241,39.81324],[47.84386,39.83083],[47.83227,39.85496],[47.8172,39.86598],[47.79091,39.86806],[47.77777,39.87432],[47.77198,39.88295],[47.77468,39.90349],[47.80269,39.93254],[47.76955,39.95843],[47.77375,39.97994],[47.7928,39.99116],[47.82842,40.00296],[47.84054,40.01057],[47.84672,40.02084],[47.84598,40.03548],[47.8304,40.06057],[47.80096,40.07882],[47.7928,40.09269],[47.79206,40.10237],[47.80028,40.11212],[47.79555,40.1237],[47.7971,40.13557],[47.78057,40.14638]]]}},{"type":"Feature","properties":{"id":"AZE:ADM1:AZE-1698","name":"Bilasuvar","countryCode":"AZE"},"geometry":{"type":"Polygon","coordinates":[[[48.76133,39.62677],[48.73807,39.64529],[48.70628,39.65372],[48.68427,39.65458],[48.67604,39.65887],[48.67159,39.66643],[48.65603,39.66764],[48.61252,39.67947],[48.59689,39.6792],[48.58959,39.66954],[48.58213,39.66982],[48.57935,39.66248],[48.56326,39.65442],[48.54761,39.65139],[48.50811,39.65283],[48.49684,39.66111],[48.49545,39.67595],[48.48321,39.68713],[48.46693,39.69562],[48.44592,39.69842],[48.43229,39.6953],[48.42588,39.69036],[48.41615,39.67832],[48.40282,39.6692],[48.39369,39.6477],[48.37891,39.63358],[48.34391,39.61138],[48.31456,39.59709],[48.2826,39.59659],[48.2589,39.60314],[48.23934,39.61323],[48.15977,39.66063],[48.11651,39.69255],[48.10172,39.69994],[48.09107,39.71153],[48.05433,39.73721],[48.0265,39.74779],[47.99346,39.74947],[47.97715,39.74477],[47.96846,39.73839],[47.95846,39.72177],[47.96433,39.71455],[48.03236,39.69185],[48.219,39.53392],[48.25806,39.49366],[48.34672,39.41282],[48.37457,39.3949],[48.37254,39.38066],[48.34808,39.37961],[48.33461,39.37528],[48.34265,39.36716],[48.34367,39.34869],[48.35075,39.33925],[48.38011,39.33808],[48.40896,39.35694],[48.44743,39.36873],[48.48793,39.38955],[48.50362,39.41429],[48.51374,39.42214],[48.53956,39.42371],[48.55322,39.41586],[48.55828,39.39779],[48.55828,39.38169],[48.56638,39.35969],[48.59321,39.34279],[48.61953,39.33886],[48.64332,39.36126],[48.63877,39.37698],[48.63978,39.40604],[48.64585,39.41547],[48.65717,39.42266],[48.66073,39.43246],[48.68244,39.45355],[48.69313,39.46084],[48.74005,39.43883],[48.75819,39.44859],[48.76103,39.46838],[48.77178,39.48748],[48.77336,39.50046],[48.76798,39.51269],[48.73671,39.5379],[48.73465,39.5704],[48.74536,39.58902],[48.75756,39.62494],[48.76133,39.62677]]]}},{"type":"Feature","properties":{"id":"AZE:ADM1:AZE-1699","name":"Jabrayil","countryCode":"AZE"},"geometry":{"type":"Polygon","coordinates":[[[46.76845,39.44714],[46.7435,39.43442],[46.73505,39.4266],[46.7277,39.40547],[46.72688,39.38455],[46.73096,39.37461],[46.75385,39.35093],[46.75739,39.33591],[46.75538,39.32572],[46.76645,39.30191],[46.78347,39.28008],[46.81241,39.26056],[46.82646,39.25659],[46.83667,39.2417],[46.86562,39.23144],[46.87924,39.21191],[46.8869,39.18806],[46.8869,39.17614],[46.89115,39.16918],[46.9252,39.1652],[46.94478,39.15294],[46.94819,39.14101],[46.96479,39.13604],[46.99841,39.13538],[47.06098,39.18111],[47.06694,39.20264],[47.0729,39.21257],[47.11461,39.26784],[47.16058,39.28472],[47.17164,39.29464],[47.18356,39.29894],[47.22655,39.31216],[47.24528,39.31415],[47.30827,39.35679],[47.31431,39.36604],[47.30572,39.36604],[47.29806,39.37165],[47.2938,39.38421],[47.26996,39.40666],[47.24485,39.42416],[47.18909,39.41624],[47.17292,39.42053],[47.17335,39.44198],[47.16483,39.45089],[47.15249,39.45881],[47.09801,39.47003],[47.08074,39.48275],[47.04991,39.47102],[47.05077,39.45089],[47.06907,39.43736],[47.07034,39.42614],[47.04353,39.41558],[47.01969,39.39907],[47.00139,39.3994],[46.98522,39.40501],[46.97415,39.41624],[46.96181,39.41855],[46.94606,39.43604],[46.92946,39.44165],[46.91073,39.47531],[46.87455,39.48652],[46.86604,39.49477],[46.84731,39.50037],[46.83284,39.49477],[46.83199,39.48388],[46.83753,39.47366],[46.85668,39.46178],[46.86051,39.4532],[46.84944,39.43043],[46.83199,39.41987],[46.81241,39.42086],[46.77155,39.43769],[46.76845,39.44714]]]}},{"type":"Feature","properties":{"id":"AZE:ADM1:AZE-1700","name":"Jalilabad","countryCode":"AZE"},"geometry":{"type":"Polygon","coordinates":[[[48.74005,39.43883],[48.69313,39.46084],[48.68244,39.45355],[48.66073,39.43246],[48.65717,39.42266],[48.64585,39.41547],[48.63978,39.40604],[48.63877,39.37698],[48.64332,39.36126],[48.61953,39.33886],[48.59321,39.34279],[48.56638,39.35969],[48.55828,39.38169],[48.55828,39.39779],[48.55322,39.41586],[48.53956,39.42371],[48.51374,39.42214],[48.50362,39.41429],[48.48793,39.38955],[48.44743,39.36873],[48.40896,39.35694],[48.38011,39.33808],[48.35075,39.33925],[48.34367,39.34869],[48.34265,39.36716],[48.33253,39.37737],[48.31937,39.37855],[48.30064,39.37266],[48.28039,39.36323],[48.24597,39.33965],[48.21004,39.33139],[48.15385,39.30269],[48.1417,39.29325],[48.12848,39.26645],[48.13496,39.23094],[48.15278,39.21582],[48.17578,39.18633],[48.22739,39.14812],[48.27715,39.13536],[48.30804,39.1029],[48.31654,39.08739],[48.31696,39.0764],[48.32338,39.06008],[48.33616,39.04493],[48.33894,39.05956],[48.34604,39.06438],[48.36551,39.06583],[48.38868,39.07642],[48.40412,39.07329],[48.43842,39.04246],[48.4696,39.0294],[48.51583,39.03155],[48.52757,39.04102],[48.55791,39.07604],[48.64045,39.12522],[48.6445,39.1331],[48.636,39.14444],[48.64693,39.16996],[48.68739,39.17468],[48.6886,39.18319],[48.69669,39.19767],[48.71693,39.18665],[48.72892,39.18359],[48.72994,39.20255],[48.73983,39.22634],[48.73713,39.25886],[48.73444,39.27459],[48.72066,39.28731],[48.70886,39.31437],[48.70511,39.36108],[48.71289,39.39392],[48.73131,39.4129],[48.73332,39.42719],[48.74005,39.43883]]]}},{"type":"Feature","properties":{"id":"AZE:ADM1:AZE-1701","name":"Shabran","countryCode":"AZE"},"geometry":{"type":"Polygon","coordinates":[[[49.11332,41.30413],[49.13449,41.25942],[49.14621,41.18756],[49.14993,41.17931],[49.13299,41.18421],[49.11456,41.18364],[49.10062,41.17292],[49.08567,41.16784],[49.05629,41.17273],[49.04383,41.16671],[48.99676,41.16671],[48.98406,41.16407],[48.97261,41.1541],[48.96559,41.12836],[48.98982,41.09219],[48.98918,41.0659],[48.97858,41.0469],[48.96339,41.03201],[48.90487,41.0222],[48.89092,41.0156],[48.87772,40.99201],[48.87523,40.97956],[48.87554,40.94829],[48.88239,40.93693],[48.88112,40.90369],[48.83638,40.8734],[48.80525,40.86811],[48.7913,40.87075],[48.77237,40.88474],[48.73028,40.90553],[48.72754,40.9214],[48.73266,40.98173],[48.71866,40.98969],[48.71321,41.00001],[48.73344,41.02889],[48.7708,41.05276],[48.77936,41.06454],[48.77863,41.08061],[48.7536,41.10666],[48.69965,41.13979],[48.69965,41.1524],[48.70413,41.16238],[48.73676,41.19813],[48.75544,41.2096],[48.78557,41.21299],[48.81396,41.24627],[48.8177,41.2551],[48.81396,41.25999],[48.80101,41.26168],[48.79429,41.26882],[48.79628,41.33136],[48.80085,41.34794],[48.84796,41.35357],[48.86151,41.36294],[48.88893,41.36834],[48.93435,41.35381],[48.95364,41.35994],[48.97181,41.37111],[48.99938,41.37555],[49.05501,41.35598],[49.07912,41.3546],[49.10011,41.32362],[49.1089,41.30976],[49.11135,41.30704],[49.11332,41.30413]]]}},{"type":"Feature","properties":{"id":"AZE:ADM1:AZE-1702","name":"Fuzuli","countryCode":"AZE"},"geometry":{"type":"Polygon","coordinates":[[[47.34707,39.74234],[47.33134,39.73204],[47.3041,39.73099],[47.29484,39.72573],[47.24443,39.7216],[47.20825,39.70648],[47.18909,39.7078],[47.17888,39.70122],[47.16143,39.69695],[47.14313,39.68248],[47.11078,39.67623],[47.09929,39.66801],[47.05758,39.66834],[47.0431,39.65847],[47.04225,39.64531],[47.06822,39.63379],[47.09546,39.63313],[47.10142,39.63938],[47.11333,39.64037],[47.12482,39.63642],[47.11972,39.62589],[47.10014,39.61766],[47.07971,39.61602],[47.06396,39.61075],[47.05247,39.60186],[47.04906,39.59264],[47.04906,39.58704],[47.06396,39.5821],[47.0763,39.58605],[47.09971,39.60383],[47.11376,39.60285],[47.12397,39.59396],[47.12312,39.58045],[47.11163,39.57057],[47.11035,39.563],[47.12312,39.5541],[47.11929,39.54652],[47.11801,39.52609],[47.10993,39.51983],[47.09588,39.5162],[47.08907,39.50862],[47.09205,39.48751],[47.08074,39.48275],[47.09801,39.47003],[47.15249,39.45881],[47.16483,39.45089],[47.17335,39.44198],[47.17292,39.42053],[47.18909,39.41624],[47.24485,39.42416],[47.26996,39.40666],[47.2938,39.38421],[47.29806,39.37165],[47.30572,39.36604],[47.3253,39.36604],[47.34402,39.37925],[47.35254,39.39048],[47.36999,39.39973],[47.3968,39.42845],[47.41255,39.45716],[47.42404,39.46508],[47.44575,39.46838],[47.46897,39.47887],[47.49025,39.483],[47.5674,39.51597],[47.63191,39.53091],[47.65512,39.54949],[47.64745,39.55236],[47.64504,39.57292],[47.65168,39.59161],[47.66436,39.60843],[47.66376,39.63365],[47.64745,39.64812],[47.58465,39.67753],[47.58405,39.68873],[47.57197,39.70879],[47.55566,39.72464],[47.53755,39.73164],[47.50675,39.7363],[47.48742,39.75122],[47.47573,39.76626],[47.4235,39.76075],[47.41138,39.75674],[47.39926,39.7472],[47.377,39.74032],[47.36166,39.73784],[47.35078,39.7386],[47.34707,39.74234]]]}},{"type":"Feature","properties":{"id":"AZE:ADM1:AZE-1703","name":"Goychay","countryCode":"AZE"},"geometry":{"type":"Polygon","coordinates":[[[47.63845,40.66092],[47.65371,40.6259],[47.64714,40.61294],[47.64791,40.59468],[47.62743,40.55814],[47.61729,40.55359],[47.62279,40.5431],[47.65139,40.52807],[47.65178,40.51833],[47.65642,40.51361],[47.68231,40.5204],[47.69313,40.53013],[47.74222,40.51066],[47.7627,40.49473],[47.777,40.48942],[47.79478,40.49326],[47.80096,40.50919],[47.81101,40.51686],[47.84927,40.50299],[47.89449,40.49798],[47.92928,40.4788],[47.96561,40.46994],[48.04716,40.46404],[48.06223,40.46817],[48.0688,40.47526],[48.07951,40.53026],[48.07513,40.5289],[48.0573,40.53649],[48.0525,40.54747],[48.05422,40.5595],[48.06004,40.56761],[48.08781,40.58983],[48.08781,40.61178],[48.08233,40.62275],[48.07204,40.63032],[48.03125,40.64808],[48.01582,40.65304],[47.99319,40.65383],[47.97022,40.66166],[47.92462,40.66766],[47.80257,40.6721],[47.77789,40.67784],[47.77332,40.68402],[47.73163,40.68277],[47.72411,40.67895],[47.66105,40.67191],[47.64832,40.66823],[47.63845,40.66092]]]}},{"type":"Feature","properties":{"id":"AZE:ADM1:AZE-1704","name":"Imishli","countryCode":"AZE"},"geometry":{"type":"Polygon","coordinates":[[[48.27528,40.02252],[48.24651,40.0475],[48.19337,40.07581],[48.15895,40.08045],[48.14325,40.09204],[48.12815,40.1143],[48.10218,40.1143],[48.09011,40.1398],[48.0732,40.15463],[48.05146,40.15463],[48.03334,40.14953],[48.011,40.11662],[47.99348,40.11894],[47.99228,40.11245],[47.99952,40.09807],[47.99107,40.07859],[47.9808,40.07581],[47.9651,40.08137],[47.95181,40.09111],[47.93611,40.09065],[47.90833,40.07673],[47.8872,40.09111],[47.87935,40.10317],[47.88004,40.11093],[47.82918,40.10204],[47.80792,40.10204],[47.80028,40.11212],[47.79206,40.10237],[47.7928,40.09269],[47.80096,40.07882],[47.8304,40.06057],[47.84598,40.03548],[47.84672,40.02084],[47.84054,40.01057],[47.82842,40.00296],[47.7928,39.99116],[47.77375,39.97994],[47.76955,39.95843],[47.80269,39.93254],[47.77468,39.90349],[47.77198,39.88295],[47.77777,39.87432],[47.79091,39.86806],[47.8172,39.86598],[47.83227,39.85496],[47.84386,39.83083],[47.86241,39.81324],[47.90068,39.81026],[47.91768,39.79059],[47.91343,39.78104],[47.89217,39.75718],[47.84193,39.73988],[47.81488,39.72108],[47.80367,39.69601],[47.8067,39.65708],[47.81797,39.6536],[47.83923,39.66405],[47.87826,39.66823],[47.8914,39.66047],[47.92,39.66047],[47.9401,39.6757],[47.96715,39.68526],[47.97643,39.69153],[47.98419,39.70787],[47.96433,39.71455],[47.95846,39.72177],[47.96846,39.73839],[47.97715,39.74477],[47.99346,39.74947],[48.00998,39.75014],[48.0265,39.74779],[48.05433,39.73721],[48.09107,39.71153],[48.10172,39.69994],[48.11651,39.69255],[48.15977,39.66063],[48.2589,39.60314],[48.2826,39.59659],[48.31456,39.59709],[48.34391,39.61138],[48.37891,39.63358],[48.39369,39.6477],[48.39882,39.65928],[48.36826,39.67307],[48.35565,39.68113],[48.34717,39.69155],[48.35725,39.72278],[48.35929,39.75372],[48.35725,39.78335],[48.33551,39.79985],[48.25297,39.81557],[48.23462,39.83443],[48.23394,39.8525],[48.23734,39.86323],[48.25331,39.8915],[48.25803,39.91707],[48.26869,39.93649],[48.26717,39.95272],[48.25216,39.97029],[48.24956,39.98066],[48.27241,39.99506],[48.26739,40.00017],[48.2679,40.01633],[48.27528,40.02252]]]}},{"type":"Feature","properties":{"id":"AZE:ADM1:AZE-1705","name":"Ismayilli","countryCode":"AZE"},"geometry":{"type":"Polygon","coordinates":[[[48.08814,41.07754],[48.05816,41.0506],[48.05394,41.04444],[48.05425,41.03509],[48.03883,41.00642],[48.029,41.02248],[48.01607,41.02248],[48.00238,41.0146],[47.99467,41.00364],[47.99583,40.99517],[47.99158,40.97676],[47.9976,40.96158],[48.01055,40.95838],[48.03888,40.94399],[48.03918,40.92228],[48.03255,40.89736],[48.00814,40.88479],[47.97379,40.88067],[47.96686,40.87404],[47.96264,40.83949],[47.95361,40.82301],[47.92366,40.81822],[47.91144,40.81231],[47.90577,40.80481],[47.89552,40.80294],[47.88133,40.79243],[47.86343,40.78737],[47.83986,40.7732],[47.81604,40.72542],[47.79629,40.71031],[47.78136,40.69368],[47.77965,40.68541],[47.77332,40.68402],[47.77789,40.67784],[47.80257,40.6721],[47.88691,40.6708],[47.97022,40.66166],[47.99319,40.65383],[48.01582,40.65304],[48.07204,40.63032],[48.08233,40.62275],[48.08781,40.61178],[48.08781,40.58983],[48.06004,40.56761],[48.05422,40.5595],[48.0525,40.54747],[48.0573,40.53649],[48.07513,40.5289],[48.08781,40.53282],[48.0981,40.54355],[48.10804,40.54538],[48.13546,40.54151],[48.15947,40.54381],[48.18895,40.55715],[48.21706,40.59949],[48.25443,40.62954],[48.27192,40.63398],[48.28666,40.6486],[48.3254,40.66975],[48.34665,40.67001],[48.39088,40.68567],[48.39739,40.69611],[48.42448,40.70837],[48.44848,40.72429],[48.49716,40.77148],[48.51061,40.80464],[48.51934,40.81151],[48.52411,40.82872],[48.53423,40.83847],[48.54287,40.85712],[48.54118,40.88913],[48.46464,40.93119],[48.45771,40.94239],[48.45319,40.9609],[48.45557,40.97095],[48.42152,40.98981],[48.39414,40.98925],[48.34176,40.99928],[48.30446,41.01236],[48.26844,41.01723],[48.20045,41.0388],[48.18722,41.0484],[48.17123,41.04938],[48.14825,41.06],[48.08814,41.07754]]]}},{"type":"Feature","properties":{"id":"AZE:ADM1:AZE-1706","name":"Kurdamir","countryCode":"AZE"},"geometry":{"type":"Polygon","coordinates":[[[48.07951,40.53026],[48.0688,40.47526],[48.06223,40.46817],[48.04716,40.46404],[48.02739,40.46583],[48.02307,40.42608],[48.01281,40.38361],[48.00616,40.37298],[47.9802,40.35081],[47.97174,40.3388],[47.9634,40.33561],[47.96599,40.31776],[47.96599,40.24435],[47.97411,40.23013],[47.97537,40.19076],[47.97295,40.18474],[47.9494,40.14721],[47.93732,40.14119],[47.89143,40.13516],[47.88418,40.12728],[47.87935,40.10317],[47.8872,40.09111],[47.90833,40.07673],[47.93611,40.09065],[47.95181,40.09111],[47.9651,40.08137],[47.9808,40.07581],[47.99107,40.07859],[47.99952,40.09807],[47.99228,40.11245],[47.99348,40.11894],[48.011,40.11662],[48.03334,40.14953],[48.05146,40.15463],[48.0732,40.15463],[48.09011,40.1398],[48.10218,40.1143],[48.12815,40.1143],[48.14325,40.09204],[48.15895,40.08045],[48.19337,40.07581],[48.24651,40.0475],[48.27528,40.02252],[48.33981,40.03983],[48.35024,40.04891],[48.36205,40.08627],[48.3822,40.10628],[48.38949,40.11055],[48.40686,40.11189],[48.42041,40.12175],[48.43813,40.14629],[48.50064,40.16608],[48.49476,40.16876],[48.49133,40.18217],[48.48413,40.19295],[48.48653,40.26338],[48.47076,40.30171],[48.46252,40.31343],[48.45396,40.31203],[48.41463,40.34278],[48.4096,40.3575],[48.36692,40.38119],[48.3644,40.39527],[48.36943,40.41383],[48.36859,40.4375],[48.35771,40.45348],[48.33176,40.46179],[48.26648,40.45988],[48.22881,40.42982],[48.20537,40.43494],[48.20537,40.46819],[48.1811,40.47074],[48.13423,40.45156],[48.12084,40.4765],[48.12084,40.49056],[48.12251,40.511],[48.13674,40.5308],[48.13546,40.54151],[48.10804,40.54538],[48.0981,40.54355],[48.08781,40.53282],[48.07951,40.53026]]]}},{"type":"Feature","properties":{"id":"AZE:ADM1:AZE-1707","name":"Lankaran","countryCode":"AZE"},"geometry":{"type":"MultiPolygon","coordinates":[[[[48.82191,38.63546],[48.7768,38.62932],[48.75009,38.62318],[48.73582,38.61018],[48.70774,38.60187],[48.68887,38.60331],[48.65802,38.62751],[48.69393,38.64954],[48.69623,38.66506],[48.68606,38.67862],[48.66171,38.68996],[48.65434,38.70727],[48.65112,38.73793],[48.64237,38.76244],[48.62488,38.77938],[48.5526,38.82153],[48.54477,38.83809],[48.55076,38.87481],[48.55904,38.88669],[48.578,38.9015],[48.62404,38.86701],[48.66522,38.86113],[48.69241,38.87875],[48.72452,38.88927],[48.74161,38.90162],[48.76232,38.91052],[48.76724,38.92286],[48.79029,38.9354],[48.81515,38.93641],[48.83274,38.92218],[48.83405,38.87071],[48.8318,38.87116],[48.83253,38.83564],[48.83473,38.81928],[48.8392,38.80353],[48.86299,38.75692],[48.85047,38.7635],[48.83506,38.7635],[48.82281,38.75948],[48.81292,38.74741],[48.81253,38.73657],[48.82755,38.72481],[48.84178,38.71861],[48.85443,38.72047],[48.86417,38.7268],[48.86741,38.63385],[48.86703,38.63365],[48.82191,38.63546]]],[[[49.19694,39.0524],[49.19097,39.02993],[49.16221,39.01374],[49.15655,39.00234],[49.155,38.9951],[49.11883,38.97533],[49.07928,38.96332],[49.06378,38.97321],[49.09541,38.98467],[49.18505,39.04801],[49.19694,39.0524]]],[[[48.85578,38.9069],[48.86574,38.91491],[48.88415,38.92104],[48.89773,38.9333],[48.91101,38.9531],[48.91041,38.97643],[48.90437,38.98444],[48.89389,38.98981],[48.88536,39.00964],[48.86689,39.02759],[48.875,39.07308],[48.84487,39.08407],[48.83444,39.09175],[48.82382,39.10905],[48.82575,39.13914],[48.83367,39.14877],[48.83499,39.16739],[48.85046,39.18015],[48.86575,39.20115],[48.89768,39.21864],[48.91522,39.24452],[48.92827,39.25606],[48.99303,39.29067],[49.00922,39.29626],[49.02406,39.29521],[49.03845,39.28228],[49.05014,39.24732],[49.06228,39.23438],[49.10276,39.23403],[49.16662,39.20534],[49.20394,39.20255],[49.21474,39.19345],[49.21384,39.17455],[49.20889,39.1637],[49.20035,39.10697],[49.1941,39.10588],[49.16905,39.1275],[49.15215,39.12398],[49.1425,39.11669],[49.11865,39.11058],[49.10115,39.11199],[49.09421,39.12022],[49.10537,39.14584],[49.07368,39.16017],[49.0755,39.18813],[49.06373,39.19517],[49.04079,39.194],[49.02737,39.18718],[49.02223,39.18822],[48.9795,39.18708],[48.96762,39.18382],[48.96176,39.17585],[48.95786,39.16568],[48.94955,39.15127],[48.94874,39.14619],[48.9489,39.14098],[48.94512,39.13785],[48.94222,39.12543],[48.94215,39.12539],[48.93727,39.12543],[48.93482,39.12442],[48.93295,39.0777],[48.93513,39.06204],[48.93491,39.06118],[48.93491,39.04464],[48.94151,39.0108],[48.9363,38.97441],[48.92172,38.93545],[48.91822,38.92894],[48.89869,38.89305],[48.89625,38.89073],[48.86793,38.86384],[48.85854,38.86574],[48.86371,38.87786],[48.86574,38.89652],[48.85578,38.9069]]]]}},{"type":"Feature","properties":{"id":"AZE:ADM1:AZE-1708","name":"Masally","countryCode":"AZE"},"geometry":{"type":"Polygon","coordinates":[[[48.72892,39.18359],[48.71693,39.18665],[48.69669,39.19767],[48.6886,39.18319],[48.68739,39.17468],[48.64693,39.16996],[48.636,39.14444],[48.6445,39.1331],[48.64045,39.12522],[48.55791,39.07604],[48.52757,39.04102],[48.51583,39.03155],[48.47092,39.03061],[48.46364,39.02398],[48.45959,39.0123],[48.46202,38.99557],[48.47618,38.98167],[48.52028,38.97662],[48.53387,38.96934],[48.56641,38.94345],[48.57207,38.93524],[48.57733,38.91279],[48.57536,38.90364],[48.594,38.88765],[48.63181,38.86437],[48.66522,38.86113],[48.69241,38.87875],[48.72452,38.88927],[48.74161,38.90162],[48.76232,38.91052],[48.76724,38.92286],[48.79029,38.9354],[48.81515,38.93641],[48.83509,38.92144],[48.85296,38.94774],[48.85658,38.96613],[48.86772,38.98069],[48.89389,38.98981],[48.88536,39.00964],[48.86689,39.02759],[48.875,39.07308],[48.84487,39.08407],[48.83444,39.09175],[48.82382,39.10905],[48.82575,39.13914],[48.83367,39.14877],[48.83499,39.16739],[48.82888,39.16475],[48.80909,39.17245],[48.79785,39.17245],[48.78346,39.16545],[48.76861,39.16334],[48.72949,39.177],[48.72892,39.18359]]]}},{"type":"Feature","properties":{"id":"AZE:ADM1:AZE-1709","name":"Lerik","countryCode":"AZE"},"geometry":{"type":"Polygon","coordinates":[[[48.53387,38.96934],[48.46746,38.9453],[48.44274,38.93058],[48.40258,38.91755],[48.36427,38.90089],[48.32812,38.87844],[48.3136,38.87409],[48.26448,38.82892],[48.25552,38.8062],[48.25614,38.78855],[48.23019,38.76243],[48.22432,38.74743],[48.22525,38.73654],[48.25645,38.71549],[48.26139,38.69733],[48.23729,38.6845],[48.23266,38.67457],[48.24162,38.66803],[48.26077,38.66197],[48.28425,38.6472],[48.29816,38.62902],[48.35315,38.59145],[48.37879,38.59242],[48.41401,38.60236],[48.45016,38.606],[48.46437,38.58757],[48.46746,38.57157],[48.47673,38.56162],[48.49866,38.55192],[48.51127,38.53574],[48.51853,38.55166],[48.53326,38.56578],[48.5365,38.57642],[48.56332,38.60578],[48.57127,38.60833],[48.60574,38.60416],[48.63432,38.60856],[48.66364,38.62234],[48.65894,38.62968],[48.67552,38.63618],[48.69393,38.64954],[48.69623,38.66506],[48.68606,38.67862],[48.66171,38.68996],[48.65434,38.70727],[48.65112,38.73793],[48.64237,38.76244],[48.62488,38.77938],[48.5526,38.82153],[48.54477,38.83809],[48.55076,38.87481],[48.55904,38.88669],[48.578,38.9015],[48.57536,38.90364],[48.57733,38.91279],[48.57207,38.93524],[48.56641,38.94345],[48.53387,38.96934]]]}},{"type":"Feature","properties":{"id":"AZE:ADM1:AZE-1710","name":"Neftchala","countryCode":"AZE"},"geometry":{"type":"MultiPolygon","coordinates":[[[[49.16221,39.01374],[49.19097,39.02993],[49.20135,39.06192],[49.20832,39.06106],[49.20786,39.05541],[49.2033,39.03413],[49.19386,39.01634],[49.155,38.9951],[49.15655,39.00234],[49.16221,39.01374]]],[[[49.20484,39.09434],[49.19945,39.10275],[49.20889,39.1637],[49.21384,39.17455],[49.21474,39.19345],[49.20394,39.20255],[49.16662,39.20534],[49.10276,39.23403],[49.06228,39.23438],[49.05014,39.24732],[49.03845,39.28228],[49.02406,39.29521],[49.00922,39.29626],[48.99303,39.29067],[48.92827,39.25606],[48.91522,39.24452],[48.89768,39.21864],[48.86575,39.20115],[48.85046,39.18015],[48.83499,39.16739],[48.82888,39.16475],[48.80909,39.17245],[48.79785,39.17245],[48.78346,39.16545],[48.76861,39.16334],[48.72949,39.177],[48.72994,39.20255],[48.73983,39.22634],[48.73713,39.25886],[48.73444,39.27459],[48.72066,39.28731],[48.70886,39.31437],[48.70511,39.36108],[48.71289,39.39392],[48.73131,39.4129],[48.73332,39.42719],[48.74005,39.43883],[48.75819,39.44859],[48.8059,39.41179],[48.85487,39.38482],[48.88394,39.38213],[48.89784,39.38679],[48.92596,39.40591],[48.94113,39.4086],[48.94998,39.42282],[48.94303,39.44168],[48.94208,39.46422],[48.94618,39.47475],[48.96325,39.49581],[49.01538,39.52493],[49.02549,39.54524],[49.02391,39.55869],[49.01791,39.56676],[48.98789,39.58779],[48.98378,39.59708],[48.98442,39.61467],[48.99137,39.62347],[49.01601,39.62518],[49.02707,39.62078],[49.04508,39.59928],[49.0593,39.58779],[49.07225,39.56309],[49.08805,39.54915],[49.08931,39.54034],[49.09974,39.52517],[49.11933,39.5122],[49.17178,39.50462],[49.21045,39.52625],[49.25271,39.53032],[49.27657,39.53893],[49.29027,39.55046],[49.2912,39.54816],[49.28924,39.54239],[49.28492,39.5222],[49.28582,39.49518],[49.29575,39.47671],[49.33252,39.45068],[49.34021,39.44112],[49.37754,39.41287],[49.39806,39.40204],[49.40032,39.3999],[49.40567,39.38014],[49.40357,39.37848],[49.39731,39.34516],[49.39869,39.33515],[49.40707,39.32368],[49.39479,39.32868],[49.38559,39.33495],[49.37867,39.34248],[49.37306,39.35098],[49.36687,39.35098],[49.37062,39.33617],[49.37908,39.31981],[49.39137,39.30549],[49.40707,39.29694],[49.40707,39.2895],[49.38453,39.29369],[49.37037,39.30585],[49.35768,39.32014],[49.30641,39.3465],[49.27312,39.33658],[49.24732,39.3107],[49.23707,39.27896],[49.2378,39.1695],[49.2343,39.15636],[49.22967,39.13866],[49.21559,39.10635],[49.21214,39.09517],[49.20979,39.09329],[49.20484,39.09434]]]]}},{"type":"Feature","properties":{"id":"AZE:ADM1:AZE-1711","name":"Gobustan","countryCode":"AZE"},"geometry":{"type":"Polygon","coordinates":[[[48.83314,40.77942],[48.82538,40.77095],[48.82081,40.75969],[48.78502,40.74401],[48.7533,40.71998],[48.7506,40.66901],[48.75331,40.6541],[48.74547,40.6323],[48.7283,40.61576],[48.7289,40.60704],[48.7521,40.59119],[48.75482,40.58614],[48.75512,40.57626],[48.7512,40.56934],[48.75274,40.55934],[48.76046,40.55169],[48.76528,40.51829],[48.76142,40.50151],[48.75525,40.494],[48.76046,40.48046],[48.77357,40.46705],[48.77376,40.45807],[48.76508,40.44761],[48.76065,40.43538],[48.74541,40.4261],[48.74233,40.40148],[48.72439,40.38792],[48.69122,40.37862],[48.68698,40.37169],[48.71591,40.36343],[48.74484,40.3624],[48.78553,40.34897],[48.85881,40.34676],[48.8671,40.34455],[48.87675,40.33657],[48.88158,40.34194],[48.89077,40.3415],[48.89651,40.33271],[48.92235,40.3248],[48.95164,40.30986],[48.96284,40.30942],[48.99098,40.3281],[48.9973,40.33777],[49.00936,40.3426],[49.03692,40.37182],[49.0619,40.38521],[49.09549,40.38828],[49.11247,40.39873],[49.13048,40.42064],[49.17017,40.43903],[49.18892,40.44297],[49.22843,40.4636],[49.25305,40.46627],[49.24882,40.47974],[49.28227,40.48577],[49.29219,40.49251],[49.29973,40.51117],[49.29901,40.51734],[49.24207,40.52369],[49.22439,40.53243],[49.17458,40.5803],[49.17085,40.59207],[49.16113,40.60479],[49.14345,40.61295],[49.13225,40.62396],[49.11133,40.6306],[49.09041,40.63212],[49.04109,40.65298],[49.0274,40.66171],[49.01121,40.68389],[48.97784,40.71763],[48.94745,40.73563],[48.91607,40.74946],[48.89889,40.76385],[48.87149,40.77616],[48.84933,40.78032],[48.83314,40.77942]]]}},{"type":"Feature","properties":{"id":"AZE:ADM1:AZE-1712","name":"Siyazan","countryCode":"AZE"},"geometry":{"type":"Polygon","coordinates":[[[49.32426,40.91762],[49.36318,40.89235],[49.32625,40.87113],[49.22414,40.88021],[49.19849,40.894],[49.16761,40.90118],[49.15267,40.91101],[49.12291,40.91529],[49.10092,40.92956],[49.09629,40.94044],[49.09821,40.96872],[49.09438,40.97572],[49.08402,40.98116],[49.06266,40.97971],[49.04529,40.97234],[49.0362,40.96014],[49.03636,40.93802],[49.0319,40.93077],[49.01411,40.92208],[48.94903,40.91048],[48.88191,40.91041],[48.88239,40.93693],[48.87554,40.94829],[48.87523,40.97956],[48.88519,41.00805],[48.89092,41.0156],[48.90487,41.0222],[48.96339,41.03201],[48.97858,41.0469],[48.98918,41.0659],[48.98982,41.09219],[48.96559,41.12836],[48.97261,41.1541],[48.98406,41.16407],[48.99676,41.16671],[49.04383,41.16671],[49.05629,41.17273],[49.08567,41.16784],[49.10062,41.17292],[49.11456,41.18364],[49.13299,41.18421],[49.14707,41.18014],[49.15845,41.15447],[49.16065,41.1481],[49.16156,41.14746],[49.16363,41.1428],[49.17184,41.10382],[49.20978,41.0268],[49.23635,40.99654],[49.28232,40.96361],[49.30473,40.94437],[49.32426,40.91762]]]}},{"type":"Feature","properties":{"id":"AZE:ADM1:AZE-1713","name":"Saatly","countryCode":"AZE"},"geometry":{"type":"Polygon","coordinates":[[[48.27241,39.99506],[48.24956,39.98066],[48.25216,39.97029],[48.26717,39.95272],[48.26869,39.93649],[48.25803,39.91707],[48.25331,39.8915],[48.23734,39.86323],[48.23394,39.8525],[48.23462,39.83443],[48.25297,39.81557],[48.33551,39.79985],[48.35725,39.78335],[48.35929,39.75372],[48.35725,39.72278],[48.34717,39.69155],[48.35565,39.68113],[48.36826,39.67307],[48.39882,39.65928],[48.40282,39.6692],[48.41615,39.67832],[48.43229,39.6953],[48.45636,39.6981],[48.46693,39.69562],[48.49239,39.68036],[48.49684,39.66111],[48.50811,39.65283],[48.54761,39.65139],[48.56326,39.65442],[48.57935,39.66248],[48.58213,39.66982],[48.56145,39.68162],[48.56041,39.69289],[48.56632,39.70121],[48.57674,39.70819],[48.5955,39.70845],[48.64761,39.72241],[48.65699,39.72858],[48.68513,39.73689],[48.70423,39.74896],[48.70458,39.7562],[48.71535,39.7629],[48.71709,39.79346],[48.71396,39.80418],[48.69902,39.82561],[48.6959,39.83873],[48.70701,39.86123],[48.69205,39.89733],[48.68004,39.91359],[48.66893,39.92181],[48.64469,39.92917],[48.62579,39.92849],[48.61379,39.93174],[48.59978,39.95005],[48.58177,39.96562],[48.55776,39.96887],[48.52241,39.96648],[48.4815,39.94851],[48.45926,39.95125],[48.45304,39.96562],[48.45593,39.97896],[48.46905,40.00017],[48.4666,40.00701],[48.45571,40.01915],[48.43481,40.02752],[48.42969,40.03282],[48.38812,40.0171],[48.32542,40.0012],[48.29385,39.98683],[48.28317,39.987],[48.27241,39.99506]]]}},{"type":"Feature","properties":{"id":"AZE:ADM1:AZE-1714","name":"Sabirabad","countryCode":"AZE"},"geometry":{"type":"Polygon","coordinates":[[[48.50064,40.16608],[48.43813,40.14629],[48.42041,40.12175],[48.40686,40.11189],[48.38949,40.11055],[48.3822,40.10628],[48.36205,40.08627],[48.35024,40.04891],[48.33981,40.03983],[48.27528,40.02252],[48.2679,40.01633],[48.26739,40.00017],[48.28317,39.987],[48.29385,39.98683],[48.32542,40.0012],[48.38812,40.0171],[48.42969,40.03282],[48.43481,40.02752],[48.45571,40.01915],[48.4666,40.00701],[48.46905,40.00017],[48.45593,39.97896],[48.45304,39.96562],[48.45926,39.95125],[48.4815,39.94851],[48.52241,39.96648],[48.55776,39.96887],[48.58177,39.96562],[48.59978,39.95005],[48.61379,39.93174],[48.62579,39.92849],[48.64469,39.92917],[48.66893,39.92181],[48.68004,39.91359],[48.69205,39.89733],[48.70701,39.86123],[48.6959,39.83873],[48.69902,39.82561],[48.71396,39.80418],[48.71709,39.79346],[48.71535,39.7629],[48.70458,39.7562],[48.70423,39.74896],[48.69486,39.74118],[48.66915,39.73045],[48.5955,39.70845],[48.57674,39.70819],[48.56632,39.70121],[48.56041,39.69289],[48.56145,39.68162],[48.58213,39.66982],[48.58959,39.66954],[48.59689,39.6792],[48.60106,39.68027],[48.67159,39.66643],[48.67604,39.65887],[48.68427,39.65458],[48.70628,39.65372],[48.73807,39.64529],[48.76133,39.62677],[48.80306,39.63764],[48.81317,39.64301],[48.82423,39.64326],[48.8375,39.64277],[48.87731,39.62494],[48.88647,39.62371],[48.895,39.62836],[48.89595,39.63886],[48.88363,39.6479],[48.88173,39.6562],[48.88678,39.66622],[48.92186,39.67598],[48.94587,39.69014],[48.94081,39.73187],[48.9326,39.7548],[48.94966,39.78747],[48.94776,39.80063],[48.91585,39.82354],[48.90764,39.83888],[48.90764,39.84619],[48.91238,39.8552],[48.92533,39.86762],[48.92493,39.87505],[48.91259,39.88798],[48.90147,39.89031],[48.88833,39.90059],[48.88914,39.90932],[48.9065,39.93451],[48.89873,39.94096],[48.8926,39.95961],[48.88079,39.95961],[48.86811,39.97596],[48.84651,39.99179],[48.83965,40.01051],[48.81099,40.02733],[48.77171,40.03712],[48.75438,40.04572],[48.72498,40.04993],[48.68351,40.0619],[48.67578,40.08849],[48.69155,40.12614],[48.67852,40.1343],[48.63292,40.15666],[48.57293,40.15929],[48.55681,40.16403],[48.50744,40.16297],[48.50064,40.16608]]]}},{"type":"Feature","properties":{"id":"AZE:ADM1:AZE-1715","name":"Salyan","countryCode":"AZE"},"geometry":{"type":"Polygon","coordinates":[[[49.29619,39.56461],[49.28952,39.5477],[49.28244,39.54535],[49.27657,39.53893],[49.25271,39.53032],[49.21045,39.52625],[49.17178,39.50462],[49.11933,39.5122],[49.09974,39.52517],[49.08931,39.54034],[49.08805,39.54915],[49.07225,39.56309],[49.0593,39.58779],[49.04508,39.59928],[49.02707,39.62078],[49.01601,39.62518],[48.99137,39.62347],[48.98442,39.61467],[48.98378,39.59708],[48.98789,39.58779],[49.01791,39.56676],[49.02391,39.55869],[49.02549,39.54524],[49.01538,39.52493],[48.96325,39.49581],[48.94618,39.47475],[48.94208,39.46422],[48.94303,39.44168],[48.94998,39.42282],[48.94113,39.4086],[48.92596,39.40591],[48.89784,39.38679],[48.88394,39.38213],[48.85487,39.38482],[48.8059,39.41179],[48.75819,39.44859],[48.76103,39.46838],[48.77178,39.48748],[48.77336,39.50046],[48.76798,39.51269],[48.73671,39.5379],[48.73465,39.5704],[48.74536,39.58902],[48.75756,39.62494],[48.81317,39.64301],[48.82423,39.64326],[48.8375,39.64277],[48.87731,39.62494],[48.88647,39.62371],[48.895,39.62836],[48.89595,39.63886],[48.88363,39.6479],[48.88173,39.6562],[48.88678,39.66622],[48.92186,39.67598],[48.94587,39.69014],[48.94081,39.73187],[48.9326,39.7548],[48.94966,39.78747],[48.94776,39.80063],[48.91585,39.82354],[48.90764,39.83888],[48.90764,39.84619],[48.91238,39.8552],[48.92533,39.86762],[48.92493,39.87505],[48.91259,39.88798],[48.90147,39.89031],[48.88833,39.90059],[48.88914,39.90932],[48.9065,39.93451],[48.91859,39.93353],[48.94959,39.95141],[48.96444,39.94773],[48.99941,39.94694],[49.09541,39.91105],[49.17357,39.8923],[49.21746,39.88939],[49.25722,39.90049],[49.28191,39.90022],[49.30488,39.88411],[49.31139,39.86641],[49.31996,39.85981],[49.3474,39.85401],[49.34814,39.80013],[49.35129,39.77997],[49.35077,39.71295],[49.35761,39.69371],[49.35761,39.68301],[49.3616,39.67838],[49.33456,39.65356],[49.32005,39.63094],[49.30387,39.58307],[49.30366,39.57959],[49.29734,39.56603],[49.29619,39.56461]]]}},{"type":"Feature","properties":{"id":"AZE:ADM1:AZE-1716","name":"Shamakhi","countryCode":"AZE"},"geometry":{"type":"Polygon","coordinates":[[[48.72923,40.91165],[48.67879,40.91862],[48.65582,40.92712],[48.60326,40.9366],[48.5586,40.95694],[48.53233,40.96098],[48.51505,40.95986],[48.45557,40.97095],[48.45319,40.9609],[48.45771,40.94239],[48.46464,40.93119],[48.54118,40.88913],[48.54287,40.85712],[48.53423,40.83847],[48.52744,40.83341],[48.51948,40.81798],[48.5225,40.77974],[48.53154,40.77126],[48.546,40.76462],[48.55775,40.75362],[48.56287,40.74216],[48.54932,40.70892],[48.54781,40.67773],[48.53997,40.65823],[48.49357,40.62449],[48.47579,40.61737],[48.46736,40.60956],[48.46434,40.59992],[48.46615,40.58039],[48.49086,40.5604],[48.50653,40.55305],[48.53606,40.54707],[48.60657,40.54271],[48.61711,40.53903],[48.63851,40.52569],[48.66382,40.51558],[48.67828,40.49994],[48.66532,40.48659],[48.64001,40.48222],[48.62073,40.47279],[48.60928,40.47233],[48.56107,40.45046],[48.55685,40.44471],[48.5466,40.39888],[48.51557,40.374],[48.51195,40.36247],[48.53696,40.35164],[48.56438,40.34772],[48.58487,40.33619],[48.5918,40.32789],[48.60476,40.32212],[48.64423,40.31797],[48.69214,40.28706],[48.74849,40.30852],[48.76717,40.3302],[48.77188,40.35181],[48.74484,40.3624],[48.71591,40.36343],[48.68698,40.37169],[48.69122,40.37862],[48.72439,40.38792],[48.74233,40.40148],[48.74541,40.4261],[48.76065,40.43538],[48.76508,40.44761],[48.77376,40.45807],[48.77357,40.46705],[48.76046,40.48046],[48.75525,40.494],[48.76142,40.50151],[48.76528,40.51829],[48.76046,40.55169],[48.75274,40.55934],[48.7512,40.56934],[48.75512,40.57626],[48.75482,40.58614],[48.7521,40.59119],[48.7289,40.60704],[48.7283,40.61576],[48.74547,40.6323],[48.75331,40.6541],[48.7506,40.66901],[48.7533,40.71998],[48.78502,40.74401],[48.82081,40.75969],[48.82538,40.77095],[48.83314,40.77942],[48.83264,40.80096],[48.80624,40.8318],[48.80674,40.84144],[48.82138,40.86918],[48.7913,40.87075],[48.77237,40.88474],[48.73028,40.90553],[48.72923,40.91165]]]}},{"type":"Feature","properties":{"id":"AZE:ADM1:AZE-1717","name":"Sumqayit","countryCode":"AZE"},"geometry":{"type":"Polygon","coordinates":[[[49.68582,40.59083],[49.69138,40.58602],[49.7105,40.5752],[49.68981,40.54248],[49.67224,40.53371],[49.65802,40.53179],[49.62374,40.54168],[49.59969,40.56082],[49.59216,40.57039],[49.58724,40.58714],[49.57747,40.59632],[49.55686,40.60805],[49.54361,40.6209],[49.53387,40.64113],[49.53529,40.64953],[49.55566,40.63184],[49.58622,40.62132],[49.62768,40.61347],[49.66661,40.61292],[49.67037,40.61092],[49.68304,40.60235],[49.68582,40.59083]]]}},{"type":"Feature","properties":{"id":"AZE:ADM1:AZE-1718","name":"Ujar","countryCode":"AZE"},"geometry":{"type":"Polygon","coordinates":[[[47.56845,40.39851],[47.59496,40.38518],[47.62202,40.37897],[47.66299,40.36123],[47.68656,40.33787],[47.70086,40.31687],[47.75736,40.32863],[47.78997,40.31892],[47.86425,40.32632],[47.89626,40.33556],[47.95967,40.33418],[47.97174,40.3388],[47.9802,40.35081],[48.00616,40.37298],[48.01281,40.38361],[48.02307,40.42608],[48.02739,40.46583],[47.96561,40.46994],[47.94435,40.47437],[47.92928,40.4788],[47.89449,40.49798],[47.84927,40.50299],[47.81101,40.51686],[47.80096,40.50919],[47.79478,40.49326],[47.777,40.48942],[47.7627,40.49473],[47.74222,40.51066],[47.69313,40.53013],[47.68231,40.5204],[47.65642,40.51361],[47.65178,40.51833],[47.65139,40.52807],[47.62279,40.5431],[47.61729,40.55359],[47.60695,40.55431],[47.59767,40.55932],[47.58337,40.55991],[47.56791,40.55696],[47.5567,40.549],[47.54202,40.549],[47.51527,40.53613],[47.50711,40.50518],[47.49845,40.48629],[47.49573,40.46287],[47.49944,40.4555],[47.51181,40.44492],[47.53778,40.43698],[47.56623,40.41165],[47.56845,40.39851]]]}},{"type":"Feature","properties":{"id":"AZE:ADM1:AZE-1719","name":"Khizi","countryCode":"AZE"},"geometry":{"type":"Polygon","coordinates":[[[49.53182,40.65693],[49.51915,40.64826],[49.51071,40.62192],[49.48409,40.60734],[49.47628,40.59811],[49.44552,40.57709],[49.44233,40.57222],[49.44329,40.55861],[49.43818,40.54913],[49.44153,40.53879],[49.39947,40.51609],[49.29901,40.51734],[49.24207,40.52369],[49.22439,40.53243],[49.17458,40.5803],[49.17085,40.59207],[49.16113,40.60479],[49.14345,40.61295],[49.13225,40.62396],[49.11133,40.6306],[49.09041,40.63212],[49.04109,40.65298],[49.0274,40.66171],[49.01121,40.68389],[48.97784,40.71763],[48.94745,40.73563],[48.91607,40.74946],[48.89889,40.76385],[48.87149,40.77616],[48.84933,40.78032],[48.83314,40.77942],[48.83264,40.80096],[48.80624,40.8318],[48.80674,40.84144],[48.82138,40.86918],[48.84758,40.87869],[48.88112,40.90369],[48.88191,40.91041],[48.94903,40.91048],[49.01411,40.92208],[49.0319,40.93077],[49.03636,40.93802],[49.0362,40.96014],[49.04529,40.97234],[49.06266,40.97971],[49.08402,40.98116],[49.09438,40.97572],[49.09821,40.96872],[49.09629,40.94044],[49.10092,40.92956],[49.12291,40.91529],[49.15267,40.91101],[49.16761,40.90118],[49.19849,40.894],[49.22414,40.88021],[49.29437,40.8751],[49.3138,40.87094],[49.32625,40.87113],[49.36318,40.89235],[49.3659,40.89104],[49.37306,40.8828],[49.38201,40.86664],[49.40317,40.85273],[49.44874,40.83129],[49.47104,40.83576],[49.48992,40.82315],[49.50782,40.80622],[49.52784,40.7978],[49.53883,40.78807],[49.53623,40.77536],[49.51652,40.7523],[49.51214,40.71476],[49.51214,40.71327],[49.511,40.70954],[49.50953,40.69904],[49.51075,40.68793],[49.5149,40.68159],[49.52411,40.67285],[49.53182,40.65693]]]}},{"type":"Feature","properties":{"id":"AZE:ADM1:AZE-1720","name":"Yardimli","countryCode":"AZE"},"geometry":{"type":"Polygon","coordinates":[[[48.4696,39.0294],[48.43842,39.04246],[48.40412,39.07329],[48.38868,39.07642],[48.36551,39.06583],[48.34604,39.06438],[48.33894,39.05956],[48.33616,39.04493],[48.33616,39.03595],[48.3411,39.02559],[48.32009,39.00535],[48.30773,38.9986],[48.29599,38.98268],[48.28209,38.974],[48.22185,38.95736],[48.17798,38.95519],[48.15357,38.94699],[48.08066,38.93975],[48.06707,38.91876],[48.04668,38.90693],[48.03123,38.90234],[48.01331,38.90741],[48.00837,38.89776],[48.00837,38.87313],[48.01455,38.8596],[48.02134,38.82747],[48.02629,38.81804],[48.0371,38.80789],[48.04977,38.8016],[48.10043,38.79145],[48.10043,38.78226],[48.10877,38.77065],[48.1511,38.76509],[48.19312,38.75541],[48.20671,38.7409],[48.22511,38.73815],[48.22432,38.74743],[48.23019,38.76243],[48.25614,38.78855],[48.25552,38.8062],[48.26448,38.82892],[48.3136,38.87409],[48.32812,38.87844],[48.36427,38.90089],[48.40258,38.91755],[48.44274,38.93058],[48.46746,38.9453],[48.53387,38.96934],[48.52028,38.97662],[48.47618,38.98167],[48.47132,38.98483],[48.46202,38.99557],[48.45959,39.0123],[48.46364,39.02398],[48.4696,39.0294]]]}},{"type":"Feature","properties":{"id":"AZE:ADM1:AZE-1721","name":"Zardab","countryCode":"AZE"},"geometry":{"type":"Polygon","coordinates":[[[47.45382,40.31276],[47.4508,40.29764],[47.45853,40.28077],[47.49216,40.26685],[47.50027,40.20791],[47.51535,40.19576],[47.52346,40.17709],[47.54163,40.159],[47.57989,40.17116],[47.62279,40.16671],[47.67188,40.17976],[47.70125,40.1762],[47.71014,40.20376],[47.71709,40.20643],[47.72869,40.20406],[47.7426,40.19576],[47.75961,40.17472],[47.76657,40.15752],[47.7971,40.13557],[47.79555,40.1237],[47.80792,40.10204],[47.82918,40.10204],[47.88004,40.11093],[47.88418,40.12728],[47.89143,40.13516],[47.93732,40.14119],[47.9494,40.14721],[47.97537,40.19076],[47.97411,40.23013],[47.96599,40.24435],[47.96599,40.31776],[47.9634,40.33561],[47.89626,40.33556],[47.86425,40.32632],[47.78997,40.31892],[47.75736,40.32863],[47.70086,40.31687],[47.68656,40.33787],[47.66299,40.36123],[47.62202,40.37897],[47.59496,40.38518],[47.56845,40.39851],[47.53753,40.36342],[47.51774,40.34847],[47.50439,40.33295],[47.45382,40.31276]]]}},{"type":"Feature","properties":{"id":"AZE:ADM1:AZE-1722","name":"Aghjabadi","countryCode":"AZE"},"geometry":{"type":"Polygon","coordinates":[[[47.49467,40.25554],[47.4832,40.25186],[47.45844,40.23474],[47.39986,40.21391],[47.36363,40.1852],[47.34974,40.17779],[47.3286,40.17316],[47.31411,40.17455],[47.29176,40.18844],[47.28754,40.19956],[47.26297,40.21621],[47.25138,40.20999],[47.24333,40.19706],[47.25022,40.18124],[47.2479,40.17323],[47.23862,40.16345],[47.15321,40.12311],[47.15553,40.11569],[47.20306,40.10174],[47.20538,40.08957],[47.19765,40.0774],[47.15514,40.07681],[47.1335,40.06879],[47.1277,40.06167],[47.1277,40.04474],[47.13813,40.0278],[47.13427,40.01473],[47.08944,39.98203],[47.08944,39.974],[47.09755,39.95675],[47.10683,39.94605],[47.1192,39.93891],[47.17137,39.93891],[47.19727,39.92998],[47.21659,39.93296],[47.23244,39.94248],[47.26877,39.95229],[47.27998,39.95229],[47.30394,39.94277],[47.31437,39.93415],[47.31824,39.91808],[47.30935,39.90558],[47.28577,39.88355],[47.28152,39.87283],[47.28152,39.86062],[47.28577,39.84662],[47.30394,39.8344],[47.35993,39.81876],[47.36686,39.8077],[47.36834,39.79835],[47.36191,39.77526],[47.34979,39.75407],[47.34707,39.74234],[47.35078,39.7386],[47.377,39.74032],[47.39926,39.7472],[47.41138,39.75674],[47.4235,39.76075],[47.48064,39.76839],[47.48188,39.78003],[47.45145,39.7993],[47.4522,39.80503],[47.46234,39.81418],[47.48361,39.8241],[47.48658,39.8304],[47.47693,39.83955],[47.4705,39.8529],[47.47421,39.86128],[47.48237,39.86891],[47.53877,39.90016],[47.58799,39.9013],[47.60902,39.91311],[47.66912,39.9234],[47.68849,39.93831],[47.69197,39.94694],[47.70318,39.95973],[47.70434,39.97787],[47.71246,39.99541],[47.71246,40.04028],[47.73217,40.07028],[47.75806,40.11896],[47.78057,40.14638],[47.76657,40.15752],[47.75961,40.17472],[47.7426,40.19576],[47.72869,40.20406],[47.71709,40.20643],[47.71014,40.20376],[47.70125,40.1762],[47.67188,40.17976],[47.62279,40.16671],[47.57989,40.17116],[47.54163,40.159],[47.52346,40.17709],[47.51535,40.19576],[47.50027,40.20791],[47.49467,40.25554]]]}},{"type":"Feature","properties":{"id":"AZE:ADM1:AZE-1723","name":"Balakan","countryCode":"AZE"},"geometry":{"type":"Polygon","coordinates":[[[46.74628,41.86065],[46.74485,41.86566],[46.72756,41.86583],[46.71322,41.85648],[46.70366,41.84507],[46.68887,41.83725],[46.64585,41.84542],[46.61649,41.84031],[46.57825,41.8175],[46.5605,41.8146],[46.55071,41.81682],[46.53979,41.83861],[46.54457,41.8757],[46.53933,41.88489],[46.52113,41.89492],[46.48539,41.90359],[46.46764,41.91702],[46.42076,41.92144],[46.41256,41.91719],[46.41256,41.90019],[46.40323,41.874],[46.37842,41.83532],[46.35815,41.83133],[46.34713,41.82149],[46.2881,41.79275],[46.19848,41.76827],[46.17857,41.75708],[46.1775,41.71606],[46.19244,41.69154],[46.19599,41.68275],[46.19526,41.67495],[46.20517,41.66468],[46.20459,41.62819],[46.21303,41.60753],[46.22775,41.59824],[46.24013,41.59966],[46.25761,41.61584],[46.26693,41.61519],[46.28674,41.60535],[46.30626,41.60316],[46.33364,41.5907],[46.33802,41.57343],[46.3561,41.56734],[46.3686,41.56664],[46.38423,41.57086],[46.43205,41.59761],[46.48425,41.60559],[46.52769,41.61896],[46.5591,41.65296],[46.57473,41.69873],[46.58548,41.71337],[46.62699,41.73971],[46.66508,41.75872],[46.69243,41.7792],[46.71099,41.80113],[46.7271,41.80807],[46.73589,41.85154],[46.74628,41.86065]]]}},{"type":"Feature","properties":{"id":"AZE:ADM1:AZE-1724","name":"Qabala","countryCode":"AZE"},"geometry":{"type":"Polygon","coordinates":[[[47.8511,41.21579],[47.81364,41.2192],[47.80621,41.21031],[47.79618,41.20536],[47.7901,41.19254],[47.78425,41.18735],[47.76769,41.18702],[47.75573,41.19241],[47.74378,41.18702],[47.74301,41.17333],[47.73857,41.16385],[47.73799,41.12829],[47.72642,41.08453],[47.69672,41.05067],[47.67956,41.04176],[47.67639,40.99859],[47.67969,40.98396],[47.67498,40.96969],[47.66415,40.96469],[47.65756,40.95648],[47.62601,40.90828],[47.62743,40.89578],[47.62319,40.87934],[47.60577,40.84181],[47.60656,40.82413],[47.61341,40.8089],[47.6138,40.79234],[47.59799,40.78619],[47.5679,40.78458],[47.55093,40.77578],[47.55556,40.76742],[47.56752,40.7576],[47.57041,40.71521],[47.57909,40.67954],[47.63154,40.65972],[47.6408,40.66133],[47.64832,40.66823],[47.66105,40.67191],[47.72411,40.67895],[47.73163,40.68277],[47.77965,40.68541],[47.78136,40.69368],[47.79629,40.71031],[47.81604,40.72542],[47.83986,40.7732],[47.86343,40.78737],[47.88133,40.79243],[47.89552,40.80294],[47.90577,40.80481],[47.91144,40.81231],[47.92366,40.81822],[47.95361,40.82301],[47.96264,40.83949],[47.96686,40.87404],[47.97379,40.88067],[48.00814,40.88479],[48.03255,40.89736],[48.03918,40.92228],[48.03888,40.94399],[48.01055,40.95838],[47.9976,40.96158],[47.99158,40.97676],[47.99583,40.99517],[47.99467,41.00364],[48.00238,41.0146],[48.01607,41.02248],[48.029,41.02248],[48.03883,41.00642],[48.05425,41.03509],[48.05394,41.04444],[48.05816,41.0506],[48.08814,41.07754],[48.06354,41.09303],[48.02047,41.10584],[48.00353,41.11453],[47.99205,41.12929],[47.96276,41.15534],[47.96343,41.18301],[47.94296,41.18232],[47.92877,41.18669],[47.89109,41.18589],[47.8818,41.19172],[47.87409,41.20191],[47.8511,41.21579]]]}},{"type":"Feature","properties":{"id":"AZE:ADM1:AZE-1725","name":"Oghuz","countryCode":"AZE"},"geometry":{"type":"Polygon","coordinates":[[[47.74619,41.18755],[47.72912,41.20507],[47.69417,41.22805],[47.66464,41.22237],[47.65228,41.22351],[47.64325,41.22896],[47.62155,41.23465],[47.60437,41.21645],[47.57786,41.21486],[47.56189,41.20803],[47.56159,41.20052],[47.5426,41.20143],[47.53598,41.20894],[47.5179,41.21782],[47.50404,41.22919],[47.50584,41.25398],[47.50162,41.26421],[47.4968,41.26785],[47.49138,41.26808],[47.46938,41.25694],[47.45944,41.26853],[47.4513,41.27263],[47.41816,41.26376],[47.40243,41.26646],[47.4043,41.22646],[47.39014,41.21054],[47.39225,41.19597],[47.38893,41.17344],[47.382,41.16364],[47.36904,41.15567],[47.35368,41.12264],[47.33771,41.10578],[47.31571,41.07136],[47.31149,41.04285],[47.3145,41.02231],[47.35096,41.00154],[47.35368,40.9915],[47.35217,40.98145],[47.35669,40.97117],[47.37085,40.96843],[47.37748,40.97072],[47.38712,40.96638],[47.39074,40.95564],[47.38682,40.94582],[47.39496,40.92685],[47.40731,40.91931],[47.41635,40.90742],[47.48445,40.86718],[47.49419,40.85647],[47.52526,40.85289],[47.54974,40.84467],[47.56104,40.83573],[47.58647,40.82608],[47.60656,40.82413],[47.60577,40.84181],[47.62319,40.87934],[47.62743,40.89578],[47.62601,40.90828],[47.65756,40.95648],[47.66415,40.96469],[47.67498,40.96969],[47.67969,40.98396],[47.67639,40.99859],[47.67956,41.04176],[47.69672,41.05067],[47.72642,41.08453],[47.73799,41.12829],[47.73857,41.16385],[47.74301,41.17333],[47.74378,41.18702],[47.74619,41.18755]]]}},{"type":"Feature","properties":{"id":"AZE:ADM1:AZE-1726","name":"Qakh","countryCode":"AZE"},"geometry":{"type":"Polygon","coordinates":[[[47.21047,41.44833],[47.20961,41.47397],[47.16273,41.53528],[47.12171,41.5826],[47.1051,41.5859],[47.02981,41.53522],[46.99403,41.52343],[46.96058,41.51897],[46.86619,41.54316],[46.80899,41.54128],[46.77899,41.53142],[46.76649,41.52038],[46.71054,41.44799],[46.68616,41.41106],[46.65177,41.37491],[46.65092,41.36736],[46.65824,41.35412],[46.6812,41.33756],[46.69243,41.32541],[46.69341,41.30921],[46.72955,41.29595],[46.73687,41.28306],[46.72564,41.25358],[46.69927,41.24363],[46.67827,41.22778],[46.66996,41.21561],[46.66655,41.19938],[46.66948,41.18352],[46.66801,41.16691],[46.65385,41.14329],[46.66264,41.12963],[46.65486,41.11908],[46.65531,41.1071],[46.72271,41.10784],[46.74224,41.10008],[46.75885,41.08974],[46.76959,41.07606],[46.77008,41.05943],[46.78236,41.0258],[46.81857,40.98413],[46.84696,40.966],[46.86025,40.96883],[46.94902,40.92641],[46.97649,40.93564],[46.97334,40.95232],[46.95939,40.98241],[46.94598,40.9877],[46.93042,41.00111],[46.92934,41.00924],[46.95081,41.00924],[46.97066,41.0133],[46.97173,41.01778],[46.96877,41.04717],[46.94885,41.09369],[46.93271,41.10538],[46.93534,41.10646],[46.92516,41.11057],[46.83073,41.13758],[46.83588,41.1804],[46.84378,41.18533],[46.85236,41.22656],[46.84343,41.24911],[46.87606,41.25689],[46.89632,41.27813],[46.9025,41.28927],[46.90387,41.3061],[46.94327,41.33307],[46.97244,41.34559],[47.01117,41.34826],[47.02656,41.35826],[47.03561,41.36895],[47.1171,41.38759],[47.15814,41.41031],[47.18772,41.44166],[47.2001,41.44893],[47.21047,41.44833]]]}},{"type":"Feature","properties":{"id":"AZE:ADM1:AZE-1727","name":"Sheki","countryCode":"AZE"},"geometry":{"type":"Polygon","coordinates":[[[47.60656,40.82413],[47.58647,40.82608],[47.56104,40.83573],[47.54974,40.84467],[47.52526,40.85289],[47.49419,40.85647],[47.48445,40.86718],[47.41635,40.90742],[47.40731,40.91931],[47.39496,40.92685],[47.38682,40.94582],[47.39074,40.95564],[47.38712,40.96638],[47.37748,40.97072],[47.37085,40.96843],[47.35669,40.97117],[47.35217,40.98145],[47.35368,40.9915],[47.35096,41.00154],[47.3145,41.02231],[47.31149,41.04285],[47.31571,41.07136],[47.33771,41.10578],[47.35368,41.12264],[47.36904,41.15567],[47.382,41.16364],[47.38893,41.17344],[47.39225,41.19597],[47.39014,41.21054],[47.4043,41.22646],[47.40243,41.26646],[47.34707,41.28773],[47.32957,41.30071],[47.29854,41.30751],[47.29637,41.31231],[47.27555,41.32733],[47.27041,41.33711],[47.26528,41.371],[47.25955,41.3835],[47.23329,41.39054],[47.22605,41.40282],[47.22967,41.43031],[47.22514,41.43871],[47.21047,41.44833],[47.2001,41.44893],[47.18772,41.44166],[47.15814,41.41031],[47.1171,41.38759],[47.03561,41.36895],[47.02656,41.35826],[47.01117,41.34826],[46.97244,41.34559],[46.94327,41.33307],[46.90387,41.3061],[46.9025,41.28927],[46.89632,41.27813],[46.87606,41.25689],[46.84343,41.24911],[46.85236,41.22656],[46.84378,41.18533],[46.83588,41.1804],[46.83073,41.13758],[46.92516,41.11057],[46.93534,41.10646],[46.93271,41.10538],[46.94885,41.09369],[46.96877,41.04717],[46.97173,41.01778],[46.97066,41.0133],[46.95081,41.00924],[46.92934,41.00924],[46.93042,41.00111],[46.94598,40.9877],[46.95939,40.98241],[46.97334,40.95232],[46.97441,40.93726],[47.02056,40.90471],[47.03773,40.90063],[47.07099,40.88598],[47.08977,40.88598],[47.10479,40.87295],[47.16757,40.84117],[47.19171,40.84117],[47.23142,40.81794],[47.26522,40.81468],[47.33282,40.79715],[47.36823,40.79878],[47.38433,40.79063],[47.42403,40.78206],[47.43637,40.78573],[47.44818,40.79552],[47.47178,40.78369],[47.49861,40.78002],[47.50988,40.76901],[47.52061,40.76615],[47.5308,40.77064],[47.55367,40.77084],[47.55093,40.77578],[47.5679,40.78458],[47.59799,40.78619],[47.6138,40.79234],[47.61341,40.8089],[47.60656,40.82413]],[[47.20746,41.18586],[47.18428,41.18157],[47.17296,41.18401],[47.15294,41.19898],[47.15112,41.20539],[47.16264,41.22769],[47.17053,41.23181],[47.19318,41.23501],[47.20673,41.23135],[47.22088,41.22127],[47.2227,41.19684],[47.20746,41.18586]]]}},{"type":"Feature","properties":{"id":"AZE:ADM1:AZE-1728","name":"Quba","countryCode":"AZE"},"geometry":{"type":"Polygon","coordinates":[[[48.65182,41.48844],[48.59016,41.46583],[48.48852,41.44236],[48.44558,41.41691],[48.41088,41.40305],[48.39283,41.39989],[48.38232,41.38972],[48.3447,41.37485],[48.31458,41.35278],[48.27241,41.32987],[48.25653,41.32801],[48.24174,41.32141],[48.2275,41.30159],[48.21217,41.29642],[48.18999,41.28073],[48.16534,41.27659],[48.08883,41.23932],[48.0397,41.20416],[48.01849,41.19807],[48.00325,41.18841],[47.988,41.18404],[47.96343,41.18301],[47.96276,41.15534],[47.99205,41.12929],[48.00353,41.11453],[48.02047,41.10584],[48.06354,41.09303],[48.07905,41.0813],[48.09743,41.07369],[48.13131,41.06565],[48.17123,41.04938],[48.18722,41.0484],[48.20045,41.0388],[48.22526,41.03296],[48.24327,41.02391],[48.30446,41.01236],[48.34176,40.99928],[48.39414,40.98925],[48.42152,40.98981],[48.45557,40.97095],[48.51505,40.95986],[48.53233,40.96098],[48.5586,40.95694],[48.60326,40.9366],[48.65582,40.92712],[48.67879,40.91862],[48.72923,40.91165],[48.72754,40.9214],[48.73266,40.98173],[48.71866,40.98969],[48.71321,41.00001],[48.73344,41.02889],[48.7708,41.05276],[48.77936,41.06454],[48.77863,41.08061],[48.7536,41.10666],[48.69965,41.13979],[48.69965,41.1524],[48.70413,41.16238],[48.74548,41.20471],[48.75544,41.2096],[48.78557,41.21299],[48.79329,41.21938],[48.80649,41.23461],[48.8177,41.2551],[48.81396,41.25999],[48.80101,41.26168],[48.79429,41.26882],[48.79628,41.33136],[48.80101,41.34168],[48.79983,41.36642],[48.7909,41.35922],[48.75042,41.35538],[48.71264,41.38371],[48.70674,41.39283],[48.69559,41.42871],[48.68379,41.43963],[48.65182,41.48844]]]}},{"type":"Feature","properties":{"id":"AZE:ADM1:AZE-1729","name":"Qusar","countryCode":"AZE"},"geometry":{"type":"Polygon","coordinates":[[[48.51111,41.73722],[48.47314,41.70829],[48.44974,41.67873],[48.42367,41.65266],[48.38556,41.62859],[48.35882,41.60301],[48.32205,41.58946],[48.3062,41.57789],[48.27197,41.56311],[48.2202,41.52936],[48.20779,41.51811],[48.12906,41.51361],[48.10253,41.49624],[48.08799,41.49399],[48.07943,41.50042],[48.05034,41.46985],[48.05205,41.45795],[48.04267,41.44329],[48.03308,41.43546],[48.00461,41.43011],[48.00461,41.40599],[48.00132,41.40125],[48.00022,41.38166],[47.99393,41.37279],[47.9764,41.35855],[47.95888,41.35732],[47.95094,41.35092],[47.95203,41.34101],[47.96326,41.32904],[47.95915,41.32203],[47.93478,41.31315],[47.9165,41.30097],[47.90143,41.29899],[47.89477,41.29172],[47.89946,41.2863],[47.8988,41.23327],[47.88688,41.22229],[47.87724,41.21819],[47.84955,41.21726],[47.87409,41.20191],[47.8818,41.19172],[47.89109,41.18589],[47.92877,41.18669],[47.94296,41.18232],[47.988,41.18404],[48.00325,41.18841],[48.01849,41.19807],[48.0397,41.20416],[48.08883,41.23932],[48.16534,41.27659],[48.18999,41.28073],[48.21217,41.29642],[48.2275,41.30159],[48.24174,41.32141],[48.25653,41.32801],[48.27241,41.32987],[48.31458,41.35278],[48.3447,41.37485],[48.38232,41.38972],[48.39283,41.39989],[48.41088,41.40305],[48.44558,41.41691],[48.48852,41.44236],[48.59016,41.46583],[48.65182,41.48844],[48.64171,41.50376],[48.63963,41.53372],[48.61434,41.55272],[48.61474,41.56054],[48.64312,41.58896],[48.6334,41.59831],[48.59605,41.60504],[48.58235,41.61251],[48.57538,41.63475],[48.5762,41.68432],[48.58497,41.69173],[48.60186,41.72099],[48.58242,41.73388],[48.55405,41.73078],[48.51111,41.73722]]]}},{"type":"Feature","properties":{"id":"AZE:ADM1:AZE-1730","name":"Khachmaz","countryCode":"AZE"},"geometry":{"type":"Polygon","coordinates":[[[49.04736,41.39812],[49.07912,41.3546],[49.05501,41.35598],[48.99938,41.37555],[48.97181,41.37111],[48.95364,41.35994],[48.93435,41.35381],[48.88893,41.36834],[48.86151,41.36294],[48.84796,41.35357],[48.80085,41.34794],[48.79983,41.36642],[48.7909,41.35922],[48.75042,41.35538],[48.71264,41.38371],[48.70674,41.39283],[48.69559,41.42871],[48.68379,41.43963],[48.64171,41.50376],[48.63963,41.53372],[48.61434,41.55272],[48.61474,41.56054],[48.64312,41.58896],[48.6334,41.59831],[48.59605,41.60504],[48.58235,41.61251],[48.57886,41.61962],[48.57538,41.63475],[48.5762,41.68432],[48.58497,41.69173],[48.60186,41.72099],[48.58242,41.73388],[48.55405,41.73078],[48.50846,41.73759],[48.5287,41.75645],[48.55245,41.7852],[48.55437,41.79546],[48.57636,41.81251],[48.5762,41.82635],[48.58353,41.83779],[48.58749,41.83961],[48.58937,41.83837],[48.62013,41.82441],[48.65349,41.80193],[48.66234,41.79344],[48.74366,41.70893],[48.75523,41.70016],[48.77312,41.67846],[48.79359,41.66006],[48.79762,41.64313],[48.8659,41.58539],[48.90406,41.52338],[48.92433,41.51781],[48.94117,41.50462],[48.95387,41.48908],[48.96217,41.47614],[48.98536,41.45051],[48.98943,41.44452],[48.99448,41.44042],[49.01421,41.4359],[49.04736,41.39812]]]}},{"type":"Feature","properties":{"id":"AZE:ADM1:AZE-1731","name":"Zaqatala","countryCode":"AZE"},"geometry":{"type":"Polygon","coordinates":[[[47.05739,41.55374],[47.02861,41.56648],[47.01821,41.5857],[47.0012,41.59862],[46.99996,41.60864],[47.0059,41.61755],[47.00778,41.63233],[46.99965,41.64171],[46.9659,41.65741],[46.92714,41.68413],[46.92839,41.70662],[46.90557,41.7305],[46.89057,41.73238],[46.87025,41.72161],[46.85181,41.72863],[46.85213,41.73448],[46.82681,41.75649],[46.82431,41.76608],[46.80462,41.76866],[46.77492,41.79462],[46.77055,41.80211],[46.77274,41.80842],[46.77106,41.82086],[46.75494,41.85482],[46.74713,41.86139],[46.73589,41.85154],[46.7271,41.80807],[46.71099,41.80113],[46.69243,41.7792],[46.66508,41.75872],[46.62699,41.73971],[46.58548,41.71337],[46.57473,41.69873],[46.5591,41.65296],[46.52769,41.61896],[46.48425,41.60559],[46.43205,41.59761],[46.38423,41.57086],[46.3686,41.56664],[46.32484,41.57532],[46.30797,41.57016],[46.30703,41.56218],[46.31172,41.5441],[46.32359,41.52907],[46.33891,41.50064],[46.34735,41.4943],[46.3661,41.48607],[46.3836,41.48419],[46.39017,41.47832],[46.41236,41.47338],[46.4383,41.46139],[46.46299,41.43341],[46.51769,41.41153],[46.53707,41.39717],[46.61271,41.38988],[46.63646,41.37669],[46.65177,41.37491],[46.68616,41.41106],[46.71054,41.44799],[46.76649,41.52038],[46.77899,41.53142],[46.80899,41.54128],[46.86619,41.54316],[46.96058,41.51897],[46.99403,41.52343],[47.0136,41.52936],[47.02981,41.53522],[47.05739,41.55374]]]}},{"type":"Feature","properties":{"id":"AZE:ADM1:AZE-1734","name":"Khojavend","countryCode":"AZE"},"geometry":{"type":"Polygon","coordinates":[[[47.28353,39.87788],[47.27151,39.87939],[47.25003,39.88844],[47.22004,39.88438],[47.20221,39.88001],[47.19694,39.87564],[47.1856,39.85128],[47.16331,39.85003],[47.13007,39.8594],[47.04902,39.90061],[47.0316,39.89999],[47.01174,39.89687],[46.99958,39.88938],[46.98864,39.86596],[46.97445,39.85534],[46.92987,39.84222],[46.89583,39.81972],[46.88553,39.82027],[46.86994,39.80425],[46.86496,39.77757],[46.86937,39.77029],[46.88325,39.75976],[46.93449,39.73241],[46.9376,39.72353],[46.93569,39.69635],[46.92755,39.6884],[46.8823,39.66231],[46.86889,39.64862],[46.8483,39.64936],[46.84423,39.65565],[46.8224,39.66543],[46.78985,39.63214],[46.76311,39.61391],[46.76041,39.60414],[46.75605,39.59996],[46.70663,39.59788],[46.69064,39.58711],[46.69085,39.5749],[46.7195,39.56236],[46.71621,39.53514],[46.70794,39.52349],[46.71622,39.52081],[46.73112,39.52708],[46.74729,39.52873],[46.77496,39.51224],[46.77794,39.49905],[46.76474,39.48256],[46.76602,39.45452],[46.77155,39.43769],[46.81241,39.42086],[46.83199,39.41987],[46.84944,39.43043],[46.86051,39.4532],[46.85668,39.46178],[46.83753,39.47366],[46.83199,39.48388],[46.83284,39.49477],[46.84731,39.50037],[46.86604,39.49477],[46.87455,39.48652],[46.91073,39.47531],[46.92946,39.44165],[46.94606,39.43604],[46.96181,39.41855],[46.97415,39.41624],[46.98522,39.40501],[47.00139,39.3994],[47.01969,39.39907],[47.04353,39.41558],[47.07034,39.42614],[47.06907,39.43736],[47.05077,39.45089],[47.04991,39.47102],[47.09205,39.48751],[47.08907,39.50862],[47.09588,39.5162],[47.10993,39.51983],[47.11801,39.52609],[47.11929,39.54652],[47.12312,39.5541],[47.11035,39.563],[47.11163,39.57057],[47.12312,39.58045],[47.12397,39.59396],[47.11376,39.60285],[47.09971,39.60383],[47.0763,39.58605],[47.06396,39.5821],[47.04906,39.58704],[47.04906,39.59264],[47.05247,39.60186],[47.06396,39.61075],[47.07971,39.61602],[47.10014,39.61766],[47.11972,39.62589],[47.12482,39.63642],[47.11333,39.64037],[47.10142,39.63938],[47.09546,39.63313],[47.06822,39.63379],[47.04225,39.64531],[47.0431,39.65847],[47.05758,39.66834],[47.09929,39.66801],[47.11078,39.67623],[47.14313,39.68248],[47.16143,39.69695],[47.17888,39.70122],[47.18909,39.7078],[47.20825,39.70648],[47.24443,39.7216],[47.29484,39.72573],[47.3041,39.73099],[47.33134,39.73204],[47.34707,39.74234],[47.34979,39.75407],[47.36191,39.77526],[47.36834,39.79835],[47.36686,39.8077],[47.35993,39.81876],[47.30394,39.8344],[47.28577,39.84662],[47.28152,39.86062],[47.28353,39.87788]]]}},{"type":"Feature","properties":{"id":"AZE:ADM1:AZE-1735","name":"Lankaran","countryCode":"AZE"},"geometry":{"type":"Polygon","coordinates":[[[45.92647,39.79688],[45.94071,39.78802],[45.96797,39.78502],[46.04,39.73594],[46.04714,39.72416],[46.06336,39.71088],[46.06693,39.68506],[46.07666,39.67679],[46.10003,39.67303],[46.12728,39.65447],[46.1607,39.63842],[46.17107,39.62197],[46.17668,39.58502],[46.18582,39.58727],[46.19952,39.60077],[46.25829,39.60157],[46.30044,39.61394],[46.34509,39.63369],[46.38995,39.63176],[46.43439,39.6194],[46.44622,39.60976],[46.42379,39.60061],[46.41466,39.59273],[46.42338,39.56992],[46.45411,39.56558],[46.50956,39.56992],[46.52472,39.56718],[46.55192,39.55609],[46.55732,39.54854],[46.53157,39.52683],[46.50997,39.52233],[46.50271,39.51606],[46.50374,39.50785],[46.51413,39.49627],[46.51517,39.4842],[46.53401,39.47131],[46.5958,39.46087],[46.62194,39.46702],[46.62353,39.48789],[46.65125,39.49709],[46.6671,39.50753],[46.68928,39.51244],[46.70794,39.52349],[46.71621,39.53514],[46.7195,39.56236],[46.69085,39.5749],[46.69064,39.58711],[46.70663,39.59788],[46.75605,39.59996],[46.76041,39.60414],[46.76311,39.61391],[46.75231,39.64702],[46.73279,39.66018],[46.69687,39.65793],[46.67133,39.64188],[46.66821,39.62036],[46.65762,39.60398],[46.64475,39.59595],[46.62668,39.59804],[46.61816,39.60462],[46.61609,39.61747],[46.6001,39.62871],[46.57206,39.62004],[46.56064,39.6247],[46.55711,39.65344],[46.55898,39.66628],[46.56106,39.67382],[46.57082,39.68008],[46.58182,39.70366],[46.57871,39.70992],[46.57871,39.75834],[46.565,39.81841],[46.56438,39.83779],[46.55483,39.84355],[46.51994,39.88452],[46.50257,39.89675],[46.46988,39.91159],[46.47041,39.92111],[46.47799,39.94055],[46.47373,39.95508],[46.46645,39.95988],[46.45013,39.95335],[46.43664,39.95278],[46.41051,39.94117],[46.35083,39.93686],[46.29772,39.91513],[46.22401,39.90184],[46.20625,39.90158],[46.16276,39.88169],[46.13705,39.87621],[46.10752,39.87302],[46.08393,39.87736],[46.07788,39.88088],[46.06024,39.90461],[46.05323,39.91058],[46.04399,39.91205],[46.03899,39.90968],[46.03559,39.90313],[46.03251,39.87809],[46.02752,39.87239],[46.00806,39.8566],[45.98135,39.84541],[45.92647,39.79688]]]}},{"type":"Feature","properties":{"id":"AZE:ADM1:AZE-1736","name":"Qubadli","countryCode":"AZE"},"geometry":{"type":"Polygon","coordinates":[[[46.51768,39.48248],[46.47109,39.46462],[46.46183,39.45385],[46.45121,39.44899],[46.40381,39.45301],[46.37139,39.44773],[46.36567,39.44139],[46.36894,39.41118],[46.3891,39.37588],[46.41743,39.34357],[46.43275,39.33497],[46.50851,39.3201],[46.52001,39.31249],[46.5166,39.29828],[46.52043,39.2695],[46.55065,39.25031],[46.57151,39.22945],[46.58853,39.22449],[46.60641,39.22515],[46.64216,39.24005],[46.65748,39.23905],[46.66557,39.22581],[46.65941,39.17986],[46.66559,39.1389],[46.66177,39.11896],[46.66368,39.10389],[46.6566,39.09837],[46.65687,39.08882],[46.66177,39.07821],[46.66831,39.07417],[46.67539,39.07736],[46.68575,39.09031],[46.71135,39.16775],[46.72579,39.18747],[46.77673,39.21968],[46.83189,39.24742],[46.82646,39.25659],[46.81241,39.26056],[46.78347,39.28008],[46.76645,39.30191],[46.75538,39.32572],[46.75739,39.33591],[46.75385,39.35093],[46.73096,39.37461],[46.72688,39.38455],[46.7277,39.40547],[46.73505,39.4266],[46.7435,39.43442],[46.76845,39.44714],[46.76474,39.48256],[46.77794,39.49905],[46.77496,39.51224],[46.74729,39.52873],[46.73112,39.52708],[46.71622,39.52081],[46.70794,39.52349],[46.68928,39.51244],[46.6671,39.50753],[46.65125,39.49709],[46.62353,39.48789],[46.62194,39.46702],[46.5958,39.46087],[46.53401,39.47131],[46.51768,39.48248]]]}},{"type":"Feature","properties":{"id":"AZE:ADM1:AZE-1737","name":"Susa","countryCode":"AZE"},"geometry":{"type":"Polygon","coordinates":[[[46.77983,39.73056],[46.78701,39.71632],[46.79611,39.70763],[46.80042,39.69839],[46.80066,39.68858],[46.81382,39.67156],[46.8224,39.66543],[46.78985,39.63214],[46.76311,39.61391],[46.75231,39.64702],[46.73279,39.66018],[46.69687,39.65793],[46.67133,39.64188],[46.66821,39.62036],[46.65762,39.60398],[46.64475,39.59595],[46.6381,39.59547],[46.62668,39.59804],[46.61816,39.60462],[46.61609,39.61747],[46.6001,39.62871],[46.57206,39.62004],[46.56064,39.6247],[46.55711,39.65344],[46.55898,39.66628],[46.56106,39.67382],[46.57082,39.68008],[46.58182,39.70366],[46.57871,39.70992],[46.57871,39.75834],[46.57353,39.77843],[46.62665,39.77897],[46.64058,39.78714],[46.66232,39.79015],[46.68295,39.78886],[46.72391,39.77862],[46.74664,39.75609],[46.76046,39.75083],[46.77049,39.74116],[46.77053,39.73451],[46.77983,39.73056]],[[46.72575,39.74473],[46.72517,39.73922],[46.72961,39.75188],[46.72575,39.74473]]]}},{"type":"Feature","properties":{"id":"AZE:ADM1:AZE-1738","name":"Tartar","countryCode":"AZE"},"geometry":{"type":"Polygon","coordinates":[[[46.97775,40.49108],[46.94975,40.48891],[46.92999,40.47978],[46.90659,40.45227],[46.83826,40.42706],[46.83073,40.41574],[46.75752,40.40902],[46.74405,40.41096],[46.68631,40.38882],[46.63003,40.35907],[46.5862,40.34716],[46.57582,40.34002],[46.56337,40.32692],[46.55715,40.31342],[46.54467,40.30614],[46.55066,40.29972],[46.54911,40.29118],[46.53173,40.26595],[46.52498,40.24548],[46.53328,40.21705],[46.54833,40.20433],[46.55611,40.18961],[46.55617,40.1545],[46.55982,40.15055],[46.5653,40.15119],[46.59418,40.16482],[46.6219,40.1843],[46.63087,40.18634],[46.64365,40.1829],[46.64913,40.1708],[46.68283,40.15399],[46.69362,40.13858],[46.72017,40.11857],[46.75582,40.1078],[46.76568,40.07514],[46.78202,40.06438],[46.79136,40.06617],[46.79862,40.07294],[46.81262,40.1088],[46.84375,40.12612],[46.85516,40.15539],[46.85983,40.18225],[46.86735,40.19001],[46.88239,40.19637],[46.89744,40.19498],[46.92467,40.18125],[46.94283,40.18284],[46.96189,40.19183],[46.96554,40.20271],[46.95622,40.22508],[46.95662,40.23471],[46.96473,40.23875],[46.97405,40.23844],[46.98864,40.23098],[46.99472,40.22291],[47.01052,40.21731],[47.03241,40.22881],[47.04862,40.22912],[47.0547,40.217],[47.0547,40.2083],[47.06037,40.19308],[47.07253,40.18531],[47.09522,40.18251],[47.13159,40.18826],[47.12577,40.19635],[47.12152,40.21354],[47.10992,40.23132],[47.11031,40.26656],[47.11726,40.29261],[47.11572,40.31894],[47.10915,40.32545],[47.0763,40.33196],[47.062,40.34053],[47.05427,40.35148],[47.02257,40.3772],[47.01639,40.39611],[47.00325,40.41059],[47.00033,40.43582],[46.99131,40.44106],[46.97666,40.46307],[46.97775,40.49108]]]}},{"type":"Feature","properties":{"id":"AZE:ADM1:AZE-1739","name":"Khojali","countryCode":"AZE"},"geometry":{"type":"Polygon","coordinates":[[[46.77053,39.73451],[46.77983,39.73056],[46.78701,39.71632],[46.79611,39.70763],[46.80042,39.69839],[46.80066,39.68858],[46.81382,39.67156],[46.84423,39.65565],[46.8483,39.64936],[46.86889,39.64862],[46.8823,39.66231],[46.92755,39.6884],[46.93569,39.69635],[46.9376,39.72353],[46.93449,39.73241],[46.88325,39.75976],[46.86937,39.77029],[46.86496,39.77757],[46.86994,39.80425],[46.88553,39.82027],[46.88408,39.84128],[46.9084,39.85597],[46.94284,39.88469],[46.95703,39.91435],[46.95581,39.92777],[46.94001,39.93962],[46.91407,39.9287],[46.89745,39.93401],[46.88732,39.94648],[46.88327,39.97673],[46.84234,40.01819],[46.8006,40.01788],[46.76696,40.01102],[46.7147,40.03232],[46.68891,40.01813],[46.66686,40.01793],[46.65545,40.01334],[46.63911,39.99998],[46.61925,39.97441],[46.60531,39.9665],[46.58638,39.97186],[46.56696,39.98552],[46.55534,39.99868],[46.54621,39.99855],[46.5087,39.97326],[46.48657,39.96881],[46.46645,39.95988],[46.47373,39.95508],[46.47799,39.94055],[46.47041,39.92111],[46.46988,39.91159],[46.50257,39.89675],[46.51994,39.88452],[46.55483,39.84355],[46.56438,39.83779],[46.565,39.81841],[46.57353,39.77843],[46.62665,39.77897],[46.64058,39.78714],[46.66232,39.79015],[46.68295,39.78886],[46.72391,39.77862],[46.74664,39.75609],[46.76046,39.75083],[46.77049,39.74116],[46.77053,39.73451]],[[46.82493,39.85575],[46.83008,39.85079],[46.83008,39.82344],[46.79999,39.81288],[46.76605,39.82716],[46.76355,39.83236],[46.76316,39.85451],[46.76972,39.86476],[46.79151,39.87086],[46.81195,39.87011],[46.81369,39.86432],[46.82493,39.85575]]]}},{"type":"Feature","properties":{"id":"AZE:ADM1:AZE-1740","name":"Zangilan","countryCode":"AZE"},"geometry":{"type":"Polygon","coordinates":[[[46.83189,39.24742],[46.77673,39.21968],[46.72579,39.18747],[46.71135,39.16775],[46.68575,39.09031],[46.67539,39.07736],[46.66831,39.07417],[46.66177,39.07821],[46.65687,39.08882],[46.6566,39.09837],[46.66368,39.10389],[46.66177,39.11896],[46.66559,39.1389],[46.65941,39.17986],[46.66557,39.22581],[46.65748,39.23905],[46.64216,39.24005],[46.60641,39.22515],[46.59497,39.22473],[46.57678,39.21184],[46.5648,39.18259],[46.54709,39.17538],[46.52884,39.17432],[46.51822,39.18111],[46.51223,39.18768],[46.50841,39.20103],[46.48226,39.20866],[46.44876,39.21142],[46.43541,39.20824],[46.42914,39.2004],[46.42887,39.18662],[46.43568,39.16732],[46.48308,39.11939],[46.50979,39.0999],[46.52426,39.08431],[46.5349,39.06208],[46.52767,38.99668],[46.52384,38.98406],[46.50639,38.95316],[46.51618,38.90794],[46.53192,38.87302],[46.57789,38.88766],[46.60641,38.91227],[46.62131,38.93222],[46.67451,38.96579],[46.68132,38.97476],[46.69579,38.98273],[46.71026,38.99668],[46.73878,39.00963],[46.76038,39.03318],[46.76066,39.04869],[46.79253,39.07566],[46.80724,39.09583],[46.82631,39.10877],[46.86635,39.14951],[46.89603,39.16882],[46.89115,39.16918],[46.8869,39.17614],[46.8869,39.18806],[46.87924,39.21191],[46.86562,39.23144],[46.83667,39.2417],[46.83189,39.24742]]]}},{"type":"Feature","properties":{"id":"AZE:ADM1:AZE-2418","name":"Ordubad","countryCode":"AZE"},"geometry":{"type":"Polygon","coordinates":[[[45.77908,38.92444],[45.80831,38.91737],[45.82268,38.90672],[45.85295,38.91205],[45.90213,38.88071],[45.92559,38.8813],[45.94299,38.90022],[45.96267,38.90081],[45.98083,38.89549],[46.0285,38.87302],[46.0512,38.87657],[46.08222,38.86828],[46.114,38.85231],[46.12914,38.8529],[46.142,38.84521],[46.13519,38.90259],[46.11703,38.92919],[46.10417,38.95637],[46.08752,38.97764],[46.08374,39.01779],[46.07693,39.03431],[46.0565,39.05202],[46.0459,39.06735],[46.03304,39.07561],[46.02245,39.13869],[45.99672,39.20113],[46.00126,39.2388],[46.00126,39.28233],[45.98612,39.29232],[45.96191,39.29585],[45.94312,39.30449],[45.93164,39.30114],[45.91575,39.28174],[45.8469,39.23527],[45.84387,39.18228],[45.82722,39.16992],[45.81209,39.15048],[45.80604,39.12691],[45.80604,39.10922],[45.79166,39.09389],[45.77047,39.088],[45.76518,39.07797],[45.75761,39.02074],[45.78712,38.97055],[45.78712,38.9546],[45.77908,38.92444]]]}},{"type":"Feature","properties":{"id":"AZE:ADM1:AZE-2419","name":"Sharur","countryCode":"AZE"},"geometry":{"type":"MultiPolygon","coordinates":[[[[45.02381,39.75899],[45.04642,39.78119],[45.07895,39.79312],[45.09343,39.79389],[45.11942,39.78394],[45.12973,39.76986],[45.13866,39.72821],[45.14421,39.71902],[45.16782,39.7109],[45.17912,39.69941],[45.1817,39.69298],[45.17912,39.68118],[45.1821,39.64868],[45.17754,39.62782],[45.17674,39.60419],[45.18607,39.58823],[45.19797,39.58655],[45.20828,39.59023],[45.22594,39.60726],[45.24696,39.61662],[45.27334,39.62],[45.29873,39.61309],[45.30211,39.59821],[45.3003,39.59331],[45.28048,39.58915],[45.23546,39.56843],[45.21761,39.54233],[45.20372,39.49916],[45.17874,39.46042],[45.16479,39.44481],[45.06251,39.39432],[45.0449,39.37199],[45.0154,39.38254],[44.98441,39.39889],[44.96024,39.41284],[44.93637,39.43375],[44.93544,39.44817],[44.91096,39.47868],[44.91251,39.48829],[44.9091,39.50414],[44.90259,39.51278],[44.89032,39.51914],[44.87484,39.54172],[44.8685,39.5778],[44.87161,39.58842],[44.8685,39.60538],[44.84184,39.61641],[44.82789,39.61569],[44.79783,39.62072],[44.79132,39.62768],[44.79845,39.6387],[44.8093,39.64756],[44.81767,39.66673],[44.81488,39.6732],[44.80465,39.67966],[44.7845,39.68469],[44.77273,39.69355],[44.76595,39.70064],[44.76515,39.71565],[44.79153,39.72469],[44.88357,39.74445],[44.89468,39.74353],[44.90559,39.73373],[44.93395,39.72745],[44.94962,39.72837],[44.98858,39.74001],[45.02381,39.75899]]],[[[44.93951,39.77797],[44.93019,39.78654],[44.93177,39.80093],[44.94229,39.80368],[44.96291,39.80246],[44.97025,39.78807],[44.96966,39.78211],[44.96331,39.77614],[44.95518,39.77246],[44.93951,39.77797]]]]}},{"type":"Feature","properties":{"id":"AZE:ADM1:AZE-2420","name":"Babek","countryCode":"AZE"},"geometry":{"type":"Polygon","coordinates":[[[45.34477,39.5438],[45.38641,39.53968],[45.39465,39.53293],[45.43,39.52468],[45.44356,39.5183],[45.45324,39.50442],[45.46341,39.49954],[45.46856,39.49371],[45.45923,39.48156],[45.44249,39.46643],[45.41708,39.45946],[45.39445,39.44577],[45.38423,39.43231],[45.38299,39.42486],[45.3929,39.41332],[45.4139,39.40864],[45.42343,39.4023],[45.43869,39.37081],[45.45666,39.35601],[45.4711,39.35093],[45.50052,39.35135],[45.51469,39.34734],[45.52967,39.33972],[45.53866,39.32936],[45.55664,39.32047],[45.56099,39.31095],[45.56917,39.30418],[45.5628,39.29149],[45.56447,39.28524],[45.5835,39.27896],[45.58227,39.25976],[45.56709,39.24675],[45.56182,39.21662],[45.55624,39.20698],[45.52649,39.1995],[45.50789,39.18648],[45.51161,39.1749],[45.53617,39.15763],[45.54906,39.14203],[45.55025,39.13307],[45.54728,39.12519],[45.52625,39.09953],[45.52526,39.07727],[45.5689,39.04016],[45.57267,39.03103],[45.57009,39.02097],[45.55422,38.99962],[45.55516,38.97005],[45.54694,38.96712],[45.52835,38.96882],[45.51843,38.97438],[45.45644,38.98817],[45.43722,39.00293],[45.43784,39.04282],[45.4208,39.05659],[45.40282,39.0636],[45.37286,39.09505],[45.33944,39.12184],[45.33236,39.13692],[45.30814,39.15872],[45.29301,39.16815],[45.27107,39.17463],[45.24988,39.17581],[45.22567,39.1923],[45.20902,39.19936],[45.16211,39.2076],[45.14168,39.21761],[45.12957,39.23409],[45.12352,39.27939],[45.10687,39.28938],[45.09703,39.30291],[45.09888,39.30514],[45.07956,39.32864],[45.06282,39.34308],[45.0449,39.37199],[45.06251,39.39432],[45.16479,39.44481],[45.17874,39.46042],[45.20372,39.49916],[45.21761,39.54233],[45.23546,39.56843],[45.28048,39.58915],[45.3003,39.59331],[45.30706,39.57196],[45.31421,39.56337],[45.32948,39.55738],[45.33196,39.55088],[45.34477,39.5438]],[[45.40003,39.23928],[45.37865,39.2253],[45.37493,39.21976],[45.37989,39.19878],[45.39445,39.18672],[45.4208,39.18575],[45.43227,39.18961],[45.44497,39.20119],[45.44838,39.20915],[45.449,39.21976],[45.44094,39.23157],[45.41701,39.2396],[45.40003,39.23928]]]}},{"type":"Feature","properties":{"id":"AZE:ADM1:AZE-2421","name":"Julfa","countryCode":"AZE"},"geometry":{"type":"Polygon","coordinates":[[[45.94312,39.30449],[45.9418,39.30962],[45.92847,39.31901],[45.9046,39.32768],[45.88198,39.34068],[45.8265,39.35824],[45.79582,39.36378],[45.78187,39.3592],[45.76637,39.33418],[45.74344,39.31083],[45.73507,39.30722],[45.70935,39.33057],[45.683,39.32936],[45.65449,39.31299],[45.6424,39.31299],[45.61575,39.30312],[45.58661,39.28289],[45.5835,39.27896],[45.58227,39.25976],[45.56709,39.24675],[45.56182,39.21662],[45.55624,39.20698],[45.52649,39.1995],[45.50789,39.18648],[45.51161,39.1749],[45.53617,39.15763],[45.54906,39.14203],[45.55025,39.13307],[45.54728,39.12519],[45.52625,39.09953],[45.52526,39.07727],[45.5689,39.04016],[45.57267,39.03103],[45.57009,39.02097],[45.55422,38.99962],[45.55516,38.97005],[45.56057,38.96834],[45.57128,38.97578],[45.5802,38.97686],[45.59389,38.96401],[45.63435,38.95007],[45.65915,38.95022],[45.73096,38.92854],[45.77908,38.92444],[45.78712,38.9546],[45.78712,38.97055],[45.75761,39.02074],[45.76518,39.07797],[45.77047,39.088],[45.79166,39.09389],[45.80604,39.10922],[45.80604,39.12691],[45.81209,39.15048],[45.82722,39.16992],[45.84387,39.18228],[45.8469,39.23527],[45.91575,39.28174],[45.93164,39.30114],[45.94312,39.30449]]]}},{"type":"Feature","properties":{"id":"AZE:ADM1:AZE-2422","name":"Nakhchivan","countryCode":"AZE"},"geometry":{"type":"Polygon","coordinates":[[[45.41701,39.2396],[45.40003,39.23928],[45.37865,39.2253],[45.37493,39.21976],[45.37989,39.19878],[45.39445,39.18672],[45.4208,39.18575],[45.43227,39.18961],[45.44497,39.20119],[45.44838,39.20915],[45.449,39.21976],[45.44094,39.23157],[45.41701,39.2396]]]}},{"type":"Feature","properties":{"id":"AZE:ADM1:AZE-2423","name":"Shahbuz","countryCode":"AZE"},"geometry":{"type":"Polygon","coordinates":[[[45.80846,39.36174],[45.7984,39.37765],[45.80098,39.40859],[45.82299,39.44443],[45.83351,39.45058],[45.83767,39.45981],[45.8218,39.48087],[45.8265,39.52262],[45.81906,39.56461],[45.79148,39.58644],[45.76482,39.59507],[45.73662,39.59987],[45.68951,39.59579],[45.65418,39.5838],[45.62102,39.56245],[45.60118,39.57013],[45.58413,39.57109],[45.56771,39.56725],[45.55624,39.5591],[45.5519,39.55094],[45.53113,39.54206],[45.48712,39.5099],[45.44249,39.46643],[45.41708,39.45946],[45.39445,39.44577],[45.38423,39.43231],[45.38299,39.42486],[45.3929,39.41332],[45.4139,39.40864],[45.42343,39.4023],[45.43869,39.37081],[45.45666,39.35601],[45.4711,39.35093],[45.50052,39.35135],[45.51469,39.34734],[45.52967,39.33972],[45.53866,39.32936],[45.55664,39.32047],[45.56099,39.31095],[45.56917,39.30418],[45.5628,39.29149],[45.56447,39.28524],[45.5835,39.27896],[45.61575,39.30312],[45.6424,39.31299],[45.65449,39.31299],[45.683,39.32936],[45.70935,39.33057],[45.73507,39.30722],[45.74344,39.31083],[45.76637,39.33418],[45.78187,39.3592],[45.79582,39.36378],[45.80846,39.36174]]]}},{"type":"Feature","properties":{"id":"AZE:ADM1:AZE-4838","name":"Stepanakert","countryCode":"AZE"},"geometry":{"type":"Polygon","coordinates":[[[46.82493,39.85575],[46.81369,39.86432],[46.81195,39.87011],[46.79151,39.87086],[46.76972,39.86476],[46.76316,39.85451],[46.76355,39.83236],[46.76605,39.82716],[46.79999,39.81288],[46.83008,39.82344],[46.83008,39.85079],[46.82493,39.85575]]]}},{"type":"Feature","properties":{"id":"AZE:ADM1:AZE-5562","name":"Lankaran","countryCode":"AZE"},"geometry":{"type":"Polygon","coordinates":[[[48.85443,38.72047],[48.84178,38.71861],[48.82755,38.72481],[48.81253,38.73657],[48.81292,38.74741],[48.82281,38.75948],[48.83506,38.7635],[48.85047,38.7635],[48.86299,38.75692],[48.86313,38.75666],[48.86417,38.7268],[48.85443,38.72047]]]}},{"type":"Feature","properties":{"id":"AZE:ADM1:AZE-5563","name":"Şirvan","countryCode":"AZE"},"geometry":{"type":"Polygon","coordinates":[[[48.8926,39.95961],[48.89873,39.94096],[48.90393,39.93472],[48.91859,39.93353],[48.94959,39.95141],[48.94559,39.9662],[48.94662,39.98546],[48.94182,40.00022],[48.93496,40.0055],[48.91473,40.01051],[48.90513,40.00444],[48.89553,39.98783],[48.89828,39.96647],[48.8926,39.95961]]]}},{"type":"Feature","properties":{"id":"AZE:ADM1:AZE-5564","name":"Shaki","countryCode":"AZE"},"geometry":{"type":"Polygon","coordinates":[[[47.20746,41.18586],[47.2227,41.19684],[47.22088,41.22127],[47.20673,41.23135],[47.19318,41.23501],[47.17053,41.23181],[47.16264,41.22769],[47.15112,41.20539],[47.15294,41.19898],[47.17296,41.18401],[47.18428,41.18157],[47.20746,41.18586]]]}},{"type":"Feature","properties":{"id":"AZE:ADM1:AZE-5566","name":"Yevlakh","countryCode":"AZE"},"geometry":{"type":"Polygon","coordinates":[[[47.19398,40.59548],[47.20021,40.60156],[47.20305,40.61409],[47.19136,40.62781],[47.18125,40.63431],[47.1724,40.6372],[47.15408,40.63551],[47.13701,40.62733],[47.1307,40.61818],[47.13164,40.60831],[47.14902,40.59386],[47.17714,40.59049],[47.19398,40.59548]]]}}]}}
