{"type":"FeatureCollection","features":[{"type":"Feature","properties":{"id":"BEL:ADM2:21686613B13309387984844","name":"Luxemburg","countryCode":"BEL","adminLevel":2,"sourceCode":"21686613B13309387984844","parentId":"BEL:ADM1:BEL-3477"},"geometry":{"type":"Polygon","coordinates":[[[6.0345,50.20585],[6.02722,50.21],[6.02017,50.2058],[6.01165,50.20563],[6.01521,50.21477],[6.01201,50.21842],[6.0128,50.2258],[6.00865,50.23842],[6.01671,50.25287],[6.0114,50.27005],[6.01692,50.29953],[6.01387,50.30206],[6.01371,50.31064],[6.00923,50.31424],[5.98346,50.32025],[5.97867,50.32699],[5.9802,50.32984],[5.96089,50.32742],[5.95385,50.33437],[5.93694,50.33835],[5.9284,50.33254],[5.92191,50.33277],[5.90108,50.3394],[5.88332,50.34018],[5.86207,50.34841],[5.85128,50.33554],[5.85052,50.32682],[5.86262,50.32509],[5.86656,50.31901],[5.8692,50.31941],[5.86917,50.31402],[5.86329,50.30423],[5.85486,50.30008],[5.85904,50.29568],[5.84598,50.28844],[5.8449,50.28054],[5.86552,50.28273],[5.88139,50.28037],[5.87683,50.27591],[5.87325,50.27657],[5.87046,50.26839],[5.86196,50.26848],[5.83982,50.26128],[5.82724,50.26665],[5.80984,50.26432],[5.80762,50.25436],[5.80602,50.26096],[5.79982,50.26514],[5.78184,50.26273],[5.76435,50.26825],[5.75103,50.26597],[5.74487,50.26059],[5.72359,50.26091],[5.71756,50.2667],[5.73151,50.27514],[5.73523,50.28865],[5.74774,50.29555],[5.74813,50.30115],[5.72714,50.3038],[5.72364,50.30178],[5.70783,50.31806],[5.70293,50.32915],[5.70906,50.32894],[5.71384,50.33319],[5.71378,50.33831],[5.70948,50.34288],[5.71442,50.34669],[5.71083,50.34815],[5.72,50.35294],[5.72025,50.35807],[5.71095,50.35799],[5.70657,50.36109],[5.69652,50.35715],[5.67029,50.35677],[5.67086,50.36341],[5.67584,50.36851],[5.6468,50.36566],[5.63066,50.37208],[5.63646,50.37574],[5.61338,50.38266],[5.59385,50.39826],[5.57032,50.397],[5.55382,50.38853],[5.53565,50.39212],[5.52883,50.39684],[5.53622,50.40207],[5.53287,50.40427],[5.52034,50.40247],[5.51898,50.41026],[5.50975,50.41373],[5.5132,50.41812],[5.51058,50.41934],[5.51565,50.4207],[5.51119,50.42245],[5.51228,50.42506],[5.47668,50.41418],[5.46756,50.40761],[5.45586,50.40995],[5.45901,50.41268],[5.45071,50.41747],[5.45311,50.42133],[5.44109,50.42068],[5.43369,50.4241],[5.43533,50.42581],[5.42897,50.4305],[5.40654,50.42556],[5.40859,50.41493],[5.40655,50.41253],[5.42229,50.41282],[5.42895,50.40283],[5.39577,50.38375],[5.39711,50.38102],[5.39323,50.37936],[5.40156,50.37358],[5.39756,50.36934],[5.40259,50.36781],[5.38105,50.35028],[5.386,50.34413],[5.39648,50.34093],[5.39504,50.33543],[5.37696,50.32673],[5.3513,50.32147],[5.34242,50.31594],[5.34159,50.31133],[5.3475,50.30501],[5.36189,50.3176],[5.38102,50.31377],[5.3884,50.31613],[5.39274,50.3096],[5.39013,50.30689],[5.39394,50.29943],[5.38877,50.298],[5.39546,50.29416],[5.39482,50.28712],[5.37694,50.2782],[5.35876,50.2752],[5.33229,50.25509],[5.31212,50.24503],[5.29352,50.23932],[5.28321,50.24902],[5.27323,50.24262],[5.25192,50.23808],[5.26016,50.2328],[5.26167,50.23018],[5.25871,50.22729],[5.23438,50.22196],[5.22868,50.22779],[5.20648,50.21655],[5.2318,50.2149],[5.23451,50.21],[5.24613,50.20386],[5.2343,50.19554],[5.24945,50.19376],[5.24272,50.18727],[5.26621,50.1682],[5.27229,50.15925],[5.28087,50.15871],[5.2741,50.15604],[5.28188,50.15552],[5.28335,50.14786],[5.27353,50.1452],[5.27117,50.14032],[5.26524,50.14272],[5.24263,50.13427],[5.24735,50.1272],[5.25377,50.12846],[5.26816,50.11908],[5.26926,50.11184],[5.26287,50.10847],[5.23712,50.11025],[5.22672,50.10705],[5.22697,50.10235],[5.20026,50.09639],[5.19967,50.09989],[5.18848,50.09772],[5.1888,50.10041],[5.15838,50.10044],[5.15283,50.09431],[5.13658,50.09442],[5.13266,50.09884],[5.12258,50.09969],[5.07169,50.09335],[5.0604,50.10786],[5.06833,50.11749],[5.06614,50.11887],[5.06887,50.123],[5.06584,50.1231],[5.0528,50.08788],[5.05331,50.08234],[5.06072,50.08031],[5.06059,50.07773],[5.05835,50.07514],[5.04922,50.07789],[5.05464,50.07315],[5.05395,50.0667],[5.04677,50.06131],[5.0425,50.06209],[5.04174,50.05341],[5.02857,50.04979],[5.02542,50.0439],[5.0113,50.03815],[4.9975,50.04526],[4.99387,50.03143],[4.98838,50.02748],[4.97865,50.03078],[4.97299,50.02899],[4.99124,50.01583],[4.99692,50.01488],[4.99442,50.0071],[5.01265,49.99732],[5.01246,49.99236],[5.0065,49.98883],[5.00867,49.98134],[5.02919,49.97809],[5.04309,49.98122],[5.05078,49.98669],[5.05279,49.98351],[5.06674,49.98192],[5.06736,49.97383],[5.07906,49.96692],[5.10113,49.96123],[5.10263,49.94694],[5.09838,49.93694],[5.11,49.92535],[5.1196,49.92238],[5.09845,49.92049],[5.08118,49.91282],[5.07198,49.91249],[5.0637,49.90039],[5.05753,49.89712],[5.04683,49.89824],[5.04287,49.89238],[5.04962,49.89005],[5.04822,49.88825],[5.06272,49.88666],[5.05868,49.88336],[5.03574,49.87201],[5.0206,49.8729],[5.02655,49.87074],[5.02594,49.86511],[5.01208,49.85788],[4.98952,49.85292],[4.98786,49.84653],[4.9814,49.84284],[4.98533,49.83854],[4.98413,49.82698],[4.99052,49.8238],[4.98743,49.8204],[4.97733,49.81993],[4.98115,49.81645],[4.96944,49.81083],[4.96876,49.80158],[4.99742,49.79991],[4.99684,49.79505],[5.00709,49.78729],[5.00817,49.7819],[5.03729,49.77181],[5.06167,49.76726],[5.06291,49.76215],[5.08538,49.76314],[5.08805,49.76643],[5.0936,49.76396],[5.11909,49.73833],[5.12493,49.72698],[5.12295,49.71732],[5.12592,49.71644],[5.12603,49.71244],[5.14114,49.71341],[5.14364,49.7093],[5.1538,49.71872],[5.16592,49.71181],[5.1641,49.69337],[5.19188,49.69492],[5.19626,49.69196],[5.20568,49.69618],[5.21786,49.68761],[5.23155,49.6917],[5.2429,49.68922],[5.24265,49.68475],[5.2562,49.69417],[5.26852,49.69654],[5.28087,49.68944],[5.28509,49.68262],[5.30927,49.67182],[5.33233,49.65459],[5.31825,49.64638],[5.305,49.63031],[5.30482,49.62461],[5.311,49.61839],[5.31235,49.61145],[5.32583,49.61614],[5.34064,49.61668],[5.33829,49.61829],[5.34344,49.62202],[5.34625,49.6307],[5.35211,49.63099],[5.36392,49.62321],[5.37455,49.6237],[5.41115,49.60833],[5.41805,49.59958],[5.43119,49.59256],[5.42866,49.58991],[5.43781,49.56938],[5.45691,49.56682],[5.44756,49.55421],[5.44143,49.55197],[5.46545,49.53893],[5.46717,49.52583],[5.46046,49.52574],[5.45537,49.52021],[5.44727,49.51811],[5.466,49.50882],[5.46498,49.49918],[5.47176,49.49697],[5.47923,49.50028],[5.48391,49.50748],[5.50469,49.50719],[5.54096,49.51514],[5.54581,49.52383],[5.55668,49.5292],[5.56377,49.52549],[5.57117,49.528],[5.59114,49.52293],[5.60092,49.51681],[5.60346,49.50893],[5.61095,49.50598],[5.62148,49.51912],[5.61577,49.52727],[5.62242,49.5347],[5.63298,49.53944],[5.63078,49.54201],[5.63377,49.54437],[5.64363,49.54695],[5.64331,49.55065],[5.66072,49.55354],[5.66935,49.54841],[5.68221,49.54802],[5.68117,49.5453],[5.6909,49.54623],[5.70514,49.53887],[5.71878,49.5393],[5.72501,49.54457],[5.73396,49.54556],[5.73242,49.54407],[5.73831,49.53881],[5.75782,49.54296],[5.75594,49.55627],[5.75993,49.55842],[5.75844,49.56142],[5.77121,49.56332],[5.78553,49.55764],[5.79197,49.55174],[5.80786,49.55078],[5.81861,49.54637],[5.82591,49.55228],[5.82803,49.54987],[5.84238,49.5531],[5.84661,49.55789],[5.8432,49.56071],[5.87267,49.5741],[5.86958,49.57666],[5.87186,49.57961],[5.86622,49.58063],[5.87334,49.58355],[5.86975,49.58908],[5.86299,49.58615],[5.85014,49.58694],[5.84781,49.59593],[5.87654,49.6085],[5.87596,49.61974],[5.88643,49.62722],[5.88383,49.63298],[5.89228,49.63624],[5.89907,49.63445],[5.9078,49.63905],[5.90221,49.64583],[5.9018,49.65181],[5.90528,49.6549],[5.90294,49.65758],[5.90494,49.66108],[5.91069,49.66239],[5.90805,49.66572],[5.90166,49.66428],[5.902,49.66817],[5.89278,49.66628],[5.8898,49.67056],[5.88652,49.66795],[5.88225,49.67181],[5.86548,49.67598],[5.86209,49.68127],[5.8667,49.6945],[5.8867,49.70934],[5.87486,49.71584],[5.87532,49.72193],[5.87086,49.72171],[5.8654,49.72675],[5.84388,49.72127],[5.83529,49.7245],[5.82618,49.72361],[5.82425,49.72608],[5.82691,49.72687],[5.82699,49.73899],[5.83264,49.74156],[5.8304,49.74347],[5.83226,49.74684],[5.81794,49.75401],[5.81587,49.76222],[5.8095,49.76535],[5.80587,49.77417],[5.79213,49.78677],[5.79345,49.79055],[5.79027,49.79561],[5.78516,49.79624],[5.78111,49.79229],[5.77614,49.79475],[5.75538,49.79144],[5.75326,49.79347],[5.75109,49.81477],[5.7467,49.81536],[5.74347,49.82063],[5.7486,49.82435],[5.73947,49.8338],[5.74151,49.83916],[5.75046,49.83981],[5.74839,49.84649],[5.75638,49.84528],[5.75855,49.8488],[5.74578,49.85345],[5.76065,49.85653],[5.75495,49.86093],[5.75698,49.86524],[5.7527,49.86844],[5.75556,49.8729],[5.7647,49.8694],[5.77015,49.87253],[5.7744,49.86739],[5.7781,49.87217],[5.78384,49.8724],[5.77795,49.87583],[5.78276,49.87559],[5.78364,49.87812],[5.77051,49.88708],[5.73576,49.89698],[5.73976,49.90408],[5.76398,49.91567],[5.76066,49.91756],[5.76477,49.92401],[5.76416,49.93154],[5.77113,49.93174],[5.77059,49.93667],[5.77531,49.93773],[5.77057,49.94961],[5.77725,49.95777],[5.77504,49.96076],[5.79144,49.96183],[5.79587,49.96576],[5.80726,49.96238],[5.81072,49.96421],[5.81309,49.97249],[5.83045,49.97584],[5.83867,49.98226],[5.84044,49.98944],[5.83255,49.99046],[5.82352,49.99696],[5.81905,50.01286],[5.85257,50.02284],[5.85338,50.02772],[5.85997,50.02892],[5.85614,50.03614],[5.87,50.04594],[5.85447,50.05942],[5.86067,50.06914],[5.88689,50.07879],[5.8863,50.09069],[5.89466,50.10108],[5.89527,50.11222],[5.91437,50.12186],[5.9613,50.13139],[5.95857,50.1389],[5.96127,50.14992],[5.95812,50.15141],[5.96751,50.15498],[5.96183,50.16092],[5.96375,50.17256],[6.00316,50.17625],[6.02615,50.1833],[6.02073,50.19362],[6.03302,50.20127],[6.0345,50.20585]]]}},{"type":"Feature","properties":{"id":"BEL:ADM2:21686613B18913386279163","name":"Brussels","countryCode":"BEL","adminLevel":2,"sourceCode":"21686613B18913386279163","parentId":"BEL:ADM1:BEL-3474"},"geometry":{"type":"Polygon","coordinates":[[[4.40661,50.91322],[4.38836,50.91061],[4.37738,50.89707],[4.36409,50.90114],[4.34148,50.90239],[4.29452,50.8891],[4.29855,50.87926],[4.27928,50.86551],[4.28033,50.85986],[4.28983,50.8558],[4.28315,50.85361],[4.2882,50.84829],[4.28326,50.84714],[4.28304,50.83798],[4.25641,50.83491],[4.25428,50.82629],[4.24556,50.81763],[4.24979,50.81945],[4.25649,50.8173],[4.2599,50.81109],[4.27273,50.81222],[4.28361,50.80708],[4.30635,50.81246],[4.30229,50.80421],[4.3045,50.79936],[4.31666,50.79642],[4.32188,50.78317],[4.33111,50.77555],[4.38109,50.76933],[4.38298,50.76369],[4.4346,50.77647],[4.48227,50.79287],[4.44763,50.80825],[4.45197,50.80853],[4.45767,50.81063],[4.4522,50.80877],[4.44791,50.81125],[4.4577,50.81615],[4.45481,50.81843],[4.47678,50.82038],[4.46572,50.83564],[4.46807,50.83726],[4.46716,50.84463],[4.46125,50.85195],[4.42975,50.86117],[4.42059,50.86779],[4.42602,50.87175],[4.42725,50.87747],[4.43705,50.87878],[4.427,50.89059],[4.43269,50.8947],[4.41249,50.90699],[4.41449,50.91138],[4.40661,50.91322]]]}},{"type":"Feature","properties":{"id":"BEL:ADM2:21686613B2396966306431","name":"Antwerpen","countryCode":"BEL","adminLevel":2,"sourceCode":"21686613B2396966306431","parentId":"BEL:ADM1:BEL-3480"},"geometry":{"type":"MultiPolygon","coordinates":[[[[4.93662,51.40544],[4.92907,51.4052],[4.93263,51.40627],[4.92732,51.40825],[4.93603,51.40928],[4.93662,51.40544]]],[[[4.89139,51.42329],[4.88865,51.42478],[4.89097,51.42469],[4.89139,51.42329]]],[[[4.9422,51.43651],[4.94279,51.43513],[4.93991,51.43613],[4.9422,51.43651]]],[[[4.94087,51.43925],[4.94319,51.44015],[4.94225,51.43809],[4.94087,51.43925]]],[[[4.94987,51.44366],[4.94418,51.44355],[4.94776,51.44569],[4.94919,51.44468],[4.94987,51.44366]]],[[[4.93637,51.43437],[4.93998,51.43419],[4.93969,51.43078],[4.92884,51.43048],[4.92556,51.43378],[4.91458,51.4352],[4.92125,51.43693],[4.91907,51.44069],[4.92151,51.4449],[4.91821,51.44587],[4.92409,51.44638],[4.92362,51.44394],[4.92803,51.44361],[4.92585,51.44271],[4.92829,51.43855],[4.93552,51.44629],[4.93992,51.44378],[4.93376,51.44093],[4.93648,51.43961],[4.9346,51.43862],[4.93989,51.43946],[4.93991,51.43613],[4.93637,51.43437]],[[4.92352,51.43772],[4.92506,51.44166],[4.92228,51.43882],[4.92352,51.43772]]],[[[4.93424,51.4474],[4.93174,51.4466],[4.93325,51.44829],[4.93424,51.4474]]],[[[4.92941,51.44957],[4.93068,51.4504],[4.93105,51.44895],[4.92941,51.44957]]],[[[4.94793,51.44732],[4.94351,51.4487],[4.93997,51.44516],[4.93298,51.44963],[4.94776,51.45061],[4.95078,51.45163],[4.94945,51.45357],[4.95177,51.45244],[4.94793,51.44732]]],[[[4.33446,51.37763],[4.34109,51.35756],[4.38456,51.35431],[4.42183,51.3653],[4.43124,51.36385],[4.42487,51.37123],[4.43149,51.37491],[4.39144,51.4081],[4.38345,51.42092],[4.39136,51.42725],[4.39519,51.42685],[4.39469,51.43159],[4.3924,51.43143],[4.39272,51.43274],[4.3973,51.43153],[4.39898,51.43524],[4.39548,51.43549],[4.39685,51.44173],[4.39205,51.44625],[4.3795,51.44665],[4.38285,51.45021],[4.44239,51.46861],[4.46538,51.47131],[4.47656,51.47823],[4.53803,51.48233],[4.5479,51.47358],[4.53014,51.44949],[4.53545,51.42304],[4.57462,51.43283],[4.63018,51.42592],[4.64127,51.42201],[4.65167,51.42682],[4.6696,51.42643],[4.66656,51.44442],[4.69316,51.45176],[4.70325,51.46695],[4.7169,51.46883],[4.71589,51.4711],[4.72962,51.48432],[4.74636,51.4894],[4.75266,51.49978],[4.77905,51.50462],[4.78315,51.4995],[4.79818,51.49971],[4.81586,51.49444],[4.82096,51.48306],[4.84197,51.48072],[4.83623,51.46125],[4.84413,51.45912],[4.83853,51.45599],[4.83519,51.45873],[4.82336,51.44855],[4.82815,51.42218],[4.84143,51.42241],[4.83646,51.41729],[4.82621,51.4231],[4.80546,51.42866],[4.79283,51.42855],[4.78424,51.43256],[4.76646,51.43051],[4.77292,51.41352],[4.78915,51.40895],[4.84978,51.41431],[4.86738,51.40906],[4.86636,51.4115],[4.87364,51.41482],[4.88615,51.41657],[4.89804,51.41173],[4.90031,51.41468],[4.90322,51.4136],[4.89995,51.41056],[4.90391,51.41241],[4.90987,51.40738],[4.91011,51.40237],[4.91794,51.40049],[4.91849,51.39756],[4.92416,51.39787],[4.91391,51.39505],[4.9209,51.39359],[4.9282,51.39538],[4.92474,51.39873],[4.92806,51.39973],[4.92875,51.39582],[4.96297,51.42215],[5.00447,51.44395],[5.00544,51.4508],[5.01098,51.45555],[5.00728,51.4644],[5.01084,51.47225],[5.02403,51.48259],[5.03877,51.48719],[5.03789,51.47934],[5.04584,51.471],[5.07925,51.47131],[5.10487,51.43139],[5.07118,51.39345],[5.1317,51.34713],[5.13448,51.31549],[5.16281,51.31036],[5.17289,51.31576],[5.20026,51.32263],[5.24179,51.30543],[5.22599,51.2683],[5.23762,51.26153],[5.21609,51.24704],[5.2145,51.22081],[5.21714,51.21138],[5.23872,51.20128],[5.26025,51.1837],[5.261,51.14697],[5.25668,51.14718],[5.23531,51.13277],[5.2221,51.13916],[5.20486,51.13982],[5.20321,51.12935],[5.1981,51.12376],[5.18181,51.11822],[5.1319,51.11779],[5.12667,51.10822],[5.10308,51.09649],[5.09497,51.08541],[5.03506,51.07391],[5.01142,51.07448],[5.00867,51.05741],[4.99706,51.05617],[4.98157,51.03489],[4.98129,51.03906],[4.9715,51.03688],[4.9665,51.04615],[4.94742,51.03733],[4.91153,51.03518],[4.9035,51.02971],[4.90433,51.02562],[4.89667,51.02277],[4.88243,51.01963],[4.87255,51.02361],[4.84306,51.01235],[4.80956,51.01111],[4.80822,51.01371],[4.81114,51.0162],[4.80884,51.01798],[4.81123,51.01937],[4.80226,51.02803],[4.79673,51.02831],[4.78932,51.03893],[4.77492,51.03516],[4.75831,51.0232],[4.73799,51.02689],[4.73093,51.02446],[4.73097,51.02008],[4.70972,51.0123],[4.70338,50.99994],[4.6953,50.99913],[4.70977,51.01396],[4.69,51.01625],[4.68533,51.02411],[4.66194,51.01879],[4.63607,51.01762],[4.62936,51.01045],[4.60563,51.01124],[4.60444,51.00032],[4.59853,50.99841],[4.5996,50.99281],[4.58836,50.99376],[4.58314,50.9902],[4.57871,50.99199],[4.58166,50.99293],[4.57779,50.998],[4.5744,50.99531],[4.57083,50.9984],[4.56944,50.99616],[4.57289,50.99576],[4.56953,50.99391],[4.56222,50.99741],[4.56535,51.00093],[4.55161,51.00343],[4.53064,50.99748],[4.53195,50.99468],[4.52866,50.99226],[4.49183,51.00932],[4.48618,51.00543],[4.48931,50.99617],[4.48016,50.99116],[4.46944,50.99501],[4.46535,50.99308],[4.45386,51.00594],[4.42607,50.99923],[4.42113,50.99525],[4.41775,50.99952],[4.41065,50.99988],[4.39532,50.99568],[4.39172,50.99909],[4.39447,51.00047],[4.39346,51.00326],[4.38975,51.00411],[4.38987,51.01114],[4.37018,51.01427],[4.37315,51.02235],[4.3814,51.02935],[4.37367,51.03042],[4.37583,51.02755],[4.3648,51.02412],[4.35956,51.01685],[4.34895,51.01885],[4.34294,51.01666],[4.34229,51.01966],[4.34938,51.02468],[4.34635,51.0273],[4.32178,51.02698],[4.30934,51.03649],[4.28229,51.03992],[4.28069,51.04317],[4.26818,51.04223],[4.26552,51.03749],[4.24984,51.03442],[4.23281,51.04325],[4.21358,51.03167],[4.19574,51.04009],[4.19001,51.0397],[4.18699,51.0464],[4.19871,51.0544],[4.19898,51.0584],[4.1865,51.06064],[4.18957,51.07938],[4.18666,51.08409],[4.17333,51.08919],[4.17229,51.09351],[4.17908,51.10313],[4.19443,51.10867],[4.21217,51.12176],[4.24739,51.11479],[4.27677,51.12306],[4.31485,51.12736],[4.32544,51.1343],[4.33017,51.15478],[4.32945,51.18517],[4.31677,51.18788],[4.32071,51.19326],[4.31511,51.20717],[4.30696,51.20413],[4.30353,51.20746],[4.3018,51.21177],[4.31066,51.21249],[4.29743,51.23069],[4.2996,51.23195],[4.29628,51.25003],[4.28936,51.25411],[4.291,51.26022],[4.3008,51.26145],[4.31857,51.27574],[4.32022,51.28192],[4.33082,51.29609],[4.29713,51.30516],[4.28932,51.30915],[4.28541,51.31802],[4.28614,51.33967],[4.28305,51.35008],[4.27564,51.3581],[4.26108,51.36937],[4.25709,51.3725],[4.25535,51.37504],[4.33446,51.37763]],[[4.87201,51.41296],[4.86935,51.41175],[4.87229,51.41179],[4.87201,51.41296]]],[[[4.24066,51.35296],[4.22512,51.36095],[4.22003,51.36854],[4.22153,51.36799],[4.22218,51.36774],[4.24106,51.35659],[4.24473,51.35202],[4.24066,51.35296]]],[[[4.28505,51.29739],[4.27534,51.30283],[4.26831,51.3162],[4.26918,51.31846],[4.27263,51.31582],[4.29078,51.30589],[4.30299,51.29609],[4.30429,51.29383],[4.28505,51.29739]]]]}},{"type":"Feature","properties":{"id":"BEL:ADM2:21686613B30775418393346","name":"Luik","countryCode":"BEL","adminLevel":2,"sourceCode":"21686613B30775418393346","parentId":"BEL:ADM1:BEL-3481"},"geometry":{"type":"Polygon","coordinates":[[[5.68297,50.7548],[5.68241,50.76008],[5.69565,50.77222],[5.70126,50.78296],[5.69119,50.79574],[5.69894,50.80569],[5.69097,50.81231],[5.68719,50.81118],[5.68584,50.80385],[5.68023,50.80652],[5.67389,50.80516],[5.67305,50.80776],[5.6681,50.80467],[5.65307,50.80556],[5.64663,50.79355],[5.63821,50.7872],[5.62686,50.7823],[5.61576,50.78426],[5.60638,50.77903],[5.61017,50.77517],[5.60598,50.77711],[5.59229,50.77381],[5.59173,50.77013],[5.58014,50.7733],[5.57429,50.77182],[5.57,50.76419],[5.55291,50.76396],[5.54697,50.75853],[5.52219,50.75849],[5.51932,50.74733],[5.52431,50.74263],[5.49098,50.72743],[5.47867,50.72358],[5.4741,50.7261],[5.47562,50.73352],[5.467,50.73914],[5.46182,50.73882],[5.46304,50.73061],[5.45486,50.72676],[5.45279,50.7234],[5.4548,50.72174],[5.43547,50.72214],[5.43227,50.71821],[5.42808,50.72322],[5.42026,50.71892],[5.40236,50.72798],[5.40153,50.7351],[5.39385,50.73515],[5.38954,50.74792],[5.37612,50.74205],[5.37003,50.74667],[5.35039,50.74632],[5.33361,50.73533],[5.3138,50.72925],[5.30799,50.72385],[5.30986,50.71926],[5.30387,50.71597],[5.29605,50.72337],[5.27631,50.72861],[5.26995,50.72565],[5.26477,50.71761],[5.2575,50.71517],[5.24112,50.71677],[5.23688,50.72714],[5.23209,50.719],[5.22725,50.71744],[5.22418,50.72062],[5.2068,50.72097],[5.19432,50.71668],[5.17691,50.72347],[5.17463,50.72105],[5.17037,50.72259],[5.16763,50.71552],[5.17519,50.71455],[5.18085,50.70486],[5.16484,50.69553],[5.15623,50.69837],[5.14868,50.69547],[5.11961,50.70835],[5.10319,50.7093],[5.09579,50.70334],[5.07545,50.7091],[5.07061,50.70639],[5.06335,50.71357],[5.06513,50.71498],[5.05639,50.7157],[5.04387,50.72357],[5.04712,50.73146],[5.04273,50.73424],[5.04787,50.73933],[5.0197,50.75097],[5.01655,50.74366],[5.01703,50.73289],[5.01281,50.73056],[5.00871,50.73311],[5.00752,50.72901],[4.99715,50.72799],[4.99256,50.72371],[4.9976,50.72146],[4.99457,50.71732],[5.00996,50.7119],[5.00963,50.70715],[5.01725,50.70217],[5.0014,50.69389],[4.99652,50.67147],[5.00256,50.665],[4.98866,50.65358],[4.98814,50.64546],[4.98332,50.64223],[4.98989,50.63677],[4.98206,50.63462],[4.98798,50.62593],[4.97953,50.61852],[5.00072,50.61007],[5.00293,50.60682],[4.99979,50.6057],[4.9992,50.60016],[5.00135,50.59868],[5.02848,50.58881],[5.02761,50.5845],[5.03434,50.58226],[5.02969,50.57929],[5.03341,50.57068],[5.04851,50.5607],[5.04437,50.55763],[5.05104,50.55536],[5.04657,50.55108],[5.0542,50.5411],[5.03832,50.53712],[5.03426,50.53175],[5.09289,50.52938],[5.0947,50.52601],[5.08978,50.52571],[5.09785,50.52002],[5.09401,50.51854],[5.09773,50.51666],[5.09482,50.51513],[5.10123,50.50883],[5.11528,50.50381],[5.14234,50.51209],[5.14484,50.50865],[5.12923,50.50277],[5.13425,50.49635],[5.13293,50.49045],[5.1393,50.48669],[5.15726,50.48951],[5.15957,50.48716],[5.14964,50.48247],[5.1639,50.46761],[5.17229,50.46941],[5.17994,50.47594],[5.19897,50.47879],[5.21017,50.45915],[5.22297,50.44431],[5.23004,50.44412],[5.23665,50.43822],[5.23282,50.43116],[5.2365,50.42588],[5.22125,50.41728],[5.23701,50.40293],[5.25392,50.40025],[5.26003,50.40341],[5.27454,50.39898],[5.27573,50.3944],[5.28685,50.39431],[5.27926,50.38919],[5.28111,50.37836],[5.29726,50.36493],[5.35177,50.38866],[5.36342,50.38505],[5.36143,50.38112],[5.36784,50.37989],[5.38173,50.38679],[5.39323,50.37935],[5.39711,50.38102],[5.39577,50.38375],[5.42891,50.40271],[5.42229,50.41282],[5.40599,50.4138],[5.40859,50.41493],[5.40654,50.42556],[5.41892,50.42997],[5.42897,50.4305],[5.43533,50.42581],[5.43369,50.4241],[5.44109,50.42068],[5.45311,50.42133],[5.45071,50.41747],[5.45901,50.41268],[5.45586,50.40995],[5.46756,50.40761],[5.47668,50.41418],[5.51228,50.42506],[5.51119,50.42245],[5.51565,50.4207],[5.51058,50.41934],[5.5132,50.41812],[5.50975,50.41373],[5.51898,50.41026],[5.52034,50.40247],[5.53287,50.40427],[5.53622,50.40207],[5.52883,50.39684],[5.53565,50.39212],[5.55382,50.38853],[5.57032,50.397],[5.59385,50.39826],[5.61338,50.38266],[5.63646,50.37574],[5.63066,50.37208],[5.6468,50.36566],[5.67584,50.36851],[5.67086,50.36341],[5.67029,50.35677],[5.69652,50.35715],[5.70657,50.36109],[5.71095,50.35799],[5.72025,50.35807],[5.72,50.35293],[5.71083,50.34814],[5.71442,50.34669],[5.70948,50.34288],[5.71378,50.33831],[5.71384,50.33319],[5.70906,50.32894],[5.70293,50.32915],[5.70783,50.31806],[5.72364,50.30178],[5.72714,50.3038],[5.74813,50.30115],[5.74774,50.29555],[5.73523,50.28865],[5.73152,50.27512],[5.71756,50.26669],[5.72359,50.26091],[5.74487,50.26059],[5.75103,50.26597],[5.76435,50.26825],[5.78184,50.26273],[5.79982,50.26514],[5.80602,50.26096],[5.80762,50.25436],[5.80984,50.26432],[5.82724,50.26665],[5.83982,50.26128],[5.86196,50.26848],[5.87046,50.26839],[5.87325,50.27657],[5.88154,50.2789],[5.86552,50.28273],[5.8449,50.28054],[5.84598,50.28844],[5.85904,50.29568],[5.85486,50.30008],[5.86329,50.30423],[5.86917,50.31402],[5.8692,50.31941],[5.86656,50.31901],[5.86262,50.32509],[5.85052,50.32682],[5.85128,50.33554],[5.86207,50.34841],[5.88332,50.34018],[5.90108,50.3394],[5.92191,50.33277],[5.9284,50.33254],[5.93694,50.33835],[5.95385,50.33437],[5.96089,50.32742],[5.9802,50.32984],[5.97868,50.32698],[5.98346,50.32025],[6.00923,50.31424],[6.01371,50.31064],[6.01387,50.30206],[6.01692,50.29953],[6.0114,50.27005],[6.01671,50.25287],[6.00865,50.23842],[6.0128,50.2258],[6.01201,50.21842],[6.01521,50.21477],[6.01165,50.20563],[6.02017,50.2058],[6.02722,50.21],[6.03452,50.20584],[6.03303,50.20126],[6.0204,50.19189],[6.02616,50.18329],[6.03022,50.16444],[6.06365,50.15328],[6.07196,50.15737],[6.07895,50.15664],[6.07919,50.1708],[6.10246,50.17062],[6.11969,50.16338],[6.11497,50.15542],[6.12539,50.15002],[6.11731,50.14686],[6.11233,50.13611],[6.12068,50.13635],[6.13114,50.12995],[6.1378,50.12993],[6.13879,50.13476],[6.14737,50.13581],[6.15474,50.14174],[6.15317,50.15012],[6.14855,50.15188],[6.14061,50.14802],[6.13202,50.15362],[6.14312,50.15592],[6.1477,50.16048],[6.13965,50.16842],[6.14777,50.1704],[6.14429,50.17333],[6.14691,50.17777],[6.16033,50.17161],[6.16426,50.17865],[6.18412,50.17827],[6.1926,50.18207],[6.18598,50.18416],[6.19044,50.18726],[6.18395,50.19212],[6.1867,50.19564],[6.1854,50.20321],[6.18911,50.20541],[6.18374,50.20733],[6.17808,50.21637],[6.16659,50.21969],[6.16825,50.2244],[6.17678,50.22599],[6.17364,50.23211],[6.17592,50.23545],[6.19552,50.23699],[6.20045,50.23997],[6.20545,50.25112],[6.21578,50.25701],[6.21849,50.25452],[6.22345,50.25871],[6.24559,50.26208],[6.25903,50.26784],[6.26153,50.26497],[6.27841,50.26629],[6.29148,50.27706],[6.28517,50.28431],[6.28854,50.29042],[6.28588,50.29407],[6.29204,50.29567],[6.2911,50.29769],[6.2984,50.3023],[6.29611,50.30898],[6.30955,50.3116],[6.3065,50.32008],[6.31697,50.32151],[6.31787,50.31894],[6.3274,50.3247],[6.33305,50.32343],[6.33463,50.31638],[6.34297,50.31842],[6.34053,50.3158],[6.34836,50.31507],[6.35145,50.31074],[6.36381,50.3053],[6.35789,50.31129],[6.36152,50.31478],[6.37063,50.31256],[6.38245,50.32214],[6.40549,50.32332],[6.40796,50.33576],[6.40076,50.33792],[6.399,50.34524],[6.38305,50.35424],[6.3682,50.35807],[6.36972,50.36102],[6.36095,50.37121],[6.34291,50.38056],[6.35682,50.39051],[6.35778,50.39547],[6.36592,50.40183],[6.37009,50.40953],[6.36672,50.41964],[6.37577,50.43111],[6.37765,50.43952],[6.37186,50.45559],[6.35214,50.45629],[6.34019,50.46268],[6.34383,50.46876],[6.33759,50.47334],[6.34102,50.48283],[6.35122,50.48824],[6.33479,50.48907],[6.30913,50.50146],[6.29745,50.49746],[6.2698,50.50459],[6.26204,50.49883],[6.25465,50.49935],[6.25182,50.50357],[6.2265,50.49448],[6.22005,50.49872],[6.22249,50.50171],[6.21016,50.51314],[6.21233,50.5156],[6.20747,50.51839],[6.20616,50.52412],[6.1969,50.53033],[6.19905,50.54073],[6.20757,50.54667],[6.21081,50.55427],[6.22482,50.55494],[6.22666,50.55681],[6.22741,50.56161],[6.23583,50.56575],[6.24027,50.58603],[6.24963,50.59822],[6.24776,50.60372],[6.26847,50.61803],[6.26947,50.62534],[6.27414,50.62953],[6.26525,50.64281],[6.24538,50.64068],[6.23195,50.64928],[6.22679,50.64814],[6.22115,50.64067],[6.20426,50.63961],[6.196,50.64109],[6.18665,50.64063],[6.18363,50.64693],[6.19616,50.65753],[6.19665,50.65887],[6.19496,50.66307],[6.19309,50.66422],[6.18684,50.6647],[6.16584,50.6622],[6.16277,50.67126],[6.14395,50.68159],[6.1436,50.68895],[6.12314,50.70718],[6.12481,50.71117],[6.11923,50.71964],[6.11083,50.72346],[6.0732,50.72096],[6.0446,50.72849],[6.03926,50.71831],[6.03323,50.73084],[6.04001,50.73777],[6.0407,50.74555],[6.02976,50.74986],[6.02801,50.74788],[6.02915,50.75013],[6.01903,50.75487],[5.98307,50.75291],[5.97433,50.7552],[5.97321,50.75956],[5.96072,50.76243],[5.93095,50.75696],[5.91621,50.75041],[5.91364,50.75588],[5.90469,50.75527],[5.90178,50.75142],[5.89212,50.75525],[5.89036,50.75198],[5.89598,50.74541],[5.90683,50.74238],[5.91112,50.7352],[5.88239,50.71008],[5.86128,50.71743],[5.82312,50.71364],[5.81299,50.71549],[5.81076,50.72366],[5.80009,50.73215],[5.80213,50.73632],[5.77058,50.75136],[5.74889,50.74525],[5.74512,50.74888],[5.74688,50.75228],[5.73317,50.75508],[5.7311,50.75188],[5.72653,50.75237],[5.72545,50.74612],[5.72184,50.74559],[5.6895,50.75114],[5.68297,50.7548]],[[6.17055,50.65814],[6.16605,50.66198],[6.18671,50.66421],[6.19371,50.66335],[6.19605,50.65918],[6.18355,50.64756],[6.18125,50.64971],[6.18344,50.65204],[6.17055,50.65814]],[[6.1796,50.64514],[6.18319,50.64699],[6.18446,50.64174],[6.18616,50.64051],[6.18926,50.63948],[6.19638,50.64082],[6.20477,50.63915],[6.21939,50.64014],[6.22339,50.641],[6.22604,50.6432],[6.2273,50.64794],[6.23229,50.6488],[6.24576,50.64042],[6.26443,50.64259],[6.27356,50.62941],[6.26862,50.62572],[6.2608,50.62855],[6.23582,50.62579],[6.21706,50.63232],[6.20073,50.63139],[6.19431,50.63391],[6.18185,50.6238],[6.1758,50.62742],[6.18323,50.63224],[6.16686,50.64364],[6.1796,50.64514]],[[6.21244,50.55551],[6.20964,50.55376],[6.20736,50.54677],[6.19788,50.54034],[6.19806,50.53615],[6.17804,50.54161],[6.17845,50.55402],[6.17417,50.55647],[6.18933,50.5661],[6.20311,50.56929],[6.20627,50.5762],[6.21909,50.58138],[6.22519,50.59046],[6.2402,50.58718],[6.23465,50.56548],[6.22671,50.56233],[6.22541,50.55562],[6.21244,50.55551]],[[6.19615,50.53104],[6.19893,50.52741],[6.20596,50.52406],[6.20632,50.52115],[6.19198,50.5212],[6.18728,50.52709],[6.19615,50.53104]]]}},{"type":"Feature","properties":{"id":"BEL:ADM2:21686613B39201499637991","name":"Namen","countryCode":"BEL","adminLevel":2,"sourceCode":"21686613B39201499637991","parentId":"BEL:ADM1:BEL-3476"},"geometry":{"type":"Polygon","coordinates":[[[4.43275,49.94181],[4.44115,49.94108],[4.44553,49.93727],[4.48131,49.94812],[4.5113,49.94652],[4.51886,49.95165],[4.52341,49.95024],[4.541,49.96957],[4.56452,49.9704],[4.5722,49.97461],[4.57368,49.98003],[4.58178,49.98347],[4.63291,49.9871],[4.66727,49.99679],[4.69289,49.99547],[4.68506,50.007],[4.6888,50.01128],[4.6848,50.02718],[4.69688,50.04271],[4.69538,50.04752],[4.70013,50.05307],[4.69705,50.0591],[4.68616,50.05744],[4.67982,50.06783],[4.68875,50.07271],[4.69183,50.08351],[4.70213,50.09547],[4.71313,50.09697],[4.71602,50.10088],[4.75182,50.11191],[4.75348,50.11628],[4.748,50.12238],[4.75629,50.12244],[4.76227,50.13641],[4.80647,50.15255],[4.82501,50.16888],[4.82378,50.16172],[4.83239,50.15299],[4.87774,50.15363],[4.88193,50.14084],[4.89704,50.13791],[4.88692,50.13087],[4.87847,50.13178],[4.87849,50.12697],[4.87117,50.12489],[4.86722,50.11922],[4.87352,50.10737],[4.86691,50.09707],[4.87585,50.09452],[4.87235,50.08785],[4.86016,50.09303],[4.86175,50.09703],[4.85872,50.09995],[4.8486,50.10095],[4.84983,50.09874],[4.83831,50.09338],[4.84698,50.08358],[4.84048,50.08309],[4.84281,50.07772],[4.83792,50.06763],[4.81954,50.06621],[4.82205,50.06434],[4.8196,50.06056],[4.82928,50.05741],[4.82747,50.05],[4.8407,50.04633],[4.84182,50.03896],[4.81977,50.02585],[4.82262,50.02176],[4.81731,50.01534],[4.82144,50.01162],[4.81608,49.99956],[4.81945,49.99501],[4.80721,49.98401],[4.79368,49.9823],[4.79553,49.97623],[4.79023,49.969],[4.79104,49.95803],[4.83009,49.94908],[4.84718,49.94894],[4.85868,49.93198],[4.88156,49.92188],[4.88075,49.91639],[4.89008,49.90897],[4.87781,49.90461],[4.87641,49.90138],[4.88496,49.90199],[4.8875,49.89869],[4.87787,49.8946],[4.86943,49.88384],[4.87196,49.87972],[4.86356,49.87465],[4.86293,49.86719],[4.85441,49.8647],[4.84762,49.86799],[4.85065,49.86563],[4.85176,49.85263],[4.85746,49.84681],[4.85688,49.84134],[4.86727,49.8421],[4.86887,49.82299],[4.87628,49.81949],[4.86552,49.81329],[4.86263,49.80178],[4.85164,49.79345],[4.86367,49.78878],[4.87134,49.78934],[4.86995,49.79356],[4.87598,49.79363],[4.88789,49.78818],[4.89831,49.78906],[4.90514,49.78549],[4.92083,49.78869],[4.93061,49.78684],[4.93889,49.79315],[4.94286,49.79052],[4.94761,49.79904],[4.95706,49.80191],[4.96702,49.79819],[4.96944,49.81083],[4.98115,49.81645],[4.97733,49.81993],[4.98743,49.8204],[4.99052,49.8238],[4.98413,49.82698],[4.98533,49.83854],[4.9814,49.84284],[4.98786,49.84653],[4.98952,49.85292],[5.01208,49.85788],[5.02594,49.86511],[5.02655,49.87074],[5.0206,49.8729],[5.03574,49.87201],[5.05868,49.88336],[5.06272,49.88666],[5.04822,49.88825],[5.04962,49.89005],[5.04287,49.89238],[5.04683,49.89824],[5.05753,49.89712],[5.0637,49.90039],[5.07198,49.91249],[5.08118,49.91282],[5.09845,49.92049],[5.1196,49.92238],[5.11,49.92535],[5.09838,49.93694],[5.10263,49.94694],[5.10113,49.96123],[5.07906,49.96692],[5.06736,49.97383],[5.06674,49.98192],[5.05279,49.98351],[5.05078,49.98669],[5.04309,49.98122],[5.02919,49.97809],[5.00867,49.98134],[5.0065,49.98883],[5.01246,49.99236],[5.01265,49.99732],[4.99442,50.0071],[4.99692,50.01488],[4.99124,50.01583],[4.97299,50.02899],[4.97865,50.03078],[4.98838,50.02748],[4.99387,50.03143],[4.9975,50.04526],[5.0113,50.03815],[5.02542,50.0439],[5.02857,50.04979],[5.04174,50.05341],[5.0425,50.06209],[5.04677,50.06131],[5.05395,50.0667],[5.05464,50.07315],[5.04922,50.07789],[5.05835,50.07514],[5.06059,50.07773],[5.06072,50.08031],[5.05331,50.08234],[5.0528,50.08788],[5.06584,50.1231],[5.06887,50.123],[5.06614,50.11887],[5.06833,50.11749],[5.0604,50.10786],[5.07169,50.09335],[5.12258,50.09969],[5.13266,50.09884],[5.13658,50.09442],[5.15283,50.09431],[5.15838,50.10044],[5.1888,50.10041],[5.18848,50.09772],[5.19967,50.09989],[5.20026,50.09639],[5.22697,50.10235],[5.22672,50.10705],[5.23712,50.11025],[5.26287,50.10847],[5.26926,50.11184],[5.26816,50.11908],[5.25377,50.12846],[5.24735,50.1272],[5.24263,50.13427],[5.26524,50.14272],[5.27117,50.14032],[5.27353,50.1452],[5.28335,50.14786],[5.28188,50.15552],[5.2741,50.15604],[5.28087,50.15871],[5.27229,50.15925],[5.26621,50.1682],[5.24272,50.18727],[5.24945,50.19376],[5.2343,50.19554],[5.24613,50.20386],[5.23451,50.21],[5.2318,50.2149],[5.20648,50.21655],[5.22868,50.22779],[5.23438,50.22196],[5.25871,50.22729],[5.26167,50.23018],[5.26016,50.2328],[5.25192,50.23808],[5.27323,50.24262],[5.28321,50.24902],[5.29352,50.23932],[5.31212,50.24503],[5.33229,50.25509],[5.35876,50.2752],[5.37694,50.2782],[5.39482,50.28712],[5.39546,50.29416],[5.38877,50.298],[5.39394,50.29943],[5.39013,50.30689],[5.39274,50.3096],[5.3884,50.31613],[5.38102,50.31377],[5.36189,50.3176],[5.3475,50.30501],[5.34159,50.31133],[5.34242,50.31594],[5.3513,50.32147],[5.37696,50.32673],[5.39504,50.33543],[5.39648,50.34093],[5.386,50.34413],[5.38105,50.35028],[5.39942,50.36302],[5.40259,50.36781],[5.39756,50.36934],[5.40156,50.37358],[5.38255,50.38678],[5.36784,50.37989],[5.36143,50.38112],[5.36342,50.38505],[5.35177,50.38866],[5.29726,50.36493],[5.28111,50.37836],[5.27926,50.38919],[5.28685,50.39431],[5.27573,50.3944],[5.27454,50.39898],[5.26003,50.40341],[5.25392,50.40025],[5.23464,50.40385],[5.22125,50.41728],[5.2365,50.42588],[5.23282,50.43116],[5.23665,50.43822],[5.23004,50.44412],[5.22297,50.44431],[5.21017,50.45915],[5.19897,50.47879],[5.17994,50.47594],[5.17229,50.46941],[5.1639,50.46761],[5.14964,50.48247],[5.15957,50.48716],[5.15726,50.48951],[5.1393,50.48669],[5.13293,50.49045],[5.13425,50.49635],[5.12923,50.50277],[5.14484,50.50865],[5.14234,50.51209],[5.11528,50.50381],[5.10123,50.50883],[5.09482,50.51513],[5.09773,50.51666],[5.09401,50.51854],[5.09785,50.52002],[5.08978,50.52571],[5.0947,50.52601],[5.09289,50.52938],[5.03426,50.53175],[5.03832,50.53712],[5.0542,50.5411],[5.04657,50.55108],[5.05104,50.55536],[5.04437,50.55763],[5.04851,50.5607],[5.03341,50.57068],[5.02969,50.57929],[5.03434,50.58226],[5.02761,50.5845],[5.02848,50.58881],[5.00135,50.59868],[4.9992,50.60016],[4.99979,50.6057],[5.00293,50.60682],[5.00072,50.61007],[4.97953,50.61852],[4.98798,50.62593],[4.98206,50.63462],[4.98989,50.63677],[4.98332,50.64223],[4.97893,50.63953],[4.96653,50.64812],[4.95669,50.64507],[4.95353,50.64786],[4.94115,50.64337],[4.9411,50.63597],[4.92937,50.62744],[4.91464,50.62585],[4.90017,50.62894],[4.89774,50.628],[4.90153,50.62264],[4.86166,50.61755],[4.8389,50.60974],[4.81699,50.60933],[4.80049,50.60252],[4.79965,50.60455],[4.78659,50.60181],[4.79609,50.59189],[4.7912,50.58972],[4.78677,50.59832],[4.77965,50.60107],[4.76619,50.59976],[4.7432,50.58887],[4.74658,50.59244],[4.74028,50.59776],[4.74549,50.60069],[4.74355,50.60373],[4.73676,50.60531],[4.73866,50.60886],[4.73118,50.60838],[4.72726,50.61143],[4.70707,50.60413],[4.71198,50.60109],[4.7099,50.59973],[4.71198,50.59624],[4.70477,50.59422],[4.69716,50.59922],[4.67843,50.60272],[4.6725,50.6083],[4.66024,50.60445],[4.65583,50.59536],[4.65708,50.58586],[4.66181,50.57694],[4.67344,50.57116],[4.66863,50.56575],[4.64462,50.56019],[4.64189,50.565],[4.63744,50.56266],[4.63373,50.56621],[4.62196,50.56165],[4.61792,50.56969],[4.61111,50.56751],[4.60226,50.56935],[4.58912,50.56242],[4.57498,50.5608],[4.5805,50.53022],[4.57398,50.52125],[4.56575,50.51956],[4.56252,50.50824],[4.55723,50.50569],[4.55946,50.49962],[4.56433,50.49689],[4.55968,50.49322],[4.56205,50.48936],[4.579,50.49958],[4.58546,50.49567],[4.59385,50.49927],[4.58636,50.49371],[4.59021,50.49082],[4.58741,50.48985],[4.60053,50.47685],[4.59483,50.46738],[4.58714,50.46304],[4.58879,50.45751],[4.58486,50.45437],[4.57309,50.45404],[4.58405,50.44582],[4.5817,50.44222],[4.57251,50.44186],[4.57798,50.43789],[4.58391,50.43849],[4.5825,50.43166],[4.58938,50.43284],[4.60482,50.42652],[4.61352,50.43027],[4.61708,50.42487],[4.61045,50.42189],[4.60365,50.40288],[4.59439,50.40185],[4.59392,50.39842],[4.58401,50.39811],[4.60596,50.38612],[4.60584,50.38273],[4.5918,50.37963],[4.59531,50.3771],[4.59426,50.37212],[4.58637,50.36711],[4.58205,50.35817],[4.58909,50.34976],[4.58261,50.34196],[4.59377,50.3399],[4.594,50.32632],[4.58887,50.32339],[4.59131,50.32235],[4.56465,50.32285],[4.51759,50.3146],[4.51788,50.31857],[4.50528,50.32162],[4.50794,50.32507],[4.50459,50.32897],[4.47489,50.32755],[4.47086,50.31878],[4.46345,50.31355],[4.46602,50.31033],[4.45694,50.30481],[4.43478,50.30753],[4.43185,50.31028],[4.41906,50.30556],[4.40229,50.31111],[4.40018,50.30994],[4.40458,50.30467],[4.39872,50.29695],[4.38666,50.29009],[4.36943,50.29208],[4.36852,50.28513],[4.36129,50.28313],[4.36247,50.27947],[4.3581,50.27526],[4.35094,50.2783],[4.34135,50.27868],[4.33745,50.27486],[4.33783,50.27771],[4.32849,50.27756],[4.3268,50.27233],[4.31679,50.27241],[4.32033,50.26896],[4.31855,50.26782],[4.30955,50.26996],[4.30591,50.26475],[4.29617,50.26294],[4.28685,50.25578],[4.28964,50.25369],[4.28595,50.24992],[4.29318,50.25026],[4.2954,50.24524],[4.30835,50.24182],[4.30923,50.23797],[4.34508,50.22733],[4.36674,50.2434],[4.37934,50.23847],[4.38707,50.23929],[4.38882,50.2339],[4.40164,50.23227],[4.39429,50.22127],[4.39887,50.21337],[4.39125,50.21164],[4.39266,50.2025],[4.38906,50.20009],[4.3925,50.19788],[4.39074,50.19435],[4.39573,50.19325],[4.39742,50.18507],[4.39301,50.18093],[4.36157,50.17068],[4.36533,50.15721],[4.3756,50.15688],[4.376,50.153],[4.38496,50.15037],[4.38859,50.14283],[4.38443,50.13588],[4.401,50.12294],[4.38577,50.10832],[4.39407,50.08117],[4.39019,50.06722],[4.39557,50.05756],[4.38972,50.05125],[4.39364,50.04769],[4.40045,50.05105],[4.40158,50.04808],[4.40604,50.0496],[4.40916,50.04512],[4.40634,50.03695],[4.40859,50.03725],[4.4152,50.01221],[4.41331,49.99882],[4.42327,49.98328],[4.43603,49.97101],[4.44549,49.95375],[4.43275,49.94181]]]}},{"type":"Feature","properties":{"id":"BEL:ADM2:21686613B39448605328026","name":"West-Vlaanderen","countryCode":"BEL","adminLevel":2,"sourceCode":"21686613B39448605328026","parentId":"BEL:ADM1:BEL-3479"},"geometry":{"type":"Polygon","coordinates":[[[3.2276,51.33987],[3.36716,51.36814],[3.37495,51.35896],[3.37405,51.34859],[3.38354,51.34124],[3.38533,51.3342],[3.35835,51.31502],[3.37768,51.30257],[3.36601,51.29742],[3.38087,51.28688],[3.38194,51.28194],[3.37529,51.27852],[3.38449,51.27041],[3.38358,51.26698],[3.39526,51.25234],[3.3992,51.23726],[3.36686,51.22741],[3.37054,51.22079],[3.37662,51.22131],[3.38531,51.20313],[3.37767,51.19699],[3.36485,51.19664],[3.36628,51.19344],[3.36042,51.19192],[3.36533,51.18686],[3.37468,51.19052],[3.38661,51.18738],[3.38768,51.18131],[3.40659,51.15965],[3.41092,51.15989],[3.40122,51.15182],[3.40539,51.14678],[3.40203,51.147],[3.39051,51.13142],[3.37963,51.12775],[3.38153,51.12428],[3.37453,51.11939],[3.37607,51.11796],[3.35524,51.11229],[3.35024,51.10648],[3.34133,51.10507],[3.33129,51.09888],[3.37153,51.08463],[3.39227,51.07256],[3.39074,51.07016],[3.39352,51.06829],[3.41974,51.06269],[3.41965,51.05557],[3.43484,51.05427],[3.446,51.04731],[3.43703,51.03897],[3.4227,51.03855],[3.43156,51.03205],[3.43136,51.02737],[3.44712,51.01566],[3.44731,51.00998],[3.4526,51.00564],[3.44497,50.99899],[3.45046,50.99462],[3.4335,50.98886],[3.43355,50.9844],[3.42626,50.98093],[3.42647,50.9763],[3.43264,50.9706],[3.44419,50.96669],[3.41336,50.95831],[3.41509,50.95349],[3.422,50.94894],[3.42571,50.95054],[3.43175,50.94729],[3.44459,50.95212],[3.45279,50.94782],[3.45438,50.94954],[3.46151,50.94345],[3.43766,50.94123],[3.44217,50.93716],[3.45603,50.93721],[3.45313,50.92898],[3.4412,50.92967],[3.43355,50.93348],[3.42434,50.93004],[3.42438,50.92636],[3.43381,50.91801],[3.42725,50.91577],[3.42699,50.91187],[3.41969,50.9108],[3.41553,50.90439],[3.4313,50.89695],[3.44518,50.9006],[3.45306,50.90756],[3.45998,50.90754],[3.47652,50.8958],[3.47078,50.88968],[3.4745,50.8828],[3.46965,50.87661],[3.46441,50.87438],[3.45712,50.87609],[3.45648,50.8682],[3.45158,50.86738],[3.46217,50.86097],[3.46519,50.86209],[3.4687,50.85357],[3.48059,50.85783],[3.48906,50.85421],[3.49233,50.84629],[3.50323,50.84119],[3.49958,50.83821],[3.51203,50.83479],[3.51301,50.83067],[3.50462,50.82686],[3.49983,50.82796],[3.49869,50.82447],[3.507,50.8242],[3.50554,50.82127],[3.50902,50.81489],[3.52367,50.80499],[3.51677,50.79619],[3.49726,50.79182],[3.48264,50.77906],[3.45972,50.76597],[3.45528,50.77127],[3.45376,50.76529],[3.45754,50.7635],[3.45424,50.75847],[3.43854,50.75859],[3.43549,50.75657],[3.43931,50.75532],[3.43707,50.75431],[3.43136,50.75647],[3.4335,50.74853],[3.40542,50.7463],[3.40391,50.73918],[3.39867,50.73594],[3.3992,50.73189],[3.36966,50.72637],[3.36075,50.71385],[3.36072,50.70949],[3.32383,50.7222],[3.32904,50.73101],[3.30564,50.7547],[3.29194,50.74937],[3.2841,50.75194],[3.26458,50.75064],[3.24805,50.75748],[3.24051,50.75648],[3.2275,50.76509],[3.22048,50.76591],[3.191,50.75554],[3.18536,50.7587],[3.18102,50.75522],[3.17134,50.75865],[3.17137,50.76235],[3.15092,50.78365],[3.15296,50.78559],[3.15057,50.79013],[3.12491,50.78644],[3.1142,50.7945],[3.10979,50.79288],[3.10536,50.78238],[3.08794,50.77308],[3.08007,50.77308],[3.05892,50.78075],[3.04086,50.77596],[3.03361,50.76983],[3.02435,50.77086],[3.0189,50.77369],[3.02943,50.78033],[3.01314,50.78365],[3.01465,50.79002],[3.00893,50.79659],[3.0151,50.80268],[3.01157,50.8075],[3.00007,50.81078],[2.96532,50.80178],[2.96026,50.79781],[2.93723,50.79367],[2.94666,50.79114],[2.95782,50.78221],[2.95995,50.77348],[2.945,50.77212],[2.91877,50.76395],[2.92213,50.75731],[2.8883,50.7533],[2.87863,50.76159],[2.87609,50.7612],[2.87774,50.75431],[2.87057,50.75461],[2.86949,50.75992],[2.85467,50.75765],[2.84215,50.7514],[2.8527,50.74044],[2.84225,50.73556],[2.8696,50.71311],[2.86319,50.70828],[2.84803,50.72303],[2.81926,50.7156],[2.81095,50.71747],[2.78969,50.72608],[2.79028,50.73159],[2.78159,50.74336],[2.7829,50.75149],[2.76601,50.75456],[2.76143,50.75926],[2.76304,50.76287],[2.75639,50.7627],[2.76194,50.77102],[2.75276,50.7776],[2.7384,50.78035],[2.72941,50.79211],[2.72597,50.79233],[2.72095,50.80227],[2.72587,50.80906],[2.72393,50.81067],[2.71311,50.81541],[2.67892,50.81345],[2.66922,50.82272],[2.65577,50.81347],[2.63515,50.81295],[2.62543,50.8367],[2.61652,50.8395],[2.61668,50.84802],[2.61132,50.85032],[2.5991,50.84888],[2.59906,50.85307],[2.61217,50.86352],[2.61289,50.86752],[2.60614,50.87403],[2.61029,50.88011],[2.60437,50.88618],[2.60933,50.89448],[2.604,50.90468],[2.60797,50.91008],[2.60372,50.91662],[2.59436,50.91439],[2.59016,50.91886],[2.61774,50.93477],[2.61789,50.94144],[2.63018,50.94329],[2.63276,50.9463],[2.61938,50.96741],[2.61081,50.97372],[2.60919,50.98145],[2.60647,50.98196],[2.61002,50.98541],[2.60713,50.99118],[2.59274,50.9931],[2.57397,51.00331],[2.57539,51.00618],[2.57111,51.01056],[2.57599,51.01392],[2.5621,51.05845],[2.56294,51.06465],[2.54543,51.08906],[2.64941,51.12902],[2.68175,51.13678],[2.72131,51.15339],[2.75889,51.16484],[2.90169,51.22641],[2.91698,51.23556],[2.92268,51.23498],[2.92446,51.23799],[2.98367,51.25884],[3.0502,51.28703],[3.07526,51.30116],[3.11044,51.31319],[3.10942,51.31509],[3.11286,51.31281],[3.13752,51.31945],[3.13594,51.32168],[3.14014,51.31993],[3.18129,51.33062],[3.17576,51.33999],[3.22675,51.35034],[3.2276,51.33987]]]}},{"type":"Feature","properties":{"id":"BEL:ADM2:21686613B67770072661487","name":"Limburg","countryCode":"BEL","adminLevel":2,"sourceCode":"21686613B67770072661487","parentId":"BEL:ADM1:BEL-3"},"geometry":{"type":"MultiPolygon","coordinates":[[[[5.77863,50.77762],[5.7774,50.78296],[5.76578,50.78251],[5.74508,50.76877],[5.73901,50.75702],[5.7304,50.75731],[5.72024,50.76473],[5.71556,50.75991],[5.70251,50.75885],[5.69891,50.75525],[5.68203,50.75745],[5.6895,50.75114],[5.72184,50.74559],[5.72545,50.74612],[5.72653,50.75237],[5.7311,50.75188],[5.73317,50.75508],[5.74688,50.75228],[5.74512,50.74888],[5.74889,50.74525],[5.77058,50.75136],[5.80213,50.73632],[5.80009,50.73215],[5.81076,50.72366],[5.81299,50.71549],[5.82081,50.71361],[5.86128,50.71743],[5.88239,50.71008],[5.91112,50.7352],[5.90683,50.74238],[5.89711,50.74449],[5.89122,50.75045],[5.88695,50.76992],[5.86279,50.76324],[5.84892,50.75341],[5.84494,50.76541],[5.83066,50.75858],[5.80811,50.75598],[5.79323,50.77017],[5.78454,50.76723],[5.77863,50.77762]]],[[[4.98157,51.03489],[4.98032,51.0322],[4.98403,51.03084],[5.00949,51.03896],[5.02223,51.01986],[5.04384,51.02461],[5.05595,51.02187],[5.05836,51.01566],[5.08315,51.02424],[5.08233,51.02834],[5.07933,51.02738],[5.07976,51.04781],[5.11678,51.04961],[5.1597,51.02415],[5.131,51.01521],[5.12389,51.01967],[5.1288,51.02204],[5.12742,51.02452],[5.11536,51.01904],[5.12544,50.9977],[5.11377,50.99833],[5.09469,50.98848],[5.08204,50.98625],[5.08324,50.98423],[5.07845,50.9817],[5.08457,50.97062],[5.07599,50.95935],[5.05839,50.9542],[5.05219,50.94546],[5.04159,50.94273],[5.05214,50.92194],[5.06375,50.91635],[5.07827,50.92184],[5.0921,50.90911],[5.10262,50.91476],[5.13253,50.92161],[5.13487,50.91412],[5.1572,50.91167],[5.16968,50.91363],[5.18419,50.90783],[5.18794,50.9027],[5.18561,50.88876],[5.1792,50.88613],[5.17823,50.87771],[5.16965,50.87233],[5.15507,50.87951],[5.15446,50.86462],[5.1485,50.86049],[5.14871,50.85362],[5.13691,50.84813],[5.14459,50.84525],[5.13569,50.83489],[5.13458,50.82981],[5.13811,50.825],[5.13221,50.82038],[5.13048,50.81458],[5.14275,50.80905],[5.14966,50.81193],[5.15213,50.8096],[5.13262,50.79213],[5.117,50.79263],[5.10856,50.78333],[5.1068,50.77907],[5.1169,50.76426],[5.10427,50.75116],[5.10182,50.74086],[5.1066,50.74182],[5.12101,50.73577],[5.11041,50.72242],[5.1074,50.72277],[5.10902,50.72038],[5.10472,50.71354],[5.10681,50.71278],[5.10185,50.70865],[5.12089,50.7081],[5.14868,50.69547],[5.15623,50.69837],[5.16484,50.69553],[5.18085,50.70486],[5.17519,50.71455],[5.16763,50.71552],[5.17037,50.72259],[5.17463,50.72105],[5.17691,50.72347],[5.19432,50.71668],[5.2068,50.72097],[5.22418,50.72062],[5.22725,50.71744],[5.23209,50.719],[5.23688,50.72714],[5.24112,50.71677],[5.2575,50.71517],[5.26477,50.71761],[5.26995,50.72565],[5.27631,50.72861],[5.29605,50.72337],[5.30387,50.71597],[5.30986,50.71926],[5.30799,50.72385],[5.3138,50.72925],[5.33361,50.73533],[5.35039,50.74632],[5.37003,50.74667],[5.37612,50.74205],[5.38954,50.74792],[5.39397,50.73498],[5.40153,50.7351],[5.40236,50.72798],[5.42026,50.71892],[5.42808,50.72322],[5.43227,50.71821],[5.43547,50.72214],[5.45326,50.72093],[5.45486,50.72676],[5.46304,50.73061],[5.46182,50.73882],[5.467,50.73914],[5.47562,50.73352],[5.4741,50.7261],[5.47867,50.72358],[5.52431,50.74263],[5.51932,50.74733],[5.52219,50.75849],[5.54697,50.75853],[5.55291,50.76396],[5.57,50.76419],[5.57429,50.77182],[5.58014,50.7733],[5.59173,50.77013],[5.59229,50.77381],[5.60598,50.77711],[5.61017,50.77517],[5.60638,50.77903],[5.61576,50.78426],[5.62686,50.7823],[5.63821,50.7872],[5.64663,50.79355],[5.65307,50.80556],[5.6681,50.80467],[5.67305,50.80776],[5.67389,50.80516],[5.68734,50.80426],[5.68766,50.81192],[5.6803,50.81226],[5.67823,50.81651],[5.65481,50.81967],[5.65617,50.82427],[5.6488,50.8267],[5.65103,50.83283],[5.64355,50.83793],[5.64533,50.8394],[5.63892,50.84699],[5.64255,50.85009],[5.64023,50.8538],[5.64386,50.86289],[5.64144,50.8642],[5.64943,50.86834],[5.64408,50.87139],[5.67053,50.88181],[5.67875,50.88047],[5.68098,50.88683],[5.69571,50.89822],[5.69835,50.90995],[5.72298,50.90964],[5.72748,50.92409],[5.74141,50.93586],[5.7468,50.94705],[5.7582,50.95122],[5.75716,50.95605],[5.74895,50.9608],[5.72929,50.9552],[5.72169,50.95775],[5.72067,50.9623],[5.73743,50.9787],[5.74862,50.98201],[5.76699,50.99911],[5.76675,51.0112],[5.77624,51.02383],[5.75819,51.0334],[5.77134,51.05081],[5.77335,51.06232],[5.79233,51.05869],[5.80021,51.06134],[5.79655,51.07221],[5.80473,51.07889],[5.79597,51.09123],[5.80919,51.09607],[5.82365,51.0924],[5.83241,51.09797],[5.83306,51.10334],[5.82861,51.10693],[5.80979,51.10978],[5.80777,51.11391],[5.81002,51.11822],[5.82567,51.12948],[5.84088,51.13105],[5.84576,51.14038],[5.85569,51.14462],[5.83635,51.15353],[5.83871,51.15704],[5.82428,51.16775],[5.81537,51.15898],[5.80487,51.16285],[5.79871,51.15767],[5.77772,51.1513],[5.77485,51.15466],[5.77931,51.16342],[5.7704,51.16423],[5.76952,51.16918],[5.77963,51.17179],[5.773,51.17342],[5.77673,51.17845],[5.74876,51.18875],[5.73981,51.18497],[5.7177,51.18438],[5.70936,51.18038],[5.68948,51.1854],[5.67664,51.18273],[5.67113,51.1858],[5.65812,51.18474],[5.64992,51.19365],[5.65408,51.19427],[5.65287,51.19766],[5.56044,51.22232],[5.55493,51.24451],[5.55648,51.2663],[5.53236,51.2792],[5.51572,51.29516],[5.48309,51.30023],[5.47694,51.29152],[5.46494,51.28464],[5.44178,51.28213],[5.43833,51.27606],[5.43355,51.27641],[5.41734,51.26226],[5.34612,51.2758],[5.34271,51.26588],[5.33636,51.26314],[5.29595,51.26158],[5.26304,51.26689],[5.23762,51.26153],[5.21609,51.24704],[5.2145,51.22081],[5.21714,51.21138],[5.23872,51.20128],[5.26025,51.1837],[5.261,51.14697],[5.25668,51.14718],[5.23531,51.13277],[5.2221,51.13916],[5.20486,51.13982],[5.20321,51.12935],[5.1981,51.12376],[5.18181,51.11822],[5.1319,51.11779],[5.12667,51.10822],[5.10308,51.09649],[5.09497,51.08541],[5.03506,51.07391],[5.01142,51.07448],[5.00867,51.05741],[4.99706,51.05617],[4.98157,51.03489]]]]}},{"type":"Feature","properties":{"id":"BEL:ADM2:21686613B69139919320544","name":"Waals-Brabant","countryCode":"BEL","adminLevel":2,"sourceCode":"21686613B69139919320544","parentId":"BEL:ADM1:BEL-3482"},"geometry":{"type":"Polygon","coordinates":[[[4.57753,50.54228],[4.57498,50.5608],[4.58912,50.56242],[4.60226,50.56935],[4.61111,50.56751],[4.61792,50.56969],[4.62196,50.56165],[4.63373,50.56621],[4.63744,50.56266],[4.64189,50.565],[4.64462,50.56019],[4.66863,50.56575],[4.67344,50.57116],[4.66181,50.57694],[4.65583,50.59536],[4.65731,50.60247],[4.6725,50.6083],[4.67843,50.60272],[4.69716,50.59922],[4.70477,50.59422],[4.71198,50.59624],[4.7099,50.59973],[4.71198,50.60109],[4.70707,50.60413],[4.71381,50.60828],[4.73426,50.61052],[4.73866,50.60886],[4.73676,50.60531],[4.74549,50.60069],[4.74028,50.59776],[4.74658,50.59244],[4.7432,50.58887],[4.76619,50.59976],[4.77965,50.60107],[4.78677,50.59832],[4.7912,50.58972],[4.79609,50.59189],[4.78659,50.60181],[4.79965,50.60455],[4.80049,50.60252],[4.81699,50.60933],[4.8389,50.60974],[4.86166,50.61755],[4.90153,50.62264],[4.89774,50.628],[4.90017,50.62894],[4.91464,50.62585],[4.92937,50.62744],[4.9411,50.63597],[4.94115,50.64337],[4.95353,50.64786],[4.95669,50.64507],[4.96653,50.64812],[4.97893,50.63953],[4.98814,50.64546],[4.99004,50.65583],[5.00256,50.665],[4.99652,50.67147],[4.99937,50.67531],[4.9974,50.68371],[5.00258,50.69593],[5.01725,50.70217],[5.00963,50.70715],[5.00996,50.7119],[4.99457,50.71732],[4.9976,50.72146],[4.99256,50.72371],[4.99715,50.72799],[5.00752,50.72901],[5.00871,50.73311],[5.01281,50.73056],[5.01703,50.73289],[5.01655,50.74366],[5.0197,50.75097],[5.00519,50.76565],[4.98164,50.76986],[4.97865,50.76599],[4.96856,50.76725],[4.96934,50.76251],[4.95352,50.75516],[4.95414,50.75103],[4.92979,50.74757],[4.9255,50.74271],[4.91571,50.74931],[4.90573,50.74919],[4.91115,50.75578],[4.90253,50.76048],[4.90818,50.76942],[4.90001,50.76838],[4.89843,50.77352],[4.88548,50.76278],[4.87675,50.7668],[4.86101,50.76391],[4.84657,50.76792],[4.83516,50.76276],[4.83108,50.77047],[4.83848,50.7729],[4.83518,50.77629],[4.81234,50.7763],[4.80744,50.7864],[4.79148,50.79869],[4.76714,50.8043],[4.76206,50.80255],[4.76009,50.80671],[4.74861,50.80735],[4.73909,50.80441],[4.73996,50.80218],[4.73612,50.80029],[4.72506,50.80242],[4.72761,50.79773],[4.71555,50.78894],[4.71082,50.79609],[4.7031,50.79047],[4.69149,50.78804],[4.69125,50.7918],[4.68721,50.791],[4.68527,50.79512],[4.68458,50.79282],[4.67442,50.7955],[4.67335,50.79198],[4.66691,50.79209],[4.64227,50.79922],[4.64691,50.78575],[4.63633,50.77235],[4.64166,50.76919],[4.64743,50.75901],[4.65406,50.7591],[4.65521,50.75503],[4.65126,50.75557],[4.65306,50.75257],[4.64777,50.75215],[4.64357,50.74597],[4.63862,50.74626],[4.63451,50.7426],[4.6192,50.74413],[4.60484,50.74112],[4.59857,50.74575],[4.60099,50.75573],[4.5959,50.76379],[4.57874,50.75746],[4.58106,50.75418],[4.57529,50.74745],[4.56536,50.74844],[4.5619,50.74406],[4.55637,50.74879],[4.53425,50.7391],[4.52979,50.74085],[4.52497,50.7384],[4.53233,50.73367],[4.53167,50.73132],[4.52334,50.72736],[4.50937,50.73108],[4.51262,50.73296],[4.50036,50.73841],[4.50225,50.74351],[4.49507,50.7404],[4.49179,50.74326],[4.50154,50.75375],[4.49419,50.75708],[4.48558,50.75147],[4.48288,50.75395],[4.47121,50.75169],[4.46333,50.75498],[4.4242,50.73585],[4.39581,50.73513],[4.37178,50.7295],[4.37272,50.71623],[4.35155,50.71506],[4.34006,50.73193],[4.3344,50.73439],[4.32854,50.72882],[4.32382,50.72892],[4.32376,50.72361],[4.33371,50.72799],[4.33063,50.72043],[4.33478,50.71545],[4.32825,50.71851],[4.32661,50.71514],[4.32379,50.71971],[4.31388,50.72028],[4.30827,50.70646],[4.31146,50.70322],[4.29028,50.69404],[4.27463,50.70017],[4.26155,50.7004],[4.24667,50.68936],[4.24002,50.69081],[4.23157,50.69861],[4.20954,50.70785],[4.18209,50.70665],[4.17236,50.72149],[4.15647,50.72911],[4.15242,50.72866],[4.15817,50.72738],[4.15284,50.72475],[4.14223,50.7288],[4.14131,50.72319],[4.13433,50.71607],[4.11698,50.71273],[4.10873,50.71605],[4.09755,50.70804],[4.10047,50.70595],[4.11112,50.70959],[4.11352,50.70534],[4.09205,50.70123],[4.09964,50.69229],[4.09461,50.67985],[4.09732,50.67665],[4.09121,50.66947],[4.09489,50.66606],[4.09763,50.66764],[4.10031,50.66293],[4.09764,50.65251],[4.09361,50.65569],[4.09162,50.65357],[4.10606,50.63245],[4.11726,50.63474],[4.13286,50.62929],[4.14083,50.63173],[4.17531,50.66196],[4.18213,50.66223],[4.20442,50.64705],[4.19693,50.6348],[4.2002,50.63192],[4.19971,50.62523],[4.23042,50.62485],[4.25374,50.61588],[4.24556,50.61228],[4.25134,50.60097],[4.24721,50.59612],[4.26078,50.59286],[4.27482,50.59582],[4.27529,50.59248],[4.28065,50.59146],[4.28499,50.58548],[4.29918,50.577],[4.29704,50.57606],[4.30457,50.56703],[4.33437,50.56901],[4.33633,50.5669],[4.33081,50.56023],[4.33479,50.55511],[4.32527,50.54915],[4.33183,50.54328],[4.34484,50.54848],[4.34237,50.55268],[4.35746,50.55618],[4.35894,50.55927],[4.35649,50.56148],[4.35895,50.56294],[4.37666,50.55921],[4.38247,50.56399],[4.40004,50.56236],[4.4113,50.56469],[4.41722,50.56457],[4.42187,50.5584],[4.44414,50.55992],[4.44971,50.55442],[4.4707,50.55868],[4.47199,50.55375],[4.47502,50.55507],[4.47822,50.55115],[4.46581,50.54647],[4.46801,50.53772],[4.46352,50.53159],[4.46749,50.52778],[4.47592,50.53664],[4.4841,50.53373],[4.49058,50.53809],[4.50354,50.53971],[4.5026,50.52824],[4.5127,50.52542],[4.57753,50.54228]]]}},{"type":"Feature","properties":{"id":"BEL:ADM2:21686613B73119179556728","name":"Henegouwen","countryCode":"BEL","adminLevel":2,"sourceCode":"21686613B73119179556728","parentId":"BEL:ADM1:BEL-2"},"geometry":{"type":"MultiPolygon","coordinates":[[[[3.89573,50.73295],[3.8927,50.73503],[3.8977,50.73854],[3.87991,50.75155],[3.86622,50.74803],[3.85744,50.75166],[3.85795,50.74753],[3.85203,50.74864],[3.83849,50.74148],[3.81876,50.74467],[3.81538,50.75072],[3.77535,50.74773],[3.77264,50.75413],[3.76093,50.76161],[3.75336,50.77127],[3.75843,50.78039],[3.7484,50.7744],[3.74223,50.77517],[3.73795,50.7706],[3.71485,50.76742],[3.71134,50.77083],[3.71435,50.7734],[3.70903,50.77471],[3.71338,50.78025],[3.71027,50.78186],[3.69665,50.77352],[3.67799,50.77237],[3.67525,50.7686],[3.67728,50.76707],[3.66949,50.76389],[3.67299,50.75879],[3.66729,50.75448],[3.6595,50.75423],[3.6588,50.74685],[3.64214,50.73799],[3.64045,50.72229],[3.63078,50.72096],[3.6206,50.724],[3.61025,50.73234],[3.56839,50.72811],[3.55931,50.73416],[3.54115,50.73307],[3.54771,50.74728],[3.53869,50.75741],[3.53889,50.76425],[3.49235,50.75767],[3.47822,50.75918],[3.4814,50.76148],[3.46662,50.7647],[3.45952,50.76172],[3.45528,50.77127],[3.45376,50.76529],[3.45754,50.7635],[3.45424,50.75847],[3.43854,50.75859],[3.43549,50.75657],[3.43931,50.75532],[3.43707,50.75431],[3.43136,50.75647],[3.4335,50.74853],[3.40542,50.7463],[3.40391,50.73918],[3.39867,50.73594],[3.3992,50.73189],[3.36966,50.72637],[3.36075,50.71385],[3.36072,50.70949],[3.32383,50.7222],[3.32904,50.73101],[3.30564,50.7547],[3.29194,50.74937],[3.2841,50.75194],[3.26458,50.75064],[3.24805,50.75748],[3.24051,50.75648],[3.2275,50.76509],[3.22048,50.76591],[3.191,50.75554],[3.18536,50.7587],[3.18102,50.75522],[3.1771,50.75624],[3.18598,50.74754],[3.188,50.74011],[3.19973,50.73499],[3.19142,50.72468],[3.20958,50.71744],[3.20879,50.71311],[3.20486,50.71207],[3.21108,50.71328],[3.22021,50.70995],[3.22744,50.71302],[3.24532,50.71303],[3.25081,50.70529],[3.26106,50.7013],[3.2585,50.696],[3.26141,50.69197],[3.25294,50.68966],[3.26528,50.677],[3.24118,50.6688],[3.24011,50.65857],[3.24941,50.64724],[3.24411,50.64067],[3.2591,50.6298],[3.25518,50.62272],[3.27006,50.61179],[3.27112,50.60617],[3.27477,50.60477],[3.27432,50.59703],[3.27951,50.59595],[3.27569,50.58165],[3.28208,50.57513],[3.27848,50.57283],[3.27779,50.5644],[3.28516,50.56167],[3.27592,50.55853],[3.28234,50.55214],[3.27796,50.55183],[3.2816,50.54363],[3.27894,50.53849],[3.28705,50.53191],[3.2885,50.52594],[3.32058,50.51866],[3.32968,50.50808],[3.36147,50.50403],[3.37709,50.49107],[3.39199,50.4986],[3.39599,50.49611],[3.42898,50.50474],[3.43544,50.50991],[3.44898,50.50663],[3.45378,50.5192],[3.47415,50.53369],[3.49136,50.52767],[3.50385,50.5299],[3.51982,50.52365],[3.51612,50.51293],[3.50374,50.50697],[3.49612,50.49886],[3.50065,50.48673],[3.52334,50.49544],[3.53916,50.49432],[3.56844,50.50088],[3.58535,50.49054],[3.60804,50.49696],[3.61898,50.48682],[3.63256,50.47998],[3.63009,50.47915],[3.6349,50.47165],[3.64468,50.46242],[3.65357,50.46344],[3.66263,50.45614],[3.66417,50.45235],[3.65844,50.44679],[3.6698,50.43726],[3.66888,50.4231],[3.67227,50.42219],[3.67004,50.41771],[3.6749,50.40227],[3.67375,50.38866],[3.65822,50.37356],[3.65735,50.36852],[3.66454,50.36552],[3.66721,50.36089],[3.66469,50.34767],[3.6774,50.3403],[3.67291,50.33482],[3.68488,50.32497],[3.69387,50.32182],[3.69265,50.31879],[3.684,50.32013],[3.69513,50.31682],[3.69449,50.31306],[3.70203,50.31096],[3.71025,50.30323],[3.72003,50.30502],[3.71544,50.30648],[3.71529,50.31263],[3.71016,50.31394],[3.71006,50.31954],[3.7203,50.31589],[3.72123,50.31131],[3.73185,50.31151],[3.72742,50.3153],[3.73248,50.32147],[3.72953,50.32437],[3.72996,50.3304],[3.734,50.32995],[3.73417,50.33492],[3.7371,50.33609],[3.73312,50.33835],[3.7386,50.34126],[3.73373,50.34277],[3.74224,50.34892],[3.74685,50.34828],[3.74716,50.35108],[3.76334,50.34804],[3.76663,50.35314],[3.7989,50.35091],[3.8063,50.35533],[3.81406,50.35319],[3.81534,50.3497],[3.81154,50.34497],[3.81536,50.3449],[3.82349,50.3471],[3.82439,50.35346],[3.84736,50.35293],[3.85641,50.34876],[3.85724,50.34221],[3.8623,50.34374],[3.87541,50.33759],[3.88714,50.3409],[3.88625,50.33623],[3.88958,50.33669],[3.89046,50.32981],[3.8856,50.32701],[3.90056,50.32701],[3.96823,50.35003],[3.96553,50.34146],[3.97064,50.34304],[3.97277,50.34781],[3.98566,50.342],[3.99393,50.34861],[4.01789,50.35238],[4.01553,50.3537],[4.01733,50.35611],[4.02418,50.35912],[4.03237,50.35362],[4.03609,50.34357],[4.0441,50.33945],[4.05408,50.3392],[4.05503,50.33253],[4.06509,50.3306],[4.07788,50.32094],[4.07904,50.30962],[4.09726,50.31356],[4.10957,50.30178],[4.11773,50.30365],[4.12568,50.28841],[4.12514,50.28042],[4.12178,50.27769],[4.12397,50.27275],[4.13621,50.27459],[4.13347,50.26662],[4.1387,50.26329],[4.13545,50.25745],[4.15399,50.25635],[4.16794,50.25983],[4.16871,50.26649],[4.16336,50.27183],[4.14923,50.27581],[4.15532,50.28046],[4.15429,50.28508],[4.16101,50.2849],[4.16258,50.2888],[4.16994,50.28799],[4.16898,50.28462],[4.17637,50.28453],[4.17455,50.27837],[4.17668,50.27505],[4.20807,50.27296],[4.22123,50.25857],[4.22005,50.25182],[4.20317,50.24037],[4.19342,50.2405],[4.18156,50.23231],[4.17485,50.21991],[4.16992,50.21835],[4.17283,50.2171],[4.15039,50.21357],[4.15213,50.20686],[4.16015,50.20202],[4.16062,50.19865],[4.15927,50.19207],[4.15609,50.19254],[4.158,50.18945],[4.15454,50.1796],[4.1511,50.17967],[4.14805,50.17418],[4.15564,50.1719],[4.15572,50.16427],[4.13785,50.15203],[4.13579,50.14271],[4.12729,50.13562],[4.13192,50.13206],[4.15447,50.12784],[4.15722,50.13529],[4.19915,50.13443],[4.20095,50.13287],[4.19788,50.12743],[4.20362,50.12103],[4.20405,50.11553],[4.19676,50.10637],[4.20653,50.10609],[4.20031,50.10091],[4.21425,50.09417],[4.21724,50.08798],[4.2252,50.0855],[4.23064,50.0716],[4.22803,50.0659],[4.21857,50.06101],[4.19841,50.05757],[4.1942,50.04941],[4.1736,50.04549],[4.16239,50.04936],[4.1525,50.03968],[4.13614,50.0206],[4.13533,50.01512],[4.13961,50.00936],[4.14497,50.00853],[4.14233,50.00565],[4.14638,50.00684],[4.14555,50.00392],[4.15483,49.99987],[4.16186,50.00058],[4.16318,49.99518],[4.1547,49.98501],[4.14738,49.98359],[4.14173,49.97826],[4.15297,49.97451],[4.17278,49.97713],[4.1787,49.97183],[4.1971,49.96751],[4.19457,49.95681],[4.19722,49.95462],[4.22485,49.95937],[4.23413,49.9577],[4.24212,49.96161],[4.2693,49.96549],[4.28958,49.96356],[4.30934,49.96956],[4.32139,49.96388],[4.3359,49.96324],[4.35082,49.9523],[4.3816,49.95359],[4.39047,49.94775],[4.41658,49.94763],[4.43275,49.94181],[4.44549,49.95375],[4.43603,49.97101],[4.42327,49.98328],[4.41331,49.99882],[4.4152,50.01221],[4.40859,50.03725],[4.40634,50.03695],[4.40916,50.04512],[4.40604,50.0496],[4.40158,50.04808],[4.40045,50.05105],[4.39364,50.04769],[4.38972,50.05125],[4.39557,50.05756],[4.39019,50.06722],[4.39407,50.08117],[4.38577,50.10832],[4.401,50.12294],[4.38443,50.13588],[4.38859,50.14283],[4.38496,50.15037],[4.376,50.153],[4.3756,50.15688],[4.36533,50.15721],[4.36157,50.17068],[4.39301,50.18093],[4.39742,50.18507],[4.39573,50.19325],[4.39074,50.19435],[4.3925,50.19788],[4.38906,50.20009],[4.39266,50.2025],[4.39125,50.21164],[4.39887,50.21337],[4.39429,50.22127],[4.40164,50.23227],[4.38882,50.2339],[4.38707,50.23929],[4.37934,50.23847],[4.36674,50.2434],[4.34508,50.22733],[4.30923,50.23797],[4.30835,50.24182],[4.2954,50.24524],[4.29318,50.25026],[4.28595,50.24992],[4.28964,50.25369],[4.28685,50.25578],[4.29617,50.26294],[4.30591,50.26475],[4.30955,50.26996],[4.31855,50.26782],[4.32033,50.26896],[4.31679,50.27241],[4.3268,50.27233],[4.32849,50.27756],[4.33783,50.27771],[4.33745,50.27486],[4.34135,50.27868],[4.35094,50.2783],[4.3581,50.27526],[4.36247,50.27947],[4.36129,50.28313],[4.36852,50.28513],[4.36943,50.29208],[4.38666,50.29009],[4.39872,50.29695],[4.40458,50.30467],[4.40018,50.30994],[4.40229,50.31111],[4.41906,50.30556],[4.43185,50.31028],[4.43478,50.30753],[4.45694,50.30481],[4.46602,50.31033],[4.46345,50.31355],[4.47086,50.31878],[4.47489,50.32755],[4.50459,50.32897],[4.50794,50.32507],[4.50528,50.32162],[4.51788,50.31857],[4.51759,50.3146],[4.56465,50.32285],[4.59131,50.32235],[4.58887,50.32339],[4.594,50.32632],[4.59377,50.3399],[4.58261,50.34196],[4.58909,50.34976],[4.58205,50.35817],[4.58637,50.36711],[4.59426,50.37212],[4.59531,50.3771],[4.5918,50.37963],[4.60584,50.38273],[4.60596,50.38612],[4.58401,50.39811],[4.59392,50.39842],[4.59439,50.40185],[4.60365,50.40288],[4.61045,50.42189],[4.61708,50.42487],[4.61352,50.43027],[4.60482,50.42652],[4.58938,50.43284],[4.5825,50.43166],[4.58391,50.43849],[4.57798,50.43789],[4.57251,50.44186],[4.5817,50.44222],[4.58405,50.44582],[4.57309,50.45404],[4.58486,50.45437],[4.58879,50.45751],[4.58714,50.46304],[4.59483,50.46738],[4.60053,50.47685],[4.58741,50.48985],[4.59021,50.49082],[4.58636,50.49371],[4.59385,50.49927],[4.58546,50.49567],[4.579,50.49958],[4.56205,50.48936],[4.55968,50.49322],[4.56433,50.49689],[4.55946,50.49962],[4.55723,50.50569],[4.56252,50.50824],[4.56575,50.51956],[4.57398,50.52125],[4.5805,50.53022],[4.57753,50.54228],[4.5127,50.52542],[4.5026,50.52824],[4.50354,50.53971],[4.49058,50.53809],[4.4841,50.53373],[4.47592,50.53664],[4.46749,50.52778],[4.46352,50.53159],[4.46801,50.53772],[4.46581,50.54647],[4.47822,50.55115],[4.47502,50.55507],[4.47199,50.55375],[4.4707,50.55868],[4.44971,50.55442],[4.44414,50.55992],[4.42187,50.5584],[4.41722,50.56457],[4.4113,50.56469],[4.40004,50.56236],[4.38247,50.56399],[4.37666,50.55921],[4.35895,50.56294],[4.35649,50.56148],[4.35894,50.55927],[4.35746,50.55618],[4.34237,50.55268],[4.34484,50.54848],[4.33183,50.54328],[4.32527,50.54915],[4.33479,50.55511],[4.33081,50.56023],[4.33633,50.5669],[4.33437,50.56901],[4.30457,50.56703],[4.29704,50.57606],[4.29918,50.577],[4.28499,50.58548],[4.28065,50.59146],[4.27529,50.59248],[4.27482,50.59582],[4.26078,50.59286],[4.24721,50.59612],[4.25134,50.60097],[4.24556,50.61228],[4.25374,50.61588],[4.23042,50.62485],[4.19971,50.62523],[4.2002,50.63192],[4.19693,50.6348],[4.20442,50.64705],[4.18213,50.66223],[4.17531,50.66196],[4.14083,50.63173],[4.13286,50.62929],[4.11726,50.63474],[4.10606,50.63245],[4.09162,50.65357],[4.09361,50.65569],[4.09764,50.65251],[4.10031,50.66293],[4.09763,50.66764],[4.09489,50.66606],[4.09121,50.66947],[4.09732,50.67665],[4.09461,50.67985],[4.09964,50.69229],[4.09205,50.70123],[4.11352,50.70534],[4.11112,50.70959],[4.10047,50.70595],[4.09054,50.70694],[4.08638,50.71359],[4.07205,50.71184],[4.05875,50.69453],[4.05201,50.7018],[4.03011,50.69381],[4.017,50.69392],[4.00982,50.69936],[3.99016,50.68771],[3.97137,50.69054],[3.93123,50.68948],[3.9272,50.69555],[3.91203,50.69111],[3.90967,50.6929],[3.91366,50.69858],[3.90348,50.70546],[3.90161,50.711],[3.8969,50.70912],[3.88929,50.71158],[3.89695,50.72884],[3.89392,50.72995],[3.89573,50.73295]]],[[[3.0189,50.77369],[3.02943,50.78033],[3.01314,50.78365],[3.01465,50.79002],[3.00893,50.79659],[3.0151,50.80268],[3.01157,50.8075],[3.00007,50.81078],[2.96532,50.80178],[2.96026,50.79781],[2.93723,50.79367],[2.94666,50.79114],[2.95782,50.78221],[2.95995,50.77348],[2.945,50.77212],[2.91877,50.76395],[2.92213,50.75731],[2.89705,50.7528],[2.8883,50.7533],[2.87863,50.76159],[2.87609,50.7612],[2.87774,50.75431],[2.87057,50.75461],[2.86949,50.75992],[2.85467,50.75765],[2.84215,50.7514],[2.8527,50.74044],[2.84225,50.73556],[2.8696,50.71311],[2.86319,50.70828],[2.8697,50.70332],[2.87961,50.70288],[2.88524,50.70641],[2.89993,50.6932],[2.90908,50.69331],[2.91012,50.70314],[2.92325,50.70325],[2.9293,50.70975],[2.9312,50.71934],[2.92864,50.72264],[2.93145,50.72802],[2.94473,50.73218],[2.9379,50.73899],[2.93874,50.74525],[2.95579,50.75378],[2.97264,50.75032],[2.98111,50.75689],[3.01287,50.76966],[3.01431,50.7739],[3.0189,50.77369]]]]}},{"type":"Feature","properties":{"id":"BEL:ADM2:21686613B82996872575786","name":"Oost-Vlaanderen","countryCode":"BEL","adminLevel":2,"sourceCode":"21686613B82996872575786","parentId":"BEL:ADM1:BEL-3478"},"geometry":{"type":"Polygon","coordinates":[[[4.31857,51.27574],[4.3008,51.26145],[4.291,51.26022],[4.28936,51.25411],[4.29628,51.25003],[4.2996,51.23195],[4.29743,51.23069],[4.31066,51.21249],[4.3018,51.21177],[4.30353,51.20746],[4.30696,51.20413],[4.31511,51.20717],[4.32071,51.19326],[4.31677,51.18788],[4.32945,51.18517],[4.33017,51.15478],[4.32544,51.1343],[4.31485,51.12736],[4.27677,51.12306],[4.24739,51.11479],[4.21217,51.12176],[4.19443,51.10867],[4.17482,51.10008],[4.17333,51.08919],[4.18666,51.08409],[4.18957,51.07938],[4.1865,51.06064],[4.19898,51.0584],[4.19871,51.0544],[4.18699,51.0464],[4.19001,51.0397],[4.19574,51.04009],[4.21358,51.03167],[4.23281,51.04325],[4.23916,51.04099],[4.23838,51.02011],[4.22116,51.01424],[4.23552,51.00399],[4.22048,50.99183],[4.22221,50.98963],[4.20919,50.98784],[4.20332,50.98369],[4.187,50.98229],[4.17028,50.9887],[4.15678,50.98699],[4.15712,50.97811],[4.15173,50.97344],[4.14963,50.97498],[4.14301,50.9655],[4.15911,50.9485],[4.16394,50.94885],[4.15924,50.94518],[4.16249,50.9429],[4.15272,50.93928],[4.16242,50.93225],[4.15784,50.92832],[4.15293,50.92893],[4.15265,50.92297],[4.14456,50.92531],[4.14384,50.92051],[4.13905,50.91698],[4.13699,50.92063],[4.12231,50.92272],[4.11964,50.9262],[4.11342,50.92556],[4.09579,50.9325],[4.08908,50.92665],[4.09196,50.91608],[4.10108,50.91002],[4.07425,50.89937],[4.0823,50.89133],[4.0896,50.88947],[4.08211,50.87838],[4.085,50.87647],[4.07991,50.87124],[4.06853,50.86975],[4.06416,50.86407],[4.06455,50.85945],[4.05762,50.85355],[4.05864,50.84842],[4.05166,50.84191],[4.04069,50.83773],[4.0483,50.83252],[4.06672,50.83491],[4.06948,50.83342],[4.06895,50.82549],[4.07573,50.81928],[4.06743,50.79969],[4.0529,50.78412],[4.04902,50.78635],[4.0402,50.78259],[4.04116,50.77945],[4.03644,50.77746],[4.02648,50.78185],[4.01492,50.77068],[3.99871,50.77888],[3.98555,50.76614],[3.96865,50.76687],[3.97202,50.77562],[3.96337,50.77577],[3.9601,50.7797],[3.94972,50.77703],[3.94171,50.77288],[3.93127,50.75874],[3.93339,50.74644],[3.94534,50.74981],[3.94781,50.73999],[3.95436,50.73753],[3.9525,50.73309],[3.94547,50.73236],[3.944,50.72918],[3.93451,50.73087],[3.91977,50.72752],[3.9132,50.733],[3.9064,50.72874],[3.89573,50.73295],[3.8927,50.73503],[3.8977,50.73854],[3.87991,50.75155],[3.86622,50.74803],[3.85744,50.75166],[3.85795,50.74753],[3.85203,50.74864],[3.83849,50.74148],[3.81876,50.74467],[3.81538,50.75072],[3.77535,50.74773],[3.77264,50.75413],[3.76093,50.76161],[3.75336,50.77127],[3.75843,50.78039],[3.7484,50.7744],[3.74223,50.77517],[3.73795,50.7706],[3.71485,50.76742],[3.71134,50.77083],[3.71435,50.7734],[3.70903,50.77471],[3.71338,50.78025],[3.71027,50.78186],[3.69665,50.77352],[3.67799,50.77237],[3.67525,50.7686],[3.67728,50.76707],[3.66949,50.76389],[3.67299,50.75879],[3.66729,50.75448],[3.6595,50.75423],[3.6588,50.74685],[3.64214,50.73799],[3.64045,50.72229],[3.63078,50.72096],[3.6206,50.724],[3.61025,50.73234],[3.56839,50.72811],[3.55931,50.73416],[3.54115,50.73307],[3.54771,50.74728],[3.53869,50.75741],[3.53889,50.76425],[3.49235,50.75767],[3.47822,50.75918],[3.4814,50.76148],[3.46662,50.7647],[3.45952,50.76172],[3.45972,50.76597],[3.48264,50.77906],[3.49726,50.79182],[3.51677,50.79619],[3.52367,50.80499],[3.50902,50.81489],[3.50554,50.82127],[3.507,50.8242],[3.49869,50.82447],[3.49983,50.82796],[3.50462,50.82686],[3.51301,50.83067],[3.51203,50.83479],[3.49958,50.83821],[3.50323,50.84119],[3.49233,50.84629],[3.48906,50.85421],[3.48059,50.85783],[3.4687,50.85357],[3.46519,50.86209],[3.46217,50.86097],[3.45158,50.86738],[3.45648,50.8682],[3.45712,50.87609],[3.46441,50.87438],[3.46965,50.87661],[3.4745,50.8828],[3.47078,50.88968],[3.47652,50.8958],[3.45998,50.90754],[3.45306,50.90756],[3.44518,50.9006],[3.4313,50.89695],[3.41553,50.90439],[3.41969,50.9108],[3.42699,50.91187],[3.42725,50.91577],[3.43381,50.91801],[3.42438,50.92636],[3.42434,50.93004],[3.43355,50.93348],[3.4412,50.92967],[3.45313,50.92898],[3.45603,50.93721],[3.44217,50.93716],[3.43766,50.94123],[3.46151,50.94345],[3.45438,50.94954],[3.45279,50.94782],[3.44459,50.95212],[3.43175,50.94729],[3.42571,50.95054],[3.422,50.94894],[3.41509,50.95349],[3.41336,50.95831],[3.44419,50.96669],[3.43264,50.9706],[3.42647,50.9763],[3.42626,50.98093],[3.43355,50.9844],[3.4335,50.98886],[3.45046,50.99462],[3.44497,50.99899],[3.4526,51.00564],[3.44731,51.00998],[3.44712,51.01566],[3.43136,51.02737],[3.43156,51.03205],[3.4227,51.03855],[3.43703,51.03897],[3.446,51.04731],[3.43484,51.05427],[3.41965,51.05557],[3.41974,51.06269],[3.39352,51.06829],[3.39074,51.07016],[3.39227,51.07256],[3.37153,51.08463],[3.33129,51.09888],[3.34133,51.10507],[3.35024,51.10648],[3.35524,51.11229],[3.37607,51.11796],[3.37453,51.11939],[3.38153,51.12428],[3.37963,51.12775],[3.39051,51.13142],[3.40203,51.147],[3.40539,51.14678],[3.40122,51.15182],[3.41092,51.15989],[3.40659,51.15965],[3.38768,51.18131],[3.38661,51.18738],[3.37468,51.19052],[3.36533,51.18686],[3.36042,51.19192],[3.36628,51.19344],[3.36485,51.19664],[3.37767,51.19699],[3.38531,51.20313],[3.37662,51.22131],[3.37054,51.22079],[3.36686,51.22741],[3.3992,51.23726],[3.39526,51.25234],[3.38069,51.27431],[3.38823,51.27298],[3.40781,51.25681],[3.41713,51.25978],[3.42459,51.25453],[3.42739,51.24463],[3.44825,51.24156],[3.52797,51.24631],[3.51544,51.28719],[3.5292,51.28878],[3.5336,51.28353],[3.53827,51.2837],[3.54328,51.29121],[3.55518,51.28978],[3.56263,51.29588],[3.5819,51.28695],[3.58336,51.29225],[3.58775,51.2931],[3.58107,51.2983],[3.59022,51.30606],[3.62146,51.29279],[3.64082,51.28818],[3.65838,51.29019],[3.67803,51.28059],[3.68978,51.28072],[3.6937,51.27609],[3.71033,51.27251],[3.75237,51.27036],[3.76254,51.26182],[3.76921,51.25989],[3.77466,51.26354],[3.79551,51.25598],[3.78941,51.24548],[3.78957,51.21594],[3.80432,51.20779],[3.80353,51.21313],[3.80607,51.21335],[3.82103,51.20925],[3.83644,51.21371],[3.85943,51.21083],[3.88863,51.22293],[3.8933,51.21858],[3.89023,51.21386],[3.87783,51.208],[3.88637,51.20041],[3.91845,51.20819],[3.91594,51.21471],[3.92939,51.2202],[3.93602,51.21187],[3.95913,51.21603],[3.96429,51.22382],[3.97895,51.22534],[3.9859,51.23392],[4.015,51.2451],[4.02094,51.24533],[4.02448,51.24152],[4.03655,51.24563],[4.04067,51.2413],[4.06176,51.24454],[4.16612,51.29287],[4.24066,51.35296],[4.24445,51.35238],[4.24903,51.34667],[4.25611,51.32844],[4.26918,51.31846],[4.26831,51.3162],[4.27534,51.30283],[4.28505,51.29739],[4.30429,51.29383],[4.30665,51.28974],[4.30812,51.28364],[4.30543,51.2766],[4.29868,51.2696],[4.29672,51.26756],[4.30836,51.27123],[4.31642,51.27684],[4.32022,51.28192],[4.31857,51.27574]]]}},{"type":"Feature","properties":{"id":"BEL:ADM2:21686613B83431002442680","name":"Vlaams-Brabant","countryCode":"BEL","adminLevel":2,"sourceCode":"21686613B83431002442680","parentId":"BEL:ADM1:BEL-3475"},"geometry":{"type":"Polygon","coordinates":[[[4.24099,51.03687],[4.23838,51.02011],[4.22116,51.01424],[4.23552,51.00399],[4.22048,50.99183],[4.22221,50.98963],[4.187,50.98229],[4.17028,50.9887],[4.15678,50.98699],[4.15712,50.97811],[4.15173,50.97344],[4.14963,50.97498],[4.14301,50.9655],[4.15911,50.9485],[4.16394,50.94885],[4.15924,50.94518],[4.16249,50.9429],[4.15272,50.93928],[4.16242,50.93225],[4.15784,50.92832],[4.15293,50.92893],[4.15265,50.92297],[4.14456,50.92531],[4.14384,50.92051],[4.13905,50.91698],[4.13699,50.92063],[4.12231,50.92272],[4.11964,50.9262],[4.11342,50.92556],[4.09579,50.9325],[4.08908,50.92665],[4.09196,50.91608],[4.10108,50.91002],[4.07425,50.89937],[4.0823,50.89133],[4.0896,50.88947],[4.08211,50.87838],[4.085,50.87647],[4.07991,50.87124],[4.06853,50.86975],[4.06416,50.86407],[4.06455,50.85945],[4.05762,50.85355],[4.05864,50.84842],[4.05166,50.84191],[4.04069,50.83773],[4.0483,50.83252],[4.05736,50.8352],[4.06948,50.83342],[4.06895,50.82549],[4.07573,50.81928],[4.07488,50.81357],[4.07161,50.81183],[4.06743,50.79969],[4.05935,50.79278],[4.06155,50.79095],[4.0529,50.78412],[4.04902,50.78635],[4.0402,50.78259],[4.04116,50.77945],[4.03644,50.77746],[4.02648,50.78185],[4.01492,50.77068],[3.99871,50.77888],[3.98555,50.76614],[3.96865,50.76687],[3.97202,50.77562],[3.96337,50.77577],[3.9601,50.7797],[3.94972,50.77703],[3.94171,50.77288],[3.93127,50.75874],[3.93339,50.74644],[3.94534,50.74981],[3.94781,50.73999],[3.95436,50.73753],[3.9525,50.73309],[3.94547,50.73236],[3.944,50.72918],[3.93451,50.73087],[3.91977,50.72752],[3.9132,50.733],[3.9064,50.72874],[3.89573,50.73295],[3.89392,50.72995],[3.89695,50.72884],[3.88996,50.70999],[3.90161,50.711],[3.90348,50.70546],[3.91366,50.69858],[3.90967,50.6929],[3.91203,50.69111],[3.9272,50.69555],[3.93123,50.68948],[3.97137,50.69054],[3.99016,50.68771],[4.00982,50.69936],[4.017,50.69392],[4.03011,50.69381],[4.05201,50.7018],[4.05875,50.69453],[4.07205,50.71184],[4.08638,50.71359],[4.09054,50.70694],[4.10047,50.70595],[4.09755,50.70804],[4.10873,50.71605],[4.11698,50.71273],[4.13433,50.71607],[4.14131,50.72319],[4.14223,50.7288],[4.15284,50.72475],[4.15817,50.72738],[4.15242,50.72866],[4.15647,50.72911],[4.17236,50.72149],[4.18209,50.70665],[4.20954,50.70785],[4.23157,50.69861],[4.24002,50.69081],[4.24667,50.68936],[4.26155,50.7004],[4.27463,50.70017],[4.29028,50.69404],[4.31146,50.70322],[4.30827,50.70646],[4.31388,50.72028],[4.32379,50.71971],[4.32661,50.71514],[4.32825,50.71851],[4.33478,50.71545],[4.33063,50.72043],[4.33371,50.72799],[4.32376,50.72361],[4.32382,50.72892],[4.32854,50.72882],[4.3344,50.73439],[4.34006,50.73193],[4.35155,50.71506],[4.37272,50.71623],[4.37178,50.7295],[4.39581,50.73513],[4.4242,50.73585],[4.46333,50.75498],[4.47121,50.75169],[4.48288,50.75395],[4.48558,50.75147],[4.49419,50.75708],[4.50154,50.75375],[4.49179,50.74326],[4.49507,50.7404],[4.50225,50.74351],[4.50036,50.73841],[4.51262,50.73296],[4.50937,50.73108],[4.52334,50.72736],[4.53167,50.73132],[4.53233,50.73367],[4.52497,50.7384],[4.52979,50.74085],[4.53425,50.7391],[4.55637,50.74879],[4.5619,50.74406],[4.56536,50.74844],[4.57529,50.74745],[4.58106,50.75418],[4.57874,50.75746],[4.5959,50.76379],[4.60099,50.75573],[4.59857,50.74575],[4.60484,50.74112],[4.6192,50.74413],[4.63451,50.7426],[4.63862,50.74626],[4.64357,50.74597],[4.64777,50.75215],[4.65306,50.75257],[4.65126,50.75557],[4.65521,50.75503],[4.65406,50.7591],[4.64743,50.75901],[4.64166,50.76919],[4.63633,50.77235],[4.64691,50.78575],[4.64227,50.79922],[4.66691,50.79209],[4.67335,50.79198],[4.67442,50.7955],[4.68458,50.79282],[4.68527,50.79512],[4.68721,50.791],[4.69125,50.7918],[4.69149,50.78804],[4.7031,50.79047],[4.71082,50.79609],[4.71555,50.78894],[4.72761,50.79773],[4.72506,50.80242],[4.73612,50.80029],[4.73996,50.80218],[4.73909,50.80441],[4.74861,50.80735],[4.76009,50.80671],[4.76206,50.80255],[4.76714,50.8043],[4.79148,50.79869],[4.80744,50.7864],[4.81234,50.7763],[4.83518,50.77629],[4.83848,50.7729],[4.83108,50.77047],[4.83516,50.76276],[4.84657,50.76792],[4.86101,50.76391],[4.87675,50.7668],[4.88548,50.76278],[4.89843,50.77352],[4.90001,50.76838],[4.90818,50.76942],[4.90253,50.76048],[4.91115,50.75578],[4.90573,50.74919],[4.91571,50.74931],[4.9255,50.74271],[4.92979,50.74757],[4.95414,50.75103],[4.95352,50.75516],[4.96934,50.76251],[4.96856,50.76725],[4.97865,50.76599],[4.98164,50.76986],[5.00519,50.76565],[5.0197,50.75097],[5.04787,50.73933],[5.04273,50.73424],[5.04712,50.73146],[5.04387,50.72357],[5.05639,50.7157],[5.06513,50.71498],[5.06335,50.71357],[5.07061,50.70639],[5.07545,50.7091],[5.09579,50.70334],[5.10149,50.70541],[5.10681,50.71278],[5.10472,50.71354],[5.10902,50.72038],[5.1074,50.72277],[5.11041,50.72242],[5.12101,50.73577],[5.1066,50.74182],[5.10182,50.74086],[5.10427,50.75116],[5.1169,50.76426],[5.1068,50.77907],[5.10856,50.78333],[5.117,50.79263],[5.13262,50.79213],[5.15213,50.8096],[5.14966,50.81193],[5.14275,50.80905],[5.13048,50.81458],[5.13221,50.82038],[5.13811,50.825],[5.13458,50.82981],[5.13569,50.83489],[5.14459,50.84525],[5.13691,50.84813],[5.14871,50.85362],[5.1485,50.86049],[5.15446,50.86462],[5.15507,50.87951],[5.16965,50.87233],[5.17823,50.87771],[5.1792,50.88613],[5.18561,50.88876],[5.18794,50.9027],[5.18419,50.90783],[5.16968,50.91363],[5.1572,50.91167],[5.13487,50.91412],[5.13253,50.92161],[5.10262,50.91476],[5.0921,50.90911],[5.07827,50.92184],[5.06375,50.91635],[5.05214,50.92194],[5.04159,50.94273],[5.05219,50.94546],[5.05839,50.9542],[5.07599,50.95935],[5.08457,50.97062],[5.07845,50.9817],[5.08324,50.98423],[5.08204,50.98625],[5.09469,50.98848],[5.11377,50.99833],[5.12544,50.9977],[5.11536,51.01904],[5.12742,51.02452],[5.1288,51.02204],[5.12389,51.01967],[5.131,51.01521],[5.1597,51.02415],[5.11678,51.04961],[5.07976,51.04781],[5.07933,51.02738],[5.08233,51.02834],[5.08315,51.02424],[5.05836,51.01566],[5.05595,51.02187],[5.04384,51.02461],[5.02223,51.01986],[5.00949,51.03896],[4.98403,51.03084],[4.98032,51.0322],[4.98129,51.03906],[4.9715,51.03688],[4.9665,51.04615],[4.94742,51.03733],[4.91153,51.03518],[4.9035,51.02971],[4.90433,51.02562],[4.89667,51.02277],[4.88243,51.01963],[4.87255,51.02361],[4.84306,51.01235],[4.82446,51.0131],[4.81672,51.01042],[4.80956,51.01111],[4.80822,51.01371],[4.81114,51.0162],[4.80884,51.01798],[4.81123,51.01937],[4.80226,51.02803],[4.79673,51.02831],[4.78932,51.03893],[4.77492,51.03516],[4.75831,51.0232],[4.73799,51.02689],[4.73093,51.02446],[4.73097,51.02008],[4.70972,51.0123],[4.70338,50.99994],[4.6953,50.99913],[4.70977,51.01396],[4.69,51.01625],[4.68533,51.02411],[4.66194,51.01879],[4.63607,51.01762],[4.62936,51.01045],[4.60563,51.01124],[4.60444,51.00032],[4.59853,50.99841],[4.5996,50.99281],[4.58836,50.99376],[4.58314,50.9902],[4.57871,50.99199],[4.58166,50.99293],[4.57779,50.998],[4.5744,50.99531],[4.57083,50.9984],[4.56944,50.99616],[4.57289,50.99576],[4.56953,50.99391],[4.56222,50.99741],[4.56535,51.00093],[4.55161,51.00343],[4.53064,50.99748],[4.53195,50.99468],[4.52866,50.99226],[4.49183,51.00932],[4.48618,51.00543],[4.48931,50.99617],[4.48016,50.99116],[4.46944,50.99501],[4.46535,50.99308],[4.45386,51.00594],[4.42607,50.99923],[4.42113,50.99525],[4.41775,50.99952],[4.41065,50.99988],[4.39532,50.99568],[4.39172,50.99909],[4.39447,51.00047],[4.39346,51.00326],[4.38975,51.00411],[4.38987,51.01114],[4.37018,51.01427],[4.37315,51.02235],[4.3814,51.02935],[4.37367,51.03042],[4.37583,51.02755],[4.3648,51.02412],[4.35956,51.01685],[4.34895,51.01885],[4.34294,51.01666],[4.34229,51.01966],[4.34938,51.02468],[4.34635,51.0273],[4.32178,51.02698],[4.30934,51.03649],[4.28229,51.03992],[4.28069,51.04317],[4.26818,51.04223],[4.26552,51.03749],[4.25694,51.0352],[4.24099,51.03687]],[[4.40661,50.91322],[4.41449,50.91138],[4.41249,50.90699],[4.43269,50.8947],[4.427,50.89059],[4.43705,50.87878],[4.42725,50.87747],[4.42602,50.87175],[4.42059,50.86779],[4.42975,50.86117],[4.46125,50.85195],[4.46716,50.84463],[4.46807,50.83726],[4.46572,50.83564],[4.47678,50.82038],[4.45481,50.81843],[4.4577,50.81615],[4.44791,50.81125],[4.4522,50.80877],[4.45767,50.81063],[4.45197,50.80853],[4.44763,50.80825],[4.48227,50.79287],[4.4346,50.77647],[4.38298,50.76369],[4.38109,50.76933],[4.33111,50.77555],[4.32188,50.78317],[4.31666,50.79642],[4.3045,50.79936],[4.30229,50.80421],[4.30635,50.81246],[4.28361,50.80708],[4.27273,50.81222],[4.2599,50.81109],[4.25649,50.8173],[4.24979,50.81945],[4.24556,50.81763],[4.25428,50.82629],[4.25641,50.83491],[4.28304,50.83798],[4.28326,50.84714],[4.2882,50.84829],[4.28315,50.85361],[4.28983,50.8558],[4.28033,50.85986],[4.27928,50.86551],[4.29855,50.87926],[4.29452,50.8891],[4.34148,50.90239],[4.36409,50.90114],[4.37738,50.89707],[4.38836,50.91061],[4.40661,50.91322]]]}}],"admin1":{"type":"FeatureCollection","features":[{"type":"Feature","properties":{"id":"BEL:ADM1:BEL-2","name":"Hainaut","countryCode":"BEL"},"geometry":{"type":"MultiPolygon","coordinates":[[[[3.89392,50.72995],[3.89695,50.72884],[3.88929,50.71158],[3.8969,50.70912],[3.90161,50.711],[3.90348,50.70546],[3.91366,50.69858],[3.90967,50.6929],[3.91203,50.69111],[3.9272,50.69555],[3.93123,50.68948],[3.97137,50.69054],[3.99016,50.68771],[4.00982,50.69936],[4.017,50.69392],[4.03011,50.69381],[4.05201,50.7018],[4.05875,50.69453],[4.07205,50.71184],[4.08638,50.71359],[4.09054,50.70694],[4.10047,50.70595],[4.11112,50.70959],[4.11352,50.70534],[4.09205,50.70123],[4.09964,50.69229],[4.09461,50.67985],[4.09732,50.67665],[4.09121,50.66947],[4.09489,50.66606],[4.09763,50.66764],[4.10031,50.66293],[4.09764,50.65251],[4.09361,50.65569],[4.09162,50.65357],[4.10606,50.63245],[4.11726,50.63474],[4.13286,50.62929],[4.14083,50.63173],[4.17531,50.66196],[4.18213,50.66223],[4.20442,50.64705],[4.19693,50.6348],[4.2002,50.63192],[4.19971,50.62523],[4.23042,50.62485],[4.25374,50.61588],[4.24556,50.61228],[4.25134,50.60097],[4.24721,50.59612],[4.26078,50.59286],[4.27482,50.59582],[4.27529,50.59248],[4.28065,50.59146],[4.28499,50.58548],[4.29918,50.577],[4.29704,50.57606],[4.30457,50.56703],[4.33437,50.56901],[4.33633,50.5669],[4.33081,50.56023],[4.33479,50.55511],[4.32527,50.54915],[4.33183,50.54328],[4.34484,50.54848],[4.34237,50.55268],[4.35746,50.55618],[4.35894,50.55927],[4.35649,50.56148],[4.35895,50.56294],[4.37666,50.55921],[4.38247,50.56399],[4.40004,50.56236],[4.4113,50.56469],[4.41722,50.56457],[4.42187,50.5584],[4.44414,50.55992],[4.44971,50.55442],[4.4707,50.55868],[4.47199,50.55375],[4.47502,50.55507],[4.47822,50.55115],[4.46581,50.54647],[4.46801,50.53772],[4.46352,50.53159],[4.46749,50.52778],[4.47592,50.53664],[4.4841,50.53373],[4.49058,50.53809],[4.50354,50.53971],[4.5026,50.52824],[4.5127,50.52542],[4.57753,50.54228],[4.5805,50.53022],[4.57398,50.52125],[4.56575,50.51956],[4.56252,50.50824],[4.55723,50.50569],[4.55946,50.49962],[4.56433,50.49689],[4.55968,50.49322],[4.56205,50.48936],[4.579,50.49958],[4.58546,50.49567],[4.59385,50.49927],[4.58636,50.49371],[4.59021,50.49082],[4.58741,50.48985],[4.60053,50.47685],[4.59483,50.46738],[4.58714,50.46304],[4.58879,50.45751],[4.58486,50.45437],[4.57309,50.45404],[4.58405,50.44582],[4.5817,50.44222],[4.57251,50.44186],[4.57798,50.43789],[4.58391,50.43849],[4.5825,50.43166],[4.58938,50.43284],[4.60482,50.42652],[4.61352,50.43027],[4.61708,50.42487],[4.61045,50.42189],[4.60365,50.40288],[4.59439,50.40185],[4.59392,50.39842],[4.58401,50.39811],[4.60596,50.38612],[4.60584,50.38273],[4.5918,50.37963],[4.59531,50.3771],[4.59426,50.37212],[4.58637,50.36711],[4.58205,50.35817],[4.58909,50.34976],[4.58261,50.34196],[4.59377,50.3399],[4.594,50.32632],[4.58887,50.32339],[4.59131,50.32235],[4.56465,50.32285],[4.51759,50.3146],[4.51788,50.31857],[4.50528,50.32162],[4.50794,50.32507],[4.50459,50.32897],[4.47489,50.32755],[4.47086,50.31878],[4.46345,50.31355],[4.46602,50.31033],[4.45694,50.30481],[4.43478,50.30753],[4.43185,50.31028],[4.41906,50.30556],[4.40229,50.31111],[4.40018,50.30994],[4.40458,50.30467],[4.39872,50.29695],[4.38666,50.29009],[4.36943,50.29208],[4.36852,50.28513],[4.36129,50.28313],[4.36247,50.27947],[4.3581,50.27526],[4.35094,50.2783],[4.34135,50.27868],[4.33745,50.27486],[4.33783,50.27771],[4.32849,50.27756],[4.3268,50.27233],[4.31679,50.27241],[4.32033,50.26896],[4.31855,50.26782],[4.30955,50.26996],[4.30591,50.26475],[4.29617,50.26294],[4.28685,50.25578],[4.28964,50.25369],[4.28595,50.24992],[4.29318,50.25026],[4.2954,50.24524],[4.30835,50.24182],[4.30923,50.23797],[4.34508,50.22733],[4.36674,50.2434],[4.37934,50.23847],[4.38707,50.23929],[4.38882,50.2339],[4.40164,50.23227],[4.39429,50.22127],[4.39887,50.21337],[4.39125,50.21164],[4.39266,50.2025],[4.38906,50.20009],[4.3925,50.19788],[4.39074,50.19435],[4.39573,50.19325],[4.39742,50.18507],[4.39301,50.18093],[4.36157,50.17068],[4.36533,50.15721],[4.3756,50.15688],[4.376,50.153],[4.38496,50.15037],[4.38859,50.14283],[4.38443,50.13588],[4.401,50.12294],[4.38577,50.10832],[4.39407,50.08117],[4.39019,50.06722],[4.39557,50.05756],[4.38972,50.05125],[4.39364,50.04769],[4.40045,50.05105],[4.40158,50.04808],[4.40604,50.0496],[4.40916,50.04512],[4.40634,50.03695],[4.40859,50.03725],[4.4152,50.01221],[4.41331,49.99882],[4.42327,49.98328],[4.43603,49.97101],[4.44549,49.95375],[4.43275,49.94181],[4.41658,49.94763],[4.39047,49.94775],[4.3816,49.95359],[4.35082,49.9523],[4.3359,49.96324],[4.32139,49.96388],[4.30934,49.96956],[4.28958,49.96356],[4.2693,49.96549],[4.24212,49.96161],[4.23413,49.9577],[4.22485,49.95937],[4.19722,49.95462],[4.19457,49.95681],[4.1971,49.96751],[4.1787,49.97183],[4.17278,49.97713],[4.15297,49.97451],[4.14173,49.97826],[4.14738,49.98359],[4.1547,49.98501],[4.16318,49.99518],[4.16186,50.00058],[4.15483,49.99987],[4.14555,50.00392],[4.14638,50.00684],[4.14233,50.00565],[4.14497,50.00853],[4.13961,50.00936],[4.13533,50.01512],[4.13614,50.0206],[4.1525,50.03968],[4.16239,50.04936],[4.1736,50.04549],[4.1942,50.04941],[4.19841,50.05757],[4.21857,50.06101],[4.22803,50.0659],[4.23064,50.0716],[4.2252,50.0855],[4.21724,50.08798],[4.21425,50.09417],[4.20031,50.10091],[4.20653,50.10609],[4.19676,50.10637],[4.20405,50.11553],[4.20362,50.12103],[4.19788,50.12743],[4.20095,50.13287],[4.19915,50.13443],[4.15722,50.13529],[4.15447,50.12784],[4.13192,50.13206],[4.12729,50.13562],[4.13579,50.14271],[4.13785,50.15203],[4.15572,50.16427],[4.15564,50.1719],[4.14805,50.17418],[4.1511,50.17967],[4.15454,50.1796],[4.158,50.18945],[4.15609,50.19254],[4.15927,50.19207],[4.16062,50.19865],[4.16015,50.20202],[4.15213,50.20686],[4.15039,50.21357],[4.17283,50.2171],[4.16992,50.21835],[4.17485,50.21991],[4.18156,50.23231],[4.19342,50.2405],[4.20317,50.24037],[4.22005,50.25182],[4.22123,50.25857],[4.20807,50.27296],[4.17668,50.27505],[4.17455,50.27837],[4.17637,50.28453],[4.16898,50.28462],[4.16994,50.28799],[4.16258,50.2888],[4.16101,50.2849],[4.15429,50.28508],[4.15532,50.28046],[4.14923,50.27581],[4.16336,50.27183],[4.16871,50.26649],[4.16794,50.25983],[4.15399,50.25635],[4.13545,50.25745],[4.1387,50.26329],[4.13347,50.26662],[4.13621,50.27459],[4.12397,50.27275],[4.12178,50.27769],[4.12514,50.28042],[4.12568,50.28841],[4.11773,50.30365],[4.10957,50.30178],[4.09726,50.31356],[4.07904,50.30962],[4.07788,50.32094],[4.06509,50.3306],[4.05503,50.33253],[4.05408,50.3392],[4.0441,50.33945],[4.03609,50.34357],[4.03237,50.35362],[4.02418,50.35912],[4.01733,50.35611],[4.01553,50.3537],[4.01789,50.35238],[3.99393,50.34861],[3.98566,50.342],[3.97277,50.34781],[3.97064,50.34304],[3.96553,50.34146],[3.96823,50.35003],[3.90056,50.32701],[3.8856,50.32701],[3.89046,50.32981],[3.88958,50.33669],[3.88625,50.33623],[3.88714,50.3409],[3.87541,50.33759],[3.8623,50.34374],[3.85724,50.34221],[3.85641,50.34876],[3.84736,50.35293],[3.82439,50.35346],[3.82349,50.3471],[3.81536,50.3449],[3.81154,50.34497],[3.81534,50.3497],[3.81406,50.35319],[3.8063,50.35533],[3.7989,50.35091],[3.76663,50.35314],[3.76334,50.34804],[3.74716,50.35108],[3.74685,50.34828],[3.74224,50.34892],[3.73373,50.34277],[3.7386,50.34126],[3.73312,50.33835],[3.7371,50.33609],[3.73417,50.33492],[3.734,50.32995],[3.72996,50.3304],[3.72953,50.32437],[3.73248,50.32147],[3.72742,50.3153],[3.73185,50.31151],[3.72123,50.31131],[3.7203,50.31589],[3.71006,50.31954],[3.71016,50.31394],[3.71529,50.31263],[3.71544,50.30648],[3.72003,50.30502],[3.71025,50.30323],[3.70203,50.31096],[3.69449,50.31306],[3.69513,50.31682],[3.684,50.32013],[3.69265,50.31879],[3.69387,50.32182],[3.68488,50.32497],[3.67291,50.33482],[3.6774,50.3403],[3.66469,50.34767],[3.66721,50.36089],[3.66454,50.36552],[3.65735,50.36852],[3.65822,50.37356],[3.67375,50.38866],[3.6749,50.40227],[3.67004,50.41771],[3.67227,50.42219],[3.66888,50.4231],[3.6698,50.43726],[3.65844,50.44679],[3.66417,50.45235],[3.66263,50.45614],[3.65357,50.46344],[3.64468,50.46242],[3.6349,50.47165],[3.63009,50.47915],[3.63256,50.47998],[3.61898,50.48682],[3.60804,50.49696],[3.58535,50.49054],[3.56844,50.50088],[3.53916,50.49432],[3.52334,50.49544],[3.50065,50.48673],[3.49612,50.49886],[3.50374,50.50697],[3.51612,50.51293],[3.51982,50.52365],[3.50385,50.5299],[3.49136,50.52767],[3.47415,50.53369],[3.45378,50.5192],[3.44898,50.50663],[3.43544,50.50991],[3.42898,50.50474],[3.39599,50.49611],[3.39199,50.4986],[3.37709,50.49107],[3.36147,50.50403],[3.32968,50.50808],[3.32058,50.51866],[3.2885,50.52594],[3.28705,50.53191],[3.27894,50.53849],[3.2816,50.54363],[3.27796,50.55183],[3.28234,50.55214],[3.27592,50.55853],[3.28516,50.56167],[3.27779,50.5644],[3.27848,50.57283],[3.28208,50.57513],[3.27569,50.58165],[3.27951,50.59595],[3.27432,50.59703],[3.27477,50.60477],[3.27112,50.60617],[3.27006,50.61179],[3.25518,50.62272],[3.2591,50.6298],[3.24411,50.64067],[3.24941,50.64724],[3.24011,50.65857],[3.24118,50.6688],[3.26528,50.677],[3.25294,50.68966],[3.26141,50.69197],[3.2585,50.696],[3.26106,50.7013],[3.25081,50.70529],[3.24532,50.71303],[3.22744,50.71302],[3.22021,50.70995],[3.21108,50.71328],[3.20486,50.71207],[3.20879,50.71311],[3.20958,50.71744],[3.19142,50.72468],[3.19973,50.73499],[3.188,50.74011],[3.18598,50.74754],[3.1771,50.75624],[3.18102,50.75522],[3.18536,50.7587],[3.191,50.75554],[3.22048,50.76591],[3.2275,50.76509],[3.24051,50.75648],[3.24805,50.75748],[3.26458,50.75064],[3.2841,50.75194],[3.29194,50.74937],[3.30564,50.7547],[3.32904,50.73101],[3.32383,50.7222],[3.36072,50.70949],[3.36075,50.71385],[3.36966,50.72637],[3.3992,50.73189],[3.39867,50.73594],[3.40391,50.73918],[3.40542,50.7463],[3.4335,50.74853],[3.43136,50.75647],[3.43707,50.75431],[3.43931,50.75532],[3.43549,50.75657],[3.43854,50.75859],[3.45424,50.75847],[3.45754,50.7635],[3.45376,50.76529],[3.45528,50.77127],[3.45952,50.76172],[3.46662,50.7647],[3.4814,50.76148],[3.47822,50.75918],[3.49235,50.75767],[3.53889,50.76425],[3.53869,50.75741],[3.54771,50.74728],[3.54115,50.73307],[3.55931,50.73416],[3.56839,50.72811],[3.61025,50.73234],[3.6206,50.724],[3.63078,50.72096],[3.64045,50.72229],[3.64214,50.73799],[3.6588,50.74685],[3.6595,50.75423],[3.66729,50.75448],[3.67299,50.75879],[3.66949,50.76389],[3.67728,50.76707],[3.67525,50.7686],[3.67799,50.77237],[3.69665,50.77352],[3.71027,50.78186],[3.71338,50.78025],[3.70903,50.77471],[3.71435,50.7734],[3.71134,50.77083],[3.71485,50.76742],[3.73795,50.7706],[3.74223,50.77517],[3.7484,50.7744],[3.75843,50.78039],[3.75336,50.77127],[3.76093,50.76161],[3.77264,50.75413],[3.77535,50.74773],[3.81538,50.75072],[3.81876,50.74467],[3.83849,50.74148],[3.85203,50.74864],[3.85795,50.74753],[3.85744,50.75166],[3.86622,50.74803],[3.87991,50.75155],[3.8977,50.73854],[3.8927,50.73503],[3.89573,50.73295],[3.89392,50.72995]]],[[[3.01431,50.7739],[3.01287,50.76966],[2.98111,50.75689],[2.97264,50.75032],[2.95579,50.75378],[2.93874,50.74525],[2.9379,50.73899],[2.94473,50.73218],[2.93145,50.72802],[2.92864,50.72264],[2.9312,50.71934],[2.9293,50.70975],[2.92325,50.70325],[2.91012,50.70314],[2.90908,50.69331],[2.89993,50.6932],[2.88524,50.70641],[2.87961,50.70288],[2.8697,50.70332],[2.86319,50.70828],[2.8696,50.71311],[2.84225,50.73556],[2.8527,50.74044],[2.84215,50.7514],[2.85467,50.75765],[2.86949,50.75992],[2.87057,50.75461],[2.87774,50.75431],[2.87609,50.7612],[2.87863,50.76159],[2.8883,50.7533],[2.89705,50.7528],[2.92213,50.75731],[2.91877,50.76395],[2.945,50.77212],[2.95995,50.77348],[2.95782,50.78221],[2.94666,50.79114],[2.93723,50.79367],[2.96026,50.79781],[2.96532,50.80178],[3.00007,50.81078],[3.01157,50.8075],[3.0151,50.80268],[3.00893,50.79659],[3.01465,50.79002],[3.01314,50.78365],[3.02943,50.78033],[3.0189,50.77369],[3.01431,50.7739]]]]}},{"type":"Feature","properties":{"id":"BEL:ADM1:BEL-3","name":"Limburg","countryCode":"BEL"},"geometry":{"type":"MultiPolygon","coordinates":[[[[5.78454,50.76723],[5.79323,50.77017],[5.80811,50.75598],[5.83066,50.75858],[5.84494,50.76541],[5.84892,50.75341],[5.86279,50.76324],[5.88695,50.76992],[5.89122,50.75045],[5.89711,50.74449],[5.90683,50.74238],[5.91112,50.7352],[5.88239,50.71008],[5.86128,50.71743],[5.82081,50.71361],[5.81299,50.71549],[5.81076,50.72366],[5.80009,50.73215],[5.80213,50.73632],[5.77058,50.75136],[5.74889,50.74525],[5.74512,50.74888],[5.74688,50.75228],[5.73317,50.75508],[5.7311,50.75188],[5.72653,50.75237],[5.72545,50.74612],[5.72184,50.74559],[5.6895,50.75114],[5.68203,50.75745],[5.69891,50.75525],[5.70251,50.75885],[5.71556,50.75991],[5.72024,50.76473],[5.7304,50.75731],[5.73901,50.75702],[5.74508,50.76877],[5.76578,50.78251],[5.7774,50.78296],[5.77863,50.77762],[5.78454,50.76723]]],[[[4.99706,51.05617],[5.00867,51.05741],[5.01142,51.07448],[5.03506,51.07391],[5.09497,51.08541],[5.10308,51.09649],[5.12667,51.10822],[5.1319,51.11779],[5.18181,51.11822],[5.1981,51.12376],[5.20321,51.12935],[5.20486,51.13982],[5.2221,51.13916],[5.23531,51.13277],[5.25668,51.14718],[5.261,51.14697],[5.26025,51.1837],[5.23872,51.20128],[5.21714,51.21138],[5.2145,51.22081],[5.21609,51.24704],[5.23762,51.26153],[5.26304,51.26689],[5.29595,51.26158],[5.33636,51.26314],[5.34271,51.26588],[5.34612,51.2758],[5.41734,51.26226],[5.43355,51.27641],[5.43833,51.27606],[5.44178,51.28213],[5.46494,51.28464],[5.47694,51.29152],[5.48309,51.30023],[5.51572,51.29516],[5.53236,51.2792],[5.55648,51.2663],[5.55493,51.24451],[5.56044,51.22232],[5.65287,51.19766],[5.65408,51.19427],[5.64992,51.19365],[5.65812,51.18474],[5.67113,51.1858],[5.67664,51.18273],[5.68948,51.1854],[5.70936,51.18038],[5.7177,51.18438],[5.73981,51.18497],[5.74876,51.18875],[5.77673,51.17845],[5.773,51.17342],[5.77963,51.17179],[5.76952,51.16918],[5.7704,51.16423],[5.77931,51.16342],[5.77485,51.15466],[5.77772,51.1513],[5.79871,51.15767],[5.80487,51.16285],[5.81537,51.15898],[5.82428,51.16775],[5.83871,51.15704],[5.83635,51.15353],[5.85569,51.14462],[5.84576,51.14038],[5.84088,51.13105],[5.82567,51.12948],[5.81002,51.11822],[5.80777,51.11391],[5.80979,51.10978],[5.82861,51.10693],[5.83306,51.10334],[5.83241,51.09797],[5.82365,51.0924],[5.80919,51.09607],[5.79597,51.09123],[5.80473,51.07889],[5.79655,51.07221],[5.80021,51.06134],[5.79233,51.05869],[5.77335,51.06232],[5.77134,51.05081],[5.75819,51.0334],[5.77624,51.02383],[5.76675,51.0112],[5.76699,50.99911],[5.74862,50.98201],[5.73743,50.9787],[5.72067,50.9623],[5.72169,50.95775],[5.72929,50.9552],[5.74895,50.9608],[5.75716,50.95605],[5.7582,50.95122],[5.7468,50.94705],[5.74141,50.93586],[5.72748,50.92409],[5.72298,50.90964],[5.69835,50.90995],[5.69571,50.89822],[5.68098,50.88683],[5.67875,50.88047],[5.67053,50.88181],[5.64408,50.87139],[5.64943,50.86834],[5.64144,50.8642],[5.64386,50.86289],[5.64023,50.8538],[5.64255,50.85009],[5.63892,50.84699],[5.64533,50.8394],[5.64355,50.83793],[5.65103,50.83283],[5.6488,50.8267],[5.65617,50.82427],[5.65481,50.81967],[5.67823,50.81651],[5.6803,50.81226],[5.68766,50.81192],[5.68734,50.80426],[5.67389,50.80516],[5.67305,50.80776],[5.6681,50.80467],[5.65307,50.80556],[5.64663,50.79355],[5.63821,50.7872],[5.62686,50.7823],[5.61576,50.78426],[5.60638,50.77903],[5.61017,50.77517],[5.60598,50.77711],[5.59229,50.77381],[5.59173,50.77013],[5.58014,50.7733],[5.57429,50.77182],[5.57,50.76419],[5.55291,50.76396],[5.54697,50.75853],[5.52219,50.75849],[5.51932,50.74733],[5.52431,50.74263],[5.47867,50.72358],[5.4741,50.7261],[5.47562,50.73352],[5.467,50.73914],[5.46182,50.73882],[5.46304,50.73061],[5.45486,50.72676],[5.45326,50.72093],[5.43547,50.72214],[5.43227,50.71821],[5.42808,50.72322],[5.42026,50.71892],[5.40236,50.72798],[5.40153,50.7351],[5.39397,50.73498],[5.38954,50.74792],[5.37612,50.74205],[5.37003,50.74667],[5.35039,50.74632],[5.33361,50.73533],[5.3138,50.72925],[5.30799,50.72385],[5.30986,50.71926],[5.30387,50.71597],[5.29605,50.72337],[5.27631,50.72861],[5.26995,50.72565],[5.26477,50.71761],[5.2575,50.71517],[5.24112,50.71677],[5.23688,50.72714],[5.23209,50.719],[5.22725,50.71744],[5.22418,50.72062],[5.2068,50.72097],[5.19432,50.71668],[5.17691,50.72347],[5.17463,50.72105],[5.17037,50.72259],[5.16763,50.71552],[5.17519,50.71455],[5.18085,50.70486],[5.16484,50.69553],[5.15623,50.69837],[5.14868,50.69547],[5.12089,50.7081],[5.10185,50.70865],[5.10681,50.71278],[5.10472,50.71354],[5.10902,50.72038],[5.1074,50.72277],[5.11041,50.72242],[5.12101,50.73577],[5.1066,50.74182],[5.10182,50.74086],[5.10427,50.75116],[5.1169,50.76426],[5.1068,50.77907],[5.10856,50.78333],[5.117,50.79263],[5.13262,50.79213],[5.15213,50.8096],[5.14966,50.81193],[5.14275,50.80905],[5.13048,50.81458],[5.13221,50.82038],[5.13811,50.825],[5.13458,50.82981],[5.13569,50.83489],[5.14459,50.84525],[5.13691,50.84813],[5.14871,50.85362],[5.1485,50.86049],[5.15446,50.86462],[5.15507,50.87951],[5.16965,50.87233],[5.17823,50.87771],[5.1792,50.88613],[5.18561,50.88876],[5.18794,50.9027],[5.18419,50.90783],[5.16968,50.91363],[5.1572,50.91167],[5.13487,50.91412],[5.13253,50.92161],[5.10262,50.91476],[5.0921,50.90911],[5.07827,50.92184],[5.06375,50.91635],[5.05214,50.92194],[5.04159,50.94273],[5.05219,50.94546],[5.05839,50.9542],[5.07599,50.95935],[5.08457,50.97062],[5.07845,50.9817],[5.08324,50.98423],[5.08204,50.98625],[5.09469,50.98848],[5.11377,50.99833],[5.12544,50.9977],[5.11536,51.01904],[5.12742,51.02452],[5.1288,51.02204],[5.12389,51.01967],[5.131,51.01521],[5.1597,51.02415],[5.11678,51.04961],[5.07976,51.04781],[5.07933,51.02738],[5.08233,51.02834],[5.08315,51.02424],[5.05836,51.01566],[5.05595,51.02187],[5.04384,51.02461],[5.02223,51.01986],[5.00949,51.03896],[4.98403,51.03084],[4.98032,51.0322],[4.98157,51.03489],[4.99706,51.05617]]]]}},{"type":"Feature","properties":{"id":"BEL:ADM1:BEL-3474","name":"Brussels Capital","countryCode":"BEL"},"geometry":{"type":"Polygon","coordinates":[[[4.40661,50.91322],[4.38836,50.91061],[4.37738,50.89707],[4.36409,50.90114],[4.34148,50.90239],[4.29452,50.8891],[4.29855,50.87926],[4.27928,50.86551],[4.28033,50.85986],[4.28983,50.8558],[4.28315,50.85361],[4.2882,50.84829],[4.28326,50.84714],[4.28304,50.83798],[4.25641,50.83491],[4.25428,50.82629],[4.24556,50.81763],[4.24979,50.81945],[4.25649,50.8173],[4.2599,50.81109],[4.27273,50.81222],[4.28361,50.80708],[4.30635,50.81246],[4.30229,50.80421],[4.3045,50.79936],[4.31666,50.79642],[4.32188,50.78317],[4.33111,50.77555],[4.38109,50.76933],[4.38298,50.76369],[4.4346,50.77647],[4.48227,50.79287],[4.44763,50.80825],[4.45197,50.80853],[4.45767,50.81063],[4.4522,50.80877],[4.44791,50.81125],[4.4577,50.81615],[4.45481,50.81843],[4.47678,50.82038],[4.46572,50.83564],[4.46807,50.83726],[4.46716,50.84463],[4.46125,50.85195],[4.42975,50.86117],[4.42059,50.86779],[4.42602,50.87175],[4.42725,50.87747],[4.43705,50.87878],[4.427,50.89059],[4.43269,50.8947],[4.41249,50.90699],[4.41449,50.91138],[4.40661,50.91322]]]}},{"type":"Feature","properties":{"id":"BEL:ADM1:BEL-3475","name":"Flemish Brabant","countryCode":"BEL"},"geometry":{"type":"Polygon","coordinates":[[[4.24099,51.03687],[4.23838,51.02011],[4.22116,51.01424],[4.23552,51.00399],[4.22048,50.99183],[4.22221,50.98963],[4.187,50.98229],[4.17028,50.9887],[4.15678,50.98699],[4.15712,50.97811],[4.15173,50.97344],[4.14963,50.97498],[4.14301,50.9655],[4.15911,50.9485],[4.16394,50.94885],[4.15924,50.94518],[4.16249,50.9429],[4.15272,50.93928],[4.16242,50.93225],[4.15784,50.92832],[4.15293,50.92893],[4.15265,50.92297],[4.14456,50.92531],[4.14384,50.92051],[4.13905,50.91698],[4.13699,50.92063],[4.12231,50.92272],[4.11964,50.9262],[4.11342,50.92556],[4.09579,50.9325],[4.08908,50.92665],[4.09196,50.91608],[4.10108,50.91002],[4.07425,50.89937],[4.0823,50.89133],[4.0896,50.88947],[4.08211,50.87838],[4.085,50.87647],[4.07991,50.87124],[4.06853,50.86975],[4.06416,50.86407],[4.06455,50.85945],[4.05762,50.85355],[4.05864,50.84842],[4.05166,50.84191],[4.04069,50.83773],[4.0483,50.83252],[4.05736,50.8352],[4.06948,50.83342],[4.06895,50.82549],[4.07573,50.81928],[4.07488,50.81357],[4.07161,50.81183],[4.06743,50.79969],[4.05935,50.79278],[4.06155,50.79095],[4.0529,50.78412],[4.04902,50.78635],[4.0402,50.78259],[4.04116,50.77945],[4.03644,50.77746],[4.02648,50.78185],[4.01492,50.77068],[3.99871,50.77888],[3.98555,50.76614],[3.96865,50.76687],[3.97202,50.77562],[3.96337,50.77577],[3.9601,50.7797],[3.94972,50.77703],[3.94171,50.77288],[3.93127,50.75874],[3.93339,50.74644],[3.94534,50.74981],[3.94781,50.73999],[3.95436,50.73753],[3.9525,50.73309],[3.94547,50.73236],[3.944,50.72918],[3.93451,50.73087],[3.91977,50.72752],[3.9132,50.733],[3.9064,50.72874],[3.89573,50.73295],[3.89392,50.72995],[3.89695,50.72884],[3.88996,50.70999],[3.90161,50.711],[3.90348,50.70546],[3.91366,50.69858],[3.90967,50.6929],[3.91203,50.69111],[3.9272,50.69555],[3.93123,50.68948],[3.97137,50.69054],[3.99016,50.68771],[4.00982,50.69936],[4.017,50.69392],[4.03011,50.69381],[4.05201,50.7018],[4.05875,50.69453],[4.07205,50.71184],[4.08638,50.71359],[4.09054,50.70694],[4.10047,50.70595],[4.09755,50.70804],[4.10873,50.71605],[4.11698,50.71273],[4.13433,50.71607],[4.14131,50.72319],[4.14223,50.7288],[4.15284,50.72475],[4.15817,50.72738],[4.15242,50.72866],[4.15647,50.72911],[4.17236,50.72149],[4.18209,50.70665],[4.20954,50.70785],[4.23157,50.69861],[4.24002,50.69081],[4.24667,50.68936],[4.26155,50.7004],[4.27463,50.70017],[4.29028,50.69404],[4.31146,50.70322],[4.30827,50.70646],[4.31388,50.72028],[4.32379,50.71971],[4.32661,50.71514],[4.32825,50.71851],[4.33478,50.71545],[4.33063,50.72043],[4.33371,50.72799],[4.32376,50.72361],[4.32382,50.72892],[4.32854,50.72882],[4.3344,50.73439],[4.34006,50.73193],[4.35155,50.71506],[4.37272,50.71623],[4.37178,50.7295],[4.39581,50.73513],[4.4242,50.73585],[4.46333,50.75498],[4.47121,50.75169],[4.48288,50.75395],[4.48558,50.75147],[4.49419,50.75708],[4.50154,50.75375],[4.49179,50.74326],[4.49507,50.7404],[4.50225,50.74351],[4.50036,50.73841],[4.51262,50.73296],[4.50937,50.73108],[4.52334,50.72736],[4.53167,50.73132],[4.53233,50.73367],[4.52497,50.7384],[4.52979,50.74085],[4.53425,50.7391],[4.55637,50.74879],[4.5619,50.74406],[4.56536,50.74844],[4.57529,50.74745],[4.58106,50.75418],[4.57874,50.75746],[4.5959,50.76379],[4.60099,50.75573],[4.59857,50.74575],[4.60484,50.74112],[4.6192,50.74413],[4.63451,50.7426],[4.63862,50.74626],[4.64357,50.74597],[4.64777,50.75215],[4.65306,50.75257],[4.65126,50.75557],[4.65521,50.75503],[4.65406,50.7591],[4.64743,50.75901],[4.64166,50.76919],[4.63633,50.77235],[4.64691,50.78575],[4.64227,50.79922],[4.66691,50.79209],[4.67335,50.79198],[4.67442,50.7955],[4.68458,50.79282],[4.68527,50.79512],[4.68721,50.791],[4.69125,50.7918],[4.69149,50.78804],[4.7031,50.79047],[4.71082,50.79609],[4.71555,50.78894],[4.72761,50.79773],[4.72506,50.80242],[4.73612,50.80029],[4.73996,50.80218],[4.73909,50.80441],[4.74861,50.80735],[4.76009,50.80671],[4.76206,50.80255],[4.76714,50.8043],[4.79148,50.79869],[4.80744,50.7864],[4.81234,50.7763],[4.83518,50.77629],[4.83848,50.7729],[4.83108,50.77047],[4.83516,50.76276],[4.84657,50.76792],[4.86101,50.76391],[4.87675,50.7668],[4.88548,50.76278],[4.89843,50.77352],[4.90001,50.76838],[4.90818,50.76942],[4.90253,50.76048],[4.91115,50.75578],[4.90573,50.74919],[4.91571,50.74931],[4.9255,50.74271],[4.92979,50.74757],[4.95414,50.75103],[4.95352,50.75516],[4.96934,50.76251],[4.96856,50.76725],[4.97865,50.76599],[4.98164,50.76986],[5.00519,50.76565],[5.0197,50.75097],[5.04787,50.73933],[5.04273,50.73424],[5.04712,50.73146],[5.04387,50.72357],[5.05639,50.7157],[5.06513,50.71498],[5.06335,50.71357],[5.07061,50.70639],[5.07545,50.7091],[5.09579,50.70334],[5.10149,50.70541],[5.10681,50.71278],[5.10472,50.71354],[5.10902,50.72038],[5.1074,50.72277],[5.11041,50.72242],[5.12101,50.73577],[5.1066,50.74182],[5.10182,50.74086],[5.10427,50.75116],[5.1169,50.76426],[5.1068,50.77907],[5.10856,50.78333],[5.117,50.79263],[5.13262,50.79213],[5.15213,50.8096],[5.14966,50.81193],[5.14275,50.80905],[5.13048,50.81458],[5.13221,50.82038],[5.13811,50.825],[5.13458,50.82981],[5.13569,50.83489],[5.14459,50.84525],[5.13691,50.84813],[5.14871,50.85362],[5.1485,50.86049],[5.15446,50.86462],[5.15507,50.87951],[5.16965,50.87233],[5.17823,50.87771],[5.1792,50.88613],[5.18561,50.88876],[5.18794,50.9027],[5.18419,50.90783],[5.16968,50.91363],[5.1572,50.91167],[5.13487,50.91412],[5.13253,50.92161],[5.10262,50.91476],[5.0921,50.90911],[5.07827,50.92184],[5.06375,50.91635],[5.05214,50.92194],[5.04159,50.94273],[5.05219,50.94546],[5.05839,50.9542],[5.07599,50.95935],[5.08457,50.97062],[5.07845,50.9817],[5.08324,50.98423],[5.08204,50.98625],[5.09469,50.98848],[5.11377,50.99833],[5.12544,50.9977],[5.11536,51.01904],[5.12742,51.02452],[5.1288,51.02204],[5.12389,51.01967],[5.131,51.01521],[5.1597,51.02415],[5.11678,51.04961],[5.07976,51.04781],[5.07933,51.02738],[5.08233,51.02834],[5.08315,51.02424],[5.05836,51.01566],[5.05595,51.02187],[5.04384,51.02461],[5.02223,51.01986],[5.00949,51.03896],[4.98403,51.03084],[4.98032,51.0322],[4.98129,51.03906],[4.9715,51.03688],[4.9665,51.04615],[4.94742,51.03733],[4.91153,51.03518],[4.9035,51.02971],[4.90433,51.02562],[4.89667,51.02277],[4.88243,51.01963],[4.87255,51.02361],[4.84306,51.01235],[4.82446,51.0131],[4.81672,51.01042],[4.80956,51.01111],[4.80822,51.01371],[4.81114,51.0162],[4.80884,51.01798],[4.81123,51.01937],[4.80226,51.02803],[4.79673,51.02831],[4.78932,51.03893],[4.77492,51.03516],[4.75831,51.0232],[4.73799,51.02689],[4.73093,51.02446],[4.73097,51.02008],[4.70972,51.0123],[4.70338,50.99994],[4.6953,50.99913],[4.70977,51.01396],[4.69,51.01625],[4.68533,51.02411],[4.66194,51.01879],[4.63607,51.01762],[4.62936,51.01045],[4.60563,51.01124],[4.60444,51.00032],[4.59853,50.99841],[4.5996,50.99281],[4.58836,50.99376],[4.58314,50.9902],[4.57871,50.99199],[4.58166,50.99293],[4.57779,50.998],[4.5744,50.99531],[4.57083,50.9984],[4.56944,50.99616],[4.57289,50.99576],[4.56953,50.99391],[4.56222,50.99741],[4.56535,51.00093],[4.55161,51.00343],[4.53064,50.99748],[4.53195,50.99468],[4.52866,50.99226],[4.49183,51.00932],[4.48618,51.00543],[4.48931,50.99617],[4.48016,50.99116],[4.46944,50.99501],[4.46535,50.99308],[4.45386,51.00594],[4.42607,50.99923],[4.42113,50.99525],[4.41775,50.99952],[4.41065,50.99988],[4.39532,50.99568],[4.39172,50.99909],[4.39447,51.00047],[4.39346,51.00326],[4.38975,51.00411],[4.38987,51.01114],[4.37018,51.01427],[4.37315,51.02235],[4.3814,51.02935],[4.37367,51.03042],[4.37583,51.02755],[4.3648,51.02412],[4.35956,51.01685],[4.34895,51.01885],[4.34294,51.01666],[4.34229,51.01966],[4.34938,51.02468],[4.34635,51.0273],[4.32178,51.02698],[4.30934,51.03649],[4.28229,51.03992],[4.28069,51.04317],[4.26818,51.04223],[4.26552,51.03749],[4.25694,51.0352],[4.24099,51.03687]],[[4.40661,50.91322],[4.41449,50.91138],[4.41249,50.90699],[4.43269,50.8947],[4.427,50.89059],[4.43705,50.87878],[4.42725,50.87747],[4.42602,50.87175],[4.42059,50.86779],[4.42975,50.86117],[4.46125,50.85195],[4.46716,50.84463],[4.46807,50.83726],[4.46572,50.83564],[4.47678,50.82038],[4.45481,50.81843],[4.4577,50.81615],[4.44791,50.81125],[4.4522,50.80877],[4.45767,50.81063],[4.45197,50.80853],[4.44763,50.80825],[4.48227,50.79287],[4.4346,50.77647],[4.38298,50.76369],[4.38109,50.76933],[4.33111,50.77555],[4.32188,50.78317],[4.31666,50.79642],[4.3045,50.79936],[4.30229,50.80421],[4.30635,50.81246],[4.28361,50.80708],[4.27273,50.81222],[4.2599,50.81109],[4.25649,50.8173],[4.24979,50.81945],[4.24556,50.81763],[4.25428,50.82629],[4.25641,50.83491],[4.28304,50.83798],[4.28326,50.84714],[4.2882,50.84829],[4.28315,50.85361],[4.28983,50.8558],[4.28033,50.85986],[4.27928,50.86551],[4.29855,50.87926],[4.29452,50.8891],[4.34148,50.90239],[4.36409,50.90114],[4.37738,50.89707],[4.38836,50.91061],[4.40661,50.91322]]]}},{"type":"Feature","properties":{"id":"BEL:ADM1:BEL-3476","name":"Namur","countryCode":"BEL"},"geometry":{"type":"Polygon","coordinates":[[[4.43275,49.94181],[4.44115,49.94108],[4.44553,49.93727],[4.48131,49.94812],[4.5113,49.94652],[4.51886,49.95165],[4.52341,49.95024],[4.541,49.96957],[4.56452,49.9704],[4.5722,49.97461],[4.57368,49.98003],[4.58178,49.98347],[4.63291,49.9871],[4.66727,49.99679],[4.69289,49.99547],[4.68506,50.007],[4.6888,50.01128],[4.6848,50.02718],[4.69688,50.04271],[4.69538,50.04752],[4.70013,50.05307],[4.69705,50.0591],[4.68616,50.05744],[4.67982,50.06783],[4.68875,50.07271],[4.69183,50.08351],[4.70213,50.09547],[4.71313,50.09697],[4.71602,50.10088],[4.75182,50.11191],[4.75348,50.11628],[4.748,50.12238],[4.75629,50.12244],[4.76227,50.13641],[4.80647,50.15255],[4.82501,50.16888],[4.82378,50.16172],[4.83239,50.15299],[4.87774,50.15363],[4.88193,50.14084],[4.89704,50.13791],[4.88692,50.13087],[4.87847,50.13178],[4.87849,50.12697],[4.87117,50.12489],[4.86722,50.11922],[4.87352,50.10737],[4.86691,50.09707],[4.87585,50.09452],[4.87235,50.08785],[4.86016,50.09303],[4.86175,50.09703],[4.85872,50.09995],[4.8486,50.10095],[4.84983,50.09874],[4.83831,50.09338],[4.84698,50.08358],[4.84048,50.08309],[4.84281,50.07772],[4.83792,50.06763],[4.81954,50.06621],[4.82205,50.06434],[4.8196,50.06056],[4.82928,50.05741],[4.82747,50.05],[4.8407,50.04633],[4.84182,50.03896],[4.81977,50.02585],[4.82262,50.02176],[4.81731,50.01534],[4.82144,50.01162],[4.81608,49.99956],[4.81945,49.99501],[4.80721,49.98401],[4.79368,49.9823],[4.79553,49.97623],[4.79023,49.969],[4.79104,49.95803],[4.83009,49.94908],[4.84718,49.94894],[4.85868,49.93198],[4.88156,49.92188],[4.88075,49.91639],[4.89008,49.90897],[4.87781,49.90461],[4.87641,49.90138],[4.88496,49.90199],[4.8875,49.89869],[4.87787,49.8946],[4.86943,49.88384],[4.87196,49.87972],[4.86356,49.87465],[4.86293,49.86719],[4.85441,49.8647],[4.84762,49.86799],[4.85065,49.86563],[4.85176,49.85263],[4.85746,49.84681],[4.85688,49.84134],[4.86727,49.8421],[4.86887,49.82299],[4.87628,49.81949],[4.86552,49.81329],[4.86263,49.80178],[4.85164,49.79345],[4.86367,49.78878],[4.87134,49.78934],[4.86995,49.79356],[4.87598,49.79363],[4.88789,49.78818],[4.89831,49.78906],[4.90514,49.78549],[4.92083,49.78869],[4.93061,49.78684],[4.93889,49.79315],[4.94286,49.79052],[4.94761,49.79904],[4.95706,49.80191],[4.96702,49.79819],[4.96944,49.81083],[4.98115,49.81645],[4.97733,49.81993],[4.98743,49.8204],[4.99052,49.8238],[4.98413,49.82698],[4.98533,49.83854],[4.9814,49.84284],[4.98786,49.84653],[4.98952,49.85292],[5.01208,49.85788],[5.02594,49.86511],[5.02655,49.87074],[5.0206,49.8729],[5.03574,49.87201],[5.05868,49.88336],[5.06272,49.88666],[5.04822,49.88825],[5.04962,49.89005],[5.04287,49.89238],[5.04683,49.89824],[5.05753,49.89712],[5.0637,49.90039],[5.07198,49.91249],[5.08118,49.91282],[5.09845,49.92049],[5.1196,49.92238],[5.11,49.92535],[5.09838,49.93694],[5.10263,49.94694],[5.10113,49.96123],[5.07906,49.96692],[5.06736,49.97383],[5.06674,49.98192],[5.05279,49.98351],[5.05078,49.98669],[5.04309,49.98122],[5.02919,49.97809],[5.00867,49.98134],[5.0065,49.98883],[5.01246,49.99236],[5.01265,49.99732],[4.99442,50.0071],[4.99692,50.01488],[4.99124,50.01583],[4.97299,50.02899],[4.97865,50.03078],[4.98838,50.02748],[4.99387,50.03143],[4.9975,50.04526],[5.0113,50.03815],[5.02542,50.0439],[5.02857,50.04979],[5.04174,50.05341],[5.0425,50.06209],[5.04677,50.06131],[5.05395,50.0667],[5.05464,50.07315],[5.04922,50.07789],[5.05835,50.07514],[5.06059,50.07773],[5.06072,50.08031],[5.05331,50.08234],[5.0528,50.08788],[5.06584,50.1231],[5.06887,50.123],[5.06614,50.11887],[5.06833,50.11749],[5.0604,50.10786],[5.07169,50.09335],[5.12258,50.09969],[5.13266,50.09884],[5.13658,50.09442],[5.15283,50.09431],[5.15838,50.10044],[5.1888,50.10041],[5.18848,50.09772],[5.19967,50.09989],[5.20026,50.09639],[5.22697,50.10235],[5.22672,50.10705],[5.23712,50.11025],[5.26287,50.10847],[5.26926,50.11184],[5.26816,50.11908],[5.25377,50.12846],[5.24735,50.1272],[5.24263,50.13427],[5.26524,50.14272],[5.27117,50.14032],[5.27353,50.1452],[5.28335,50.14786],[5.28188,50.15552],[5.2741,50.15604],[5.28087,50.15871],[5.27229,50.15925],[5.26621,50.1682],[5.24272,50.18727],[5.24945,50.19376],[5.2343,50.19554],[5.24613,50.20386],[5.23451,50.21],[5.2318,50.2149],[5.20648,50.21655],[5.22868,50.22779],[5.23438,50.22196],[5.25871,50.22729],[5.26167,50.23018],[5.26016,50.2328],[5.25192,50.23808],[5.27323,50.24262],[5.28321,50.24902],[5.29352,50.23932],[5.31212,50.24503],[5.33229,50.25509],[5.35876,50.2752],[5.37694,50.2782],[5.39482,50.28712],[5.39546,50.29416],[5.38877,50.298],[5.39394,50.29943],[5.39013,50.30689],[5.39274,50.3096],[5.3884,50.31613],[5.38102,50.31377],[5.36189,50.3176],[5.3475,50.30501],[5.34159,50.31133],[5.34242,50.31594],[5.3513,50.32147],[5.37696,50.32673],[5.39504,50.33543],[5.39648,50.34093],[5.386,50.34413],[5.38105,50.35028],[5.39942,50.36302],[5.40259,50.36781],[5.39756,50.36934],[5.40156,50.37358],[5.38255,50.38678],[5.36784,50.37989],[5.36143,50.38112],[5.36342,50.38505],[5.35177,50.38866],[5.29726,50.36493],[5.28111,50.37836],[5.27926,50.38919],[5.28685,50.39431],[5.27573,50.3944],[5.27454,50.39898],[5.26003,50.40341],[5.25392,50.40025],[5.23464,50.40385],[5.22125,50.41728],[5.2365,50.42588],[5.23282,50.43116],[5.23665,50.43822],[5.23004,50.44412],[5.22297,50.44431],[5.21017,50.45915],[5.19897,50.47879],[5.17994,50.47594],[5.17229,50.46941],[5.1639,50.46761],[5.14964,50.48247],[5.15957,50.48716],[5.15726,50.48951],[5.1393,50.48669],[5.13293,50.49045],[5.13425,50.49635],[5.12923,50.50277],[5.14484,50.50865],[5.14234,50.51209],[5.11528,50.50381],[5.10123,50.50883],[5.09482,50.51513],[5.09773,50.51666],[5.09401,50.51854],[5.09785,50.52002],[5.08978,50.52571],[5.0947,50.52601],[5.09289,50.52938],[5.03426,50.53175],[5.03832,50.53712],[5.0542,50.5411],[5.04657,50.55108],[5.05104,50.55536],[5.04437,50.55763],[5.04851,50.5607],[5.03341,50.57068],[5.02969,50.57929],[5.03434,50.58226],[5.02761,50.5845],[5.02848,50.58881],[5.00135,50.59868],[4.9992,50.60016],[4.99979,50.6057],[5.00293,50.60682],[5.00072,50.61007],[4.97953,50.61852],[4.98798,50.62593],[4.98206,50.63462],[4.98989,50.63677],[4.98332,50.64223],[4.97893,50.63953],[4.96653,50.64812],[4.95669,50.64507],[4.95353,50.64786],[4.94115,50.64337],[4.9411,50.63597],[4.92937,50.62744],[4.91464,50.62585],[4.90017,50.62894],[4.89774,50.628],[4.90153,50.62264],[4.86166,50.61755],[4.8389,50.60974],[4.81699,50.60933],[4.80049,50.60252],[4.79965,50.60455],[4.78659,50.60181],[4.79609,50.59189],[4.7912,50.58972],[4.78677,50.59832],[4.77965,50.60107],[4.76619,50.59976],[4.7432,50.58887],[4.74658,50.59244],[4.74028,50.59776],[4.74549,50.60069],[4.74355,50.60373],[4.73676,50.60531],[4.73866,50.60886],[4.73118,50.60838],[4.72726,50.61143],[4.70707,50.60413],[4.71198,50.60109],[4.7099,50.59973],[4.71198,50.59624],[4.70477,50.59422],[4.69716,50.59922],[4.67843,50.60272],[4.6725,50.6083],[4.66024,50.60445],[4.65583,50.59536],[4.65708,50.58586],[4.66181,50.57694],[4.67344,50.57116],[4.66863,50.56575],[4.64462,50.56019],[4.64189,50.565],[4.63744,50.56266],[4.63373,50.56621],[4.62196,50.56165],[4.61792,50.56969],[4.61111,50.56751],[4.60226,50.56935],[4.58912,50.56242],[4.57498,50.5608],[4.5805,50.53022],[4.57398,50.52125],[4.56575,50.51956],[4.56252,50.50824],[4.55723,50.50569],[4.55946,50.49962],[4.56433,50.49689],[4.55968,50.49322],[4.56205,50.48936],[4.579,50.49958],[4.58546,50.49567],[4.59385,50.49927],[4.58636,50.49371],[4.59021,50.49082],[4.58741,50.48985],[4.60053,50.47685],[4.59483,50.46738],[4.58714,50.46304],[4.58879,50.45751],[4.58486,50.45437],[4.57309,50.45404],[4.58405,50.44582],[4.5817,50.44222],[4.57251,50.44186],[4.57798,50.43789],[4.58391,50.43849],[4.5825,50.43166],[4.58938,50.43284],[4.60482,50.42652],[4.61352,50.43027],[4.61708,50.42487],[4.61045,50.42189],[4.60365,50.40288],[4.59439,50.40185],[4.59392,50.39842],[4.58401,50.39811],[4.60596,50.38612],[4.60584,50.38273],[4.5918,50.37963],[4.59531,50.3771],[4.59426,50.37212],[4.58637,50.36711],[4.58205,50.35817],[4.58909,50.34976],[4.58261,50.34196],[4.59377,50.3399],[4.594,50.32632],[4.58887,50.32339],[4.59131,50.32235],[4.56465,50.32285],[4.51759,50.3146],[4.51788,50.31857],[4.50528,50.32162],[4.50794,50.32507],[4.50459,50.32897],[4.47489,50.32755],[4.47086,50.31878],[4.46345,50.31355],[4.46602,50.31033],[4.45694,50.30481],[4.43478,50.30753],[4.43185,50.31028],[4.41906,50.30556],[4.40229,50.31111],[4.40018,50.30994],[4.40458,50.30467],[4.39872,50.29695],[4.38666,50.29009],[4.36943,50.29208],[4.36852,50.28513],[4.36129,50.28313],[4.36247,50.27947],[4.3581,50.27526],[4.35094,50.2783],[4.34135,50.27868],[4.33745,50.27486],[4.33783,50.27771],[4.32849,50.27756],[4.3268,50.27233],[4.31679,50.27241],[4.32033,50.26896],[4.31855,50.26782],[4.30955,50.26996],[4.30591,50.26475],[4.29617,50.26294],[4.28685,50.25578],[4.28964,50.25369],[4.28595,50.24992],[4.29318,50.25026],[4.2954,50.24524],[4.30835,50.24182],[4.30923,50.23797],[4.34508,50.22733],[4.36674,50.2434],[4.37934,50.23847],[4.38707,50.23929],[4.38882,50.2339],[4.40164,50.23227],[4.39429,50.22127],[4.39887,50.21337],[4.39125,50.21164],[4.39266,50.2025],[4.38906,50.20009],[4.3925,50.19788],[4.39074,50.19435],[4.39573,50.19325],[4.39742,50.18507],[4.39301,50.18093],[4.36157,50.17068],[4.36533,50.15721],[4.3756,50.15688],[4.376,50.153],[4.38496,50.15037],[4.38859,50.14283],[4.38443,50.13588],[4.401,50.12294],[4.38577,50.10832],[4.39407,50.08117],[4.39019,50.06722],[4.39557,50.05756],[4.38972,50.05125],[4.39364,50.04769],[4.40045,50.05105],[4.40158,50.04808],[4.40604,50.0496],[4.40916,50.04512],[4.40634,50.03695],[4.40859,50.03725],[4.4152,50.01221],[4.41331,49.99882],[4.42327,49.98328],[4.43603,49.97101],[4.44549,49.95375],[4.43275,49.94181]]]}},{"type":"Feature","properties":{"id":"BEL:ADM1:BEL-3477","name":"Luxembourg","countryCode":"BEL"},"geometry":{"type":"Polygon","coordinates":[[[6.0345,50.20585],[6.02722,50.21],[6.02017,50.2058],[6.01165,50.20563],[6.01521,50.21477],[6.01201,50.21842],[6.0128,50.2258],[6.00865,50.23842],[6.01671,50.25287],[6.0114,50.27005],[6.01692,50.29953],[6.01387,50.30206],[6.01371,50.31064],[6.00923,50.31424],[5.98346,50.32025],[5.97867,50.32699],[5.9802,50.32984],[5.96089,50.32742],[5.95385,50.33437],[5.93694,50.33835],[5.9284,50.33254],[5.92191,50.33277],[5.90108,50.3394],[5.88332,50.34018],[5.86207,50.34841],[5.85128,50.33554],[5.85052,50.32682],[5.86262,50.32509],[5.86656,50.31901],[5.8692,50.31941],[5.86917,50.31402],[5.86329,50.30423],[5.85486,50.30008],[5.85904,50.29568],[5.84598,50.28844],[5.8449,50.28054],[5.86552,50.28273],[5.88139,50.28037],[5.87683,50.27591],[5.87325,50.27657],[5.87046,50.26839],[5.86196,50.26848],[5.83982,50.26128],[5.82724,50.26665],[5.80984,50.26432],[5.80762,50.25436],[5.80602,50.26096],[5.79982,50.26514],[5.78184,50.26273],[5.76435,50.26825],[5.75103,50.26597],[5.74487,50.26059],[5.72359,50.26091],[5.71756,50.2667],[5.73151,50.27514],[5.73523,50.28865],[5.74774,50.29555],[5.74813,50.30115],[5.72714,50.3038],[5.72364,50.30178],[5.70783,50.31806],[5.70293,50.32915],[5.70906,50.32894],[5.71384,50.33319],[5.71378,50.33831],[5.70948,50.34288],[5.71442,50.34669],[5.71083,50.34815],[5.72,50.35294],[5.72025,50.35807],[5.71095,50.35799],[5.70657,50.36109],[5.69652,50.35715],[5.67029,50.35677],[5.67086,50.36341],[5.67584,50.36851],[5.6468,50.36566],[5.63066,50.37208],[5.63646,50.37574],[5.61338,50.38266],[5.59385,50.39826],[5.57032,50.397],[5.55382,50.38853],[5.53565,50.39212],[5.52883,50.39684],[5.53622,50.40207],[5.53287,50.40427],[5.52034,50.40247],[5.51898,50.41026],[5.50975,50.41373],[5.5132,50.41812],[5.51058,50.41934],[5.51565,50.4207],[5.51119,50.42245],[5.51228,50.42506],[5.47668,50.41418],[5.46756,50.40761],[5.45586,50.40995],[5.45901,50.41268],[5.45071,50.41747],[5.45311,50.42133],[5.44109,50.42068],[5.43369,50.4241],[5.43533,50.42581],[5.42897,50.4305],[5.40654,50.42556],[5.40859,50.41493],[5.40655,50.41253],[5.42229,50.41282],[5.42895,50.40283],[5.39577,50.38375],[5.39711,50.38102],[5.39323,50.37936],[5.40156,50.37358],[5.39756,50.36934],[5.40259,50.36781],[5.38105,50.35028],[5.386,50.34413],[5.39648,50.34093],[5.39504,50.33543],[5.37696,50.32673],[5.3513,50.32147],[5.34242,50.31594],[5.34159,50.31133],[5.3475,50.30501],[5.36189,50.3176],[5.38102,50.31377],[5.3884,50.31613],[5.39274,50.3096],[5.39013,50.30689],[5.39394,50.29943],[5.38877,50.298],[5.39546,50.29416],[5.39482,50.28712],[5.37694,50.2782],[5.35876,50.2752],[5.33229,50.25509],[5.31212,50.24503],[5.29352,50.23932],[5.28321,50.24902],[5.27323,50.24262],[5.25192,50.23808],[5.26016,50.2328],[5.26167,50.23018],[5.25871,50.22729],[5.23438,50.22196],[5.22868,50.22779],[5.20648,50.21655],[5.2318,50.2149],[5.23451,50.21],[5.24613,50.20386],[5.2343,50.19554],[5.24945,50.19376],[5.24272,50.18727],[5.26621,50.1682],[5.27229,50.15925],[5.28087,50.15871],[5.2741,50.15604],[5.28188,50.15552],[5.28335,50.14786],[5.27353,50.1452],[5.27117,50.14032],[5.26524,50.14272],[5.24263,50.13427],[5.24735,50.1272],[5.25377,50.12846],[5.26816,50.11908],[5.26926,50.11184],[5.26287,50.10847],[5.23712,50.11025],[5.22672,50.10705],[5.22697,50.10235],[5.20026,50.09639],[5.19967,50.09989],[5.18848,50.09772],[5.1888,50.10041],[5.15838,50.10044],[5.15283,50.09431],[5.13658,50.09442],[5.13266,50.09884],[5.12258,50.09969],[5.07169,50.09335],[5.0604,50.10786],[5.06833,50.11749],[5.06614,50.11887],[5.06887,50.123],[5.06584,50.1231],[5.0528,50.08788],[5.05331,50.08234],[5.06072,50.08031],[5.06059,50.07773],[5.05835,50.07514],[5.04922,50.07789],[5.05464,50.07315],[5.05395,50.0667],[5.04677,50.06131],[5.0425,50.06209],[5.04174,50.05341],[5.02857,50.04979],[5.02542,50.0439],[5.0113,50.03815],[4.9975,50.04526],[4.99387,50.03143],[4.98838,50.02748],[4.97865,50.03078],[4.97299,50.02899],[4.99124,50.01583],[4.99692,50.01488],[4.99442,50.0071],[5.01265,49.99732],[5.01246,49.99236],[5.0065,49.98883],[5.00867,49.98134],[5.02919,49.97809],[5.04309,49.98122],[5.05078,49.98669],[5.05279,49.98351],[5.06674,49.98192],[5.06736,49.97383],[5.07906,49.96692],[5.10113,49.96123],[5.10263,49.94694],[5.09838,49.93694],[5.11,49.92535],[5.1196,49.92238],[5.09845,49.92049],[5.08118,49.91282],[5.07198,49.91249],[5.0637,49.90039],[5.05753,49.89712],[5.04683,49.89824],[5.04287,49.89238],[5.04962,49.89005],[5.04822,49.88825],[5.06272,49.88666],[5.05868,49.88336],[5.03574,49.87201],[5.0206,49.8729],[5.02655,49.87074],[5.02594,49.86511],[5.01208,49.85788],[4.98952,49.85292],[4.98786,49.84653],[4.9814,49.84284],[4.98533,49.83854],[4.98413,49.82698],[4.99052,49.8238],[4.98743,49.8204],[4.97733,49.81993],[4.98115,49.81645],[4.96944,49.81083],[4.96876,49.80158],[4.99742,49.79991],[4.99684,49.79505],[5.00709,49.78729],[5.00817,49.7819],[5.03729,49.77181],[5.06167,49.76726],[5.06291,49.76215],[5.08538,49.76314],[5.08805,49.76643],[5.0936,49.76396],[5.11909,49.73833],[5.12493,49.72698],[5.12295,49.71732],[5.12592,49.71644],[5.12603,49.71244],[5.14114,49.71341],[5.14364,49.7093],[5.1538,49.71872],[5.16592,49.71181],[5.1641,49.69337],[5.19188,49.69492],[5.19626,49.69196],[5.20568,49.69618],[5.21786,49.68761],[5.23155,49.6917],[5.2429,49.68922],[5.24265,49.68475],[5.2562,49.69417],[5.26852,49.69654],[5.28087,49.68944],[5.28509,49.68262],[5.30927,49.67182],[5.33233,49.65459],[5.31825,49.64638],[5.305,49.63031],[5.30482,49.62461],[5.311,49.61839],[5.31235,49.61145],[5.32583,49.61614],[5.34064,49.61668],[5.33829,49.61829],[5.34344,49.62202],[5.34625,49.6307],[5.35211,49.63099],[5.36392,49.62321],[5.37455,49.6237],[5.41115,49.60833],[5.41805,49.59958],[5.43119,49.59256],[5.42866,49.58991],[5.43781,49.56938],[5.45691,49.56682],[5.44756,49.55421],[5.44143,49.55197],[5.46545,49.53893],[5.46717,49.52583],[5.46046,49.52574],[5.45537,49.52021],[5.44727,49.51811],[5.466,49.50882],[5.46498,49.49918],[5.47176,49.49697],[5.47923,49.50028],[5.48391,49.50748],[5.50469,49.50719],[5.54096,49.51514],[5.54581,49.52383],[5.55668,49.5292],[5.56377,49.52549],[5.57117,49.528],[5.59114,49.52293],[5.60092,49.51681],[5.60346,49.50893],[5.61095,49.50598],[5.62148,49.51912],[5.61577,49.52727],[5.62242,49.5347],[5.63298,49.53944],[5.63078,49.54201],[5.63377,49.54437],[5.64363,49.54695],[5.64331,49.55065],[5.66072,49.55354],[5.66935,49.54841],[5.68221,49.54802],[5.68117,49.5453],[5.6909,49.54623],[5.70514,49.53887],[5.71878,49.5393],[5.72501,49.54457],[5.73396,49.54556],[5.73242,49.54407],[5.73831,49.53881],[5.75782,49.54296],[5.75594,49.55627],[5.75993,49.55842],[5.75844,49.56142],[5.77121,49.56332],[5.78553,49.55764],[5.79197,49.55174],[5.80786,49.55078],[5.81861,49.54637],[5.82591,49.55228],[5.82803,49.54987],[5.84238,49.5531],[5.84661,49.55789],[5.8432,49.56071],[5.87267,49.5741],[5.86958,49.57666],[5.87186,49.57961],[5.86622,49.58063],[5.87334,49.58355],[5.86975,49.58908],[5.86299,49.58615],[5.85014,49.58694],[5.84781,49.59593],[5.87654,49.6085],[5.87596,49.61974],[5.88643,49.62722],[5.88383,49.63298],[5.89228,49.63624],[5.89907,49.63445],[5.9078,49.63905],[5.90221,49.64583],[5.9018,49.65181],[5.90528,49.6549],[5.90294,49.65758],[5.90494,49.66108],[5.91069,49.66239],[5.90805,49.66572],[5.90166,49.66428],[5.902,49.66817],[5.89278,49.66628],[5.8898,49.67056],[5.88652,49.66795],[5.88225,49.67181],[5.86548,49.67598],[5.86209,49.68127],[5.8667,49.6945],[5.8867,49.70934],[5.87486,49.71584],[5.87532,49.72193],[5.87086,49.72171],[5.8654,49.72675],[5.84388,49.72127],[5.83529,49.7245],[5.82618,49.72361],[5.82425,49.72608],[5.82691,49.72687],[5.82699,49.73899],[5.83264,49.74156],[5.8304,49.74347],[5.83226,49.74684],[5.81794,49.75401],[5.81587,49.76222],[5.8095,49.76535],[5.80587,49.77417],[5.79213,49.78677],[5.79345,49.79055],[5.79027,49.79561],[5.78516,49.79624],[5.78111,49.79229],[5.77614,49.79475],[5.75538,49.79144],[5.75326,49.79347],[5.75109,49.81477],[5.7467,49.81536],[5.74347,49.82063],[5.7486,49.82435],[5.73947,49.8338],[5.74151,49.83916],[5.75046,49.83981],[5.74839,49.84649],[5.75638,49.84528],[5.75855,49.8488],[5.74578,49.85345],[5.76065,49.85653],[5.75495,49.86093],[5.75698,49.86524],[5.7527,49.86844],[5.75556,49.8729],[5.7647,49.8694],[5.77015,49.87253],[5.7744,49.86739],[5.7781,49.87217],[5.78384,49.8724],[5.77795,49.87583],[5.78276,49.87559],[5.78364,49.87812],[5.77051,49.88708],[5.73576,49.89698],[5.73976,49.90408],[5.76398,49.91567],[5.76066,49.91756],[5.76477,49.92401],[5.76416,49.93154],[5.77113,49.93174],[5.77059,49.93667],[5.77531,49.93773],[5.77057,49.94961],[5.77725,49.95777],[5.77504,49.96076],[5.79144,49.96183],[5.79587,49.96576],[5.80726,49.96238],[5.81072,49.96421],[5.81309,49.97249],[5.83045,49.97584],[5.83867,49.98226],[5.84044,49.98944],[5.83255,49.99046],[5.82352,49.99696],[5.81905,50.01286],[5.85257,50.02284],[5.85338,50.02772],[5.85997,50.02892],[5.85614,50.03614],[5.87,50.04594],[5.85447,50.05942],[5.86067,50.06914],[5.88689,50.07879],[5.8863,50.09069],[5.89466,50.10108],[5.89527,50.11222],[5.91437,50.12186],[5.9613,50.13139],[5.95857,50.1389],[5.96127,50.14992],[5.95812,50.15141],[5.96751,50.15498],[5.96183,50.16092],[5.96375,50.17256],[6.00316,50.17625],[6.02615,50.1833],[6.02073,50.19362],[6.03302,50.20127],[6.0345,50.20585]]]}},{"type":"Feature","properties":{"id":"BEL:ADM1:BEL-3478","name":"East Flanders","countryCode":"BEL"},"geometry":{"type":"Polygon","coordinates":[[[4.31857,51.27574],[4.3008,51.26145],[4.291,51.26022],[4.28936,51.25411],[4.29628,51.25003],[4.2996,51.23195],[4.29743,51.23069],[4.31066,51.21249],[4.3018,51.21177],[4.30353,51.20746],[4.30696,51.20413],[4.31511,51.20717],[4.32071,51.19326],[4.31677,51.18788],[4.32945,51.18517],[4.33017,51.15478],[4.32544,51.1343],[4.31485,51.12736],[4.27677,51.12306],[4.24739,51.11479],[4.21217,51.12176],[4.19443,51.10867],[4.17482,51.10008],[4.17333,51.08919],[4.18666,51.08409],[4.18957,51.07938],[4.1865,51.06064],[4.19898,51.0584],[4.19871,51.0544],[4.18699,51.0464],[4.19001,51.0397],[4.19574,51.04009],[4.21358,51.03167],[4.23281,51.04325],[4.23916,51.04099],[4.23838,51.02011],[4.22116,51.01424],[4.23552,51.00399],[4.22048,50.99183],[4.22221,50.98963],[4.20919,50.98784],[4.20332,50.98369],[4.187,50.98229],[4.17028,50.9887],[4.15678,50.98699],[4.15712,50.97811],[4.15173,50.97344],[4.14963,50.97498],[4.14301,50.9655],[4.15911,50.9485],[4.16394,50.94885],[4.15924,50.94518],[4.16249,50.9429],[4.15272,50.93928],[4.16242,50.93225],[4.15784,50.92832],[4.15293,50.92893],[4.15265,50.92297],[4.14456,50.92531],[4.14384,50.92051],[4.13905,50.91698],[4.13699,50.92063],[4.12231,50.92272],[4.11964,50.9262],[4.11342,50.92556],[4.09579,50.9325],[4.08908,50.92665],[4.09196,50.91608],[4.10108,50.91002],[4.07425,50.89937],[4.0823,50.89133],[4.0896,50.88947],[4.08211,50.87838],[4.085,50.87647],[4.07991,50.87124],[4.06853,50.86975],[4.06416,50.86407],[4.06455,50.85945],[4.05762,50.85355],[4.05864,50.84842],[4.05166,50.84191],[4.04069,50.83773],[4.0483,50.83252],[4.06672,50.83491],[4.06948,50.83342],[4.06895,50.82549],[4.07573,50.81928],[4.06743,50.79969],[4.0529,50.78412],[4.04902,50.78635],[4.0402,50.78259],[4.04116,50.77945],[4.03644,50.77746],[4.02648,50.78185],[4.01492,50.77068],[3.99871,50.77888],[3.98555,50.76614],[3.96865,50.76687],[3.97202,50.77562],[3.96337,50.77577],[3.9601,50.7797],[3.94972,50.77703],[3.94171,50.77288],[3.93127,50.75874],[3.93339,50.74644],[3.94534,50.74981],[3.94781,50.73999],[3.95436,50.73753],[3.9525,50.73309],[3.94547,50.73236],[3.944,50.72918],[3.93451,50.73087],[3.91977,50.72752],[3.9132,50.733],[3.9064,50.72874],[3.89573,50.73295],[3.8927,50.73503],[3.8977,50.73854],[3.87991,50.75155],[3.86622,50.74803],[3.85744,50.75166],[3.85795,50.74753],[3.85203,50.74864],[3.83849,50.74148],[3.81876,50.74467],[3.81538,50.75072],[3.77535,50.74773],[3.77264,50.75413],[3.76093,50.76161],[3.75336,50.77127],[3.75843,50.78039],[3.7484,50.7744],[3.74223,50.77517],[3.73795,50.7706],[3.71485,50.76742],[3.71134,50.77083],[3.71435,50.7734],[3.70903,50.77471],[3.71338,50.78025],[3.71027,50.78186],[3.69665,50.77352],[3.67799,50.77237],[3.67525,50.7686],[3.67728,50.76707],[3.66949,50.76389],[3.67299,50.75879],[3.66729,50.75448],[3.6595,50.75423],[3.6588,50.74685],[3.64214,50.73799],[3.64045,50.72229],[3.63078,50.72096],[3.6206,50.724],[3.61025,50.73234],[3.56839,50.72811],[3.55931,50.73416],[3.54115,50.73307],[3.54771,50.74728],[3.53869,50.75741],[3.53889,50.76425],[3.49235,50.75767],[3.47822,50.75918],[3.4814,50.76148],[3.46662,50.7647],[3.45952,50.76172],[3.45972,50.76597],[3.48264,50.77906],[3.49726,50.79182],[3.51677,50.79619],[3.52367,50.80499],[3.50902,50.81489],[3.50554,50.82127],[3.507,50.8242],[3.49869,50.82447],[3.49983,50.82796],[3.50462,50.82686],[3.51301,50.83067],[3.51203,50.83479],[3.49958,50.83821],[3.50323,50.84119],[3.49233,50.84629],[3.48906,50.85421],[3.48059,50.85783],[3.4687,50.85357],[3.46519,50.86209],[3.46217,50.86097],[3.45158,50.86738],[3.45648,50.8682],[3.45712,50.87609],[3.46441,50.87438],[3.46965,50.87661],[3.4745,50.8828],[3.47078,50.88968],[3.47652,50.8958],[3.45998,50.90754],[3.45306,50.90756],[3.44518,50.9006],[3.4313,50.89695],[3.41553,50.90439],[3.41969,50.9108],[3.42699,50.91187],[3.42725,50.91577],[3.43381,50.91801],[3.42438,50.92636],[3.42434,50.93004],[3.43355,50.93348],[3.4412,50.92967],[3.45313,50.92898],[3.45603,50.93721],[3.44217,50.93716],[3.43766,50.94123],[3.46151,50.94345],[3.45438,50.94954],[3.45279,50.94782],[3.44459,50.95212],[3.43175,50.94729],[3.42571,50.95054],[3.422,50.94894],[3.41509,50.95349],[3.41336,50.95831],[3.44419,50.96669],[3.43264,50.9706],[3.42647,50.9763],[3.42626,50.98093],[3.43355,50.9844],[3.4335,50.98886],[3.45046,50.99462],[3.44497,50.99899],[3.4526,51.00564],[3.44731,51.00998],[3.44712,51.01566],[3.43136,51.02737],[3.43156,51.03205],[3.4227,51.03855],[3.43703,51.03897],[3.446,51.04731],[3.43484,51.05427],[3.41965,51.05557],[3.41974,51.06269],[3.39352,51.06829],[3.39074,51.07016],[3.39227,51.07256],[3.37153,51.08463],[3.33129,51.09888],[3.34133,51.10507],[3.35024,51.10648],[3.35524,51.11229],[3.37607,51.11796],[3.37453,51.11939],[3.38153,51.12428],[3.37963,51.12775],[3.39051,51.13142],[3.40203,51.147],[3.40539,51.14678],[3.40122,51.15182],[3.41092,51.15989],[3.40659,51.15965],[3.38768,51.18131],[3.38661,51.18738],[3.37468,51.19052],[3.36533,51.18686],[3.36042,51.19192],[3.36628,51.19344],[3.36485,51.19664],[3.37767,51.19699],[3.38531,51.20313],[3.37662,51.22131],[3.37054,51.22079],[3.36686,51.22741],[3.3992,51.23726],[3.39526,51.25234],[3.38069,51.27431],[3.38823,51.27298],[3.40781,51.25681],[3.41713,51.25978],[3.42459,51.25453],[3.42739,51.24463],[3.44825,51.24156],[3.52797,51.24631],[3.51544,51.28719],[3.5292,51.28878],[3.5336,51.28353],[3.53827,51.2837],[3.54328,51.29121],[3.55518,51.28978],[3.56263,51.29588],[3.5819,51.28695],[3.58336,51.29225],[3.58775,51.2931],[3.58107,51.2983],[3.59022,51.30606],[3.62146,51.29279],[3.64082,51.28818],[3.65838,51.29019],[3.67803,51.28059],[3.68978,51.28072],[3.6937,51.27609],[3.71033,51.27251],[3.75237,51.27036],[3.76254,51.26182],[3.76921,51.25989],[3.77466,51.26354],[3.79551,51.25598],[3.78941,51.24548],[3.78957,51.21594],[3.80432,51.20779],[3.80353,51.21313],[3.80607,51.21335],[3.82103,51.20925],[3.83644,51.21371],[3.85943,51.21083],[3.88863,51.22293],[3.8933,51.21858],[3.89023,51.21386],[3.87783,51.208],[3.88637,51.20041],[3.91845,51.20819],[3.91594,51.21471],[3.92939,51.2202],[3.93602,51.21187],[3.95913,51.21603],[3.96429,51.22382],[3.97895,51.22534],[3.9859,51.23392],[4.015,51.2451],[4.02094,51.24533],[4.02448,51.24152],[4.03655,51.24563],[4.04067,51.2413],[4.06176,51.24454],[4.16612,51.29287],[4.24066,51.35296],[4.24445,51.35238],[4.24903,51.34667],[4.25611,51.32844],[4.26918,51.31846],[4.26831,51.3162],[4.27534,51.30283],[4.28505,51.29739],[4.30429,51.29383],[4.30665,51.28974],[4.30812,51.28364],[4.30543,51.2766],[4.29868,51.2696],[4.29672,51.26756],[4.30836,51.27123],[4.31642,51.27684],[4.32022,51.28192],[4.31857,51.27574]]]}},{"type":"Feature","properties":{"id":"BEL:ADM1:BEL-3479","name":"West Flanders","countryCode":"BEL"},"geometry":{"type":"Polygon","coordinates":[[[3.2276,51.33987],[3.36716,51.36814],[3.37495,51.35896],[3.37405,51.34859],[3.38354,51.34124],[3.38533,51.3342],[3.35835,51.31502],[3.37768,51.30257],[3.36601,51.29742],[3.38087,51.28688],[3.38194,51.28194],[3.37529,51.27852],[3.38449,51.27041],[3.38358,51.26698],[3.39526,51.25234],[3.3992,51.23726],[3.36686,51.22741],[3.37054,51.22079],[3.37662,51.22131],[3.38531,51.20313],[3.37767,51.19699],[3.36485,51.19664],[3.36628,51.19344],[3.36042,51.19192],[3.36533,51.18686],[3.37468,51.19052],[3.38661,51.18738],[3.38768,51.18131],[3.40659,51.15965],[3.41092,51.15989],[3.40122,51.15182],[3.40539,51.14678],[3.40203,51.147],[3.39051,51.13142],[3.37963,51.12775],[3.38153,51.12428],[3.37453,51.11939],[3.37607,51.11796],[3.35524,51.11229],[3.35024,51.10648],[3.34133,51.10507],[3.33129,51.09888],[3.37153,51.08463],[3.39227,51.07256],[3.39074,51.07016],[3.39352,51.06829],[3.41974,51.06269],[3.41965,51.05557],[3.43484,51.05427],[3.446,51.04731],[3.43703,51.03897],[3.4227,51.03855],[3.43156,51.03205],[3.43136,51.02737],[3.44712,51.01566],[3.44731,51.00998],[3.4526,51.00564],[3.44497,50.99899],[3.45046,50.99462],[3.4335,50.98886],[3.43355,50.9844],[3.42626,50.98093],[3.42647,50.9763],[3.43264,50.9706],[3.44419,50.96669],[3.41336,50.95831],[3.41509,50.95349],[3.422,50.94894],[3.42571,50.95054],[3.43175,50.94729],[3.44459,50.95212],[3.45279,50.94782],[3.45438,50.94954],[3.46151,50.94345],[3.43766,50.94123],[3.44217,50.93716],[3.45603,50.93721],[3.45313,50.92898],[3.4412,50.92967],[3.43355,50.93348],[3.42434,50.93004],[3.42438,50.92636],[3.43381,50.91801],[3.42725,50.91577],[3.42699,50.91187],[3.41969,50.9108],[3.41553,50.90439],[3.4313,50.89695],[3.44518,50.9006],[3.45306,50.90756],[3.45998,50.90754],[3.47652,50.8958],[3.47078,50.88968],[3.4745,50.8828],[3.46965,50.87661],[3.46441,50.87438],[3.45712,50.87609],[3.45648,50.8682],[3.45158,50.86738],[3.46217,50.86097],[3.46519,50.86209],[3.4687,50.85357],[3.48059,50.85783],[3.48906,50.85421],[3.49233,50.84629],[3.50323,50.84119],[3.49958,50.83821],[3.51203,50.83479],[3.51301,50.83067],[3.50462,50.82686],[3.49983,50.82796],[3.49869,50.82447],[3.507,50.8242],[3.50554,50.82127],[3.50902,50.81489],[3.52367,50.80499],[3.51677,50.79619],[3.49726,50.79182],[3.48264,50.77906],[3.45972,50.76597],[3.45528,50.77127],[3.45376,50.76529],[3.45754,50.7635],[3.45424,50.75847],[3.43854,50.75859],[3.43549,50.75657],[3.43931,50.75532],[3.43707,50.75431],[3.43136,50.75647],[3.4335,50.74853],[3.40542,50.7463],[3.40391,50.73918],[3.39867,50.73594],[3.3992,50.73189],[3.36966,50.72637],[3.36075,50.71385],[3.36072,50.70949],[3.32383,50.7222],[3.32904,50.73101],[3.30564,50.7547],[3.29194,50.74937],[3.2841,50.75194],[3.26458,50.75064],[3.24805,50.75748],[3.24051,50.75648],[3.2275,50.76509],[3.22048,50.76591],[3.191,50.75554],[3.18536,50.7587],[3.18102,50.75522],[3.17134,50.75865],[3.17137,50.76235],[3.15092,50.78365],[3.15296,50.78559],[3.15057,50.79013],[3.12491,50.78644],[3.1142,50.7945],[3.10979,50.79288],[3.10536,50.78238],[3.08794,50.77308],[3.08007,50.77308],[3.05892,50.78075],[3.04086,50.77596],[3.03361,50.76983],[3.02435,50.77086],[3.0189,50.77369],[3.02943,50.78033],[3.01314,50.78365],[3.01465,50.79002],[3.00893,50.79659],[3.0151,50.80268],[3.01157,50.8075],[3.00007,50.81078],[2.96532,50.80178],[2.96026,50.79781],[2.93723,50.79367],[2.94666,50.79114],[2.95782,50.78221],[2.95995,50.77348],[2.945,50.77212],[2.91877,50.76395],[2.92213,50.75731],[2.8883,50.7533],[2.87863,50.76159],[2.87609,50.7612],[2.87774,50.75431],[2.87057,50.75461],[2.86949,50.75992],[2.85467,50.75765],[2.84215,50.7514],[2.8527,50.74044],[2.84225,50.73556],[2.8696,50.71311],[2.86319,50.70828],[2.84803,50.72303],[2.81926,50.7156],[2.81095,50.71747],[2.78969,50.72608],[2.79028,50.73159],[2.78159,50.74336],[2.7829,50.75149],[2.76601,50.75456],[2.76143,50.75926],[2.76304,50.76287],[2.75639,50.7627],[2.76194,50.77102],[2.75276,50.7776],[2.7384,50.78035],[2.72941,50.79211],[2.72597,50.79233],[2.72095,50.80227],[2.72587,50.80906],[2.72393,50.81067],[2.71311,50.81541],[2.67892,50.81345],[2.66922,50.82272],[2.65577,50.81347],[2.63515,50.81295],[2.62543,50.8367],[2.61652,50.8395],[2.61668,50.84802],[2.61132,50.85032],[2.5991,50.84888],[2.59906,50.85307],[2.61217,50.86352],[2.61289,50.86752],[2.60614,50.87403],[2.61029,50.88011],[2.60437,50.88618],[2.60933,50.89448],[2.604,50.90468],[2.60797,50.91008],[2.60372,50.91662],[2.59436,50.91439],[2.59016,50.91886],[2.61774,50.93477],[2.61789,50.94144],[2.63018,50.94329],[2.63276,50.9463],[2.61938,50.96741],[2.61081,50.97372],[2.60919,50.98145],[2.60647,50.98196],[2.61002,50.98541],[2.60713,50.99118],[2.59274,50.9931],[2.57397,51.00331],[2.57539,51.00618],[2.57111,51.01056],[2.57599,51.01392],[2.5621,51.05845],[2.56294,51.06465],[2.54543,51.08906],[2.64941,51.12902],[2.68175,51.13678],[2.72131,51.15339],[2.75889,51.16484],[2.90169,51.22641],[2.91698,51.23556],[2.92268,51.23498],[2.92446,51.23799],[2.98367,51.25884],[3.0502,51.28703],[3.07526,51.30116],[3.11044,51.31319],[3.10942,51.31509],[3.11286,51.31281],[3.13752,51.31945],[3.13594,51.32168],[3.14014,51.31993],[3.18129,51.33062],[3.17576,51.33999],[3.22675,51.35034],[3.2276,51.33987]]]}},{"type":"Feature","properties":{"id":"BEL:ADM1:BEL-3480","name":"Antwerp","countryCode":"BEL"},"geometry":{"type":"MultiPolygon","coordinates":[[[[4.42183,51.3653],[4.43124,51.36385],[4.42487,51.37123],[4.43149,51.37491],[4.39144,51.4081],[4.38345,51.42092],[4.39136,51.42725],[4.39519,51.42685],[4.39469,51.43159],[4.3924,51.43143],[4.39272,51.43274],[4.3973,51.43153],[4.39898,51.43524],[4.39548,51.43549],[4.39685,51.44173],[4.39205,51.44625],[4.3795,51.44665],[4.38285,51.45021],[4.44239,51.46861],[4.46538,51.47131],[4.47656,51.47823],[4.53803,51.48233],[4.5479,51.47358],[4.53014,51.44949],[4.53545,51.42304],[4.57462,51.43283],[4.63018,51.42592],[4.64127,51.42201],[4.65167,51.42682],[4.6696,51.42643],[4.66656,51.44442],[4.69316,51.45176],[4.70325,51.46695],[4.7169,51.46883],[4.71589,51.4711],[4.72962,51.48432],[4.74636,51.4894],[4.75266,51.49978],[4.77905,51.50462],[4.78315,51.4995],[4.79818,51.49971],[4.81586,51.49444],[4.82096,51.48306],[4.84197,51.48072],[4.83623,51.46125],[4.84413,51.45912],[4.83853,51.45599],[4.83519,51.45873],[4.82336,51.44855],[4.82815,51.42218],[4.84143,51.42241],[4.83646,51.41729],[4.82621,51.4231],[4.80546,51.42866],[4.79283,51.42855],[4.78424,51.43256],[4.76646,51.43051],[4.77292,51.41352],[4.78915,51.40895],[4.84978,51.41431],[4.86738,51.40906],[4.86636,51.4115],[4.87364,51.41482],[4.88615,51.41657],[4.89804,51.41173],[4.90031,51.41468],[4.90322,51.4136],[4.89995,51.41056],[4.90391,51.41241],[4.90987,51.40738],[4.91011,51.40237],[4.91794,51.40049],[4.91849,51.39756],[4.92416,51.39787],[4.91391,51.39505],[4.9209,51.39359],[4.9282,51.39538],[4.92474,51.39873],[4.92806,51.39973],[4.92875,51.39582],[4.96297,51.42215],[5.00447,51.44395],[5.00544,51.4508],[5.01098,51.45555],[5.00728,51.4644],[5.01084,51.47225],[5.02403,51.48259],[5.03877,51.48719],[5.03789,51.47934],[5.04584,51.471],[5.07925,51.47131],[5.10487,51.43139],[5.07118,51.39345],[5.1317,51.34713],[5.13448,51.31549],[5.16281,51.31036],[5.17289,51.31576],[5.20026,51.32263],[5.24179,51.30543],[5.22599,51.2683],[5.23762,51.26153],[5.21609,51.24704],[5.2145,51.22081],[5.21714,51.21138],[5.23872,51.20128],[5.26025,51.1837],[5.261,51.14697],[5.25668,51.14718],[5.23531,51.13277],[5.2221,51.13916],[5.20486,51.13982],[5.20321,51.12935],[5.1981,51.12376],[5.18181,51.11822],[5.1319,51.11779],[5.12667,51.10822],[5.10308,51.09649],[5.09497,51.08541],[5.03506,51.07391],[5.01142,51.07448],[5.00867,51.05741],[4.99706,51.05617],[4.98157,51.03489],[4.98129,51.03906],[4.9715,51.03688],[4.9665,51.04615],[4.94742,51.03733],[4.91153,51.03518],[4.9035,51.02971],[4.90433,51.02562],[4.89667,51.02277],[4.88243,51.01963],[4.87255,51.02361],[4.84306,51.01235],[4.80956,51.01111],[4.80822,51.01371],[4.81114,51.0162],[4.80884,51.01798],[4.81123,51.01937],[4.80226,51.02803],[4.79673,51.02831],[4.78932,51.03893],[4.77492,51.03516],[4.75831,51.0232],[4.73799,51.02689],[4.73093,51.02446],[4.73097,51.02008],[4.70972,51.0123],[4.70338,50.99994],[4.6953,50.99913],[4.70977,51.01396],[4.69,51.01625],[4.68533,51.02411],[4.66194,51.01879],[4.63607,51.01762],[4.62936,51.01045],[4.60563,51.01124],[4.60444,51.00032],[4.59853,50.99841],[4.5996,50.99281],[4.58836,50.99376],[4.58314,50.9902],[4.57871,50.99199],[4.58166,50.99293],[4.57779,50.998],[4.5744,50.99531],[4.57083,50.9984],[4.56944,50.99616],[4.57289,50.99576],[4.56953,50.99391],[4.56222,50.99741],[4.56535,51.00093],[4.55161,51.00343],[4.53064,50.99748],[4.53195,50.99468],[4.52866,50.99226],[4.49183,51.00932],[4.48618,51.00543],[4.48931,50.99617],[4.48016,50.99116],[4.46944,50.99501],[4.46535,50.99308],[4.45386,51.00594],[4.42607,50.99923],[4.42113,50.99525],[4.41775,50.99952],[4.41065,50.99988],[4.39532,50.99568],[4.39172,50.99909],[4.39447,51.00047],[4.39346,51.00326],[4.38975,51.00411],[4.38987,51.01114],[4.37018,51.01427],[4.37315,51.02235],[4.3814,51.02935],[4.37367,51.03042],[4.37583,51.02755],[4.3648,51.02412],[4.35956,51.01685],[4.34895,51.01885],[4.34294,51.01666],[4.34229,51.01966],[4.34938,51.02468],[4.34635,51.0273],[4.32178,51.02698],[4.30934,51.03649],[4.28229,51.03992],[4.28069,51.04317],[4.26818,51.04223],[4.26552,51.03749],[4.24984,51.03442],[4.23281,51.04325],[4.21358,51.03167],[4.19574,51.04009],[4.19001,51.0397],[4.18699,51.0464],[4.19871,51.0544],[4.19898,51.0584],[4.1865,51.06064],[4.18957,51.07938],[4.18666,51.08409],[4.17333,51.08919],[4.17229,51.09351],[4.17908,51.10313],[4.19443,51.10867],[4.21217,51.12176],[4.24739,51.11479],[4.27677,51.12306],[4.31485,51.12736],[4.32544,51.1343],[4.33017,51.15478],[4.32945,51.18517],[4.31677,51.18788],[4.32071,51.19326],[4.31511,51.20717],[4.30696,51.20413],[4.30353,51.20746],[4.3018,51.21177],[4.31066,51.21249],[4.29743,51.23069],[4.2996,51.23195],[4.29628,51.25003],[4.28936,51.25411],[4.291,51.26022],[4.3008,51.26145],[4.31857,51.27574],[4.32022,51.28192],[4.33082,51.29609],[4.29713,51.30516],[4.28932,51.30915],[4.28541,51.31802],[4.28614,51.33967],[4.28305,51.35008],[4.27564,51.3581],[4.26108,51.36937],[4.25709,51.3725],[4.25535,51.37504],[4.33446,51.37763],[4.34109,51.35756],[4.38456,51.35431],[4.42183,51.3653]],[[4.87201,51.41296],[4.86935,51.41175],[4.87229,51.41179],[4.87201,51.41296]]],[[[4.27263,51.31582],[4.29078,51.30589],[4.30299,51.29609],[4.30429,51.29383],[4.28505,51.29739],[4.27534,51.30283],[4.26831,51.3162],[4.26918,51.31846],[4.27263,51.31582]]],[[[4.22218,51.36774],[4.24106,51.35659],[4.24473,51.35202],[4.24066,51.35296],[4.22512,51.36095],[4.22003,51.36854],[4.22153,51.36799],[4.22218,51.36774]]],[[[4.89139,51.42329],[4.88865,51.42478],[4.89097,51.42469],[4.89139,51.42329]]],[[[4.92556,51.43378],[4.91458,51.4352],[4.92125,51.43693],[4.91907,51.44069],[4.92151,51.4449],[4.91821,51.44587],[4.92409,51.44638],[4.92362,51.44394],[4.92803,51.44361],[4.92585,51.44271],[4.92829,51.43855],[4.93552,51.44629],[4.93992,51.44378],[4.93376,51.44093],[4.93648,51.43961],[4.9346,51.43862],[4.93989,51.43946],[4.93991,51.43613],[4.93637,51.43437],[4.93998,51.43419],[4.93969,51.43078],[4.92884,51.43048],[4.92556,51.43378]],[[4.92506,51.44166],[4.92228,51.43882],[4.92352,51.43772],[4.92506,51.44166]]],[[[4.93068,51.4504],[4.93105,51.44895],[4.92941,51.44957],[4.93068,51.4504]]],[[[4.92732,51.40825],[4.93603,51.40928],[4.93662,51.40544],[4.92907,51.4052],[4.93263,51.40627],[4.92732,51.40825]]],[[[4.94279,51.43513],[4.93991,51.43613],[4.9422,51.43651],[4.94279,51.43513]]],[[[4.94319,51.44015],[4.94225,51.43809],[4.94087,51.43925],[4.94319,51.44015]]],[[[4.94919,51.44468],[4.94987,51.44366],[4.94418,51.44355],[4.94776,51.44569],[4.94919,51.44468]]],[[[4.93174,51.4466],[4.93325,51.44829],[4.93424,51.4474],[4.93174,51.4466]]],[[[4.94776,51.45061],[4.95078,51.45163],[4.94945,51.45357],[4.95177,51.45244],[4.94793,51.44732],[4.94351,51.4487],[4.93997,51.44516],[4.93298,51.44963],[4.94776,51.45061]]]]}},{"type":"Feature","properties":{"id":"BEL:ADM1:BEL-3481","name":"Liège","countryCode":"BEL"},"geometry":{"type":"Polygon","coordinates":[[[5.68297,50.7548],[5.68241,50.76008],[5.69565,50.77222],[5.70126,50.78296],[5.69119,50.79574],[5.69894,50.80569],[5.69097,50.81231],[5.68719,50.81118],[5.68584,50.80385],[5.68023,50.80652],[5.67389,50.80516],[5.67305,50.80776],[5.6681,50.80467],[5.65307,50.80556],[5.64663,50.79355],[5.63821,50.7872],[5.62686,50.7823],[5.61576,50.78426],[5.60638,50.77903],[5.61017,50.77517],[5.60598,50.77711],[5.59229,50.77381],[5.59173,50.77013],[5.58014,50.7733],[5.57429,50.77182],[5.57,50.76419],[5.55291,50.76396],[5.54697,50.75853],[5.52219,50.75849],[5.51932,50.74733],[5.52431,50.74263],[5.49098,50.72743],[5.47867,50.72358],[5.4741,50.7261],[5.47562,50.73352],[5.467,50.73914],[5.46182,50.73882],[5.46304,50.73061],[5.45486,50.72676],[5.45279,50.7234],[5.4548,50.72174],[5.43547,50.72214],[5.43227,50.71821],[5.42808,50.72322],[5.42026,50.71892],[5.40236,50.72798],[5.40153,50.7351],[5.39385,50.73515],[5.38954,50.74792],[5.37612,50.74205],[5.37003,50.74667],[5.35039,50.74632],[5.33361,50.73533],[5.3138,50.72925],[5.30799,50.72385],[5.30986,50.71926],[5.30387,50.71597],[5.29605,50.72337],[5.27631,50.72861],[5.26995,50.72565],[5.26477,50.71761],[5.2575,50.71517],[5.24112,50.71677],[5.23688,50.72714],[5.23209,50.719],[5.22725,50.71744],[5.22418,50.72062],[5.2068,50.72097],[5.19432,50.71668],[5.17691,50.72347],[5.17463,50.72105],[5.17037,50.72259],[5.16763,50.71552],[5.17519,50.71455],[5.18085,50.70486],[5.16484,50.69553],[5.15623,50.69837],[5.14868,50.69547],[5.11961,50.70835],[5.10319,50.7093],[5.09579,50.70334],[5.07545,50.7091],[5.07061,50.70639],[5.06335,50.71357],[5.06513,50.71498],[5.05639,50.7157],[5.04387,50.72357],[5.04712,50.73146],[5.04273,50.73424],[5.04787,50.73933],[5.0197,50.75097],[5.01655,50.74366],[5.01703,50.73289],[5.01281,50.73056],[5.00871,50.73311],[5.00752,50.72901],[4.99715,50.72799],[4.99256,50.72371],[4.9976,50.72146],[4.99457,50.71732],[5.00996,50.7119],[5.00963,50.70715],[5.01725,50.70217],[5.0014,50.69389],[4.99652,50.67147],[5.00256,50.665],[4.98866,50.65358],[4.98814,50.64546],[4.98332,50.64223],[4.98989,50.63677],[4.98206,50.63462],[4.98798,50.62593],[4.97953,50.61852],[5.00072,50.61007],[5.00293,50.60682],[4.99979,50.6057],[4.9992,50.60016],[5.00135,50.59868],[5.02848,50.58881],[5.02761,50.5845],[5.03434,50.58226],[5.02969,50.57929],[5.03341,50.57068],[5.04851,50.5607],[5.04437,50.55763],[5.05104,50.55536],[5.04657,50.55108],[5.0542,50.5411],[5.03832,50.53712],[5.03426,50.53175],[5.09289,50.52938],[5.0947,50.52601],[5.08978,50.52571],[5.09785,50.52002],[5.09401,50.51854],[5.09773,50.51666],[5.09482,50.51513],[5.10123,50.50883],[5.11528,50.50381],[5.14234,50.51209],[5.14484,50.50865],[5.12923,50.50277],[5.13425,50.49635],[5.13293,50.49045],[5.1393,50.48669],[5.15726,50.48951],[5.15957,50.48716],[5.14964,50.48247],[5.1639,50.46761],[5.17229,50.46941],[5.17994,50.47594],[5.19897,50.47879],[5.21017,50.45915],[5.22297,50.44431],[5.23004,50.44412],[5.23665,50.43822],[5.23282,50.43116],[5.2365,50.42588],[5.22125,50.41728],[5.23701,50.40293],[5.25392,50.40025],[5.26003,50.40341],[5.27454,50.39898],[5.27573,50.3944],[5.28685,50.39431],[5.27926,50.38919],[5.28111,50.37836],[5.29726,50.36493],[5.35177,50.38866],[5.36342,50.38505],[5.36143,50.38112],[5.36784,50.37989],[5.38173,50.38679],[5.39323,50.37935],[5.39711,50.38102],[5.39577,50.38375],[5.42891,50.40271],[5.42229,50.41282],[5.40599,50.4138],[5.40859,50.41493],[5.40654,50.42556],[5.41892,50.42997],[5.42897,50.4305],[5.43533,50.42581],[5.43369,50.4241],[5.44109,50.42068],[5.45311,50.42133],[5.45071,50.41747],[5.45901,50.41268],[5.45586,50.40995],[5.46756,50.40761],[5.47668,50.41418],[5.51228,50.42506],[5.51119,50.42245],[5.51565,50.4207],[5.51058,50.41934],[5.5132,50.41812],[5.50975,50.41373],[5.51898,50.41026],[5.52034,50.40247],[5.53287,50.40427],[5.53622,50.40207],[5.52883,50.39684],[5.53565,50.39212],[5.55382,50.38853],[5.57032,50.397],[5.59385,50.39826],[5.61338,50.38266],[5.63646,50.37574],[5.63066,50.37208],[5.6468,50.36566],[5.67584,50.36851],[5.67086,50.36341],[5.67029,50.35677],[5.69652,50.35715],[5.70657,50.36109],[5.71095,50.35799],[5.72025,50.35807],[5.72,50.35293],[5.71083,50.34814],[5.71442,50.34669],[5.70948,50.34288],[5.71378,50.33831],[5.71384,50.33319],[5.70906,50.32894],[5.70293,50.32915],[5.70783,50.31806],[5.72364,50.30178],[5.72714,50.3038],[5.74813,50.30115],[5.74774,50.29555],[5.73523,50.28865],[5.73152,50.27512],[5.71756,50.26669],[5.72359,50.26091],[5.74487,50.26059],[5.75103,50.26597],[5.76435,50.26825],[5.78184,50.26273],[5.79982,50.26514],[5.80602,50.26096],[5.80762,50.25436],[5.80984,50.26432],[5.82724,50.26665],[5.83982,50.26128],[5.86196,50.26848],[5.87046,50.26839],[5.87325,50.27657],[5.88154,50.2789],[5.86552,50.28273],[5.8449,50.28054],[5.84598,50.28844],[5.85904,50.29568],[5.85486,50.30008],[5.86329,50.30423],[5.86917,50.31402],[5.8692,50.31941],[5.86656,50.31901],[5.86262,50.32509],[5.85052,50.32682],[5.85128,50.33554],[5.86207,50.34841],[5.88332,50.34018],[5.90108,50.3394],[5.92191,50.33277],[5.9284,50.33254],[5.93694,50.33835],[5.95385,50.33437],[5.96089,50.32742],[5.9802,50.32984],[5.97868,50.32698],[5.98346,50.32025],[6.00923,50.31424],[6.01371,50.31064],[6.01387,50.30206],[6.01692,50.29953],[6.0114,50.27005],[6.01671,50.25287],[6.00865,50.23842],[6.0128,50.2258],[6.01201,50.21842],[6.01521,50.21477],[6.01165,50.20563],[6.02017,50.2058],[6.02722,50.21],[6.03452,50.20584],[6.03303,50.20126],[6.0204,50.19189],[6.02616,50.18329],[6.03022,50.16444],[6.06365,50.15328],[6.07196,50.15737],[6.07895,50.15664],[6.07919,50.1708],[6.10246,50.17062],[6.11969,50.16338],[6.11497,50.15542],[6.12539,50.15002],[6.11731,50.14686],[6.11233,50.13611],[6.12068,50.13635],[6.13114,50.12995],[6.1378,50.12993],[6.13879,50.13476],[6.14737,50.13581],[6.15474,50.14174],[6.15317,50.15012],[6.14855,50.15188],[6.14061,50.14802],[6.13202,50.15362],[6.14312,50.15592],[6.1477,50.16048],[6.13965,50.16842],[6.14777,50.1704],[6.14429,50.17333],[6.14691,50.17777],[6.16033,50.17161],[6.16426,50.17865],[6.18412,50.17827],[6.1926,50.18207],[6.18598,50.18416],[6.19044,50.18726],[6.18395,50.19212],[6.1867,50.19564],[6.1854,50.20321],[6.18911,50.20541],[6.18374,50.20733],[6.17808,50.21637],[6.16659,50.21969],[6.16825,50.2244],[6.17678,50.22599],[6.17364,50.23211],[6.17592,50.23545],[6.19552,50.23699],[6.20045,50.23997],[6.20545,50.25112],[6.21578,50.25701],[6.21849,50.25452],[6.22345,50.25871],[6.24559,50.26208],[6.25903,50.26784],[6.26153,50.26497],[6.27841,50.26629],[6.29148,50.27706],[6.28517,50.28431],[6.28854,50.29042],[6.28588,50.29407],[6.29204,50.29567],[6.2911,50.29769],[6.2984,50.3023],[6.29611,50.30898],[6.30955,50.3116],[6.3065,50.32008],[6.31697,50.32151],[6.31787,50.31894],[6.3274,50.3247],[6.33305,50.32343],[6.33463,50.31638],[6.34297,50.31842],[6.34053,50.3158],[6.34836,50.31507],[6.35145,50.31074],[6.36381,50.3053],[6.35789,50.31129],[6.36152,50.31478],[6.37063,50.31256],[6.38245,50.32214],[6.40549,50.32332],[6.40796,50.33576],[6.40076,50.33792],[6.399,50.34524],[6.38305,50.35424],[6.3682,50.35807],[6.36972,50.36102],[6.36095,50.37121],[6.34291,50.38056],[6.35682,50.39051],[6.35778,50.39547],[6.36592,50.40183],[6.37009,50.40953],[6.36672,50.41964],[6.37577,50.43111],[6.37765,50.43952],[6.37186,50.45559],[6.35214,50.45629],[6.34019,50.46268],[6.34383,50.46876],[6.33759,50.47334],[6.34102,50.48283],[6.35122,50.48824],[6.33479,50.48907],[6.30913,50.50146],[6.29745,50.49746],[6.2698,50.50459],[6.26204,50.49883],[6.25465,50.49935],[6.25182,50.50357],[6.2265,50.49448],[6.22005,50.49872],[6.22249,50.50171],[6.21016,50.51314],[6.21233,50.5156],[6.20747,50.51839],[6.20616,50.52412],[6.1969,50.53033],[6.19905,50.54073],[6.20757,50.54667],[6.21081,50.55427],[6.22482,50.55494],[6.22666,50.55681],[6.22741,50.56161],[6.23583,50.56575],[6.24027,50.58603],[6.24963,50.59822],[6.24776,50.60372],[6.26847,50.61803],[6.26947,50.62534],[6.27414,50.62953],[6.26525,50.64281],[6.24538,50.64068],[6.23195,50.64928],[6.22679,50.64814],[6.22115,50.64067],[6.20426,50.63961],[6.196,50.64109],[6.18665,50.64063],[6.18363,50.64693],[6.19616,50.65753],[6.19665,50.65887],[6.19496,50.66307],[6.19309,50.66422],[6.18684,50.6647],[6.16584,50.6622],[6.16277,50.67126],[6.14395,50.68159],[6.1436,50.68895],[6.12314,50.70718],[6.12481,50.71117],[6.11923,50.71964],[6.11083,50.72346],[6.0732,50.72096],[6.0446,50.72849],[6.03926,50.71831],[6.03323,50.73084],[6.04001,50.73777],[6.0407,50.74555],[6.02976,50.74986],[6.02801,50.74788],[6.02915,50.75013],[6.01903,50.75487],[5.98307,50.75291],[5.97433,50.7552],[5.97321,50.75956],[5.96072,50.76243],[5.93095,50.75696],[5.91621,50.75041],[5.91364,50.75588],[5.90469,50.75527],[5.90178,50.75142],[5.89212,50.75525],[5.89036,50.75198],[5.89598,50.74541],[5.90683,50.74238],[5.91112,50.7352],[5.88239,50.71008],[5.86128,50.71743],[5.82312,50.71364],[5.81299,50.71549],[5.81076,50.72366],[5.80009,50.73215],[5.80213,50.73632],[5.77058,50.75136],[5.74889,50.74525],[5.74512,50.74888],[5.74688,50.75228],[5.73317,50.75508],[5.7311,50.75188],[5.72653,50.75237],[5.72545,50.74612],[5.72184,50.74559],[5.6895,50.75114],[5.68297,50.7548]],[[6.17055,50.65814],[6.16605,50.66198],[6.18671,50.66421],[6.19371,50.66335],[6.19605,50.65918],[6.18355,50.64756],[6.18125,50.64971],[6.18344,50.65204],[6.17055,50.65814]],[[6.1796,50.64514],[6.18319,50.64699],[6.18446,50.64174],[6.18616,50.64051],[6.18926,50.63948],[6.19638,50.64082],[6.20477,50.63915],[6.21939,50.64014],[6.22339,50.641],[6.22604,50.6432],[6.2273,50.64794],[6.23229,50.6488],[6.24576,50.64042],[6.26443,50.64259],[6.27356,50.62941],[6.26862,50.62572],[6.2608,50.62855],[6.23582,50.62579],[6.21706,50.63232],[6.20073,50.63139],[6.19431,50.63391],[6.18185,50.6238],[6.1758,50.62742],[6.18323,50.63224],[6.16686,50.64364],[6.1796,50.64514]],[[6.21244,50.55551],[6.20964,50.55376],[6.20736,50.54677],[6.19788,50.54034],[6.19806,50.53615],[6.17804,50.54161],[6.17845,50.55402],[6.17417,50.55647],[6.18933,50.5661],[6.20311,50.56929],[6.20627,50.5762],[6.21909,50.58138],[6.22519,50.59046],[6.2402,50.58718],[6.23465,50.56548],[6.22671,50.56233],[6.22541,50.55562],[6.21244,50.55551]],[[6.19615,50.53104],[6.19893,50.52741],[6.20596,50.52406],[6.20632,50.52115],[6.19198,50.5212],[6.18728,50.52709],[6.19615,50.53104]]]}},{"type":"Feature","properties":{"id":"BEL:ADM1:BEL-3482","name":"Walloon Brabant","countryCode":"BEL"},"geometry":{"type":"Polygon","coordinates":[[[4.57753,50.54228],[4.57498,50.5608],[4.58912,50.56242],[4.60226,50.56935],[4.61111,50.56751],[4.61792,50.56969],[4.62196,50.56165],[4.63373,50.56621],[4.63744,50.56266],[4.64189,50.565],[4.64462,50.56019],[4.66863,50.56575],[4.67344,50.57116],[4.66181,50.57694],[4.65583,50.59536],[4.65731,50.60247],[4.6725,50.6083],[4.67843,50.60272],[4.69716,50.59922],[4.70477,50.59422],[4.71198,50.59624],[4.7099,50.59973],[4.71198,50.60109],[4.70707,50.60413],[4.71381,50.60828],[4.73426,50.61052],[4.73866,50.60886],[4.73676,50.60531],[4.74549,50.60069],[4.74028,50.59776],[4.74658,50.59244],[4.7432,50.58887],[4.76619,50.59976],[4.77965,50.60107],[4.78677,50.59832],[4.7912,50.58972],[4.79609,50.59189],[4.78659,50.60181],[4.79965,50.60455],[4.80049,50.60252],[4.81699,50.60933],[4.8389,50.60974],[4.86166,50.61755],[4.90153,50.62264],[4.89774,50.628],[4.90017,50.62894],[4.91464,50.62585],[4.92937,50.62744],[4.9411,50.63597],[4.94115,50.64337],[4.95353,50.64786],[4.95669,50.64507],[4.96653,50.64812],[4.97893,50.63953],[4.98814,50.64546],[4.99004,50.65583],[5.00256,50.665],[4.99652,50.67147],[4.99937,50.67531],[4.9974,50.68371],[5.00258,50.69593],[5.01725,50.70217],[5.00963,50.70715],[5.00996,50.7119],[4.99457,50.71732],[4.9976,50.72146],[4.99256,50.72371],[4.99715,50.72799],[5.00752,50.72901],[5.00871,50.73311],[5.01281,50.73056],[5.01703,50.73289],[5.01655,50.74366],[5.0197,50.75097],[5.00519,50.76565],[4.98164,50.76986],[4.97865,50.76599],[4.96856,50.76725],[4.96934,50.76251],[4.95352,50.75516],[4.95414,50.75103],[4.92979,50.74757],[4.9255,50.74271],[4.91571,50.74931],[4.90573,50.74919],[4.91115,50.75578],[4.90253,50.76048],[4.90818,50.76942],[4.90001,50.76838],[4.89843,50.77352],[4.88548,50.76278],[4.87675,50.7668],[4.86101,50.76391],[4.84657,50.76792],[4.83516,50.76276],[4.83108,50.77047],[4.83848,50.7729],[4.83518,50.77629],[4.81234,50.7763],[4.80744,50.7864],[4.79148,50.79869],[4.76714,50.8043],[4.76206,50.80255],[4.76009,50.80671],[4.74861,50.80735],[4.73909,50.80441],[4.73996,50.80218],[4.73612,50.80029],[4.72506,50.80242],[4.72761,50.79773],[4.71555,50.78894],[4.71082,50.79609],[4.7031,50.79047],[4.69149,50.78804],[4.69125,50.7918],[4.68721,50.791],[4.68527,50.79512],[4.68458,50.79282],[4.67442,50.7955],[4.67335,50.79198],[4.66691,50.79209],[4.64227,50.79922],[4.64691,50.78575],[4.63633,50.77235],[4.64166,50.76919],[4.64743,50.75901],[4.65406,50.7591],[4.65521,50.75503],[4.65126,50.75557],[4.65306,50.75257],[4.64777,50.75215],[4.64357,50.74597],[4.63862,50.74626],[4.63451,50.7426],[4.6192,50.74413],[4.60484,50.74112],[4.59857,50.74575],[4.60099,50.75573],[4.5959,50.76379],[4.57874,50.75746],[4.58106,50.75418],[4.57529,50.74745],[4.56536,50.74844],[4.5619,50.74406],[4.55637,50.74879],[4.53425,50.7391],[4.52979,50.74085],[4.52497,50.7384],[4.53233,50.73367],[4.53167,50.73132],[4.52334,50.72736],[4.50937,50.73108],[4.51262,50.73296],[4.50036,50.73841],[4.50225,50.74351],[4.49507,50.7404],[4.49179,50.74326],[4.50154,50.75375],[4.49419,50.75708],[4.48558,50.75147],[4.48288,50.75395],[4.47121,50.75169],[4.46333,50.75498],[4.4242,50.73585],[4.39581,50.73513],[4.37178,50.7295],[4.37272,50.71623],[4.35155,50.71506],[4.34006,50.73193],[4.3344,50.73439],[4.32854,50.72882],[4.32382,50.72892],[4.32376,50.72361],[4.33371,50.72799],[4.33063,50.72043],[4.33478,50.71545],[4.32825,50.71851],[4.32661,50.71514],[4.32379,50.71971],[4.31388,50.72028],[4.30827,50.70646],[4.31146,50.70322],[4.29028,50.69404],[4.27463,50.70017],[4.26155,50.7004],[4.24667,50.68936],[4.24002,50.69081],[4.23157,50.69861],[4.20954,50.70785],[4.18209,50.70665],[4.17236,50.72149],[4.15647,50.72911],[4.15242,50.72866],[4.15817,50.72738],[4.15284,50.72475],[4.14223,50.7288],[4.14131,50.72319],[4.13433,50.71607],[4.11698,50.71273],[4.10873,50.71605],[4.09755,50.70804],[4.10047,50.70595],[4.11112,50.70959],[4.11352,50.70534],[4.09205,50.70123],[4.09964,50.69229],[4.09461,50.67985],[4.09732,50.67665],[4.09121,50.66947],[4.09489,50.66606],[4.09763,50.66764],[4.10031,50.66293],[4.09764,50.65251],[4.09361,50.65569],[4.09162,50.65357],[4.10606,50.63245],[4.11726,50.63474],[4.13286,50.62929],[4.14083,50.63173],[4.17531,50.66196],[4.18213,50.66223],[4.20442,50.64705],[4.19693,50.6348],[4.2002,50.63192],[4.19971,50.62523],[4.23042,50.62485],[4.25374,50.61588],[4.24556,50.61228],[4.25134,50.60097],[4.24721,50.59612],[4.26078,50.59286],[4.27482,50.59582],[4.27529,50.59248],[4.28065,50.59146],[4.28499,50.58548],[4.29918,50.577],[4.29704,50.57606],[4.30457,50.56703],[4.33437,50.56901],[4.33633,50.5669],[4.33081,50.56023],[4.33479,50.55511],[4.32527,50.54915],[4.33183,50.54328],[4.34484,50.54848],[4.34237,50.55268],[4.35746,50.55618],[4.35894,50.55927],[4.35649,50.56148],[4.35895,50.56294],[4.37666,50.55921],[4.38247,50.56399],[4.40004,50.56236],[4.4113,50.56469],[4.41722,50.56457],[4.42187,50.5584],[4.44414,50.55992],[4.44971,50.55442],[4.4707,50.55868],[4.47199,50.55375],[4.47502,50.55507],[4.47822,50.55115],[4.46581,50.54647],[4.46801,50.53772],[4.46352,50.53159],[4.46749,50.52778],[4.47592,50.53664],[4.4841,50.53373],[4.49058,50.53809],[4.50354,50.53971],[4.5026,50.52824],[4.5127,50.52542],[4.57753,50.54228]]]}}]}}
