{"type":"FeatureCollection","features":[{"type":"Feature","properties":{"id":"BEN:ADM2:17685819B11652159225436","name":"Allada","countryCode":"BEN","adminLevel":2,"sourceCode":"17685819B11652159225436","parentId":"BEN:ADM1:BEN-2174"},"geometry":{"type":"Polygon","coordinates":[[[1.98659,6.62709],[1.99507,6.61093],[2.01763,6.58615],[2.02847,6.58213],[2.04393,6.58274],[2.08817,6.61077],[2.10393,6.61401],[2.11728,6.61133],[2.18045,6.62138],[2.19162,6.6215],[2.21979,6.61308],[2.2357,6.617],[2.24743,6.62777],[2.24798,6.63758],[2.21854,6.66345],[2.2149,6.67926],[2.21557,6.71922],[2.20749,6.73303],[2.2277,6.77796],[2.15711,6.78268],[2.13165,6.75718],[2.10466,6.74039],[2.07541,6.72946],[2.03364,6.73224],[2.03443,6.69821],[1.99782,6.67285],[1.98659,6.62709]]]}},{"type":"Feature","properties":{"id":"BEN:ADM2:17685819B12843899137908","name":"Pehunco","countryCode":"BEN","adminLevel":2,"sourceCode":"17685819B12843899137908","parentId":"BEN:ADM1:BEN-2181"},"geometry":{"type":"Polygon","coordinates":[[[2.24035,10.54447],[2.2284,10.53776],[2.20895,10.53998],[2.17813,10.53632],[2.16238,10.52838],[2.12446,10.52963],[2.10362,10.5152],[2.08398,10.51006],[2.04817,10.51295],[2.00893,10.52516],[1.9888,10.49295],[1.98279,10.49341],[1.97587,10.48457],[1.97101,10.4896],[1.96482,10.48548],[1.95081,10.48488],[1.94895,10.47892],[1.93912,10.47385],[1.93443,10.46514],[1.92236,10.46022],[1.92111,10.44274],[1.90855,10.42894],[1.90862,10.41923],[1.89662,10.40487],[1.89642,10.37726],[1.85663,10.33116],[1.85221,10.31883],[1.81843,10.15473],[1.81315,10.10092],[1.80859,10.08873],[1.78599,10.05571],[1.76938,10.03943],[1.9747,10.03922],[2.02095,10.02155],[2.04461,10.02527],[2.06956,10.03495],[2.06935,10.04299],[2.08064,10.0561],[2.10899,10.07005],[2.13671,10.07611],[2.16285,10.07563],[2.19729,10.08232],[2.2357,10.09467],[2.26219,10.15081],[2.24698,10.18785],[2.24184,10.24091],[2.23433,10.27858],[2.20431,10.31948],[2.178,10.33466],[2.15676,10.35535],[2.15488,10.38104],[2.15658,10.41781],[2.16162,10.43582],[2.17677,10.45708],[2.24148,10.52849],[2.24035,10.54447]]]}},{"type":"Feature","properties":{"id":"BEN:ADM2:17685819B13440574347317","name":"Seme-Kpodji","countryCode":"BEN","adminLevel":2,"sourceCode":"17685819B13440574347317","parentId":"BEN:ADM1:BEN-2177"},"geometry":{"type":"Polygon","coordinates":[[[2.49787,6.36097],[2.49415,6.37126],[2.44283,6.37878],[2.44572,6.39741],[2.46171,6.39555],[2.49809,6.4058],[2.60947,6.45698],[2.62346,6.45856],[2.65862,6.4436],[2.67231,6.43466],[2.68215,6.43589],[2.70628,6.4256],[2.7096,6.36889],[2.70387,6.36835],[2.7033,6.36831],[2.49795,6.34923],[2.49787,6.36097]]]}},{"type":"Feature","properties":{"id":"BEN:ADM2:17685819B13654727190048","name":"Kpomasse","countryCode":"BEN","adminLevel":2,"sourceCode":"17685819B13654727190048","parentId":"BEN:ADM1:BEN-2174"},"geometry":{"type":"Polygon","coordinates":[[[1.98659,6.62709],[1.98027,6.61888],[1.97855,6.60286],[1.98599,6.51881],[1.98441,6.50404],[1.94369,6.41677],[1.94208,6.38831],[1.94538,6.37747],[1.96284,6.35331],[1.96081,6.34518],[1.96682,6.34109],[1.97272,6.33976],[2.0059,6.34637],[2.02308,6.34239],[2.0428,6.34254],[2.05739,6.35188],[2.0716,6.37312],[2.05532,6.41331],[2.05544,6.42161],[2.08654,6.45852],[2.07493,6.49782],[2.04697,6.54163],[2.03826,6.5506],[2.01763,6.58615],[1.99507,6.61093],[1.98659,6.62709]]]}},{"type":"Feature","properties":{"id":"BEN:ADM2:17685819B14284481019860","name":"Houeyogbe","countryCode":"BEN","adminLevel":2,"sourceCode":"17685819B14284481019860","parentId":"BEN:ADM1:BEN-2180"},"geometry":{"type":"Polygon","coordinates":[[[1.7811,6.47717],[1.81666,6.47656],[1.82212,6.44039],[1.84428,6.43775],[1.88699,6.47741],[1.90901,6.48459],[1.91876,6.50326],[1.94413,6.50265],[1.95318,6.50916],[1.95214,6.52439],[1.94333,6.5364],[1.94057,6.54695],[1.90255,6.58148],[1.89292,6.60484],[1.88005,6.62299],[1.83352,6.66122],[1.8235,6.66537],[1.81377,6.64835],[1.7773,6.61205],[1.77136,6.60036],[1.77024,6.57757],[1.77314,6.56744],[1.76324,6.55899],[1.76066,6.55073],[1.76846,6.53527],[1.78046,6.52475],[1.78526,6.51182],[1.7811,6.47717]]]}},{"type":"Feature","properties":{"id":"BEN:ADM2:17685819B15106537416311","name":"Bohicon","countryCode":"BEN","adminLevel":2,"sourceCode":"17685819B15106537416311","parentId":"BEN:ADM1:BEN-2178"},"geometry":{"type":"Polygon","coordinates":[[[2.03058,7.15202],[2.0574,7.1324],[2.08382,7.12372],[2.12203,7.12897],[2.20044,7.12367],[2.19469,7.13814],[2.17975,7.15732],[2.17298,7.18856],[2.16052,7.1976],[2.14824,7.19888],[2.11865,7.18742],[2.10764,7.19048],[2.10062,7.20331],[2.08358,7.27427],[2.06955,7.26852],[2.05039,7.23019],[2.04561,7.22403],[2.03408,7.21894],[2.02992,7.20724],[2.02547,7.20578],[2.02499,7.20026],[2.03958,7.18565],[2.03801,7.17073],[2.02791,7.15898],[2.03058,7.15202]]]}},{"type":"Feature","properties":{"id":"BEN:ADM2:17685819B15816629354661","name":"Avrankou","countryCode":"BEN","adminLevel":2,"sourceCode":"17685819B15816629354661","parentId":"BEN:ADM1:BEN-2177"},"geometry":{"type":"Polygon","coordinates":[[[2.69912,6.51431],[2.69224,6.56054],[2.6777,6.5864],[2.65589,6.61639],[2.64592,6.61557],[2.62878,6.62526],[2.60397,6.5762],[2.61835,6.55768],[2.61014,6.52775],[2.63009,6.51179],[2.64953,6.52644],[2.65761,6.53892],[2.66596,6.54281],[2.69912,6.51431]]]}},{"type":"Feature","properties":{"id":"BEN:ADM2:17685819B16235974739823","name":"Zagnanado","countryCode":"BEN","adminLevel":2,"sourceCode":"17685819B16235974739823","parentId":"BEN:ADM1:BEN-2178"},"geometry":{"type":"Polygon","coordinates":[[[2.53742,7.187],[2.50213,7.25279],[2.46722,7.2885],[2.45308,7.29758],[2.43975,7.31399],[2.43486,7.33885],[2.42526,7.3638],[2.42491,7.37779],[2.43067,7.39239],[2.42735,7.41086],[2.40551,7.44277],[2.39888,7.45028],[2.38453,7.45244],[2.35042,7.46735],[2.27256,7.52013],[2.30544,7.44576],[2.31506,7.41047],[2.32807,7.33018],[2.32021,7.2924],[2.32235,7.26692],[2.33414,7.25926],[2.35624,7.25768],[2.36457,7.24981],[2.37031,7.23492],[2.36505,7.15518],[2.35839,7.13301],[2.33461,7.08321],[2.35777,7.06874],[2.36607,7.06017],[2.36707,7.05227],[2.3803,7.02965],[2.39737,7.01541],[2.40388,6.99691],[2.40982,7.00495],[2.4062,7.04332],[2.40914,7.05517],[2.42986,7.05402],[2.43314,7.06116],[2.42692,7.07122],[2.42847,7.0831],[2.41255,7.09122],[2.40877,7.09806],[2.40928,7.10442],[2.42435,7.10543],[2.42793,7.1134],[2.4184,7.1242],[2.41628,7.1306],[2.41908,7.14356],[2.41188,7.15224],[2.41047,7.15974],[2.4213,7.17312],[2.42715,7.18645],[2.44558,7.1989],[2.45651,7.19914],[2.46877,7.19673],[2.49143,7.18545],[2.50222,7.18556],[2.51224,7.18028],[2.51821,7.17067],[2.53742,7.187]]]}},{"type":"Feature","properties":{"id":"BEN:ADM2:17685819B18003775101914","name":"Malanville","countryCode":"BEN","adminLevel":2,"sourceCode":"17685819B18003775101914","parentId":"BEN:ADM1:BEN-2170"},"geometry":{"type":"Polygon","coordinates":[[[3.25846,11.29882],[3.26478,11.3135],[3.2778,11.32382],[3.27942,11.33173],[3.29963,11.34365],[3.32088,11.34833],[3.33244,11.33822],[3.34804,11.3385],[3.3571,11.3458],[3.36383,11.35853],[3.35885,11.36649],[3.36058,11.37093],[3.37415,11.37873],[3.38707,11.39322],[3.50234,11.40327],[3.47113,11.44857],[3.55795,11.63188],[3.59159,11.67462],[3.60507,11.69697],[3.58278,11.71444],[3.55639,11.72417],[3.54972,11.73472],[3.55056,11.74222],[3.55417,11.75167],[3.56528,11.76472],[3.56472,11.7725],[3.55861,11.77917],[3.535,11.77944],[3.52278,11.78778],[3.51945,11.80028],[3.52111,11.81472],[3.5027,11.83237],[3.48139,11.86139],[3.46139,11.86528],[3.44111,11.87694],[3.42611,11.87472],[3.41833,11.87861],[3.40305,11.8775],[3.38361,11.88639],[3.34528,11.8825],[3.3375,11.88639],[3.32861,11.88139],[3.32139,11.88167],[3.30417,11.90333],[3.30361,11.91666],[3.28435,11.91245],[3.26647,11.91274],[3.27202,11.90395],[3.2684,11.89341],[3.26002,11.89945],[3.24214,11.89878],[3.23183,11.92499],[3.22198,11.91159],[3.21478,11.90914],[3.19645,11.92],[3.1741,11.92296],[3.16768,11.92858],[3.16562,11.93554],[3.15668,11.94243],[3.14618,11.93361],[3.12444,11.94101],[3.11625,11.95415],[3.11608,11.96707],[3.10607,11.96507],[3.09891,11.96749],[3.0987,11.97486],[3.0741,11.97893],[3.0729,11.98618],[3.05178,11.97036],[3.03781,11.96671],[3.02577,11.95916],[3.02113,11.94403],[3.02284,11.91413],[3.01574,11.90683],[3.01354,11.89725],[3.01876,11.88151],[3.0205,11.85619],[3.00106,11.78851],[2.99193,11.77412],[2.99268,11.76354],[2.96785,11.73899],[2.94748,11.69201],[2.9398,11.66607],[2.91508,11.65263],[2.96093,11.61977],[3.06555,11.5264],[3.11432,11.47889],[3.14499,11.43751],[3.15576,11.41755],[3.18485,11.38714],[3.19655,11.36202],[3.2242,11.32927],[3.25321,11.30734],[3.25846,11.29882]]]}},{"type":"Feature","properties":{"id":"BEN:ADM2:17685819B20513081200557","name":"Bopa","countryCode":"BEN","adminLevel":2,"sourceCode":"17685819B20513081200557","parentId":"BEN:ADM1:BEN-2180"},"geometry":{"type":"Polygon","coordinates":[[[2.03311,6.72326],[1.99804,6.74213],[1.96345,6.75587],[1.91964,6.78149],[1.90234,6.76706],[1.8249,6.7208],[1.8235,6.66537],[1.83352,6.66122],[1.88005,6.62299],[1.89292,6.60484],[1.90255,6.58148],[1.94057,6.54695],[1.94333,6.5364],[1.95214,6.52439],[1.95318,6.50916],[1.94413,6.50265],[1.97468,6.4873],[1.98441,6.50404],[1.98599,6.51881],[1.97897,6.5828],[1.98027,6.61888],[1.99058,6.63699],[1.99782,6.67285],[2.03443,6.69821],[2.03311,6.72326]]]}},{"type":"Feature","properties":{"id":"BEN:ADM2:17685819B21167128046214","name":"Pobe","countryCode":"BEN","adminLevel":2,"sourceCode":"17685819B21167128046214","parentId":"BEN:ADM1:BEN-2179"},"geometry":{"type":"Polygon","coordinates":[[[2.7189,6.95333],[2.72064,6.98654],[2.72919,6.99801],[2.75295,7.01932],[2.7926,7.04128],[2.75288,7.07725],[2.74509,7.09268],[2.74511,7.09911],[2.75065,7.10576],[2.76726,7.11698],[2.77535,7.12822],[2.78487,7.15923],[2.78009,7.2018],[2.73005,7.20575],[2.63547,7.20613],[2.62327,7.19578],[2.60107,7.1838],[2.61615,7.17428],[2.62812,7.17756],[2.63122,7.17225],[2.61951,7.13974],[2.59968,7.11082],[2.59234,7.09265],[2.59386,7.08349],[2.60907,7.05471],[2.62816,7.04458],[2.6406,6.98995],[2.65409,6.95774],[2.67294,6.95066],[2.69756,6.94958],[2.7189,6.95333]]]}},{"type":"Feature","properties":{"id":"BEN:ADM2:17685819B22505126398074","name":"Kalale","countryCode":"BEN","adminLevel":2,"sourceCode":"17685819B22505126398074","parentId":"BEN:ADM1:BEN-2169"},"geometry":{"type":"Polygon","coordinates":[[[3.01855,10.23884],[3.03503,10.21217],[3.03784,10.20047],[3.03639,10.16995],[3.04601,10.15403],[3.03542,10.10763],[3.04627,10.10211],[3.04953,10.08056],[3.05594,10.078],[3.10034,10.0738],[3.13681,10.08425],[3.15366,10.10241],[3.18443,10.10375],[3.19091,10.10744],[3.22171,10.11113],[3.23551,10.11945],[3.2515,10.12331],[3.26724,10.11856],[3.30327,10.11499],[3.3159,10.1068],[3.33534,10.10672],[3.34153,10.12207],[3.37748,10.15845],[3.39256,10.14524],[3.41172,10.15683],[3.45314,10.14734],[3.46114,10.13795],[3.48233,10.13285],[3.49283,10.12315],[3.50989,10.1231],[3.52074,10.11853],[3.52414,10.11058],[3.53866,10.1093],[3.54472,10.10174],[3.55778,10.10575],[3.57294,10.09988],[3.58175,10.10006],[3.61692,10.07778],[3.62924,10.09317],[3.66293,10.10706],[3.67609,10.1493],[3.67895,10.16975],[3.67806,10.17826],[3.67251,10.18379],[3.65533,10.18409],[3.6463,10.18941],[3.61253,10.22172],[3.59774,10.24177],[3.58463,10.27515],[3.6144,10.35572],[3.6338,10.39036],[3.63181,10.41727],[3.64604,10.43514],[3.68771,10.45636],[3.786,10.40538],[3.79917,10.4428],[3.80202,10.45681],[3.80098,10.48532],[3.80616,10.503],[3.83178,10.56863],[3.84837,10.58879],[3.8517,10.60579],[3.84913,10.64775],[3.49738,10.61226],[3.17977,10.53939],[3.10386,10.53781],[3.09952,10.52467],[3.11056,10.52358],[3.11147,10.51747],[3.10154,10.51785],[3.09932,10.46956],[3.08306,10.45516],[3.08092,10.43866],[3.05417,10.4381],[3.01272,10.42254],[3.00284,10.41598],[3.0013,10.40267],[2.98415,10.36952],[3.0374,10.32554],[3.03974,10.30928],[3.04652,10.3027],[3.05491,10.30205],[3.03411,10.2552],[3.02244,10.2506],[3.01855,10.23884]]]}},{"type":"Feature","properties":{"id":"BEN:ADM2:17685819B24804117588339","name":"Aplahoue","countryCode":"BEN","adminLevel":2,"sourceCode":"17685819B24804117588339","parentId":"BEN:ADM1:BEN-2176"},"geometry":{"type":"Polygon","coordinates":[[[1.67568,7.4947],[1.65334,7.4945],[1.64388,7.48555],[1.63642,7.41778],[1.63566,7.2698],[1.64203,6.99457],[1.60663,6.9965],[1.5935,6.99353],[1.58637,6.99791],[1.55783,6.99749],[1.55918,6.97219],[1.57411,6.94711],[1.5779,6.923],[1.58688,6.91335],[1.60507,6.90577],[1.60416,6.8906],[1.60669,6.88347],[1.62224,6.87606],[1.64519,6.88835],[1.66893,6.91807],[1.7052,6.9238],[1.72914,6.94729],[1.74545,7.07059],[1.75694,7.09301],[1.79135,7.12286],[1.81808,7.17871],[1.83163,7.1993],[1.83201,7.20594],[1.81709,7.21778],[1.81571,7.22777],[1.80887,7.23299],[1.80506,7.25742],[1.79604,7.27568],[1.78108,7.28393],[1.77897,7.29143],[1.77125,7.2932],[1.75711,7.31071],[1.74714,7.31015],[1.74714,7.34062],[1.7376,7.36111],[1.73626,7.37456],[1.72496,7.38814],[1.72461,7.40311],[1.71314,7.43498],[1.69748,7.44336],[1.67568,7.4947]]]}},{"type":"Feature","properties":{"id":"BEN:ADM2:17685819B25851007312804","name":"Ouake","countryCode":"BEN","adminLevel":2,"sourceCode":"17685819B25851007312804","parentId":"BEN:ADM1:BEN-2182"},"geometry":{"type":"Polygon","coordinates":[[[1.53936,9.45948],[1.5329,9.47533],[1.53035,9.51073],[1.53606,9.5311],[1.57581,9.56973],[1.57627,9.57583],[1.5709,9.58738],[1.55793,9.5887],[1.51855,9.6053],[1.4918,9.6339],[1.48416,9.6617],[1.47868,9.70017],[1.46219,9.72051],[1.44592,9.73017],[1.43185,9.7809],[1.4092,9.82139],[1.38634,9.82859],[1.36199,9.82808],[1.36454,9.78833],[1.36311,9.69847],[1.3693,9.6615],[1.36606,9.61139],[1.34159,9.54626],[1.3589,9.50865],[1.35852,9.49119],[1.3648,9.48525],[1.39021,9.4973],[1.40114,9.43463],[1.40159,9.41352],[1.42823,9.4014],[1.4407,9.38801],[1.47687,9.41862],[1.48944,9.42007],[1.49883,9.42669],[1.52513,9.45997],[1.53936,9.45948]]]}},{"type":"Feature","properties":{"id":"BEN:ADM2:17685819B25902777071239","name":"Segbana","countryCode":"BEN","adminLevel":2,"sourceCode":"17685819B25902777071239","parentId":"BEN:ADM1:BEN-2170"},"geometry":{"type":"Polygon","coordinates":[[[3.10633,10.53787],[3.17977,10.53939],[3.49738,10.61226],[3.84913,10.64775],[3.84098,10.70492],[3.79716,10.73546],[3.78445,10.7546],[3.77848,10.77256],[3.74938,10.82556],[3.7492,10.83752],[3.769,10.89882],[3.77122,10.93077],[3.7587,10.99842],[3.75177,11.01063],[3.73016,11.02153],[3.7169,11.02434],[3.72402,11.05742],[3.71948,11.08618],[3.72752,11.11765],[3.72591,11.12409],[3.71755,11.12781],[3.69193,11.12814],[3.50234,11.40327],[3.38707,11.39322],[3.37415,11.37873],[3.36058,11.37093],[3.35885,11.36649],[3.36383,11.35853],[3.3571,11.3458],[3.34804,11.3385],[3.33244,11.33822],[3.32088,11.34833],[3.29963,11.34365],[3.27942,11.33173],[3.2778,11.32382],[3.26478,11.3135],[3.2577,11.29174],[3.26253,11.25417],[3.25472,11.23018],[3.25829,11.20721],[3.26563,11.19631],[3.24874,11.19201],[3.23441,11.17614],[3.22977,11.16144],[3.23257,11.14529],[3.23007,11.13336],[3.22442,11.11422],[3.21456,11.11138],[3.21364,11.10193],[3.22602,11.09016],[3.2235,11.06085],[3.23449,11.05199],[3.22552,11.03817],[3.2259,11.03399],[3.2334,11.02518],[3.23234,11.01698],[3.24507,10.99839],[3.24709,10.97516],[3.23384,10.95303],[3.23254,10.91981],[3.21813,10.90784],[3.19362,10.90465],[3.192,10.8973],[3.18162,10.88416],[3.18327,10.83881],[3.16987,10.83127],[3.18133,10.81338],[3.18134,10.80002],[3.18503,10.79068],[3.19736,10.7889],[3.20084,10.75856],[3.1966,10.72785],[3.2096,10.6959],[3.21736,10.6868],[3.20368,10.6794],[3.19836,10.66623],[3.18278,10.65092],[3.18316,10.63339],[3.16501,10.6263],[3.17339,10.60968],[3.15754,10.60897],[3.15744,10.59785],[3.14995,10.59248],[3.15241,10.57188],[3.12273,10.56154],[3.1239,10.55235],[3.11067,10.54675],[3.10633,10.53787]]]}},{"type":"Feature","properties":{"id":"BEN:ADM2:17685819B2600041724770","name":"Materi","countryCode":"BEN","adminLevel":2,"sourceCode":"17685819B2600041724770","parentId":"BEN:ADM1:BEN-2181"},"geometry":{"type":"Polygon","coordinates":[[[1.04117,10.53758],[1.08499,10.5738],[1.1059,10.58545],[1.12319,10.6021],[1.13929,10.59861],[1.16255,10.60025],[1.18179,10.65165],[1.17834,10.66514],[1.17346,10.67154],[1.17825,10.67973],[1.19311,10.68318],[1.19877,10.69513],[1.2338,10.6948],[1.24084,10.7016],[1.25721,10.73062],[1.26435,10.76606],[1.2494,10.77957],[1.25519,10.79041],[1.25103,10.80362],[1.23105,10.82451],[1.22452,10.8405],[1.1891,10.85599],[1.10757,10.92754],[1.10514,10.95743],[1.12059,10.96131],[1.12243,10.96561],[1.1215,10.98535],[1.11018,11.0304],[1.09102,11.04874],[1.07448,11.05375],[1.06957,11.05902],[1.04306,11.04905],[1.03514,11.04948],[1.02206,11.06324],[1.01314,11.08344],[0.99916,11.08569],[0.98916,11.08037],[0.98424,11.08886],[0.97865,11.09045],[0.97192,11.08215],[0.96992,11.058],[0.94888,11.03583],[0.92157,11.01747],[0.91216,10.99649],[0.89052,10.92094],[0.90098,10.88674],[0.88509,10.86182],[0.87382,10.80496],[0.86784,10.79526],[0.85163,10.78298],[0.80825,10.73189],[0.80183,10.71829],[0.79694,10.68492],[0.80574,10.64367],[0.87564,10.65475],[0.93016,10.61246],[0.93082,10.59857],[0.94188,10.59174],[0.94857,10.58132],[0.9988,10.56014],[1.02391,10.52787],[1.04117,10.53758]]]}},{"type":"Feature","properties":{"id":"BEN:ADM2:17685819B27582361148713","name":"Come","countryCode":"BEN","adminLevel":2,"sourceCode":"17685819B27582361148713","parentId":"BEN:ADM1:BEN-2180"},"geometry":{"type":"Polygon","coordinates":[[[1.94413,6.50265],[1.91876,6.50326],[1.90901,6.48459],[1.88699,6.47741],[1.84428,6.43775],[1.82212,6.44039],[1.83272,6.37484],[1.84738,6.36773],[1.91758,6.36056],[1.93293,6.3634],[1.96081,6.34518],[1.96284,6.35331],[1.94538,6.37747],[1.94173,6.4038],[1.94369,6.41677],[1.97468,6.4873],[1.94413,6.50265]]]}},{"type":"Feature","properties":{"id":"BEN:ADM2:17685819B27727011440945","name":"Ouinhi","countryCode":"BEN","adminLevel":2,"sourceCode":"17685819B27727011440945","parentId":"BEN:ADM1:BEN-2178"},"geometry":{"type":"Polygon","coordinates":[[[2.51821,7.17067],[2.51224,7.18028],[2.50222,7.18556],[2.49143,7.18545],[2.46877,7.19673],[2.44558,7.1989],[2.42715,7.18645],[2.4213,7.17312],[2.41047,7.15974],[2.41188,7.15224],[2.41908,7.14356],[2.41628,7.1306],[2.4184,7.1242],[2.42793,7.1134],[2.42435,7.10543],[2.40928,7.10442],[2.40877,7.09806],[2.41255,7.09122],[2.42847,7.0831],[2.42692,7.07122],[2.43314,7.06116],[2.42986,7.05402],[2.40914,7.05517],[2.4062,7.04332],[2.40982,7.00495],[2.40388,6.99691],[2.40097,6.97578],[2.41322,6.97062],[2.40526,6.96382],[2.40378,6.95679],[2.43871,6.95566],[2.50784,6.9607],[2.53443,6.98883],[2.5541,6.99891],[2.55559,7.03324],[2.55193,7.05643],[2.53598,7.092],[2.52943,7.13448],[2.51821,7.17067]]]}},{"type":"Feature","properties":{"id":"BEN:ADM2:17685819B31222842827733","name":"Djougou","countryCode":"BEN","adminLevel":2,"sourceCode":"17685819B31222842827733","parentId":"BEN:ADM1:BEN-2182"},"geometry":{"type":"Polygon","coordinates":[[[1.97254,9.35332],[2.03133,9.36082],[2.04941,9.35472],[2.07946,9.36172],[2.08372,9.37154],[2.09437,9.3759],[2.10199,9.37029],[2.15974,9.68591],[2.15658,9.69163],[2.1713,9.69805],[2.17164,9.70623],[2.15366,9.70956],[2.13865,9.71897],[2.13319,9.71664],[2.1327,9.7086],[2.12615,9.7092],[2.11927,9.7055],[2.1043,9.71852],[2.09873,9.71981],[2.09114,9.74957],[2.0767,9.75856],[2.08443,9.76475],[2.08544,9.78667],[2.07186,9.79982],[2.0728,9.81244],[2.06632,9.82262],[2.07153,9.82744],[2.06724,9.83344],[2.05916,9.83558],[2.05131,9.8491],[2.09164,9.89558],[2.09399,9.92791],[2.0822,9.95603],[2.07018,9.97221],[2.08045,9.99823],[2.08268,10.03263],[2.06956,10.03495],[2.04461,10.02527],[2.02095,10.02155],[1.9747,10.03922],[1.76938,10.03943],[1.74728,10.03665],[1.74986,9.98654],[1.74786,9.93992],[1.75289,9.91963],[1.74165,9.91138],[1.73656,9.88282],[1.7371,9.86019],[1.72822,9.8497],[1.69992,9.836],[1.69142,9.81981],[1.68032,9.80906],[1.58433,9.75952],[1.57871,9.73402],[1.56822,9.70896],[1.53978,9.73798],[1.5157,9.74756],[1.49908,9.74695],[1.46219,9.72051],[1.47868,9.70017],[1.48416,9.6617],[1.4918,9.6339],[1.51855,9.6053],[1.55793,9.5887],[1.5709,9.58738],[1.57627,9.57583],[1.57581,9.56973],[1.53606,9.5311],[1.53035,9.51073],[1.5329,9.47533],[1.53936,9.45948],[1.55192,9.4415],[1.55198,9.42832],[1.57581,9.40432],[1.59167,9.39811],[1.66052,9.39034],[1.69364,9.39874],[1.72512,9.41187],[1.76165,9.42843],[1.77372,9.43821],[1.80492,9.4133],[1.81133,9.41257],[1.81467,9.37383],[1.81854,9.37033],[1.86531,9.39319],[1.88695,9.39625],[1.9226,9.38823],[1.93225,9.37262],[1.9467,9.36641],[1.96418,9.35338],[1.97254,9.35332]]]}},{"type":"Feature","properties":{"id":"BEN:ADM2:17685819B31481778008604","name":"Bante","countryCode":"BEN","adminLevel":2,"sourceCode":"17685819B31481778008604","parentId":"BEN:ADM1:BEN-2171"},"geometry":{"type":"Polygon","coordinates":[[[2.12325,8.47798],[2.09307,8.49959],[1.99283,8.5078],[1.99072,8.5199],[1.98578,8.52508],[1.95162,8.53823],[1.94636,8.5548],[1.93332,8.556],[1.91164,8.55142],[1.89058,8.57087],[1.84372,8.59258],[1.81704,8.62178],[1.80154,8.62591],[1.782,8.6288],[1.76256,8.62712],[1.74835,8.61999],[1.7338,8.60507],[1.72448,8.60263],[1.69716,8.60293],[1.67826,8.60097],[1.66268,8.59523],[1.63016,8.5937],[1.63112,8.51869],[1.64899,8.49075],[1.65019,8.47766],[1.6302,8.44951],[1.63303,8.43954],[1.62658,8.42897],[1.62776,8.41428],[1.61974,8.3741],[1.62428,8.35315],[1.63178,8.34125],[1.63389,8.20829],[1.65058,8.20284],[1.67071,8.20633],[1.67437,8.17949],[1.68284,8.18028],[1.69508,8.17019],[1.71852,8.17172],[1.73177,8.16607],[1.74429,8.1528],[1.74873,8.13734],[1.75707,8.12298],[1.78185,8.12102],[1.79254,8.12317],[1.79842,8.09646],[1.81483,8.07121],[1.97789,8.06774],[2.02602,8.0724],[2.06075,8.0823],[2.11895,8.12648],[2.08859,8.21826],[2.08775,8.24786],[2.09681,8.33019],[2.10823,8.36596],[2.11926,8.4512],[2.1231,8.46145],[2.12325,8.47798]]]}},{"type":"Feature","properties":{"id":"BEN:ADM2:17685819B31910055772004","name":"Kandi","countryCode":"BEN","adminLevel":2,"sourceCode":"17685819B31910055772004","parentId":"BEN:ADM1:BEN-2170"},"geometry":{"type":"Polygon","coordinates":[[[2.63673,11.18369],[2.64744,11.17138],[2.64351,11.1543],[2.63594,11.13877],[2.61475,11.12276],[2.61702,11.1087],[2.63191,11.07607],[2.65265,11.05522],[2.6528,11.03853],[2.65719,11.02654],[2.66721,11.01591],[2.67132,10.98737],[2.68244,10.97437],[2.68275,10.9606],[2.71022,10.9237],[2.72708,10.90927],[2.73673,10.90587],[2.76738,10.91263],[2.81979,10.93648],[2.84388,10.97762],[2.85593,10.98978],[2.99323,10.9927],[2.99356,10.95445],[3.12374,10.91898],[3.19362,10.90465],[3.21813,10.90784],[3.23254,10.91981],[3.23384,10.95303],[3.24709,10.97516],[3.24507,10.99839],[3.23234,11.01698],[3.2334,11.02518],[3.2259,11.03399],[3.22552,11.03817],[3.23449,11.05199],[3.2235,11.06085],[3.22602,11.09016],[3.21364,11.10193],[3.21456,11.11138],[3.22442,11.11422],[3.23007,11.13336],[3.23257,11.14529],[3.22977,11.16144],[3.23441,11.17614],[3.24874,11.19201],[3.26563,11.19631],[3.25829,11.20721],[3.25472,11.23018],[3.26253,11.25417],[3.25846,11.29882],[3.25321,11.30734],[3.2242,11.32927],[3.19655,11.36202],[3.18485,11.38714],[3.15576,11.41755],[3.14499,11.43751],[3.11432,11.47889],[3.06555,11.5264],[2.96093,11.61977],[2.91508,11.65263],[2.89895,11.63968],[2.86609,11.62851],[2.85587,11.61649],[2.86855,11.60305],[2.85583,11.56116],[2.85909,11.54557],[2.86427,11.54345],[2.86722,11.52633],[2.85278,11.51448],[2.83956,11.4958],[2.8599,11.49066],[2.87634,11.47331],[2.87597,11.46219],[2.85838,11.45897],[2.84185,11.43059],[2.84163,11.42114],[2.85981,11.39419],[2.88471,11.38178],[2.88542,11.36398],[2.89853,11.35291],[2.8974,11.33498],[2.90522,11.3138],[2.89997,11.30786],[2.89011,11.30403],[2.87373,11.30985],[2.86334,11.30993],[2.86092,11.30633],[2.83785,11.30218],[2.83149,11.29708],[2.82351,11.30034],[2.80888,11.2971],[2.80841,11.2921],[2.82082,11.28006],[2.80787,11.25901],[2.80065,11.26935],[2.76343,11.28587],[2.75038,11.28817],[2.73963,11.27755],[2.72673,11.28055],[2.71613,11.28993],[2.70144,11.27946],[2.67221,11.27646],[2.65655,11.26683],[2.65198,11.25615],[2.65674,11.21734],[2.65288,11.20832],[2.64037,11.20577],[2.63483,11.19621],[2.63673,11.18369]]]}},{"type":"Feature","properties":{"id":"BEN:ADM2:17685819B32176770628240","name":"Parakou","countryCode":"BEN","adminLevel":2,"sourceCode":"17685819B32176770628240","parentId":"BEN:ADM1:BEN-2169"},"geometry":{"type":"Polygon","coordinates":[[[2.5564,9.4487],[2.49523,9.41271],[2.46737,9.38671],[2.46365,9.34704],[2.49201,9.30696],[2.52731,9.2796],[2.57514,9.24892],[2.61848,9.24562],[2.63048,9.26176],[2.641,9.26764],[2.65567,9.26917],[2.66662,9.27671],[2.68314,9.28225],[2.70699,9.28315],[2.72614,9.2727],[2.73505,9.27136],[2.73297,9.28707],[2.74284,9.29781],[2.73152,9.30888],[2.73245,9.31776],[2.73974,9.32158],[2.73763,9.36185],[2.74133,9.36876],[2.73767,9.39364],[2.74955,9.39506],[2.75679,9.40748],[2.7511,9.42461],[2.69085,9.38477],[2.67602,9.38004],[2.64759,9.39875],[2.61962,9.43426],[2.5683,9.45123],[2.5564,9.4487]]]}},{"type":"Feature","properties":{"id":"BEN:ADM2:17685819B32706375807456","name":"Bonou","countryCode":"BEN","adminLevel":2,"sourceCode":"17685819B32706375807456","parentId":"BEN:ADM1:BEN-2177"},"geometry":{"type":"Polygon","coordinates":[[[2.50784,6.9607],[2.41011,6.95518],[2.41153,6.94824],[2.39639,6.94113],[2.38854,6.93308],[2.38825,6.92174],[2.39506,6.91556],[2.40621,6.91388],[2.41034,6.90261],[2.41456,6.85912],[2.43643,6.82465],[2.41879,6.79669],[2.43504,6.79309],[2.48137,6.7917],[2.57974,6.79225],[2.57364,6.81853],[2.55798,6.8444],[2.55263,6.87426],[2.54924,6.87931],[2.51904,6.88573],[2.50578,6.89715],[2.50213,6.93973],[2.50784,6.9607]]]}},{"type":"Feature","properties":{"id":"BEN:ADM2:17685819B33333613616473","name":"Djakotomey","countryCode":"BEN","adminLevel":2,"sourceCode":"17685819B33333613616473","parentId":"BEN:ADM1:BEN-2176"},"geometry":{"type":"Polygon","coordinates":[[[1.60669,6.88347],[1.59451,6.86898],[1.60142,6.85289],[1.5996,6.83013],[1.60397,6.82714],[1.61317,6.82875],[1.61479,6.82508],[1.59846,6.81219],[1.59662,6.80644],[1.59892,6.79978],[1.61066,6.79817],[1.61274,6.79243],[1.60791,6.78162],[1.64706,6.78506],[1.67488,6.79176],[1.68782,6.80099],[1.70023,6.82212],[1.75851,6.82648],[1.77002,6.85288],[1.76723,6.88292],[1.75978,6.8945],[1.76255,6.9058],[1.75408,6.91311],[1.75184,6.92088],[1.76944,6.92701],[1.76042,6.95548],[1.75043,6.96238],[1.73187,6.96553],[1.72914,6.94729],[1.7052,6.9238],[1.66893,6.91807],[1.64519,6.88835],[1.62224,6.87606],[1.60669,6.88347]]]}},{"type":"Feature","properties":{"id":"BEN:ADM2:17685819B34979669430532","name":"Adjohoun","countryCode":"BEN","adminLevel":2,"sourceCode":"17685819B34979669430532","parentId":"BEN:ADM1:BEN-2177"},"geometry":{"type":"Polygon","coordinates":[[[2.4154,6.6334],[2.44943,6.62735],[2.46676,6.62071],[2.50623,6.61539],[2.54646,6.62336],[2.56418,6.63375],[2.57276,6.6429],[2.57049,6.72078],[2.57889,6.75459],[2.57974,6.79225],[2.48137,6.7917],[2.43504,6.79309],[2.41879,6.79669],[2.41533,6.78595],[2.42126,6.77604],[2.42344,6.7543],[2.4363,6.74651],[2.41088,6.68547],[2.40697,6.66187],[2.41107,6.64024],[2.4154,6.6334]]]}},{"type":"Feature","properties":{"id":"BEN:ADM2:17685819B36498320143439","name":"Ifangni","countryCode":"BEN","adminLevel":2,"sourceCode":"17685819B36498320143439","parentId":"BEN:ADM1:BEN-2179"},"geometry":{"type":"Polygon","coordinates":[[[2.72029,6.50777],[2.72471,6.52639],[2.72933,6.53443],[2.74293,6.54543],[2.75056,6.55736],[2.75312,6.57047],[2.74465,6.58383],[2.73143,6.63078],[2.75246,6.66568],[2.78659,6.69479],[2.78598,6.72331],[2.7895,6.74813],[2.78629,6.75458],[2.77871,6.7592],[2.75141,6.74606],[2.70015,6.73191],[2.66373,6.69453],[2.66267,6.64302],[2.65589,6.61639],[2.69224,6.56054],[2.69912,6.51431],[2.72029,6.50777]]]}},{"type":"Feature","properties":{"id":"BEN:ADM2:17685819B36696986957740","name":"Abomey","countryCode":"BEN","adminLevel":2,"sourceCode":"17685819B36696986957740","parentId":"BEN:ADM1:BEN-2178"},"geometry":{"type":"Polygon","coordinates":[[[2.03408,7.21894],[2.00897,7.23383],[1.98573,7.23181],[1.93982,7.24007],[1.93295,7.24376],[1.89647,7.244],[1.8859,7.23861],[1.88529,7.2342],[1.91403,7.20183],[1.90152,7.16271],[1.92044,7.16217],[1.95186,7.15522],[1.96447,7.14757],[1.96947,7.1392],[1.97379,7.11976],[1.97695,7.11861],[1.98704,7.11874],[2.01728,7.12841],[2.02943,7.13778],[2.0312,7.14675],[2.02791,7.15898],[2.03801,7.17073],[2.03989,7.17776],[2.03757,7.19011],[2.02499,7.20026],[2.03408,7.21894]]]}},{"type":"Feature","properties":{"id":"BEN:ADM2:17685819B3857845768140","name":"Adja-Ouere","countryCode":"BEN","adminLevel":2,"sourceCode":"17685819B3857845768140","parentId":"BEN:ADM1:BEN-2179"},"geometry":{"type":"Polygon","coordinates":[[[2.53742,7.187],[2.51821,7.17067],[2.52943,7.13448],[2.53598,7.092],[2.55193,7.05643],[2.55559,7.03324],[2.5541,6.99891],[2.53443,6.98883],[2.50784,6.9607],[2.50213,6.93973],[2.50578,6.89715],[2.51904,6.88573],[2.54924,6.87931],[2.55441,6.86427],[2.61028,6.87115],[2.66244,6.85247],[2.67703,6.86553],[2.68456,6.88689],[2.70056,6.9016],[2.73813,6.91514],[2.74787,6.92829],[2.72693,6.93042],[2.72004,6.93481],[2.7189,6.95333],[2.69756,6.94958],[2.67294,6.95066],[2.65409,6.95774],[2.6406,6.98995],[2.62816,7.04458],[2.60907,7.05471],[2.60095,7.06689],[2.59234,7.09265],[2.59968,7.11082],[2.61951,7.13974],[2.63122,7.17225],[2.62812,7.17756],[2.61615,7.17428],[2.60107,7.1838],[2.58768,7.18636],[2.57005,7.18359],[2.53742,7.187]]]}},{"type":"Feature","properties":{"id":"BEN:ADM2:17685819B4092451643280","name":"Kobli","countryCode":"BEN","adminLevel":2,"sourceCode":"17685819B4092451643280","parentId":"BEN:ADM1:BEN-2181"},"geometry":{"type":"Polygon","coordinates":[[[1.08157,10.43502],[1.08237,10.45801],[1.07658,10.48708],[1.06405,10.50961],[1.04117,10.53758],[1.02391,10.52787],[0.9988,10.56014],[0.94857,10.58132],[0.94188,10.59174],[0.93082,10.59857],[0.93016,10.61246],[0.87564,10.65475],[0.80574,10.64367],[0.80812,10.61303],[0.80626,10.57808],[0.78323,10.51218],[0.77486,10.4112],[0.77457,10.38476],[0.79769,10.36652],[0.90969,10.28573],[0.96291,10.32767],[1.00739,10.42378],[1.08157,10.43502]]]}},{"type":"Feature","properties":{"id":"BEN:ADM2:17685819B42315243749993","name":"Toffo","countryCode":"BEN","adminLevel":2,"sourceCode":"17685819B42315243749993","parentId":"BEN:ADM1:BEN-2174"},"geometry":{"type":"Polygon","coordinates":[[[2.2277,6.77796],[2.24067,6.79894],[2.25877,6.81999],[2.27361,6.81604],[2.31844,6.86423],[2.29559,6.89914],[2.3307,6.91233],[2.34264,6.90773],[2.3433,6.91589],[2.31801,6.96299],[2.25318,6.93666],[2.08431,6.93167],[2.09318,6.92352],[2.10031,6.91001],[2.09967,6.89342],[2.07796,6.87962],[2.06868,6.86743],[2.05178,6.78898],[2.03256,6.77554],[2.03364,6.73224],[2.07541,6.72946],[2.10466,6.74039],[2.13165,6.75718],[2.15711,6.78268],[2.2277,6.77796]]]}},{"type":"Feature","properties":{"id":"BEN:ADM2:17685819B44038505687321","name":"Bembereke","countryCode":"BEN","adminLevel":2,"sourceCode":"17685819B44038505687321","parentId":"BEN:ADM1:BEN-2169"},"geometry":{"type":"Polygon","coordinates":[[[3.10386,10.53781],[2.85643,10.53566],[2.81323,10.58159],[2.77749,10.57873],[2.70173,10.56373],[2.68823,10.52998],[2.54501,10.52997],[2.54303,10.49834],[2.53772,10.48506],[2.53268,10.45526],[2.53576,10.4401],[2.52919,10.426],[2.53431,10.38917],[2.5239,10.3397],[2.49748,10.29732],[2.48446,10.24954],[2.46753,10.23483],[2.46869,10.19318],[2.47908,10.18379],[2.48536,10.15042],[2.46593,10.13712],[2.46041,10.12939],[2.46276,10.11077],[2.48219,10.0959],[2.51537,10.08619],[2.56162,10.00944],[2.53024,9.98806],[2.52456,9.97783],[2.60015,9.94651],[2.60691,9.93771],[2.61389,9.93681],[2.63194,9.92471],[2.65046,9.91858],[2.67213,9.91853],[2.68344,9.90413],[2.69264,9.90211],[2.70943,9.9039],[2.72798,9.90165],[2.78246,9.92655],[2.80261,9.92914],[2.81117,9.93323],[2.82016,9.92385],[2.84265,9.93627],[2.85365,9.9592],[2.84034,9.9957],[2.84459,10.00259],[2.84427,10.01177],[2.85035,10.01809],[2.852,10.0289],[2.81087,10.03915],[2.8102,10.12355],[2.90136,10.13643],[2.91042,10.13356],[2.92548,10.14244],[2.9957,10.22199],[3.01855,10.23884],[3.02244,10.2506],[3.03411,10.2552],[3.05491,10.30205],[3.04652,10.3027],[3.03974,10.30928],[3.0374,10.32554],[2.98415,10.36952],[3.0013,10.40267],[3.00284,10.41598],[3.01272,10.42254],[3.05417,10.4381],[3.08092,10.43866],[3.08306,10.45516],[3.09932,10.46956],[3.10154,10.51785],[3.11147,10.51747],[3.11056,10.52358],[3.09952,10.52467],[3.10386,10.53781]]]}},{"type":"Feature","properties":{"id":"BEN:ADM2:17685819B44866040554021","name":"Sinende","countryCode":"BEN","adminLevel":2,"sourceCode":"17685819B44866040554021","parentId":"BEN:ADM1:BEN-2169"},"geometry":{"type":"Polygon","coordinates":[[[2.54501,10.52997],[2.48425,10.56157],[2.47691,10.55428],[2.41792,10.56475],[2.41846,10.53171],[2.24148,10.52849],[2.17677,10.45708],[2.16162,10.43582],[2.15658,10.41781],[2.15676,10.35535],[2.178,10.33466],[2.20431,10.31948],[2.23433,10.27858],[2.24184,10.24091],[2.24698,10.18785],[2.26219,10.15081],[2.2357,10.09467],[2.19729,10.08232],[2.16285,10.07563],[2.13671,10.07611],[2.10899,10.07005],[2.08064,10.0561],[2.06935,10.04299],[2.06956,10.03495],[2.08268,10.03263],[2.08045,9.99823],[2.07018,9.97221],[2.0822,9.95603],[2.09035,9.96138],[2.09266,9.9701],[2.12462,9.9825],[2.15743,9.97865],[2.20158,9.96042],[2.21256,9.96964],[2.24075,9.96471],[2.29454,9.96471],[2.30274,9.95854],[2.32142,9.95368],[2.3347,9.9544],[2.34677,9.94348],[2.38698,9.92442],[2.39402,9.96212],[2.40508,9.96369],[2.40681,9.98588],[2.49586,9.98738],[2.52456,9.97783],[2.53024,9.98806],[2.56162,10.00944],[2.51537,10.08619],[2.48219,10.0959],[2.46276,10.11077],[2.46041,10.12939],[2.46593,10.13712],[2.48536,10.15042],[2.47908,10.18379],[2.46869,10.19318],[2.46753,10.23483],[2.48446,10.24954],[2.49748,10.29732],[2.5239,10.3397],[2.53431,10.38917],[2.52919,10.426],[2.53576,10.4401],[2.53268,10.45526],[2.53772,10.48506],[2.54303,10.49834],[2.54501,10.52997]]]}},{"type":"Feature","properties":{"id":"BEN:ADM2:17685819B4559503573339","name":"Lalo","countryCode":"BEN","adminLevel":2,"sourceCode":"17685819B4559503573339","parentId":"BEN:ADM1:BEN-2176"},"geometry":{"type":"Polygon","coordinates":[[[1.93347,7.02842],[1.91425,6.96217],[1.88021,6.93399],[1.86519,6.93585],[1.87324,6.9074],[1.8581,6.878],[1.85931,6.85338],[1.85103,6.83246],[1.88031,6.82364],[1.90689,6.80946],[1.92383,6.79637],[1.92112,6.77856],[2.03311,6.72326],[2.03256,6.77554],[2.05178,6.78898],[2.06868,6.86743],[2.07796,6.87962],[2.09967,6.89342],[2.10031,6.91001],[2.09318,6.92352],[2.08431,6.93167],[2.0698,6.93062],[2.04602,6.91739],[2.03025,6.91359],[2.00571,6.91628],[1.99022,6.92437],[1.9893,6.94886],[1.98472,6.96814],[1.97324,6.97645],[1.96731,6.99756],[1.96237,7.00038],[1.95723,6.99796],[1.94657,7.01664],[1.93347,7.02842]]]}},{"type":"Feature","properties":{"id":"BEN:ADM2:17685819B47795371701587","name":"Akpo-Misserete","countryCode":"BEN","adminLevel":2,"sourceCode":"17685819B47795371701587","parentId":"BEN:ADM1:BEN-2177"},"geometry":{"type":"Polygon","coordinates":[[[2.56418,6.63375],[2.5619,6.61023],[2.57203,6.59512],[2.57589,6.57608],[2.55844,6.52884],[2.54925,6.5251],[2.56567,6.5042],[2.58048,6.49608],[2.58677,6.49986],[2.61014,6.52775],[2.61835,6.55768],[2.60397,6.5762],[2.62878,6.62526],[2.58291,6.64607],[2.57276,6.6429],[2.56418,6.63375]]]}},{"type":"Feature","properties":{"id":"BEN:ADM2:17685819B47850119626851","name":"Gogounou","countryCode":"BEN","adminLevel":2,"sourceCode":"17685819B47850119626851","parentId":"BEN:ADM1:BEN-2170"},"geometry":{"type":"Polygon","coordinates":[[[2.33559,10.94924],[2.31881,10.93736],[2.30408,10.91866],[2.25718,10.89317],[2.24958,10.8711],[2.24069,10.86196],[2.24148,10.52849],[2.41846,10.53171],[2.41792,10.56475],[2.47691,10.55428],[2.48425,10.56157],[2.54501,10.52997],[2.68823,10.52998],[2.70173,10.56373],[2.77749,10.57873],[2.81323,10.58159],[2.85643,10.53566],[3.10633,10.53787],[3.11067,10.54675],[3.1239,10.55235],[3.12273,10.56154],[3.15241,10.57188],[3.14995,10.59248],[3.15744,10.59785],[3.15754,10.60897],[3.17339,10.60968],[3.16501,10.6263],[3.18316,10.63339],[3.18278,10.65092],[3.19836,10.66623],[3.20368,10.6794],[3.21736,10.6868],[3.2096,10.6959],[3.1966,10.72785],[3.20084,10.75856],[3.19736,10.7889],[3.18503,10.79068],[3.18134,10.80002],[3.18133,10.81338],[3.16987,10.83127],[3.18327,10.83881],[3.18162,10.88416],[3.192,10.8973],[3.19362,10.90465],[3.12374,10.91898],[2.99356,10.95445],[2.99323,10.9927],[2.85593,10.98978],[2.84388,10.97762],[2.81979,10.93648],[2.76738,10.91263],[2.73673,10.90587],[2.72708,10.90927],[2.71022,10.9237],[2.68275,10.9606],[2.68244,10.97437],[2.67132,10.98737],[2.66721,11.01591],[2.65719,11.02654],[2.6528,11.03853],[2.65265,11.05522],[2.63191,11.07607],[2.61702,11.1087],[2.61475,11.12276],[2.63594,11.13877],[2.64351,11.1543],[2.64744,11.17138],[2.63673,11.18369],[2.63093,11.16175],[2.58626,11.16062],[2.57732,11.14913],[2.55567,11.14634],[2.55752,11.13103],[2.54117,11.10679],[2.55291,11.06459],[2.54319,11.06019],[2.53278,11.04008],[2.52325,11.04112],[2.51883,11.05073],[2.50656,11.0604],[2.47084,11.03585],[2.4675,11.02029],[2.44475,11.01944],[2.42218,11.02318],[2.40785,11.02145],[2.37159,10.99647],[2.35961,10.9715],[2.34396,10.96101],[2.33559,10.94924]]]}},{"type":"Feature","properties":{"id":"BEN:ADM2:17685819B50728061848372","name":"Abomey-Calavi","countryCode":"BEN","adminLevel":2,"sourceCode":"17685819B50728061848372","parentId":"BEN:ADM1:BEN-2174"},"geometry":{"type":"Polygon","coordinates":[[[2.21874,6.45584],[2.22279,6.43975],[2.21789,6.42391],[2.21045,6.41489],[2.2088,6.4044],[2.21694,6.39516],[2.22385,6.37625],[2.23791,6.36527],[2.26516,6.36267],[2.27222,6.33182],[2.32758,6.33918],[2.35779,6.33925],[2.37147,6.4321],[2.38202,6.46666],[2.40023,6.49697],[2.40407,6.5142],[2.40343,6.54754],[2.39585,6.56729],[2.40208,6.59943],[2.4154,6.6334],[2.41107,6.64024],[2.40697,6.66187],[2.41088,6.68547],[2.38299,6.68379],[2.35438,6.69997],[2.34105,6.69394],[2.3314,6.68467],[2.33395,6.63982],[2.31747,6.60493],[2.31297,6.58867],[2.30593,6.57826],[2.25312,6.54968],[2.24407,6.51302],[2.22368,6.48399],[2.22241,6.46285],[2.21874,6.45584]]]}},{"type":"Feature","properties":{"id":"BEN:ADM2:17685819B52071067315918","name":"Dangbo","countryCode":"BEN","adminLevel":2,"sourceCode":"17685819B52071067315918","parentId":"BEN:ADM1:BEN-2177"},"geometry":{"type":"Polygon","coordinates":[[[2.4154,6.6334],[2.4353,6.54874],[2.47743,6.52406],[2.50065,6.51722],[2.52652,6.54845],[2.54296,6.52866],[2.54925,6.5251],[2.55844,6.52884],[2.57589,6.57608],[2.57203,6.59512],[2.5619,6.61023],[2.56418,6.63375],[2.54646,6.62336],[2.50623,6.61539],[2.46676,6.62071],[2.44943,6.62735],[2.4154,6.6334]]]}},{"type":"Feature","properties":{"id":"BEN:ADM2:17685819B53288119636086","name":"Zogbodomey","countryCode":"BEN","adminLevel":2,"sourceCode":"17685819B53288119636086","parentId":"BEN:ADM1:BEN-2178"},"geometry":{"type":"Polygon","coordinates":[[[1.96731,6.99756],[1.97324,6.97645],[1.98472,6.96814],[1.9893,6.94886],[1.99022,6.92437],[2.00571,6.91628],[2.03025,6.91359],[2.04602,6.91739],[2.0698,6.93062],[2.25318,6.93666],[2.31801,6.96299],[2.33646,6.93009],[2.36372,6.95473],[2.39728,6.9761],[2.40097,6.97578],[2.40388,6.99691],[2.39737,7.01541],[2.3803,7.02965],[2.36707,7.05227],[2.36607,7.06017],[2.31548,7.09829],[2.31316,7.1213],[2.29095,7.12426],[2.20044,7.12367],[2.12203,7.12897],[2.08382,7.12372],[2.0574,7.1324],[2.04714,7.11912],[2.03378,7.09067],[2.01406,7.02979],[1.9906,7.00952],[1.96731,6.99756]]]}},{"type":"Feature","properties":{"id":"BEN:ADM2:17685819B53348586225757","name":"Grand-Popo","countryCode":"BEN","adminLevel":2,"sourceCode":"17685819B53348586225757","parentId":"BEN:ADM1:BEN-2180"},"geometry":{"type":"Polygon","coordinates":[[[1.75302,6.45005],[1.75518,6.43678],[1.77608,6.41604],[1.7694,6.41168],[1.76938,6.39834],[1.77421,6.39442],[1.77075,6.39167],[1.77234,6.3774],[1.78016,6.37233],[1.78389,6.36497],[1.78919,6.35048],[1.78781,6.34381],[1.78275,6.33898],[1.79794,6.31276],[1.79749,6.30724],[1.78921,6.30287],[1.79542,6.29321],[1.80186,6.29068],[1.80669,6.28424],[1.79934,6.28056],[1.7699,6.28216],[1.76898,6.2748],[1.76392,6.27181],[1.74898,6.27111],[1.70984,6.2572],[1.6942,6.25699],[1.68983,6.25332],[1.6804,6.25448],[1.6682,6.2476],[1.64567,6.24809],[1.62957,6.24237],[1.62782,6.22575],[1.63563,6.2315],[1.67863,6.24049],[1.69403,6.24671],[1.74853,6.25294],[1.87063,6.2785],[1.96192,6.28601],[1.97946,6.31741],[1.96673,6.32422],[1.95847,6.33512],[1.96081,6.34518],[1.93293,6.3634],[1.91758,6.36056],[1.84738,6.36773],[1.83272,6.37484],[1.81666,6.47656],[1.7811,6.47717],[1.77552,6.46147],[1.75302,6.45005]]]}},{"type":"Feature","properties":{"id":"BEN:ADM2:17685819B54194513987818","name":"Agbangnizoun","countryCode":"BEN","adminLevel":2,"sourceCode":"17685819B54194513987818","parentId":"BEN:ADM1:BEN-2178"},"geometry":{"type":"Polygon","coordinates":[[[1.90152,7.16271],[1.88061,7.15927],[1.864,7.14594],[1.85586,7.14437],[1.85986,7.13367],[1.8586,7.12124],[1.87441,7.10527],[1.87727,7.09168],[1.91301,7.05774],[1.91719,7.04026],[1.94657,7.01664],[1.95723,6.99796],[1.96237,7.00038],[1.96731,6.99756],[1.9906,7.00952],[2.01406,7.02979],[2.03378,7.09067],[2.04714,7.11912],[2.0574,7.1324],[2.03058,7.15202],[2.02943,7.13778],[2.01728,7.12841],[1.98704,7.11874],[1.97695,7.11861],[1.97379,7.11976],[1.96947,7.1392],[1.96447,7.14757],[1.95186,7.15522],[1.92044,7.16217],[1.90152,7.16271]]]}},{"type":"Feature","properties":{"id":"BEN:ADM2:17685819B54561297103056","name":"Toviklin","countryCode":"BEN","adminLevel":2,"sourceCode":"17685819B54561297103056","parentId":"BEN:ADM1:BEN-2176"},"geometry":{"type":"Polygon","coordinates":[[[1.77002,6.85288],[1.85103,6.83246],[1.85931,6.85338],[1.8581,6.878],[1.87324,6.9074],[1.86519,6.93585],[1.83845,6.9492],[1.81216,6.94318],[1.80112,6.94416],[1.78476,6.95972],[1.77635,6.9608],[1.76042,6.95548],[1.76944,6.92701],[1.75184,6.92088],[1.75408,6.91311],[1.76255,6.9058],[1.75978,6.8945],[1.76723,6.88292],[1.77002,6.85288]]]}},{"type":"Feature","properties":{"id":"BEN:ADM2:17685819B5479142895221","name":"Save","countryCode":"BEN","adminLevel":2,"sourceCode":"17685819B5479142895221","parentId":"BEN:ADM1:BEN-2171"},"geometry":{"type":"Polygon","coordinates":[[[2.48714,7.6856],[2.67859,7.68625],[2.72945,7.68976],[2.72796,7.7449],[2.73241,7.77223],[2.72946,7.79222],[2.72467,7.80763],[2.71132,7.81318],[2.7063,7.83271],[2.69576,7.85479],[2.66843,7.88978],[2.67582,7.89321],[2.6955,7.93082],[2.70455,7.9681],[2.70733,8],[2.72329,8.06109],[2.72883,8.06681],[2.72404,8.08495],[2.73254,8.11684],[2.72992,8.1283],[2.73225,8.13885],[2.74821,8.16474],[2.75016,8.20077],[2.7541,8.21131],[2.74031,8.22466],[2.7146,8.26054],[2.69812,8.30718],[2.69563,8.32417],[2.67454,8.33119],[2.66078,8.32797],[2.61768,8.33112],[2.52365,8.30287],[2.49867,8.30098],[2.4975,8.15759],[2.48226,8.14437],[2.46138,8.13537],[2.43408,8.13615],[2.4128,8.12784],[2.39796,8.12727],[2.38302,8.13072],[2.36691,8.14196],[2.34411,8.13478],[2.33948,8.12884],[2.33883,8.10481],[2.35259,8.08011],[2.3726,8.05646],[2.35724,8.03157],[2.35814,8.02336],[2.37414,8.01713],[2.37685,8.01029],[2.36838,7.99396],[2.36954,7.97144],[2.37693,7.94679],[2.37425,7.91415],[2.37955,7.87562],[2.39494,7.82089],[2.40137,7.81292],[2.45266,7.77623],[2.46107,7.75795],[2.45801,7.7427],[2.46006,7.72559],[2.48714,7.6856]]]}},{"type":"Feature","properties":{"id":"BEN:ADM2:17685819B55066990993617","name":"Aguegues","countryCode":"BEN","adminLevel":2,"sourceCode":"17685819B55066990993617","parentId":"BEN:ADM1:BEN-2177"},"geometry":{"type":"Polygon","coordinates":[[[2.44572,6.39741],[2.46171,6.39555],[2.49809,6.4058],[2.59084,6.45021],[2.58048,6.49608],[2.56567,6.5042],[2.52652,6.54845],[2.50065,6.51722],[2.4953,6.49988],[2.4967,6.48215],[2.488,6.46222],[2.44572,6.39741]]]}},{"type":"Feature","properties":{"id":"BEN:ADM2:17685819B56321809459452","name":"Tchaourou","countryCode":"BEN","adminLevel":2,"sourceCode":"17685819B56321809459452","parentId":"BEN:ADM1:BEN-2169"},"geometry":{"type":"Polygon","coordinates":[[[2.18525,8.76418],[2.72841,8.77268],[2.73932,8.79424],[2.74488,8.79996],[2.76106,8.80543],[2.76338,8.80978],[2.75879,8.81967],[2.76119,8.85159],[2.75707,8.86354],[2.76816,8.86718],[2.77355,8.89472],[2.77035,8.90484],[2.75833,8.90372],[2.75811,8.90786],[2.76391,8.91611],[2.77062,8.91885],[2.78178,8.94522],[2.7781,8.95075],[2.77118,8.95284],[2.78576,8.96405],[2.78879,8.97024],[2.78212,8.98266],[2.78861,8.98769],[2.77777,8.99485],[2.78241,9.0031],[2.77226,9.00749],[2.77203,9.01071],[2.78408,9.0194],[2.77416,9.02609],[2.78249,9.03181],[2.786,9.04489],[2.77826,9.0538],[2.78092,9.06521],[2.86759,9.06215],[2.87915,9.06466],[2.88193,9.07293],[2.89604,9.08371],[2.95338,9.0926],[2.95639,9.09237],[2.964,9.07949],[2.9841,9.07234],[3.00814,9.07392],[3.08354,9.09791],[3.08817,9.10158],[3.09214,9.12982],[3.10143,9.15278],[3.1237,9.19224],[3.12216,9.23842],[3.12635,9.25219],[3.14998,9.27259],[3.15717,9.28246],[3.15834,9.29141],[3.15192,9.32152],[3.15152,9.33949],[2.93623,9.34179],[2.92945,9.34727],[2.91177,9.35119],[2.9117,9.37104],[2.90342,9.37972],[2.89093,9.38651],[2.87909,9.38829],[2.86608,9.38425],[2.85862,9.39099],[2.80942,9.53249],[2.79851,9.51704],[2.80119,9.50508],[2.79289,9.49877],[2.78031,9.46987],[2.76869,9.42542],[2.76177,9.42993],[2.7511,9.42461],[2.75679,9.40748],[2.74955,9.39506],[2.73767,9.39364],[2.74133,9.36876],[2.73763,9.36185],[2.73974,9.32158],[2.73245,9.31776],[2.73152,9.30888],[2.74284,9.29781],[2.73297,9.28707],[2.73505,9.27136],[2.72614,9.2727],[2.70699,9.28315],[2.68314,9.28225],[2.66662,9.27671],[2.65567,9.26917],[2.641,9.26764],[2.63048,9.26176],[2.61848,9.24562],[2.57514,9.24892],[2.52731,9.2796],[2.49201,9.30696],[2.46365,9.34704],[2.46737,9.38671],[2.49523,9.41271],[2.5564,9.4487],[2.53529,9.45873],[2.49953,9.46945],[2.47348,9.48911],[2.40833,9.50755],[2.32225,9.52573],[2.30632,9.52337],[2.29395,9.53026],[2.28587,9.5474],[2.27922,9.55356],[2.27962,9.56743],[2.26139,9.57299],[2.25997,9.58647],[2.24987,9.59695],[2.24453,9.60907],[2.23143,9.61083],[2.22421,9.63269],[2.20735,9.63656],[2.19903,9.64231],[2.19132,9.63974],[2.18913,9.64378],[2.19442,9.65915],[2.19946,9.6605],[2.19896,9.66758],[2.18448,9.67213],[2.17466,9.68303],[2.15974,9.68591],[2.10199,9.37029],[2.09437,9.3759],[2.08372,9.37154],[2.07946,9.36172],[2.04941,9.35472],[2.03133,9.36082],[1.97254,9.35332],[1.96931,9.31532],[1.9709,9.28657],[1.96395,9.27066],[1.96343,9.25956],[1.97441,9.23686],[1.97059,9.22981],[1.97623,9.21964],[1.96723,9.20985],[1.9791,9.17742],[1.96917,9.15709],[1.96896,9.14737],[1.98762,9.1267],[2.01866,9.12218],[2.02597,9.11282],[2.0241,9.10534],[2.03614,9.09415],[2.07221,9.07404],[2.08267,9.07452],[2.10881,9.06697],[2.18287,9.07293],[2.19132,9.0669],[2.19376,9.05869],[2.22033,9.05307],[2.22538,9.03985],[2.21205,9.03065],[2.21252,9.00441],[2.2244,8.99183],[2.22436,8.98794],[2.19903,8.97453],[2.19415,8.95833],[2.18698,8.95089],[2.19494,8.92084],[2.20722,8.92241],[2.20971,8.92018],[2.19981,8.90401],[2.20834,8.89187],[2.23487,8.89846],[2.23855,8.88941],[2.23709,8.88178],[2.22681,8.86882],[2.21117,8.83202],[2.20825,8.81775],[2.20233,8.8096],[2.20221,8.79544],[2.18525,8.76418]]]}},{"type":"Feature","properties":{"id":"BEN:ADM2:17685819B57031298313635","name":"Dassa-Zoume","countryCode":"BEN","adminLevel":2,"sourceCode":"17685819B57031298313635","parentId":"BEN:ADM1:BEN-2171"},"geometry":{"type":"Polygon","coordinates":[[[2.27256,7.52013],[2.35042,7.46735],[2.38453,7.45244],[2.39888,7.45028],[2.40551,7.44277],[2.4064,7.45633],[2.42073,7.48839],[2.45434,7.54965],[2.46598,7.55849],[2.46554,7.59451],[2.46203,7.60979],[2.47042,7.6425],[2.48714,7.6856],[2.46006,7.72559],[2.45801,7.7427],[2.46107,7.75795],[2.45839,7.76729],[2.45266,7.77623],[2.40137,7.81292],[2.39494,7.82089],[2.37955,7.87562],[2.37425,7.91415],[2.35727,7.90706],[2.29706,7.89725],[2.24837,7.84594],[2.23163,7.83357],[2.21054,7.82956],[2.17772,7.87455],[2.16138,7.90426],[2.1488,7.93771],[2.11892,7.94487],[2.1135,7.9106],[2.11588,7.89821],[2.07773,7.86111],[2.0615,7.81273],[2.04273,7.69644],[2.04638,7.67181],[2.08207,7.63806],[2.09344,7.60991],[2.11014,7.58909],[2.11675,7.58653],[2.12455,7.59148],[2.12939,7.59033],[2.12592,7.57507],[2.1339,7.56079],[2.25387,7.52953],[2.27256,7.52013]]]}},{"type":"Feature","properties":{"id":"BEN:ADM2:17685819B57130091553848","name":"So-Ava","countryCode":"BEN","adminLevel":2,"sourceCode":"17685819B57130091553848","parentId":"BEN:ADM1:BEN-2174"},"geometry":{"type":"Polygon","coordinates":[[[2.36628,6.40576],[2.44572,6.39741],[2.488,6.46222],[2.4967,6.48215],[2.4953,6.49988],[2.50065,6.51722],[2.47743,6.52406],[2.4353,6.54874],[2.4154,6.6334],[2.39686,6.58083],[2.39585,6.56729],[2.40343,6.54754],[2.40407,6.5142],[2.40023,6.49697],[2.38202,6.46666],[2.36628,6.40576]]]}},{"type":"Feature","properties":{"id":"BEN:ADM2:17685819B57139564746449","name":"Banikoara","countryCode":"BEN","adminLevel":2,"sourceCode":"17685819B57139564746449","parentId":"BEN:ADM1:BEN-2170"},"geometry":{"type":"Polygon","coordinates":[[[2.30959,11.68081],[2.30573,11.67442],[2.25746,11.64792],[2.21878,11.6097],[2.2062,11.60095],[2.19313,11.6007],[2.18544,11.59724],[2.01925,11.42771],[2.20326,11.01039],[2.24424,10.9903],[2.27943,10.98568],[2.29049,10.98145],[2.33559,10.94924],[2.34396,10.96101],[2.35961,10.9715],[2.37159,10.99647],[2.40785,11.02145],[2.42218,11.02318],[2.44475,11.01944],[2.4675,11.02029],[2.47084,11.03585],[2.50656,11.0604],[2.51883,11.05073],[2.52325,11.04112],[2.53278,11.04008],[2.54319,11.06019],[2.55291,11.06459],[2.54117,11.10679],[2.55752,11.13103],[2.55567,11.14634],[2.57732,11.14913],[2.58626,11.16062],[2.63093,11.16175],[2.63673,11.18369],[2.63483,11.19621],[2.64037,11.20577],[2.65288,11.20832],[2.65674,11.21734],[2.65198,11.25615],[2.65655,11.26683],[2.67221,11.27646],[2.70144,11.27946],[2.71613,11.28993],[2.72673,11.28055],[2.73963,11.27755],[2.75038,11.28817],[2.76343,11.28587],[2.80065,11.26935],[2.80787,11.25901],[2.82082,11.28006],[2.80841,11.2921],[2.80888,11.2971],[2.82351,11.30034],[2.83149,11.29708],[2.83785,11.30218],[2.86092,11.30633],[2.86334,11.30993],[2.87373,11.30985],[2.89011,11.30403],[2.89997,11.30786],[2.90522,11.3138],[2.8974,11.33498],[2.89853,11.35291],[2.88542,11.36398],[2.88471,11.38178],[2.85981,11.39419],[2.84163,11.42114],[2.84185,11.43059],[2.8173,11.41923],[2.81003,11.42358],[2.79959,11.4181],[2.78584,11.42084],[2.7726,11.41563],[2.74324,11.43446],[2.72876,11.43442],[2.72488,11.44084],[2.72908,11.45735],[2.72452,11.46781],[2.69663,11.47717],[2.67699,11.49953],[2.63885,11.51256],[2.63341,11.51802],[2.63645,11.58667],[2.62875,11.62896],[2.62214,11.62999],[2.61374,11.61558],[2.59934,11.6065],[2.57434,11.61054],[2.55996,11.62521],[2.55166,11.64403],[2.52677,11.66391],[2.5094,11.67347],[2.49732,11.6759],[2.46102,11.67305],[2.42524,11.66394],[2.40452,11.67795],[2.38375,11.68376],[2.36198,11.66594],[2.34125,11.65743],[2.31782,11.66464],[2.30959,11.68081]]]}},{"type":"Feature","properties":{"id":"BEN:ADM2:17685819B58605420666587","name":"Cotonou","countryCode":"BEN","adminLevel":2,"sourceCode":"17685819B58605420666587","parentId":"BEN:ADM1:BEN-2175"},"geometry":{"type":"Polygon","coordinates":[[[2.35779,6.33925],[2.36628,6.40576],[2.44572,6.39741],[2.44283,6.37878],[2.49415,6.37126],[2.49787,6.36097],[2.49795,6.34923],[2.40086,6.34021],[2.35779,6.33925]]]}},{"type":"Feature","properties":{"id":"BEN:ADM2:17685819B59667857223414","name":"Ouidah","countryCode":"BEN","adminLevel":2,"sourceCode":"17685819B59667857223414","parentId":"BEN:ADM1:BEN-2174"},"geometry":{"type":"Polygon","coordinates":[[[2.21874,6.45584],[2.17834,6.43581],[2.1711,6.44089],[2.16188,6.46273],[2.15466,6.46891],[2.12523,6.4649],[2.11292,6.47184],[2.10085,6.48668],[2.09342,6.48857],[2.08108,6.48349],[2.08654,6.45852],[2.05544,6.42161],[2.05532,6.41331],[2.0716,6.37312],[2.05739,6.35188],[2.0428,6.34254],[2.02308,6.34239],[2.0059,6.34637],[1.97272,6.33976],[1.96081,6.34518],[1.95847,6.33512],[1.96673,6.32422],[1.97946,6.31741],[1.96192,6.28601],[2.12474,6.31439],[2.17901,6.31783],[2.22224,6.32771],[2.27222,6.33182],[2.26516,6.36267],[2.23791,6.36527],[2.22385,6.37625],[2.21694,6.39516],[2.2088,6.4044],[2.21045,6.41489],[2.21789,6.42391],[2.22279,6.43975],[2.21874,6.45584]]]}},{"type":"Feature","properties":{"id":"BEN:ADM2:17685819B61468565661274","name":"Ketou","countryCode":"BEN","adminLevel":2,"sourceCode":"17685819B61468565661274","parentId":"BEN:ADM1:BEN-2179"},"geometry":{"type":"Polygon","coordinates":[[[2.60107,7.1838],[2.62327,7.19578],[2.63547,7.20613],[2.64574,7.20721],[2.78009,7.2018],[2.77425,7.23442],[2.74946,7.26115],[2.74758,7.41744],[2.78581,7.41871],[2.79919,7.42648],[2.79819,7.48255],[2.79293,7.49452],[2.77524,7.51065],[2.75477,7.52128],[2.74949,7.5275],[2.74611,7.55577],[2.73623,7.56522],[2.73028,7.58017],[2.72539,7.64797],[2.72945,7.68976],[2.67859,7.68625],[2.48714,7.6856],[2.47042,7.6425],[2.46203,7.60979],[2.46554,7.59451],[2.46598,7.55849],[2.45434,7.54965],[2.4064,7.45633],[2.40551,7.44277],[2.42735,7.41086],[2.43067,7.39239],[2.42491,7.37779],[2.42526,7.3638],[2.43486,7.33885],[2.43975,7.31399],[2.45308,7.29758],[2.46722,7.2885],[2.50213,7.25279],[2.53742,7.187],[2.60107,7.1838]]]}},{"type":"Feature","properties":{"id":"BEN:ADM2:17685819B6397671477640","name":"Sakete","countryCode":"BEN","adminLevel":2,"sourceCode":"17685819B6397671477640","parentId":"BEN:ADM1:BEN-2179"},"geometry":{"type":"Polygon","coordinates":[[[2.55441,6.86427],[2.55798,6.8444],[2.57749,6.80808],[2.58117,6.77671],[2.57511,6.73359],[2.57049,6.72078],[2.57276,6.6429],[2.58291,6.64607],[2.61878,6.63151],[2.64592,6.61557],[2.65589,6.61639],[2.66267,6.64302],[2.66373,6.69453],[2.70015,6.73191],[2.75141,6.74606],[2.77871,6.7592],[2.75179,6.75905],[2.73915,6.76529],[2.72932,6.79015],[2.72983,6.80855],[2.74924,6.83931],[2.74377,6.85657],[2.75052,6.88506],[2.75151,6.91242],[2.74787,6.92829],[2.73813,6.91514],[2.70056,6.9016],[2.68456,6.88689],[2.67703,6.86553],[2.66244,6.85247],[2.61028,6.87115],[2.55441,6.86427]]]}},{"type":"Feature","properties":{"id":"BEN:ADM2:17685819B66349454131554","name":"Natitingou","countryCode":"BEN","adminLevel":2,"sourceCode":"17685819B66349454131554","parentId":"BEN:ADM1:BEN-2181"},"geometry":{"type":"Polygon","coordinates":[[[1.37867,10.01733],[1.39962,10.0164],[1.41253,10.02591],[1.42436,10.04096],[1.45386,10.04317],[1.46411,10.02841],[1.47206,10.02712],[1.48837,10.04313],[1.50457,10.04124],[1.52155,10.05142],[1.52327,10.05863],[1.52776,10.06304],[1.53714,10.06466],[1.55531,10.08579],[1.57572,10.13049],[1.54325,10.16911],[1.54834,10.28759],[1.57394,10.35502],[1.61389,10.38797],[1.61506,10.39671],[1.62781,10.39941],[1.62541,10.41872],[1.60891,10.44129],[1.5487,10.43537],[1.51115,10.42529],[1.49788,10.40566],[1.50145,10.37178],[1.49453,10.36183],[1.48038,10.35704],[1.4622,10.35839],[1.44712,10.36346],[1.44107,10.38153],[1.43801,10.38335],[1.43816,10.40957],[1.43431,10.42083],[1.42481,10.42338],[1.41619,10.40719],[1.40593,10.3996],[1.39013,10.40134],[1.35581,10.3936],[1.30657,10.39314],[1.20494,10.40552],[1.20364,10.3689],[1.21842,10.36093],[1.22034,10.35246],[1.2319,10.3438],[1.23036,10.31787],[1.21155,10.30435],[1.20001,10.28941],[1.19865,10.24377],[1.21887,10.20748],[1.23323,10.20006],[1.27077,10.18837],[1.28802,10.17358],[1.29722,10.14302],[1.30862,10.13339],[1.28784,10.11462],[1.29205,10.09309],[1.30232,10.08084],[1.31724,10.07605],[1.32984,10.0782],[1.34239,10.07509],[1.34779,10.06564],[1.37083,10.06427],[1.37867,10.01733]]]}},{"type":"Feature","properties":{"id":"BEN:ADM2:17685819B66402044537068","name":"Adjarra","countryCode":"BEN","adminLevel":2,"sourceCode":"17685819B66402044537068","parentId":"BEN:ADM1:BEN-2177"},"geometry":{"type":"Polygon","coordinates":[[[2.65862,6.4436],[2.67231,6.43466],[2.68215,6.43589],[2.70628,6.4256],[2.7193,6.48293],[2.72029,6.50777],[2.69912,6.51431],[2.66596,6.54281],[2.65761,6.53892],[2.64953,6.52644],[2.63009,6.51179],[2.65543,6.48743],[2.6638,6.45627],[2.65862,6.4436]]]}},{"type":"Feature","properties":{"id":"BEN:ADM2:17685819B6698534807541","name":"Ouesse","countryCode":"BEN","adminLevel":2,"sourceCode":"17685819B6698534807541","parentId":"BEN:ADM1:BEN-2171"},"geometry":{"type":"Polygon","coordinates":[[[2.22287,8.50991],[2.25258,8.4969],[2.27318,8.47493],[2.28838,8.46898],[2.30227,8.45581],[2.31956,8.45193],[2.33622,8.43831],[2.34096,8.4255],[2.32904,8.31151],[2.33038,8.24938],[2.36901,8.17279],[2.37093,8.15611],[2.36691,8.14196],[2.38302,8.13072],[2.39796,8.12727],[2.4128,8.12784],[2.43408,8.13615],[2.46138,8.13537],[2.47348,8.1393],[2.4975,8.15759],[2.49867,8.30098],[2.52365,8.30287],[2.61768,8.33112],[2.66078,8.32797],[2.67454,8.33119],[2.69563,8.32417],[2.6971,8.35745],[2.70866,8.36958],[2.71401,8.38724],[2.70695,8.42032],[2.71459,8.43154],[2.72612,8.43197],[2.73489,8.43631],[2.74068,8.44501],[2.74419,8.46199],[2.75693,8.48262],[2.75003,8.48975],[2.75073,8.49342],[2.76184,8.50533],[2.76188,8.52255],[2.74946,8.53314],[2.75876,8.56158],[2.74913,8.58342],[2.74906,8.64036],[2.73756,8.65486],[2.73942,8.66083],[2.74613,8.66655],[2.74132,8.67781],[2.75038,8.70029],[2.74602,8.70994],[2.74404,8.74416],[2.73368,8.75774],[2.72841,8.77268],[2.18525,8.76418],[2.20415,8.73625],[2.20597,8.72346],[2.20304,8.69097],[2.22242,8.65567],[2.22442,8.64648],[2.21879,8.60817],[2.21969,8.5858],[2.20944,8.55808],[2.20858,8.54017],[2.21217,8.52304],[2.22287,8.50991]]]}},{"type":"Feature","properties":{"id":"BEN:ADM2:17685819B6734193751411","name":"Savalou","countryCode":"BEN","adminLevel":2,"sourceCode":"17685819B6734193751411","parentId":"BEN:ADM1:BEN-2171"},"geometry":{"type":"Polygon","coordinates":[[[1.63389,8.20829],[1.63626,7.98842],[1.6303,7.84006],[1.63625,7.80307],[1.63145,7.66111],[1.73863,7.64181],[1.8621,7.65516],[1.88414,7.64697],[1.91475,7.64916],[1.93997,7.64119],[1.95939,7.62348],[1.96852,7.61174],[1.96629,7.5996],[1.97965,7.59471],[1.98665,7.58036],[2.00183,7.57626],[2.01402,7.57789],[2.04712,7.55874],[2.08287,7.56278],[2.09276,7.5571],[2.1211,7.56526],[2.1339,7.56079],[2.12592,7.57507],[2.12939,7.59033],[2.12455,7.59148],[2.11675,7.58653],[2.11014,7.58909],[2.09344,7.60991],[2.08207,7.63806],[2.04638,7.67181],[2.04273,7.69644],[2.05485,7.78152],[2.0615,7.81273],[2.07773,7.86111],[2.11588,7.89821],[2.1135,7.9106],[2.12135,7.96458],[2.11561,7.97393],[2.10516,8.01306],[2.10753,8.03],[2.11725,8.04729],[2.1273,8.0846],[2.12826,8.10001],[2.11895,8.12648],[2.06075,8.0823],[2.02602,8.0724],[1.97789,8.06774],[1.81483,8.07121],[1.79842,8.09646],[1.79254,8.12317],[1.78185,8.12102],[1.75707,8.12298],[1.74873,8.13734],[1.74429,8.1528],[1.73177,8.16607],[1.71852,8.17172],[1.69508,8.17019],[1.68284,8.18028],[1.67437,8.17949],[1.67071,8.20633],[1.65058,8.20284],[1.63389,8.20829]]]}},{"type":"Feature","properties":{"id":"BEN:ADM2:17685819B67930032483199","name":"Djidja","countryCode":"BEN","adminLevel":2,"sourceCode":"17685819B67930032483199","parentId":"BEN:ADM1:BEN-2178"},"geometry":{"type":"Polygon","coordinates":[[[2.03408,7.21894],[2.04561,7.22403],[2.05039,7.23019],[2.06955,7.26852],[2.0977,7.28232],[2.10601,7.29381],[2.11514,7.32494],[2.12232,7.33451],[2.14511,7.33224],[2.17574,7.33732],[2.20589,7.33673],[2.22103,7.34218],[2.23828,7.33873],[2.22289,7.38766],[2.22847,7.40086],[2.21431,7.42818],[2.19738,7.4348],[2.19634,7.43952],[2.20427,7.44216],[2.2013,7.4891],[2.18645,7.5062],[2.19247,7.51122],[2.1909,7.51885],[2.17346,7.53904],[2.15748,7.54411],[2.14861,7.54286],[2.1339,7.56079],[2.1211,7.56526],[2.09276,7.5571],[2.08287,7.56278],[2.04712,7.55874],[2.01402,7.57789],[2.00183,7.57626],[1.98665,7.58036],[1.97965,7.59471],[1.96629,7.5996],[1.96852,7.61174],[1.95939,7.62348],[1.93997,7.64119],[1.91475,7.64916],[1.88414,7.64697],[1.8621,7.65516],[1.73863,7.64181],[1.63145,7.66111],[1.63741,7.64043],[1.65051,7.61399],[1.64837,7.56758],[1.65293,7.53402],[1.65982,7.52069],[1.66834,7.51768],[1.67592,7.50481],[1.67568,7.4947],[1.69748,7.44336],[1.71314,7.43498],[1.72461,7.40311],[1.72496,7.38814],[1.73626,7.37456],[1.7376,7.36111],[1.74714,7.34062],[1.74714,7.31015],[1.75711,7.31071],[1.77125,7.2932],[1.77897,7.29143],[1.78108,7.28393],[1.79604,7.27568],[1.80506,7.25742],[1.80887,7.23299],[1.81571,7.22777],[1.81709,7.21778],[1.83201,7.20594],[1.83163,7.1993],[1.83538,7.19552],[1.85251,7.19571],[1.84789,7.19107],[1.85544,7.16636],[1.85586,7.14437],[1.864,7.14594],[1.88061,7.15927],[1.90152,7.16271],[1.91403,7.20183],[1.91162,7.20753],[1.8869,7.23016],[1.8859,7.23861],[1.89023,7.2423],[1.93295,7.24376],[1.93982,7.24007],[1.98573,7.23181],[2.00897,7.23383],[2.03408,7.21894]]]}},{"type":"Feature","properties":{"id":"BEN:ADM2:17685819B68474195135253","name":"Porto-Novo","countryCode":"BEN","adminLevel":2,"sourceCode":"17685819B68474195135253","parentId":"BEN:ADM1:BEN-2177"},"geometry":{"type":"Polygon","coordinates":[[[2.63009,6.51179],[2.61014,6.52775],[2.58677,6.49986],[2.58048,6.49608],[2.59084,6.45021],[2.62346,6.45856],[2.65862,6.4436],[2.6638,6.45627],[2.65543,6.48743],[2.63009,6.51179]]]}},{"type":"Feature","properties":{"id":"BEN:ADM2:17685819B68764251362376","name":"Lokossa","countryCode":"BEN","adminLevel":2,"sourceCode":"17685819B68764251362376","parentId":"BEN:ADM1:BEN-2176"},"geometry":{"type":"Polygon","coordinates":[[[1.7773,6.61205],[1.81377,6.64835],[1.8235,6.66537],[1.8249,6.7208],[1.90234,6.76706],[1.8399,6.77135],[1.79491,6.74885],[1.77815,6.75418],[1.76327,6.73405],[1.75212,6.7248],[1.74173,6.72203],[1.7161,6.72361],[1.70346,6.71699],[1.67624,6.71292],[1.59155,6.71291],[1.59001,6.70343],[1.57392,6.68824],[1.58957,6.68388],[1.60284,6.66629],[1.62722,6.6646],[1.66192,6.67134],[1.67981,6.64595],[1.68659,6.62554],[1.73278,6.61429],[1.7773,6.61205]]]}},{"type":"Feature","properties":{"id":"BEN:ADM2:17685819B69046773697304","name":"Athieme","countryCode":"BEN","adminLevel":2,"sourceCode":"17685819B69046773697304","parentId":"BEN:ADM1:BEN-2180"},"geometry":{"type":"Polygon","coordinates":[[[1.60284,6.66629],[1.61123,6.64192],[1.60294,6.63688],[1.60247,6.62745],[1.60913,6.61962],[1.6098,6.60582],[1.61715,6.59684],[1.63441,6.59681],[1.64083,6.58254],[1.65129,6.57836],[1.67107,6.58503],[1.67591,6.57998],[1.66602,6.56295],[1.66856,6.55767],[1.67339,6.55583],[1.68397,6.56043],[1.68857,6.55193],[1.69639,6.55262],[1.69571,6.54319],[1.70077,6.53675],[1.70194,6.51536],[1.69435,6.50961],[1.69573,6.50041],[1.70632,6.49582],[1.71275,6.4995],[1.71759,6.49329],[1.72794,6.49835],[1.73024,6.48639],[1.73484,6.48548],[1.73715,6.48111],[1.73393,6.47582],[1.74037,6.47398],[1.75062,6.46392],[1.74716,6.45404],[1.75302,6.45005],[1.77552,6.46147],[1.7811,6.47717],[1.78526,6.51182],[1.78046,6.52475],[1.76846,6.53527],[1.76066,6.55073],[1.76324,6.55899],[1.77314,6.56744],[1.77024,6.57757],[1.77136,6.60036],[1.7773,6.61205],[1.73278,6.61429],[1.68659,6.62554],[1.67981,6.64595],[1.66192,6.67134],[1.62722,6.6646],[1.60284,6.66629]]]}},{"type":"Feature","properties":{"id":"BEN:ADM2:17685819B69592983793811","name":"Cove","countryCode":"BEN","adminLevel":2,"sourceCode":"17685819B69592983793811","parentId":"BEN:ADM1:BEN-2178"},"geometry":{"type":"Polygon","coordinates":[[[2.27256,7.52013],[2.25387,7.52953],[2.1339,7.56079],[2.14861,7.54286],[2.15748,7.54411],[2.17346,7.53904],[2.1909,7.51885],[2.19247,7.51122],[2.18645,7.5062],[2.2013,7.4891],[2.20427,7.44216],[2.19634,7.43952],[2.19738,7.4348],[2.21431,7.42818],[2.22847,7.40086],[2.22289,7.38766],[2.2264,7.37087],[2.24198,7.32623],[2.25421,7.31014],[2.25997,7.29664],[2.25505,7.29048],[2.25724,7.27869],[2.26932,7.26163],[2.26265,7.24997],[2.27967,7.23022],[2.28044,7.21595],[2.29732,7.17613],[2.29942,7.15812],[2.30778,7.14278],[2.31548,7.09829],[2.33461,7.08321],[2.35839,7.13301],[2.36505,7.15518],[2.37031,7.23492],[2.36457,7.24981],[2.35624,7.25768],[2.33414,7.25926],[2.32235,7.26692],[2.32021,7.2924],[2.32807,7.33018],[2.31506,7.41047],[2.30544,7.44576],[2.27256,7.52013]]]}},{"type":"Feature","properties":{"id":"BEN:ADM2:17685819B70132266072899","name":"Tori-Bossito","countryCode":"BEN","adminLevel":2,"sourceCode":"17685819B70132266072899","parentId":"BEN:ADM1:BEN-2174"},"geometry":{"type":"Polygon","coordinates":[[[2.25312,6.54968],[2.23073,6.58638],[2.20206,6.6078],[2.19162,6.6215],[2.11728,6.61133],[2.10393,6.61401],[2.08817,6.61077],[2.04393,6.58274],[2.02847,6.58213],[2.01763,6.58615],[2.03826,6.5506],[2.04697,6.54163],[2.07493,6.49782],[2.08108,6.48349],[2.09342,6.48857],[2.10085,6.48668],[2.11292,6.47184],[2.12523,6.4649],[2.15466,6.46891],[2.16188,6.46273],[2.1711,6.44089],[2.17834,6.43581],[2.21874,6.45584],[2.22241,6.46285],[2.22368,6.48399],[2.24407,6.51302],[2.25312,6.54968]]]}},{"type":"Feature","properties":{"id":"BEN:ADM2:17685819B72435311571007","name":"Ze","countryCode":"BEN","adminLevel":2,"sourceCode":"17685819B72435311571007","parentId":"BEN:ADM1:BEN-2174"},"geometry":{"type":"Polygon","coordinates":[[[2.41088,6.68547],[2.4363,6.74651],[2.42344,6.7543],[2.42126,6.77604],[2.41533,6.78595],[2.41879,6.79669],[2.43643,6.82465],[2.41456,6.85912],[2.41034,6.90261],[2.40621,6.91388],[2.39506,6.91556],[2.38825,6.92174],[2.38854,6.93308],[2.39639,6.94113],[2.41153,6.94824],[2.41011,6.95518],[2.40378,6.95679],[2.40526,6.96382],[2.41322,6.97062],[2.39728,6.9761],[2.36372,6.95473],[2.33646,6.93009],[2.3433,6.91589],[2.34264,6.90773],[2.3307,6.91233],[2.29559,6.89914],[2.31844,6.86423],[2.27361,6.81604],[2.25877,6.81999],[2.24067,6.79894],[2.22061,6.76451],[2.20749,6.73303],[2.21557,6.71922],[2.2149,6.67926],[2.21854,6.66345],[2.24798,6.63758],[2.24743,6.62777],[2.2357,6.617],[2.21979,6.61308],[2.19162,6.6215],[2.20206,6.6078],[2.23073,6.58638],[2.25312,6.54968],[2.30593,6.57826],[2.31297,6.58867],[2.31747,6.60493],[2.33395,6.63982],[2.3314,6.68467],[2.34105,6.69394],[2.35438,6.69997],[2.38299,6.68379],[2.41088,6.68547]]]}},{"type":"Feature","properties":{"id":"BEN:ADM2:17685819B73457125885179","name":"Perere","countryCode":"BEN","adminLevel":2,"sourceCode":"17685819B73457125885179","parentId":"BEN:ADM1:BEN-2169"},"geometry":{"type":"Polygon","coordinates":[[[2.80942,9.53249],[2.85862,9.39099],[2.86608,9.38425],[2.87909,9.38829],[2.89093,9.38651],[2.90342,9.37972],[2.9117,9.37104],[2.91177,9.35119],[2.92945,9.34727],[2.93623,9.34179],[3.15152,9.33949],[3.15179,9.37574],[3.13085,9.44034],[3.13621,9.46284],[3.15456,9.49291],[3.1863,9.50708],[3.19489,9.51511],[3.20791,9.54449],[3.23229,9.57591],[3.25344,9.60987],[3.25606,9.63974],[3.16478,9.66641],[3.12677,9.70137],[3.12011,9.71768],[3.11451,9.77784],[3.1072,9.78694],[3.08564,9.79563],[3.01942,9.80781],[2.9712,9.84327],[2.95781,9.84577],[2.9293,9.84479],[2.89175,9.82197],[2.88012,9.81792],[2.83411,9.81364],[2.8148,9.79674],[2.80518,9.79835],[2.79264,9.78848],[2.78414,9.78939],[2.76413,9.77319],[2.7662,9.75694],[2.75671,9.71691],[2.76366,9.69866],[2.75947,9.68578],[2.76112,9.6687],[2.80942,9.53249]]]}},{"type":"Feature","properties":{"id":"BEN:ADM2:17685819B73911627176990","name":"Kouande","countryCode":"BEN","adminLevel":2,"sourceCode":"17685819B73911627176990","parentId":"BEN:ADM1:BEN-2181"},"geometry":{"type":"Polygon","coordinates":[[[1.3798,10.0003],[1.40098,9.98711],[1.48877,9.97125],[1.5047,9.97338],[1.5294,9.94619],[1.54404,9.94083],[1.65538,9.94034],[1.73534,10.02701],[1.74728,10.03665],[1.76938,10.03943],[1.78599,10.05571],[1.80859,10.08873],[1.81315,10.10092],[1.81843,10.15473],[1.82673,10.20075],[1.85663,10.33116],[1.89642,10.37726],[1.89662,10.40487],[1.90862,10.41923],[1.90855,10.42894],[1.92111,10.44274],[1.92236,10.46022],[1.93443,10.46514],[1.93912,10.47385],[1.94895,10.47892],[1.95081,10.48488],[1.96482,10.48548],[1.97101,10.4896],[1.97587,10.48457],[1.98279,10.49341],[1.9888,10.49295],[2.00893,10.52516],[1.96767,10.54833],[1.86681,10.50054],[1.85244,10.50702],[1.83955,10.52416],[1.83501,10.53641],[1.85599,10.59165],[1.86619,10.60298],[1.9226,10.61583],[1.94137,10.68223],[1.9406,10.69585],[1.9611,10.70134],[1.96734,10.71313],[1.96186,10.7336],[1.98163,10.77969],[1.97428,10.7925],[1.96047,10.78047],[1.93757,10.77555],[1.91996,10.78549],[1.91654,10.79885],[1.90343,10.81058],[1.88479,10.81468],[1.85768,10.83272],[1.85464,10.84094],[1.8081,10.87017],[1.78875,10.8452],[1.77975,10.84121],[1.75971,10.84474],[1.75042,10.83811],[1.74483,10.8423],[1.74055,10.85496],[1.72505,10.86849],[1.69058,10.87514],[1.6722,10.90175],[1.65901,10.90221],[1.66164,10.89539],[1.63389,10.871],[1.58926,10.86515],[1.56143,10.82268],[1.56042,10.81795],[1.56869,10.81598],[1.57664,10.80679],[1.57867,10.7926],[1.56534,10.79083],[1.56828,10.75842],[1.55323,10.75012],[1.55387,10.73664],[1.63768,10.67411],[1.62032,10.58304],[1.64205,10.52311],[1.64919,10.48061],[1.64195,10.44429],[1.60891,10.44129],[1.62541,10.41872],[1.62781,10.39941],[1.61506,10.39671],[1.61389,10.38797],[1.57394,10.35502],[1.54834,10.28759],[1.54325,10.16911],[1.57572,10.13049],[1.55531,10.08579],[1.53714,10.06466],[1.52776,10.06304],[1.52327,10.05863],[1.52155,10.05142],[1.50457,10.04124],[1.48837,10.04313],[1.47206,10.02712],[1.46411,10.02841],[1.45386,10.04317],[1.42436,10.04096],[1.41253,10.02591],[1.39962,10.0164],[1.37867,10.01733],[1.3798,10.0003]]]}},{"type":"Feature","properties":{"id":"BEN:ADM2:17685819B74075406499118","name":"Klouekanme","countryCode":"BEN","adminLevel":2,"sourceCode":"17685819B74075406499118","parentId":"BEN:ADM1:BEN-2176"},"geometry":{"type":"Polygon","coordinates":[[[1.85586,7.14437],[1.85544,7.16636],[1.84789,7.19107],[1.85251,7.19571],[1.83538,7.19552],[1.83163,7.1993],[1.81808,7.17871],[1.79135,7.12286],[1.75694,7.09301],[1.74545,7.07059],[1.73187,6.96553],[1.75043,6.96238],[1.76042,6.95548],[1.77635,6.9608],[1.78476,6.95972],[1.80112,6.94416],[1.81216,6.94318],[1.83845,6.9492],[1.86519,6.93585],[1.88021,6.93399],[1.91425,6.96217],[1.93347,7.02842],[1.91719,7.04026],[1.91301,7.05774],[1.87727,7.09168],[1.87441,7.10527],[1.8586,7.12124],[1.85986,7.13367],[1.85586,7.14437]]]}},{"type":"Feature","properties":{"id":"BEN:ADM2:17685819B76954688832254","name":"Toucountouna","countryCode":"BEN","adminLevel":2,"sourceCode":"17685819B76954688832254","parentId":"BEN:ADM1:BEN-2181"},"geometry":{"type":"Polygon","coordinates":[[[1.20494,10.40552],[1.30657,10.39314],[1.35581,10.3936],[1.39013,10.40134],[1.40593,10.3996],[1.41619,10.40719],[1.42481,10.42338],[1.43431,10.42083],[1.43816,10.40957],[1.43801,10.38335],[1.44107,10.38153],[1.44712,10.36346],[1.4622,10.35839],[1.48038,10.35704],[1.49453,10.36183],[1.50145,10.37178],[1.49788,10.40566],[1.51115,10.42529],[1.5487,10.43537],[1.64195,10.44429],[1.64919,10.48061],[1.64205,10.52311],[1.62032,10.58304],[1.63768,10.67411],[1.55387,10.73664],[1.2012,10.44008],[1.20494,10.40552]]]}},{"type":"Feature","properties":{"id":"BEN:ADM2:17685819B78854505931864","name":"Za-Kpota","countryCode":"BEN","adminLevel":2,"sourceCode":"17685819B78854505931864","parentId":"BEN:ADM1:BEN-2178"},"geometry":{"type":"Polygon","coordinates":[[[2.20044,7.12367],[2.29095,7.12426],[2.31316,7.1213],[2.30778,7.14278],[2.29942,7.15812],[2.29732,7.17613],[2.28044,7.21595],[2.27967,7.23022],[2.26265,7.24997],[2.26932,7.26163],[2.25724,7.27869],[2.25505,7.29048],[2.25997,7.29664],[2.25421,7.31014],[2.24198,7.32623],[2.23828,7.33873],[2.22103,7.34218],[2.20589,7.33673],[2.17574,7.33732],[2.14511,7.33224],[2.12232,7.33451],[2.11514,7.32494],[2.10601,7.29381],[2.0977,7.28232],[2.08358,7.27427],[2.10062,7.20331],[2.11147,7.1878],[2.13058,7.19098],[2.14824,7.19888],[2.16052,7.1976],[2.17298,7.18856],[2.17975,7.15732],[2.19469,7.13814],[2.20044,7.12367]]]}},{"type":"Feature","properties":{"id":"BEN:ADM2:17685819B79860756135863","name":"N'dali","countryCode":"BEN","adminLevel":2,"sourceCode":"17685819B79860756135863","parentId":"BEN:ADM1:BEN-2169"},"geometry":{"type":"Polygon","coordinates":[[[2.52456,9.97783],[2.49586,9.98738],[2.40681,9.98588],[2.40508,9.96369],[2.39402,9.96212],[2.38698,9.92442],[2.34677,9.94348],[2.3347,9.9544],[2.32142,9.95368],[2.30274,9.95854],[2.29454,9.96471],[2.24075,9.96471],[2.21256,9.96964],[2.20158,9.96042],[2.15743,9.97865],[2.12462,9.9825],[2.09266,9.9701],[2.09035,9.96138],[2.0822,9.95603],[2.09399,9.92791],[2.09164,9.89558],[2.05131,9.8491],[2.05916,9.83558],[2.06724,9.83344],[2.07153,9.82744],[2.06632,9.82262],[2.0728,9.81244],[2.07186,9.79982],[2.08544,9.78667],[2.08443,9.76475],[2.0767,9.75856],[2.09114,9.74957],[2.09873,9.71981],[2.1043,9.71852],[2.11927,9.7055],[2.12615,9.7092],[2.1327,9.7086],[2.13319,9.71664],[2.13865,9.71897],[2.15366,9.70956],[2.17164,9.70623],[2.1713,9.69805],[2.15658,9.69163],[2.15974,9.68591],[2.17466,9.68303],[2.18448,9.67213],[2.19896,9.66758],[2.19946,9.6605],[2.19442,9.65915],[2.18913,9.64378],[2.19132,9.63974],[2.19903,9.64231],[2.20735,9.63656],[2.22421,9.63269],[2.23143,9.61083],[2.24453,9.60907],[2.24987,9.59695],[2.25997,9.58647],[2.26139,9.57299],[2.27962,9.56743],[2.27922,9.55356],[2.28587,9.5474],[2.29395,9.53026],[2.30632,9.52337],[2.32225,9.52573],[2.40833,9.50755],[2.47348,9.48911],[2.49953,9.46945],[2.53529,9.45873],[2.5564,9.4487],[2.5683,9.45123],[2.61267,9.43793],[2.61962,9.43426],[2.64759,9.39875],[2.67602,9.38004],[2.69085,9.38477],[2.74438,9.42231],[2.76177,9.42993],[2.76869,9.42542],[2.78031,9.46987],[2.79289,9.49877],[2.80119,9.50508],[2.79851,9.51704],[2.80942,9.53249],[2.76112,9.6687],[2.75947,9.68578],[2.76366,9.69866],[2.75671,9.71691],[2.7662,9.75694],[2.76413,9.77319],[2.77147,9.78049],[2.76959,9.78814],[2.78526,9.8313],[2.79351,9.87328],[2.76162,9.91092],[2.76405,9.91618],[2.72798,9.90165],[2.68344,9.90413],[2.67213,9.91853],[2.65046,9.91858],[2.63194,9.92471],[2.61389,9.93681],[2.60691,9.93771],[2.60015,9.94651],[2.52456,9.97783]]]}},{"type":"Feature","properties":{"id":"BEN:ADM2:17685819B85973060374162","name":"Karimama","countryCode":"BEN","adminLevel":2,"sourceCode":"17685819B85973060374162","parentId":"BEN:ADM1:BEN-2170"},"geometry":{"type":"Polygon","coordinates":[[[2.84185,11.43059],[2.85838,11.45897],[2.87597,11.46219],[2.87634,11.47331],[2.86787,11.48476],[2.8599,11.49066],[2.83956,11.4958],[2.85278,11.51448],[2.86722,11.52633],[2.86427,11.54345],[2.85909,11.54557],[2.85583,11.56116],[2.86855,11.60305],[2.85587,11.61649],[2.86609,11.62851],[2.89895,11.63968],[2.90548,11.64714],[2.9398,11.66607],[2.94748,11.69201],[2.96785,11.73899],[2.99268,11.76354],[2.99193,11.77412],[3.00106,11.78851],[3.0205,11.85619],[3.01876,11.88151],[3.01354,11.89725],[3.01574,11.90683],[3.02284,11.91413],[3.02113,11.94403],[3.02577,11.95916],[3.03781,11.96671],[3.05178,11.97036],[3.0729,11.98618],[3.0741,11.97893],[3.0987,11.97486],[3.09891,11.96749],[3.10607,11.96507],[3.11608,11.96707],[3.11625,11.95415],[3.12444,11.94101],[3.14618,11.93361],[3.15668,11.94243],[3.16562,11.93554],[3.16768,11.92858],[3.1741,11.92296],[3.19645,11.92],[3.21478,11.90914],[3.22198,11.91159],[3.23183,11.92499],[3.24214,11.89878],[3.26002,11.89945],[3.2684,11.89341],[3.27202,11.90395],[3.26647,11.91274],[3.28435,11.91245],[3.30361,11.91666],[3.29889,11.93194],[3.28309,11.93416],[3.27917,11.94444],[3.28083,11.95528],[3.27833,11.96556],[3.26889,11.98167],[3.25945,11.99],[3.25694,11.99778],[3.27028,12.01472],[3.26083,12.01945],[3.25917,12.025],[3.25167,12.03167],[3.23944,12.0325],[3.23028,12.05028],[3.18889,12.08361],[3.17639,12.10583],[3.16861,12.11361],[3.12722,12.14028],[3.12778,12.15444],[3.125,12.1575],[3.10083,12.1725],[3.08222,12.17667],[3.07194,12.18361],[3.05972,12.19611],[3.05917,12.20861],[3.02972,12.23361],[3.01361,12.26639],[2.96306,12.2875],[2.94444,12.31667],[2.92722,12.335],[2.8925,12.36056],[2.88444,12.37722],[2.8725,12.38778],[2.85694,12.39278],[2.83889,12.40667],[2.82667,12.40861],[2.8256,12.4046],[2.83907,12.3958],[2.82311,12.39396],[2.8122,12.39715],[2.79388,12.39017],[2.77691,12.37633],[2.76286,12.35193],[2.7497,12.34987],[2.74379,12.35371],[2.74195,12.3641],[2.73695,12.36475],[2.73254,12.36123],[2.73205,12.35509],[2.72314,12.35222],[2.71808,12.34247],[2.71535,12.32291],[2.70646,12.3125],[2.70771,12.30546],[2.69517,12.28245],[2.68394,12.27965],[2.68508,12.29439],[2.67275,12.3046],[2.66343,12.30607],[2.62944,12.29512],[2.61441,12.30084],[2.60309,12.29837],[2.59942,12.30287],[2.59318,12.29934],[2.57953,12.27755],[2.57573,12.28147],[2.56791,12.28187],[2.56525,12.27908],[2.55401,12.27972],[2.54645,12.27406],[2.54163,12.27434],[2.54186,12.28158],[2.5222,12.2876],[2.52236,12.29513],[2.51338,12.28505],[2.51299,12.27498],[2.50775,12.27432],[2.50476,12.26629],[2.47421,12.27344],[2.46988,12.27237],[2.46404,12.25326],[2.45965,12.25296],[2.45181,12.26146],[2.44006,12.26406],[2.4367,12.2563],[2.43107,12.25261],[2.41038,12.25298],[2.40064,12.25768],[2.38121,12.25011],[2.38502,12.24289],[2.374,12.24112],[2.3821,12.22957],[2.38943,12.22954],[2.38755,12.21598],[2.37993,12.21606],[2.3755,12.21037],[2.39174,12.19302],[2.39282,12.1833],[2.38442,12.17851],[2.38188,12.16841],[2.39158,12.15717],[2.38992,12.15165],[2.39697,12.14743],[2.39031,12.14038],[2.39786,12.13209],[2.39133,12.11816],[2.39148,12.11177],[2.40281,12.10419],[2.41322,12.08007],[2.42146,12.07548],[2.41773,12.06484],[2.42253,12.0557],[2.43584,12.04897],[2.4366,12.04413],[2.43223,12.03934],[2.43671,12.02119],[2.44209,12.01693],[2.44826,12.02034],[2.45271,12.01793],[2.45686,12.01091],[2.4542,12.00643],[2.46102,11.99857],[2.46532,11.97988],[2.45942,11.97597],[2.45846,11.98105],[2.44919,11.98277],[2.43477,11.97101],[2.43916,11.95854],[2.43727,11.95305],[2.40819,11.95434],[2.40267,11.94022],[2.39177,11.93077],[2.40226,11.91966],[2.39971,11.91329],[2.41144,11.90632],[2.40241,11.89611],[2.39715,11.89547],[2.39446,11.88923],[2.40261,11.87059],[2.37923,11.85407],[2.3743,11.83706],[2.38316,11.82762],[2.36773,11.81339],[2.37006,11.80694],[2.36818,11.80212],[2.37237,11.79314],[2.34038,11.78537],[2.33826,11.7702],[2.3191,11.7562],[2.30367,11.73529],[2.29922,11.72081],[2.30084,11.70839],[2.30666,11.69689],[2.30478,11.68286],[2.30959,11.68081],[2.31782,11.66464],[2.34125,11.65743],[2.36198,11.66594],[2.38375,11.68376],[2.40452,11.67795],[2.42524,11.66394],[2.46102,11.67305],[2.49732,11.6759],[2.5094,11.67347],[2.52677,11.66391],[2.55166,11.64403],[2.55996,11.62521],[2.57434,11.61054],[2.59934,11.6065],[2.61374,11.61558],[2.62214,11.62999],[2.62875,11.62896],[2.63645,11.58667],[2.63341,11.51802],[2.63885,11.51256],[2.67699,11.49953],[2.69663,11.47717],[2.72452,11.46781],[2.72908,11.45735],[2.72488,11.44084],[2.72876,11.43442],[2.74324,11.43446],[2.7726,11.41563],[2.78584,11.42084],[2.79959,11.4181],[2.81003,11.42358],[2.8173,11.41923],[2.84185,11.43059]]]}},{"type":"Feature","properties":{"id":"BEN:ADM2:17685819B86631365550325","name":"Glazoue","countryCode":"BEN","adminLevel":2,"sourceCode":"17685819B86631365550325","parentId":"BEN:ADM1:BEN-2171"},"geometry":{"type":"Polygon","coordinates":[[[2.11895,8.12648],[2.12826,8.10001],[2.1273,8.0846],[2.11725,8.04729],[2.10753,8.03],[2.10516,8.01306],[2.11561,7.97393],[2.12135,7.96458],[2.11892,7.94487],[2.1488,7.93771],[2.16138,7.90426],[2.17772,7.87455],[2.21054,7.82956],[2.23163,7.83357],[2.24837,7.84594],[2.29706,7.89725],[2.35727,7.90706],[2.37425,7.91415],[2.37693,7.94679],[2.36954,7.97144],[2.36838,7.99396],[2.37685,8.01029],[2.37414,8.01713],[2.35814,8.02336],[2.35724,8.03157],[2.3726,8.05646],[2.35259,8.08011],[2.33883,8.10481],[2.33948,8.12884],[2.34411,8.13478],[2.36691,8.14196],[2.37093,8.15611],[2.36901,8.17279],[2.33038,8.24938],[2.32904,8.31151],[2.34096,8.4255],[2.33622,8.43831],[2.31956,8.45193],[2.30227,8.45581],[2.28838,8.46898],[2.27318,8.47493],[2.25258,8.4969],[2.22287,8.50991],[2.21907,8.5034],[2.1977,8.50356],[2.18528,8.49587],[2.17383,8.50318],[2.16244,8.50063],[2.15627,8.50942],[2.14792,8.50657],[2.15064,8.49988],[2.14121,8.48577],[2.12325,8.47798],[2.1231,8.46145],[2.11926,8.4512],[2.10823,8.36596],[2.09681,8.33019],[2.08775,8.24786],[2.08859,8.21826],[2.11895,8.12648]]]}},{"type":"Feature","properties":{"id":"BEN:ADM2:17685819B88590181370069","name":"Dogbo","countryCode":"BEN","adminLevel":2,"sourceCode":"17685819B88590181370069","parentId":"BEN:ADM1:BEN-2176"},"geometry":{"type":"Polygon","coordinates":[[[1.92112,6.77856],[1.92383,6.79637],[1.90689,6.80946],[1.88031,6.82364],[1.77002,6.85288],[1.75851,6.82648],[1.70023,6.82212],[1.68782,6.80099],[1.67488,6.79176],[1.64706,6.78506],[1.60791,6.78162],[1.60838,6.77127],[1.6261,6.76024],[1.61874,6.75334],[1.6169,6.7492],[1.62036,6.74368],[1.61691,6.74],[1.6084,6.73655],[1.60012,6.7262],[1.59253,6.7255],[1.59155,6.71291],[1.67624,6.71292],[1.70346,6.71699],[1.7161,6.72361],[1.74173,6.72203],[1.75212,6.7248],[1.76327,6.73405],[1.77815,6.75418],[1.79491,6.74885],[1.8399,6.77135],[1.90234,6.76706],[1.91964,6.78149],[1.92112,6.77856]]]}},{"type":"Feature","properties":{"id":"BEN:ADM2:17685819B92421826245631","name":"Nikki","countryCode":"BEN","adminLevel":2,"sourceCode":"17685819B92421826245631","parentId":"BEN:ADM1:BEN-2169"},"geometry":{"type":"Polygon","coordinates":[[[2.76405,9.91618],[2.76162,9.91092],[2.79351,9.87328],[2.78526,9.8313],[2.76959,9.78814],[2.77147,9.78049],[2.78414,9.78939],[2.79264,9.78848],[2.80518,9.79835],[2.8148,9.79674],[2.83411,9.81364],[2.88012,9.81792],[2.89175,9.82197],[2.9293,9.84479],[2.95781,9.84577],[2.9712,9.84327],[3.01942,9.80781],[3.08564,9.79563],[3.1072,9.78694],[3.11451,9.77784],[3.12011,9.71768],[3.12677,9.70137],[3.16478,9.66641],[3.25606,9.63974],[3.2635,9.65236],[3.27162,9.659],[3.29178,9.66194],[3.31517,9.65774],[3.3486,9.68523],[3.35211,9.6974],[3.35027,9.70521],[3.32859,9.74595],[3.32334,9.77675],[3.32966,9.7988],[3.34686,9.81759],[3.35684,9.82584],[3.45639,9.86117],[3.47471,9.86318],[3.51132,9.85732],[3.52965,9.86208],[3.56268,9.89552],[3.56414,9.91597],[3.57113,9.92537],[3.59578,9.94574],[3.60231,9.95743],[3.61149,9.99601],[3.6115,10.06244],[3.61692,10.07778],[3.58175,10.10006],[3.57294,10.09988],[3.55778,10.10575],[3.54472,10.10174],[3.53866,10.1093],[3.52414,10.11058],[3.52074,10.11853],[3.50989,10.1231],[3.49283,10.12315],[3.48233,10.13285],[3.46114,10.13795],[3.45314,10.14734],[3.41172,10.15683],[3.39256,10.14524],[3.37748,10.15845],[3.34153,10.12207],[3.33534,10.10672],[3.3159,10.1068],[3.30327,10.11499],[3.26724,10.11856],[3.2515,10.12331],[3.23551,10.11945],[3.22171,10.11113],[3.19091,10.10744],[3.18443,10.10375],[3.15366,10.10241],[3.13681,10.08425],[3.10034,10.0738],[3.05594,10.078],[3.04953,10.08056],[3.04627,10.10211],[3.03542,10.10763],[3.04601,10.15403],[3.03639,10.16995],[3.03784,10.20047],[3.03503,10.21217],[3.01855,10.23884],[2.9957,10.22199],[2.92548,10.14244],[2.91042,10.13356],[2.90136,10.13643],[2.8102,10.12355],[2.81087,10.03915],[2.852,10.0289],[2.85035,10.01809],[2.84427,10.01177],[2.84459,10.00259],[2.84034,9.9957],[2.85365,9.9592],[2.84265,9.93627],[2.82016,9.92385],[2.81117,9.93323],[2.80261,9.92914],[2.78246,9.92655],[2.76405,9.91618]]]}},{"type":"Feature","properties":{"id":"BEN:ADM2:17685819B94511677610410","name":"Bassila","countryCode":"BEN","adminLevel":2,"sourceCode":"17685819B94511677610410","parentId":"BEN:ADM1:BEN-2182"},"geometry":{"type":"Polygon","coordinates":[[[2.12325,8.47798],[2.14121,8.48577],[2.15064,8.49988],[2.14792,8.50657],[2.15627,8.50942],[2.16244,8.50063],[2.17383,8.50318],[2.18528,8.49587],[2.1977,8.50356],[2.21907,8.5034],[2.22287,8.50991],[2.21217,8.52304],[2.20858,8.54017],[2.20944,8.55808],[2.21969,8.5858],[2.21879,8.60817],[2.22442,8.64648],[2.22242,8.65567],[2.20304,8.69097],[2.20597,8.72346],[2.20415,8.73625],[2.18525,8.76418],[2.20221,8.79544],[2.20233,8.8096],[2.20825,8.81775],[2.21117,8.83202],[2.22681,8.86882],[2.23709,8.88178],[2.23855,8.88941],[2.23487,8.89846],[2.20834,8.89187],[2.19981,8.90401],[2.20971,8.92018],[2.20722,8.92241],[2.19494,8.92084],[2.18698,8.95089],[2.19415,8.95833],[2.19903,8.97453],[2.22436,8.98794],[2.2244,8.99183],[2.21252,9.00441],[2.21205,9.03065],[2.22538,9.03985],[2.22033,9.05307],[2.19376,9.05869],[2.19132,9.0669],[2.18287,9.07293],[2.10881,9.06697],[2.08267,9.07452],[2.07221,9.07404],[2.03614,9.09415],[2.0241,9.10534],[2.02597,9.11282],[2.01866,9.12218],[1.98762,9.1267],[1.98014,9.133],[1.96896,9.14737],[1.96917,9.15709],[1.9791,9.17742],[1.96723,9.20985],[1.97623,9.21964],[1.97059,9.22981],[1.97441,9.23686],[1.96343,9.25956],[1.96395,9.27066],[1.9709,9.28657],[1.96931,9.31532],[1.97254,9.35332],[1.96418,9.35338],[1.9467,9.36641],[1.93225,9.37262],[1.9226,9.38823],[1.88695,9.39625],[1.86531,9.39319],[1.81854,9.37033],[1.81467,9.37383],[1.81133,9.41257],[1.80492,9.4133],[1.77372,9.43821],[1.76165,9.42843],[1.72512,9.41187],[1.69364,9.39874],[1.66052,9.39034],[1.59167,9.39811],[1.57581,9.40432],[1.55198,9.42832],[1.55192,9.4415],[1.53936,9.45948],[1.52513,9.45997],[1.49883,9.42669],[1.48944,9.42007],[1.47687,9.41862],[1.4407,9.38801],[1.42823,9.4014],[1.40159,9.41352],[1.40312,9.35491],[1.40807,9.33449],[1.42092,9.30744],[1.4474,9.28273],[1.4621,9.25477],[1.47767,9.23691],[1.52597,9.1907],[1.55912,9.17015],[1.57915,9.13164],[1.59773,9.11149],[1.6176,9.07092],[1.61602,9.06341],[1.62483,9.04229],[1.62974,8.99912],[1.62241,8.95455],[1.62966,8.90898],[1.62929,8.82934],[1.63311,8.79376],[1.62857,8.64771],[1.63016,8.5937],[1.66268,8.59523],[1.67826,8.60097],[1.69716,8.60293],[1.72448,8.60263],[1.7338,8.60507],[1.74835,8.61999],[1.76256,8.62712],[1.782,8.6288],[1.80154,8.62591],[1.81704,8.62178],[1.84372,8.59258],[1.89058,8.57087],[1.91164,8.55142],[1.93332,8.556],[1.94636,8.5548],[1.95162,8.53823],[1.98578,8.52508],[1.99072,8.5199],[1.99283,8.5078],[2.09307,8.49959],[2.12325,8.47798]]]}},{"type":"Feature","properties":{"id":"BEN:ADM2:17685819B95850649576266","name":"Copargo","countryCode":"BEN","adminLevel":2,"sourceCode":"17685819B95850649576266","parentId":"BEN:ADM1:BEN-2182"},"geometry":{"type":"Polygon","coordinates":[[[1.35521,10],[1.36199,9.82808],[1.38634,9.82859],[1.4092,9.82139],[1.43185,9.7809],[1.44592,9.73017],[1.46219,9.72051],[1.49908,9.74695],[1.5157,9.74756],[1.53978,9.73798],[1.56822,9.70896],[1.57871,9.73402],[1.58433,9.75952],[1.68032,9.80906],[1.69142,9.81981],[1.69992,9.836],[1.72822,9.8497],[1.7371,9.86019],[1.73822,9.90001],[1.74165,9.91138],[1.75289,9.91963],[1.74786,9.93992],[1.74986,9.98654],[1.74728,10.03665],[1.65538,9.94034],[1.54404,9.94083],[1.5294,9.94619],[1.5047,9.97338],[1.48877,9.97125],[1.40098,9.98711],[1.3798,10.0003],[1.35521,10]]]}},{"type":"Feature","properties":{"id":"BEN:ADM2:17685819B98321853839803","name":"Kerou","countryCode":"BEN","adminLevel":2,"sourceCode":"17685819B98321853839803","parentId":"BEN:ADM1:BEN-2181"},"geometry":{"type":"Polygon","coordinates":[[[2.01925,11.42771],[2.0104,11.42333],[1.98196,11.42005],[1.95297,11.42156],[1.92182,11.39412],[1.91905,11.37592],[1.90001,11.36486],[1.90235,11.35525],[1.88923,11.34543],[1.8945,11.33318],[1.87778,11.30751],[1.87995,11.29485],[1.87055,11.27179],[1.83915,11.25828],[1.82897,11.24525],[1.82688,11.22385],[1.82887,11.20186],[1.78498,11.18741],[1.75669,11.17457],[1.75162,11.14692],[1.74369,11.13304],[1.74656,11.11787],[1.74031,11.10399],[1.74746,11.10036],[1.75574,11.10116],[1.7599,11.09155],[1.75645,11.07627],[1.74247,11.06019],[1.74375,11.03598],[1.72745,11.03158],[1.71759,10.99908],[1.69768,10.97467],[1.68446,10.94051],[1.6663,10.9293],[1.65761,10.90263],[1.6722,10.90175],[1.69058,10.87514],[1.72505,10.86849],[1.74055,10.85496],[1.74483,10.8423],[1.75042,10.83811],[1.75971,10.84474],[1.77975,10.84121],[1.78875,10.8452],[1.8081,10.87017],[1.85464,10.84094],[1.85768,10.83272],[1.88479,10.81468],[1.90343,10.81058],[1.91654,10.79885],[1.91996,10.78549],[1.93757,10.77555],[1.96047,10.78047],[1.97428,10.7925],[1.98163,10.77969],[1.96186,10.7336],[1.96734,10.71313],[1.9611,10.70134],[1.9406,10.69585],[1.94137,10.68223],[1.9226,10.61583],[1.87686,10.60697],[1.86619,10.60298],[1.85599,10.59165],[1.83501,10.53641],[1.83955,10.52416],[1.85244,10.50702],[1.86681,10.50054],[1.96767,10.54833],[2.00893,10.52516],[2.04817,10.51295],[2.08398,10.51006],[2.10362,10.5152],[2.12446,10.52963],[2.16238,10.52838],[2.17813,10.53632],[2.20895,10.53998],[2.2284,10.53776],[2.24035,10.54447],[2.24069,10.86196],[2.24958,10.8711],[2.25718,10.89317],[2.30408,10.91866],[2.31881,10.93736],[2.33559,10.94924],[2.29049,10.98145],[2.27943,10.98568],[2.24424,10.9903],[2.20326,11.01039],[2.01925,11.42771]]]}},{"type":"Feature","properties":{"id":"BEN:ADM2:17685819B98348434447391","name":"Tanguieta","countryCode":"BEN","adminLevel":2,"sourceCode":"17685819B98348434447391","parentId":"BEN:ADM1:BEN-2181"},"geometry":{"type":"Polygon","coordinates":[[[1.2012,10.44008],[1.55387,10.73664],[1.55323,10.75012],[1.56828,10.75842],[1.56534,10.79083],[1.57867,10.7926],[1.57664,10.80679],[1.56869,10.81598],[1.56042,10.81795],[1.56143,10.82268],[1.58926,10.86515],[1.63389,10.871],[1.66164,10.89539],[1.65761,10.90263],[1.6663,10.9293],[1.68446,10.94051],[1.69768,10.97467],[1.71759,10.99908],[1.72745,11.03158],[1.74375,11.03598],[1.74247,11.06019],[1.75645,11.07627],[1.7599,11.09155],[1.75574,11.10116],[1.74746,11.10036],[1.74031,11.10399],[1.74656,11.11787],[1.74369,11.13304],[1.75162,11.14692],[1.75669,11.17457],[1.78498,11.18741],[1.82887,11.20186],[1.82688,11.22385],[1.82897,11.24525],[1.83915,11.25828],[1.87055,11.27179],[1.87995,11.29485],[1.87778,11.30751],[1.8945,11.33318],[1.88923,11.34543],[1.90235,11.35525],[1.90001,11.36486],[1.91905,11.37592],[1.92182,11.39412],[1.95297,11.42156],[1.91245,11.43069],[1.89238,11.43961],[1.88415,11.43797],[1.87268,11.44577],[1.84774,11.43841],[1.84563,11.44461],[1.84167,11.44438],[1.82815,11.43426],[1.80251,11.43586],[1.79528,11.42643],[1.77361,11.41928],[1.75845,11.42226],[1.75239,11.41674],[1.74796,11.42019],[1.73654,11.41742],[1.73374,11.42179],[1.72208,11.42316],[1.71741,11.42982],[1.71414,11.42913],[1.7074,11.41533],[1.69971,11.40796],[1.68339,11.41416],[1.66312,11.39643],[1.6489,11.39664],[1.64283,11.40239],[1.62047,11.3904],[1.59295,11.39819],[1.58968,11.40324],[1.58989,11.42118],[1.58311,11.42784],[1.57449,11.4299],[1.5803,11.43933],[1.57889,11.44347],[1.5684,11.4469],[1.56791,11.45725],[1.55998,11.4623],[1.55437,11.47149],[1.55064,11.47056],[1.54134,11.45055],[1.53179,11.44731],[1.50939,11.45648],[1.50121,11.46635],[1.49468,11.46588],[1.47581,11.45412],[1.46786,11.46653],[1.45155,11.46259],[1.44618,11.46488],[1.4401,11.47383],[1.43451,11.47221],[1.43102,11.46623],[1.42566,11.46622],[1.41916,11.45241],[1.40773,11.45423],[1.38444,11.44223],[1.37982,11.42336],[1.38358,11.40957],[1.38988,11.40659],[1.38826,11.39946],[1.37521,11.39737],[1.37266,11.39023],[1.36195,11.38469],[1.35378,11.39042],[1.35099,11.3872],[1.35194,11.38145],[1.34056,11.36395],[1.32005,11.36276],[1.31796,11.35907],[1.3217,11.3531],[1.32055,11.34896],[1.32641,11.33472],[1.33201,11.33151],[1.3318,11.32346],[1.34092,11.31129],[1.32512,11.28988],[1.31463,11.29261],[1.30808,11.3011],[1.30366,11.30041],[1.30158,11.29189],[1.29039,11.29324],[1.28289,11.31024],[1.26585,11.32124],[1.25909,11.32099],[1.25259,11.31201],[1.25475,11.28994],[1.25827,11.28098],[1.26667,11.2764],[1.26945,11.28009],[1.26361,11.28835],[1.27083,11.28952],[1.27625,11.26424],[1.27393,11.25986],[1.26044,11.25431],[1.25207,11.24532],[1.22803,11.25929],[1.15952,11.26117],[1.14784,11.2708],[1.13644,11.26594],[1.12925,11.25649],[1.12903,11.25166],[1.1363,11.23696],[1.15638,11.22392],[1.14852,11.2032],[1.15249,11.19838],[1.15047,11.17561],[1.16005,11.16437],[1.15051,11.16136],[1.14116,11.17374],[1.11834,11.17161],[1.09699,11.1474],[1.06043,11.14568],[1.05554,11.14313],[1.05276,11.13944],[1.05465,11.13186],[1.05094,11.12771],[1.06471,11.11879],[1.06819,11.1234],[1.06724,11.12891],[1.08662,11.11334],[1.08455,11.10505],[1.09016,11.09978],[1.08646,11.08988],[1.093,11.08577],[1.09652,11.07842],[1.09352,11.06898],[1.09983,11.06256],[1.09961,11.05658],[1.11526,11.04123],[1.11018,11.0304],[1.1215,10.98535],[1.12243,10.96561],[1.12059,10.96131],[1.10514,10.95743],[1.10757,10.92754],[1.1891,10.85599],[1.22452,10.8405],[1.23105,10.82451],[1.25103,10.80362],[1.25519,10.79041],[1.2494,10.77957],[1.26435,10.76606],[1.26376,10.75717],[1.25721,10.73062],[1.24084,10.7016],[1.2338,10.6948],[1.19877,10.69513],[1.19311,10.68318],[1.17825,10.67973],[1.17346,10.67154],[1.17834,10.66514],[1.18179,10.65165],[1.16255,10.60025],[1.13929,10.59861],[1.12319,10.6021],[1.1059,10.58545],[1.08499,10.5738],[1.04117,10.53758],[1.06405,10.50961],[1.07658,10.48708],[1.08237,10.45801],[1.08157,10.43502],[1.15685,10.41182],[1.2012,10.44008]]]}},{"type":"Feature","properties":{"id":"BEN:ADM2:17685819B99804537894120","name":"Boukombe","countryCode":"BEN","adminLevel":2,"sourceCode":"17685819B99804537894120","parentId":"BEN:ADM1:BEN-2181"},"geometry":{"type":"Polygon","coordinates":[[[0.90969,10.28573],[1.05682,10.17935],[1.13857,10.12647],[1.35521,10],[1.3798,10.0003],[1.37083,10.06427],[1.34779,10.06564],[1.34239,10.07509],[1.32984,10.0782],[1.31724,10.07605],[1.30232,10.08084],[1.29205,10.09309],[1.28784,10.11462],[1.30862,10.13339],[1.29722,10.14302],[1.28802,10.17358],[1.27077,10.18837],[1.23323,10.20006],[1.21887,10.20748],[1.19865,10.24377],[1.20001,10.28941],[1.21155,10.30435],[1.23036,10.31787],[1.2319,10.3438],[1.22034,10.35246],[1.21842,10.36093],[1.20364,10.3689],[1.20494,10.40552],[1.2012,10.44008],[1.15685,10.41182],[1.0778,10.43586],[1.00739,10.42378],[0.96291,10.32767],[0.90969,10.28573]]]}}],"admin1":{"type":"FeatureCollection","features":[{"type":"Feature","properties":{"id":"BEN:ADM1:BEN-2169","name":"Borgou","countryCode":"BEN"},"geometry":{"type":"Polygon","coordinates":[[[3.15834,9.29141],[3.15717,9.28246],[3.14998,9.27259],[3.12635,9.25219],[3.12216,9.23842],[3.1237,9.19224],[3.10143,9.15278],[3.09214,9.12982],[3.08817,9.10158],[3.08354,9.09791],[3.00814,9.07392],[2.9841,9.07234],[2.964,9.07949],[2.95639,9.09237],[2.95338,9.0926],[2.89604,9.08371],[2.88193,9.07293],[2.87915,9.06466],[2.86759,9.06215],[2.78092,9.06521],[2.77826,9.0538],[2.786,9.04489],[2.78249,9.03181],[2.77416,9.02609],[2.78408,9.0194],[2.77203,9.01071],[2.77226,9.00749],[2.78241,9.0031],[2.77777,8.99485],[2.78861,8.98769],[2.78212,8.98266],[2.78879,8.97024],[2.78576,8.96405],[2.77118,8.95284],[2.7781,8.95075],[2.78178,8.94522],[2.77062,8.91885],[2.76391,8.91611],[2.75811,8.90786],[2.75833,8.90372],[2.77035,8.90484],[2.77355,8.89472],[2.76816,8.86718],[2.75707,8.86354],[2.76119,8.85159],[2.75879,8.81967],[2.76338,8.80978],[2.76106,8.80543],[2.74488,8.79996],[2.73932,8.79424],[2.72841,8.77268],[2.18525,8.76418],[2.20221,8.79544],[2.20233,8.8096],[2.20825,8.81775],[2.21117,8.83202],[2.22681,8.86882],[2.23709,8.88178],[2.23855,8.88941],[2.23487,8.89846],[2.20834,8.89187],[2.19981,8.90401],[2.20971,8.92018],[2.20722,8.92241],[2.19494,8.92084],[2.18698,8.95089],[2.19415,8.95833],[2.19903,8.97453],[2.22436,8.98794],[2.2244,8.99183],[2.21252,9.00441],[2.21205,9.03065],[2.22538,9.03985],[2.22033,9.05307],[2.19376,9.05869],[2.19132,9.0669],[2.18287,9.07293],[2.10881,9.06697],[2.08267,9.07452],[2.07221,9.07404],[2.03614,9.09415],[2.0241,9.10534],[2.02597,9.11282],[2.01866,9.12218],[1.98762,9.1267],[1.96896,9.14737],[1.96917,9.15709],[1.9791,9.17742],[1.96723,9.20985],[1.97623,9.21964],[1.97059,9.22981],[1.97441,9.23686],[1.96343,9.25956],[1.96395,9.27066],[1.9709,9.28657],[1.96931,9.31532],[1.97254,9.35332],[2.03133,9.36082],[2.04941,9.35472],[2.07946,9.36172],[2.08372,9.37154],[2.09437,9.3759],[2.10199,9.37029],[2.15974,9.68591],[2.15658,9.69163],[2.1713,9.69805],[2.17164,9.70623],[2.15366,9.70956],[2.13865,9.71897],[2.13319,9.71664],[2.1327,9.7086],[2.12615,9.7092],[2.11927,9.7055],[2.1043,9.71852],[2.09873,9.71981],[2.09114,9.74957],[2.0767,9.75856],[2.08443,9.76475],[2.08544,9.78667],[2.07186,9.79982],[2.0728,9.81244],[2.06632,9.82262],[2.07153,9.82744],[2.06724,9.83344],[2.05916,9.83558],[2.05131,9.8491],[2.09164,9.89558],[2.09399,9.92791],[2.0822,9.95603],[2.07018,9.97221],[2.08045,9.99823],[2.08268,10.03263],[2.06956,10.03495],[2.06935,10.04299],[2.08064,10.0561],[2.10899,10.07005],[2.13671,10.07611],[2.16285,10.07563],[2.19729,10.08232],[2.2357,10.09467],[2.26219,10.15081],[2.24698,10.18785],[2.24184,10.24091],[2.23433,10.27858],[2.20431,10.31948],[2.178,10.33466],[2.15676,10.35535],[2.15658,10.41781],[2.16162,10.43582],[2.17677,10.45708],[2.24148,10.52849],[2.41846,10.53171],[2.41792,10.56475],[2.47691,10.55428],[2.48425,10.56157],[2.54501,10.52997],[2.68823,10.52998],[2.70173,10.56373],[2.77749,10.57873],[2.81323,10.58159],[2.85643,10.53566],[3.10386,10.53781],[3.17977,10.53939],[3.49738,10.61226],[3.84913,10.64775],[3.8517,10.60579],[3.84837,10.58879],[3.83178,10.56863],[3.80616,10.503],[3.80098,10.48532],[3.80202,10.45681],[3.79917,10.4428],[3.786,10.40538],[3.68771,10.45636],[3.64604,10.43514],[3.63181,10.41727],[3.6338,10.39036],[3.6144,10.35572],[3.58463,10.27515],[3.59774,10.24177],[3.61253,10.22172],[3.6463,10.18941],[3.65533,10.18409],[3.67251,10.18379],[3.67806,10.17826],[3.67895,10.16975],[3.67609,10.1493],[3.66293,10.10706],[3.62924,10.09317],[3.61692,10.07778],[3.6115,10.06244],[3.61149,9.99601],[3.60231,9.95743],[3.59578,9.94574],[3.57113,9.92537],[3.56414,9.91597],[3.56268,9.89552],[3.52965,9.86208],[3.51132,9.85732],[3.47471,9.86318],[3.45639,9.86117],[3.35684,9.82584],[3.34686,9.81759],[3.32966,9.7988],[3.32334,9.77675],[3.32859,9.74595],[3.35027,9.70521],[3.35211,9.6974],[3.3486,9.68523],[3.31517,9.65774],[3.29178,9.66194],[3.27162,9.659],[3.2635,9.65236],[3.25606,9.63974],[3.25344,9.60987],[3.23229,9.57591],[3.20791,9.54449],[3.19489,9.51511],[3.1863,9.50708],[3.15456,9.49291],[3.13621,9.46284],[3.13085,9.44034],[3.15179,9.37574],[3.15152,9.33949],[3.15192,9.32152],[3.15834,9.29141]],[[2.72798,9.90165],[2.70943,9.9039],[2.70193,9.9031],[2.72798,9.90165]],[[2.76405,9.91618],[2.78246,9.92655],[2.72798,9.90165],[2.76405,9.91618]],[[2.76413,9.77319],[2.78414,9.78939],[2.77147,9.78049],[2.76413,9.77319]],[[2.61267,9.43793],[2.5683,9.45123],[2.61962,9.43426],[2.61267,9.43793]],[[2.76177,9.42993],[2.74438,9.42231],[2.69085,9.38477],[2.7511,9.42461],[2.76177,9.42993]]]}},{"type":"Feature","properties":{"id":"BEN:ADM1:BEN-2170","name":"Alibori","countryCode":"BEN"},"geometry":{"type":"Polygon","coordinates":[[[2.81323,10.58159],[2.77749,10.57873],[2.70173,10.56373],[2.68823,10.52998],[2.54501,10.52997],[2.48425,10.56157],[2.47691,10.55428],[2.41792,10.56475],[2.41846,10.53171],[2.24148,10.52849],[2.24069,10.86196],[2.24958,10.8711],[2.25718,10.89317],[2.30408,10.91866],[2.31881,10.93736],[2.33559,10.94924],[2.29049,10.98145],[2.27943,10.98568],[2.24424,10.9903],[2.20326,11.01039],[2.01925,11.42771],[2.18544,11.59724],[2.19313,11.6007],[2.2062,11.60095],[2.21878,11.6097],[2.25746,11.64792],[2.30573,11.67442],[2.30959,11.68081],[2.30478,11.68286],[2.30666,11.69689],[2.30084,11.70839],[2.29922,11.72081],[2.30367,11.73529],[2.3191,11.7562],[2.33826,11.7702],[2.34038,11.78537],[2.37237,11.79314],[2.36818,11.80212],[2.37006,11.80694],[2.36773,11.81339],[2.38316,11.82762],[2.3743,11.83706],[2.37923,11.85407],[2.40261,11.87059],[2.39446,11.88923],[2.39715,11.89547],[2.40241,11.89611],[2.41144,11.90632],[2.39971,11.91329],[2.40226,11.91966],[2.39177,11.93077],[2.40267,11.94022],[2.40819,11.95434],[2.43727,11.95305],[2.43916,11.95854],[2.43477,11.97101],[2.44919,11.98277],[2.45846,11.98105],[2.45942,11.97597],[2.46532,11.97988],[2.46102,11.99857],[2.4542,12.00643],[2.45686,12.01091],[2.45271,12.01793],[2.44826,12.02034],[2.44209,12.01693],[2.43671,12.02119],[2.43223,12.03934],[2.4366,12.04413],[2.43584,12.04897],[2.42253,12.0557],[2.41773,12.06484],[2.42146,12.07548],[2.41322,12.08007],[2.40281,12.10419],[2.39148,12.11177],[2.39133,12.11816],[2.39786,12.13209],[2.39031,12.14038],[2.39697,12.14743],[2.38992,12.15165],[2.39158,12.15717],[2.38188,12.16841],[2.38442,12.17851],[2.39282,12.1833],[2.39174,12.19302],[2.3755,12.21037],[2.37993,12.21606],[2.38755,12.21598],[2.38943,12.22954],[2.3821,12.22957],[2.374,12.24112],[2.38502,12.24289],[2.38121,12.25011],[2.40064,12.25768],[2.41038,12.25298],[2.43107,12.25261],[2.4367,12.2563],[2.44006,12.26406],[2.45181,12.26146],[2.45965,12.25296],[2.46404,12.25326],[2.46988,12.27237],[2.47421,12.27344],[2.50476,12.26629],[2.50775,12.27432],[2.51299,12.27498],[2.51338,12.28505],[2.52236,12.29513],[2.5222,12.2876],[2.54186,12.28158],[2.54163,12.27434],[2.54645,12.27406],[2.55401,12.27972],[2.56525,12.27908],[2.56791,12.28187],[2.57573,12.28147],[2.57953,12.27755],[2.59318,12.29934],[2.59942,12.30287],[2.60309,12.29837],[2.61441,12.30084],[2.62944,12.29512],[2.66343,12.30607],[2.67275,12.3046],[2.68508,12.29439],[2.68394,12.27965],[2.69517,12.28245],[2.70771,12.30546],[2.70646,12.3125],[2.71535,12.32291],[2.71808,12.34247],[2.72314,12.35222],[2.73205,12.35509],[2.73254,12.36123],[2.73695,12.36475],[2.74195,12.3641],[2.74379,12.35371],[2.7497,12.34987],[2.76286,12.35193],[2.77691,12.37633],[2.79388,12.39017],[2.8122,12.39715],[2.82311,12.39396],[2.83907,12.3958],[2.8256,12.4046],[2.82667,12.40861],[2.83889,12.40667],[2.85694,12.39278],[2.8725,12.38778],[2.88444,12.37722],[2.8925,12.36056],[2.92722,12.335],[2.94444,12.31667],[2.96306,12.2875],[3.01361,12.26639],[3.02972,12.23361],[3.05917,12.20861],[3.05972,12.19611],[3.07194,12.18361],[3.08222,12.17667],[3.10083,12.1725],[3.125,12.1575],[3.12778,12.15444],[3.12722,12.14028],[3.16861,12.11361],[3.17639,12.10583],[3.18889,12.08361],[3.23028,12.05028],[3.23944,12.0325],[3.25167,12.03167],[3.25917,12.025],[3.26083,12.01945],[3.27028,12.01472],[3.25694,11.99778],[3.25945,11.99],[3.26889,11.98167],[3.27833,11.96556],[3.28083,11.95528],[3.27917,11.94444],[3.28309,11.93416],[3.29889,11.93194],[3.30361,11.91666],[3.30417,11.90333],[3.32139,11.88167],[3.32861,11.88139],[3.3375,11.88639],[3.34528,11.8825],[3.38361,11.88639],[3.40305,11.8775],[3.41833,11.87861],[3.42611,11.87472],[3.44111,11.87694],[3.46139,11.86528],[3.48139,11.86139],[3.5027,11.83237],[3.52111,11.81472],[3.51945,11.80028],[3.52278,11.78778],[3.535,11.77944],[3.55861,11.77917],[3.56472,11.7725],[3.56528,11.76472],[3.55417,11.75167],[3.55056,11.74222],[3.54972,11.73472],[3.55639,11.72417],[3.58278,11.71444],[3.60507,11.69697],[3.59159,11.67462],[3.55795,11.63188],[3.47113,11.44857],[3.50234,11.40327],[3.69193,11.12814],[3.71755,11.12781],[3.72591,11.12409],[3.72752,11.11765],[3.71948,11.08618],[3.72402,11.05742],[3.7169,11.02434],[3.73016,11.02153],[3.75177,11.01063],[3.7587,10.99842],[3.77122,10.93077],[3.769,10.89882],[3.7492,10.83752],[3.74938,10.82556],[3.77848,10.77256],[3.78445,10.7546],[3.79716,10.73546],[3.84098,10.70492],[3.84913,10.64775],[3.49738,10.61226],[3.17977,10.53939],[3.10633,10.53787],[2.85643,10.53566],[2.81323,10.58159]],[[2.9143,11.65201],[2.90548,11.64714],[2.89895,11.63968],[2.9143,11.65201]],[[2.96093,11.61977],[2.91523,11.65252],[2.91523,11.65252],[2.96093,11.61977]],[[3.2588,11.29511],[3.26478,11.3135],[3.25846,11.29882],[3.2588,11.29511]]]}},{"type":"Feature","properties":{"id":"BEN:ADM1:BEN-2171","name":"Collines","countryCode":"BEN"},"geometry":{"type":"Polygon","coordinates":[[[2.46203,7.60979],[2.46554,7.59451],[2.46598,7.55849],[2.45434,7.54965],[2.42073,7.48839],[2.4064,7.45633],[2.40551,7.44277],[2.39888,7.45028],[2.38453,7.45244],[2.35042,7.46735],[2.27256,7.52013],[2.25387,7.52953],[2.1339,7.56079],[2.1211,7.56526],[2.09276,7.5571],[2.08287,7.56278],[2.04712,7.55874],[2.01402,7.57789],[2.00183,7.57626],[1.98665,7.58036],[1.97965,7.59471],[1.96629,7.5996],[1.96852,7.61174],[1.95939,7.62348],[1.93997,7.64119],[1.91475,7.64916],[1.88414,7.64697],[1.8621,7.65516],[1.73863,7.64181],[1.63145,7.66111],[1.63625,7.80307],[1.6303,7.84006],[1.63626,7.98842],[1.63389,8.20829],[1.63178,8.34125],[1.62428,8.35315],[1.61974,8.3741],[1.62776,8.41428],[1.62658,8.42897],[1.63303,8.43954],[1.6302,8.44951],[1.65019,8.47766],[1.64899,8.49075],[1.63112,8.51869],[1.63016,8.5937],[1.66268,8.59523],[1.67826,8.60097],[1.69716,8.60293],[1.72448,8.60263],[1.7338,8.60507],[1.74835,8.61999],[1.76256,8.62712],[1.782,8.6288],[1.80154,8.62591],[1.81704,8.62178],[1.84372,8.59258],[1.89058,8.57087],[1.91164,8.55142],[1.93332,8.556],[1.94636,8.5548],[1.95162,8.53823],[1.98578,8.52508],[1.99072,8.5199],[1.99283,8.5078],[2.09307,8.49959],[2.12325,8.47798],[2.14121,8.48577],[2.15064,8.49988],[2.14792,8.50657],[2.15627,8.50942],[2.16244,8.50063],[2.17383,8.50318],[2.18528,8.49587],[2.1977,8.50356],[2.21907,8.5034],[2.22287,8.50991],[2.21217,8.52304],[2.20858,8.54017],[2.20944,8.55808],[2.21969,8.5858],[2.21879,8.60817],[2.22442,8.64648],[2.22242,8.65567],[2.20304,8.69097],[2.20597,8.72346],[2.20415,8.73625],[2.18525,8.76418],[2.72841,8.77268],[2.73368,8.75774],[2.74404,8.74416],[2.74602,8.70994],[2.75038,8.70029],[2.74132,8.67781],[2.74613,8.66655],[2.73942,8.66083],[2.73756,8.65486],[2.74906,8.64036],[2.74913,8.58342],[2.75876,8.56158],[2.74946,8.53314],[2.76188,8.52255],[2.76184,8.50533],[2.75073,8.49342],[2.75003,8.48975],[2.75693,8.48262],[2.74419,8.46199],[2.74068,8.44501],[2.73489,8.43631],[2.72612,8.43197],[2.71459,8.43154],[2.70695,8.42032],[2.71401,8.38724],[2.70866,8.36958],[2.6971,8.35745],[2.69563,8.32417],[2.69812,8.30718],[2.7146,8.26054],[2.74031,8.22466],[2.7541,8.21131],[2.75016,8.20077],[2.74821,8.16474],[2.73225,8.13885],[2.72992,8.1283],[2.73254,8.11684],[2.72404,8.08495],[2.72883,8.06681],[2.72329,8.06109],[2.70733,8.0],[2.70455,7.9681],[2.6955,7.93082],[2.67582,7.89321],[2.66843,7.88978],[2.69576,7.85479],[2.7063,7.83271],[2.71132,7.81318],[2.72467,7.80763],[2.72946,7.79222],[2.73241,7.77223],[2.72796,7.7449],[2.72945,7.68976],[2.67859,7.68625],[2.48714,7.6856],[2.47042,7.6425],[2.46203,7.60979]],[[2.1135,7.9106],[2.11892,7.94487],[2.12135,7.96458],[2.1135,7.9106]],[[2.48226,8.14437],[2.4975,8.15759],[2.47737,8.14226],[2.48226,8.14437]],[[2.05485,7.78152],[2.04273,7.69644],[2.0615,7.81273],[2.05485,7.78152]]]}},{"type":"Feature","properties":{"id":"BEN:ADM1:BEN-2174","name":"Atlantique","countryCode":"BEN"},"geometry":{"type":"Polygon","coordinates":[[[2.40697,6.66187],[2.41107,6.64024],[2.4154,6.6334],[2.4353,6.54874],[2.47743,6.52406],[2.50065,6.51722],[2.4953,6.49988],[2.4967,6.48215],[2.488,6.46222],[2.44572,6.39741],[2.36757,6.40562],[2.35779,6.33925],[2.32758,6.33918],[2.27222,6.33182],[2.22224,6.32771],[2.17901,6.31783],[2.12474,6.31439],[1.96192,6.28601],[1.97946,6.31741],[1.96673,6.32422],[1.95847,6.33512],[1.96081,6.34518],[1.96284,6.35331],[1.94538,6.37747],[1.94208,6.38831],[1.94369,6.41677],[1.98441,6.50404],[1.98599,6.51881],[1.97855,6.60286],[1.98027,6.61888],[1.98659,6.62709],[1.99782,6.67285],[2.03443,6.69821],[2.03364,6.73224],[2.03256,6.77554],[2.05178,6.78898],[2.06868,6.86743],[2.07796,6.87962],[2.09967,6.89342],[2.10031,6.91001],[2.09318,6.92352],[2.08431,6.93167],[2.25318,6.93666],[2.31801,6.96299],[2.3433,6.91589],[2.33646,6.93009],[2.36372,6.95473],[2.39728,6.9761],[2.41322,6.97062],[2.40526,6.96382],[2.40378,6.95679],[2.41011,6.95518],[2.41153,6.94824],[2.39639,6.94113],[2.38854,6.93308],[2.38825,6.92174],[2.39506,6.91556],[2.40621,6.91388],[2.41034,6.90261],[2.41456,6.85912],[2.43643,6.82465],[2.41879,6.79669],[2.41533,6.78595],[2.42126,6.77604],[2.42344,6.7543],[2.4363,6.74651],[2.41088,6.68547],[2.40697,6.66187]],[[2.40208,6.59943],[2.40045,6.591],[2.4154,6.6334],[2.40208,6.59943]],[[2.08654,6.45852],[2.08108,6.48349],[2.07493,6.49782],[2.08654,6.45852]],[[2.36933,6.41754],[2.38202,6.46666],[2.37147,6.4321],[2.36933,6.41754]],[[2.24067,6.79894],[2.2277,6.77796],[2.22517,6.77234],[2.24067,6.79894]],[[2.19162,6.6215],[2.18045,6.62138],[2.11728,6.61133],[2.19162,6.6215]]]}},{"type":"Feature","properties":{"id":"BEN:ADM1:BEN-2175","name":"Littoral","countryCode":"BEN"},"geometry":{"type":"Polygon","coordinates":[[[2.35779,6.33925],[2.36628,6.40576],[2.44572,6.39741],[2.44283,6.37878],[2.49415,6.37126],[2.49787,6.36097],[2.49795,6.34923],[2.40086,6.34021],[2.35779,6.33925]]]}},{"type":"Feature","properties":{"id":"BEN:ADM1:BEN-2176","name":"Kouffo","countryCode":"BEN"},"geometry":{"type":"Polygon","coordinates":[[[1.8235,6.66537],[1.81377,6.64835],[1.7773,6.61205],[1.73278,6.61429],[1.68659,6.62554],[1.67981,6.64595],[1.66192,6.67134],[1.62722,6.6646],[1.60284,6.66629],[1.58957,6.68388],[1.57392,6.68824],[1.59001,6.70343],[1.59155,6.71291],[1.59253,6.7255],[1.60012,6.7262],[1.6084,6.73655],[1.61691,6.74],[1.62036,6.74368],[1.6169,6.7492],[1.61874,6.75334],[1.6261,6.76024],[1.60838,6.77127],[1.60791,6.78162],[1.61274,6.79243],[1.61066,6.79817],[1.59892,6.79978],[1.59662,6.80644],[1.59846,6.81219],[1.61479,6.82508],[1.61317,6.82875],[1.60397,6.82714],[1.5996,6.83013],[1.60142,6.85289],[1.59451,6.86898],[1.60669,6.88347],[1.60416,6.8906],[1.60507,6.90577],[1.58688,6.91335],[1.5779,6.923],[1.57411,6.94711],[1.55918,6.97219],[1.55783,6.99749],[1.58637,6.99791],[1.5935,6.99353],[1.60663,6.9965],[1.64203,6.99457],[1.63566,7.2698],[1.63642,7.41778],[1.64388,7.48555],[1.65334,7.4945],[1.67568,7.4947],[1.69748,7.44336],[1.71314,7.43498],[1.72461,7.40311],[1.72496,7.38814],[1.73626,7.37456],[1.7376,7.36111],[1.74714,7.34062],[1.74714,7.31015],[1.75711,7.31071],[1.77125,7.2932],[1.77897,7.29143],[1.78108,7.28393],[1.79604,7.27568],[1.80506,7.25742],[1.80887,7.23299],[1.81571,7.22777],[1.81709,7.21778],[1.83201,7.20594],[1.83163,7.1993],[1.83538,7.19552],[1.85251,7.19571],[1.84789,7.19107],[1.85544,7.16636],[1.85586,7.14437],[1.85986,7.13367],[1.8586,7.12124],[1.87441,7.10527],[1.87727,7.09168],[1.91301,7.05774],[1.91719,7.04026],[1.93347,7.02842],[1.94657,7.01664],[1.95723,6.99796],[1.96237,7.00038],[1.96731,6.99756],[1.97324,6.97645],[1.98472,6.96814],[1.9893,6.94886],[1.99022,6.92437],[2.00571,6.91628],[2.03025,6.91359],[2.04602,6.91739],[2.0698,6.93062],[2.08431,6.93167],[2.09318,6.92352],[2.10031,6.91001],[2.09967,6.89342],[2.07796,6.87962],[2.06868,6.86743],[2.05178,6.78898],[2.03256,6.77554],[2.03311,6.72326],[1.92112,6.77856],[1.91964,6.78149],[1.90234,6.76706],[1.8249,6.7208],[1.8235,6.66537]],[[1.73187,6.96553],[1.74545,7.07059],[1.72914,6.94729],[1.73187,6.96553]],[[1.88031,6.82364],[1.85103,6.83246],[1.77002,6.85288],[1.88031,6.82364]]]}},{"type":"Feature","properties":{"id":"BEN:ADM1:BEN-2177","name":"Ouémé","countryCode":"BEN"},"geometry":{"type":"Polygon","coordinates":[[[2.44572,6.39741],[2.488,6.46222],[2.4967,6.48215],[2.4953,6.49988],[2.50065,6.51722],[2.47743,6.52406],[2.4353,6.54874],[2.4154,6.6334],[2.41107,6.64024],[2.40697,6.66187],[2.41088,6.68547],[2.4363,6.74651],[2.42344,6.7543],[2.42126,6.77604],[2.41533,6.78595],[2.41879,6.79669],[2.43643,6.82465],[2.41456,6.85912],[2.41034,6.90261],[2.40621,6.91388],[2.39506,6.91556],[2.38825,6.92174],[2.38854,6.93308],[2.39639,6.94113],[2.41153,6.94824],[2.41011,6.95518],[2.50784,6.9607],[2.50213,6.93973],[2.50578,6.89715],[2.51904,6.88573],[2.54924,6.87931],[2.55263,6.87426],[2.55798,6.8444],[2.57364,6.81853],[2.57974,6.79225],[2.57889,6.75459],[2.57049,6.72078],[2.57276,6.6429],[2.58291,6.64607],[2.62878,6.62526],[2.64592,6.61557],[2.65589,6.61639],[2.6777,6.5864],[2.69224,6.56054],[2.69912,6.51431],[2.72029,6.50777],[2.7193,6.48293],[2.70628,6.4256],[2.7096,6.36889],[2.70387,6.36835],[2.7033,6.36831],[2.49795,6.34923],[2.49787,6.36097],[2.49415,6.37126],[2.44283,6.37878],[2.44572,6.39741]],[[2.56567,6.5042],[2.54925,6.5251],[2.5451,6.52745],[2.56567,6.5042]],[[2.59964,6.45246],[2.59084,6.45021],[2.49809,6.4058],[2.59964,6.45246]]]}},{"type":"Feature","properties":{"id":"BEN:ADM1:BEN-2178","name":"Zou","countryCode":"BEN"},"geometry":{"type":"Polygon","coordinates":[[[2.33646,6.93009],[2.31801,6.96299],[2.25318,6.93666],[2.0698,6.93062],[2.04602,6.91739],[2.03025,6.91359],[2.00571,6.91628],[1.99022,6.92437],[1.9893,6.94886],[1.98472,6.96814],[1.97324,6.97645],[1.96731,6.99756],[1.96237,7.00038],[1.95723,6.99796],[1.94657,7.01664],[1.91719,7.04026],[1.91301,7.05774],[1.87727,7.09168],[1.87441,7.10527],[1.8586,7.12124],[1.85986,7.13367],[1.85586,7.14437],[1.85544,7.16636],[1.84789,7.19107],[1.85251,7.19571],[1.83538,7.19552],[1.83163,7.1993],[1.83201,7.20594],[1.81709,7.21778],[1.81571,7.22777],[1.80887,7.23299],[1.80506,7.25742],[1.79604,7.27568],[1.78108,7.28393],[1.77897,7.29143],[1.77125,7.2932],[1.75711,7.31071],[1.74714,7.31015],[1.74714,7.34062],[1.7376,7.36111],[1.73626,7.37456],[1.72496,7.38814],[1.72461,7.40311],[1.71314,7.43498],[1.69748,7.44336],[1.67568,7.4947],[1.67592,7.50481],[1.66834,7.51768],[1.65982,7.52069],[1.65293,7.53402],[1.64837,7.56758],[1.65051,7.61399],[1.63741,7.64043],[1.63145,7.66111],[1.73863,7.64181],[1.8621,7.65516],[1.88414,7.64697],[1.91475,7.64916],[1.93997,7.64119],[1.95939,7.62348],[1.96852,7.61174],[1.96629,7.5996],[1.97965,7.59471],[1.98665,7.58036],[2.00183,7.57626],[2.01402,7.57789],[2.04712,7.55874],[2.08287,7.56278],[2.09276,7.5571],[2.1211,7.56526],[2.1339,7.56079],[2.25387,7.52953],[2.27256,7.52013],[2.35042,7.46735],[2.38453,7.45244],[2.39888,7.45028],[2.40551,7.44277],[2.42735,7.41086],[2.43067,7.39239],[2.42491,7.37779],[2.42526,7.3638],[2.43486,7.33885],[2.43975,7.31399],[2.45308,7.29758],[2.46722,7.2885],[2.50213,7.25279],[2.53742,7.187],[2.51821,7.17067],[2.52943,7.13448],[2.53598,7.092],[2.55193,7.05643],[2.55559,7.03324],[2.5541,6.99891],[2.53443,6.98883],[2.50784,6.9607],[2.43871,6.95566],[2.40378,6.95679],[2.40526,6.96382],[2.41322,6.97062],[2.40097,6.97578],[2.39728,6.9761],[2.36372,6.95473],[2.33646,6.93009]],[[1.8866,7.23273],[1.8869,7.23016],[1.89746,7.22049],[1.8866,7.23273]],[[1.89335,7.24241],[1.89023,7.2423],[1.8859,7.23861],[1.89335,7.24241]],[[2.0281,7.20664],[2.02992,7.20724],[2.03408,7.21894],[2.0281,7.20664]],[[2.03916,7.18165],[2.03958,7.18565],[2.03814,7.1871],[2.03916,7.18165]],[[2.0304,7.14974],[2.03058,7.15202],[2.02791,7.15898],[2.0304,7.14974]],[[2.36607,7.06017],[2.35777,7.06874],[2.33978,7.07998],[2.36607,7.06017]],[[2.46877,7.19673],[2.45651,7.19914],[2.44558,7.1989],[2.46877,7.19673]],[[2.0977,7.28232],[2.06955,7.26852],[2.08358,7.27427],[2.0977,7.28232]],[[2.11511,7.18841],[2.11865,7.18742],[2.12578,7.19018],[2.11511,7.18841]],[[2.10062,7.20331],[2.10764,7.19048],[2.11007,7.18981],[2.10062,7.20331]]]}},{"type":"Feature","properties":{"id":"BEN:ADM1:BEN-2179","name":"Plateau","countryCode":"BEN"},"geometry":{"type":"Polygon","coordinates":[[[2.7895,6.74813],[2.78598,6.72331],[2.78659,6.69479],[2.75246,6.66568],[2.73143,6.63078],[2.74465,6.58383],[2.75312,6.57047],[2.75056,6.55736],[2.74293,6.54543],[2.72933,6.53443],[2.72471,6.52639],[2.72029,6.50777],[2.69912,6.51431],[2.69224,6.56054],[2.65589,6.61639],[2.64592,6.61557],[2.61878,6.63151],[2.58291,6.64607],[2.57276,6.6429],[2.57049,6.72078],[2.57511,6.73359],[2.58117,6.77671],[2.57749,6.80808],[2.55798,6.8444],[2.55441,6.86427],[2.54924,6.87931],[2.51904,6.88573],[2.50578,6.89715],[2.50213,6.93973],[2.50784,6.9607],[2.53443,6.98883],[2.5541,6.99891],[2.55559,7.03324],[2.55193,7.05643],[2.53598,7.092],[2.52943,7.13448],[2.51821,7.17067],[2.53742,7.187],[2.50213,7.25279],[2.46722,7.2885],[2.45308,7.29758],[2.43975,7.31399],[2.43486,7.33885],[2.42526,7.3638],[2.42491,7.37779],[2.43067,7.39239],[2.42735,7.41086],[2.40551,7.44277],[2.4064,7.45633],[2.45434,7.54965],[2.46598,7.55849],[2.46554,7.59451],[2.46203,7.60979],[2.47042,7.6425],[2.48714,7.6856],[2.67859,7.68625],[2.72945,7.68976],[2.72539,7.64797],[2.73028,7.58017],[2.73623,7.56522],[2.74611,7.55577],[2.74949,7.5275],[2.75477,7.52128],[2.77524,7.51065],[2.79293,7.49452],[2.79819,7.48255],[2.79919,7.42648],[2.78581,7.41871],[2.74758,7.41744],[2.74946,7.26115],[2.77425,7.23442],[2.78009,7.2018],[2.78487,7.15923],[2.77535,7.12822],[2.76726,7.11698],[2.75065,7.10576],[2.74511,7.09911],[2.74509,7.09268],[2.75288,7.07725],[2.7926,7.04128],[2.75295,7.01932],[2.72919,6.99801],[2.72064,6.98654],[2.7189,6.95333],[2.72004,6.93481],[2.72693,6.93042],[2.74787,6.92829],[2.75151,6.91242],[2.75052,6.88506],[2.74377,6.85657],[2.74924,6.83931],[2.72983,6.80855],[2.72932,6.79015],[2.73915,6.76529],[2.75179,6.75905],[2.77871,6.7592],[2.78629,6.75458],[2.7895,6.74813]],[[2.57005,7.18359],[2.57858,7.18493],[2.53742,7.187],[2.57005,7.18359]],[[2.60907,7.05471],[2.59805,7.07555],[2.60095,7.06689],[2.60907,7.05471]],[[2.63547,7.20613],[2.67667,7.20596],[2.64574,7.20721],[2.63547,7.20613]]]}},{"type":"Feature","properties":{"id":"BEN:ADM1:BEN-2180","name":"Mono","countryCode":"BEN"},"geometry":{"type":"Polygon","coordinates":[[[1.96673,6.32422],[1.97946,6.31741],[1.96192,6.28601],[1.87063,6.2785],[1.74853,6.25294],[1.69403,6.24671],[1.67863,6.24049],[1.63563,6.2315],[1.62782,6.22575],[1.62957,6.24237],[1.64567,6.24809],[1.6682,6.2476],[1.6804,6.25448],[1.68983,6.25332],[1.6942,6.25699],[1.70984,6.2572],[1.74898,6.27111],[1.76392,6.27181],[1.76898,6.2748],[1.7699,6.28216],[1.79934,6.28056],[1.80669,6.28424],[1.80186,6.29068],[1.79542,6.29321],[1.78921,6.30287],[1.79749,6.30724],[1.79794,6.31276],[1.78275,6.33898],[1.78781,6.34381],[1.78919,6.35048],[1.78389,6.36497],[1.78016,6.37233],[1.77234,6.3774],[1.77075,6.39167],[1.77421,6.39442],[1.76938,6.39834],[1.7694,6.41168],[1.77608,6.41604],[1.75518,6.43678],[1.75302,6.45005],[1.74716,6.45404],[1.75062,6.46392],[1.74037,6.47398],[1.73393,6.47582],[1.73715,6.48111],[1.73484,6.48548],[1.73024,6.48639],[1.72794,6.49835],[1.71759,6.49329],[1.71275,6.4995],[1.70632,6.49582],[1.69573,6.50041],[1.69435,6.50961],[1.70194,6.51536],[1.70077,6.53675],[1.69571,6.54319],[1.69639,6.55262],[1.68857,6.55193],[1.68397,6.56043],[1.67339,6.55583],[1.66856,6.55767],[1.66602,6.56295],[1.67591,6.57998],[1.67107,6.58503],[1.65129,6.57836],[1.64083,6.58254],[1.63441,6.59681],[1.61715,6.59684],[1.6098,6.60582],[1.60913,6.61962],[1.60247,6.62745],[1.60294,6.63688],[1.61123,6.64192],[1.60284,6.66629],[1.62722,6.6646],[1.66192,6.67134],[1.67981,6.64595],[1.68659,6.62554],[1.73278,6.61429],[1.7773,6.61205],[1.81377,6.64835],[1.8235,6.66537],[1.8249,6.7208],[1.90234,6.76706],[1.91964,6.78149],[1.96345,6.75587],[1.99804,6.74213],[2.03311,6.72326],[2.03443,6.69821],[1.99782,6.67285],[1.99058,6.63699],[1.98027,6.61888],[1.97897,6.5828],[1.98599,6.51881],[1.98441,6.50404],[1.97468,6.4873],[1.94369,6.41677],[1.94173,6.4038],[1.94538,6.37747],[1.96284,6.35331],[1.96081,6.34518],[1.95847,6.33512],[1.96673,6.32422]]]}},{"type":"Feature","properties":{"id":"BEN:ADM1:BEN-2181","name":"Atakora","countryCode":"BEN"},"geometry":{"type":"Polygon","coordinates":[[[1.13857,10.12647],[1.05682,10.17935],[0.90969,10.28573],[0.79769,10.36652],[0.77457,10.38476],[0.77486,10.4112],[0.78323,10.51218],[0.80626,10.57808],[0.80812,10.61303],[0.80574,10.64367],[0.79694,10.68492],[0.80183,10.71829],[0.80825,10.73189],[0.85163,10.78298],[0.86784,10.79526],[0.87382,10.80496],[0.88509,10.86182],[0.90098,10.88674],[0.89052,10.92094],[0.91216,10.99649],[0.92157,11.01747],[0.94888,11.03583],[0.96992,11.058],[0.97192,11.08215],[0.97865,11.09045],[0.98424,11.08886],[0.98916,11.08037],[0.99916,11.08569],[1.01314,11.08344],[1.02206,11.06324],[1.03514,11.04948],[1.04306,11.04905],[1.06957,11.05902],[1.07448,11.05375],[1.09102,11.04874],[1.11018,11.0304],[1.11526,11.04123],[1.09961,11.05658],[1.09983,11.06256],[1.09352,11.06898],[1.09652,11.07842],[1.093,11.08577],[1.08646,11.08988],[1.09016,11.09978],[1.08455,11.10505],[1.08662,11.11334],[1.06724,11.12891],[1.06819,11.1234],[1.06471,11.11879],[1.05094,11.12771],[1.05465,11.13186],[1.05276,11.13944],[1.05554,11.14313],[1.06043,11.14568],[1.09699,11.1474],[1.11834,11.17161],[1.14116,11.17374],[1.15051,11.16136],[1.16005,11.16437],[1.15047,11.17561],[1.15249,11.19838],[1.14852,11.2032],[1.15638,11.22392],[1.1363,11.23696],[1.12903,11.25166],[1.12925,11.25649],[1.13644,11.26594],[1.14784,11.2708],[1.15952,11.26117],[1.22803,11.25929],[1.25207,11.24532],[1.26044,11.25431],[1.27393,11.25986],[1.27625,11.26424],[1.27083,11.28952],[1.26361,11.28835],[1.26945,11.28009],[1.26667,11.2764],[1.25827,11.28098],[1.25475,11.28994],[1.25259,11.31201],[1.25909,11.32099],[1.26585,11.32124],[1.28289,11.31024],[1.29039,11.29324],[1.30158,11.29189],[1.30366,11.30041],[1.30808,11.3011],[1.31463,11.29261],[1.32512,11.28988],[1.34092,11.31129],[1.3318,11.32346],[1.33201,11.33151],[1.32641,11.33472],[1.32055,11.34896],[1.3217,11.3531],[1.31796,11.35907],[1.32005,11.36276],[1.34056,11.36395],[1.35194,11.38145],[1.35099,11.3872],[1.35378,11.39042],[1.36195,11.38469],[1.37266,11.39023],[1.37521,11.39737],[1.38826,11.39946],[1.38988,11.40659],[1.38358,11.40957],[1.37982,11.42336],[1.38444,11.44223],[1.40773,11.45423],[1.41916,11.45241],[1.42566,11.46622],[1.43102,11.46623],[1.43451,11.47221],[1.4401,11.47383],[1.44618,11.46488],[1.45155,11.46259],[1.46786,11.46653],[1.47581,11.45412],[1.49468,11.46588],[1.50121,11.46635],[1.50939,11.45648],[1.53179,11.44731],[1.54134,11.45055],[1.55064,11.47056],[1.55437,11.47149],[1.55998,11.4623],[1.56791,11.45725],[1.5684,11.4469],[1.57889,11.44347],[1.5803,11.43933],[1.57449,11.4299],[1.58311,11.42784],[1.58989,11.42118],[1.58968,11.40324],[1.59295,11.39819],[1.62047,11.3904],[1.64283,11.40239],[1.6489,11.39664],[1.66312,11.39643],[1.68339,11.41416],[1.69971,11.40796],[1.7074,11.41533],[1.71414,11.42913],[1.71741,11.42982],[1.72208,11.42316],[1.73374,11.42179],[1.73654,11.41742],[1.74796,11.42019],[1.75239,11.41674],[1.75845,11.42226],[1.77361,11.41928],[1.79528,11.42643],[1.80251,11.43586],[1.82815,11.43426],[1.84167,11.44438],[1.84563,11.44461],[1.84774,11.43841],[1.87268,11.44577],[1.88415,11.43797],[1.89238,11.43961],[1.91245,11.43069],[1.95297,11.42156],[1.98196,11.42005],[2.0104,11.42333],[2.01925,11.42771],[2.20326,11.01039],[2.24424,10.9903],[2.27943,10.98568],[2.29049,10.98145],[2.33559,10.94924],[2.31881,10.93736],[2.30408,10.91866],[2.25718,10.89317],[2.24958,10.8711],[2.24069,10.86196],[2.24035,10.54447],[2.24148,10.52849],[2.17677,10.45708],[2.16162,10.43582],[2.15658,10.41781],[2.15488,10.38104],[2.15676,10.35535],[2.178,10.33466],[2.20431,10.31948],[2.23433,10.27858],[2.24184,10.24091],[2.24698,10.18785],[2.26219,10.15081],[2.2357,10.09467],[2.19729,10.08232],[2.16285,10.07563],[2.13671,10.07611],[2.10899,10.07005],[2.08064,10.0561],[2.06935,10.04299],[2.06956,10.03495],[2.04461,10.02527],[2.02095,10.02155],[1.9747,10.03922],[1.76938,10.03943],[1.74728,10.03665],[1.73534,10.02701],[1.65538,9.94034],[1.54404,9.94083],[1.5294,9.94619],[1.5047,9.97338],[1.48877,9.97125],[1.40098,9.98711],[1.3798,10.0003],[1.35521,10.0],[1.13857,10.12647]],[[1.37867,10.01733],[1.37083,10.06427],[1.3798,10.0003],[1.37867,10.01733]],[[1.15685,10.41182],[1.08157,10.43502],[1.0809,10.43492],[1.15685,10.41182]],[[1.65901,10.90221],[1.6722,10.90175],[1.65761,10.90263],[1.66164,10.89539],[1.65901,10.90221]],[[1.81843,10.15473],[1.83821,10.25083],[1.82673,10.20075],[1.81843,10.15473]],[[1.26435,10.76606],[1.25721,10.73062],[1.26376,10.75717],[1.26435,10.76606]]]}},{"type":"Feature","properties":{"id":"BEN:ADM1:BEN-2182","name":"Donga","countryCode":"BEN"},"geometry":{"type":"Polygon","coordinates":[[[1.96931,9.31532],[1.9709,9.28657],[1.96395,9.27066],[1.96343,9.25956],[1.97441,9.23686],[1.97059,9.22981],[1.97623,9.21964],[1.96723,9.20985],[1.9791,9.17742],[1.96917,9.15709],[1.96896,9.14737],[1.98014,9.133],[1.98762,9.1267],[2.01866,9.12218],[2.02597,9.11282],[2.0241,9.10534],[2.03614,9.09415],[2.07221,9.07404],[2.08267,9.07452],[2.10881,9.06697],[2.18287,9.07293],[2.19132,9.0669],[2.19376,9.05869],[2.22033,9.05307],[2.22538,9.03985],[2.21205,9.03065],[2.21252,9.00441],[2.2244,8.99183],[2.22436,8.98794],[2.19903,8.97453],[2.19415,8.95833],[2.18698,8.95089],[2.19494,8.92084],[2.20722,8.92241],[2.20971,8.92018],[2.19981,8.90401],[2.20834,8.89187],[2.23487,8.89846],[2.23855,8.88941],[2.23709,8.88178],[2.22681,8.86882],[2.21117,8.83202],[2.20825,8.81775],[2.20233,8.8096],[2.20221,8.79544],[2.18525,8.76418],[2.20415,8.73625],[2.20597,8.72346],[2.20304,8.69097],[2.22242,8.65567],[2.22442,8.64648],[2.21879,8.60817],[2.21969,8.5858],[2.20944,8.55808],[2.20858,8.54017],[2.21217,8.52304],[2.22287,8.50991],[2.21907,8.5034],[2.1977,8.50356],[2.18528,8.49587],[2.17383,8.50318],[2.16244,8.50063],[2.15627,8.50942],[2.14792,8.50657],[2.15064,8.49988],[2.14121,8.48577],[2.12325,8.47798],[2.09307,8.49959],[1.99283,8.5078],[1.99072,8.5199],[1.98578,8.52508],[1.95162,8.53823],[1.94636,8.5548],[1.93332,8.556],[1.91164,8.55142],[1.89058,8.57087],[1.84372,8.59258],[1.81704,8.62178],[1.80154,8.62591],[1.782,8.6288],[1.76256,8.62712],[1.74835,8.61999],[1.7338,8.60507],[1.72448,8.60263],[1.69716,8.60293],[1.67826,8.60097],[1.66268,8.59523],[1.63016,8.5937],[1.62857,8.64771],[1.63311,8.79376],[1.62929,8.82934],[1.62966,8.90898],[1.62241,8.95455],[1.62974,8.99912],[1.62483,9.04229],[1.61602,9.06341],[1.6176,9.07092],[1.59773,9.11149],[1.57915,9.13164],[1.55912,9.17015],[1.52597,9.1907],[1.47767,9.23691],[1.4621,9.25477],[1.4474,9.28273],[1.42092,9.30744],[1.40807,9.33449],[1.40312,9.35491],[1.40159,9.41352],[1.40114,9.43463],[1.39021,9.4973],[1.3648,9.48525],[1.35852,9.49119],[1.3589,9.50865],[1.34159,9.54626],[1.36606,9.61139],[1.3693,9.6615],[1.36311,9.69847],[1.36454,9.78833],[1.36199,9.82808],[1.35521,10.0],[1.3798,10.0003],[1.40098,9.98711],[1.48877,9.97125],[1.5047,9.97338],[1.5294,9.94619],[1.54404,9.94083],[1.65538,9.94034],[1.74728,10.03665],[1.76938,10.03943],[1.9747,10.03922],[2.02095,10.02155],[2.04461,10.02527],[2.06956,10.03495],[2.08268,10.03263],[2.08045,9.99823],[2.07018,9.97221],[2.0822,9.95603],[2.09399,9.92791],[2.09164,9.89558],[2.05131,9.8491],[2.05916,9.83558],[2.06724,9.83344],[2.07153,9.82744],[2.06632,9.82262],[2.0728,9.81244],[2.07186,9.79982],[2.08544,9.78667],[2.08443,9.76475],[2.0767,9.75856],[2.09114,9.74957],[2.09873,9.71981],[2.1043,9.71852],[2.11927,9.7055],[2.12615,9.7092],[2.1327,9.7086],[2.13319,9.71664],[2.13865,9.71897],[2.15366,9.70956],[2.17164,9.70623],[2.1713,9.69805],[2.15658,9.69163],[2.15974,9.68591],[2.10199,9.37029],[2.09437,9.3759],[2.08372,9.37154],[2.07946,9.36172],[2.04941,9.35472],[2.03133,9.36082],[1.97254,9.35332],[1.96931,9.31532]],[[1.73822,9.90001],[1.73796,9.89066],[1.74165,9.91138],[1.73822,9.90001]]]}}]}}
