{"type":"FeatureCollection","features":[{"type":"Feature","properties":{"id":"BLZ:ADM2:1456440B17189259529244","name":"Corozal Bay","countryCode":"BLZ","adminLevel":2,"sourceCode":"1456440B17189259529244","parentId":"BLZ:ADM1:BLZ-1325"},"geometry":{"type":"Polygon","coordinates":[[[-88.39816,18.37442],[-88.39488,18.38387],[-88.38389,18.39201],[-88.39093,18.39882],[-88.40824,18.38509],[-88.40225,18.37282],[-88.39816,18.37442]]]}},{"type":"Feature","properties":{"id":"BLZ:ADM2:1456440B19707016539712","name":"Toledo West","countryCode":"BLZ","adminLevel":2,"sourceCode":"1456440B19707016539712","parentId":"BLZ:ADM1:BLZ-1356"},"geometry":{"type":"Polygon","coordinates":[[[-88.76507,16.68514],[-88.76453,16.68059],[-88.78629,16.67908],[-88.79497,16.67439],[-88.79771,16.66942],[-88.7948,16.66654],[-88.80207,16.65996],[-88.80122,16.65485],[-88.81577,16.65034],[-88.81169,16.64006],[-88.81481,16.62883],[-88.8013,16.62484],[-88.80275,16.61851],[-88.80937,16.61816],[-88.81146,16.61353],[-88.8298,16.60753],[-88.83446,16.59661],[-88.84334,16.59407],[-88.84498,16.5895],[-88.85167,16.58732],[-88.8515,16.58331],[-88.8879,16.57034],[-88.89059,16.56267],[-88.89791,16.56039],[-88.90711,16.54942],[-88.91995,16.55178],[-88.93665,16.54522],[-88.94952,16.53087],[-88.94646,16.51745],[-88.96617,16.51586],[-88.97181,16.51132],[-88.97236,16.50642],[-88.97861,16.50875],[-88.99116,16.50087],[-89.00274,16.49888],[-89.018,16.52],[-89.02217,16.52009],[-89.02394,16.51109],[-89.02987,16.50992],[-89.02862,16.50548],[-89.04077,16.49743],[-89.04081,16.49091],[-89.0471,16.48846],[-89.05397,16.49025],[-89.05606,16.48041],[-89.06828,16.47793],[-89.07609,16.4806],[-89.09398,16.47358],[-89.10335,16.47653],[-89.14141,16.46509],[-89.15482,16.45185],[-89.15995,16.43483],[-89.19297,16.40049],[-89.21994,15.99489],[-89.20662,15.99894],[-89.20393,16.00879],[-89.17739,16.01348],[-89.16732,16.02613],[-89.15492,16.03309],[-89.14536,16.04558],[-89.12127,16.04844],[-89.1182,16.05267],[-89.10801,16.05567],[-89.08887,16.0569],[-89.08728,16.05839],[-89.09484,16.07093],[-89.08154,16.08358],[-89.08204,16.09419],[-89.07906,16.1],[-89.07143,16.10389],[-89.07187,16.11211],[-89.06874,16.1164],[-89.05409,16.1225],[-89.04999,16.13064],[-89.04276,16.13482],[-89.01652,16.13478],[-89.00532,16.14343],[-88.99366,16.14205],[-88.98319,16.12846],[-88.97665,16.09855],[-88.96731,16.09833],[-88.96269,16.10251],[-88.94952,16.10272],[-88.9368,16.10958],[-88.91868,16.11142],[-88.90702,16.11709],[-88.8968,16.13059],[-88.88073,16.13644],[-88.86245,16.13542],[-88.84502,16.14761],[-88.83513,16.1611],[-88.8235,16.17055],[-88.8202,16.17563],[-88.82521,16.18795],[-88.83568,16.20155],[-88.83571,16.20929],[-88.84585,16.2219],[-88.84153,16.22847],[-88.84186,16.23698],[-88.852,16.24207],[-88.86126,16.25733],[-88.87082,16.25726],[-88.87097,16.25224],[-88.877,16.25777],[-88.86802,16.2819],[-88.86097,16.29313],[-88.8424,16.30966],[-88.809,16.31962],[-88.78647,16.3359],[-88.7909,16.35916],[-88.75093,16.40394],[-88.7392,16.42289],[-88.73982,16.43921],[-88.69599,16.48482],[-88.6896,16.48899],[-88.67487,16.48908],[-88.6676,16.47959],[-88.64879,16.47959],[-88.63991,16.47133],[-88.62909,16.47311],[-88.63317,16.47843],[-88.6314,16.48544],[-88.62341,16.48526],[-88.61702,16.49538],[-88.63237,16.49564],[-88.63761,16.50106],[-88.63494,16.51845],[-88.62776,16.53051],[-88.62838,16.5503],[-88.61667,16.55651],[-88.618,16.56734],[-88.607,16.58224],[-88.6038,16.6062],[-88.61471,16.61356],[-88.62767,16.62838],[-88.63015,16.64133],[-88.62279,16.6471],[-88.61294,16.64825],[-88.60575,16.63317],[-88.58203,16.62694],[-88.57414,16.6447],[-88.58124,16.66322],[-88.63844,16.69497],[-88.65541,16.69459],[-88.69446,16.6859],[-88.72839,16.6859],[-88.74969,16.69383],[-88.76507,16.68514]]]}},{"type":"Feature","properties":{"id":"BLZ:ADM2:1456440B2347802332561","name":"Orange Walk Central","countryCode":"BLZ","adminLevel":2,"sourceCode":"1456440B2347802332561","parentId":"BLZ:ADM1:BLZ-1326"},"geometry":{"type":"Polygon","coordinates":[[[-88.57242,18.08001],[-88.56049,18.07307],[-88.55136,18.07205],[-88.54634,18.06486],[-88.52694,18.06657],[-88.52728,18.08026],[-88.51678,18.07478],[-88.50811,18.07524],[-88.50674,18.07901],[-88.5114,18.09386],[-88.50757,18.09792],[-88.49406,18.09799],[-88.48683,18.11092],[-88.49158,18.12465],[-88.50209,18.13349],[-88.50421,18.15204],[-88.50969,18.15182],[-88.51276,18.13999],[-88.52137,18.13984],[-88.52437,18.14517],[-88.53174,18.14503],[-88.52863,18.1385],[-88.53141,18.13314],[-88.54022,18.13013],[-88.5351,18.11559],[-88.54416,18.11399],[-88.54087,18.10814],[-88.54499,18.09537],[-88.55142,18.08819],[-88.56707,18.09488],[-88.57242,18.08001]]]}},{"type":"Feature","properties":{"id":"BLZ:ADM2:1456440B30022647812570","name":"Mesopotamia","countryCode":"BLZ","adminLevel":2,"sourceCode":"1456440B30022647812570","parentId":"BLZ:ADM1:BLZ-1323"},"geometry":{"type":"Polygon","coordinates":[[[-88.19564,17.49416],[-88.19072,17.49639],[-88.18752,17.49482],[-88.18848,17.49271],[-88.1956,17.49277],[-88.19564,17.49416]]]}},{"type":"Feature","properties":{"id":"BLZ:ADM2:1456440B30822357340136","name":"Collet","countryCode":"BLZ","adminLevel":2,"sourceCode":"1456440B30822357340136","parentId":"BLZ:ADM1:BLZ-1323"},"geometry":{"type":"Polygon","coordinates":[[[-88.22249,17.49981],[-88.21234,17.50116],[-88.19072,17.49639],[-88.19564,17.49416],[-88.1956,17.49277],[-88.20177,17.49283],[-88.22249,17.49981]]]}},{"type":"Feature","properties":{"id":"BLZ:ADM2:1456440B3381431616278","name":"Belize Rural North","countryCode":"BLZ","adminLevel":2,"sourceCode":"1456440B3381431616278","parentId":"BLZ:ADM1:BLZ-1323"},"geometry":{"type":"MultiPolygon","coordinates":[[[[-88.0446,17.69704],[-88.04257,17.69752],[-88.04457,17.69748],[-88.04084,17.71174],[-88.04084,17.69396],[-88.04693,17.6799],[-88.0446,17.69704]]],[[[-88.09662,17.71719],[-88.09697,17.70541],[-88.09606,17.70098],[-88.10078,17.70384],[-88.11061,17.69861],[-88.12928,17.67796],[-88.13455,17.67776],[-88.14016,17.67138],[-88.14741,17.67077],[-88.16326,17.67436],[-88.15378,17.67931],[-88.14451,17.67702],[-88.14176,17.68618],[-88.11941,17.69343],[-88.10167,17.71684],[-88.0989,17.71865],[-88.09662,17.71719]]],[[[-88.03793,17.7288],[-88.03742,17.7371],[-88.03299,17.7358],[-88.03741,17.73736],[-88.03569,17.74132],[-88.02843,17.73986],[-88.02466,17.74912],[-88.02412,17.74613],[-88.02517,17.74229],[-88.0378,17.72886],[-88.03793,17.7288]]],[[[-88.02746,17.75759],[-88.03174,17.75563],[-88.0319,17.75778],[-88.02872,17.75996],[-88.02979,17.7747],[-88.02567,17.78776],[-88.02115,17.78832],[-88.02526,17.77896],[-88.0268,17.76097],[-88.02521,17.75216],[-88.02746,17.75759]]],[[[-88.05638,17.85196],[-88.045,17.85064],[-88.04927,17.84885],[-88.06555,17.84591],[-88.07077,17.85285],[-88.07044,17.85355],[-88.06931,17.85346],[-88.05853,17.85118],[-88.05881,17.85264],[-88.05663,17.85247],[-88.05638,17.85196]]],[[[-87.97631,17.91586],[-87.97217,17.91815],[-87.97031,17.91556],[-87.97255,17.91906],[-87.96909,17.92041],[-87.96711,17.91732],[-87.9589,17.92714],[-87.96134,17.92758],[-87.95697,17.92905],[-87.96106,17.91954],[-87.96656,17.91357],[-87.97727,17.91078],[-87.97631,17.91586]]],[[[-87.98439,17.9157],[-87.98659,17.91526],[-87.98406,17.91699],[-87.98439,17.9157]]],[[[-88.28241,17.64031],[-88.28778,17.64092],[-88.28187,17.64109],[-88.27533,17.6459],[-88.27362,17.65106],[-88.27954,17.65231],[-88.27349,17.65235],[-88.27232,17.65725],[-88.2647,17.66297],[-88.2638,17.66915],[-88.26919,17.67092],[-88.26759,17.67325],[-88.27243,17.67348],[-88.26989,17.67504],[-88.27784,17.67859],[-88.28211,17.67444],[-88.28232,17.66672],[-88.28476,17.66979],[-88.28957,17.66615],[-88.29133,17.64863],[-88.29549,17.64783],[-88.28914,17.64323],[-88.2908,17.6494],[-88.28905,17.64967],[-88.28815,17.65509],[-88.28441,17.65846],[-88.27392,17.65569],[-88.28788,17.65406],[-88.28937,17.63705],[-88.29339,17.63677],[-88.2939,17.6329],[-88.29069,17.63498],[-88.29307,17.62878],[-88.28836,17.62778],[-88.29183,17.62493],[-88.29245,17.61797],[-88.29329,17.62234],[-88.29598,17.62233],[-88.29822,17.61742],[-88.29271,17.61617],[-88.29632,17.61357],[-88.29262,17.61274],[-88.29034,17.60151],[-88.2891,17.56599],[-88.3099,17.57654],[-88.33665,17.57903],[-88.35305,17.57101],[-88.37784,17.56887],[-88.3829,17.56111],[-88.38129,17.55724],[-88.37399,17.54943],[-88.3699,17.55132],[-88.37026,17.55688],[-88.36157,17.5533],[-88.36464,17.54446],[-88.35741,17.52963],[-88.36033,17.52497],[-88.39999,17.52861],[-88.40722,17.52189],[-88.40883,17.51413],[-88.4256,17.51436],[-88.42446,17.52634],[-88.4385,17.54391],[-88.43701,17.5511],[-88.42868,17.55099],[-88.4256,17.55521],[-88.43907,17.56251],[-88.44979,17.56251],[-88.45721,17.55726],[-88.46554,17.56297],[-88.47136,17.55886],[-88.46874,17.54779],[-88.47992,17.54688],[-88.48711,17.53718],[-88.49031,17.5252],[-88.51239,17.52394],[-88.52043,17.49598],[-88.53321,17.49245],[-88.53595,17.48765],[-88.52032,17.48023],[-88.52306,17.46848],[-88.5404,17.45365],[-88.542,17.44292],[-88.55059,17.42775],[-88.56922,17.42942],[-88.572,17.49833],[-88.59102,17.49861],[-88.59238,17.49667],[-88.58712,17.49406],[-88.58751,17.49143],[-88.59186,17.49409],[-88.60083,17.49276],[-88.60453,17.48969],[-88.60062,17.48717],[-88.60149,17.48157],[-88.61218,17.48297],[-88.60881,17.47771],[-88.60219,17.47654],[-88.60524,17.47365],[-88.60048,17.47113],[-88.60192,17.4562],[-88.61008,17.4581],[-88.60954,17.46492],[-88.62864,17.45765],[-88.6363,17.61624],[-88.618,17.65685],[-88.618,17.66767],[-88.61169,17.67429],[-88.55457,17.68902],[-88.55457,17.70135],[-88.56403,17.71968],[-88.56372,17.73321],[-88.55772,17.74704],[-88.56435,17.77589],[-88.56277,17.79031],[-88.55457,17.80955],[-88.55551,17.83148],[-88.5634,17.8501],[-88.55646,17.87744],[-88.54163,17.91347],[-88.2759,17.97352],[-88.18194,17.96343],[-88.17946,17.95866],[-88.17906,17.96312],[-88.17224,17.96239],[-88.16897,17.95975],[-88.17275,17.96153],[-88.1738,17.95766],[-88.18454,17.95374],[-88.18092,17.9553],[-88.18188,17.95787],[-88.18831,17.95371],[-88.18774,17.9496],[-88.19205,17.95034],[-88.19283,17.94596],[-88.18719,17.94677],[-88.18837,17.94315],[-88.1944,17.93899],[-88.1941,17.93488],[-88.19788,17.93666],[-88.19891,17.92995],[-88.20575,17.92605],[-88.2078,17.91058],[-88.20443,17.91021],[-88.20387,17.90687],[-88.20078,17.90728],[-88.19427,17.91942],[-88.20221,17.90006],[-88.20398,17.89015],[-88.20832,17.88199],[-88.20669,17.87502],[-88.21037,17.85442],[-88.21292,17.85286],[-88.21151,17.84359],[-88.2263,17.73258],[-88.23103,17.71656],[-88.2335,17.71725],[-88.23056,17.71933],[-88.22721,17.74047],[-88.22989,17.73865],[-88.22853,17.73608],[-88.23016,17.73865],[-88.2339,17.73657],[-88.22591,17.74666],[-88.22257,17.76883],[-88.22607,17.7701],[-88.22722,17.78091],[-88.22398,17.77977],[-88.2223,17.78892],[-88.23269,17.79452],[-88.23671,17.79295],[-88.23358,17.78679],[-88.23879,17.78212],[-88.2398,17.77259],[-88.24491,17.77371],[-88.24998,17.7684],[-88.24245,17.76742],[-88.24378,17.76484],[-88.2548,17.76502],[-88.25343,17.76168],[-88.25851,17.75804],[-88.25796,17.75612],[-88.25285,17.75602],[-88.2522,17.73928],[-88.26349,17.73985],[-88.26938,17.7366],[-88.27095,17.72963],[-88.27765,17.72753],[-88.27756,17.71542],[-88.26789,17.71574],[-88.27015,17.71161],[-88.26487,17.70611],[-88.25171,17.70812],[-88.24282,17.70419],[-88.23173,17.7142],[-88.23184,17.71382],[-88.24462,17.69271],[-88.24944,17.69011],[-88.2507,17.67825],[-88.25928,17.67562],[-88.26194,17.67148],[-88.2686,17.64866],[-88.27245,17.64427],[-88.28241,17.64031]]],[[[-87.94065,18.02537],[-87.94065,18.02804],[-87.9428,18.02656],[-87.93773,18.03087],[-87.93851,18.02815],[-87.93347,18.02558],[-87.93724,18.02343],[-87.93067,18.02381],[-87.93611,18.01725],[-87.93647,18.01332],[-87.9355,18.01694],[-87.93391,18.01642],[-87.93391,18.01236],[-87.93148,18.00764],[-87.93126,18.00293],[-87.93029,18.00533],[-87.92895,18.00274],[-87.9345,17.99657],[-87.93287,17.99426],[-87.92913,17.99943],[-87.93296,17.98524],[-87.941,17.97624],[-87.94075,17.97752],[-87.95653,17.97675],[-87.95362,17.99811],[-87.95174,17.99932],[-87.95292,18.00321],[-87.9523,18.00776],[-87.95172,18.00972],[-87.95045,18.00989],[-87.95153,18.01036],[-87.94993,18.01582],[-87.94537,18.01687],[-87.9478,18.0184],[-87.94972,18.01655],[-87.94832,18.0213],[-87.94065,18.02537]]],[[[-87.92703,18.02499],[-87.92532,18.02326],[-87.92544,18.02314],[-87.92657,18.0226],[-87.92703,18.02499]]],[[[-87.93086,18.02106],[-87.92976,18.02109],[-87.93091,18.02054],[-87.93086,18.02106]]],[[[-87.9252,18.03103],[-87.93048,18.02381],[-87.92883,18.02901],[-87.93061,18.03062],[-87.93393,18.02589],[-87.93226,18.03263],[-87.93374,18.02986],[-87.93768,18.03294],[-87.92858,18.04065],[-87.9252,18.03103]]],[[[-87.9161,18.05616],[-87.92307,18.04801],[-87.91915,18.04352],[-87.92589,18.03572],[-87.92797,18.04064],[-87.92357,18.04431],[-87.92677,18.04275],[-87.92828,18.04648],[-87.92509,18.05096],[-87.93153,18.04276],[-87.93126,18.0463],[-87.92817,18.05264],[-87.92412,18.05251],[-87.91817,18.05775],[-87.9161,18.05616]]],[[[-87.98046,18.08186],[-87.97723,18.08264],[-87.97564,18.08677],[-87.97699,18.08758],[-87.97208,18.09072],[-87.96907,18.09089],[-87.96329,18.09321],[-87.96072,18.09078],[-87.96453,18.08748],[-87.96297,18.08375],[-87.97157,18.08113],[-87.96986,18.07652],[-87.97818,18.07923],[-87.98415,18.07713],[-87.98436,18.07758],[-87.98065,18.08268],[-87.98046,18.08186]]],[[[-87.94611,18.10521],[-87.94209,18.1078],[-87.94458,18.10863],[-87.94433,18.10941],[-87.93833,18.10963],[-87.93932,18.10383],[-87.95117,18.09462],[-87.95008,18.09205],[-87.95293,18.09487],[-87.95455,18.09039],[-87.95462,18.09069],[-87.95441,18.09486],[-87.94819,18.10157],[-87.95523,18.09666],[-87.95371,18.10163],[-87.9501,18.10358],[-87.94732,18.10586],[-87.94611,18.10521]]],[[[-87.85968,18.16537],[-87.85427,18.16076],[-87.85207,18.15175],[-87.85609,18.14736],[-87.85632,18.14066],[-87.85039,18.14017],[-87.85012,18.13278],[-87.86221,18.12214],[-87.86962,18.11083],[-87.89005,18.05703],[-87.89977,18.03901],[-87.9047,18.04225],[-87.90389,18.04348],[-87.9064,18.04813],[-87.90472,18.0442],[-87.90601,18.04311],[-87.90665,18.04352],[-87.9073,18.0438],[-87.9077,18.04626],[-87.90651,18.05157],[-87.90084,18.05493],[-87.90476,18.06174],[-87.9128,18.05906],[-87.91357,18.06261],[-87.92842,18.0527],[-87.92883,18.05853],[-87.93426,18.06153],[-87.9386,18.04919],[-87.93778,18.05715],[-87.93582,18.06381],[-87.92325,18.08144],[-87.91663,18.07653],[-87.90962,18.07857],[-87.90755,18.0848],[-87.90474,18.08497],[-87.91215,18.08841],[-87.91292,18.09228],[-87.90919,18.09107],[-87.91057,18.09488],[-87.90681,18.09375],[-87.90884,18.10231],[-87.91514,18.09601],[-87.91382,18.08839],[-87.91854,18.09132],[-87.92107,18.0878],[-87.92028,18.09081],[-87.91992,18.0966],[-87.91256,18.0998],[-87.90697,18.11225],[-87.90058,18.11786],[-87.89535,18.13378],[-87.89674,18.14202],[-87.89324,18.13084],[-87.88484,18.13581],[-87.88731,18.13806],[-87.89035,18.13533],[-87.88895,18.1429],[-87.88456,18.14178],[-87.88254,18.14625],[-87.88879,18.14388],[-87.88768,18.15911],[-87.8793,18.15571],[-87.86023,18.1678],[-87.85968,18.16537]]],[[[-87.91244,18.02521],[-87.91312,18.02595],[-87.90722,18.02595],[-87.91028,18.0092],[-87.93181,17.96126],[-87.93907,17.95563],[-87.94248,17.94669],[-87.95525,17.93101],[-87.96171,17.92762],[-87.96351,17.9311],[-87.96228,17.93195],[-87.95598,17.93233],[-87.94447,17.94751],[-87.9421,17.95815],[-87.93244,17.96438],[-87.92984,17.98036],[-87.92152,17.98556],[-87.91224,18.0129],[-87.91707,18.01126],[-87.91487,18.01716],[-87.91447,18.0196],[-87.91403,18.02007],[-87.91444,18.01976],[-87.91366,18.0246],[-87.91244,18.02521]]]]}},{"type":"Feature","properties":{"id":"BLZ:ADM2:1456440B35586034015504","name":"Cayo South","countryCode":"BLZ","adminLevel":2,"sourceCode":"1456440B35586034015504","parentId":"BLZ:ADM1:BLZ-1324"},"geometry":{"type":"Polygon","coordinates":[[[-88.58951,17.10652],[-88.57087,17.11339],[-88.56064,17.12367],[-88.56064,17.13163],[-88.55256,17.14177],[-88.54574,17.16565],[-88.53463,17.18736],[-88.54599,17.21557],[-88.55685,17.2245],[-88.56316,17.23704],[-88.5598,17.26386],[-88.56435,17.2752],[-88.56157,17.31593],[-88.56536,17.33353],[-88.572,17.49833],[-88.59102,17.49861],[-88.59238,17.49667],[-88.58712,17.49406],[-88.58751,17.49143],[-88.59186,17.49409],[-88.60083,17.49276],[-88.60453,17.48969],[-88.60062,17.48717],[-88.60149,17.48157],[-88.61218,17.48297],[-88.60881,17.47771],[-88.60219,17.47654],[-88.60524,17.47365],[-88.60048,17.47113],[-88.60192,17.4562],[-88.61008,17.4581],[-88.60954,17.46492],[-88.62864,17.45765],[-88.64793,17.45961],[-88.66409,17.44169],[-88.67258,17.44805],[-88.68247,17.44554],[-88.68873,17.43822],[-88.70186,17.43861],[-88.72085,17.41548],[-88.74347,17.40816],[-88.77437,17.40797],[-88.78629,17.41413],[-88.79881,17.4072],[-88.81174,17.40739],[-88.82123,17.41201],[-88.8386,17.40835],[-88.88121,17.41568],[-88.88707,17.41047],[-88.89636,17.39159],[-88.90909,17.38253],[-88.92008,17.38016],[-88.9162,17.35955],[-88.90603,17.34543],[-88.90063,17.34162],[-88.88727,17.34148],[-88.89191,17.33422],[-88.8918,17.3169],[-88.87723,17.29746],[-88.86706,17.27434],[-88.86159,17.27123],[-88.85728,17.2413],[-88.85283,17.23302],[-88.85564,17.22212],[-88.87549,17.22624],[-88.90003,17.21901],[-88.91436,17.22482],[-88.92451,17.21925],[-88.93752,17.21932],[-88.94634,17.21523],[-88.94887,17.21098],[-88.94881,17.18644],[-88.95321,17.17299],[-88.94597,17.16574],[-88.94444,17.15481],[-88.93053,17.15335],[-88.92735,17.14768],[-88.92894,17.13854],[-88.92299,17.1265],[-88.92749,17.11424],[-88.92313,17.10815],[-88.91738,17.10822],[-88.92022,17.09507],[-88.91129,17.07846],[-88.88879,17.07673],[-88.87135,17.07104],[-88.84373,16.9936],[-88.84823,16.98882],[-88.84962,16.97903],[-88.86985,16.95459],[-88.8666,16.94367],[-88.8802,16.92956],[-88.89542,16.92409],[-88.8952,16.9174],[-88.90146,16.91584],[-88.9154,16.927],[-88.9242,16.91985],[-88.92258,16.91153],[-88.92844,16.90486],[-88.9376,16.89932],[-88.93832,16.90468],[-88.94556,16.90632],[-88.96163,16.89357],[-88.98084,16.89912],[-88.9944,16.91144],[-88.99877,16.91006],[-89.0059,16.89999],[-89.00604,16.88237],[-89.01206,16.87395],[-89.03598,16.86744],[-89.03749,16.86459],[-89.03299,16.86025],[-89.03585,16.84111],[-89.039,16.83984],[-89.04606,16.84383],[-89.05053,16.83541],[-89.06434,16.83698],[-89.07005,16.8341],[-89.08064,16.81217],[-89.10075,16.81053],[-89.11804,16.80367],[-89.13237,16.80346],[-89.14095,16.80914],[-89.14095,16.81308],[-89.1476,16.81869],[-89.16535,16.82127],[-89.19297,16.40049],[-89.15995,16.43483],[-89.15482,16.45185],[-89.14141,16.46509],[-89.10335,16.47653],[-89.09398,16.47358],[-89.07609,16.4806],[-89.06828,16.47793],[-89.05606,16.48041],[-89.05397,16.49025],[-89.0471,16.48846],[-89.04081,16.49091],[-89.04077,16.49743],[-89.02862,16.50548],[-89.02987,16.50992],[-89.02394,16.51109],[-89.02217,16.52009],[-89.018,16.52],[-89.00274,16.49888],[-88.99116,16.50087],[-88.97861,16.50875],[-88.97236,16.50642],[-88.97181,16.51132],[-88.96617,16.51586],[-88.94646,16.51745],[-88.94952,16.53087],[-88.93665,16.54522],[-88.91995,16.55178],[-88.90711,16.54942],[-88.89791,16.56039],[-88.89059,16.56267],[-88.8879,16.57034],[-88.8515,16.58331],[-88.85167,16.58732],[-88.84498,16.5895],[-88.84334,16.59407],[-88.83446,16.59661],[-88.8298,16.60753],[-88.81146,16.61353],[-88.80937,16.61816],[-88.80275,16.61851],[-88.8013,16.62484],[-88.81481,16.62883],[-88.81169,16.64006],[-88.81577,16.65034],[-88.80122,16.65485],[-88.80207,16.65996],[-88.7948,16.66654],[-88.79771,16.66942],[-88.79497,16.67439],[-88.78629,16.67908],[-88.77309,16.67849],[-88.76327,16.68207],[-88.76554,16.68833],[-88.77004,16.68887],[-88.76784,16.69305],[-88.77181,16.69436],[-88.76773,16.70755],[-88.76983,16.71058],[-88.75824,16.73607],[-88.74979,16.74249],[-88.75155,16.75386],[-88.74276,16.76438],[-88.73559,16.7676],[-88.72547,16.79097],[-88.71396,16.80065],[-88.68911,16.80473],[-88.68423,16.80881],[-88.66475,16.81345],[-88.66357,16.81913],[-88.66799,16.82285],[-88.67328,16.82327],[-88.67966,16.82957],[-88.68384,16.8274],[-88.68615,16.82953],[-88.68134,16.83591],[-88.67987,16.84142],[-88.68247,16.84329],[-88.66229,16.84651],[-88.66455,16.85309],[-88.65776,16.86342],[-88.66247,16.87644],[-88.65641,16.88294],[-88.65641,16.89985],[-88.6607,16.91144],[-88.64177,16.92739],[-88.63975,16.93777],[-88.62485,16.94091],[-88.62384,16.95468],[-88.61955,16.96216],[-88.60541,16.96458],[-88.59556,16.97424],[-88.58774,16.98559],[-88.58597,17.00466],[-88.5736,17.0288],[-88.55542,17.0358],[-88.55441,17.04715],[-88.56401,17.05608],[-88.57587,17.0597],[-88.59834,17.09252],[-88.59986,17.1],[-88.58951,17.10652]],[[-88.73817,17.25725],[-88.73817,17.21229],[-88.79409,17.2253],[-88.7942,17.24344],[-88.77834,17.26102],[-88.78005,17.26432],[-88.77434,17.26992],[-88.7667,17.27277],[-88.7368,17.27106],[-88.73817,17.25725]]]}},{"type":"Feature","properties":{"id":"BLZ:ADM2:1456440B38299420542047","name":"Fort George","countryCode":"BLZ","adminLevel":2,"sourceCode":"1456440B38299420542047","parentId":"BLZ:ADM1:BLZ-1323"},"geometry":{"type":"Polygon","coordinates":[[[-88.18493,17.49424],[-88.18925,17.49903],[-88.18676,17.50096],[-88.1815,17.50023],[-88.1814,17.49264],[-88.18299,17.49266],[-88.18493,17.49424]]]}},{"type":"Feature","properties":{"id":"BLZ:ADM2:1456440B42858998503900","name":"Orange Walk North","countryCode":"BLZ","adminLevel":2,"sourceCode":"1456440B42858998503900","parentId":"BLZ:ADM1:BLZ-1326"},"geometry":{"type":"Polygon","coordinates":[[[-88.60876,18.07827],[-88.59751,18.0757],[-88.58877,18.08117],[-88.57242,18.08001],[-88.56707,18.09488],[-88.55142,18.08819],[-88.54499,18.09537],[-88.54087,18.10814],[-88.54416,18.11399],[-88.5351,18.11559],[-88.54022,18.13013],[-88.53141,18.13314],[-88.52863,18.1385],[-88.53174,18.14503],[-88.52437,18.14517],[-88.52137,18.13984],[-88.51276,18.13999],[-88.51261,18.14663],[-88.50969,18.14685],[-88.51305,18.1573],[-88.50742,18.15773],[-88.50739,18.16432],[-88.50281,18.16582],[-88.51076,18.17797],[-88.51071,18.18335],[-88.50114,18.19571],[-88.49957,18.20243],[-88.59504,18.24392],[-88.6032,18.25116],[-88.60647,18.2456],[-88.60367,18.24522],[-88.60442,18.24152],[-88.61232,18.23244],[-88.61554,18.22328],[-88.62901,18.21897],[-88.63205,18.21316],[-88.64101,18.21643],[-88.65796,18.20382],[-88.66723,18.20212],[-88.67235,18.19475],[-88.687,18.19447],[-88.69414,18.18704],[-88.6975,18.18072],[-88.68448,18.17792],[-88.68005,18.16006],[-88.68997,18.1551],[-88.70506,18.13222],[-88.66617,18.12417],[-88.65509,18.11872],[-88.6463,18.1121],[-88.6463,18.10046],[-88.63996,18.09444],[-88.62977,18.09178],[-88.62663,18.08558],[-88.62926,18.08079],[-88.60876,18.07827]]]}},{"type":"Feature","properties":{"id":"BLZ:ADM2:1456440B44452540624114","name":"Cayo North","countryCode":"BLZ","adminLevel":2,"sourceCode":"1456440B44452540624114","parentId":"BLZ:ADM1:BLZ-1324"},"geometry":{"type":"Polygon","coordinates":[[[-89.15065,17.31518],[-89.15019,17.13357],[-89.12982,17.13529],[-89.12883,17.14219],[-89.1244,17.14366],[-89.11394,17.1364],[-89.10422,17.13677],[-89.10078,17.14206],[-89.08539,17.14182],[-89.07936,17.13099],[-89.07358,17.12828],[-89.06103,17.1284],[-89.05721,17.13136],[-89.04651,17.1284],[-89.04343,17.13074],[-89.04356,17.13665],[-89.05486,17.14358],[-89.06494,17.14327],[-89.06509,17.14766],[-89.071,17.15338],[-89.08133,17.15449],[-89.0881,17.1631],[-89.08958,17.17098],[-89.08675,17.18513],[-89.08822,17.19867],[-89.07087,17.2218],[-89.0694,17.2314],[-89.05512,17.24653],[-89.05512,17.25589],[-89.06066,17.26425],[-89.06078,17.28628],[-89.07038,17.296],[-89.07223,17.31664],[-89.0838,17.31672],[-89.09105,17.3305],[-89.09105,17.33988],[-89.09546,17.34822],[-89.09987,17.3487],[-89.10398,17.35389],[-89.11914,17.34744],[-89.15065,17.31518]]]}},{"type":"Feature","properties":{"id":"BLZ:ADM2:1456440B45455972514267","name":"Freetown","countryCode":"BLZ","adminLevel":2,"sourceCode":"1456440B45455972514267","parentId":"BLZ:ADM1:BLZ-1323"},"geometry":{"type":"Polygon","coordinates":[[[-88.19597,17.50468],[-88.1916,17.50324],[-88.19292,17.51253],[-88.19879,17.51062],[-88.19597,17.50468]]]}},{"type":"Feature","properties":{"id":"BLZ:ADM2:1456440B5266372606878","name":"Corozal North","countryCode":"BLZ","adminLevel":2,"sourceCode":"1456440B5266372606878","parentId":"BLZ:ADM1:BLZ-1325"},"geometry":{"type":"MultiPolygon","coordinates":[[[[-88.13439,18.02177],[-88.13532,18.01971],[-88.15162,18.0021],[-88.15552,17.98095],[-88.15145,17.9748],[-88.15427,17.97478],[-88.15759,17.98815],[-88.15518,17.99023],[-88.15869,17.99253],[-88.15599,17.99125],[-88.15561,17.99409],[-88.15952,17.99587],[-88.1547,17.99899],[-88.15499,18.00337],[-88.15151,18.00519],[-88.1534,18.00724],[-88.14779,18.0132],[-88.13786,18.01789],[-88.13898,18.02381],[-88.13439,18.02177]]],[[[-88.35018,18.41004],[-88.37613,18.39324],[-88.38389,18.39201],[-88.39093,18.39882],[-88.40539,18.38779],[-88.40824,18.38509],[-88.40225,18.37282],[-88.41759,18.36866],[-88.43556,18.35478],[-88.4815,18.33565],[-88.48281,18.31525],[-88.4915,18.31507],[-88.49136,18.32184],[-88.50001,18.33844],[-88.51458,18.3412],[-88.52451,18.35237],[-88.55067,18.35241],[-88.54403,18.36099],[-88.5509,18.37775],[-88.54483,18.39158],[-88.5321,18.40762],[-88.52781,18.43514],[-88.51944,18.46112],[-88.47792,18.49372],[-88.46565,18.48666],[-88.45556,18.48835],[-88.44775,18.47547],[-88.44213,18.48125],[-88.40199,18.496],[-88.38713,18.48159],[-88.38027,18.4788],[-88.36611,18.48621],[-88.35173,18.48426],[-88.32682,18.49043],[-88.31908,18.48821],[-88.31333,18.47778],[-88.30275,18.47167],[-88.30162,18.46472],[-88.2959,18.45755],[-88.31037,18.44354],[-88.31697,18.44247],[-88.3181,18.4319],[-88.32161,18.43136],[-88.32261,18.42704],[-88.34265,18.41323],[-88.35018,18.41004]]]]}},{"type":"Feature","properties":{"id":"BLZ:ADM2:1456440B54087410472023","name":"Corozal South West","countryCode":"BLZ","adminLevel":2,"sourceCode":"1456440B54087410472023","parentId":"BLZ:ADM1:BLZ-1325"},"geometry":{"type":"Polygon","coordinates":[[[-88.45126,18.34814],[-88.4815,18.33565],[-88.48281,18.31525],[-88.4915,18.31507],[-88.49136,18.32184],[-88.50001,18.33844],[-88.51458,18.3412],[-88.52451,18.35237],[-88.55067,18.35241],[-88.57527,18.32022],[-88.57884,18.32041],[-88.60583,18.29174],[-88.59728,18.28942],[-88.60253,18.26783],[-88.60652,18.2642],[-88.6039,18.25777],[-88.60561,18.25302],[-88.59504,18.24392],[-88.5043,18.20448],[-88.50888,18.21131],[-88.50165,18.23267],[-88.48405,18.22726],[-88.46601,18.22997],[-88.46419,18.22573],[-88.45856,18.22588],[-88.45827,18.23179],[-88.44706,18.23443],[-88.44717,18.25829],[-88.4442,18.26479],[-88.44995,18.27054],[-88.44561,18.27787],[-88.44702,18.28489],[-88.44118,18.29029],[-88.44995,18.29752],[-88.44995,18.31753],[-88.44564,18.32462],[-88.45564,18.33024],[-88.45126,18.34814]]]}},{"type":"Feature","properties":{"id":"BLZ:ADM2:1456440B54194515366168","name":"Belmopan","countryCode":"BLZ","adminLevel":2,"sourceCode":"1456440B54194515366168","parentId":"BLZ:ADM1:BLZ-1324"},"geometry":{"type":"Polygon","coordinates":[[[-88.73817,17.25725],[-88.7368,17.27106],[-88.7667,17.27277],[-88.77434,17.26992],[-88.78005,17.26432],[-88.77834,17.26102],[-88.7942,17.24344],[-88.79409,17.2253],[-88.73817,17.21229],[-88.73817,17.25725]]]}},{"type":"Feature","properties":{"id":"BLZ:ADM2:1456440B56382702891578","name":"Cayo North East","countryCode":"BLZ","adminLevel":2,"sourceCode":"1456440B56382702891578","parentId":"BLZ:ADM1:BLZ-1324"},"geometry":{"type":"Polygon","coordinates":[[[-89.10398,17.35389],[-89.09987,17.3487],[-89.09546,17.34822],[-89.09105,17.33988],[-89.09105,17.3305],[-89.0838,17.31672],[-89.07223,17.31664],[-89.07223,17.30203],[-89.07038,17.296],[-89.06078,17.28628],[-89.06066,17.26425],[-89.05512,17.25589],[-89.05512,17.24653],[-89.0694,17.2314],[-89.07087,17.2218],[-89.08822,17.19867],[-89.0881,17.1631],[-89.08133,17.15449],[-89.071,17.15338],[-89.0678,17.15978],[-89.06066,17.16027],[-89.06066,17.16815],[-89.07358,17.17098],[-89.0753,17.17516],[-89.07284,17.17935],[-89.06546,17.18095],[-89.05783,17.17652],[-89.05008,17.1807],[-89.0406,17.17516],[-89.04048,17.1668],[-89.02399,17.14391],[-89.00172,17.13394],[-88.99175,17.14809],[-88.99889,17.15867],[-89.01193,17.1684],[-89.01058,17.17553],[-89.00172,17.18698],[-89.01513,17.19781],[-89.01058,17.21282],[-88.99766,17.21639],[-89.00209,17.22463],[-88.99891,17.23285],[-89.00064,17.25829],[-88.99639,17.26624],[-88.99623,17.28506],[-88.99803,17.29305],[-89.01501,17.2992],[-89.01489,17.30845],[-89.00915,17.31893],[-88.9904,17.3335],[-88.98631,17.34251],[-88.97497,17.35397],[-88.95465,17.35941],[-88.93992,17.37819],[-88.95918,17.38195],[-89.00442,17.3752],[-89.03287,17.36531],[-89.04057,17.36537],[-89.04724,17.37443],[-89.06481,17.3806],[-89.10398,17.35389]]]}},{"type":"Feature","properties":{"id":"BLZ:ADM2:1456440B59769308078565","name":"Lake Independence","countryCode":"BLZ","adminLevel":2,"sourceCode":"1456440B59769308078565","parentId":"BLZ:ADM1:BLZ-1323"},"geometry":{"type":"MultiPolygon","coordinates":[[[[-88.22483,17.50805],[-88.22317,17.50818],[-88.21223,17.51016],[-88.20131,17.5053],[-88.19893,17.50131],[-88.2003,17.49842],[-88.21234,17.50116],[-88.2255,17.49949],[-88.22982,17.49639],[-88.23078,17.49653],[-88.2409,17.48862],[-88.22483,17.50805]]],[[[-88.25493,17.46632],[-88.26082,17.46454],[-88.24247,17.48672],[-88.24317,17.48256],[-88.25493,17.46632]]]]}},{"type":"Feature","properties":{"id":"BLZ:ADM2:1456440B59944424745172","name":"Caribbean Shores","countryCode":"BLZ","adminLevel":2,"sourceCode":"1456440B59944424745172","parentId":"BLZ:ADM1:BLZ-1323"},"geometry":{"type":"Polygon","coordinates":[[[-88.21382,17.51075],[-88.19607,17.50383],[-88.19879,17.51062],[-88.19292,17.51253],[-88.19188,17.50263],[-88.18577,17.50148],[-88.18661,17.51105],[-88.19918,17.52044],[-88.20613,17.5166],[-88.20508,17.51197],[-88.20649,17.51676],[-88.21808,17.51521],[-88.21382,17.51075]]]}},{"type":"Feature","properties":{"id":"BLZ:ADM2:1456440B60992682417348","name":"Cayo West","countryCode":"BLZ","adminLevel":2,"sourceCode":"1456440B60992682417348","parentId":"BLZ:ADM1:BLZ-1324"},"geometry":{"type":"Polygon","coordinates":[[[-89.03476,16.86876],[-89.04343,16.87553],[-89.04041,16.89051],[-89.03324,16.89075],[-89.03466,16.90405],[-89.04183,16.9102],[-89.04206,16.91941],[-89.04899,16.92264],[-89.04923,16.92752],[-89.03611,16.94434],[-89.03636,16.94822],[-89.04347,16.9526],[-89.03636,16.95522],[-89.03611,16.95794],[-89.0291,16.95815],[-89.02584,16.9688],[-89.04191,16.9691],[-89.04191,16.97871],[-89.03041,16.98961],[-89.03631,16.99455],[-89.0407,17.00608],[-89.05214,17.01092],[-89.05637,17.01838],[-89.05628,17.02916],[-89.05211,17.03477],[-89.05352,17.04288],[-89.06361,17.04485],[-89.07789,17.07106],[-89.07629,17.07894],[-89.06065,17.07519],[-89.06246,17.08842],[-89.06955,17.09235],[-89.07073,17.09779],[-89.0664,17.11047],[-89.05931,17.11354],[-89.06081,17.12008],[-89.05205,17.12803],[-89.05721,17.13136],[-89.06103,17.1284],[-89.07358,17.12828],[-89.07936,17.13099],[-89.08539,17.14182],[-89.10078,17.14206],[-89.10422,17.13677],[-89.11394,17.1364],[-89.1244,17.14366],[-89.12883,17.14219],[-89.12982,17.13529],[-89.15019,17.13357],[-89.15,17.05907],[-89.16535,16.82127],[-89.1476,16.81869],[-89.14095,16.81308],[-89.14095,16.80914],[-89.13237,16.80346],[-89.11804,16.80367],[-89.10075,16.81053],[-89.08064,16.81217],[-89.07005,16.8341],[-89.06434,16.83698],[-89.05053,16.83541],[-89.04606,16.84383],[-89.039,16.83984],[-89.03585,16.84111],[-89.03299,16.86025],[-89.03749,16.86459],[-89.03476,16.86876]]]}},{"type":"Feature","properties":{"id":"BLZ:ADM2:1456440B62290110422722","name":"Port Loyola","countryCode":"BLZ","adminLevel":2,"sourceCode":"1456440B62290110422722","parentId":"BLZ:ADM1:BLZ-1323"},"geometry":{"type":"MultiPolygon","coordinates":[[[[-88.24701,17.46973],[-88.24913,17.47097],[-88.25681,17.44937],[-88.27618,17.44912],[-88.26218,17.46484],[-88.25493,17.46632],[-88.25051,17.47295],[-88.24701,17.46973]]],[[[-88.24819,17.47297],[-88.24681,17.46998],[-88.25051,17.47295],[-88.24311,17.48288],[-88.24371,17.47933],[-88.24819,17.47297]]],[[[-88.2255,17.49949],[-88.1989,17.49281],[-88.20515,17.49286],[-88.22982,17.49639],[-88.2255,17.49949]]]]}},{"type":"Feature","properties":{"id":"BLZ:ADM2:1456440B63332510884225","name":"Orange Walk East","countryCode":"BLZ","adminLevel":2,"sourceCode":"1456440B63332510884225","parentId":"BLZ:ADM1:BLZ-1326"},"geometry":{"type":"Polygon","coordinates":[[[-88.5078,17.92112],[-88.2759,17.97352],[-88.44072,18.11136],[-88.4814,18.19453],[-88.49957,18.20243],[-88.50114,18.19571],[-88.51071,18.18335],[-88.51076,18.17797],[-88.50281,18.16582],[-88.50739,18.16432],[-88.50742,18.15773],[-88.51305,18.1573],[-88.51283,18.15218],[-88.50421,18.15204],[-88.50209,18.13349],[-88.49158,18.12465],[-88.48683,18.11092],[-88.48968,18.10303],[-88.49406,18.09799],[-88.50757,18.09792],[-88.5114,18.09386],[-88.50674,18.07901],[-88.50811,18.07524],[-88.51678,18.07478],[-88.52728,18.08026],[-88.52694,18.06657],[-88.54634,18.06486],[-88.55136,18.07205],[-88.56049,18.07307],[-88.57688,18.08124],[-88.58877,18.08117],[-88.59751,18.0757],[-88.60876,18.07827],[-88.62166,18.03929],[-88.62727,18.00721],[-88.56745,17.99342],[-88.57316,17.97025],[-88.56563,17.96777],[-88.54708,17.96741],[-88.52198,17.98572],[-88.50005,17.95419],[-88.50903,17.93702],[-88.5078,17.92112]]]}},{"type":"Feature","properties":{"id":"BLZ:ADM2:1456440B68597198845590","name":"Orange Walk South","countryCode":"BLZ","adminLevel":2,"sourceCode":"1456440B68597198845590","parentId":"BLZ:ADM1:BLZ-1326"},"geometry":{"type":"Polygon","coordinates":[[[-88.60876,18.07827],[-88.62926,18.08079],[-88.62663,18.08558],[-88.62977,18.09178],[-88.63996,18.09444],[-88.6463,18.10046],[-88.6463,18.1121],[-88.65509,18.11872],[-88.66617,18.12417],[-88.70506,18.13222],[-88.71012,18.11707],[-88.71869,18.10837],[-88.71193,18.10381],[-88.71033,18.09651],[-88.71539,18.0946],[-88.71967,18.08375],[-88.71376,18.07496],[-88.71925,18.07179],[-88.71648,18.06083],[-88.73148,18.04957],[-88.73961,18.04817],[-88.74075,18.04371],[-88.76665,18.0343],[-88.77078,18.02918],[-88.76693,18.01602],[-88.77309,18.00988],[-88.76985,18.00679],[-88.77772,18.00461],[-88.7885,17.99304],[-88.78547,17.98716],[-88.78313,17.98827],[-88.78511,17.98523],[-88.78153,17.98509],[-88.78446,17.97986],[-88.78878,17.98097],[-88.79255,17.97156],[-88.79597,17.97434],[-88.81517,17.9503],[-88.8259,17.94668],[-88.83054,17.94877],[-88.83372,17.94193],[-88.84427,17.94027],[-88.84391,17.93743],[-88.85221,17.93348],[-88.8556,17.92616],[-88.85943,17.92519],[-88.85497,17.92013],[-88.85404,17.90978],[-88.85503,17.90406],[-88.86042,17.90084],[-88.85779,17.89978],[-88.86028,17.8941],[-88.88251,17.896],[-88.88262,17.90061],[-88.88728,17.90382],[-88.88536,17.90756],[-88.89625,17.90612],[-88.90658,17.91586],[-88.91368,17.91059],[-88.91543,17.91657],[-88.92046,17.91581],[-88.92695,17.92975],[-88.93374,17.93128],[-88.93048,17.94139],[-88.9329,17.9433],[-88.93796,17.94063],[-88.93737,17.94642],[-88.94527,17.95274],[-88.94478,17.95913],[-88.95382,17.95463],[-88.95692,17.95668],[-88.95977,17.95172],[-88.96611,17.95425],[-88.97044,17.95245],[-88.97392,17.95619],[-88.98325,17.95798],[-88.98722,17.94728],[-88.99962,17.96747],[-88.99816,17.97166],[-89.00399,17.97249],[-88.99885,17.97993],[-89.00062,17.98443],[-89.02157,17.99274],[-89.02861,17.99731],[-89.02854,18.00258],[-89.03587,18.00227],[-89.03752,18.00512],[-89.05226,18.00019],[-89.0586,17.99031],[-89.07635,17.99382],[-89.08506,17.99042],[-89.09605,17.98186],[-89.10195,17.98099],[-89.11159,17.96976],[-89.11669,17.96886],[-89.12421,17.97528],[-89.13397,17.97122],[-89.13621,17.95544],[-89.14497,17.95107],[-89.15196,17.93953],[-89.15065,17.31518],[-89.11914,17.34744],[-89.11106,17.34956],[-89.06481,17.3806],[-89.04724,17.37443],[-89.04057,17.36537],[-89.03287,17.36531],[-89.00442,17.3752],[-88.95918,17.38195],[-88.94948,17.37829],[-88.92969,17.37809],[-88.90909,17.38253],[-88.89636,17.39159],[-88.88707,17.41047],[-88.87556,17.41645],[-88.86687,17.41182],[-88.8386,17.40835],[-88.82123,17.41201],[-88.81174,17.40739],[-88.79881,17.4072],[-88.78629,17.41413],[-88.77437,17.40797],[-88.74347,17.40816],[-88.72085,17.41548],[-88.70186,17.43861],[-88.68873,17.43822],[-88.68247,17.44554],[-88.67258,17.44805],[-88.66409,17.44169],[-88.64793,17.45961],[-88.62864,17.45765],[-88.6363,17.61624],[-88.618,17.65685],[-88.618,17.66767],[-88.61169,17.67429],[-88.55457,17.68902],[-88.55457,17.70135],[-88.56403,17.71968],[-88.56372,17.73321],[-88.55772,17.74704],[-88.56435,17.77589],[-88.56277,17.79031],[-88.55457,17.80955],[-88.55551,17.83148],[-88.5634,17.8501],[-88.55646,17.87744],[-88.54163,17.91347],[-88.5078,17.92112],[-88.50903,17.93702],[-88.50005,17.95419],[-88.52198,17.98572],[-88.54708,17.96741],[-88.56563,17.96777],[-88.57316,17.97025],[-88.56745,17.99342],[-88.62727,18.00721],[-88.62166,18.03929],[-88.60876,18.07827]]]}},{"type":"Feature","properties":{"id":"BLZ:ADM2:1456440B69828690893614","name":"Albert","countryCode":"BLZ","adminLevel":2,"sourceCode":"1456440B69828690893614","parentId":"BLZ:ADM1:BLZ-1323"},"geometry":{"type":"Polygon","coordinates":[[[-88.18752,17.49482],[-88.19422,17.49705],[-88.19483,17.50111],[-88.18848,17.49797],[-88.18493,17.49424],[-88.18555,17.49268],[-88.18862,17.49271],[-88.18752,17.49482]]]}},{"type":"Feature","properties":{"id":"BLZ:ADM2:1456440B76393603142959","name":"Belize Rural North","countryCode":"BLZ","adminLevel":2,"sourceCode":"1456440B76393603142959","parentId":"BLZ:ADM1:BLZ-1323"},"geometry":{"type":"MultiPolygon","coordinates":[[[[-88.05061,17.0799],[-88.04727,17.08913],[-88.03165,17.09056],[-88.0301,17.08584],[-88.03219,17.0798],[-88.05061,17.0799]]],[[[-87.90746,17.36913],[-87.90442,17.37865],[-87.91174,17.3773],[-87.91388,17.37384],[-87.91285,17.37861],[-87.91771,17.37867],[-87.91734,17.38176],[-87.91103,17.37968],[-87.90334,17.38059],[-87.90674,17.36904],[-87.90746,17.36913]]],[[[-87.91534,17.35429],[-87.91799,17.35715],[-87.91611,17.35722],[-87.9146,17.35532],[-87.90858,17.3576],[-87.90907,17.35408],[-87.91534,17.35429]]],[[[-87.93271,17.30996],[-87.91797,17.34316],[-87.9103,17.34528],[-87.91087,17.34117],[-87.91124,17.34144],[-87.91349,17.33915],[-87.91195,17.33341],[-87.91203,17.33282],[-87.91799,17.32924],[-87.92238,17.31511],[-87.9194,17.30844],[-87.92053,17.3062],[-87.92742,17.30443],[-87.9228,17.30031],[-87.92553,17.29279],[-87.9265,17.27863],[-87.93186,17.28378],[-87.93271,17.30996]]],[[[-88.06002,17.38894],[-88.05892,17.37576],[-88.06179,17.37284],[-88.06219,17.37279],[-88.069,17.38251],[-88.06989,17.38785],[-88.06002,17.38894]]],[[[-87.8184,17.3861],[-87.81825,17.38753],[-87.81608,17.38419],[-87.8184,17.3861]]],[[[-87.81987,17.32452],[-87.82298,17.33147],[-87.81853,17.3557],[-87.82313,17.36367],[-87.81187,17.36655],[-87.81169,17.37413],[-87.79735,17.33324],[-87.80199,17.32587],[-87.80277,17.32134],[-87.80794,17.3256],[-87.81515,17.31875],[-87.82051,17.3186],[-87.82438,17.31002],[-87.82424,17.32004],[-87.81987,17.32452]]],[[[-87.80867,17.30584],[-87.80369,17.31326],[-87.80364,17.30412],[-87.80867,17.30584]]],[[[-87.49605,17.43486],[-87.50711,17.43972],[-87.50735,17.44546],[-87.49889,17.45238],[-87.49303,17.45148],[-87.49032,17.44613],[-87.49605,17.43486]]],[[[-88.07437,17.48431],[-88.0728,17.49127],[-88.07602,17.49151],[-88.07685,17.49589],[-88.08595,17.49146],[-88.08437,17.4961],[-88.07525,17.49667],[-88.07849,17.49987],[-88.0817,17.49792],[-88.07825,17.50412],[-88.07669,17.50327],[-88.0677,17.49055],[-88.06895,17.48468],[-88.07437,17.48431]]],[[[-88.15703,17.51947],[-88.14659,17.51865],[-88.14415,17.51308],[-88.14508,17.50894],[-88.14643,17.50912],[-88.1465,17.50581],[-88.14573,17.50606],[-88.14657,17.50237],[-88.14752,17.50225],[-88.15005,17.50464],[-88.1531,17.51049],[-88.15739,17.51359],[-88.15867,17.51944],[-88.15703,17.51947]]],[[[-87.82276,17.52146],[-87.81235,17.53207],[-87.81235,17.54436],[-87.80953,17.5437],[-87.80688,17.54004],[-87.80151,17.5401],[-87.80103,17.5342],[-87.8042,17.53213],[-87.8002,17.52695],[-87.78882,17.53069],[-87.78722,17.5255],[-87.79005,17.51906],[-87.79572,17.5182],[-87.79324,17.51563],[-87.79493,17.51301],[-87.79138,17.51492],[-87.78673,17.50923],[-87.78384,17.50919],[-87.78718,17.49689],[-87.79462,17.48283],[-87.79475,17.48277],[-87.80481,17.46652],[-87.80664,17.46011],[-87.80785,17.45783],[-87.81601,17.44732],[-87.81701,17.45073],[-87.82119,17.4469],[-87.81875,17.44378],[-87.82112,17.44074],[-87.83129,17.42373],[-87.83195,17.42332],[-87.84682,17.42221],[-87.84331,17.42434],[-87.84716,17.43761],[-87.84358,17.44387],[-87.84879,17.44703],[-87.85339,17.44075],[-87.85526,17.44254],[-87.86786,17.4377],[-87.86881,17.43152],[-87.86634,17.42981],[-87.87054,17.42242],[-87.87403,17.42229],[-87.87085,17.42338],[-87.87262,17.4278],[-87.88341,17.42736],[-87.88425,17.42981],[-87.89261,17.42394],[-87.89348,17.41354],[-87.89839,17.40899],[-87.89581,17.40656],[-87.90099,17.39965],[-87.89958,17.39228],[-87.90005,17.39179],[-87.90108,17.38831],[-87.91097,17.38131],[-87.91798,17.38265],[-87.91977,17.36108],[-87.92194,17.36583],[-87.91966,17.38857],[-87.89704,17.42272],[-87.89269,17.43704],[-87.88454,17.44351],[-87.88314,17.44724],[-87.8793,17.44994],[-87.87161,17.45761],[-87.86727,17.45273],[-87.8501,17.45435],[-87.84127,17.45839],[-87.84048,17.46199],[-87.82705,17.46051],[-87.82707,17.46437],[-87.82723,17.46442],[-87.82128,17.46361],[-87.81163,17.47232],[-87.80394,17.49193],[-87.80357,17.49615],[-87.79661,17.49618],[-87.78938,17.50033],[-87.78968,17.50805],[-87.80015,17.50853],[-87.79677,17.52443],[-87.80588,17.52629],[-87.81035,17.5306],[-87.81809,17.52207],[-87.81923,17.51807],[-87.82144,17.51618],[-87.8248,17.51435],[-87.82276,17.52146]]],[[[-87.85908,17.47012],[-87.8588,17.4704],[-87.85861,17.47042],[-87.85908,17.47012]]],[[[-88.29539,17.29265],[-88.30392,17.24027],[-88.30488,17.16785],[-88.30136,17.12439],[-88.31031,17.11938],[-88.31568,17.11183],[-88.32704,17.11214],[-88.33587,17.1046],[-88.58951,17.10652],[-88.57087,17.11339],[-88.56064,17.12367],[-88.56064,17.13163],[-88.55256,17.14177],[-88.54574,17.16565],[-88.53463,17.18736],[-88.54599,17.21557],[-88.55685,17.2245],[-88.56316,17.23704],[-88.5598,17.26386],[-88.56435,17.2752],[-88.56157,17.31593],[-88.56536,17.33353],[-88.56922,17.42942],[-88.55059,17.42775],[-88.54898,17.42979],[-88.542,17.44292],[-88.5404,17.45365],[-88.52306,17.46848],[-88.52032,17.48023],[-88.53595,17.48765],[-88.53321,17.49245],[-88.52043,17.49598],[-88.51239,17.52394],[-88.49031,17.5252],[-88.48711,17.53718],[-88.47992,17.54688],[-88.46874,17.54779],[-88.47136,17.55886],[-88.46554,17.56297],[-88.45721,17.55726],[-88.44979,17.56251],[-88.43907,17.56251],[-88.4256,17.55521],[-88.42868,17.55099],[-88.43701,17.5511],[-88.4385,17.54391],[-88.42446,17.52634],[-88.4256,17.51436],[-88.40883,17.51413],[-88.40722,17.52189],[-88.39999,17.52861],[-88.36033,17.52497],[-88.35741,17.52963],[-88.36464,17.54446],[-88.36157,17.5533],[-88.37026,17.55688],[-88.3699,17.55132],[-88.37399,17.54943],[-88.38129,17.55724],[-88.3829,17.56111],[-88.37784,17.56887],[-88.35305,17.57101],[-88.33665,17.57903],[-88.3099,17.57654],[-88.2891,17.56599],[-88.28837,17.56099],[-88.28814,17.56383],[-88.28244,17.56321],[-88.28783,17.55606],[-88.28199,17.56289],[-88.28006,17.56158],[-88.28748,17.55566],[-88.28416,17.54425],[-88.25807,17.54434],[-88.24474,17.53772],[-88.24333,17.52873],[-88.24788,17.52344],[-88.24057,17.5175],[-88.24161,17.51211],[-88.2335,17.51351],[-88.22483,17.50805],[-88.27618,17.44912],[-88.25681,17.44937],[-88.25974,17.42924],[-88.26479,17.42498],[-88.26561,17.41996],[-88.26285,17.42568],[-88.26059,17.42191],[-88.28629,17.33967],[-88.28828,17.31872],[-88.29539,17.29265]]]]}},{"type":"Feature","properties":{"id":"BLZ:ADM2:1456440B83071961973491","name":"Stann Creek West","countryCode":"BLZ","adminLevel":2,"sourceCode":"1456440B83071961973491","parentId":"BLZ:ADM1:BLZ-1355"},"geometry":{"type":"MultiPolygon","coordinates":[[[[-88.39742,16.50158],[-88.40042,16.5118],[-88.40587,16.51645],[-88.40683,16.51169],[-88.41302,16.51833],[-88.42003,16.52066],[-88.42534,16.51599],[-88.42164,16.51339],[-88.55363,16.51729],[-88.54416,16.5328],[-88.53982,16.55322],[-88.5414,16.57099],[-88.55836,16.60123],[-88.5773,16.61787],[-88.58203,16.62694],[-88.57414,16.6447],[-88.58124,16.66322],[-88.63844,16.69497],[-88.65541,16.69459],[-88.69446,16.6859],[-88.72839,16.6859],[-88.74969,16.69383],[-88.76507,16.68514],[-88.76554,16.68833],[-88.77004,16.68887],[-88.76784,16.69305],[-88.77181,16.69436],[-88.76773,16.70755],[-88.76983,16.71058],[-88.75824,16.73607],[-88.74979,16.74249],[-88.75155,16.75386],[-88.74276,16.76438],[-88.73559,16.7676],[-88.72547,16.79097],[-88.71396,16.80065],[-88.68911,16.80473],[-88.68423,16.80881],[-88.66475,16.81345],[-88.66357,16.81913],[-88.66799,16.82285],[-88.67328,16.82327],[-88.67966,16.82957],[-88.68384,16.8274],[-88.68615,16.82953],[-88.68134,16.83591],[-88.67987,16.84142],[-88.68247,16.84329],[-88.66229,16.84651],[-88.66455,16.85309],[-88.65776,16.86342],[-88.66247,16.87644],[-88.65641,16.88294],[-88.65641,16.89985],[-88.6607,16.91144],[-88.64177,16.92739],[-88.63975,16.93777],[-88.62485,16.94091],[-88.62384,16.95468],[-88.61955,16.96216],[-88.60541,16.96458],[-88.59556,16.97424],[-88.58774,16.98559],[-88.58597,17.00466],[-88.5736,17.0288],[-88.55542,17.0358],[-88.55441,17.04715],[-88.56401,17.05608],[-88.57587,17.0597],[-88.59834,17.09252],[-88.59986,17.1],[-88.58951,17.10652],[-88.33587,17.1046],[-88.32704,17.11214],[-88.31568,17.11183],[-88.31031,17.11938],[-88.30136,17.12439],[-88.29764,17.11492],[-88.2897,17.10736],[-88.2883,17.09318],[-88.28204,17.07646],[-88.27716,17.07005],[-88.26781,17.06707],[-88.26206,17.06305],[-88.25735,17.05351],[-88.26916,17.05471],[-88.26615,17.04653],[-88.27495,17.04454],[-88.27995,17.03142],[-88.31146,17.0346],[-88.31618,17.02342],[-88.32952,17.0233],[-88.33861,17.01774],[-88.34934,17.01757],[-88.34718,17.004],[-88.33662,16.98935],[-88.33054,16.9869],[-88.34366,16.96016],[-88.35013,16.9542],[-88.35053,16.94647],[-88.3419,16.94182],[-88.30448,16.95829],[-88.29732,16.95817],[-88.29499,16.94664],[-88.2825,16.93955],[-88.27716,16.92938],[-88.27194,16.93324],[-88.26322,16.92889],[-88.26531,16.92658],[-88.27873,16.91758],[-88.28088,16.89944],[-88.2812,16.89837],[-88.28855,16.89025],[-88.28897,16.88424],[-88.27707,16.84959],[-88.26859,16.83781],[-88.26102,16.83506],[-88.26576,16.83187],[-88.26558,16.82304],[-88.25694,16.81276],[-88.26549,16.81387],[-88.26968,16.81314],[-88.28238,16.80341],[-88.28751,16.79735],[-88.28894,16.79096],[-88.29425,16.78991],[-88.29423,16.78134],[-88.29455,16.78063],[-88.2967,16.77851],[-88.29941,16.77477],[-88.29944,16.77775],[-88.30343,16.78297],[-88.31073,16.78052],[-88.32028,16.77117],[-88.3224,16.76415],[-88.31914,16.76289],[-88.31925,16.75846],[-88.32451,16.75392],[-88.31455,16.75585],[-88.31274,16.76748],[-88.30531,16.77413],[-88.30192,16.77368],[-88.31104,16.76651],[-88.3129,16.75537],[-88.30049,16.72048],[-88.31169,16.69714],[-88.3092,16.66579],[-88.31273,16.65288],[-88.31699,16.64717],[-88.3276,16.63921],[-88.3339,16.63573],[-88.32744,16.64232],[-88.32462,16.64197],[-88.3148,16.65173],[-88.31358,16.65868],[-88.31127,16.6623],[-88.31311,16.66139],[-88.31273,16.66355],[-88.32003,16.67056],[-88.32417,16.67087],[-88.32775,16.66198],[-88.33579,16.65907],[-88.33812,16.65512],[-88.34085,16.6541],[-88.34381,16.65897],[-88.34323,16.65228],[-88.34834,16.65379],[-88.34696,16.64942],[-88.34243,16.651],[-88.34682,16.648],[-88.34505,16.64069],[-88.34733,16.6354],[-88.35059,16.63195],[-88.35008,16.63574],[-88.35541,16.63468],[-88.35464,16.63907],[-88.3584,16.64213],[-88.35863,16.63724],[-88.36263,16.63567],[-88.35755,16.63506],[-88.35804,16.629],[-88.3645,16.6215],[-88.36753,16.62433],[-88.37293,16.6141],[-88.36862,16.6072],[-88.37316,16.60107],[-88.37263,16.59127],[-88.36794,16.585],[-88.3706,16.58025],[-88.36994,16.57775],[-88.38638,16.55927],[-88.38512,16.55908],[-88.38735,16.55413],[-88.38398,16.55039],[-88.37831,16.55113],[-88.37607,16.54759],[-88.37784,16.5471],[-88.38402,16.548],[-88.39318,16.55183],[-88.3911,16.54304],[-88.39107,16.54298],[-88.39871,16.5421],[-88.39816,16.53146],[-88.39237,16.5274],[-88.38698,16.53061],[-88.38326,16.52612],[-88.38832,16.52379],[-88.39031,16.51821],[-88.39807,16.51715],[-88.39698,16.50764],[-88.39275,16.50741],[-88.39226,16.50598],[-88.39269,16.503],[-88.39264,16.5029],[-88.39742,16.50158]]],[[[-88.35674,16.62036],[-88.35051,16.63008],[-88.34476,16.63196],[-88.34594,16.62909],[-88.34835,16.62776],[-88.35199,16.62276],[-88.35335,16.61111],[-88.35672,16.60294],[-88.35674,16.62036]]],[[[-88.36588,16.5924],[-88.36175,16.60051],[-88.36141,16.59715],[-88.35787,16.60014],[-88.36465,16.58369],[-88.36773,16.58023],[-88.36588,16.5924]]],[[[-88.36638,16.55206],[-88.36588,16.55183],[-88.36643,16.55155],[-88.36638,16.55206]]],[[[-88.3634,16.5135],[-88.36427,16.51311],[-88.36519,16.51789],[-88.3634,16.5135]]],[[[-88.35543,16.54286],[-88.36116,16.52853],[-88.36443,16.52667],[-88.35815,16.54946],[-88.35543,16.54286]]]]}},{"type":"Feature","properties":{"id":"BLZ:ADM2:1456440B85489993561805","name":"Pickstock","countryCode":"BLZ","adminLevel":2,"sourceCode":"1456440B85489993561805","parentId":"BLZ:ADM1:BLZ-1323"},"geometry":{"type":"Polygon","coordinates":[[[-88.20051,17.49934],[-88.19498,17.49731],[-88.19483,17.50111],[-88.18848,17.49797],[-88.18577,17.50148],[-88.20131,17.5053],[-88.20051,17.49934]]]}},{"type":"Feature","properties":{"id":"BLZ:ADM2:1456440B85935550107059","name":"Freetown","countryCode":"BLZ","adminLevel":2,"sourceCode":"1456440B85935550107059","parentId":"BLZ:ADM1:BLZ-1323"},"geometry":{"type":"Polygon","coordinates":[[[-88.21808,17.51521],[-88.23194,17.51993],[-88.23796,17.52967],[-88.23668,17.53393],[-88.24196,17.53541],[-88.2344,17.5358],[-88.23931,17.5415],[-88.24376,17.53846],[-88.25779,17.54721],[-88.26328,17.54876],[-88.26423,17.54586],[-88.27983,17.56106],[-88.28538,17.55579],[-88.28416,17.54425],[-88.25807,17.54434],[-88.24474,17.53772],[-88.24333,17.52873],[-88.24788,17.52344],[-88.24057,17.5175],[-88.24161,17.51211],[-88.2335,17.51351],[-88.22538,17.50847],[-88.21603,17.5076],[-88.21256,17.50967],[-88.21778,17.51201],[-88.21808,17.51521]]]}},{"type":"Feature","properties":{"id":"BLZ:ADM2:1456440B92384260503294","name":"Corozal South East","countryCode":"BLZ","adminLevel":2,"sourceCode":"1456440B92384260503294","parentId":"BLZ:ADM1:BLZ-1325"},"geometry":{"type":"Polygon","coordinates":[[[-88.09592,18.329],[-88.10062,18.30503],[-88.09694,18.29758],[-88.10087,18.30142],[-88.10361,18.28672],[-88.10048,18.28262],[-88.10371,18.28157],[-88.09775,18.27748],[-88.09968,18.28365],[-88.09429,18.28471],[-88.09721,18.2762],[-88.09424,18.2757],[-88.09487,18.22599],[-88.08951,18.20876],[-88.095,18.1822],[-88.10159,18.11597],[-88.1058,18.09946],[-88.10782,18.10023],[-88.10622,18.10307],[-88.10561,18.11234],[-88.10911,18.11207],[-88.10747,18.10924],[-88.10586,18.10925],[-88.10838,18.10383],[-88.11541,18.10765],[-88.11013,18.10356],[-88.11117,18.09686],[-88.12438,18.05763],[-88.12335,18.06382],[-88.12494,18.05982],[-88.12967,18.0625],[-88.12762,18.05813],[-88.1252,18.05892],[-88.12544,18.05454],[-88.13192,18.05785],[-88.1362,18.05344],[-88.13448,18.05809],[-88.14083,18.0614],[-88.14056,18.06471],[-88.14127,18.06045],[-88.13678,18.05885],[-88.14187,18.05547],[-88.14352,18.0601],[-88.14041,18.05908],[-88.14597,18.06395],[-88.14436,18.06576],[-88.15378,18.06441],[-88.15188,18.06288],[-88.14569,18.06317],[-88.14304,18.04799],[-88.14532,18.04721],[-88.1475,18.05183],[-88.14856,18.04925],[-88.14958,18.05431],[-88.15342,18.05128],[-88.15112,18.04975],[-88.15772,18.05022],[-88.16144,18.04145],[-88.1574,18.04121],[-88.15898,18.03682],[-88.15388,18.03917],[-88.15563,18.0323],[-88.15037,18.03739],[-88.1528,18.03892],[-88.15011,18.03894],[-88.14712,18.0338],[-88.15143,18.03455],[-88.14925,18.03044],[-88.15356,18.03119],[-88.15677,18.02731],[-88.15815,18.03348],[-88.16272,18.03191],[-88.16189,18.02934],[-88.16753,18.02621],[-88.16321,18.02444],[-88.16869,18.02586],[-88.16966,18.02362],[-88.1671,18.02235],[-88.16882,18.01848],[-88.1656,18.02004],[-88.16643,18.02236],[-88.16399,18.02031],[-88.16186,18.02367],[-88.1613,18.02033],[-88.15889,18.0224],[-88.16073,18.01544],[-88.1542,18.00543],[-88.15718,18.00863],[-88.16499,18.00871],[-88.16333,18],[-88.15874,18],[-88.15859,17.99742],[-88.16679,17.99634],[-88.16541,17.99068],[-88.16947,17.99478],[-88.17403,17.99218],[-88.17436,17.98136],[-88.17153,17.97996],[-88.17101,17.98305],[-88.16883,17.97907],[-88.18036,17.97205],[-88.17737,17.96846],[-88.18167,17.96766],[-88.17924,17.96536],[-88.18194,17.96343],[-88.2759,17.97352],[-88.44072,18.11136],[-88.4814,18.19453],[-88.5043,18.20448],[-88.50888,18.21131],[-88.50165,18.23267],[-88.48405,18.22726],[-88.46601,18.22997],[-88.46419,18.22573],[-88.45856,18.22588],[-88.45827,18.23179],[-88.44706,18.23443],[-88.44717,18.25829],[-88.4442,18.26479],[-88.44995,18.27054],[-88.44561,18.27787],[-88.44702,18.28489],[-88.44118,18.29029],[-88.44995,18.29752],[-88.44995,18.31753],[-88.44564,18.32462],[-88.45564,18.33024],[-88.45564,18.33813],[-88.45126,18.34814],[-88.40802,18.37268],[-88.39816,18.37442],[-88.39551,18.35511],[-88.38363,18.34532],[-88.39205,18.33973],[-88.38668,18.34087],[-88.38391,18.34262],[-88.38058,18.34656],[-88.366,18.34987],[-88.35271,18.35908],[-88.32093,18.36591],[-88.32311,18.36026],[-88.32489,18.35731],[-88.33502,18.35066],[-88.34516,18.33668],[-88.34508,18.3295],[-88.35534,18.31708],[-88.36083,18.30825],[-88.35798,18.3037],[-88.35025,18.30419],[-88.34142,18.31025],[-88.32457,18.32831],[-88.31172,18.33716],[-88.30903,18.33796],[-88.29319,18.34696],[-88.2727,18.34838],[-88.26303,18.35437],[-88.26166,18.35064],[-88.25872,18.35504],[-88.24981,18.35356],[-88.24115,18.35873],[-88.23869,18.35839],[-88.23687,18.35441],[-88.22953,18.35157],[-88.23817,18.34719],[-88.2338,18.33898],[-88.21449,18.34776],[-88.20963,18.3455],[-88.21277,18.33989],[-88.20253,18.34214],[-88.21409,18.33563],[-88.21357,18.33962],[-88.21814,18.33754],[-88.21999,18.33186],[-88.21648,18.33136],[-88.22536,18.32822],[-88.22074,18.32361],[-88.21187,18.32753],[-88.20116,18.3379],[-88.1744,18.33953],[-88.13551,18.36251],[-88.12529,18.36644],[-88.10964,18.36576],[-88.09715,18.37355],[-88.09933,18.35629],[-88.10311,18.35652],[-88.10183,18.34674],[-88.10211,18.34612],[-88.11321,18.33797],[-88.12282,18.33889],[-88.12904,18.32965],[-88.14171,18.32445],[-88.14615,18.32022],[-88.14635,18.31346],[-88.14679,18.31338],[-88.14762,18.30494],[-88.15291,18.30214],[-88.15074,18.29881],[-88.14537,18.30244],[-88.14712,18.3059],[-88.14112,18.30537],[-88.13634,18.30813],[-88.1315,18.31006],[-88.12661,18.30702],[-88.12628,18.31093],[-88.12951,18.31206],[-88.12376,18.32119],[-88.12257,18.32112],[-88.12254,18.31597],[-88.11562,18.31662],[-88.11891,18.31831],[-88.11854,18.32346],[-88.12122,18.32087],[-88.12252,18.32268],[-88.12047,18.32405],[-88.11908,18.32423],[-88.11909,18.32499],[-88.11757,18.326],[-88.1145,18.32439],[-88.10966,18.32661],[-88.1118,18.32325],[-88.10842,18.3194],[-88.10883,18.32352],[-88.10263,18.32356],[-88.10426,18.32612],[-88.10021,18.32537],[-88.101,18.32202],[-88.09628,18.32909],[-88.09751,18.33336],[-88.09603,18.33362],[-88.09592,18.329]]]}},{"type":"Feature","properties":{"id":"BLZ:ADM2:1456440B94766097213569","name":"Toledo East","countryCode":"BLZ","adminLevel":2,"sourceCode":"1456440B94766097213569","parentId":"BLZ:ADM1:BLZ-1356"},"geometry":{"type":"Polygon","coordinates":[[[-89.21994,15.99489],[-89.20662,15.99894],[-89.20393,16.00879],[-89.17739,16.01348],[-89.16732,16.02613],[-89.15492,16.03309],[-89.14536,16.04558],[-89.12127,16.04844],[-89.1182,16.05267],[-89.10801,16.05567],[-89.08887,16.0569],[-89.08728,16.05839],[-89.09484,16.07093],[-89.08154,16.08358],[-89.08204,16.09419],[-89.07906,16.1],[-89.07143,16.10389],[-89.07187,16.11211],[-89.06874,16.1164],[-89.05409,16.1225],[-89.04999,16.13064],[-89.04276,16.13482],[-89.01652,16.13478],[-89.00532,16.14343],[-88.99366,16.14205],[-88.98319,16.12846],[-88.97665,16.09855],[-88.96731,16.09833],[-88.96269,16.10251],[-88.94952,16.10272],[-88.9368,16.10958],[-88.91868,16.11142],[-88.90702,16.11709],[-88.8968,16.13059],[-88.88073,16.13644],[-88.86245,16.13542],[-88.84502,16.14761],[-88.83513,16.1611],[-88.8235,16.17055],[-88.8202,16.17563],[-88.82521,16.18795],[-88.83568,16.20155],[-88.83571,16.20929],[-88.84585,16.2219],[-88.84153,16.22847],[-88.84186,16.23698],[-88.852,16.24207],[-88.86126,16.25733],[-88.87082,16.25726],[-88.87097,16.25224],[-88.877,16.25777],[-88.86802,16.2819],[-88.86097,16.29313],[-88.8424,16.30966],[-88.809,16.31962],[-88.78647,16.3359],[-88.7909,16.35916],[-88.75093,16.40394],[-88.7392,16.42289],[-88.73982,16.43921],[-88.69599,16.48482],[-88.6896,16.48899],[-88.67487,16.48908],[-88.6676,16.47959],[-88.64879,16.47959],[-88.63991,16.47133],[-88.62909,16.47311],[-88.63317,16.47843],[-88.6314,16.48544],[-88.62341,16.48526],[-88.61702,16.49538],[-88.63237,16.49564],[-88.63761,16.50106],[-88.63494,16.51845],[-88.62776,16.53051],[-88.62838,16.5503],[-88.61667,16.55651],[-88.618,16.56734],[-88.607,16.58224],[-88.6038,16.6062],[-88.61471,16.61356],[-88.62767,16.62838],[-88.63015,16.64133],[-88.62279,16.6471],[-88.61294,16.64825],[-88.60575,16.63317],[-88.58203,16.62694],[-88.5773,16.61787],[-88.55836,16.60123],[-88.5414,16.57099],[-88.53982,16.55322],[-88.54416,16.5328],[-88.55363,16.51729],[-88.41463,16.51397],[-88.40441,16.50723],[-88.4107,16.49921],[-88.40774,16.49215],[-88.41442,16.48906],[-88.41229,16.48467],[-88.42057,16.4846],[-88.41828,16.48178],[-88.42105,16.47687],[-88.42722,16.48121],[-88.4277,16.47477],[-88.42935,16.48093],[-88.43659,16.48526],[-88.4328,16.47859],[-88.43041,16.4799],[-88.4301,16.47449],[-88.43438,16.47446],[-88.43022,16.47244],[-88.43454,16.46831],[-88.43064,16.46211],[-88.43316,16.45478],[-88.43807,16.45411],[-88.44512,16.46342],[-88.44864,16.46294],[-88.43826,16.45215],[-88.43991,16.44609],[-88.446,16.44312],[-88.44948,16.45086],[-88.45621,16.45234],[-88.45115,16.44538],[-88.45863,16.44591],[-88.45603,16.44314],[-88.46513,16.44131],[-88.47061,16.44491],[-88.46945,16.4531],[-88.47198,16.44556],[-88.46936,16.44085],[-88.44881,16.44178],[-88.44758,16.42759],[-88.45345,16.41869],[-88.45729,16.42228],[-88.45535,16.43421],[-88.4676,16.42967],[-88.46444,16.42441],[-88.46568,16.41988],[-88.4618,16.41995],[-88.46619,16.40959],[-88.4726,16.41058],[-88.47496,16.40489],[-88.47605,16.40798],[-88.47964,16.39857],[-88.48524,16.39421],[-88.47992,16.3903],[-88.4774,16.39289],[-88.47904,16.39714],[-88.47701,16.39406],[-88.47643,16.38737],[-88.48119,16.37719],[-88.4801,16.37103],[-88.48752,16.35377],[-88.48922,16.35049],[-88.49254,16.34638],[-88.50036,16.34211],[-88.50791,16.33256],[-88.51227,16.32942],[-88.52841,16.30932],[-88.54112,16.30275],[-88.54383,16.29687],[-88.54443,16.27253],[-88.57413,16.26881],[-88.5782,16.25655],[-88.5782,16.28555],[-88.58503,16.28555],[-88.59191,16.26382],[-88.60595,16.26065],[-88.61967,16.26894],[-88.61977,16.2691],[-88.61982,16.26915],[-88.62597,16.28181],[-88.62987,16.2875],[-88.63829,16.28815],[-88.64664,16.28661],[-88.65022,16.28555],[-88.6512,16.28276],[-88.65743,16.27697],[-88.65859,16.2686],[-88.65368,16.26501],[-88.65376,16.25801],[-88.65383,16.25785],[-88.65405,16.25759],[-88.66112,16.25536],[-88.66861,16.25435],[-88.67009,16.25522],[-88.67156,16.25395],[-88.6949,16.2508],[-88.70067,16.24706],[-88.70539,16.24234],[-88.71255,16.23823],[-88.72003,16.23727],[-88.72638,16.23861],[-88.72571,16.23654],[-88.7259,16.23652],[-88.72722,16.23593],[-88.73094,16.23569],[-88.72994,16.23471],[-88.74006,16.23017],[-88.74252,16.22089],[-88.7598,16.21596],[-88.74898,16.21311],[-88.75045,16.20738],[-88.74291,16.19105],[-88.74289,16.19081],[-88.75462,16.17795],[-88.75203,16.16773],[-88.7443,16.16837],[-88.74873,16.16405],[-88.74771,16.15576],[-88.75474,16.15206],[-88.75113,16.14621],[-88.7552,16.13972],[-88.76912,16.13046],[-88.76944,16.13033],[-88.78673,16.12727],[-88.79182,16.12466],[-88.79772,16.11835],[-88.80264,16.11058],[-88.80685,16.09395],[-88.80761,16.09304],[-88.80771,16.09265],[-88.81314,16.08812],[-88.82177,16.08487],[-88.83141,16.0795],[-88.84252,16.0703],[-88.84748,16.06517],[-88.85183,16.05911],[-88.85339,16.05806],[-88.85549,16.03558],[-88.85896,16.0307],[-88.86869,16.02477],[-88.8824,16.0209],[-88.89965,16.01081],[-88.90642,16.00542],[-88.91515,16.00207],[-88.9208,15.9941],[-88.93128,15.98753],[-88.93526,15.97718],[-88.93385,15.95842],[-88.91293,15.90054],[-88.91307,15.89966],[-88.91982,15.88856],[-88.95731,15.88838],[-88.96813,15.89481],[-88.98364,15.89632],[-88.99495,15.90439],[-89.00202,15.89807],[-89.01902,15.89443],[-89.021,15.89775],[-89.01779,15.90652],[-89.02029,15.91109],[-89.04135,15.91469],[-89.04649,15.90371],[-89.05111,15.90212],[-89.05161,15.91442],[-89.0548,15.91734],[-89.06412,15.90724],[-89.06374,15.90074],[-89.07448,15.91001],[-89.07968,15.89719],[-89.08627,15.90814],[-89.10297,15.91241],[-89.10888,15.90632],[-89.11735,15.90598],[-89.11269,15.89934],[-89.11497,15.89578],[-89.11983,15.90335],[-89.12839,15.89963],[-89.13245,15.90731],[-89.14886,15.89644],[-89.16248,15.89907],[-89.16962,15.91061],[-89.17649,15.91328],[-89.18753,15.90875],[-89.18747,15.89771],[-89.1973,15.9024],[-89.2028,15.89771],[-89.21495,15.89539],[-89.21298,15.89176],[-89.22298,15.88591],[-89.22621,15.89572],[-89.21994,15.99489]]]}},{"type":"Feature","properties":{"id":"BLZ:ADM2:1456440B94896318880673","name":"Cayo Central","countryCode":"BLZ","adminLevel":2,"sourceCode":"1456440B94896318880673","parentId":"BLZ:ADM1:BLZ-1324"},"geometry":{"type":"Polygon","coordinates":[[[-88.93992,17.37819],[-88.95465,17.35941],[-88.97497,17.35397],[-88.98631,17.34251],[-88.9904,17.3335],[-89.00915,17.31893],[-89.01489,17.30845],[-89.01501,17.2992],[-88.99803,17.29305],[-88.99623,17.28506],[-88.99639,17.26624],[-89.00064,17.25829],[-88.99891,17.23285],[-89.00209,17.22463],[-88.99766,17.21639],[-89.01058,17.21282],[-89.01513,17.19781],[-89.00172,17.18698],[-89.01058,17.17553],[-89.01193,17.1684],[-88.99889,17.15867],[-88.99175,17.14809],[-88.99729,17.13763],[-89.00172,17.13394],[-89.02399,17.14391],[-89.04048,17.1668],[-89.0406,17.17516],[-89.05008,17.1807],[-89.05783,17.17652],[-89.06546,17.18095],[-89.07284,17.17935],[-89.0753,17.17516],[-89.07358,17.17098],[-89.06066,17.16815],[-89.06066,17.16027],[-89.0678,17.15978],[-89.071,17.15338],[-89.06509,17.14766],[-89.06494,17.14327],[-89.05486,17.14358],[-89.04356,17.13665],[-89.04343,17.13074],[-89.05205,17.12803],[-89.06081,17.12008],[-89.05931,17.11354],[-89.0664,17.11047],[-89.07073,17.09779],[-89.06955,17.09235],[-89.06246,17.08842],[-89.06065,17.07519],[-89.07629,17.07894],[-89.07789,17.07106],[-89.06361,17.04485],[-89.05352,17.04288],[-89.05211,17.03477],[-89.05628,17.02916],[-89.05637,17.01838],[-89.05214,17.01092],[-89.0407,17.00608],[-89.03631,16.99455],[-89.03041,16.98961],[-89.04191,16.97871],[-89.04191,16.9691],[-89.02584,16.9688],[-89.0291,16.95815],[-89.03611,16.95794],[-89.03636,16.95522],[-89.04347,16.9526],[-89.03636,16.94822],[-89.03611,16.94434],[-89.04923,16.92752],[-89.04899,16.92264],[-89.04206,16.91941],[-89.04183,16.9102],[-89.03466,16.90405],[-89.03324,16.89075],[-89.04041,16.89051],[-89.04343,16.87553],[-89.03476,16.86876],[-89.0251,16.86867],[-89.01206,16.87395],[-89.00604,16.88237],[-89.0059,16.89999],[-88.99877,16.91006],[-88.9944,16.91144],[-88.98084,16.89912],[-88.96163,16.89357],[-88.94556,16.90632],[-88.93832,16.90468],[-88.9376,16.89932],[-88.92844,16.90486],[-88.92258,16.91153],[-88.9242,16.91985],[-88.9154,16.927],[-88.90146,16.91584],[-88.8952,16.9174],[-88.89542,16.92409],[-88.8802,16.92956],[-88.8666,16.94367],[-88.86985,16.95459],[-88.84962,16.97903],[-88.84823,16.98882],[-88.84373,16.9936],[-88.87135,17.07104],[-88.88879,17.07673],[-88.91129,17.07846],[-88.92022,17.09507],[-88.91738,17.10822],[-88.92313,17.10815],[-88.92749,17.11424],[-88.92299,17.1265],[-88.92894,17.13854],[-88.92735,17.14768],[-88.93053,17.15335],[-88.94444,17.15481],[-88.94597,17.16574],[-88.95321,17.17299],[-88.94881,17.18644],[-88.94887,17.21098],[-88.94634,17.21523],[-88.93752,17.21932],[-88.92451,17.21925],[-88.91436,17.22482],[-88.90003,17.21901],[-88.87549,17.22624],[-88.85564,17.22212],[-88.85283,17.23302],[-88.85728,17.2413],[-88.86159,17.27123],[-88.86706,17.27434],[-88.87723,17.29746],[-88.8918,17.3169],[-88.89191,17.33422],[-88.88727,17.34148],[-88.90063,17.34162],[-88.90603,17.34543],[-88.9162,17.35955],[-88.92008,17.38016],[-88.93992,17.37819]]]}},{"type":"Feature","properties":{"id":"BLZ:ADM2:1456440B99535609172770","name":"Dangriga","countryCode":"BLZ","adminLevel":2,"sourceCode":"1456440B99535609172770","parentId":"BLZ:ADM1:BLZ-1355"},"geometry":{"type":"Polygon","coordinates":[[[-88.27194,16.93324],[-88.27716,16.92938],[-88.2825,16.93955],[-88.29499,16.94664],[-88.29732,16.95817],[-88.30448,16.95829],[-88.3419,16.94182],[-88.35053,16.94647],[-88.35013,16.9542],[-88.34366,16.96016],[-88.33054,16.9869],[-88.33662,16.98935],[-88.34718,17.004],[-88.34934,17.01757],[-88.33861,17.01774],[-88.32952,17.0233],[-88.31618,17.02342],[-88.31146,17.0346],[-88.27995,17.03142],[-88.27495,17.04454],[-88.26615,17.04653],[-88.26916,17.05471],[-88.25735,17.05351],[-88.26206,17.06305],[-88.26781,17.06707],[-88.25492,17.07014],[-88.24861,17.06878],[-88.2438,17.06145],[-88.24192,17.03413],[-88.23516,17.02284],[-88.23529,17.0033],[-88.21824,16.96759],[-88.22023,16.95435],[-88.2237,16.95295],[-88.23249,16.95307],[-88.24234,16.94965],[-88.25329,16.93993],[-88.26322,16.92889],[-88.27194,16.93324]]]}}],"admin1":{"type":"FeatureCollection","features":[{"type":"Feature","properties":{"id":"BLZ:ADM1:BLZ-1323","name":"Belize","countryCode":"BLZ"},"geometry":{"type":"MultiPolygon","coordinates":[[[[-88.31568,17.11183],[-88.32704,17.11214],[-88.33587,17.1046],[-88.58951,17.10652],[-88.57087,17.11339],[-88.56064,17.12367],[-88.56064,17.13163],[-88.55256,17.14177],[-88.54574,17.16565],[-88.53463,17.18736],[-88.54599,17.21557],[-88.55685,17.2245],[-88.56316,17.23704],[-88.5598,17.26386],[-88.56435,17.2752],[-88.56157,17.31593],[-88.56536,17.33353],[-88.56922,17.42942],[-88.572,17.49833],[-88.59102,17.49861],[-88.59238,17.49667],[-88.58712,17.49406],[-88.58751,17.49143],[-88.59186,17.49409],[-88.60083,17.49276],[-88.60453,17.48969],[-88.60062,17.48717],[-88.60149,17.48157],[-88.61218,17.48297],[-88.60881,17.47771],[-88.60219,17.47654],[-88.60524,17.47365],[-88.60048,17.47113],[-88.60192,17.4562],[-88.61008,17.4581],[-88.60954,17.46492],[-88.62864,17.45765],[-88.6363,17.61624],[-88.618,17.65685],[-88.618,17.66767],[-88.61169,17.67429],[-88.55457,17.68902],[-88.55457,17.70135],[-88.56403,17.71968],[-88.56372,17.73321],[-88.55772,17.74704],[-88.56435,17.77589],[-88.56277,17.79031],[-88.55457,17.80955],[-88.55551,17.83148],[-88.5634,17.8501],[-88.55646,17.87744],[-88.54163,17.91347],[-88.2759,17.97352],[-88.18194,17.96343],[-88.17946,17.95866],[-88.17906,17.96312],[-88.17224,17.96239],[-88.16897,17.95975],[-88.17275,17.96153],[-88.1738,17.95766],[-88.18454,17.95374],[-88.18092,17.9553],[-88.18188,17.95787],[-88.18831,17.95371],[-88.18774,17.9496],[-88.19205,17.95034],[-88.19283,17.94596],[-88.18719,17.94677],[-88.18837,17.94315],[-88.1944,17.93899],[-88.1941,17.93488],[-88.19788,17.93666],[-88.19891,17.92995],[-88.20575,17.92605],[-88.2078,17.91058],[-88.20443,17.91021],[-88.20387,17.90687],[-88.20078,17.90728],[-88.19427,17.91942],[-88.20221,17.90006],[-88.20398,17.89015],[-88.20832,17.88199],[-88.20669,17.87502],[-88.21037,17.85442],[-88.21292,17.85286],[-88.21151,17.84359],[-88.2263,17.73258],[-88.23103,17.71656],[-88.2335,17.71725],[-88.23056,17.71933],[-88.22721,17.74047],[-88.22989,17.73865],[-88.22853,17.73608],[-88.23016,17.73865],[-88.2339,17.73657],[-88.22591,17.74666],[-88.22257,17.76883],[-88.22607,17.7701],[-88.22722,17.78091],[-88.22398,17.77977],[-88.2223,17.78892],[-88.23269,17.79452],[-88.23671,17.79295],[-88.23358,17.78679],[-88.23879,17.78212],[-88.2398,17.77259],[-88.24491,17.77371],[-88.24998,17.7684],[-88.24245,17.76742],[-88.24378,17.76484],[-88.2548,17.76502],[-88.25343,17.76168],[-88.25851,17.75804],[-88.25796,17.75612],[-88.25285,17.75602],[-88.2522,17.73928],[-88.26349,17.73985],[-88.26938,17.7366],[-88.27095,17.72963],[-88.27765,17.72753],[-88.27756,17.71542],[-88.26789,17.71574],[-88.27015,17.71161],[-88.26487,17.70611],[-88.25171,17.70812],[-88.24282,17.70419],[-88.23173,17.7142],[-88.23184,17.71382],[-88.24462,17.69271],[-88.24944,17.69011],[-88.2507,17.67825],[-88.25928,17.67562],[-88.26194,17.67148],[-88.2686,17.64866],[-88.27245,17.64427],[-88.28241,17.64031],[-88.28778,17.64092],[-88.28187,17.64109],[-88.27533,17.6459],[-88.27362,17.65106],[-88.27954,17.65231],[-88.27349,17.65235],[-88.27232,17.65725],[-88.2647,17.66297],[-88.2638,17.66915],[-88.26919,17.67092],[-88.26759,17.67325],[-88.27243,17.67348],[-88.26989,17.67504],[-88.27784,17.67859],[-88.28211,17.67444],[-88.28232,17.66672],[-88.28476,17.66979],[-88.28957,17.66615],[-88.29133,17.64863],[-88.29549,17.64783],[-88.28914,17.64323],[-88.2908,17.6494],[-88.28905,17.64967],[-88.28815,17.65509],[-88.28441,17.65846],[-88.27392,17.65569],[-88.28788,17.65406],[-88.28937,17.63705],[-88.29339,17.63677],[-88.2939,17.6329],[-88.29069,17.63498],[-88.29307,17.62878],[-88.28836,17.62778],[-88.29183,17.62493],[-88.29245,17.61797],[-88.29329,17.62234],[-88.29598,17.62233],[-88.29822,17.61742],[-88.29271,17.61617],[-88.29632,17.61357],[-88.29262,17.61274],[-88.29034,17.60151],[-88.2891,17.56599],[-88.28837,17.56099],[-88.28814,17.56383],[-88.28244,17.56321],[-88.28783,17.55606],[-88.28199,17.56289],[-88.28006,17.56158],[-88.28748,17.55566],[-88.28416,17.54425],[-88.28538,17.55579],[-88.27983,17.56106],[-88.26423,17.54586],[-88.26328,17.54876],[-88.25779,17.54721],[-88.24376,17.53846],[-88.23931,17.5415],[-88.2344,17.5358],[-88.24196,17.53541],[-88.23668,17.53393],[-88.23796,17.52967],[-88.23194,17.51993],[-88.21808,17.51521],[-88.20649,17.51676],[-88.20508,17.51197],[-88.20613,17.5166],[-88.19918,17.52044],[-88.18661,17.51105],[-88.18577,17.50148],[-88.18623,17.50089],[-88.1815,17.50023],[-88.1814,17.49264],[-88.18299,17.49266],[-88.18493,17.49424],[-88.18555,17.49268],[-88.18862,17.49271],[-88.18862,17.49271],[-88.1956,17.49277],[-88.20177,17.49283],[-88.20178,17.49283],[-88.20515,17.49286],[-88.22982,17.49639],[-88.23078,17.49653],[-88.2409,17.48862],[-88.22483,17.50805],[-88.27618,17.44912],[-88.26218,17.46484],[-88.26025,17.46524],[-88.24247,17.48672],[-88.24312,17.48287],[-88.24311,17.48288],[-88.24371,17.47933],[-88.24819,17.47297],[-88.24681,17.46998],[-88.25027,17.47276],[-88.25028,17.47274],[-88.24701,17.46973],[-88.24913,17.47097],[-88.25681,17.44937],[-88.25974,17.42924],[-88.26479,17.42498],[-88.26561,17.41996],[-88.26285,17.42568],[-88.26059,17.42191],[-88.28629,17.33967],[-88.28828,17.31872],[-88.29539,17.29265],[-88.30392,17.24027],[-88.30488,17.16785],[-88.30136,17.12439],[-88.31031,17.11938],[-88.31568,17.11183]],[[-88.21778,17.51201],[-88.21324,17.50998],[-88.21228,17.51015],[-88.21382,17.51075],[-88.21808,17.51521],[-88.21778,17.51201]],[[-88.18839,17.49808],[-88.18848,17.49797],[-88.18493,17.49424],[-88.18839,17.49808]],[[-88.22317,17.50818],[-88.22286,17.50824],[-88.22538,17.50847],[-88.2335,17.51351],[-88.22483,17.50805],[-88.22317,17.50818]],[[-88.542,17.44292],[-88.55059,17.42775],[-88.54898,17.42979],[-88.542,17.44292]],[[-88.19733,17.50432],[-88.21169,17.50992],[-88.20131,17.5053],[-88.19733,17.50432]],[[-88.19196,17.50336],[-88.19597,17.50468],[-88.19879,17.51062],[-88.19615,17.50403],[-88.19192,17.50299],[-88.19196,17.50336]],[[-88.2255,17.49949],[-88.20994,17.49558],[-88.22249,17.49981],[-88.21234,17.50116],[-88.2255,17.49949]],[[-88.19483,17.50111],[-88.19498,17.49733],[-88.19424,17.49717],[-88.19483,17.50111]],[[-88.19996,17.49914],[-88.20026,17.4985],[-88.19512,17.49736],[-88.19996,17.49914]]],[[[-88.04727,17.08913],[-88.03165,17.09056],[-88.0301,17.08584],[-88.03219,17.0798],[-88.05061,17.0799],[-88.04727,17.08913]]],[[[-88.06989,17.38785],[-88.06002,17.38894],[-88.05892,17.37576],[-88.06179,17.37284],[-88.06219,17.37279],[-88.069,17.38251],[-88.06989,17.38785]]],[[[-88.07525,17.49667],[-88.07849,17.49987],[-88.0817,17.49792],[-88.07825,17.50412],[-88.07669,17.50327],[-88.0677,17.49055],[-88.06895,17.48468],[-88.07437,17.48431],[-88.0728,17.49127],[-88.07602,17.49151],[-88.07685,17.49589],[-88.08595,17.49146],[-88.08437,17.4961],[-88.07525,17.49667]]],[[[-88.14573,17.50606],[-88.14657,17.50237],[-88.14752,17.50225],[-88.15005,17.50464],[-88.1531,17.51049],[-88.15739,17.51359],[-88.15867,17.51944],[-88.15703,17.51947],[-88.14659,17.51865],[-88.14415,17.51308],[-88.14508,17.50894],[-88.14643,17.50912],[-88.1465,17.50581],[-88.14573,17.50606]]],[[[-88.12928,17.67796],[-88.13455,17.67776],[-88.14016,17.67138],[-88.14741,17.67077],[-88.16326,17.67436],[-88.15378,17.67931],[-88.14451,17.67702],[-88.14176,17.68618],[-88.11941,17.69343],[-88.10167,17.71684],[-88.0989,17.71865],[-88.09662,17.71719],[-88.09697,17.70541],[-88.09606,17.70098],[-88.10078,17.70384],[-88.11061,17.69861],[-88.12928,17.67796]]],[[[-88.0446,17.69704],[-88.04257,17.69752],[-88.04457,17.69748],[-88.04084,17.71174],[-88.04084,17.69396],[-88.04693,17.6799],[-88.0446,17.69704]]],[[[-88.02466,17.74912],[-88.02412,17.74613],[-88.02517,17.74229],[-88.0378,17.72886],[-88.03793,17.7288],[-88.03742,17.7371],[-88.03299,17.7358],[-88.03741,17.73736],[-88.03569,17.74132],[-88.02843,17.73986],[-88.02466,17.74912]]],[[[-88.02567,17.78776],[-88.02115,17.78832],[-88.02526,17.77896],[-88.0268,17.76097],[-88.02521,17.75216],[-88.02746,17.75759],[-88.03174,17.75563],[-88.0319,17.75778],[-88.02872,17.75996],[-88.02979,17.7747],[-88.02567,17.78776]]],[[[-88.07044,17.85355],[-88.06931,17.85346],[-88.05853,17.85118],[-88.05881,17.85264],[-88.05663,17.85247],[-88.05638,17.85196],[-88.045,17.85064],[-88.04927,17.84885],[-88.06555,17.84591],[-88.07077,17.85285],[-88.07044,17.85355]]],[[[-87.98406,17.91699],[-87.98439,17.9157],[-87.98659,17.91526],[-87.98406,17.91699]]],[[[-87.9589,17.92714],[-87.96134,17.92758],[-87.95697,17.92905],[-87.96106,17.91954],[-87.96656,17.91357],[-87.97727,17.91078],[-87.97631,17.91586],[-87.97217,17.91815],[-87.97031,17.91556],[-87.97255,17.91906],[-87.96909,17.92041],[-87.96711,17.91732],[-87.9589,17.92714]]],[[[-87.94248,17.94669],[-87.95525,17.93101],[-87.96171,17.92762],[-87.96351,17.9311],[-87.96228,17.93195],[-87.95598,17.93233],[-87.94447,17.94751],[-87.9421,17.95815],[-87.93244,17.96438],[-87.92984,17.98036],[-87.92152,17.98556],[-87.91224,18.0129],[-87.91707,18.01126],[-87.91487,18.01716],[-87.91447,18.0196],[-87.91403,18.02007],[-87.91444,18.01976],[-87.91366,18.0246],[-87.91244,18.02521],[-87.91312,18.02595],[-87.90722,18.02595],[-87.91028,18.0092],[-87.93181,17.96126],[-87.93907,17.95563],[-87.94248,17.94669]]],[[[-87.93347,18.02558],[-87.93724,18.02343],[-87.93067,18.02381],[-87.93611,18.01725],[-87.93647,18.01332],[-87.9355,18.01694],[-87.93391,18.01642],[-87.93391,18.01236],[-87.93148,18.00764],[-87.93126,18.00293],[-87.93029,18.00533],[-87.92895,18.00274],[-87.9345,17.99657],[-87.93287,17.99426],[-87.92913,17.99943],[-87.93296,17.98524],[-87.941,17.97624],[-87.94075,17.97752],[-87.95653,17.97675],[-87.95362,17.99811],[-87.95174,17.99932],[-87.95292,18.00321],[-87.9523,18.00776],[-87.95172,18.00972],[-87.95045,18.00989],[-87.95153,18.01036],[-87.94993,18.01582],[-87.94537,18.01687],[-87.9478,18.0184],[-87.94972,18.01655],[-87.94832,18.0213],[-87.94065,18.02537],[-87.94065,18.02804],[-87.9428,18.02656],[-87.93773,18.03087],[-87.93851,18.02815],[-87.93347,18.02558]]],[[[-87.96329,18.09321],[-87.96072,18.09078],[-87.96453,18.08748],[-87.96297,18.08375],[-87.97157,18.08113],[-87.96986,18.07652],[-87.97818,18.07923],[-87.98415,18.07713],[-87.98436,18.07758],[-87.98065,18.08268],[-87.98046,18.08186],[-87.97723,18.08264],[-87.97564,18.08677],[-87.97699,18.08758],[-87.97208,18.09072],[-87.96907,18.09089],[-87.96329,18.09321]]],[[[-87.95117,18.09462],[-87.95008,18.09205],[-87.95293,18.09487],[-87.95455,18.09039],[-87.95462,18.09069],[-87.95441,18.09486],[-87.94819,18.10157],[-87.95523,18.09666],[-87.95371,18.10163],[-87.9501,18.10358],[-87.94732,18.10586],[-87.94611,18.10521],[-87.94209,18.1078],[-87.94458,18.10863],[-87.94433,18.10941],[-87.93833,18.10963],[-87.93932,18.10383],[-87.95117,18.09462]]],[[[-87.80364,17.30412],[-87.80867,17.30584],[-87.80369,17.31326],[-87.80364,17.30412]]],[[[-87.91195,17.33341],[-87.91203,17.33282],[-87.91799,17.32924],[-87.92238,17.31511],[-87.9194,17.30844],[-87.92053,17.3062],[-87.92742,17.30443],[-87.9228,17.30031],[-87.92553,17.29279],[-87.9265,17.27863],[-87.93186,17.28378],[-87.93271,17.30996],[-87.91797,17.34316],[-87.9103,17.34528],[-87.91087,17.34117],[-87.91124,17.34144],[-87.91349,17.33915],[-87.91195,17.33341]]],[[[-87.79735,17.33324],[-87.80199,17.32587],[-87.80277,17.32134],[-87.80794,17.3256],[-87.81515,17.31875],[-87.82051,17.3186],[-87.82438,17.31002],[-87.82424,17.32004],[-87.81987,17.32452],[-87.82298,17.33147],[-87.81853,17.3557],[-87.82313,17.36367],[-87.81187,17.36655],[-87.81169,17.37413],[-87.79735,17.33324]]],[[[-87.90907,17.35408],[-87.91534,17.35429],[-87.91799,17.35715],[-87.91611,17.35722],[-87.9146,17.35532],[-87.90858,17.3576],[-87.90907,17.35408]]],[[[-87.91771,17.37867],[-87.91734,17.38176],[-87.91103,17.37968],[-87.90334,17.38059],[-87.90674,17.36904],[-87.90746,17.36913],[-87.90442,17.37865],[-87.91174,17.3773],[-87.91388,17.37384],[-87.91285,17.37861],[-87.91771,17.37867]]],[[[-87.81608,17.38419],[-87.8184,17.3861],[-87.81825,17.38753],[-87.81608,17.38419]]],[[[-87.49605,17.43486],[-87.50711,17.43972],[-87.50735,17.44546],[-87.49889,17.45238],[-87.49303,17.45148],[-87.49032,17.44613],[-87.49605,17.43486]]],[[[-87.80103,17.5342],[-87.8042,17.53213],[-87.8002,17.52695],[-87.78882,17.53069],[-87.78722,17.5255],[-87.79005,17.51906],[-87.79572,17.5182],[-87.79324,17.51563],[-87.79493,17.51301],[-87.79138,17.51492],[-87.78673,17.50923],[-87.78384,17.50919],[-87.78718,17.49689],[-87.79462,17.48283],[-87.79475,17.48277],[-87.80481,17.46652],[-87.80664,17.46011],[-87.80785,17.45783],[-87.81601,17.44732],[-87.81701,17.45073],[-87.82119,17.4469],[-87.81875,17.44378],[-87.82112,17.44074],[-87.83129,17.42373],[-87.83195,17.42332],[-87.84682,17.42221],[-87.84331,17.42434],[-87.84716,17.43761],[-87.84358,17.44387],[-87.84879,17.44703],[-87.85339,17.44075],[-87.85526,17.44254],[-87.86786,17.4377],[-87.86881,17.43152],[-87.86634,17.42981],[-87.87054,17.42242],[-87.87403,17.42229],[-87.87085,17.42338],[-87.87262,17.4278],[-87.88341,17.42736],[-87.88425,17.42981],[-87.89261,17.42394],[-87.89348,17.41354],[-87.89839,17.40899],[-87.89581,17.40656],[-87.90099,17.39965],[-87.89958,17.39228],[-87.90005,17.39179],[-87.90108,17.38831],[-87.91097,17.38131],[-87.91798,17.38265],[-87.91977,17.36108],[-87.92194,17.36583],[-87.91966,17.38857],[-87.89704,17.42272],[-87.89269,17.43704],[-87.88454,17.44351],[-87.88314,17.44724],[-87.8793,17.44994],[-87.87161,17.45761],[-87.86727,17.45273],[-87.8501,17.45435],[-87.84127,17.45839],[-87.84048,17.46199],[-87.82705,17.46051],[-87.82707,17.46437],[-87.82723,17.46442],[-87.82128,17.46361],[-87.81163,17.47232],[-87.80394,17.49193],[-87.80357,17.49615],[-87.79661,17.49618],[-87.78938,17.50033],[-87.78968,17.50805],[-87.80015,17.50853],[-87.79677,17.52443],[-87.80588,17.52629],[-87.81035,17.5306],[-87.81809,17.52207],[-87.81923,17.51807],[-87.82144,17.51618],[-87.8248,17.51435],[-87.82276,17.52146],[-87.81235,17.53207],[-87.81235,17.54436],[-87.80953,17.5437],[-87.80688,17.54004],[-87.80151,17.5401],[-87.80103,17.5342]]],[[[-87.85861,17.47042],[-87.85908,17.47012],[-87.8588,17.4704],[-87.85861,17.47042]]],[[[-87.93086,18.02106],[-87.92976,18.02109],[-87.93091,18.02054],[-87.93086,18.02106]]],[[[-87.92544,18.02314],[-87.92657,18.0226],[-87.92703,18.02499],[-87.92532,18.02326],[-87.92544,18.02314]]],[[[-87.93226,18.03263],[-87.93374,18.02986],[-87.93768,18.03294],[-87.92858,18.04065],[-87.9252,18.03103],[-87.93048,18.02381],[-87.92883,18.02901],[-87.93061,18.03062],[-87.93393,18.02589],[-87.93226,18.03263]]],[[[-87.92677,18.04275],[-87.92828,18.04648],[-87.92509,18.05096],[-87.93153,18.04276],[-87.93126,18.0463],[-87.92817,18.05264],[-87.92412,18.05251],[-87.91817,18.05775],[-87.9161,18.05616],[-87.92307,18.04801],[-87.91915,18.04352],[-87.92589,18.03572],[-87.92797,18.04064],[-87.92357,18.04431],[-87.92677,18.04275]]],[[[-87.85012,18.13278],[-87.86221,18.12214],[-87.86962,18.11083],[-87.89005,18.05703],[-87.89977,18.03901],[-87.9047,18.04225],[-87.90389,18.04348],[-87.9064,18.04813],[-87.90472,18.0442],[-87.90601,18.04311],[-87.90665,18.04352],[-87.9073,18.0438],[-87.9077,18.04626],[-87.90651,18.05157],[-87.90084,18.05493],[-87.90476,18.06174],[-87.9128,18.05906],[-87.91357,18.06261],[-87.92842,18.0527],[-87.92883,18.05853],[-87.93426,18.06153],[-87.9386,18.04919],[-87.93778,18.05715],[-87.93582,18.06381],[-87.92325,18.08144],[-87.91663,18.07653],[-87.90962,18.07857],[-87.90755,18.0848],[-87.90474,18.08497],[-87.91215,18.08841],[-87.91292,18.09228],[-87.90919,18.09107],[-87.91057,18.09488],[-87.90681,18.09375],[-87.90884,18.10231],[-87.91514,18.09601],[-87.91382,18.08839],[-87.91854,18.09132],[-87.92107,18.0878],[-87.92028,18.09081],[-87.91992,18.0966],[-87.91256,18.0998],[-87.90697,18.11225],[-87.90058,18.11786],[-87.89535,18.13378],[-87.89674,18.14202],[-87.89324,18.13084],[-87.88484,18.13581],[-87.88731,18.13806],[-87.89035,18.13533],[-87.88895,18.1429],[-87.88456,18.14178],[-87.88254,18.14625],[-87.88879,18.14388],[-87.88768,18.15911],[-87.8793,18.15571],[-87.86023,18.1678],[-87.85968,18.16537],[-87.85427,18.16076],[-87.85207,18.15175],[-87.85609,18.14736],[-87.85632,18.14066],[-87.85039,18.14017],[-87.85012,18.13278]]]]}},{"type":"Feature","properties":{"id":"BLZ:ADM1:BLZ-1324","name":"Cayo","countryCode":"BLZ"},"geometry":{"type":"Polygon","coordinates":[[[-88.89636,17.39159],[-88.88707,17.41047],[-88.88121,17.41568],[-88.8386,17.40835],[-88.82123,17.41201],[-88.81174,17.40739],[-88.79881,17.4072],[-88.78629,17.41413],[-88.77437,17.40797],[-88.74347,17.40816],[-88.72085,17.41548],[-88.70186,17.43861],[-88.68873,17.43822],[-88.68247,17.44554],[-88.67258,17.44805],[-88.66409,17.44169],[-88.64793,17.45961],[-88.62864,17.45765],[-88.60954,17.46492],[-88.61008,17.4581],[-88.60192,17.4562],[-88.60048,17.47113],[-88.60524,17.47365],[-88.60219,17.47654],[-88.60881,17.47771],[-88.61218,17.48297],[-88.60149,17.48157],[-88.60062,17.48717],[-88.60453,17.48969],[-88.60083,17.49276],[-88.59186,17.49409],[-88.58751,17.49143],[-88.58712,17.49406],[-88.59238,17.49667],[-88.59102,17.49861],[-88.572,17.49833],[-88.56536,17.33353],[-88.56157,17.31593],[-88.56435,17.2752],[-88.5598,17.26386],[-88.56316,17.23704],[-88.55685,17.2245],[-88.54599,17.21557],[-88.53463,17.18736],[-88.54574,17.16565],[-88.55256,17.14177],[-88.56064,17.13163],[-88.56064,17.12367],[-88.57087,17.11339],[-88.58951,17.10652],[-88.59986,17.1],[-88.59834,17.09252],[-88.57587,17.0597],[-88.56401,17.05608],[-88.55441,17.04715],[-88.55542,17.0358],[-88.5736,17.0288],[-88.58597,17.00466],[-88.58774,16.98559],[-88.59556,16.97424],[-88.60541,16.96458],[-88.61955,16.96216],[-88.62384,16.95468],[-88.62485,16.94091],[-88.63975,16.93777],[-88.64177,16.92739],[-88.6607,16.91144],[-88.65641,16.89985],[-88.65641,16.88294],[-88.66247,16.87644],[-88.65776,16.86342],[-88.66455,16.85309],[-88.66229,16.84651],[-88.68247,16.84329],[-88.67987,16.84142],[-88.68134,16.83591],[-88.68615,16.82953],[-88.68384,16.8274],[-88.67966,16.82957],[-88.67328,16.82327],[-88.66799,16.82285],[-88.66357,16.81913],[-88.66475,16.81345],[-88.68423,16.80881],[-88.68911,16.80473],[-88.71396,16.80065],[-88.72547,16.79097],[-88.73559,16.7676],[-88.74276,16.76438],[-88.75155,16.75386],[-88.74979,16.74249],[-88.75824,16.73607],[-88.76983,16.71058],[-88.76773,16.70755],[-88.77181,16.69436],[-88.76784,16.69305],[-88.77004,16.68887],[-88.76554,16.68833],[-88.76327,16.68207],[-88.77309,16.67849],[-88.78629,16.67908],[-88.79497,16.67439],[-88.79771,16.66942],[-88.7948,16.66654],[-88.80207,16.65996],[-88.80122,16.65485],[-88.81577,16.65034],[-88.81169,16.64006],[-88.81481,16.62883],[-88.8013,16.62484],[-88.80275,16.61851],[-88.80937,16.61816],[-88.81146,16.61353],[-88.8298,16.60753],[-88.83446,16.59661],[-88.84334,16.59407],[-88.84498,16.5895],[-88.85167,16.58732],[-88.8515,16.58331],[-88.8879,16.57034],[-88.89059,16.56267],[-88.89791,16.56039],[-88.90711,16.54942],[-88.91995,16.55178],[-88.93665,16.54522],[-88.94952,16.53087],[-88.94646,16.51745],[-88.96617,16.51586],[-88.97181,16.51132],[-88.97236,16.50642],[-88.97861,16.50875],[-88.99116,16.50087],[-89.00274,16.49888],[-89.018,16.52],[-89.02217,16.52009],[-89.02394,16.51109],[-89.02987,16.50992],[-89.02862,16.50548],[-89.04077,16.49743],[-89.04081,16.49091],[-89.0471,16.48846],[-89.05397,16.49025],[-89.05606,16.48041],[-89.06828,16.47793],[-89.07609,16.4806],[-89.09398,16.47358],[-89.10335,16.47653],[-89.14141,16.46509],[-89.15482,16.45185],[-89.15995,16.43483],[-89.19297,16.40049],[-89.16535,16.82127],[-89.15,17.05907],[-89.15019,17.13357],[-89.15065,17.31518],[-89.11914,17.34744],[-89.10398,17.35389],[-89.06481,17.3806],[-89.04724,17.37443],[-89.04057,17.36537],[-89.03287,17.36531],[-89.00442,17.3752],[-88.95918,17.38195],[-88.93992,17.37819],[-88.92008,17.38016],[-88.90909,17.38253],[-88.89636,17.39159]],[[-89.05205,17.12803],[-89.04883,17.12904],[-89.05721,17.13136],[-89.05205,17.12803]],[[-88.99729,17.13763],[-88.99175,17.14809],[-89.00172,17.13394],[-88.99729,17.13763]],[[-89.03476,16.86876],[-89.03555,16.86756],[-89.03125,16.86873],[-89.03476,16.86876]],[[-89.0881,17.1631],[-89.08815,17.17813],[-89.08958,17.17098],[-89.0881,17.1631]]]}},{"type":"Feature","properties":{"id":"BLZ:ADM1:BLZ-1325","name":"Corozal","countryCode":"BLZ"},"geometry":{"type":"MultiPolygon","coordinates":[[[[-88.15162,18.0021],[-88.15552,17.98095],[-88.15145,17.9748],[-88.15427,17.97478],[-88.15759,17.98815],[-88.15518,17.99023],[-88.15869,17.99253],[-88.15599,17.99125],[-88.15561,17.99409],[-88.15952,17.99587],[-88.1547,17.99899],[-88.15499,18.00337],[-88.15151,18.00519],[-88.1534,18.00724],[-88.14779,18.0132],[-88.13786,18.01789],[-88.13898,18.02381],[-88.13439,18.02177],[-88.13532,18.01971],[-88.15162,18.0021]]],[[[-88.09694,18.29758],[-88.10087,18.30142],[-88.10361,18.28672],[-88.10048,18.28262],[-88.10371,18.28157],[-88.09775,18.27748],[-88.09968,18.28365],[-88.09429,18.28471],[-88.09721,18.2762],[-88.09424,18.2757],[-88.09487,18.22599],[-88.08951,18.20876],[-88.095,18.1822],[-88.10159,18.11597],[-88.1058,18.09946],[-88.10782,18.10023],[-88.10622,18.10307],[-88.10561,18.11234],[-88.10911,18.11207],[-88.10747,18.10924],[-88.10586,18.10925],[-88.10838,18.10383],[-88.11541,18.10765],[-88.11013,18.10356],[-88.11117,18.09686],[-88.12438,18.05763],[-88.12335,18.06382],[-88.12494,18.05982],[-88.12967,18.0625],[-88.12762,18.05813],[-88.1252,18.05892],[-88.12544,18.05454],[-88.13192,18.05785],[-88.1362,18.05344],[-88.13448,18.05809],[-88.14083,18.0614],[-88.14056,18.06471],[-88.14127,18.06045],[-88.13678,18.05885],[-88.14187,18.05547],[-88.14352,18.0601],[-88.14041,18.05908],[-88.14597,18.06395],[-88.14436,18.06576],[-88.15378,18.06441],[-88.15188,18.06288],[-88.14569,18.06317],[-88.14304,18.04799],[-88.14532,18.04721],[-88.1475,18.05183],[-88.14856,18.04925],[-88.14958,18.05431],[-88.15342,18.05128],[-88.15112,18.04975],[-88.15772,18.05022],[-88.16144,18.04145],[-88.1574,18.04121],[-88.15898,18.03682],[-88.15388,18.03917],[-88.15563,18.0323],[-88.15037,18.03739],[-88.1528,18.03892],[-88.15011,18.03894],[-88.14712,18.0338],[-88.15143,18.03455],[-88.14925,18.03044],[-88.15356,18.03119],[-88.15677,18.02731],[-88.15815,18.03348],[-88.16272,18.03191],[-88.16189,18.02934],[-88.16753,18.02621],[-88.16321,18.02444],[-88.16869,18.02586],[-88.16966,18.02362],[-88.1671,18.02235],[-88.16882,18.01848],[-88.1656,18.02004],[-88.16643,18.02236],[-88.16399,18.02031],[-88.16186,18.02367],[-88.1613,18.02033],[-88.15889,18.0224],[-88.16073,18.01544],[-88.1542,18.00543],[-88.15718,18.00863],[-88.16499,18.00871],[-88.16333,18.0],[-88.15874,18.0],[-88.15859,17.99742],[-88.16679,17.99634],[-88.16541,17.99068],[-88.16947,17.99478],[-88.17403,17.99218],[-88.17436,17.98136],[-88.17153,17.97996],[-88.17101,17.98305],[-88.16883,17.97907],[-88.18036,17.97205],[-88.17737,17.96846],[-88.18167,17.96766],[-88.17924,17.96536],[-88.18194,17.96343],[-88.2759,17.97352],[-88.44072,18.11136],[-88.4814,18.19453],[-88.5043,18.20448],[-88.59504,18.24392],[-88.60561,18.25302],[-88.6039,18.25777],[-88.60652,18.2642],[-88.60253,18.26783],[-88.59728,18.28942],[-88.60583,18.29174],[-88.57884,18.32041],[-88.57527,18.32022],[-88.55067,18.35241],[-88.54403,18.36099],[-88.5509,18.37775],[-88.54483,18.39158],[-88.5321,18.40762],[-88.52781,18.43514],[-88.51944,18.46112],[-88.47792,18.49372],[-88.46565,18.48666],[-88.45556,18.48835],[-88.44775,18.47547],[-88.44213,18.48125],[-88.40199,18.496],[-88.38713,18.48159],[-88.38027,18.4788],[-88.36611,18.48621],[-88.35173,18.48426],[-88.32682,18.49043],[-88.31908,18.48821],[-88.31333,18.47778],[-88.30275,18.47167],[-88.30162,18.46472],[-88.2959,18.45755],[-88.31037,18.44354],[-88.31697,18.44247],[-88.3181,18.4319],[-88.32161,18.43136],[-88.32261,18.42704],[-88.34265,18.41323],[-88.35018,18.41004],[-88.37613,18.39324],[-88.38389,18.39201],[-88.39488,18.38387],[-88.39816,18.37442],[-88.39551,18.35511],[-88.38363,18.34532],[-88.39205,18.33973],[-88.38668,18.34087],[-88.38391,18.34262],[-88.38058,18.34656],[-88.366,18.34987],[-88.35271,18.35908],[-88.32093,18.36591],[-88.32311,18.36026],[-88.32489,18.35731],[-88.33502,18.35066],[-88.34516,18.33668],[-88.34508,18.3295],[-88.35534,18.31708],[-88.36083,18.30825],[-88.35798,18.3037],[-88.35025,18.30419],[-88.34142,18.31025],[-88.32457,18.32831],[-88.31172,18.33716],[-88.30903,18.33796],[-88.29319,18.34696],[-88.2727,18.34838],[-88.26303,18.35437],[-88.26166,18.35064],[-88.25872,18.35504],[-88.24981,18.35356],[-88.24115,18.35873],[-88.23869,18.35839],[-88.23687,18.35441],[-88.22953,18.35157],[-88.23817,18.34719],[-88.2338,18.33898],[-88.21449,18.34776],[-88.20963,18.3455],[-88.21277,18.33989],[-88.20253,18.34214],[-88.21409,18.33563],[-88.21357,18.33962],[-88.21814,18.33754],[-88.21999,18.33186],[-88.21648,18.33136],[-88.22536,18.32822],[-88.22074,18.32361],[-88.21187,18.32753],[-88.20116,18.3379],[-88.1744,18.33953],[-88.13551,18.36251],[-88.12529,18.36644],[-88.10964,18.36576],[-88.09715,18.37355],[-88.09933,18.35629],[-88.10311,18.35652],[-88.10183,18.34674],[-88.10211,18.34612],[-88.11321,18.33797],[-88.12282,18.33889],[-88.12904,18.32965],[-88.14171,18.32445],[-88.14615,18.32022],[-88.14635,18.31346],[-88.14679,18.31338],[-88.14762,18.30494],[-88.15291,18.30214],[-88.15074,18.29881],[-88.14537,18.30244],[-88.14712,18.3059],[-88.14112,18.30537],[-88.13634,18.30813],[-88.1315,18.31006],[-88.12661,18.30702],[-88.12628,18.31093],[-88.12951,18.31206],[-88.12376,18.32119],[-88.12257,18.32112],[-88.12254,18.31597],[-88.11562,18.31662],[-88.11891,18.31831],[-88.11854,18.32346],[-88.12122,18.32087],[-88.12252,18.32268],[-88.12047,18.32405],[-88.11908,18.32423],[-88.11909,18.32499],[-88.11757,18.326],[-88.1145,18.32439],[-88.10966,18.32661],[-88.1118,18.32325],[-88.10842,18.3194],[-88.10883,18.32352],[-88.10263,18.32356],[-88.10426,18.32612],[-88.10021,18.32537],[-88.101,18.32202],[-88.09628,18.32909],[-88.09751,18.33336],[-88.09603,18.33362],[-88.09592,18.329],[-88.10062,18.30503],[-88.09694,18.29758]],[[-88.45058,18.34852],[-88.4815,18.33565],[-88.45126,18.34814],[-88.45058,18.34852]],[[-88.41283,18.36995],[-88.41759,18.36866],[-88.42448,18.36334],[-88.41283,18.36995]],[[-88.40824,18.38509],[-88.39093,18.39882],[-88.40539,18.38779],[-88.40824,18.38509]]]]}},{"type":"Feature","properties":{"id":"BLZ:ADM1:BLZ-1326","name":"Orange Walk","countryCode":"BLZ"},"geometry":{"type":"Polygon","coordinates":[[[-88.55646,17.87744],[-88.5634,17.8501],[-88.55551,17.83148],[-88.55457,17.80955],[-88.56277,17.79031],[-88.56435,17.77589],[-88.55772,17.74704],[-88.56372,17.73321],[-88.56403,17.71968],[-88.55457,17.70135],[-88.55457,17.68902],[-88.61169,17.67429],[-88.618,17.66767],[-88.618,17.65685],[-88.6363,17.61624],[-88.62864,17.45765],[-88.64793,17.45961],[-88.66409,17.44169],[-88.67258,17.44805],[-88.68247,17.44554],[-88.68873,17.43822],[-88.70186,17.43861],[-88.72085,17.41548],[-88.74347,17.40816],[-88.77437,17.40797],[-88.78629,17.41413],[-88.79881,17.4072],[-88.81174,17.40739],[-88.82123,17.41201],[-88.8386,17.40835],[-88.86687,17.41182],[-88.87556,17.41645],[-88.88707,17.41047],[-88.89636,17.39159],[-88.90909,17.38253],[-88.92969,17.37809],[-88.94948,17.37829],[-88.95918,17.38195],[-89.00442,17.3752],[-89.03287,17.36531],[-89.04057,17.36537],[-89.04724,17.37443],[-89.06481,17.3806],[-89.11106,17.34956],[-89.11914,17.34744],[-89.15065,17.31518],[-89.15196,17.93953],[-89.14497,17.95107],[-89.13621,17.95544],[-89.13397,17.97122],[-89.12421,17.97528],[-89.11669,17.96886],[-89.11159,17.96976],[-89.10195,17.98099],[-89.09605,17.98186],[-89.08506,17.99042],[-89.07635,17.99382],[-89.0586,17.99031],[-89.05226,18.00019],[-89.03752,18.00512],[-89.03587,18.00227],[-89.02854,18.00258],[-89.02861,17.99731],[-89.02157,17.99274],[-89.00062,17.98443],[-88.99885,17.97993],[-89.00399,17.97249],[-88.99816,17.97166],[-88.99962,17.96747],[-88.98722,17.94728],[-88.98325,17.95798],[-88.97392,17.95619],[-88.97044,17.95245],[-88.96611,17.95425],[-88.95977,17.95172],[-88.95692,17.95668],[-88.95382,17.95463],[-88.94478,17.95913],[-88.94527,17.95274],[-88.93737,17.94642],[-88.93796,17.94063],[-88.9329,17.9433],[-88.93048,17.94139],[-88.93374,17.93128],[-88.92695,17.92975],[-88.92046,17.91581],[-88.91543,17.91657],[-88.91368,17.91059],[-88.90658,17.91586],[-88.89625,17.90612],[-88.88536,17.90756],[-88.88728,17.90382],[-88.88262,17.90061],[-88.88251,17.896],[-88.86028,17.8941],[-88.85779,17.89978],[-88.86042,17.90084],[-88.85503,17.90406],[-88.85404,17.90978],[-88.85497,17.92013],[-88.85943,17.92519],[-88.8556,17.92616],[-88.85221,17.93348],[-88.84391,17.93743],[-88.84427,17.94027],[-88.83372,17.94193],[-88.83054,17.94877],[-88.8259,17.94668],[-88.81517,17.9503],[-88.79597,17.97434],[-88.79255,17.97156],[-88.78878,17.98097],[-88.78446,17.97986],[-88.78153,17.98509],[-88.78511,17.98523],[-88.78313,17.98827],[-88.78547,17.98716],[-88.7885,17.99304],[-88.77772,18.00461],[-88.76985,18.00679],[-88.77309,18.00988],[-88.76693,18.01602],[-88.77078,18.02918],[-88.76665,18.0343],[-88.74075,18.04371],[-88.73961,18.04817],[-88.73148,18.04957],[-88.71648,18.06083],[-88.71925,18.07179],[-88.71376,18.07496],[-88.71967,18.08375],[-88.71539,18.0946],[-88.71033,18.09651],[-88.71193,18.10381],[-88.71869,18.10837],[-88.71012,18.11707],[-88.70506,18.13222],[-88.68997,18.1551],[-88.68005,18.16006],[-88.68448,18.17792],[-88.6975,18.18072],[-88.69414,18.18704],[-88.687,18.19447],[-88.67235,18.19475],[-88.66723,18.20212],[-88.65796,18.20382],[-88.64101,18.21643],[-88.63205,18.21316],[-88.62901,18.21897],[-88.61554,18.22328],[-88.61232,18.23244],[-88.60442,18.24152],[-88.60367,18.24522],[-88.60647,18.2456],[-88.6032,18.25116],[-88.59504,18.24392],[-88.49957,18.20243],[-88.4814,18.19453],[-88.44072,18.11136],[-88.2759,17.97352],[-88.5078,17.92112],[-88.54163,17.91347],[-88.55646,17.87744]],[[-88.56049,18.07307],[-88.57242,18.08001],[-88.57474,18.08017],[-88.56049,18.07307]],[[-88.48968,18.10303],[-88.48683,18.11092],[-88.49406,18.09799],[-88.48968,18.10303]],[[-88.5114,18.15216],[-88.5104,18.14907],[-88.50969,18.15182],[-88.50421,18.15204],[-88.5114,18.15216]],[[-88.51261,18.14663],[-88.51276,18.13999],[-88.51101,18.14675],[-88.51261,18.14663]]]}},{"type":"Feature","properties":{"id":"BLZ:ADM1:BLZ-1355","name":"Stann Creek","countryCode":"BLZ"},"geometry":{"type":"MultiPolygon","coordinates":[[[[-88.36519,16.51789],[-88.3634,16.5135],[-88.36427,16.51311],[-88.36519,16.51789]]],[[[-88.35815,16.54946],[-88.35543,16.54286],[-88.36116,16.52853],[-88.36443,16.52667],[-88.35815,16.54946]]],[[[-88.36638,16.55206],[-88.36588,16.55183],[-88.36643,16.55155],[-88.36638,16.55206]]],[[[-88.35787,16.60014],[-88.36465,16.58369],[-88.36773,16.58023],[-88.36588,16.5924],[-88.36175,16.60051],[-88.36141,16.59715],[-88.35787,16.60014]]],[[[-88.34594,16.62909],[-88.34835,16.62776],[-88.35199,16.62276],[-88.35335,16.61111],[-88.35672,16.60294],[-88.35674,16.62036],[-88.35051,16.63008],[-88.34476,16.63196],[-88.34594,16.62909]]],[[[-88.40683,16.51169],[-88.41302,16.51833],[-88.42003,16.52066],[-88.42534,16.51599],[-88.42164,16.51339],[-88.55363,16.51729],[-88.54416,16.5328],[-88.53982,16.55322],[-88.5414,16.57099],[-88.55836,16.60123],[-88.5773,16.61787],[-88.58203,16.62694],[-88.57414,16.6447],[-88.58124,16.66322],[-88.63844,16.69497],[-88.65541,16.69459],[-88.69446,16.6859],[-88.72839,16.6859],[-88.74969,16.69383],[-88.76507,16.68514],[-88.76554,16.68833],[-88.77004,16.68887],[-88.76784,16.69305],[-88.77181,16.69436],[-88.76773,16.70755],[-88.76983,16.71058],[-88.75824,16.73607],[-88.74979,16.74249],[-88.75155,16.75386],[-88.74276,16.76438],[-88.73559,16.7676],[-88.72547,16.79097],[-88.71396,16.80065],[-88.68911,16.80473],[-88.68423,16.80881],[-88.66475,16.81345],[-88.66357,16.81913],[-88.66799,16.82285],[-88.67328,16.82327],[-88.67966,16.82957],[-88.68384,16.8274],[-88.68615,16.82953],[-88.68134,16.83591],[-88.67987,16.84142],[-88.68247,16.84329],[-88.66229,16.84651],[-88.66455,16.85309],[-88.65776,16.86342],[-88.66247,16.87644],[-88.65641,16.88294],[-88.65641,16.89985],[-88.6607,16.91144],[-88.64177,16.92739],[-88.63975,16.93777],[-88.62485,16.94091],[-88.62384,16.95468],[-88.61955,16.96216],[-88.60541,16.96458],[-88.59556,16.97424],[-88.58774,16.98559],[-88.58597,17.00466],[-88.5736,17.0288],[-88.55542,17.0358],[-88.55441,17.04715],[-88.56401,17.05608],[-88.57587,17.0597],[-88.59834,17.09252],[-88.59986,17.1],[-88.58951,17.10652],[-88.33587,17.1046],[-88.32704,17.11214],[-88.31568,17.11183],[-88.31031,17.11938],[-88.30136,17.12439],[-88.29764,17.11492],[-88.2897,17.10736],[-88.2883,17.09318],[-88.28204,17.07646],[-88.27716,17.07005],[-88.26781,17.06707],[-88.25492,17.07014],[-88.24861,17.06878],[-88.2438,17.06145],[-88.24192,17.03413],[-88.23516,17.02284],[-88.23529,17.0033],[-88.21824,16.96759],[-88.22023,16.95435],[-88.2237,16.95295],[-88.23249,16.95307],[-88.24234,16.94965],[-88.25329,16.93993],[-88.26322,16.92889],[-88.26531,16.92658],[-88.27873,16.91758],[-88.28088,16.89944],[-88.2812,16.89837],[-88.28855,16.89025],[-88.28897,16.88424],[-88.27707,16.84959],[-88.26859,16.83781],[-88.26102,16.83506],[-88.26576,16.83187],[-88.26558,16.82304],[-88.25694,16.81276],[-88.26549,16.81387],[-88.26968,16.81314],[-88.28238,16.80341],[-88.28751,16.79735],[-88.28894,16.79096],[-88.29425,16.78991],[-88.29423,16.78134],[-88.29455,16.78063],[-88.2967,16.77851],[-88.29941,16.77477],[-88.29944,16.77775],[-88.30343,16.78297],[-88.31073,16.78052],[-88.32028,16.77117],[-88.3224,16.76415],[-88.31914,16.76289],[-88.31925,16.75846],[-88.32451,16.75392],[-88.31455,16.75585],[-88.31274,16.76748],[-88.30531,16.77413],[-88.30192,16.77368],[-88.31104,16.76651],[-88.3129,16.75537],[-88.30049,16.72048],[-88.31169,16.69714],[-88.3092,16.66579],[-88.31273,16.65288],[-88.31699,16.64717],[-88.3276,16.63921],[-88.3339,16.63573],[-88.32744,16.64232],[-88.32462,16.64197],[-88.3148,16.65173],[-88.31358,16.65868],[-88.31127,16.6623],[-88.31311,16.66139],[-88.31273,16.66355],[-88.32003,16.67056],[-88.32417,16.67087],[-88.32775,16.66198],[-88.33579,16.65907],[-88.33812,16.65512],[-88.34085,16.6541],[-88.34381,16.65897],[-88.34323,16.65228],[-88.34834,16.65379],[-88.34696,16.64942],[-88.34243,16.651],[-88.34682,16.648],[-88.34505,16.64069],[-88.34733,16.6354],[-88.35059,16.63195],[-88.35008,16.63574],[-88.35541,16.63468],[-88.35464,16.63907],[-88.3584,16.64213],[-88.35863,16.63724],[-88.36263,16.63567],[-88.35755,16.63506],[-88.35804,16.629],[-88.3645,16.6215],[-88.36753,16.62433],[-88.37293,16.6141],[-88.36862,16.6072],[-88.37316,16.60107],[-88.37263,16.59127],[-88.36794,16.585],[-88.3706,16.58025],[-88.36994,16.57775],[-88.38638,16.55927],[-88.38512,16.55908],[-88.38735,16.55413],[-88.38398,16.55039],[-88.37831,16.55113],[-88.37607,16.54759],[-88.37784,16.5471],[-88.38402,16.548],[-88.39318,16.55183],[-88.3911,16.54304],[-88.39107,16.54298],[-88.39871,16.5421],[-88.39816,16.53146],[-88.39237,16.5274],[-88.38698,16.53061],[-88.38326,16.52612],[-88.38832,16.52379],[-88.39031,16.51821],[-88.39807,16.51715],[-88.39698,16.50764],[-88.39275,16.50741],[-88.39226,16.50598],[-88.39269,16.503],[-88.39264,16.5029],[-88.39742,16.50158],[-88.40042,16.5118],[-88.40587,16.51645],[-88.40683,16.51169]]]]}},{"type":"Feature","properties":{"id":"BLZ:ADM1:BLZ-1356","name":"Toledo","countryCode":"BLZ"},"geometry":{"type":"Polygon","coordinates":[[[-88.5773,16.61787],[-88.55836,16.60123],[-88.5414,16.57099],[-88.53982,16.55322],[-88.54416,16.5328],[-88.55363,16.51729],[-88.41463,16.51397],[-88.40441,16.50723],[-88.4107,16.49921],[-88.40774,16.49215],[-88.41442,16.48906],[-88.41229,16.48467],[-88.42057,16.4846],[-88.41828,16.48178],[-88.42105,16.47687],[-88.42722,16.48121],[-88.4277,16.47477],[-88.42935,16.48093],[-88.43659,16.48526],[-88.4328,16.47859],[-88.43041,16.4799],[-88.4301,16.47449],[-88.43438,16.47446],[-88.43022,16.47244],[-88.43454,16.46831],[-88.43064,16.46211],[-88.43316,16.45478],[-88.43807,16.45411],[-88.44512,16.46342],[-88.44864,16.46294],[-88.43826,16.45215],[-88.43991,16.44609],[-88.446,16.44312],[-88.44948,16.45086],[-88.45621,16.45234],[-88.45115,16.44538],[-88.45863,16.44591],[-88.45603,16.44314],[-88.46513,16.44131],[-88.47061,16.44491],[-88.46945,16.4531],[-88.47198,16.44556],[-88.46936,16.44085],[-88.44881,16.44178],[-88.44758,16.42759],[-88.45345,16.41869],[-88.45729,16.42228],[-88.45535,16.43421],[-88.4676,16.42967],[-88.46444,16.42441],[-88.46568,16.41988],[-88.4618,16.41995],[-88.46619,16.40959],[-88.4726,16.41058],[-88.47496,16.40489],[-88.47605,16.40798],[-88.47964,16.39857],[-88.48524,16.39421],[-88.47992,16.3903],[-88.4774,16.39289],[-88.47904,16.39714],[-88.47701,16.39406],[-88.47643,16.38737],[-88.48119,16.37719],[-88.4801,16.37103],[-88.48752,16.35377],[-88.48922,16.35049],[-88.49254,16.34638],[-88.50036,16.34211],[-88.50791,16.33256],[-88.51227,16.32942],[-88.52841,16.30932],[-88.54112,16.30275],[-88.54383,16.29687],[-88.54443,16.27253],[-88.57413,16.26881],[-88.5782,16.25655],[-88.5782,16.28555],[-88.58503,16.28555],[-88.59191,16.26382],[-88.60595,16.26065],[-88.61967,16.26894],[-88.61977,16.2691],[-88.61982,16.26915],[-88.62597,16.28181],[-88.62987,16.2875],[-88.63829,16.28815],[-88.64664,16.28661],[-88.65022,16.28555],[-88.6512,16.28276],[-88.65743,16.27697],[-88.65859,16.2686],[-88.65368,16.26501],[-88.65376,16.25801],[-88.65383,16.25785],[-88.65405,16.25759],[-88.66112,16.25536],[-88.66861,16.25435],[-88.67009,16.25522],[-88.67156,16.25395],[-88.6949,16.2508],[-88.70067,16.24706],[-88.70539,16.24234],[-88.71255,16.23823],[-88.72003,16.23727],[-88.72638,16.23861],[-88.72571,16.23654],[-88.7259,16.23652],[-88.72722,16.23593],[-88.73094,16.23569],[-88.72994,16.23471],[-88.74006,16.23017],[-88.74252,16.22089],[-88.7598,16.21596],[-88.74898,16.21311],[-88.75045,16.20738],[-88.74291,16.19105],[-88.74289,16.19081],[-88.75462,16.17795],[-88.75203,16.16773],[-88.7443,16.16837],[-88.74873,16.16405],[-88.74771,16.15576],[-88.75474,16.15206],[-88.75113,16.14621],[-88.7552,16.13972],[-88.76912,16.13046],[-88.76944,16.13033],[-88.78673,16.12727],[-88.79182,16.12466],[-88.79772,16.11835],[-88.80264,16.11058],[-88.80685,16.09395],[-88.80761,16.09304],[-88.80771,16.09265],[-88.81314,16.08812],[-88.82177,16.08487],[-88.83141,16.0795],[-88.84252,16.0703],[-88.84748,16.06517],[-88.85183,16.05911],[-88.85339,16.05806],[-88.85549,16.03558],[-88.85896,16.0307],[-88.86869,16.02477],[-88.8824,16.0209],[-88.89965,16.01081],[-88.90642,16.00542],[-88.91515,16.00207],[-88.9208,15.9941],[-88.93128,15.98753],[-88.93526,15.97718],[-88.93385,15.95842],[-88.91293,15.90054],[-88.91307,15.89966],[-88.91982,15.88856],[-88.95731,15.88838],[-88.96813,15.89481],[-88.98364,15.89632],[-88.99495,15.90439],[-89.00202,15.89807],[-89.01902,15.89443],[-89.021,15.89775],[-89.01779,15.90652],[-89.02029,15.91109],[-89.04135,15.91469],[-89.04649,15.90371],[-89.05111,15.90212],[-89.05161,15.91442],[-89.0548,15.91734],[-89.06412,15.90724],[-89.06374,15.90074],[-89.07448,15.91001],[-89.07968,15.89719],[-89.08627,15.90814],[-89.10297,15.91241],[-89.10888,15.90632],[-89.11735,15.90598],[-89.11269,15.89934],[-89.11497,15.89578],[-89.11983,15.90335],[-89.12839,15.89963],[-89.13245,15.90731],[-89.14886,15.89644],[-89.16248,15.89907],[-89.16962,15.91061],[-89.17649,15.91328],[-89.18753,15.90875],[-89.18747,15.89771],[-89.1973,15.9024],[-89.2028,15.89771],[-89.21495,15.89539],[-89.21298,15.89176],[-89.22298,15.88591],[-89.22621,15.89572],[-89.21994,15.99489],[-89.19297,16.40049],[-89.15995,16.43483],[-89.15482,16.45185],[-89.14141,16.46509],[-89.10335,16.47653],[-89.09398,16.47358],[-89.07609,16.4806],[-89.06828,16.47793],[-89.05606,16.48041],[-89.05397,16.49025],[-89.0471,16.48846],[-89.04081,16.49091],[-89.04077,16.49743],[-89.02862,16.50548],[-89.02987,16.50992],[-89.02394,16.51109],[-89.02217,16.52009],[-89.018,16.52],[-89.00274,16.49888],[-88.99116,16.50087],[-88.97861,16.50875],[-88.97236,16.50642],[-88.97181,16.51132],[-88.96617,16.51586],[-88.94646,16.51745],[-88.94952,16.53087],[-88.93665,16.54522],[-88.91995,16.55178],[-88.90711,16.54942],[-88.89791,16.56039],[-88.89059,16.56267],[-88.8879,16.57034],[-88.8515,16.58331],[-88.85167,16.58732],[-88.84498,16.5895],[-88.84334,16.59407],[-88.83446,16.59661],[-88.8298,16.60753],[-88.81146,16.61353],[-88.80937,16.61816],[-88.80275,16.61851],[-88.8013,16.62484],[-88.81481,16.62883],[-88.81169,16.64006],[-88.81577,16.65034],[-88.80122,16.65485],[-88.80207,16.65996],[-88.7948,16.66654],[-88.79771,16.66942],[-88.79497,16.67439],[-88.78629,16.67908],[-88.76453,16.68059],[-88.76507,16.68514],[-88.74969,16.69383],[-88.72839,16.6859],[-88.69446,16.6859],[-88.65541,16.69459],[-88.63844,16.69497],[-88.58124,16.66322],[-88.57414,16.6447],[-88.58203,16.62694],[-88.5773,16.61787]]]}}]}}
