{"type":"FeatureCollection","features":[{"type":"Feature","properties":{"id":"CIV:ADM2:98640826B12556457947993","name":"Iffou","countryCode":"CIV","adminLevel":2,"sourceCode":"98640826B12556457947993","parentId":"CIV:ADM1:CIV-3452"},"geometry":{"type":"Polygon","coordinates":[[[-4.64599,7.48129],[-4.63276,7.46987],[-4.63076,7.46202],[-4.61606,7.45583],[-4.60955,7.44474],[-4.60068,7.4375],[-4.59251,7.40591],[-4.5836,7.4023],[-4.5763,7.39322],[-4.5675,7.39071],[-4.56222,7.38388],[-4.55344,7.36789],[-4.56921,7.3629],[-4.57602,7.35332],[-4.56716,7.3269],[-4.54644,7.30514],[-4.5399,7.28911],[-4.54072,7.2808],[-4.53523,7.2738],[-4.51955,7.26882],[-4.51805,7.26341],[-4.50844,7.26001],[-4.50828,7.25438],[-4.49308,7.24925],[-4.48187,7.25779],[-4.45618,7.25721],[-4.44535,7.25304],[-4.41293,7.22763],[-4.3815,7.22304],[-4.37369,7.21588],[-4.35104,7.20843],[-4.33257,7.20835],[-4.32019,7.21427],[-4.24568,7.18194],[-4.22803,7.19217],[-4.20264,7.13737],[-4.12904,7.12025],[-4.104,7.01275],[-4.09761,7.00973],[-4.09493,7.001],[-4.02819,6.99813],[-4.02041,7.00123],[-3.9807,6.98847],[-3.9731,6.99326],[-3.96453,6.99249],[-3.95404,6.98689],[-3.94493,6.98723],[-3.93189,6.97834],[-3.91934,6.97503],[-3.91374,6.97826],[-3.91095,6.98745],[-3.89533,6.99179],[-3.87958,6.98357],[-3.86824,6.98778],[-3.85497,6.988],[-3.84078,6.98176],[-3.83241,6.9635],[-3.81725,6.9639],[-3.80884,6.95539],[-3.79039,6.9491],[-3.78636,6.94903],[-3.78491,6.96993],[-3.77185,6.99063],[-3.76138,6.99958],[-3.73438,7.00818],[-3.71836,7.00259],[-3.71748,7.02267],[-3.68993,7.03904],[-3.67359,7.05262],[-3.66287,7.05315],[-3.64334,7.04611],[-3.63859,7.04728],[-3.62212,7.06856],[-3.6314,7.08274],[-3.62773,7.09095],[-3.59344,7.07717],[-3.58679,7.06758],[-3.58678,7.06183],[-3.58313,7.06413],[-3.58779,7.08179],[-3.57885,7.0949],[-3.57071,7.10038],[-3.57128,7.10446],[-3.57475,7.10796],[-3.58501,7.10674],[-3.59224,7.10063],[-3.60962,7.10533],[-3.64611,7.12892],[-3.64601,7.14516],[-3.65408,7.17297],[-3.65175,7.1939],[-3.64737,7.20107],[-3.64201,7.20199],[-3.61856,7.1932],[-3.61216,7.17976],[-3.5954,7.18688],[-3.57912,7.22867],[-3.58516,7.24309],[-3.59564,7.2551],[-3.59614,7.27615],[-3.59269,7.28147],[-3.58186,7.28314],[-3.55047,7.27734],[-3.5347,7.28626],[-3.53236,7.2923],[-3.54256,7.29364],[-3.55876,7.30261],[-3.5634,7.31438],[-3.55123,7.33227],[-3.53713,7.34591],[-3.53334,7.34273],[-3.52678,7.34968],[-3.52013,7.35088],[-3.51964,7.35405],[-3.51523,7.35367],[-3.51767,7.36697],[-3.49845,7.39105],[-3.49573,7.41438],[-3.49723,7.42939],[-3.52397,7.45823],[-3.52893,7.47524],[-3.53511,7.48475],[-3.57216,7.49635],[-3.58451,7.50802],[-3.5938,7.51018],[-3.6018,7.5192],[-3.60023,7.53291],[-3.58464,7.54122],[-3.57508,7.55323],[-3.58383,7.58268],[-3.60107,7.59365],[-3.61061,7.59364],[-3.62384,7.58887],[-3.63426,7.57817],[-3.64933,7.5744],[-3.66153,7.58502],[-3.66708,7.60316],[-3.68425,7.62559],[-3.68521,7.6404],[-3.69799,7.64835],[-3.70981,7.6473],[-3.73421,7.66571],[-3.73685,7.69123],[-3.73316,7.70197],[-3.73471,7.71074],[-3.73032,7.71926],[-3.74033,7.74033],[-3.75055,7.7315],[-3.75921,7.73145],[-3.76624,7.73784],[-3.78532,7.7347],[-3.80152,7.7417],[-3.82856,7.73876],[-3.83467,7.74751],[-3.8283,7.7602],[-3.83015,7.76522],[-3.84918,7.77306],[-3.86826,7.76914],[-3.87729,7.77056],[-3.87714,7.77633],[-3.86392,7.78841],[-3.85887,7.79743],[-3.87933,7.81495],[-3.87621,7.82883],[-3.86487,7.84342],[-3.86692,7.85549],[-3.88489,7.87719],[-3.90123,7.88102],[-3.91971,7.87871],[-3.94179,7.89126],[-3.97015,7.89129],[-3.99844,7.90013],[-3.99985,7.90442],[-3.99309,7.91141],[-3.96689,7.91482],[-3.94787,7.92421],[-3.94689,7.93426],[-3.92818,7.95102],[-3.9251,7.9584],[-3.92714,7.97242],[-3.93487,7.97593],[-3.95345,7.96871],[-3.98577,7.96682],[-4.00605,7.94943],[-4.01353,7.95098],[-4.02173,7.97701],[-4.01687,7.98807],[-4.00658,7.99406],[-3.99437,8.0094],[-3.97778,8.01167],[-3.9737,8.02109],[-3.99352,8.02598],[-4.01817,8.04803],[-4.03629,8.03327],[-4.05927,8.02668],[-4.09805,8.00132],[-4.0964,7.99536],[-4.07775,7.97352],[-4.0645,7.96923],[-4.07209,7.94835],[-4.0739,7.93357],[-4.08225,7.92154],[-4.0896,7.91781],[-4.10321,7.91523],[-4.11632,7.91867],[-4.12175,7.91123],[-4.13327,7.90976],[-4.14053,7.90367],[-4.15219,7.90078],[-4.15308,7.89272],[-4.15698,7.88942],[-4.19301,7.88546],[-4.20813,7.88828],[-4.22383,7.90513],[-4.24181,7.89914],[-4.24052,7.91795],[-4.25409,7.92356],[-4.26556,7.92427],[-4.28166,7.90126],[-4.28475,7.89993],[-4.29208,7.90388],[-4.307,7.89914],[-4.30625,7.87342],[-4.3463,7.84516],[-4.50364,7.81652],[-4.52256,7.82244],[-4.5295,7.82866],[-4.52877,7.82257],[-4.53689,7.8071],[-4.53461,7.79882],[-4.53882,7.78616],[-4.53658,7.7737],[-4.52139,7.75221],[-4.51351,7.7333],[-4.5073,7.67282],[-4.49874,7.66361],[-4.49549,7.65427],[-4.49464,7.61414],[-4.49912,7.61008],[-4.50791,7.60964],[-4.51681,7.60143],[-4.53081,7.60427],[-4.53402,7.61375],[-4.53817,7.61598],[-4.57084,7.61985],[-4.57911,7.60827],[-4.58431,7.60796],[-4.59092,7.60059],[-4.5957,7.59982],[-4.59668,7.58961],[-4.6001,7.58606],[-4.59852,7.58014],[-4.60656,7.57905],[-4.60669,7.57197],[-4.63556,7.56129],[-4.64715,7.56125],[-4.6555,7.55462],[-4.65902,7.54859],[-4.65384,7.54036],[-4.65962,7.53094],[-4.6528,7.53019],[-4.65501,7.51615],[-4.6477,7.50538],[-4.64599,7.48129]]]}},{"type":"Feature","properties":{"id":"CIV:ADM2:98640826B13622385448205","name":"Haut-Sassandra","countryCode":"CIV","adminLevel":2,"sourceCode":"98640826B13622385448205","parentId":"CIV:ADM1:CIV-3446"},"geometry":{"type":"Polygon","coordinates":[[[-6.25907,7.77944],[-6.33456,7.77789],[-6.36805,7.77109],[-6.46198,7.73525],[-6.59862,7.79584],[-6.61805,7.80003],[-6.99835,7.80323],[-7.08072,7.79544],[-7.08101,7.75891],[-7.07617,7.72997],[-7.07959,7.72252],[-7.07861,7.71857],[-7.07495,7.71985],[-7.06946,7.71224],[-7.07056,7.69526],[-7.07825,7.68882],[-7.07937,7.68254],[-7.06487,7.65587],[-7.0665,7.64034],[-7.05684,7.62718],[-7.04748,7.62506],[-7.04173,7.60945],[-7.02325,7.61655],[-7.01655,7.61382],[-7.00219,7.58907],[-6.99451,7.58889],[-6.98782,7.58407],[-6.98415,7.56197],[-6.98776,7.55363],[-7.01394,7.55618],[-7.02422,7.55328],[-7.03839,7.54305],[-7.04147,7.53701],[-7.04081,7.52974],[-7.02388,7.51032],[-7.02696,7.49209],[-7.02285,7.4784],[-7.01322,7.4646],[-7.00165,7.45663],[-7.00242,7.44662],[-7.0169,7.42588],[-7.04612,7.42115],[-7.04887,7.41607],[-7.04292,7.40389],[-7.04406,7.40017],[-7.05293,7.39657],[-7.06047,7.38407],[-7.07355,7.38387],[-7.08188,7.37636],[-7.08196,7.36949],[-7.07248,7.3607],[-7.05835,7.33408],[-7.06859,7.30599],[-7.06295,7.28525],[-7.06908,7.26588],[-7.06709,7.25311],[-7.07188,7.23145],[-7.07035,7.21898],[-7.06092,7.20173],[-7.06384,7.19468],[-7.07533,7.19345],[-7.08629,7.18481],[-7.08087,7.17388],[-7.06548,7.16697],[-7.05362,7.15141],[-7.05324,7.14558],[-7.05852,7.14251],[-7.06177,7.13474],[-7.05946,7.10878],[-7.05194,7.10829],[-7.05071,7.09934],[-7.04465,7.09708],[-7.04269,7.09209],[-7.05143,7.06851],[-7.05128,7.05881],[-7.0561,7.04689],[-7.05592,7.02741],[-7.06202,7.01158],[-7.06293,7.00392],[-7.05659,6.99402],[-7.05644,6.97752],[-7.06336,6.95013],[-7.05956,6.93414],[-7.04238,6.92092],[-7.03929,6.90956],[-7.04419,6.89247],[-7.0597,6.8815],[-7.06038,6.84652],[-7.05648,6.8417],[-7.03988,6.83393],[-7.02762,6.83557],[-7.00558,6.83064],[-6.99084,6.79383],[-6.99622,6.77464],[-6.98285,6.75018],[-6.98435,6.73299],[-6.99044,6.72427],[-6.97858,6.71827],[-6.97323,6.71147],[-6.981,6.6955],[-6.98937,6.68788],[-6.99106,6.67944],[-6.98264,6.65447],[-6.98675,6.6228],[-7.02168,6.5881],[-7.02097,6.57879],[-7.01792,6.57386],[-6.99794,6.56404],[-7.00032,6.55423],[-6.99771,6.55323],[-6.99206,6.5583],[-6.98007,6.55135],[-6.9751,6.53696],[-6.96178,6.51931],[-6.96336,6.51303],[-6.95212,6.48545],[-6.95408,6.4793],[-6.96343,6.4702],[-6.977,6.46126],[-6.98406,6.4592],[-7.00127,6.46376],[-7.00504,6.45899],[-7.00488,6.45218],[-7.00019,6.44611],[-6.98712,6.44733],[-6.97836,6.42882],[-6.97884,6.42193],[-6.93425,6.37524],[-6.86454,6.27727],[-6.83344,6.27356],[-6.80869,6.27425],[-6.67954,6.296],[-6.61408,6.29949],[-6.58986,6.31989],[-6.50742,6.26099],[-6.47668,6.27113],[-6.43735,6.29277],[-6.369,6.30238],[-6.33413,6.31111],[-6.33132,6.32056],[-6.31054,6.34442],[-6.21438,6.33578],[-6.03868,6.51918],[-6.03784,6.52793],[-6.1056,6.57021],[-6.10346,6.6225],[-6.1197,6.63642],[-6.11565,6.65662],[-6.12823,6.67939],[-6.17745,6.74305],[-6.1828,6.81923],[-6.21377,6.89501],[-6.20204,6.99295],[-6.18371,7.01261],[-6.00214,7.12536],[-5.9998,7.16133],[-5.93561,7.16965],[-5.98114,7.18783],[-5.98854,7.18749],[-6.00536,7.19702],[-6.05073,7.21068],[-6.0597,7.21765],[-6.06963,7.21854],[-6.07358,7.22475],[-6.0894,7.22972],[-6.10927,7.24136],[-6.11943,7.25516],[-6.11923,7.26074],[-6.10985,7.26814],[-6.12163,7.27371],[-6.13849,7.29314],[-6.1813,7.26785],[-6.20997,7.26813],[-6.2106,7.23131],[-6.27896,7.23057],[-6.35061,7.24181],[-6.36194,7.24947],[-6.44175,7.23962],[-6.44172,7.2471],[-6.34839,7.44013],[-6.33743,7.4538],[-6.32905,7.51375],[-6.11009,7.63617],[-6.11942,7.64427],[-6.13786,7.65271],[-6.16804,7.65784],[-6.18558,7.67547],[-6.19215,7.67617],[-6.2004,7.68278],[-6.21337,7.68417],[-6.21573,7.69275],[-6.21249,7.72853],[-6.23676,7.7566],[-6.2381,7.76389],[-6.23513,7.7733],[-6.24314,7.77999],[-6.25907,7.77944]]]}},{"type":"Feature","properties":{"id":"CIV:ADM2:98640826B18937667882346","name":"Tchologo","countryCode":"CIV","adminLevel":2,"sourceCode":"98640826B18937667882346","parentId":"CIV:ADM1:CIV-3431"},"geometry":{"type":"Polygon","coordinates":[[[-4.30704,9.59485],[-4.31185,9.59247],[-4.32824,9.60782],[-4.3333,9.61871],[-4.34642,9.62383],[-4.36888,9.61539],[-4.36942,9.59729],[-4.37229,9.59131],[-4.38833,9.59314],[-4.40283,9.61302],[-4.40705,9.64516],[-4.42559,9.6604],[-4.45144,9.64965],[-4.46651,9.64724],[-4.48445,9.64892],[-4.49761,9.64402],[-4.50643,9.64655],[-4.51648,9.66399],[-4.51799,9.69717],[-4.51538,9.70491],[-4.50234,9.71766],[-4.49965,9.72815],[-4.50432,9.74152],[-4.51528,9.75],[-4.54119,9.74795],[-4.54833,9.74399],[-4.54954,9.73193],[-4.54258,9.72191],[-4.5414,9.71394],[-4.55983,9.68974],[-4.57065,9.68837],[-4.57998,9.69182],[-4.59055,9.70673],[-4.60981,9.72163],[-4.62129,9.7016],[-4.62856,9.70203],[-4.64313,9.71078],[-4.64892,9.70528],[-4.6502,9.69315],[-4.6551,9.68447],[-4.66522,9.68369],[-4.6797,9.6754],[-4.68556,9.67557],[-4.68943,9.68234],[-4.70099,9.68899],[-4.70942,9.70266],[-4.71589,9.72225],[-4.7289,9.73651],[-4.73302,9.74755],[-4.7581,9.75561],[-4.76523,9.74876],[-4.76016,9.7423],[-4.76101,9.73849],[-4.77239,9.73655],[-4.7766,9.74083],[-4.77614,9.75145],[-4.78802,9.7582],[-4.79126,9.76968],[-4.8036,9.77069],[-4.80981,9.77587],[-4.81133,9.78176],[-4.808,9.78668],[-4.79597,9.78456],[-4.78476,9.77765],[-4.78003,9.77924],[-4.77998,9.78521],[-4.78732,9.79481],[-4.78863,9.81534],[-4.78079,9.82872],[-4.79618,9.84389],[-4.80693,9.84104],[-4.81596,9.84342],[-4.82319,9.86568],[-4.83495,9.87047],[-4.8469,9.86839],[-4.88114,9.87832],[-4.90633,9.89067],[-4.9142,9.88949],[-4.92045,9.88427],[-4.92706,9.86802],[-4.93591,9.87895],[-4.95483,9.88666],[-4.96294,9.89572],[-4.96521,9.90332],[-4.9622,9.91324],[-4.9516,9.92154],[-4.95747,9.94397],[-4.9421,9.94393],[-4.93507,9.94986],[-4.93827,9.95498],[-4.95073,9.96157],[-4.95572,9.97518],[-4.9715,9.97847],[-4.97914,9.98459],[-4.98091,9.99272],[-4.97414,10.00685],[-4.97034,10.00744],[-4.96025,9.9949],[-4.95456,10.00027],[-4.9677,10.03819],[-4.98115,10.04776],[-4.99269,10.06203],[-5.00861,10.06356],[-5.01581,10.06806],[-5.01672,10.0778],[-5.00819,10.08632],[-5.00253,10.09972],[-5.00536,10.10411],[-5.0272,10.09421],[-5.03777,10.08199],[-5.04832,10.08478],[-5.05652,10.08222],[-5.05806,10.08934],[-5.04534,10.09547],[-5.04005,10.10425],[-5.04328,10.10658],[-5.04806,10.10308],[-5.05642,10.10303],[-5.07382,10.1073],[-5.07441,10.11635],[-5.07094,10.12132],[-5.05926,10.12342],[-5.04595,10.11478],[-5.04028,10.11703],[-5.0394,10.12436],[-5.04386,10.1308],[-5.06007,10.13232],[-5.07059,10.13726],[-5.0709,10.15158],[-5.06172,10.17214],[-5.06442,10.17737],[-5.07185,10.17905],[-5.08375,10.17148],[-5.09551,10.1684],[-5.10402,10.1738],[-5.10126,10.17932],[-5.08921,10.18135],[-5.0834,10.18682],[-5.08051,10.21309],[-5.08239,10.21882],[-5.08971,10.21963],[-5.09996,10.20964],[-5.11676,10.20082],[-5.12291,10.20373],[-5.12043,10.21348],[-5.10765,10.23372],[-5.11049,10.23887],[-5.12152,10.24301],[-5.12319,10.25075],[-5.11835,10.25723],[-5.10389,10.26263],[-5.09843,10.26852],[-5.104,10.27622],[-5.11603,10.27534],[-5.12053,10.27903],[-5.11858,10.28708],[-5.11118,10.2968],[-5.11233,10.30468],[-5.12379,10.29769],[-5.12845,10.30668],[-5.13217,10.30766],[-5.14724,10.28746],[-5.16614,10.28224],[-5.17916,10.29075],[-5.18292,10.29709],[-5.20041,10.30447],[-5.19378,10.31375],[-5.19665,10.31827],[-5.20626,10.30839],[-5.21553,10.30469],[-5.22953,10.3118],[-5.24371,10.31126],[-5.25397,10.3048],[-5.26016,10.30532],[-5.26432,10.30967],[-5.27544,10.30556],[-5.29032,10.31716],[-5.29732,10.31236],[-5.29468,10.29933],[-5.30458,10.30057],[-5.31827,10.29466],[-5.32547,10.2878],[-5.3513,10.29915],[-5.35828,10.28185],[-5.36718,10.28018],[-5.37308,10.29001],[-5.39054,10.28861],[-5.40829,10.30007],[-5.4208,10.32055],[-5.42459,10.3217],[-5.43083,10.31649],[-5.43663,10.31928],[-5.43792,10.33338],[-5.44162,10.33812],[-5.45395,10.33737],[-5.46255,10.34262],[-5.46367,10.34625],[-5.45897,10.35509],[-5.46406,10.36857],[-5.46893,10.37443],[-5.4751,10.37025],[-5.48192,10.37055],[-5.48865,10.4012],[-5.50396,10.41488],[-5.50993,10.4158],[-5.51174,10.42341],[-5.52622,10.43716],[-5.5493,10.44967],[-5.55921,10.46049],[-5.58112,10.45209],[-5.60262,10.45502],[-5.6141,10.45134],[-5.63093,10.45843],[-5.64715,10.45751],[-5.65683,10.46489],[-5.67704,10.46178],[-5.68781,10.45657],[-5.71349,10.43016],[-5.74792,10.42729],[-5.76193,10.4354],[-5.77364,10.43818],[-5.80776,10.4142],[-5.80163,10.41027],[-5.78256,10.40714],[-5.77986,10.40329],[-5.78617,10.38116],[-5.80856,10.37191],[-5.8224,10.37027],[-5.82684,10.3637],[-5.82309,10.35934],[-5.82509,10.35423],[-5.81344,10.33713],[-5.81309,10.32885],[-5.8075,10.32064],[-5.80784,10.30993],[-5.79,10.29406],[-5.78671,10.28533],[-5.79213,10.25607],[-5.78224,10.24665],[-5.78162,10.23055],[-5.7981,10.20754],[-5.78259,10.1943],[-5.77543,10.17261],[-5.73395,10.1235],[-5.73843,10.10669],[-5.72519,10.08987],[-5.72147,10.07476],[-5.72363,10.06518],[-5.73275,10.05358],[-5.73023,10.03628],[-5.72262,10.0181],[-5.7325,9.99814],[-5.72256,9.97391],[-5.72459,9.96238],[-5.72069,9.96204],[-5.71657,9.95652],[-5.71653,9.93731],[-5.7123,9.93069],[-5.71584,9.92846],[-5.7108,9.91349],[-5.69934,9.90206],[-5.68084,9.89524],[-5.67821,9.88705],[-5.68644,9.87491],[-5.68606,9.86789],[-5.67934,9.86047],[-5.66823,9.85905],[-5.66364,9.83796],[-5.64526,9.82707],[-5.63,9.82298],[-5.62792,9.81932],[-5.63181,9.81609],[-5.62801,9.80829],[-5.63344,9.79171],[-5.63965,9.78484],[-5.64615,9.78287],[-5.6524,9.77038],[-5.6466,9.76473],[-5.63796,9.76735],[-5.63906,9.75821],[-5.63506,9.75352],[-5.62596,9.75879],[-5.6186,9.75642],[-5.61265,9.73598],[-5.60379,9.74383],[-5.57517,9.73127],[-5.57302,9.74017],[-5.56061,9.74303],[-5.5669,9.73887],[-5.56731,9.73386],[-5.55351,9.71889],[-5.55118,9.72152],[-5.55291,9.73165],[-5.56094,9.73502],[-5.5595,9.73712],[-5.54898,9.73239],[-5.54194,9.73666],[-5.53616,9.73388],[-5.52307,9.74412],[-5.51978,9.739],[-5.52443,9.7371],[-5.51565,9.73391],[-5.51088,9.74312],[-5.49735,9.73914],[-5.48883,9.74636],[-5.48172,9.74719],[-5.4693,9.75506],[-5.46339,9.74086],[-5.46691,9.73221],[-5.46009,9.72876],[-5.45646,9.73366],[-5.44918,9.7293],[-5.45253,9.7254],[-5.46588,9.72608],[-5.46942,9.71403],[-5.44947,9.71627],[-5.43994,9.70417],[-5.42103,9.70599],[-5.41105,9.6921],[-5.38953,9.68536],[-5.39255,9.66862],[-5.38721,9.66726],[-5.3837,9.67162],[-5.37292,9.67072],[-5.36568,9.66108],[-5.36802,9.64268],[-5.35597,9.64155],[-5.35104,9.64887],[-5.3445,9.64482],[-5.34803,9.6249],[-5.34165,9.62533],[-5.32497,9.64306],[-5.32465,9.63815],[-5.33403,9.62867],[-5.33415,9.61871],[-5.32895,9.61533],[-5.3191,9.61643],[-5.31855,9.61018],[-5.32244,9.61229],[-5.32623,9.60457],[-5.3203,9.59763],[-5.31205,9.60023],[-5.30148,9.59773],[-5.30658,9.58476],[-5.29399,9.57148],[-5.30792,9.56321],[-5.30786,9.56032],[-5.29827,9.55607],[-5.30703,9.54381],[-5.30227,9.53574],[-5.30414,9.51327],[-5.3127,9.50468],[-5.33067,9.51155],[-5.3336,9.50516],[-5.32031,9.48237],[-5.30246,9.49316],[-5.29446,9.49141],[-5.29256,9.48559],[-5.29443,9.48018],[-5.3087,9.48027],[-5.32566,9.46981],[-5.32446,9.46517],[-5.31877,9.46599],[-5.31176,9.46229],[-5.30707,9.44496],[-5.31574,9.4377],[-5.32862,9.4402],[-5.33297,9.43632],[-5.32986,9.42062],[-5.33922,9.41032],[-5.3342,9.40621],[-5.34858,9.39189],[-5.34305,9.38391],[-5.33931,9.38571],[-5.33786,9.39205],[-5.3217,9.39507],[-5.29958,9.38832],[-5.28357,9.39827],[-5.27894,9.39579],[-5.24795,9.40217],[-5.24335,9.40649],[-5.23036,9.40723],[-5.22049,9.41239],[-5.21078,9.41056],[-5.20432,9.42763],[-5.20044,9.42697],[-5.19773,9.41925],[-5.1901,9.41352],[-5.17765,9.37675],[-5.14069,9.33496],[-5.11416,9.32459],[-5.05192,9.30928],[-5.0239,9.30701],[-5.01702,9.30312],[-5.0058,9.28318],[-5.00965,9.22241],[-4.9969,9.2158],[-4.98869,9.20774],[-4.98704,9.20127],[-4.97713,9.19452],[-4.98116,9.18851],[-4.97931,9.18208],[-4.9843,9.16661],[-4.96312,9.1575],[-4.96209,9.15234],[-4.95674,9.1501],[-4.9524,9.13846],[-4.94282,9.12837],[-4.93534,9.13113],[-4.90429,9.11551],[-4.89511,9.1225],[-4.88542,9.10665],[-4.88733,9.07937],[-4.90782,9.02038],[-4.91094,8.99338],[-4.90542,8.98784],[-4.91402,8.97899],[-4.91542,8.96187],[-4.9259,8.95799],[-4.92982,8.95041],[-4.92771,8.94601],[-4.93629,8.94371],[-4.94636,8.93241],[-4.94937,8.9403],[-4.95874,8.94063],[-4.96106,8.92991],[-4.60885,8.92069],[-4.5727,8.92101],[-4.55803,8.92677],[-4.55196,8.92344],[-4.55172,8.91943],[-4.53268,8.9136],[-4.5124,8.91636],[-4.49883,8.89847],[-4.49614,8.8836],[-4.48346,8.8863],[-4.48324,8.88346],[-4.49743,8.85142],[-4.50733,8.83913],[-4.50683,8.83102],[-4.48751,8.79356],[-4.46587,8.77199],[-4.44892,8.76952],[-4.43457,8.741],[-4.4237,8.74719],[-4.40177,8.74636],[-4.3648,8.75522],[-4.35129,8.73069],[-4.34245,8.72477],[-4.33594,8.72988],[-4.32346,8.72828],[-4.32094,8.73547],[-4.31673,8.73731],[-4.29322,8.73961],[-4.28272,8.74811],[-4.27619,8.74203],[-4.27319,8.74702],[-4.26874,8.74779],[-4.26244,8.74314],[-4.26536,8.73203],[-4.25774,8.72573],[-4.25648,8.72],[-4.26152,8.71791],[-4.25914,8.71239],[-4.24931,8.71221],[-4.24559,8.69395],[-4.23876,8.68902],[-4.23369,8.67866],[-4.22108,8.67249],[-4.20953,8.65966],[-4.20006,8.65994],[-4.2015,8.66285],[-4.19679,8.66668],[-4.19633,8.67412],[-4.18902,8.67437],[-4.19292,8.68063],[-4.18798,8.68383],[-4.16136,8.66681],[-4.16074,8.65469],[-4.15101,8.66779],[-4.13896,8.66094],[-4.13491,8.66195],[-4.12413,8.65173],[-4.11229,8.64822],[-4.10789,8.6492],[-4.10542,8.66024],[-4.09298,8.65201],[-4.08955,8.65156],[-4.08973,8.65616],[-4.0842,8.65907],[-4.07356,8.65324],[-4.07636,8.66303],[-4.07434,8.66816],[-4.06192,8.66169],[-4.05888,8.65467],[-4.05004,8.65534],[-4.04467,8.64842],[-4.0345,8.66115],[-4.00364,8.64916],[-4.00169,8.64592],[-3.99076,8.64852],[-3.98434,8.64645],[-3.97948,8.64367],[-3.98122,8.63534],[-3.97583,8.63507],[-3.97377,8.6317],[-3.97013,8.63111],[-3.96973,8.63652],[-3.95608,8.63251],[-3.9467,8.64281],[-3.94323,8.64168],[-3.94143,8.67105],[-3.92981,8.6836],[-3.91436,8.6813],[-3.88934,8.6942],[-3.86281,8.69371],[-3.86514,8.6977],[-3.87263,8.69891],[-3.86287,8.72975],[-3.81077,8.78283],[-3.80594,8.82504],[-3.82391,8.83267],[-3.82744,8.86161],[-3.83786,8.87655],[-3.85464,8.88346],[-3.85707,8.90271],[-3.86409,8.91538],[-3.89281,8.92584],[-3.90433,8.95112],[-3.8817,8.96009],[-3.86136,8.95298],[-3.84293,8.97466],[-3.82818,8.97585],[-3.81765,8.98521],[-3.80008,8.99257],[-3.79464,8.99801],[-3.79541,9.00074],[-3.7997,9.0083],[-3.81643,9.02003],[-3.83268,9.02547],[-3.85262,9.02648],[-3.87332,9.05075],[-3.88421,9.04816],[-3.8956,9.05132],[-3.9017,9.05712],[-3.89865,9.0612],[-3.88537,9.06616],[-3.88562,9.08963],[-3.87884,9.09922],[-3.87231,9.10101],[-3.86493,9.09705],[-3.85838,9.08449],[-3.85035,9.07683],[-3.84607,9.07839],[-3.84267,9.08623],[-3.84543,9.10754],[-3.84365,9.11479],[-3.84796,9.12098],[-3.86441,9.11897],[-3.86834,9.11062],[-3.87651,9.1068],[-3.8875,9.10575],[-3.90233,9.11125],[-3.90723,9.12701],[-3.90779,9.14298],[-3.88355,9.17236],[-3.89138,9.17448],[-3.90817,9.16862],[-3.93259,9.17009],[-3.94881,9.18681],[-3.95191,9.20063],[-3.9572,9.20557],[-3.98662,9.20661],[-3.9943,9.20219],[-4.00066,9.20365],[-4.0017,9.20993],[-4.01136,9.21542],[-4.01542,9.21649],[-4.02641,9.21142],[-4.04761,9.23778],[-4.05923,9.23903],[-4.06471,9.24308],[-4.07194,9.25656],[-4.08277,9.25897],[-4.09566,9.25572],[-4.12422,9.26223],[-4.14526,9.24862],[-4.15914,9.23642],[-4.16066,9.23114],[-4.16692,9.22857],[-4.18322,9.24525],[-4.19404,9.2518],[-4.19682,9.26082],[-4.19292,9.27022],[-4.17854,9.27791],[-4.1696,9.28783],[-4.20862,9.34628],[-4.18624,9.36432],[-4.18574,9.38176],[-4.1776,9.39205],[-4.17716,9.3994],[-4.18026,9.40329],[-4.19169,9.40578],[-4.1966,9.41491],[-4.19138,9.45106],[-4.2315,9.47786],[-4.24291,9.50218],[-4.23902,9.52379],[-4.24049,9.53634],[-4.25501,9.54151],[-4.26455,9.55267],[-4.27565,9.55694],[-4.29876,9.58994],[-4.30704,9.59485]]]}},{"type":"Feature","properties":{"id":"CIV:ADM2:98640826B22329502030217","name":"Guemon","countryCode":"CIV","adminLevel":2,"sourceCode":"98640826B22329502030217","parentId":"CIV:ADM1:CIV-3441"},"geometry":{"type":"Polygon","coordinates":[[[-7.17688,6.33169],[-7.17751,6.34542],[-7.17038,6.37378],[-7.1603,6.37711],[-7.15306,6.39759],[-7.12612,6.40531],[-7.15633,6.43184],[-7.15441,6.4419],[-7.15722,6.44676],[-7.14985,6.46276],[-7.12989,6.45816],[-7.00001,6.55631],[-6.99677,6.56222],[-7.01792,6.57386],[-7.02168,6.5881],[-6.98675,6.6228],[-6.98264,6.65447],[-6.99106,6.67944],[-6.98937,6.68788],[-6.981,6.6955],[-6.97323,6.71147],[-6.97858,6.71827],[-6.99044,6.72427],[-6.98435,6.73299],[-6.98285,6.75018],[-6.99622,6.77464],[-6.99084,6.79383],[-7.00558,6.83064],[-7.02762,6.83557],[-7.03988,6.83393],[-7.05648,6.8417],[-7.06038,6.84652],[-7.0597,6.8815],[-7.04419,6.89247],[-7.03929,6.90956],[-7.04238,6.92092],[-7.05956,6.93414],[-7.06336,6.95013],[-7.05644,6.97752],[-7.05659,6.99402],[-7.06293,7.00392],[-7.06202,7.01158],[-7.05592,7.02741],[-7.0561,7.04689],[-7.05128,7.05881],[-7.05143,7.06851],[-7.04269,7.09209],[-7.04465,7.09708],[-7.05071,7.09934],[-7.05194,7.10829],[-7.05946,7.10878],[-7.06177,7.13474],[-7.05852,7.14251],[-7.05324,7.14558],[-7.05362,7.15141],[-7.06548,7.16697],[-7.08087,7.17388],[-7.08629,7.18481],[-7.07533,7.19345],[-7.06384,7.19468],[-7.06092,7.20173],[-7.07035,7.21898],[-7.07188,7.23145],[-7.06709,7.25311],[-7.06908,7.26588],[-7.06295,7.28525],[-7.06859,7.30599],[-7.05835,7.33408],[-7.07248,7.3607],[-7.08196,7.36949],[-7.08188,7.37636],[-7.07355,7.38387],[-7.06047,7.38407],[-7.05293,7.39657],[-7.04406,7.40017],[-7.04292,7.40389],[-7.04887,7.41607],[-7.04612,7.42115],[-7.0169,7.42588],[-7.00242,7.44662],[-7.00165,7.45663],[-7.01322,7.4646],[-7.02285,7.4784],[-7.02696,7.49209],[-7.02388,7.51032],[-7.04081,7.52974],[-7.04147,7.53701],[-7.03839,7.54305],[-7.02422,7.55328],[-7.01394,7.55618],[-6.99711,7.55313],[-6.98544,7.55544],[-6.98657,7.58009],[-6.99451,7.58889],[-7.00219,7.58907],[-7.01655,7.61382],[-7.02325,7.61655],[-7.04173,7.60945],[-7.04748,7.62506],[-7.05684,7.62718],[-7.0665,7.64034],[-7.06487,7.65587],[-7.07937,7.68254],[-7.07825,7.68882],[-7.07056,7.69526],[-7.06946,7.71224],[-7.07495,7.71985],[-7.09755,7.71473],[-7.12609,7.72563],[-7.15133,7.7218],[-7.16683,7.69985],[-7.17611,7.67472],[-7.1888,7.66245],[-7.22849,7.66373],[-7.23435,7.65206],[-7.24518,7.64812],[-7.24792,7.62393],[-7.27859,7.58627],[-7.27995,7.57298],[-7.29068,7.55506],[-7.28657,7.55461],[-7.28624,7.54824],[-7.29041,7.5423],[-7.28717,7.54084],[-7.28741,7.53502],[-7.28273,7.52733],[-7.28083,7.50798],[-7.29328,7.50284],[-7.29515,7.49652],[-7.30258,7.49068],[-7.33968,7.48655],[-7.34453,7.47624],[-7.34961,7.47782],[-7.36074,7.47097],[-7.37151,7.46978],[-7.38182,7.45432],[-7.37871,7.4518],[-7.38989,7.45022],[-7.40593,7.43795],[-7.41103,7.43999],[-7.4218,7.43709],[-7.42921,7.42243],[-7.44667,7.41985],[-7.45787,7.41123],[-7.45668,7.40654],[-7.46128,7.39542],[-7.48157,7.3843],[-7.48659,7.35846],[-7.48265,7.34521],[-7.49098,7.32955],[-7.50031,7.33383],[-7.50709,7.32861],[-7.50253,7.31641],[-7.5047,7.30645],[-7.51328,7.29247],[-7.51541,7.27782],[-7.5232,7.273],[-7.52036,7.26672],[-7.51568,7.26836],[-7.51779,7.26327],[-7.51453,7.24688],[-7.50383,7.24303],[-7.4988,7.24602],[-7.49638,7.24252],[-7.49798,7.23725],[-7.49319,7.22869],[-7.4953,7.21954],[-7.48817,7.2168],[-7.48641,7.20477],[-7.48267,7.20518],[-7.48792,7.19857],[-7.483,7.19252],[-7.4768,7.19462],[-7.4764,7.18878],[-7.47231,7.18487],[-7.47421,7.17851],[-7.46558,7.17052],[-7.47097,7.16374],[-7.47384,7.16828],[-7.48075,7.16911],[-7.48227,7.16539],[-7.47827,7.16461],[-7.47815,7.16169],[-7.48566,7.15785],[-7.48747,7.15277],[-7.48359,7.14776],[-7.48919,7.14681],[-7.49508,7.13648],[-7.5002,7.13557],[-7.50223,7.1295],[-7.5082,7.12857],[-7.51712,7.11726],[-7.52836,7.10932],[-7.50689,7.06995],[-7.51202,7.05791],[-7.56423,7.05356],[-7.57666,7.05646],[-7.57676,7.05141],[-7.57135,7.04587],[-7.5789,7.04391],[-7.58864,7.03463],[-7.5901,7.04012],[-7.5869,7.04122],[-7.59303,7.0474],[-7.60377,7.05174],[-7.60995,7.04545],[-7.62037,7.05318],[-7.62589,7.05224],[-7.64063,7.06403],[-7.6405,7.06848],[-7.66555,7.06663],[-7.68643,7.07978],[-7.69859,7.0729],[-7.70654,7.0598],[-7.72061,7.04693],[-7.72722,7.00751],[-7.74721,7.00987],[-7.78068,7.03586],[-7.82168,7.04981],[-7.88801,7.09178],[-7.90212,7.09694],[-7.91038,7.07605],[-7.92429,7.0724],[-7.92508,7.06023],[-7.94374,7.04359],[-7.94485,7.03857],[-7.96581,7.02778],[-7.96942,7.01808],[-7.98057,7.00714],[-7.98153,7.00046],[-7.98654,6.99613],[-7.98523,6.98993],[-7.99312,6.97954],[-7.97556,6.96912],[-7.95238,6.96298],[-7.94594,6.95788],[-7.93618,6.95843],[-7.9313,6.9668],[-7.90998,6.96222],[-7.89483,6.94661],[-7.88482,6.94556],[-7.84048,6.86926],[-7.63109,6.8632],[-7.63721,6.85663],[-7.6275,6.85541],[-7.62006,6.84777],[-7.61581,6.84893],[-7.60925,6.84409],[-7.60105,6.80085],[-7.59509,6.8057],[-7.58845,6.80321],[-7.58544,6.79004],[-7.57618,6.79787],[-7.5675,6.79454],[-7.56612,6.79035],[-7.57287,6.77546],[-7.57196,6.77134],[-7.57704,6.76723],[-7.58193,6.75293],[-7.5813,6.7415],[-7.576,6.73971],[-7.57483,6.72787],[-7.56437,6.73213],[-7.56006,6.7308],[-7.56254,6.7255],[-7.56038,6.71619],[-7.55376,6.70473],[-7.56028,6.70294],[-7.55907,6.69745],[-7.53839,6.68838],[-7.54331,6.68392],[-7.5465,6.6713],[-7.50247,6.64299],[-7.39642,6.58932],[-7.3154,6.53318],[-7.2653,6.4672],[-7.24988,6.45867],[-7.22131,6.42903],[-7.21327,6.41354],[-7.19799,6.39606],[-7.17688,6.33169]]]}},{"type":"Feature","properties":{"id":"CIV:ADM2:98640826B26044148659027","name":"Bagoue","countryCode":"CIV","adminLevel":2,"sourceCode":"98640826B26044148659027","parentId":"CIV:ADM1:CIV-3431"},"geometry":{"type":"Polygon","coordinates":[[[-6.19702,10.24246],[-6.20038,10.24495],[-6.19906,10.26314],[-6.20338,10.26569],[-6.2142,10.26271],[-6.22632,10.26973],[-6.22617,10.29249],[-6.24,10.30694],[-6.22627,10.31834],[-6.21608,10.32135],[-6.2081,10.32052],[-6.20327,10.30945],[-6.19948,10.30769],[-6.19646,10.31862],[-6.18926,10.32851],[-6.20169,10.34564],[-6.17511,10.37319],[-6.18744,10.37958],[-6.18886,10.38548],[-6.19528,10.3906],[-6.19,10.40526],[-6.19134,10.41513],[-6.1823,10.41921],[-6.17043,10.4166],[-6.16738,10.42812],[-6.19337,10.44991],[-6.19638,10.47428],[-6.17388,10.49214],[-6.17149,10.49733],[-6.18169,10.5041],[-6.21061,10.50612],[-6.2138,10.5212],[-6.22195,10.52998],[-6.22783,10.53166],[-6.23378,10.52366],[-6.24164,10.522],[-6.24983,10.52483],[-6.25406,10.52892],[-6.25521,10.53741],[-6.24894,10.5524],[-6.24074,10.55825],[-6.23256,10.55897],[-6.21394,10.58654],[-6.21711,10.59122],[-6.22422,10.59111],[-6.21632,10.60263],[-6.22897,10.60619],[-6.23417,10.617],[-6.23296,10.62092],[-6.22573,10.62891],[-6.20755,10.62994],[-6.19524,10.64058],[-6.19587,10.64386],[-6.20867,10.64377],[-6.22088,10.6545],[-6.22429,10.66184],[-6.2343,10.66107],[-6.24217,10.66678],[-6.23539,10.6956],[-6.23941,10.70503],[-6.21972,10.72898],[-6.26257,10.74565],[-6.32537,10.68983],[-6.35021,10.69434],[-6.40388,10.71445],[-6.41605,10.70891],[-6.42082,10.70376],[-6.41752,10.69711],[-6.41955,10.64805],[-6.41068,10.60262],[-6.4329,10.57531],[-6.44029,10.57396],[-6.46192,10.58009],[-6.47027,10.57904],[-6.48418,10.58525],[-6.51733,10.58584],[-6.54623,10.59546],[-6.5518,10.60656],[-6.56717,10.61997],[-6.591,10.62401],[-6.59772,10.62868],[-6.60884,10.6405],[-6.61414,10.66073],[-6.62348,10.67155],[-6.64185,10.67861],[-6.64965,10.67734],[-6.64945,10.67328],[-6.65566,10.66835],[-6.65454,10.65626],[-6.65717,10.65074],[-6.65625,10.64648],[-6.64686,10.64383],[-6.64629,10.63999],[-6.65383,10.63129],[-6.66368,10.63261],[-6.6723,10.62665],[-6.67097,10.61874],[-6.67673,10.60795],[-6.67622,10.60193],[-6.66496,10.59069],[-6.67072,10.56905],[-6.66776,10.55931],[-6.67054,10.54977],[-6.66276,10.5405],[-6.66873,10.53295],[-6.68021,10.53374],[-6.68141,10.52124],[-6.67516,10.5087],[-6.68129,10.49967],[-6.67283,10.46684],[-6.66443,10.4584],[-6.64656,10.45803],[-6.6463,10.44634],[-6.63255,10.44318],[-6.6296,10.43619],[-6.64652,10.40612],[-6.65332,10.40235],[-6.64774,10.39196],[-6.65164,10.38789],[-6.64775,10.37007],[-6.6648,10.35941],[-6.65878,10.35721],[-6.65838,10.34575],[-6.65164,10.34245],[-6.65349,10.3345],[-6.64403,10.31762],[-6.64742,10.31219],[-6.63933,10.3133],[-6.63679,10.30672],[-6.63248,10.30839],[-6.63086,10.3032],[-6.63354,10.30058],[-6.63047,10.2899],[-6.63775,10.2851],[-6.63337,10.27302],[-6.63474,10.26729],[-6.63906,10.26468],[-6.63441,10.26227],[-6.63671,10.25409],[-6.63169,10.25268],[-6.63353,10.24847],[-6.62893,10.24714],[-6.62958,10.24332],[-6.62284,10.23733],[-6.6151,10.23561],[-6.60589,10.24017],[-6.59284,10.2311],[-6.59617,10.1873],[-6.58621,10.16501],[-6.58898,10.15952],[-6.61436,10.14392],[-6.67499,10.12199],[-6.70949,10.1007],[-6.74569,10.09683],[-6.7576,10.09995],[-6.78649,10.13198],[-6.79713,10.13067],[-6.81108,10.13611],[-6.81907,10.12765],[-6.8231,10.13357],[-6.83243,10.13724],[-6.83169,10.13164],[-6.83524,10.12912],[-6.85032,10.12668],[-6.85624,10.12887],[-6.87021,10.11891],[-6.87863,10.12041],[-6.88431,10.10537],[-6.88834,10.10255],[-6.89724,10.10329],[-6.91246,10.07813],[-6.91401,10.07052],[-6.92935,10.05968],[-6.93253,10.04336],[-6.92741,10.03692],[-6.92757,10.02413],[-6.9356,10.01668],[-6.94382,10.00081],[-6.95839,9.99274],[-6.96783,9.96779],[-6.93315,9.9589],[-6.88536,9.96173],[-6.83222,9.95335],[-6.79344,9.95547],[-6.78102,9.92257],[-6.76275,9.90278],[-6.75252,9.88456],[-6.75414,9.87116],[-6.74653,9.86701],[-6.74181,9.85474],[-6.74255,9.83728],[-6.76033,9.83013],[-6.76069,9.81095],[-6.75593,9.80511],[-6.7553,9.79552],[-6.76925,9.78657],[-6.77846,9.772],[-6.74172,9.7515],[-6.76155,9.71031],[-6.76154,9.70782],[-6.7441,9.70147],[-6.74795,9.69721],[-6.74694,9.69357],[-6.76452,9.68519],[-6.76606,9.67642],[-6.76286,9.6674],[-6.76812,9.65771],[-6.7749,9.65388],[-6.78579,9.63431],[-6.79621,9.60479],[-6.79195,9.59664],[-6.7909,9.58307],[-6.79971,9.57216],[-6.78969,9.56576],[-6.78854,9.56019],[-6.77711,9.56114],[-6.76121,9.53866],[-6.74361,9.52681],[-6.74397,9.51413],[-6.74711,9.49742],[-6.75679,9.49564],[-6.76587,9.48379],[-6.7655,9.46769],[-6.78415,9.45418],[-6.79965,9.43534],[-6.76708,9.4224],[-6.7815,9.40711],[-6.79364,9.40651],[-6.79968,9.39448],[-6.80003,9.37647],[-6.79838,9.36467],[-6.79122,9.36104],[-6.79018,9.35347],[-6.7801,9.34947],[-6.78587,9.3296],[-6.78123,9.31996],[-6.7861,9.31056],[-6.7864,9.2946],[-6.79068,9.28904],[-6.78162,9.28185],[-6.7613,9.28624],[-6.7369,9.26827],[-6.74558,9.24943],[-6.74715,9.20343],[-6.75132,9.19315],[-6.75093,9.18462],[-6.75793,9.17847],[-6.75971,9.16565],[-6.7404,9.14503],[-6.75601,9.12731],[-6.75671,9.11732],[-6.73765,9.11885],[-6.72085,9.11626],[-6.71176,9.10695],[-6.70723,9.10714],[-6.69718,9.10038],[-6.70143,9.08035],[-6.70042,9.06196],[-6.68142,9.06168],[-6.65307,9.06816],[-6.6102,9.05973],[-6.59763,9.06567],[-6.57555,9.06814],[-6.56991,9.07506],[-6.55906,9.10576],[-6.57098,9.11047],[-6.57635,9.11615],[-6.57648,9.1296],[-6.57024,9.13961],[-6.57124,9.14755],[-6.56717,9.15825],[-6.55567,9.1596],[-6.49875,9.14461],[-6.49827,9.12735],[-6.48159,9.08226],[-6.47772,9.06162],[-6.44292,9.06687],[-6.41836,9.093],[-6.40304,9.12826],[-6.37239,9.15693],[-6.35557,9.18644],[-6.34599,9.19637],[-6.34371,9.2069],[-6.34092,9.20969],[-6.31176,9.20962],[-6.30651,9.22196],[-6.2941,9.23368],[-6.28985,9.24841],[-6.27788,9.26736],[-6.26643,9.29608],[-6.26717,9.31097],[-6.27715,9.32712],[-6.26649,9.33597],[-6.27513,9.35535],[-6.2667,9.37141],[-6.26831,9.3948],[-6.26358,9.41019],[-6.23023,9.43251],[-6.16912,9.4574],[-6.15009,9.48768],[-6.14447,9.5086],[-6.1494,9.51551],[-6.14963,9.52752],[-6.15612,9.5415],[-6.15168,9.57234],[-6.15465,9.62065],[-6.12269,9.65009],[-6.11176,9.65012],[-6.10358,9.68426],[-6.09186,9.70395],[-6.10799,9.74853],[-6.10896,9.77717],[-6.10386,9.80479],[-6.0939,9.81839],[-6.0703,9.79055],[-6.04687,9.78169],[-6.03108,9.79713],[-6.02221,9.81532],[-6.0245,9.82591],[-6.0383,9.8309],[-6.05694,9.8584],[-6.07534,9.86681],[-6.09082,9.87939],[-6.13136,9.89176],[-6.14799,9.90833],[-6.17457,9.92734],[-6.17931,9.94844],[-6.1733,9.96835],[-6.16964,9.97239],[-6.13985,9.98323],[-6.12103,10.00022],[-6.12054,10.01807],[-6.1238,10.02363],[-6.14884,10.03594],[-6.2244,10.04199],[-6.26424,10.05575],[-6.26772,10.05318],[-6.27618,10.05755],[-6.27406,10.06148],[-6.28101,10.06659],[-6.29106,10.08394],[-6.31168,10.08562],[-6.30644,10.09445],[-6.29948,10.09079],[-6.29265,10.09612],[-6.2914,10.1093],[-6.28925,10.1108],[-6.29082,10.10279],[-6.28414,10.08993],[-6.26998,10.08143],[-6.2639,10.08263],[-6.25717,10.11825],[-6.26576,10.11947],[-6.27592,10.11437],[-6.27819,10.11778],[-6.2689,10.12165],[-6.26417,10.13103],[-6.25185,10.13872],[-6.24935,10.14449],[-6.24138,10.14034],[-6.24062,10.11975],[-6.23393,10.11512],[-6.22843,10.11554],[-6.2256,10.14822],[-6.22871,10.15062],[-6.23724,10.14866],[-6.24139,10.15259],[-6.24037,10.15782],[-6.23489,10.16855],[-6.21128,10.18512],[-6.21235,10.18984],[-6.20859,10.19747],[-6.22459,10.20788],[-6.22062,10.22723],[-6.2137,10.23174],[-6.20477,10.22458],[-6.20138,10.22551],[-6.19702,10.24246]]]}},{"type":"Feature","properties":{"id":"CIV:ADM2:98640826B2900878653745","name":"Poro","countryCode":"CIV","adminLevel":2,"sourceCode":"98640826B2900878653745","parentId":"CIV:ADM1:CIV-3431"},"geometry":{"type":"Polygon","coordinates":[[[-6.32133,9.20914],[-6.30531,9.19532],[-6.29538,9.20078],[-6.27894,9.19292],[-6.27727,9.1959],[-6.26917,9.19534],[-6.25946,9.1995],[-6.25126,9.18576],[-6.22277,9.15442],[-6.2222,9.14285],[-6.22952,9.12477],[-6.25912,9.08646],[-6.26809,9.06208],[-6.24905,9.02868],[-6.2449,8.99438],[-6.13481,8.94151],[-6.12886,8.91135],[-6.00207,8.69417],[-5.99559,8.6756],[-5.97898,8.65561],[-5.97279,8.65192],[-5.93446,8.64853],[-5.91302,8.64056],[-5.905,8.64723],[-5.70823,8.53863],[-5.64111,8.54468],[-5.64949,8.5528],[-5.64591,8.55864],[-5.63842,8.56108],[-5.64962,8.57046],[-5.64241,8.57366],[-5.65042,8.58728],[-5.64663,8.59617],[-5.63561,8.58996],[-5.63194,8.59406],[-5.63804,8.60351],[-5.63783,8.60953],[-5.65342,8.61412],[-5.65843,8.61257],[-5.66485,8.61834],[-5.67637,8.60903],[-5.67809,8.60143],[-5.68429,8.59932],[-5.69483,8.61541],[-5.70859,8.62482],[-5.70166,8.63006],[-5.7018,8.6334],[-5.71283,8.65505],[-5.71053,8.65737],[-5.69339,8.65679],[-5.69164,8.66578],[-5.6954,8.67328],[-5.68793,8.67698],[-5.68999,8.68938],[-5.68455,8.6924],[-5.68505,8.69874],[-5.6805,8.70507],[-5.68095,8.70814],[-5.69239,8.7155],[-5.70411,8.71661],[-5.70865,8.72439],[-5.6929,8.72952],[-5.67489,8.72958],[-5.66949,8.73301],[-5.6825,8.7417],[-5.69999,8.74732],[-5.69598,8.75662],[-5.68658,8.76092],[-5.6882,8.76382],[-5.6985,8.76589],[-5.70968,8.77586],[-5.71657,8.76717],[-5.7278,8.77054],[-5.72716,8.7781],[-5.71771,8.7964],[-5.71819,8.80712],[-5.71167,8.81701],[-5.70542,8.81868],[-5.70239,8.84097],[-5.70475,8.84274],[-5.70077,8.84495],[-5.68432,8.84156],[-5.67534,8.83237],[-5.6595,8.83537],[-5.65061,8.83273],[-5.6482,8.82791],[-5.60113,8.84159],[-5.59439,8.84852],[-5.59001,8.86421],[-5.58193,8.86924],[-5.57061,8.86875],[-5.56357,8.86506],[-5.55594,8.86912],[-5.54666,8.86754],[-5.51675,8.87356],[-5.50113,8.86872],[-5.48853,8.86906],[-5.47563,8.85663],[-5.44967,8.87229],[-5.44903,8.87772],[-5.45825,8.88478],[-5.48126,8.89002],[-5.49436,8.90548],[-5.49321,8.91216],[-5.46197,8.89826],[-5.45655,8.92045],[-5.47958,8.93188],[-5.47456,8.9423],[-5.47305,8.97097],[-5.46671,8.97111],[-5.4529,8.95793],[-5.44435,8.96758],[-5.44456,8.97497],[-5.45319,8.9836],[-5.46243,8.9818],[-5.46402,8.98454],[-5.46099,8.9902],[-5.45027,8.99441],[-5.43833,8.9922],[-5.41873,8.981],[-5.41628,8.99268],[-5.43509,9.02081],[-5.454,9.03362],[-5.48879,9.04302],[-5.49978,9.05454],[-5.50394,9.06639],[-5.49319,9.07513],[-5.49307,9.0897],[-5.47229,9.08648],[-5.4526,9.09869],[-5.45249,9.10593],[-5.45939,9.12318],[-5.43563,9.14326],[-5.4458,9.15595],[-5.42669,9.16863],[-5.43824,9.18425],[-5.42644,9.18561],[-5.42406,9.18844],[-5.4261,9.19182],[-5.44289,9.19753],[-5.43794,9.20251],[-5.42042,9.19443],[-5.41089,9.19914],[-5.4092,9.20648],[-5.40265,9.21017],[-5.40053,9.21628],[-5.40241,9.22234],[-5.39783,9.22609],[-5.40361,9.23294],[-5.38749,9.2543],[-5.38391,9.26462],[-5.38834,9.27371],[-5.37474,9.28256],[-5.38848,9.3029],[-5.37541,9.2985],[-5.36385,9.3034],[-5.36233,9.31087],[-5.35317,9.31519],[-5.35229,9.32017],[-5.35881,9.32764],[-5.34436,9.33227],[-5.35456,9.34117],[-5.34656,9.34291],[-5.34404,9.35027],[-5.33394,9.35538],[-5.33037,9.3672],[-5.33973,9.37161],[-5.34086,9.38395],[-5.34858,9.39189],[-5.3342,9.40621],[-5.33922,9.41032],[-5.32986,9.42062],[-5.33297,9.43632],[-5.32862,9.4402],[-5.31574,9.4377],[-5.30707,9.44496],[-5.31176,9.46229],[-5.31877,9.46599],[-5.32446,9.46517],[-5.32566,9.46981],[-5.3087,9.48027],[-5.29443,9.48018],[-5.29256,9.48559],[-5.29446,9.49141],[-5.30246,9.49316],[-5.32031,9.48237],[-5.3336,9.50516],[-5.33067,9.51155],[-5.3127,9.50468],[-5.30414,9.51327],[-5.30227,9.53574],[-5.30703,9.54381],[-5.29827,9.55607],[-5.30786,9.56032],[-5.30792,9.56321],[-5.29794,9.56803],[-5.29409,9.57382],[-5.30201,9.5774],[-5.30658,9.58476],[-5.30148,9.59773],[-5.31205,9.60023],[-5.3203,9.59763],[-5.32623,9.60457],[-5.32244,9.61229],[-5.31855,9.61018],[-5.3191,9.61643],[-5.32895,9.61533],[-5.33415,9.61871],[-5.33403,9.62867],[-5.32465,9.63815],[-5.32497,9.64306],[-5.34165,9.62533],[-5.34803,9.6249],[-5.3445,9.64482],[-5.35104,9.64887],[-5.35597,9.64155],[-5.36802,9.64268],[-5.36568,9.66108],[-5.37292,9.67072],[-5.3837,9.67162],[-5.38721,9.66726],[-5.39255,9.66862],[-5.38953,9.68536],[-5.41105,9.6921],[-5.42103,9.70599],[-5.43994,9.70417],[-5.44947,9.71627],[-5.46942,9.71403],[-5.46588,9.72608],[-5.45253,9.7254],[-5.44918,9.7293],[-5.45646,9.73366],[-5.46009,9.72876],[-5.46691,9.73221],[-5.46339,9.74086],[-5.4693,9.75506],[-5.48172,9.74719],[-5.48883,9.74636],[-5.49735,9.73914],[-5.51088,9.74312],[-5.51565,9.73391],[-5.52443,9.7371],[-5.51978,9.739],[-5.52307,9.74412],[-5.53616,9.73388],[-5.54194,9.73666],[-5.54898,9.73239],[-5.5595,9.73712],[-5.56094,9.73502],[-5.55291,9.73165],[-5.55118,9.72152],[-5.55351,9.71889],[-5.56731,9.73386],[-5.5669,9.73887],[-5.56061,9.74303],[-5.57302,9.74017],[-5.57517,9.73127],[-5.60379,9.74383],[-5.61265,9.73598],[-5.6186,9.75642],[-5.62596,9.75879],[-5.63506,9.75352],[-5.63906,9.75821],[-5.63796,9.76735],[-5.6466,9.76473],[-5.6524,9.77038],[-5.64615,9.78287],[-5.63965,9.78484],[-5.63344,9.79171],[-5.62801,9.80829],[-5.63181,9.81609],[-5.62792,9.81932],[-5.63,9.82298],[-5.64526,9.82707],[-5.66364,9.83796],[-5.66823,9.85905],[-5.67934,9.86047],[-5.68606,9.86789],[-5.68644,9.87491],[-5.67821,9.88705],[-5.68084,9.89524],[-5.69934,9.90206],[-5.7108,9.91349],[-5.71584,9.92846],[-5.7123,9.93069],[-5.71653,9.93731],[-5.71657,9.95652],[-5.72069,9.96204],[-5.72459,9.96238],[-5.72256,9.97391],[-5.7325,9.99814],[-5.72262,10.0181],[-5.73023,10.03628],[-5.73275,10.05358],[-5.72363,10.06518],[-5.72147,10.07476],[-5.72519,10.08987],[-5.73843,10.10669],[-5.73395,10.1235],[-5.77543,10.17261],[-5.78259,10.1943],[-5.7981,10.20754],[-5.78162,10.23055],[-5.78224,10.24665],[-5.79213,10.25607],[-5.78671,10.28533],[-5.79,10.29406],[-5.80784,10.30993],[-5.8075,10.32064],[-5.81309,10.32885],[-5.81344,10.33713],[-5.82509,10.35423],[-5.82309,10.35934],[-5.82684,10.3637],[-5.8224,10.37027],[-5.80856,10.37191],[-5.78617,10.38116],[-5.78028,10.3961],[-5.78256,10.40714],[-5.80163,10.41027],[-5.80776,10.4142],[-5.81935,10.40644],[-5.82685,10.38758],[-5.85081,10.37363],[-5.85812,10.37429],[-5.86255,10.37967],[-5.86686,10.37241],[-5.87598,10.33221],[-5.87147,10.3178],[-5.89173,10.29883],[-5.88101,10.28302],[-5.8863,10.26346],[-5.90049,10.259],[-5.92326,10.27505],[-5.92983,10.27572],[-5.95604,10.26934],[-5.95215,10.24762],[-5.98076,10.21136],[-5.98611,10.19889],[-5.99282,10.19437],[-6.01476,10.20054],[-6.04272,10.20155],[-6.0553,10.20557],[-6.0718,10.21625],[-6.1303,10.21442],[-6.1367,10.21053],[-6.1461,10.21872],[-6.179,10.22923],[-6.19702,10.24246],[-6.20138,10.22551],[-6.20477,10.22458],[-6.2137,10.23174],[-6.22062,10.22723],[-6.22459,10.20788],[-6.20859,10.19747],[-6.21235,10.18984],[-6.21128,10.18512],[-6.23489,10.16855],[-6.24037,10.15782],[-6.24139,10.15259],[-6.23724,10.14866],[-6.22871,10.15062],[-6.2256,10.14822],[-6.22843,10.11554],[-6.23393,10.11512],[-6.24062,10.11975],[-6.24138,10.14034],[-6.24935,10.14449],[-6.25185,10.13872],[-6.26417,10.13103],[-6.2689,10.12165],[-6.27819,10.11778],[-6.27592,10.11437],[-6.26576,10.11947],[-6.25717,10.11825],[-6.2639,10.08263],[-6.26998,10.08143],[-6.28414,10.08993],[-6.29082,10.10279],[-6.28925,10.1108],[-6.29265,10.09612],[-6.29948,10.09079],[-6.30644,10.09445],[-6.31064,10.08952],[-6.31168,10.08562],[-6.30767,10.08435],[-6.29612,10.08611],[-6.29106,10.08394],[-6.28101,10.06659],[-6.27406,10.06148],[-6.27618,10.05755],[-6.26772,10.05318],[-6.26424,10.05575],[-6.2244,10.04199],[-6.14884,10.03594],[-6.1238,10.02363],[-6.12054,10.01807],[-6.12103,10.00022],[-6.13985,9.98323],[-6.16964,9.97239],[-6.1733,9.96835],[-6.17931,9.94844],[-6.17457,9.92734],[-6.14799,9.90833],[-6.13136,9.89176],[-6.09082,9.87939],[-6.07534,9.86681],[-6.05694,9.8584],[-6.0383,9.8309],[-6.0245,9.82591],[-6.02221,9.81532],[-6.03108,9.79713],[-6.04687,9.78169],[-6.0703,9.79055],[-6.0939,9.81839],[-6.10386,9.80479],[-6.10896,9.77717],[-6.10799,9.74853],[-6.09186,9.70395],[-6.10358,9.68426],[-6.11176,9.65012],[-6.12269,9.65009],[-6.15465,9.62065],[-6.15168,9.57234],[-6.15612,9.5415],[-6.14963,9.52752],[-6.1494,9.51551],[-6.14447,9.5086],[-6.15009,9.48768],[-6.16912,9.4574],[-6.23023,9.43251],[-6.26358,9.41019],[-6.26831,9.3948],[-6.2667,9.37141],[-6.27513,9.35535],[-6.26649,9.33597],[-6.27715,9.32712],[-6.26717,9.31097],[-6.26643,9.29608],[-6.27788,9.26736],[-6.28985,9.24841],[-6.2941,9.23368],[-6.30651,9.22196],[-6.31176,9.20962],[-6.32133,9.20914]]]}},{"type":"Feature","properties":{"id":"CIV:ADM2:98640826B2974603948771","name":"Kabadougou","countryCode":"CIV","adminLevel":2,"sourceCode":"98640826B2974603948771","parentId":"CIV:ADM1:CIV-3437"},"geometry":{"type":"Polygon","coordinates":[[[-7.1795,8.51196],[-7.18528,8.51995],[-7.17755,8.52599],[-7.17836,8.53038],[-7.18623,8.53562],[-7.18015,8.54264],[-7.1913,8.55534],[-7.20241,8.56197],[-7.20679,8.57323],[-7.19807,8.58357],[-7.19699,8.59043],[-7.19924,8.59366],[-7.2052,8.59201],[-7.2071,8.589],[-7.20461,8.58664],[-7.21548,8.59474],[-7.20164,8.59696],[-7.20604,8.62311],[-7.2152,8.62345],[-7.21705,8.61843],[-7.21947,8.62322],[-7.21332,8.6301],[-7.21384,8.6359],[-7.20802,8.6447],[-7.21017,8.65084],[-7.21592,8.65425],[-7.20893,8.66884],[-7.21407,8.68601],[-7.20741,8.68881],[-7.19972,8.70672],[-7.20475,8.73157],[-7.19237,8.73873],[-7.20179,8.75318],[-7.20197,8.76464],[-7.18991,8.77279],[-7.18528,8.7801],[-7.19571,8.78202],[-7.20232,8.78991],[-7.20072,8.79662],[-7.19046,8.8059],[-7.19835,8.80906],[-7.20085,8.82103],[-7.21003,8.82471],[-7.19705,8.83331],[-7.19528,8.84409],[-7.20865,8.84433],[-7.20964,8.86882],[-7.2209,8.87282],[-7.22385,8.87724],[-7.21936,8.88458],[-7.21372,8.87852],[-7.21264,8.88767],[-7.21772,8.89588],[-7.21154,8.9186],[-7.22423,8.92652],[-7.22795,8.9331],[-7.22452,8.95359],[-7.21776,8.95723],[-7.18773,8.95277],[-7.17715,8.95431],[-7.16986,8.99252],[-7.15988,8.99576],[-7.15277,9.00413],[-7.14968,8.99861],[-7.14657,8.99872],[-7.12046,9.03628],[-7.10893,9.04606],[-7.07121,9.02934],[-7.03944,8.98083],[-7.01843,8.96804],[-6.98575,8.97339],[-6.96157,8.9648],[-6.94383,8.97416],[-6.92304,8.95518],[-6.91801,8.94471],[-6.90213,8.93876],[-6.90733,8.98677],[-6.90613,9.00537],[-6.9031,9.01103],[-6.90494,9.01848],[-6.8981,9.03217],[-6.90024,9.03742],[-6.89724,9.05458],[-6.88939,9.06668],[-6.87138,9.07651],[-6.86165,9.07738],[-6.83427,9.07053],[-6.82425,9.07642],[-6.81592,9.08722],[-6.80542,9.08978],[-6.79988,9.09672],[-6.78474,9.10463],[-6.76838,9.10683],[-6.75671,9.11732],[-6.75601,9.12731],[-6.7404,9.14503],[-6.75971,9.16565],[-6.75793,9.17847],[-6.75093,9.18462],[-6.75132,9.19315],[-6.74715,9.20343],[-6.74558,9.24943],[-6.7369,9.26827],[-6.7613,9.28624],[-6.78162,9.28185],[-6.79068,9.28904],[-6.7864,9.2946],[-6.7861,9.31056],[-6.78123,9.31996],[-6.78587,9.3296],[-6.7801,9.34947],[-6.79018,9.35347],[-6.79122,9.36104],[-6.79838,9.36467],[-6.80003,9.37647],[-6.79968,9.39448],[-6.79364,9.40651],[-6.7815,9.40711],[-6.76708,9.4224],[-6.79965,9.43534],[-6.78415,9.45418],[-6.7655,9.46769],[-6.76587,9.48379],[-6.75679,9.49564],[-6.74711,9.49742],[-6.74361,9.52681],[-6.76121,9.53866],[-6.77711,9.56114],[-6.78854,9.56019],[-6.78969,9.56576],[-6.79971,9.57216],[-6.7909,9.58307],[-6.79195,9.59664],[-6.79621,9.60479],[-6.78579,9.63431],[-6.7749,9.65388],[-6.76812,9.65771],[-6.76286,9.6674],[-6.76606,9.67642],[-6.76452,9.68519],[-6.74694,9.69357],[-6.74795,9.69721],[-6.7441,9.70147],[-6.76154,9.70782],[-6.76155,9.71031],[-6.74172,9.7515],[-6.77846,9.772],[-6.76925,9.78657],[-6.7553,9.79552],[-6.75593,9.80511],[-6.76069,9.81095],[-6.76033,9.83013],[-6.74255,9.83728],[-6.74181,9.85474],[-6.74653,9.86701],[-6.75414,9.87116],[-6.75252,9.88456],[-6.76275,9.90278],[-6.78102,9.92257],[-6.79174,9.95372],[-6.83222,9.95335],[-6.88536,9.96173],[-6.93315,9.9589],[-6.97469,9.97003],[-7.00541,9.97372],[-7.03964,9.97076],[-7.08616,9.97907],[-7.08798,9.96632],[-7.09503,9.96322],[-7.09792,9.95729],[-7.0933,9.94666],[-7.09773,9.93894],[-7.09906,9.92581],[-7.09456,9.91747],[-7.101,9.90763],[-7.10982,9.90784],[-7.11341,9.90446],[-7.12048,9.90635],[-7.13696,9.90066],[-7.15808,9.8862],[-7.16082,9.87748],[-7.17425,9.87238],[-7.19211,9.85724],[-7.22237,9.85743],[-7.23179,9.853],[-7.24208,9.83534],[-7.25609,9.82631],[-7.25622,9.81939],[-7.26086,9.81369],[-7.2667,9.81353],[-7.28599,9.79863],[-7.32854,9.77484],[-7.34759,9.75322],[-7.3621,9.74909],[-7.36598,9.73688],[-7.35987,9.71529],[-7.38046,9.71282],[-7.38722,9.70881],[-7.42156,9.71876],[-7.44524,9.71122],[-7.47216,9.71229],[-7.48844,9.71773],[-7.52451,9.74097],[-7.54369,9.74707],[-7.5525,9.74489],[-7.57118,9.75069],[-7.58969,9.76091],[-7.57214,9.76909],[-7.57231,9.77909],[-7.5654,9.7769],[-7.56376,9.78275],[-7.56108,9.77808],[-7.55573,9.77933],[-7.55016,9.79158],[-7.55336,9.80013],[-7.54906,9.80398],[-7.55018,9.81104],[-7.54242,9.82257],[-7.54521,9.82981],[-7.537,9.83453],[-7.53789,9.83858],[-7.548,9.84123],[-7.5482,9.84721],[-7.55349,9.85465],[-7.55049,9.85826],[-7.56399,9.85583],[-7.56969,9.86533],[-7.56281,9.87271],[-7.56932,9.87375],[-7.56152,9.87665],[-7.56013,9.88332],[-7.55411,9.88468],[-7.56054,9.88979],[-7.55957,9.8941],[-7.56445,9.89643],[-7.55828,9.89842],[-7.55806,9.90413],[-7.55493,9.89967],[-7.55009,9.90222],[-7.55505,9.90912],[-7.56402,9.90851],[-7.56233,9.91924],[-7.56646,9.92456],[-7.55887,9.92998],[-7.55831,9.93475],[-7.5651,9.93691],[-7.5752,9.92998],[-7.56657,9.94161],[-7.57288,9.94659],[-7.57128,9.95132],[-7.57878,9.95375],[-7.58198,9.96127],[-7.60162,9.96708],[-7.62487,9.96698],[-7.63006,9.98201],[-7.66,9.99892],[-7.6711,9.99709],[-7.67291,9.99303],[-7.68878,9.99873],[-7.70799,9.98857],[-7.73396,9.94548],[-7.73268,9.92811],[-7.74149,9.91766],[-7.75135,9.91675],[-7.76107,9.90834],[-8.09736,9.86715],[-8.09123,9.85674],[-8.09554,9.84959],[-8.0928,9.84199],[-8.09587,9.83697],[-8.09164,9.8285],[-8.09153,9.8069],[-8.09376,9.80361],[-8.10024,9.80883],[-8.10699,9.80553],[-8.10582,9.79788],[-8.09759,9.79235],[-8.10985,9.78407],[-8.1056,9.76231],[-8.11729,9.75839],[-8.11194,9.7498],[-8.11656,9.73762],[-8.11339,9.71776],[-8.10844,9.70928],[-8.1243,9.68635],[-8.11981,9.68274],[-8.12302,9.67522],[-8.11715,9.66667],[-8.12299,9.66187],[-8.11609,9.65894],[-8.11426,9.65093],[-8.12108,9.64376],[-8.12228,9.63466],[-8.13201,9.62755],[-8.13997,9.6266],[-8.14147,9.6229],[-8.13466,9.61337],[-8.14261,9.58626],[-8.13268,9.56931],[-8.13925,9.55732],[-8.13868,9.54516],[-8.13316,9.53685],[-8.13427,9.52892],[-8.12309,9.5207],[-8.1255,9.51218],[-8.1232,9.50438],[-8.09753,9.46058],[-8.09212,9.45763],[-8.08533,9.44202],[-8.07779,9.43896],[-8.07211,9.42883],[-8.03577,9.40153],[-8.0288,9.39162],[-8.02288,9.39205],[-8.02019,9.38903],[-7.99893,9.39532],[-7.98544,9.39233],[-7.96277,9.39551],[-7.94658,9.40527],[-7.93889,9.40411],[-7.90263,9.41743],[-7.84921,9.41762],[-7.85623,9.37555],[-7.86374,9.36592],[-7.86559,9.35506],[-7.87609,9.33755],[-7.87622,9.32722],[-7.87228,9.31773],[-7.87491,9.30612],[-7.87256,9.29428],[-7.88167,9.28343],[-7.88633,9.26873],[-7.91262,9.21781],[-7.91035,9.19779],[-7.9016,9.18176],[-7.87075,9.15805],[-7.86328,9.15829],[-7.85145,9.16644],[-7.83616,9.18572],[-7.81186,9.16854],[-7.7983,9.1473],[-7.80126,9.14174],[-7.79849,9.13186],[-7.7806,9.11444],[-7.77659,9.10521],[-7.76533,9.09643],[-7.73285,9.08351],[-7.71925,9.07004],[-7.69597,9.05653],[-7.68597,9.04135],[-7.68632,9.02423],[-7.68023,9.00584],[-7.68118,8.98023],[-7.67494,8.96677],[-7.65669,8.96132],[-7.6424,8.96783],[-7.63824,8.95957],[-7.61191,8.95288],[-7.58257,8.93007],[-7.57043,8.92824],[-7.56948,8.91518],[-7.55766,8.90786],[-7.56375,8.89971],[-7.54539,8.88179],[-7.54779,8.86882],[-7.54227,8.85177],[-7.53458,8.84914],[-7.53143,8.84264],[-7.50363,8.83392],[-7.46904,8.80288],[-7.45165,8.77978],[-7.42067,8.75649],[-7.41664,8.7604],[-7.39743,8.75526],[-7.39547,8.75083],[-7.40406,8.7449],[-7.40108,8.7384],[-7.38809,8.74122],[-7.38018,8.72492],[-7.36483,8.70876],[-7.36958,8.70157],[-7.36332,8.69173],[-7.36735,8.69051],[-7.36536,8.68348],[-7.35986,8.67955],[-7.35091,8.67992],[-7.34479,8.68703],[-7.34017,8.67783],[-7.32518,8.67746],[-7.32155,8.67482],[-7.31175,8.67722],[-7.30821,8.68164],[-7.27995,8.67062],[-7.26934,8.66111],[-7.26396,8.65204],[-7.25458,8.64569],[-7.24904,8.63325],[-7.23852,8.62692],[-7.23705,8.61844],[-7.23177,8.61414],[-7.23658,8.60756],[-7.23559,8.5937],[-7.23084,8.59081],[-7.22758,8.57996],[-7.21937,8.57313],[-7.21899,8.56283],[-7.22545,8.55485],[-7.21467,8.54715],[-7.21379,8.53508],[-7.2093,8.52569],[-7.19871,8.51498],[-7.1795,8.51196]]]}},{"type":"Feature","properties":{"id":"CIV:ADM2:98640826B30232425959699","name":"District Autonome De Yamoussoukro","countryCode":"CIV","adminLevel":2,"sourceCode":"98640826B30232425959699","parentId":"CIV:ADM1:CIV-3461"},"geometry":{"type":"Polygon","coordinates":[[[-4.97561,6.75128],[-4.97177,6.75427],[-4.97998,6.76227],[-4.96856,6.76223],[-4.96593,6.76597],[-4.96665,6.77284],[-4.95802,6.79144],[-4.96193,6.7971],[-4.95786,6.80061],[-4.95873,6.805],[-4.96306,6.80274],[-4.96422,6.80653],[-4.95546,6.81455],[-4.95442,6.82056],[-4.96384,6.81918],[-4.97411,6.82314],[-4.97199,6.83548],[-4.97893,6.83708],[-4.98336,6.84267],[-4.9804,6.84949],[-4.98855,6.85944],[-4.99134,6.87905],[-4.98735,6.88285],[-4.99093,6.88992],[-5.00466,6.89094],[-5.01255,6.89977],[-5.0248,6.90222],[-5.02911,6.90602],[-5.02609,6.91127],[-5.03441,6.93017],[-5.03356,6.93923],[-5.04145,6.94726],[-5.0412,6.95593],[-5.05688,6.97717],[-5.08087,6.97719],[-5.08538,6.98349],[-5.09151,6.98038],[-5.09757,6.9912],[-5.10254,6.99358],[-5.10818,6.99138],[-5.11111,6.99669],[-5.1185,6.99772],[-5.12074,7.00803],[-5.12823,7.01974],[-5.1274,7.02326],[-5.12394,7.02335],[-5.12472,7.02868],[-5.135,7.02727],[-5.14052,7.03175],[-5.14617,7.02998],[-5.151,7.03328],[-5.15419,7.02853],[-5.17135,7.02819],[-5.18086,7.02975],[-5.19181,7.0372],[-5.21159,7.03662],[-5.23095,7.05634],[-5.24718,7.05968],[-5.27237,7.05891],[-5.27886,7.06153],[-5.28606,7.07029],[-5.31449,7.07945],[-5.33591,7.07234],[-5.37545,7.06909],[-5.40155,7.05269],[-5.4344,7.04357],[-5.44311,7.03476],[-5.44776,7.03456],[-5.4518,7.03949],[-5.46009,7.03065],[-5.46898,7.03475],[-5.48291,7.02933],[-5.4874,7.01119],[-5.49527,7.00299],[-5.50134,6.98746],[-5.50579,6.92919],[-5.51716,6.9249],[-5.52819,6.91504],[-5.53136,6.90324],[-5.52525,6.89418],[-5.52508,6.8834],[-5.51402,6.8637],[-5.4916,6.85427],[-5.48723,6.82922],[-5.48879,6.81045],[-5.46932,6.80125],[-5.44382,6.77826],[-5.4411,6.75848],[-5.43623,6.75796],[-5.42287,6.73896],[-5.40575,6.70416],[-5.40659,6.68585],[-5.39977,6.66596],[-5.40845,6.64931],[-5.41229,6.64834],[-5.41694,6.61784],[-5.40712,6.60194],[-5.39454,6.59734],[-5.35753,6.60189],[-5.3376,6.59977],[-5.30934,6.59016],[-5.29945,6.57431],[-5.30905,6.56239],[-5.3043,6.55119],[-5.29381,6.55779],[-5.28208,6.57374],[-5.28556,6.58048],[-5.28283,6.5932],[-5.28573,6.60418],[-5.28321,6.61531],[-5.27275,6.62828],[-5.27226,6.63774],[-5.22386,6.65644],[-5.19691,6.68012],[-5.13582,6.74587],[-5.11072,6.76474],[-5.0799,6.76782],[-5.04706,6.78543],[-5.039,6.7695],[-5.0331,6.76556],[-4.97561,6.75128]]]}},{"type":"Feature","properties":{"id":"CIV:ADM2:98640826B37750272367318","name":"Bafing","countryCode":"CIV","adminLevel":2,"sourceCode":"98640826B37750272367318","parentId":"CIV:ADM1:CIV-3440"},"geometry":{"type":"Polygon","coordinates":[[[-7.71925,9.07004],[-7.73134,9.06173],[-7.76178,9.07042],[-7.79365,9.07022],[-7.80151,9.06819],[-7.81214,9.0584],[-7.82158,9.05597],[-7.83636,9.06953],[-7.84077,9.06407],[-7.84467,9.04526],[-7.85758,9.03015],[-7.8873,9.02912],[-7.89536,9.00994],[-7.93299,8.97924],[-7.93323,8.9732],[-7.9234,8.95585],[-7.92739,8.9434],[-7.91672,8.93432],[-7.93744,8.90671],[-7.92525,8.90306],[-7.91099,8.88863],[-7.9125,8.88193],[-7.9306,8.87343],[-7.93599,8.84602],[-7.95359,8.84801],[-7.95576,8.84258],[-7.95406,8.82028],[-7.93973,8.80057],[-7.94029,8.78661],[-7.92922,8.78347],[-7.9182,8.76918],[-7.89248,8.77234],[-7.88425,8.78341],[-7.86829,8.78664],[-7.8586,8.78557],[-7.85016,8.76957],[-7.84021,8.77067],[-7.82849,8.76734],[-7.81929,8.75318],[-7.80373,8.7619],[-7.78381,8.7605],[-7.77581,8.76683],[-7.76974,8.7669],[-7.76675,8.7645],[-7.76679,8.75644],[-7.78052,8.73065],[-7.7645,8.72472],[-7.73491,8.72574],[-7.733,8.70848],[-7.73572,8.68433],[-7.71398,8.6561],[-7.70704,8.65186],[-7.68551,8.64957],[-7.65984,8.61523],[-7.69023,8.56589],[-7.69005,8.5519],[-7.65218,8.49307],[-7.65492,8.47117],[-7.6662,8.45943],[-7.66234,8.4395],[-7.66734,8.42433],[-7.6592,8.41585],[-7.65432,8.40489],[-7.64418,8.39676],[-7.63923,8.38333],[-7.62806,8.37457],[-7.62846,8.37183],[-7.64129,8.37176],[-7.64923,8.36734],[-7.65866,8.37623],[-7.66627,8.37019],[-7.6761,8.37504],[-7.68251,8.37015],[-7.71279,8.37551],[-7.72645,8.37174],[-7.73438,8.37418],[-7.74643,8.39366],[-7.74586,8.40174],[-7.75521,8.41545],[-7.75588,8.42344],[-7.76407,8.435],[-7.77493,8.46589],[-7.78703,8.47274],[-7.79017,8.48014],[-7.80386,8.47748],[-7.80918,8.48599],[-7.81466,8.4886],[-7.82099,8.4794],[-7.81897,8.47366],[-7.8261,8.47015],[-7.81874,8.43818],[-7.82638,8.4241],[-7.83121,8.4207],[-7.84347,8.42138],[-7.86411,8.41689],[-7.87131,8.41784],[-7.87174,8.42726],[-7.87736,8.43195],[-7.88527,8.43144],[-7.8921,8.43552],[-7.89964,8.43364],[-7.89911,8.44725],[-7.90957,8.44649],[-7.9078,8.45798],[-7.90053,8.4609],[-7.89789,8.46598],[-7.90689,8.47994],[-7.90587,8.48573],[-7.918,8.49289],[-7.92498,8.50239],[-7.93635,8.49543],[-7.95445,8.49715],[-7.96648,8.49449],[-7.97166,8.48413],[-7.99058,8.48872],[-8.00016,8.48623],[-8.01253,8.49249],[-8.03123,8.493],[-8.05405,8.50388],[-8.06606,8.49635],[-8.07603,8.4964],[-8.08552,8.48896],[-8.08958,8.48148],[-8.10088,8.4771],[-8.10632,8.48274],[-8.11923,8.48032],[-8.12798,8.48792],[-8.1413,8.47944],[-8.14477,8.49075],[-8.15689,8.49065],[-8.16397,8.49759],[-8.17717,8.49993],[-8.18463,8.49687],[-8.1936,8.47414],[-8.20993,8.46232],[-8.22975,8.46491],[-8.23447,8.46008],[-8.23773,8.41747],[-8.22603,8.40142],[-8.22857,8.39145],[-8.21225,8.35924],[-8.21041,8.34938],[-8.2208,8.32064],[-8.21747,8.31129],[-8.219,8.3053],[-8.21311,8.29519],[-8.21431,8.27876],[-8.22065,8.27093],[-8.23305,8.26335],[-8.2421,8.24299],[-8.23969,8.23],[-8.20764,8.21739],[-8.18899,8.20556],[-8.17149,8.18386],[-8.14558,8.17815],[-8.11717,8.18556],[-8.07622,8.16992],[-8.06283,8.15532],[-8.04866,8.15328],[-8.04459,8.1552],[-8.04619,8.16726],[-8.04063,8.1763],[-8.0343,8.17988],[-8.02051,8.17401],[-8.02419,8.18763],[-8.02301,8.19495],[-8.01794,8.1982],[-8.00783,8.18021],[-8.00143,8.17838],[-7.98596,8.19128],[-7.97763,8.19416],[-7.97249,8.18809],[-7.98474,8.16571],[-7.98787,8.13697],[-7.98422,8.12147],[-7.98963,8.11549],[-7.99711,8.11414],[-8.00214,8.09913],[-7.99645,8.09057],[-7.9845,8.09017],[-7.96832,8.08172],[-7.95133,8.05151],[-7.93468,8.04067],[-7.93666,8.03459],[-7.93306,8.01776],[-7.92394,8.01156],[-7.91373,8.01533],[-7.91254,8.01088],[-7.90804,8.0111],[-7.90226,8.00603],[-7.88686,8.01326],[-7.88626,8.02323],[-7.88072,8.01975],[-7.87393,8.02355],[-7.87367,8.02076],[-7.85665,8.01837],[-7.85394,8.00049],[-7.84848,7.9975],[-7.85165,7.9865],[-7.84737,7.98575],[-7.8423,7.97666],[-7.84798,7.97097],[-7.84566,7.95572],[-7.84229,7.9546],[-7.8386,7.95962],[-7.83182,7.95354],[-7.8216,7.95455],[-7.81357,7.94108],[-7.80639,7.93848],[-7.80026,7.94106],[-7.79638,7.93361],[-7.80163,7.91748],[-7.80016,7.91421],[-7.79561,7.91754],[-7.78529,7.91236],[-7.78101,7.90722],[-7.78143,7.90079],[-7.76476,7.88811],[-7.72343,7.88205],[-7.70878,7.8872],[-7.70441,7.88059],[-7.70887,7.87652],[-7.70452,7.86631],[-7.69978,7.86357],[-7.68795,7.8662],[-7.69049,7.85758],[-7.68512,7.84941],[-7.67815,7.84654],[-7.668,7.85537],[-7.652,7.84025],[-7.6446,7.84584],[-7.6318,7.84119],[-7.62452,7.84923],[-7.6149,7.84959],[-7.61137,7.85506],[-7.61497,7.864],[-7.60668,7.87189],[-7.59306,7.86917],[-7.58928,7.87628],[-7.58474,7.87109],[-7.5865,7.86532],[-7.58143,7.86015],[-7.57284,7.85847],[-7.56647,7.86039],[-7.56051,7.86721],[-7.5527,7.86803],[-7.55354,7.87472],[-7.54411,7.86078],[-7.53932,7.86867],[-7.53137,7.86748],[-7.52399,7.87595],[-7.52175,7.88259],[-7.52465,7.88985],[-7.51748,7.89298],[-7.51614,7.9034],[-7.52578,7.91395],[-7.51788,7.9197],[-7.50849,7.91959],[-7.50697,7.92367],[-7.51316,7.93176],[-7.52434,7.9375],[-7.51797,7.96106],[-7.51853,7.99098],[-7.5132,8.00474],[-7.51567,8.01728],[-7.50895,8.0282],[-7.50922,8.03824],[-7.52203,8.05522],[-7.52226,8.07118],[-7.51816,8.07919],[-7.49178,8.10416],[-7.48868,8.12503],[-7.47453,8.14464],[-7.45721,8.15373],[-7.43652,8.15456],[-7.43273,8.13604],[-7.42749,8.12702],[-7.39978,8.11923],[-7.39243,8.11186],[-7.35004,8.08632],[-7.33478,8.08183],[-7.31989,8.06793],[-7.31528,8.06933],[-7.31287,8.06553],[-7.29688,8.06265],[-7.28751,8.04467],[-7.27299,8.03334],[-7.2705,8.0239],[-7.25809,8.01027],[-7.25688,7.99155],[-7.25148,7.98692],[-7.25298,7.98249],[-7.24939,7.97736],[-7.11901,7.97811],[-7.06871,7.98799],[-7.07125,8.0017],[-7.08728,8.01481],[-7.08919,8.02239],[-7.08055,8.03629],[-7.08559,8.04475],[-7.09532,8.04529],[-7.09821,8.06825],[-7.10521,8.08023],[-7.09995,8.0874],[-7.08523,8.09521],[-7.08002,8.10801],[-7.09437,8.13189],[-7.10681,8.14585],[-7.10376,8.16474],[-7.0931,8.16679],[-7.08653,8.17422],[-7.08849,8.17984],[-7.09812,8.18328],[-7.10006,8.19382],[-7.11493,8.21237],[-7.11592,8.21937],[-7.13324,8.2333],[-7.13275,8.23827],[-7.11246,8.24651],[-7.10868,8.25233],[-7.11765,8.28744],[-7.13517,8.29883],[-7.1342,8.30342],[-7.12896,8.307],[-7.1181,8.30604],[-7.102,8.31034],[-7.09844,8.31373],[-7.09783,8.3227],[-7.11313,8.33778],[-7.12559,8.34312],[-7.12928,8.34793],[-7.14177,8.34856],[-7.1412,8.36449],[-7.13155,8.36745],[-7.13032,8.37302],[-7.1483,8.38328],[-7.15026,8.3954],[-7.14493,8.40783],[-7.15059,8.42695],[-7.1652,8.43365],[-7.15765,8.43559],[-7.15839,8.45139],[-7.16739,8.45438],[-7.17129,8.46447],[-7.15862,8.47327],[-7.16088,8.49903],[-7.1795,8.51196],[-7.19871,8.51498],[-7.2093,8.52569],[-7.21379,8.53508],[-7.21467,8.54715],[-7.22545,8.55485],[-7.21899,8.56283],[-7.21937,8.57313],[-7.22758,8.57996],[-7.23084,8.59081],[-7.23559,8.5937],[-7.23658,8.60756],[-7.23177,8.61414],[-7.23705,8.61844],[-7.23852,8.62692],[-7.24904,8.63325],[-7.25458,8.64569],[-7.26396,8.65204],[-7.26934,8.66111],[-7.27995,8.67062],[-7.30821,8.68164],[-7.31175,8.67722],[-7.32155,8.67482],[-7.32518,8.67746],[-7.34017,8.67783],[-7.34479,8.68703],[-7.35091,8.67992],[-7.35986,8.67955],[-7.36536,8.68348],[-7.36735,8.69051],[-7.36332,8.69173],[-7.36958,8.70157],[-7.36483,8.70876],[-7.38018,8.72492],[-7.38809,8.74122],[-7.40108,8.7384],[-7.40406,8.7449],[-7.39547,8.75083],[-7.39743,8.75526],[-7.41664,8.7604],[-7.42067,8.75649],[-7.45165,8.77978],[-7.46904,8.80288],[-7.50363,8.83392],[-7.53143,8.84264],[-7.53458,8.84914],[-7.54227,8.85177],[-7.54779,8.86882],[-7.54539,8.88179],[-7.56375,8.89971],[-7.55766,8.90786],[-7.56948,8.91518],[-7.57043,8.92824],[-7.58257,8.93007],[-7.61191,8.95288],[-7.63824,8.95957],[-7.6424,8.96783],[-7.65669,8.96132],[-7.67494,8.96677],[-7.68118,8.98023],[-7.68023,9.00584],[-7.68632,9.02423],[-7.68597,9.04135],[-7.69597,9.05653],[-7.71925,9.07004]]]}},{"type":"Feature","properties":{"id":"CIV:ADM2:98640826B37905317988050","name":"Gbokle","countryCode":"CIV","adminLevel":2,"sourceCode":"98640826B37905317988050","parentId":"CIV:ADM1:CIV-3448"},"geometry":{"type":"Polygon","coordinates":[[[-6.29764,4.88056],[-6.30944,4.87811],[-6.31445,4.88333],[-6.31646,4.89741],[-6.32876,4.90764],[-6.33704,4.91058],[-6.3428,4.9068],[-6.34902,4.91275],[-6.36851,4.90058],[-6.38321,4.9021],[-6.39096,4.92087],[-6.40374,4.92517],[-6.40985,4.93408],[-6.41001,4.94012],[-6.40649,4.94382],[-6.38766,4.94155],[-6.38516,4.94803],[-6.37697,4.95045],[-6.36813,4.95989],[-6.35747,4.9586],[-6.33859,4.98203],[-6.34538,4.99423],[-6.34322,5.00617],[-6.34639,5.01882],[-6.36684,5.03724],[-6.36993,5.04723],[-6.36934,5.06053],[-6.34417,5.07275],[-6.35169,5.08728],[-6.3443,5.12744],[-6.35023,5.14535],[-6.35875,5.14817],[-6.37534,5.1617],[-6.38484,5.18563],[-6.39691,5.19457],[-6.39228,5.20784],[-6.39755,5.2201],[-6.39405,5.23606],[-6.39975,5.24125],[-6.39869,5.2688],[-6.44615,5.26942],[-6.47302,5.2651],[-6.48406,5.27782],[-6.44928,5.35949],[-6.44635,5.40362],[-6.4511,5.40413],[-6.45295,5.40918],[-6.44751,5.43139],[-6.45101,5.44579],[-6.4474,5.45717],[-6.43976,5.46223],[-6.44163,5.46552],[-6.45064,5.46598],[-6.46089,5.47598],[-6.46331,5.48255],[-6.45456,5.49735],[-6.46239,5.5089],[-6.46608,5.51209],[-6.47186,5.50803],[-6.49138,5.50594],[-6.49529,5.51438],[-6.50383,5.52069],[-6.48989,5.54027],[-6.49695,5.54923],[-6.49443,5.55379],[-6.49589,5.55885],[-6.38167,5.55337],[-6.37251,5.56392],[-6.36508,5.56161],[-6.35997,5.56408],[-6.35717,5.56164],[-6.35114,5.5665],[-6.34555,5.56675],[-6.33892,5.58656],[-6.32691,5.59039],[-6.31753,5.59883],[-6.31759,5.60351],[-6.30529,5.61002],[-6.30361,5.61486],[-6.29544,5.61679],[-6.27962,5.61448],[-6.27498,5.6189],[-6.26379,5.61157],[-6.2426,5.61532],[-6.2422,5.62036],[-6.23823,5.61981],[-6.23782,5.62334],[-6.22847,5.6204],[-6.21451,5.62761],[-6.21219,5.63683],[-6.20424,5.62764],[-6.19306,5.62823],[-6.19138,5.62463],[-6.19441,5.61438],[-6.19976,5.61432],[-6.20164,5.60975],[-6.19995,5.60189],[-6.19353,5.59459],[-6.2024,5.57785],[-6.19703,5.54501],[-6.19984,5.53934],[-6.19866,5.53131],[-6.18839,5.52645],[-6.18938,5.5228],[-6.17965,5.50887],[-6.19041,5.4884],[-6.18986,5.48427],[-6.1957,5.47841],[-6.19564,5.46836],[-6.20362,5.46824],[-6.20719,5.46345],[-6.21343,5.44011],[-6.20152,5.43377],[-6.19048,5.42298],[-6.17618,5.42019],[-6.15669,5.41056],[-6.14591,5.39416],[-6.14009,5.37696],[-6.12938,5.36909],[-6.12435,5.3717],[-6.12312,5.37995],[-6.09204,5.37806],[-6.07919,5.37104],[-6.05755,5.38081],[-6.04566,5.37381],[-6.03262,5.35217],[-6.02784,5.35374],[-6.02435,5.35078],[-6.00691,5.35497],[-6.00077,5.36844],[-5.98979,5.38004],[-5.99421,5.38897],[-5.99079,5.40998],[-5.97958,5.41824],[-5.97254,5.43678],[-5.96405,5.43651],[-5.96348,5.44879],[-5.95701,5.45618],[-5.96812,5.46615],[-5.96805,5.47502],[-5.98303,5.49396],[-5.97445,5.50674],[-5.97855,5.5225],[-5.95319,5.53062],[-5.93612,5.52806],[-5.92185,5.53342],[-5.91992,5.53828],[-5.91346,5.54189],[-5.87324,5.53604],[-5.86124,5.54182],[-5.82287,5.52868],[-5.81765,5.53268],[-5.79209,5.53669],[-5.78383,5.543],[-5.78063,5.55079],[-5.773,5.55431],[-5.76973,5.56396],[-5.77056,5.57536],[-5.76525,5.58501],[-5.75635,5.5928],[-5.74887,5.59266],[-5.75336,5.61082],[-5.74286,5.62282],[-5.65643,5.56414],[-5.63341,5.55506],[-5.63797,5.54741],[-5.63485,5.54345],[-5.61958,5.54431],[-5.61252,5.55616],[-5.60703,5.55722],[-5.59966,5.56692],[-5.57295,5.5757],[-5.56737,5.55573],[-5.56859,5.54421],[-5.56014,5.52243],[-5.56083,5.51489],[-5.54298,5.51666],[-5.53407,5.50723],[-5.52184,5.50523],[-5.51045,5.49163],[-5.49813,5.48794],[-5.49066,5.49106],[-5.48836,5.47681],[-5.47552,5.44734],[-5.47604,5.43699],[-5.4729,5.43119],[-5.46889,5.43487],[-5.46112,5.43121],[-5.43898,5.43903],[-5.42309,5.43094],[-5.41751,5.41489],[-5.41898,5.41091],[-5.41071,5.40088],[-5.36776,5.39447],[-5.38252,5.38976],[-5.3839,5.38406],[-5.39806,5.36984],[-5.41479,5.35809],[-5.42544,5.35459],[-5.43876,5.3259],[-5.45583,5.29878],[-5.45229,5.29479],[-5.45427,5.28247],[-5.43921,5.2762],[-5.43268,5.26612],[-5.43533,5.2568],[-5.44795,5.2621],[-5.46064,5.2601],[-5.46342,5.25218],[-5.45654,5.22749],[-5.46102,5.21194],[-5.45971,5.20511],[-5.46308,5.20153],[-5.46176,5.19673],[-5.47514,5.18271],[-5.49429,5.18046],[-5.49824,5.17278],[-5.50011,5.13395],[-5.50706,5.12854],[-5.50825,5.11879],[-5.50044,5.10843],[-5.49762,5.10927],[-5.49642,5.10467],[-5.49885,5.10371],[-5.49108,5.09553],[-5.49568,5.09528],[-5.52481,5.0998],[-5.55053,5.11498],[-5.57844,5.09455],[-5.55769,5.08845],[-5.55053,5.08771],[-5.58502,5.07711],[-5.58613,5.07706],[-5.60187,5.07384],[-5.60661,5.07579],[-5.61446,5.07103],[-5.64673,5.06459],[-5.74121,5.05552],[-5.80731,5.0442],[-5.90642,5.01853],[-5.92842,5.00739],[-5.9473,5.00415],[-5.95318,4.999],[-5.96813,4.99578],[-5.97991,4.98902],[-5.97979,4.98832],[-5.98843,4.98387],[-5.99159,4.97985],[-6.00504,4.9755],[-6.00516,4.97515],[-6.00744,4.97525],[-6.04528,4.96117],[-6.07148,4.95824],[-6.0811,4.9448],[-6.13858,4.91523],[-6.2998,4.86141],[-6.29764,4.88056]]]}},{"type":"Feature","properties":{"id":"CIV:ADM2:98640826B42717034718743","name":"Cavally","countryCode":"CIV","adminLevel":2,"sourceCode":"98640826B42717034718743","parentId":"CIV:ADM1:CIV-3459"},"geometry":{"type":"Polygon","coordinates":[[[-7.99312,6.97954],[-7.99618,6.9763],[-7.99112,6.97318],[-7.99768,6.96973],[-7.99647,6.96271],[-8.00755,6.96306],[-8.00873,6.95551],[-8.01343,6.96163],[-8.01537,6.96022],[-8.01887,6.95217],[-8.01285,6.94816],[-8.02496,6.93925],[-8.03276,6.93885],[-8.03338,6.93104],[-8.04573,6.9285],[-8.042,6.92319],[-8.05386,6.91959],[-8.06075,6.91057],[-8.0631,6.91041],[-8.0607,6.91964],[-8.06653,6.92236],[-8.07214,6.91918],[-8.07353,6.90786],[-8.07978,6.90261],[-8.07716,6.89247],[-8.08465,6.8993],[-8.09491,6.89283],[-8.10176,6.89299],[-8.10306,6.88868],[-8.1001,6.88567],[-8.0976,6.88875],[-8.09708,6.88178],[-8.08479,6.87632],[-8.09048,6.8736],[-8.09171,6.87802],[-8.09546,6.87647],[-8.09461,6.86516],[-8.0857,6.86277],[-8.08823,6.85908],[-8.0941,6.86287],[-8.10131,6.85497],[-8.10831,6.85282],[-8.10633,6.83942],[-8.11015,6.83864],[-8.1091,6.83366],[-8.1026,6.83206],[-8.09876,6.84483],[-8.09388,6.84002],[-8.09403,6.83533],[-8.09593,6.83051],[-8.09952,6.83164],[-8.10025,6.82931],[-8.08739,6.82136],[-8.09015,6.81831],[-8.08585,6.81598],[-8.08683,6.81111],[-8.09287,6.80775],[-8.08901,6.80552],[-8.0829,6.80885],[-8.0897,6.80209],[-8.09855,6.80809],[-8.10482,6.79551],[-8.11333,6.80075],[-8.11215,6.79062],[-8.11893,6.7912],[-8.1235,6.78087],[-8.12799,6.78675],[-8.13215,6.78668],[-8.14437,6.77379],[-8.14123,6.77014],[-8.15079,6.76138],[-8.16026,6.76575],[-8.1653,6.7615],[-8.15885,6.75113],[-8.16316,6.74549],[-8.16335,6.73505],[-8.15751,6.73241],[-8.15931,6.72521],[-8.16631,6.72124],[-8.15943,6.72029],[-8.16111,6.71792],[-8.1738,6.71631],[-8.17831,6.70775],[-8.1931,6.70498],[-8.19708,6.70807],[-8.1893,6.71519],[-8.19444,6.72422],[-8.19897,6.72778],[-8.21183,6.72791],[-8.21075,6.71536],[-8.2122,6.71305],[-8.21957,6.71486],[-8.221,6.71225],[-8.21696,6.7058],[-8.23011,6.69969],[-8.23171,6.69513],[-8.22042,6.68865],[-8.21995,6.68255],[-8.21383,6.67896],[-8.21983,6.68096],[-8.22108,6.67248],[-8.23535,6.67372],[-8.23523,6.66427],[-8.23959,6.66382],[-8.2453,6.6726],[-8.25208,6.6706],[-8.2508,6.6665],[-8.24084,6.66003],[-8.23759,6.65099],[-8.25205,6.64436],[-8.25035,6.6399],[-8.24369,6.64304],[-8.24777,6.63834],[-8.24346,6.62766],[-8.24638,6.62039],[-8.2507,6.61876],[-8.26679,6.62528],[-8.2704,6.61632],[-8.28251,6.60904],[-8.28537,6.59671],[-8.28796,6.59643],[-8.29147,6.6036],[-8.30354,6.60215],[-8.30901,6.58957],[-8.32135,6.58187],[-8.43745,6.65684],[-8.43576,6.66313],[-8.44216,6.66388],[-8.45037,6.65695],[-8.45171,6.64757],[-8.44878,6.64292],[-8.46025,6.63847],[-8.46236,6.6334],[-8.47139,6.63546],[-8.47458,6.6311],[-8.48501,6.62882],[-8.48637,6.6216],[-8.48307,6.6166],[-8.48878,6.61185],[-8.49138,6.61939],[-8.49715,6.61968],[-8.50357,6.61349],[-8.50374,6.59692],[-8.50954,6.59973],[-8.51671,6.59713],[-8.52481,6.61253],[-8.53304,6.60812],[-8.52817,6.59052],[-8.53184,6.5649],[-8.53685,6.56161],[-8.55279,6.57007],[-8.56033,6.56783],[-8.56561,6.55732],[-8.55362,6.54737],[-8.56114,6.54369],[-8.5674,6.52345],[-8.57175,6.52628],[-8.58073,6.52366],[-8.57992,6.51574],[-8.58415,6.50741],[-8.57829,6.49847],[-8.54913,6.49915],[-8.52809,6.4857],[-8.52215,6.46919],[-8.50643,6.44739],[-8.4977,6.43919],[-8.47855,6.43292],[-8.46856,6.44203],[-8.46796,6.4532],[-8.45688,6.46125],[-8.45193,6.46923],[-8.46087,6.49687],[-8.45797,6.50226],[-8.44067,6.49457],[-8.43775,6.491],[-8.43538,6.47157],[-8.43031,6.46874],[-8.42662,6.46013],[-8.39692,6.44424],[-8.41153,6.43003],[-8.4115,6.42679],[-8.40497,6.42289],[-8.40177,6.42689],[-8.40059,6.41717],[-8.39331,6.41004],[-8.39498,6.39706],[-8.38439,6.38384],[-8.39045,6.37765],[-8.40088,6.37646],[-8.41413,6.36911],[-8.40509,6.3656],[-8.39737,6.35091],[-8.38581,6.34743],[-8.38269,6.35899],[-8.37333,6.35873],[-8.37049,6.36308],[-8.36289,6.35956],[-8.35033,6.36329],[-8.34074,6.37672],[-8.33743,6.36955],[-8.33166,6.36853],[-8.31786,6.3575],[-8.31281,6.35756],[-8.3073,6.34644],[-8.30081,6.34579],[-8.29653,6.35016],[-8.28607,6.3481],[-8.28489,6.33838],[-8.27011,6.33709],[-8.2722,6.33022],[-8.2837,6.32794],[-8.2829,6.32002],[-8.26342,6.31698],[-8.25878,6.32099],[-8.25046,6.31783],[-8.2426,6.32332],[-8.21951,6.30285],[-8.21162,6.30617],[-8.20788,6.30107],[-8.19738,6.30469],[-8.19067,6.30052],[-8.18798,6.2917],[-8.17641,6.28713],[-8.17196,6.2742],[-8.15833,6.27974],[-8.12844,6.27967],[-8.10874,6.29176],[-8.09684,6.29007],[-8.09085,6.30347],[-8.07782,6.29747],[-8.07067,6.30331],[-8.06061,6.30593],[-8.04941,6.30279],[-8.04336,6.31042],[-8.02936,6.3156],[-8.00238,6.32019],[-7.99469,6.30693],[-7.99532,6.29755],[-7.99241,6.29469],[-7.98165,6.29948],[-7.98051,6.29408],[-7.97691,6.29376],[-7.97371,6.29811],[-7.96386,6.28559],[-7.95917,6.28455],[-7.95522,6.28603],[-7.94848,6.29691],[-7.94559,6.29658],[-7.93393,6.28263],[-7.92815,6.2816],[-7.92384,6.28308],[-7.92032,6.29141],[-7.91801,6.27593],[-7.91402,6.27272],[-7.90899,6.27421],[-7.90907,6.2825],[-7.9073,6.28684],[-7.90442,6.28615],[-7.89555,6.26244],[-7.88064,6.24815],[-7.85745,6.2343],[-7.83813,6.20996],[-7.82252,6.19712],[-7.82863,6.1949],[-7.84055,6.19804],[-7.84661,6.19149],[-7.83865,6.18407],[-7.84177,6.17422],[-7.83738,6.16669],[-7.84921,6.16009],[-7.85096,6.15503],[-7.84936,6.13701],[-7.85432,6.12759],[-7.85158,6.10418],[-7.85585,6.09765],[-7.854,6.09298],[-7.84679,6.0916],[-7.85245,6.08073],[-7.84952,6.07571],[-7.84377,6.07612],[-7.83374,6.08306],[-7.83489,6.09026],[-7.83027,6.09752],[-7.82014,6.09328],[-7.81577,6.08719],[-7.81,6.08688],[-7.80684,6.09556],[-7.79558,6.08521],[-7.79406,6.07692],[-7.80369,6.06602],[-7.80254,6.0581],[-7.77284,6.03997],[-7.77028,6.03566],[-7.78787,6.02829],[-7.79071,6.02394],[-7.79211,6.0196],[-7.78554,6.0092],[-7.79522,6.00371],[-7.79503,5.98243],[-7.7647,5.97368],[-7.76823,5.96571],[-7.76633,5.95419],[-7.74894,5.94244],[-7.74056,5.93061],[-7.73264,5.9314],[-7.70468,5.90422],[-7.68803,5.89499],[-7.68335,5.89539],[-7.67515,5.90519],[-7.68534,5.91773],[-7.68757,5.92565],[-7.68002,5.92752],[-7.67438,5.94163],[-7.66579,5.94856],[-7.66536,5.94026],[-7.66099,5.93417],[-7.66558,5.92367],[-7.66512,5.91213],[-7.66113,5.90892],[-7.65363,5.9162],[-7.64272,5.90402],[-7.63734,5.90587],[-7.61714,5.90243],[-7.61523,5.88946],[-7.60877,5.89276],[-7.60438,5.88414],[-7.60042,5.88453],[-7.59618,5.89431],[-7.58826,5.89582],[-7.58283,5.89226],[-7.55924,5.87116],[-7.57187,5.87287],[-7.57903,5.8674],[-7.57755,5.86344],[-7.56493,5.86174],[-7.56228,5.84589],[-7.54846,5.8294],[-7.54343,5.83125],[-7.54205,5.83847],[-7.54498,5.84422],[-7.53525,5.84394],[-7.52704,5.85375],[-7.52272,5.85414],[-7.51658,5.85203],[-7.51507,5.84302],[-7.52478,5.84114],[-7.52401,5.83501],[-7.5114,5.83403],[-7.50776,5.83009],[-7.50844,5.8254],[-7.49756,5.8161],[-7.48563,5.8097],[-7.4777,5.80905],[-7.47425,5.82856],[-7.46923,5.8322],[-7.47293,5.84336],[-7.46549,5.85929],[-7.44921,5.85076],[-7.44597,5.85187],[-7.44594,5.84754],[-7.43327,5.84007],[-7.43612,5.83644],[-7.43528,5.82057],[-7.44771,5.79738],[-7.4437,5.792],[-7.44617,5.78476],[-7.44326,5.78154],[-7.43787,5.78374],[-7.43204,5.77441],[-7.43272,5.77007],[-7.44703,5.75697],[-7.44733,5.74903],[-7.44118,5.74583],[-7.43823,5.73755],[-7.4407,5.73032],[-7.43695,5.71159],[-7.43406,5.70944],[-7.43579,5.70077],[-7.43103,5.69106],[-7.42095,5.6915],[-7.42481,5.6774],[-7.41792,5.67168],[-7.41601,5.6569],[-7.41017,5.64684],[-7.40036,5.63654],[-7.39991,5.62356],[-7.38767,5.62509],[-7.3816,5.6208],[-7.36128,5.62437],[-7.34699,5.62261],[-7.34202,5.62772],[-7.32012,5.61794],[-7.30444,5.62783],[-7.28987,5.62161],[-7.27316,5.62002],[-7.25536,5.6453],[-7.08778,5.66635],[-7.09079,5.88828],[-7.08419,6.05725],[-7.10787,6.15254],[-7.11906,6.15775],[-7.12422,6.16535],[-7.12275,6.17017],[-7.13235,6.17712],[-7.15211,6.18406],[-7.16438,6.17887],[-7.18122,6.18201],[-7.20793,6.20538],[-7.20928,6.21279],[-7.20475,6.21982],[-7.2042,6.22954],[-7.19098,6.23973],[-7.18645,6.25071],[-7.17017,6.26476],[-7.17486,6.28534],[-7.17132,6.30054],[-7.17809,6.30541],[-7.18353,6.31833],[-7.17688,6.33169],[-7.19799,6.39606],[-7.21327,6.41354],[-7.22131,6.42903],[-7.24988,6.45867],[-7.2653,6.4672],[-7.3154,6.53318],[-7.39642,6.58932],[-7.50247,6.64299],[-7.5465,6.6713],[-7.54331,6.68392],[-7.53839,6.68838],[-7.55907,6.69745],[-7.56028,6.70294],[-7.55376,6.70473],[-7.56038,6.71619],[-7.56254,6.7255],[-7.56006,6.7308],[-7.56437,6.73213],[-7.57483,6.72787],[-7.576,6.73971],[-7.5813,6.7415],[-7.58193,6.75293],[-7.57704,6.76723],[-7.57196,6.77134],[-7.57287,6.77546],[-7.56612,6.79035],[-7.5675,6.79454],[-7.57618,6.79787],[-7.58544,6.79004],[-7.58845,6.80321],[-7.59509,6.8057],[-7.60105,6.80085],[-7.60925,6.84409],[-7.61581,6.84893],[-7.62006,6.84777],[-7.6275,6.85541],[-7.63721,6.85663],[-7.63109,6.8632],[-7.84048,6.86926],[-7.88482,6.94556],[-7.89483,6.94661],[-7.90998,6.96222],[-7.9313,6.9668],[-7.93618,6.95843],[-7.94594,6.95788],[-7.95238,6.96298],[-7.97556,6.96912],[-7.99312,6.97954]]]}},{"type":"Feature","properties":{"id":"CIV:ADM2:98640826B43081365176028","name":"San Pedro","countryCode":"CIV","adminLevel":2,"sourceCode":"98640826B43081365176028","parentId":"CIV:ADM1:CIV-3448"},"geometry":{"type":"Polygon","coordinates":[[[-7.51858,4.36391],[-7.52877,4.36188],[-7.5386,4.3634],[-7.54453,4.37045],[-7.5563,4.36959],[-7.57341,4.38672],[-7.57745,4.40113],[-7.56501,4.42429],[-7.54604,4.43668],[-7.56117,4.44163],[-7.57056,4.44951],[-7.57312,4.45707],[-7.57391,4.46825],[-7.56754,4.48344],[-7.56002,4.48926],[-7.56408,4.50547],[-7.55909,4.512],[-7.57179,4.53176],[-7.57186,4.54258],[-7.56434,4.54768],[-7.568,4.55704],[-7.56626,4.56643],[-7.58073,4.58076],[-7.58043,4.59051],[-7.56285,4.59495],[-7.55431,4.60943],[-7.56048,4.61913],[-7.56459,4.6422],[-7.56894,4.64794],[-7.58009,4.64895],[-7.58227,4.65254],[-7.57983,4.66482],[-7.56835,4.66851],[-7.57676,4.68938],[-7.57213,4.6959],[-7.5642,4.69379],[-7.56243,4.69705],[-7.56942,4.72189],[-7.56304,4.73637],[-7.56886,4.74643],[-7.5726,4.76877],[-7.56619,4.77711],[-7.56694,4.78216],[-7.58386,4.78529],[-7.59978,4.79997],[-7.59884,4.82018],[-7.5881,4.82747],[-7.59832,4.8494],[-7.59046,4.85812],[-7.59408,4.86134],[-7.5942,4.87829],[-7.6061,4.88434],[-7.60722,4.88975],[-7.60086,4.90675],[-7.58689,4.91406],[-7.57354,4.90802],[-7.57067,4.90948],[-7.56789,4.92248],[-7.5546,4.9251],[-7.54592,4.91867],[-7.53298,4.91912],[-7.5323,4.92489],[-7.54281,4.93673],[-7.54322,4.9443],[-7.53895,4.95191],[-7.54586,4.96232],[-7.55163,4.96445],[-7.55663,4.96008],[-7.55952,4.96187],[-7.56536,4.97373],[-7.54929,4.99116],[-7.54757,5.00163],[-7.54796,5.00632],[-7.55734,5.00986],[-7.56281,5.02101],[-7.56251,5.03003],[-7.55434,5.04452],[-7.55799,5.05207],[-7.55733,5.06001],[-7.5613,5.06251],[-7.56901,5.08482],[-7.54396,5.10267],[-7.53432,5.11393],[-7.52535,5.11687],[-7.51559,5.11117],[-7.51587,5.09926],[-7.50517,5.11269],[-7.50772,5.117],[-7.5038,5.1228],[-7.49089,5.12902],[-7.48991,5.1431],[-7.47781,5.16195],[-7.47541,5.17784],[-7.48053,5.18971],[-7.4788,5.19983],[-7.48174,5.2081],[-7.49007,5.21634],[-7.48869,5.22501],[-7.48015,5.2377],[-7.47151,5.2374],[-7.46937,5.23994],[-7.47057,5.25761],[-7.48176,5.26186],[-7.48325,5.26907],[-7.47902,5.28101],[-7.47078,5.28684],[-7.4657,5.2811],[-7.46211,5.28221],[-7.45352,5.28913],[-7.44561,5.29027],[-7.43596,5.29972],[-7.41546,5.30203],[-7.41433,5.29482],[-7.42288,5.28249],[-7.42792,5.28173],[-7.42861,5.27848],[-7.42069,5.27709],[-7.41958,5.27349],[-7.4199,5.26736],[-7.42813,5.26044],[-7.42453,5.26047],[-7.41164,5.27102],[-7.40851,5.28584],[-7.39809,5.28772],[-7.3956,5.29315],[-7.40182,5.3061],[-7.40077,5.31115],[-7.39685,5.31587],[-7.38248,5.31995],[-7.37105,5.33266],[-7.38294,5.33438],[-7.38995,5.34542],[-7.38831,5.36817],[-7.38374,5.38335],[-7.39234,5.37824],[-7.39082,5.36707],[-7.40481,5.36011],[-7.40592,5.36443],[-7.42836,5.38051],[-7.43237,5.38733],[-7.43502,5.40608],[-7.44988,5.42004],[-7.45536,5.43046],[-7.44432,5.44678],[-7.4356,5.4353],[-7.42547,5.42888],[-7.42126,5.44406],[-7.42855,5.45628],[-7.42904,5.47359],[-7.42442,5.48229],[-7.414,5.48561],[-7.40973,5.4925],[-7.40873,5.50261],[-7.39653,5.50811],[-7.39548,5.51209],[-7.40812,5.51777],[-7.40853,5.52426],[-7.40243,5.52756],[-7.39339,5.52185],[-7.38799,5.52261],[-7.38482,5.53238],[-7.40109,5.54092],[-7.40403,5.54955],[-7.39797,5.5579],[-7.40031,5.58097],[-7.39673,5.58389],[-7.37691,5.58259],[-7.38566,5.59696],[-7.38002,5.61252],[-7.3816,5.6208],[-7.36128,5.62437],[-7.34699,5.62261],[-7.34202,5.62772],[-7.32012,5.61794],[-7.30444,5.62783],[-7.28987,5.62161],[-7.27316,5.62002],[-7.25536,5.6453],[-7.08778,5.66635],[-7.08443,5.67217],[-7.07476,5.66158],[-7.07362,5.65014],[-7.05286,5.60935],[-7.06086,5.56927],[-7.05185,5.54868],[-7.06617,5.53745],[-7.0623,5.52871],[-7.05406,5.52153],[-7.04154,5.52074],[-7.03277,5.51317],[-7.03197,5.50388],[-7.0247,5.48803],[-7.01481,5.48317],[-7.01823,5.46603],[-6.96622,5.44556],[-6.95099,5.4475],[-6.93421,5.44436],[-6.92411,5.45065],[-6.92445,5.45892],[-6.92006,5.46441],[-6.91117,5.46174],[-6.9006,5.46457],[-6.88802,5.46316],[-6.86708,5.45716],[-6.85959,5.45871],[-6.85279,5.46614],[-6.83794,5.45914],[-6.82756,5.46284],[-6.77986,5.42488],[-6.75723,5.41483],[-6.7284,5.41241],[-6.73023,5.40478],[-6.72596,5.39564],[-6.72618,5.37643],[-6.72097,5.37096],[-6.71874,5.36196],[-6.70452,5.35053],[-6.6944,5.34731],[-6.69558,5.34091],[-6.67698,5.34327],[-6.67037,5.33852],[-6.66983,5.33384],[-6.6662,5.33622],[-6.65968,5.33427],[-6.65964,5.26693],[-6.65244,5.26434],[-6.6366,5.265],[-6.6341,5.27427],[-6.62851,5.27949],[-6.62299,5.2772],[-6.62053,5.28095],[-6.58397,5.28967],[-6.58016,5.29685],[-6.55483,5.30745],[-6.55289,5.31211],[-6.53998,5.30276],[-6.5354,5.30622],[-6.50778,5.3081],[-6.48267,5.28108],[-6.48406,5.27782],[-6.47302,5.2651],[-6.44615,5.26942],[-6.39869,5.2688],[-6.39975,5.24125],[-6.39405,5.23606],[-6.39755,5.2201],[-6.39228,5.20784],[-6.39691,5.19457],[-6.38484,5.18563],[-6.37534,5.1617],[-6.35875,5.14817],[-6.35023,5.14535],[-6.3443,5.12744],[-6.35169,5.08728],[-6.34417,5.07275],[-6.36934,5.06053],[-6.36993,5.04723],[-6.36684,5.03724],[-6.34639,5.01882],[-6.34322,5.00617],[-6.34538,4.99423],[-6.33859,4.98203],[-6.35747,4.9586],[-6.36813,4.95989],[-6.37697,4.95045],[-6.38516,4.94803],[-6.38766,4.94155],[-6.40649,4.94382],[-6.41001,4.94012],[-6.40985,4.93408],[-6.40374,4.92517],[-6.39096,4.92087],[-6.38321,4.9021],[-6.36851,4.90058],[-6.34902,4.91275],[-6.3428,4.9068],[-6.33704,4.91058],[-6.32876,4.90764],[-6.31646,4.89741],[-6.31445,4.88333],[-6.30944,4.87811],[-6.29764,4.88056],[-6.2998,4.86141],[-6.41222,4.82388],[-6.42077,4.81712],[-6.42308,4.81114],[-6.432,4.80987],[-6.44926,4.80072],[-6.45198,4.79137],[-6.4973,4.78025],[-6.50541,4.78073],[-6.51068,4.77697],[-6.51784,4.77521],[-6.5557,4.77023],[-6.56161,4.77217],[-6.5836,4.76457],[-6.60556,4.75263],[-6.60787,4.74395],[-6.62707,4.72967],[-6.651,4.71811],[-6.70756,4.70678],[-6.71051,4.69994],[-6.74147,4.69082],[-6.76646,4.6915],[-6.76958,4.68636],[-6.77171,4.68609],[-6.85367,4.68061],[-6.86674,4.67418],[-6.86819,4.674],[-6.91648,4.66349],[-6.9243,4.65518],[-6.9221,4.64603],[-6.92843,4.6383],[-6.9595,4.62347],[-6.97277,4.60725],[-6.98648,4.59891],[-6.98527,4.5934],[-7.0041,4.58739],[-7.00836,4.57633],[-7.01856,4.57313],[-7.02951,4.56283],[-7.03202,4.55479],[-7.05542,4.54069],[-7.05807,4.54022],[-7.05921,4.53871],[-7.08812,4.52989],[-7.16368,4.52505],[-7.19115,4.51898],[-7.20522,4.50748],[-7.23159,4.49384],[-7.23282,4.49331],[-7.2335,4.49285],[-7.24909,4.48478],[-7.256,4.46539],[-7.26602,4.46361],[-7.27847,4.46377],[-7.28816,4.46052],[-7.29171,4.45753],[-7.29528,4.45696],[-7.31135,4.45017],[-7.31994,4.44225],[-7.32342,4.43597],[-7.34911,4.42194],[-7.35359,4.4204],[-7.3555,4.41846],[-7.35985,4.41608],[-7.37488,4.40368],[-7.39704,4.39613],[-7.41658,4.38027],[-7.48832,4.36055],[-7.51858,4.36391]]]}},{"type":"Feature","properties":{"id":"CIV:ADM2:98640826B43857880322183","name":"Bere","countryCode":"CIV","adminLevel":2,"sourceCode":"98640826B43857880322183","parentId":"CIV:ADM1:CIV-3443"},"geometry":{"type":"Polygon","coordinates":[[[-6.70042,9.06196],[-6.70454,9.05165],[-6.69797,9.04523],[-6.69859,9.0346],[-6.7088,9.00065],[-6.70002,8.99047],[-6.70289,8.99062],[-6.70546,8.98385],[-6.69743,8.98242],[-6.69335,8.97641],[-6.698,8.97683],[-6.70385,8.97087],[-6.70902,8.97059],[-6.71059,8.96311],[-6.70132,8.95571],[-6.69844,8.94421],[-6.7011,8.93436],[-6.69414,8.93293],[-6.68821,8.91797],[-6.6787,8.91718],[-6.67611,8.92635],[-6.66972,8.92402],[-6.66607,8.92644],[-6.66777,8.93085],[-6.66048,8.9354],[-6.64878,8.93104],[-6.64053,8.93665],[-6.62765,8.93465],[-6.62352,8.92844],[-6.62386,8.92217],[-6.61907,8.91937],[-6.61202,8.92406],[-6.60392,8.92092],[-6.60655,8.92604],[-6.6031,8.93018],[-6.58397,8.93921],[-6.58119,8.93564],[-6.58296,8.92814],[-6.57851,8.92535],[-6.57644,8.93607],[-6.56662,8.94311],[-6.54817,8.92663],[-6.55027,8.92008],[-6.54804,8.91472],[-6.55504,8.91229],[-6.55541,8.90791],[-6.54703,8.90178],[-6.54368,8.8948],[-6.53747,8.89005],[-6.52609,8.89345],[-6.52068,8.88817],[-6.51888,8.88041],[-6.50142,8.87798],[-6.48364,8.86112],[-6.48302,8.85353],[-6.47499,8.85851],[-6.46988,8.8439],[-6.45789,8.83617],[-6.46174,8.82138],[-6.47252,8.8262],[-6.47594,8.82421],[-6.47648,8.81869],[-6.46632,8.81921],[-6.45816,8.80529],[-6.44608,8.79579],[-6.43732,8.80249],[-6.43307,8.81434],[-6.42271,8.81557],[-6.41469,8.80739],[-6.41527,8.80082],[-6.40024,8.79353],[-6.39644,8.78748],[-6.40687,8.77972],[-6.40914,8.77247],[-6.39614,8.76255],[-6.41282,8.75231],[-6.41527,8.74451],[-6.41415,8.72459],[-6.42574,8.72038],[-6.4161,8.71853],[-6.41265,8.71243],[-6.41573,8.70995],[-6.42255,8.71306],[-6.43117,8.71154],[-6.43908,8.72206],[-6.44157,8.7058],[-6.44666,8.71017],[-6.44555,8.71564],[-6.45296,8.71632],[-6.45936,8.70458],[-6.45968,8.69727],[-6.44243,8.69042],[-6.44065,8.68643],[-6.45774,8.67762],[-6.47089,8.67867],[-6.46538,8.66488],[-6.46045,8.67312],[-6.45251,8.67104],[-6.45056,8.65762],[-6.44208,8.64956],[-6.43915,8.63893],[-6.46141,8.6311],[-6.46284,8.62536],[-6.46884,8.62308],[-6.47093,8.61309],[-6.45755,8.61494],[-6.44563,8.62866],[-6.44004,8.62904],[-6.44061,8.61526],[-6.43041,8.60034],[-6.44246,8.59218],[-6.43418,8.58596],[-6.43491,8.58308],[-6.45121,8.5757],[-6.44277,8.5646],[-6.44014,8.57091],[-6.43448,8.57031],[-6.42922,8.55576],[-6.42821,8.53912],[-6.42013,8.52601],[-6.4238,8.51339],[-6.43014,8.51153],[-6.43556,8.50229],[-6.44637,8.51476],[-6.45311,8.51223],[-6.45283,8.50677],[-6.45855,8.49729],[-6.45238,8.48587],[-6.43158,8.48263],[-6.42578,8.47593],[-6.4289,8.45178],[-6.41334,8.4432],[-6.41044,8.41623],[-6.3995,8.42026],[-6.36394,8.41273],[-6.35133,8.38887],[-6.36154,8.38252],[-6.36195,8.37861],[-6.35311,8.3748],[-6.34019,8.37524],[-6.35442,8.36213],[-6.34332,8.35755],[-6.34877,8.34187],[-6.34308,8.29287],[-6.34831,8.28176],[-6.34344,8.26364],[-6.34493,8.25214],[-6.34123,8.23137],[-6.3317,8.22341],[-6.31628,8.18859],[-6.31517,8.17031],[-6.30657,8.13264],[-6.30912,8.11357],[-6.29704,8.02648],[-6.28433,8.00344],[-6.27021,8.00523],[-6.24895,7.97968],[-6.24165,7.97601],[-6.24409,7.96398],[-6.25565,7.94898],[-6.25768,7.93555],[-6.25673,7.91539],[-6.24688,7.89411],[-6.25521,7.87889],[-6.25413,7.85862],[-6.25824,7.84105],[-6.25296,7.82599],[-6.25908,7.81383],[-6.25749,7.79638],[-6.26478,7.78843],[-6.25907,7.77944],[-6.24314,7.77999],[-6.23513,7.7733],[-6.2381,7.76389],[-6.23676,7.7566],[-6.21249,7.72853],[-6.21573,7.69275],[-6.21337,7.68417],[-6.2004,7.68278],[-6.19215,7.67617],[-6.18558,7.67547],[-6.16804,7.65784],[-6.13786,7.65271],[-6.11942,7.64427],[-6.11009,7.63617],[-6.10505,7.63627],[-6.0742,7.65636],[-6.06701,7.66687],[-6.06625,7.67341],[-6.05906,7.67902],[-6.05911,7.6854],[-6.05513,7.68744],[-6.0638,7.69939],[-6.0608,7.71592],[-6.05522,7.71864],[-6.05166,7.7109],[-6.04867,7.71144],[-6.05126,7.71843],[-6.03496,7.74898],[-6.02082,7.75351],[-5.99765,7.7468],[-5.98061,7.75414],[-5.95229,7.72946],[-5.85719,7.73569],[-5.85099,7.73769],[-5.83574,7.75284],[-5.80699,7.75149],[-5.79466,7.74176],[-5.79413,7.69866],[-5.78276,7.66802],[-5.79092,7.64603],[-5.79827,7.63839],[-5.79798,7.63259],[-5.76632,7.59508],[-5.75673,7.58947],[-5.74671,7.59112],[-5.74046,7.58424],[-5.7349,7.5664],[-5.72987,7.56123],[-5.73115,7.55268],[-5.72588,7.5437],[-5.69635,7.54757],[-5.68801,7.57307],[-5.70285,7.60224],[-5.72249,7.61674],[-5.68837,7.63159],[-5.69344,7.66082],[-5.68772,7.70241],[-5.73825,7.75108],[-5.74755,7.77271],[-5.77102,7.80406],[-5.76107,7.81323],[-5.77205,7.84564],[-5.76629,7.87277],[-5.76952,7.89655],[-5.76318,7.91418],[-5.76408,7.92001],[-5.75805,7.93173],[-5.75121,7.93595],[-5.74866,7.95891],[-5.75246,7.97107],[-5.73851,7.98704],[-5.73654,8.02028],[-5.73148,8.02673],[-5.56919,8.02361],[-5.5655,8.03039],[-5.5545,8.03215],[-5.5596,8.04309],[-5.54717,8.04019],[-5.54236,8.06005],[-5.5278,8.06463],[-5.52528,8.07066],[-5.52805,8.08012],[-5.52581,8.08226],[-5.51993,8.07974],[-5.51528,8.08468],[-5.51971,8.09674],[-5.51827,8.10755],[-5.52601,8.11589],[-5.52544,8.12011],[-5.51486,8.12523],[-5.51152,8.12277],[-5.50876,8.11082],[-5.49457,8.11097],[-5.48869,8.11369],[-5.483,8.12195],[-5.47659,8.11729],[-5.47522,8.10885],[-5.47188,8.1069],[-5.45986,8.10603],[-5.45464,8.11569],[-5.44741,8.11582],[-5.42424,8.10274],[-5.42155,8.10864],[-5.40981,8.10104],[-5.40273,8.10186],[-5.39744,8.10508],[-5.40011,8.12263],[-5.39683,8.13658],[-5.40714,8.15571],[-5.40348,8.16533],[-5.40569,8.16741],[-5.40043,8.16966],[-5.36112,8.1661],[-5.35176,8.17655],[-5.35681,8.20061],[-5.3465,8.22019],[-5.36726,8.23641],[-5.37503,8.25682],[-5.36563,8.25898],[-5.34646,8.24854],[-5.33856,8.24897],[-5.3392,8.25551],[-5.35358,8.26731],[-5.36768,8.27388],[-5.37768,8.27677],[-5.3826,8.27493],[-5.39019,8.27875],[-5.39601,8.30636],[-5.4192,8.31358],[-5.43427,8.33424],[-5.46373,8.35206],[-5.47177,8.3525],[-5.48347,8.36148],[-5.49657,8.35998],[-5.50331,8.36837],[-5.50595,8.38194],[-5.5183,8.37824],[-5.55076,8.38243],[-5.56384,8.39224],[-5.58295,8.4148],[-5.60582,8.42356],[-5.63108,8.43792],[-5.63459,8.44475],[-5.6322,8.45174],[-5.61178,8.45314],[-5.60714,8.46129],[-5.5966,8.45963],[-5.58949,8.46379],[-5.57075,8.45835],[-5.56571,8.45219],[-5.54749,8.44495],[-5.53667,8.44983],[-5.52045,8.46532],[-5.53516,8.4682],[-5.54768,8.47863],[-5.5757,8.48736],[-5.59515,8.50092],[-5.58979,8.51796],[-5.60554,8.52885],[-5.60364,8.5399],[-5.62138,8.5476],[-5.62113,8.5418],[-5.62369,8.54106],[-5.63495,8.54524],[-5.70823,8.53863],[-5.905,8.64723],[-5.91302,8.64056],[-5.93446,8.64853],[-5.97279,8.65192],[-5.97898,8.65561],[-5.99559,8.6756],[-6.00207,8.69417],[-6.12886,8.91135],[-6.13481,8.94151],[-6.2449,8.99438],[-6.24905,9.02868],[-6.26809,9.06208],[-6.25912,9.08646],[-6.22952,9.12477],[-6.22114,9.14953],[-6.22985,9.165],[-6.25126,9.18576],[-6.25946,9.1995],[-6.26917,9.19534],[-6.27727,9.1959],[-6.27894,9.19292],[-6.29538,9.20078],[-6.30531,9.19532],[-6.32133,9.20914],[-6.34092,9.20969],[-6.34599,9.19637],[-6.35557,9.18644],[-6.37239,9.15693],[-6.40304,9.12826],[-6.41836,9.093],[-6.44292,9.06687],[-6.47772,9.06162],[-6.48159,9.08226],[-6.49827,9.12735],[-6.49875,9.14461],[-6.55567,9.1596],[-6.56717,9.15825],[-6.57124,9.14755],[-6.57024,9.13961],[-6.57648,9.1296],[-6.57635,9.11615],[-6.57098,9.11047],[-6.55906,9.10576],[-6.56991,9.07506],[-6.57555,9.06814],[-6.59763,9.06567],[-6.6102,9.05973],[-6.65307,9.06816],[-6.68142,9.06168],[-6.70042,9.06196]]]}},{"type":"Feature","properties":{"id":"CIV:ADM2:98640826B5040161076408","name":"Gontougo","countryCode":"CIV","adminLevel":2,"sourceCode":"98640826B5040161076408","parentId":"CIV:ADM1:CIV-3449"},"geometry":{"type":"Polygon","coordinates":[[[-3.94746,8.44554],[-3.97273,8.43273],[-3.98107,8.43077],[-4.00213,8.43343],[-4.0061,8.42746],[-4.00012,8.40823],[-3.99423,8.3996],[-3.98101,8.4019],[-3.96083,8.39683],[-3.95776,8.39292],[-3.96874,8.37665],[-3.98763,8.37337],[-3.99288,8.36733],[-3.98199,8.35332],[-3.95983,8.34533],[-3.96035,8.33903],[-3.96823,8.32623],[-3.96795,8.30979],[-3.97147,8.30077],[-3.98193,8.29815],[-4.04177,8.30762],[-4.05533,8.30377],[-4.06262,8.29098],[-4.04431,8.2661],[-4.01858,8.24542],[-4.00934,8.23139],[-4.01436,8.21873],[-4.03359,8.19822],[-4.0351,8.19094],[-4.03221,8.17949],[-4.02456,8.1722],[-4.01027,8.17421],[-3.98387,8.16563],[-3.98196,8.15791],[-3.96989,8.14859],[-3.95102,8.12308],[-3.93254,8.11799],[-3.9326,8.10691],[-3.93842,8.10354],[-3.95937,8.10301],[-3.9686,8.10788],[-3.97892,8.10872],[-3.99573,8.10645],[-4.00665,8.09613],[-4.00488,8.08097],[-4.01611,8.06285],[-4.01817,8.04803],[-3.99352,8.02598],[-3.9737,8.02109],[-3.97778,8.01167],[-3.99437,8.0094],[-4.00658,7.99406],[-4.01687,7.98807],[-4.02173,7.97701],[-4.01567,7.95334],[-4.00605,7.94943],[-3.98577,7.96682],[-3.95345,7.96871],[-3.93487,7.97593],[-3.92714,7.97242],[-3.9251,7.9584],[-3.92818,7.95102],[-3.94689,7.93426],[-3.94787,7.92421],[-3.96689,7.91482],[-3.99309,7.91141],[-3.99985,7.90442],[-3.99844,7.90013],[-3.97015,7.89129],[-3.94179,7.89126],[-3.91971,7.87871],[-3.90123,7.88102],[-3.88489,7.87719],[-3.86692,7.85549],[-3.86487,7.84342],[-3.87621,7.82883],[-3.87933,7.81495],[-3.85887,7.79743],[-3.86392,7.78841],[-3.87714,7.77633],[-3.87729,7.77056],[-3.86826,7.76914],[-3.84918,7.77306],[-3.83015,7.76522],[-3.8283,7.7602],[-3.83467,7.74751],[-3.82856,7.73876],[-3.80152,7.7417],[-3.78532,7.7347],[-3.76624,7.73784],[-3.75921,7.73145],[-3.75055,7.7315],[-3.74033,7.74033],[-3.73032,7.71926],[-3.73471,7.71074],[-3.73316,7.70197],[-3.73685,7.69123],[-3.73421,7.66571],[-3.70981,7.6473],[-3.69799,7.64835],[-3.68521,7.6404],[-3.68425,7.62559],[-3.66708,7.60316],[-3.66153,7.58502],[-3.65667,7.57944],[-3.64933,7.5744],[-3.64014,7.57585],[-3.62384,7.58887],[-3.61061,7.59364],[-3.60107,7.59365],[-3.58383,7.58268],[-3.57508,7.55323],[-3.58464,7.54122],[-3.60023,7.53291],[-3.6018,7.5192],[-3.5938,7.51018],[-3.58451,7.50802],[-3.57216,7.49635],[-3.53511,7.48475],[-3.52893,7.47524],[-3.52397,7.45823],[-3.49723,7.42939],[-3.49845,7.39105],[-3.51767,7.36697],[-3.51523,7.35367],[-3.50078,7.35441],[-3.49603,7.34811],[-3.48148,7.3434],[-3.48253,7.35294],[-3.47976,7.35655],[-3.47223,7.34368],[-3.46698,7.35328],[-3.46597,7.34271],[-3.46331,7.34155],[-3.45788,7.34569],[-3.46203,7.35236],[-3.45486,7.35118],[-3.45394,7.33853],[-3.45023,7.3366],[-3.44446,7.34193],[-3.43893,7.33756],[-3.44176,7.32907],[-3.43399,7.32494],[-3.4297,7.30582],[-3.40321,7.29307],[-3.37897,7.2498],[-3.35606,7.2646],[-3.34775,7.26646],[-3.34484,7.27274],[-3.33631,7.27564],[-3.32709,7.27456],[-3.31972,7.28327],[-3.30219,7.2824],[-3.29831,7.28525],[-3.29908,7.30597],[-3.31396,7.32026],[-3.31409,7.32727],[-3.30046,7.33169],[-3.28575,7.33203],[-3.25498,7.32536],[-3.24942,7.32036],[-3.25178,7.31092],[-3.24696,7.2425],[-3.23866,7.22602],[-3.22232,7.21205],[-3.22312,7.18354],[-3.21534,7.18666],[-3.20368,7.18473],[-3.20127,7.18004],[-3.20425,7.17458],[-3.19596,7.16707],[-3.18631,7.16883],[-3.15679,7.14678],[-3.13409,7.12431],[-3.11459,7.09515],[-3.07993,7.05667],[-3.03514,7.07709],[-3.02572,7.14078],[-2.9558,7.23378],[-2.97862,7.26671],[-2.97644,7.33438],[-2.97318,7.33728],[-2.96593,7.36587],[-2.96484,7.38432],[-2.95941,7.39554],[-2.95106,7.44909],[-2.93366,7.50373],[-2.9351,7.55186],[-2.92675,7.61555],[-2.85308,7.76921],[-2.85199,7.78379],[-2.8313,7.80079],[-2.83456,7.81888],[-2.79172,7.86518],[-2.7827,7.95201],[-2.76555,7.94586],[-2.75034,7.92188],[-2.74484,7.91973],[-2.72852,7.95683],[-2.70316,7.98727],[-2.69015,7.99678],[-2.68965,8.00931],[-2.6842,8.01509],[-2.6577,8.02484],[-2.60652,8.02661],[-2.60143,8.03094],[-2.59415,8.05156],[-2.59523,8.05735],[-2.62528,8.10482],[-2.6213,8.13264],[-2.60349,8.1547],[-2.55738,8.14705],[-2.54685,8.15319],[-2.49414,8.20197],[-2.4941,8.22586],[-2.5831,8.78338],[-2.59061,8.78606],[-2.61339,8.78104],[-2.62638,8.78581],[-2.71736,8.7264],[-2.78915,8.68489],[-2.93865,8.63954],[-2.97648,8.64249],[-2.99163,8.64768],[-3.01935,8.64785],[-3.03592,8.63309],[-3.04456,8.6305],[-3.04632,8.61422],[-3.04064,8.60806],[-3.04528,8.59885],[-3.04298,8.57943],[-3.03547,8.5643],[-3.04795,8.55156],[-3.07622,8.53449],[-3.08317,8.534],[-3.09267,8.54235],[-3.10898,8.54147],[-3.12053,8.54855],[-3.13851,8.55349],[-3.16758,8.55558],[-3.18739,8.53846],[-3.18542,8.52382],[-3.19184,8.5164],[-3.21669,8.51045],[-3.23738,8.50125],[-3.24979,8.49067],[-3.25849,8.49067],[-3.27268,8.48459],[-3.28085,8.47971],[-3.29175,8.46129],[-3.30499,8.45439],[-3.32119,8.45335],[-3.31744,8.44339],[-3.30935,8.43749],[-3.30494,8.41419],[-3.3122,8.39032],[-3.33315,8.37086],[-3.33976,8.34085],[-3.33802,8.32972],[-3.34486,8.30632],[-3.36333,8.30043],[-3.37805,8.30234],[-3.4069,8.30005],[-3.41935,8.2883],[-3.43499,8.26075],[-3.44653,8.26174],[-3.46105,8.25027],[-3.48608,8.24777],[-3.4913,8.24265],[-3.52055,8.2304],[-3.53103,8.23026],[-3.54267,8.22289],[-3.55069,8.22174],[-3.55773,8.21752],[-3.55598,8.21074],[-3.55854,8.20507],[-3.56986,8.19793],[-3.58005,8.20135],[-3.59342,8.22313],[-3.59201,8.23458],[-3.5974,8.24121],[-3.59298,8.25531],[-3.60327,8.2652],[-3.60553,8.2733],[-3.61146,8.27536],[-3.61526,8.29179],[-3.61847,8.29481],[-3.62933,8.29577],[-3.63067,8.30109],[-3.64885,8.32081],[-3.66339,8.32357],[-3.67257,8.32157],[-3.69601,8.29808],[-3.70128,8.28159],[-3.71477,8.27087],[-3.78589,8.28455],[-3.79443,8.2778],[-3.81772,8.27787],[-3.82332,8.27412],[-3.82684,8.29062],[-3.82151,8.32773],[-3.83353,8.33342],[-3.83425,8.35402],[-3.84847,8.35558],[-3.86822,8.36598],[-3.87461,8.3733],[-3.88203,8.39967],[-3.90334,8.40348],[-3.92327,8.41426],[-3.93433,8.42478],[-3.94746,8.44554]]]}},{"type":"Feature","properties":{"id":"CIV:ADM2:98640826B50838995581112","name":"Loh-Djiboua","countryCode":"CIV","adminLevel":2,"sourceCode":"98640826B50838995581112","parentId":"CIV:ADM1:CIV-3447"},"geometry":{"type":"MultiPolygon","coordinates":[[[[-5.37004,5.21733],[-5.38442,5.22192],[-5.40557,5.22131],[-5.39821,5.25727],[-5.42224,5.27105],[-5.43073,5.27021],[-5.43268,5.26612],[-5.43921,5.2762],[-5.44964,5.27918],[-5.45507,5.28447],[-5.45229,5.29479],[-5.45583,5.29878],[-5.43876,5.3259],[-5.42544,5.35459],[-5.41479,5.35809],[-5.39806,5.36984],[-5.3839,5.38406],[-5.38252,5.38976],[-5.36776,5.39447],[-5.41071,5.40088],[-5.41898,5.41091],[-5.41751,5.41489],[-5.42309,5.43094],[-5.43898,5.43903],[-5.46112,5.43121],[-5.46889,5.43487],[-5.4729,5.43119],[-5.47604,5.43699],[-5.47552,5.44734],[-5.48836,5.47681],[-5.49066,5.49106],[-5.49813,5.48794],[-5.51045,5.49163],[-5.52184,5.50523],[-5.53407,5.50723],[-5.54298,5.51666],[-5.56083,5.51489],[-5.56014,5.52243],[-5.56859,5.54421],[-5.56737,5.55573],[-5.57295,5.5757],[-5.59966,5.56692],[-5.60703,5.55722],[-5.61252,5.55616],[-5.61958,5.54431],[-5.63485,5.54345],[-5.63797,5.54741],[-5.63341,5.55506],[-5.65643,5.56414],[-5.74286,5.62282],[-5.75336,5.61082],[-5.74887,5.59266],[-5.75635,5.5928],[-5.76525,5.58501],[-5.77056,5.57536],[-5.76973,5.56396],[-5.773,5.55431],[-5.78063,5.55079],[-5.78383,5.543],[-5.79209,5.53669],[-5.81765,5.53268],[-5.82287,5.52868],[-5.86124,5.54182],[-5.87324,5.53604],[-5.91346,5.54189],[-5.91992,5.53828],[-5.92185,5.53342],[-5.93612,5.52806],[-5.95319,5.53062],[-5.97855,5.5225],[-5.98154,5.52531],[-5.98491,5.5231],[-5.99444,5.52459],[-6.00209,5.54098],[-6.00155,5.54698],[-6.00822,5.54684],[-6.02315,5.57527],[-6.02754,5.59129],[-6.02427,5.59993],[-6.03492,5.60396],[-6.02049,5.60805],[-6.02285,5.61395],[-6.02149,5.6288],[-6.01586,5.63359],[-6.01629,5.6377],[-6.01835,5.64095],[-6.02205,5.63854],[-6.02734,5.64302],[-6.02924,5.65058],[-5.96841,5.77421],[-5.94963,5.77034],[-5.83612,5.91284],[-5.79284,5.93875],[-5.79606,6.00301],[-5.77497,6.04946],[-5.77463,6.16044],[-5.73935,6.20651],[-5.68386,6.18868],[-5.67456,6.17928],[-5.66037,6.18099],[-5.65215,6.17578],[-5.65181,6.16779],[-5.64876,6.16479],[-5.62727,6.15735],[-5.61894,6.16712],[-5.58915,6.15523],[-5.56159,6.16563],[-5.54701,6.15659],[-5.52242,6.15133],[-5.51728,6.15343],[-5.52158,6.16609],[-5.48195,6.16028],[-5.44996,6.17432],[-5.43731,6.21028],[-5.37391,6.25882],[-5.36273,6.26396],[-5.35886,6.26382],[-5.34584,6.2492],[-5.3407,6.24755],[-5.31595,6.26627],[-5.29619,6.26865],[-5.24083,6.24206],[-5.1426,6.15504],[-5.01832,6.13113],[-4.99125,6.08857],[-5.0032,6.06406],[-5.03725,6.03617],[-5.01802,6.00766],[-5.00192,5.99897],[-4.99867,6.00096],[-4.99868,5.9463],[-4.99633,5.94401],[-4.99392,5.8902],[-4.98448,5.88013],[-4.97141,5.8784],[-4.95618,5.86493],[-4.94652,5.8629],[-4.93636,5.85627],[-4.94263,5.84471],[-4.9403,5.84146],[-4.94258,5.83741],[-4.94061,5.81658],[-4.94398,5.81914],[-4.94743,5.81202],[-4.95619,5.80807],[-4.95637,5.7933],[-4.9613,5.78073],[-4.9589,5.7751],[-4.96827,5.77144],[-4.9752,5.76229],[-4.97022,5.75419],[-4.97392,5.74354],[-4.97246,5.72999],[-4.96,5.71016],[-4.95768,5.7002],[-4.93963,5.68037],[-4.94332,5.67319],[-4.95174,5.66899],[-4.95044,5.6602],[-4.95637,5.65802],[-4.96362,5.6437],[-4.98109,5.6406],[-4.98764,5.63521],[-4.99647,5.63535],[-5.00222,5.62789],[-5.00188,5.62049],[-5.00932,5.61024],[-5.01344,5.59723],[-5.02296,5.59207],[-5.03513,5.57763],[-5.02927,5.56446],[-5.021,5.56187],[-5.01755,5.54626],[-5.01208,5.53907],[-5.01647,5.52982],[-5.01109,5.52118],[-5.00881,5.49976],[-5.02044,5.48514],[-5.02275,5.46249],[-5.02675,5.46027],[-5.03279,5.43677],[-5.03704,5.43518],[-5.03874,5.42706],[-5.04399,5.4225],[-5.04614,5.39854],[-5.05046,5.3973],[-5.05444,5.38994],[-5.05453,5.37472],[-5.05915,5.37072],[-5.05693,5.36614],[-5.06224,5.3623],[-5.05599,5.33533],[-5.06833,5.32397],[-5.06425,5.31095],[-5.02949,5.27111],[-5.03229,5.26293],[-5.04089,5.25958],[-5.04683,5.25281],[-5.04961,5.2422],[-5.06762,5.2345],[-5.06766,5.20815],[-5.08214,5.2036],[-5.0987,5.19477],[-5.11229,5.1833],[-5.12902,5.1977],[-5.1331,5.19976],[-5.12815,5.21301],[-5.12693,5.237],[-5.18827,5.23278],[-5.18565,5.22266],[-5.1892,5.21877],[-5.1914,5.21922],[-5.22159,5.21117],[-5.22545,5.21548],[-5.23233,5.22077],[-5.23404,5.22305],[-5.23583,5.22549],[-5.24205,5.22549],[-5.25304,5.2141],[-5.27086,5.21939],[-5.28991,5.22773],[-5.3048,5.22549],[-5.31094,5.22549],[-5.32152,5.23021],[-5.32726,5.22606],[-5.3282,5.21646],[-5.32396,5.20441],[-5.32706,5.20551],[-5.33829,5.21117],[-5.33776,5.20067],[-5.33829,5.19758],[-5.33007,5.1999],[-5.32852,5.19684],[-5.32445,5.19078],[-5.32396,5.19013],[-5.31696,5.19416],[-5.31151,5.19579],[-5.29735,5.19758],[-5.29735,5.19013],[-5.305,5.18163],[-5.32237,5.17306],[-5.37004,5.21733]]],[[[-5.28276,5.17638],[-5.28797,5.1729],[-5.28686,5.17406],[-5.28307,5.17707],[-5.28033,5.17646],[-5.28276,5.17638]]],[[[-5.21338,5.19241],[-5.21378,5.19302],[-5.22842,5.19758],[-5.22842,5.20441],[-5.21475,5.19758],[-5.20441,5.19905],[-5.21338,5.19241]]]]}},{"type":"Feature","properties":{"id":"CIV:ADM2:98640826B5123145245776","name":"Belier","countryCode":"CIV","adminLevel":2,"sourceCode":"98640826B5123145245776","parentId":"CIV:ADM1:CIV-3461"},"geometry":{"type":"MultiPolygon","coordinates":[[[[-4.68451,6.27179],[-4.68434,6.28146],[-4.69265,6.2942],[-4.70748,6.30528],[-4.72332,6.30252],[-4.72825,6.31277],[-4.72664,6.31626],[-4.71628,6.31698],[-4.72423,6.32513],[-4.72306,6.3338],[-4.70591,6.3389],[-4.70106,6.34702],[-4.71416,6.35011],[-4.71679,6.35596],[-4.71709,6.35959],[-4.71057,6.36389],[-4.7107,6.37542],[-4.69524,6.38403],[-4.70368,6.39165],[-4.71673,6.39335],[-4.72008,6.39708],[-4.71669,6.40305],[-4.70409,6.40109],[-4.69639,6.40486],[-4.7027,6.41211],[-4.71194,6.4115],[-4.72917,6.41927],[-4.73033,6.42291],[-4.72121,6.42735],[-4.7167,6.43654],[-4.73311,6.44198],[-4.74456,6.44122],[-4.74182,6.45825],[-4.7327,6.45743],[-4.72796,6.46067],[-4.73169,6.47408],[-4.73783,6.48045],[-4.74719,6.48318],[-4.75968,6.49417],[-4.77846,6.48615],[-4.79222,6.49026],[-4.79149,6.49572],[-4.78332,6.49821],[-4.79097,6.50837],[-4.79031,6.51232],[-4.77521,6.53048],[-4.77997,6.53913],[-4.78268,6.55642],[-4.75873,6.55253],[-4.75184,6.55664],[-4.7525,6.56329],[-4.76276,6.5792],[-4.75566,6.58442],[-4.76833,6.59296],[-4.77344,6.60052],[-4.7709,6.60788],[-4.80932,6.62549],[-4.82195,6.62598],[-4.83486,6.63155],[-4.85606,6.63192],[-4.86884,6.62673],[-4.86924,6.62179],[-4.87603,6.61507],[-4.89955,6.61356],[-4.90249,6.60148],[-4.89198,6.60162],[-4.89568,6.59664],[-4.93271,6.60185],[-4.93764,6.61178],[-4.9429,6.6147],[-4.94208,6.62639],[-4.94058,6.63044],[-4.93694,6.631],[-4.92904,6.61961],[-4.92566,6.619],[-4.92652,6.64445],[-4.93921,6.64348],[-4.93633,6.64834],[-4.94076,6.64922],[-4.93834,6.65854],[-4.95946,6.66589],[-4.95939,6.67509],[-4.95395,6.68311],[-4.96086,6.68481],[-4.95823,6.69094],[-4.95048,6.68937],[-4.95323,6.69997],[-4.93668,6.70505],[-4.93426,6.71068],[-4.93595,6.72254],[-4.95118,6.7228],[-4.96407,6.73],[-4.97604,6.74553],[-4.97561,6.75128],[-5.0331,6.76556],[-5.039,6.7695],[-5.04706,6.78543],[-5.0799,6.76782],[-5.11072,6.76474],[-5.13582,6.74587],[-5.19691,6.68012],[-5.22386,6.65644],[-5.27226,6.63774],[-5.27275,6.62828],[-5.28321,6.61531],[-5.28573,6.60418],[-5.28283,6.5932],[-5.28556,6.58048],[-5.28208,6.57374],[-5.29381,6.55779],[-5.3043,6.55119],[-5.30675,6.54225],[-5.32786,6.52973],[-5.32858,6.51891],[-5.3234,6.51022],[-5.30432,6.50482],[-5.29885,6.50009],[-5.30319,6.48062],[-5.31848,6.4655],[-5.32056,6.4595],[-5.31093,6.43101],[-5.31608,6.42318],[-5.31822,6.40774],[-5.30198,6.37133],[-5.30517,6.36309],[-5.29847,6.3568],[-5.27021,6.35552],[-5.25772,6.36154],[-5.24662,6.3718],[-5.21102,6.37766],[-5.20475,6.37571],[-5.2035,6.37082],[-5.20287,6.37298],[-5.18118,6.36825],[-5.14101,6.33122],[-5.12646,6.31236],[-5.11622,6.30824],[-5.09087,6.28499],[-5.08486,6.28734],[-5.0743,6.28589],[-5.0376,6.29642],[-5.02531,6.28909],[-5.0263,6.28005],[-5.03455,6.2694],[-5.04365,6.26402],[-5.03673,6.23568],[-5.00685,6.24022],[-4.99868,6.23819],[-4.95764,6.25701],[-4.93175,6.26089],[-4.82809,6.23732],[-4.82583,6.23463],[-4.81586,6.23841],[-4.81499,6.24075],[-4.82171,6.24581],[-4.8179,6.25174],[-4.80491,6.24134],[-4.79324,6.24252],[-4.78219,6.23952],[-4.75037,6.24528],[-4.73931,6.25102],[-4.72963,6.25039],[-4.72781,6.25612],[-4.71955,6.25849],[-4.70534,6.27233],[-4.70415,6.27967],[-4.69916,6.27351],[-4.68834,6.26882],[-4.68451,6.27179]]],[[[-4.65962,7.53094],[-4.68551,7.51745],[-4.72409,7.53132],[-4.72899,7.52533],[-4.73789,7.53017],[-4.74521,7.55152],[-4.75621,7.55797],[-4.77641,7.58022],[-4.79076,7.56418],[-4.81912,7.57148],[-4.82963,7.56578],[-4.84106,7.5729],[-4.85433,7.58756],[-4.85931,7.60317],[-4.87561,7.60524],[-4.88425,7.60995],[-4.88721,7.57532],[-4.89616,7.57432],[-4.90522,7.55596],[-4.93,7.52315],[-4.92663,7.51383],[-4.9256,7.48355],[-4.9345,7.48004],[-4.94275,7.48525],[-4.95306,7.48195],[-4.96173,7.49033],[-4.96707,7.49153],[-4.98718,7.47071],[-4.98874,7.46442],[-5.00064,7.47465],[-5.02534,7.45616],[-5.04841,7.4327],[-5.05347,7.41633],[-5.06431,7.40548],[-5.07332,7.40481],[-5.08453,7.4097],[-5.10329,7.40142],[-5.11483,7.40073],[-5.11292,7.39056],[-5.11944,7.36842],[-5.14673,7.34946],[-5.15962,7.34513],[-5.17202,7.34632],[-5.18134,7.33564],[-5.19015,7.33233],[-5.20548,7.31377],[-5.21013,7.29322],[-5.22627,7.2811],[-5.2471,7.2883],[-5.27363,7.25733],[-5.29232,7.22874],[-5.29825,7.22924],[-5.30468,7.23642],[-5.31248,7.23587],[-5.32241,7.24158],[-5.35225,7.23717],[-5.39349,7.24178],[-5.40676,7.2772],[-5.41406,7.2814],[-5.42829,7.27829],[-5.43465,7.28514],[-5.43252,7.29827],[-5.43711,7.30574],[-5.47104,7.30276],[-5.4792,7.30697],[-5.50093,7.29439],[-5.56813,7.28229],[-5.58301,7.27198],[-5.60716,7.27287],[-5.61277,7.26752],[-5.63765,7.26627],[-5.65086,7.24939],[-5.65349,7.23766],[-5.65821,7.23302],[-5.66644,7.2375],[-5.67495,7.23486],[-5.67532,7.22152],[-5.65229,7.2001],[-5.63766,7.19895],[-5.6224,7.1901],[-5.6035,7.18611],[-5.6013,7.17308],[-5.61266,7.15965],[-5.61022,7.15428],[-5.58713,7.1403],[-5.56849,7.1386],[-5.55329,7.14102],[-5.54252,7.1553],[-5.52392,7.15784],[-5.48138,7.13829],[-5.48008,7.13497],[-5.48835,7.12366],[-5.48993,7.11491],[-5.4956,7.1097],[-5.49281,7.07468],[-5.48918,7.05531],[-5.48503,7.04991],[-5.45278,7.0412],[-5.44776,7.03456],[-5.44311,7.03476],[-5.4344,7.04357],[-5.40155,7.05269],[-5.37545,7.06909],[-5.33591,7.07234],[-5.31449,7.07945],[-5.28606,7.07029],[-5.27886,7.06153],[-5.27237,7.05891],[-5.24718,7.05968],[-5.23095,7.05634],[-5.21159,7.03662],[-5.19181,7.0372],[-5.18086,7.02975],[-5.17135,7.02819],[-5.15419,7.02853],[-5.151,7.03328],[-5.14617,7.02998],[-5.14052,7.03175],[-5.135,7.02727],[-5.12472,7.02868],[-5.12394,7.02335],[-5.1274,7.02326],[-5.12823,7.01974],[-5.12074,7.00803],[-5.1185,6.99772],[-5.11111,6.99669],[-5.10818,6.99138],[-5.10254,6.99358],[-5.09757,6.9912],[-5.09151,6.98038],[-5.08538,6.98349],[-5.08087,6.97719],[-5.05688,6.97717],[-5.05234,6.96853],[-5.0487,6.96728],[-5.0412,6.95593],[-5.04145,6.94726],[-5.03356,6.93923],[-5.03441,6.93017],[-5.02609,6.91127],[-5.02911,6.90602],[-5.0248,6.90222],[-5.01255,6.89977],[-5.00466,6.89094],[-4.99093,6.88992],[-4.98735,6.88285],[-4.99134,6.87905],[-4.99112,6.87005],[-4.98855,6.85944],[-4.9804,6.84949],[-4.98336,6.84267],[-4.97893,6.83708],[-4.9716,6.83352],[-4.9686,6.83771],[-4.97073,6.84261],[-4.94179,6.85073],[-4.90516,6.8469],[-4.89473,6.84253],[-4.87886,6.84465],[-4.8506,6.85588],[-4.84342,6.86519],[-4.81972,6.88024],[-4.80931,6.87284],[-4.79242,6.87797],[-4.79246,6.8857],[-4.80179,6.90127],[-4.79926,6.92136],[-4.80214,6.93438],[-4.80609,6.93898],[-4.80467,6.94554],[-4.77835,6.98164],[-4.80901,7.03945],[-4.78236,7.05325],[-4.78054,7.05976],[-4.77009,7.06415],[-4.76443,7.10699],[-4.75006,7.16094],[-4.74637,7.19694],[-4.73559,7.21762],[-4.7006,7.23843],[-4.71268,7.25538],[-4.7153,7.28391],[-4.73134,7.3066],[-4.74671,7.37116],[-4.74881,7.40212],[-4.75973,7.42629],[-4.75786,7.43358],[-4.686,7.47456],[-4.66539,7.47514],[-4.64599,7.48129],[-4.6477,7.50538],[-4.65501,7.51615],[-4.6528,7.53019],[-4.65962,7.53094]]]]}},{"type":"Feature","properties":{"id":"CIV:ADM2:98640826B52449815511854","name":"Agneby-Tiassa","countryCode":"CIV","adminLevel":2,"sourceCode":"98640826B52449815511854","parentId":"CIV:ADM1:CIV-3451"},"geometry":{"type":"Polygon","coordinates":[[[-4.68451,6.27179],[-4.68834,6.26882],[-4.69916,6.27351],[-4.70415,6.27967],[-4.70534,6.27233],[-4.71955,6.25849],[-4.72781,6.25612],[-4.72963,6.25039],[-4.73931,6.25102],[-4.75037,6.24528],[-4.78219,6.23952],[-4.79324,6.24252],[-4.80491,6.24134],[-4.8179,6.25174],[-4.82171,6.24581],[-4.81499,6.24075],[-4.81586,6.23841],[-4.82583,6.23463],[-4.82809,6.23732],[-4.93175,6.26089],[-4.95764,6.25701],[-4.99868,6.23819],[-5.00685,6.24022],[-5.03453,6.23517],[-5.04019,6.24294],[-5.04365,6.26402],[-5.03455,6.2694],[-5.0263,6.28005],[-5.02531,6.28909],[-5.0376,6.29642],[-5.0743,6.28589],[-5.08486,6.28734],[-5.09087,6.28499],[-5.11622,6.30824],[-5.12646,6.31236],[-5.14101,6.33122],[-5.18118,6.36825],[-5.20287,6.37298],[-5.24083,6.24206],[-5.1426,6.15504],[-5.01832,6.13113],[-4.99125,6.08857],[-5.0032,6.06406],[-5.03725,6.03617],[-5.01802,6.00766],[-5.00192,5.99897],[-4.99867,6.00096],[-4.99868,5.9463],[-4.99633,5.94401],[-4.99392,5.8902],[-4.98448,5.88013],[-4.97141,5.8784],[-4.95618,5.86493],[-4.94652,5.8629],[-4.93636,5.85627],[-4.94263,5.84471],[-4.9403,5.84146],[-4.94258,5.83741],[-4.94061,5.81658],[-4.93268,5.80837],[-4.93,5.79704],[-4.92615,5.79343],[-4.92841,5.7776],[-4.91522,5.76587],[-4.90425,5.76487],[-4.87707,5.75338],[-4.8435,5.75279],[-4.8302,5.73546],[-4.82598,5.71232],[-4.81965,5.70268],[-4.80328,5.69144],[-4.79024,5.66985],[-4.797,5.65136],[-4.82064,5.63622],[-4.83153,5.61642],[-4.84303,5.61122],[-4.85494,5.61614],[-4.85644,5.61441],[-4.85035,5.59734],[-4.84371,5.59242],[-4.83567,5.57447],[-4.83582,5.56142],[-4.77038,5.57723],[-4.74207,5.59288],[-4.70786,5.59709],[-4.70203,5.59623],[-4.71511,5.55775],[-4.59653,5.54056],[-4.58478,5.54311],[-4.57615,5.53838],[-4.5498,5.53297],[-4.54412,5.53374],[-4.53138,5.54358],[-4.51675,5.54493],[-4.5118,5.54235],[-4.50468,5.5444],[-4.49749,5.53766],[-4.48765,5.53505],[-4.48365,5.53746],[-4.47729,5.53451],[-4.47339,5.53731],[-4.46114,5.53363],[-4.39306,5.60185],[-4.36165,5.58069],[-4.26184,5.59414],[-4.24523,5.60023],[-4.23561,5.59886],[-4.22928,5.6017],[-4.20781,5.60052],[-4.19635,5.59529],[-4.17933,5.60508],[-4.16993,5.60041],[-4.16183,5.60092],[-4.15838,5.59619],[-4.14396,5.59874],[-4.12951,5.58456],[-4.0993,5.57573],[-4.08375,5.57743],[-4.07149,5.57448],[-4.03822,5.58789],[-4.02945,5.58239],[-3.94007,5.58907],[-3.94411,5.5959],[-3.93625,5.61192],[-3.94252,5.62489],[-3.94011,5.63289],[-3.93577,5.63076],[-3.93159,5.63227],[-3.93572,5.63325],[-3.93327,5.63692],[-3.94195,5.66455],[-3.94822,5.6665],[-3.93993,5.67268],[-3.94528,5.68015],[-3.93735,5.68695],[-3.93697,5.70217],[-3.93167,5.70744],[-3.9369,5.71184],[-3.93914,5.71947],[-3.94518,5.7189],[-3.95515,5.72945],[-3.95589,5.73587],[-3.94997,5.73762],[-3.95058,5.7465],[-3.95413,5.74469],[-3.95781,5.74867],[-3.96906,5.75136],[-3.97485,5.74255],[-3.9862,5.74333],[-3.99328,5.75806],[-3.99123,5.77648],[-4.00063,5.78757],[-4.00236,5.80308],[-4.00598,5.7996],[-4.02182,5.80517],[-4.03199,5.81477],[-4.03988,5.81209],[-4.05078,5.81732],[-4.06075,5.82457],[-4.06451,5.83896],[-4.07924,5.8527],[-4.0841,5.86148],[-4.08025,5.8759],[-4.06374,5.9086],[-4.06791,5.92538],[-4.0829,5.93751],[-4.07957,5.95018],[-4.06238,5.9732],[-4.06009,5.98686],[-4.04056,5.99678],[-4.01863,6.01878],[-4.00809,6.03747],[-4.00075,6.05893],[-4.02786,6.19452],[-4.11543,6.26119],[-4.15901,6.23057],[-4.23666,6.18637],[-4.24555,6.1972],[-4.24507,6.20869],[-4.24916,6.21112],[-4.25354,6.22583],[-4.26026,6.23152],[-4.26325,6.24209],[-4.26798,6.24704],[-4.26761,6.25765],[-4.27715,6.26462],[-4.28379,6.26349],[-4.30289,6.2682],[-4.33133,6.26551],[-4.34599,6.2674],[-4.35755,6.2618],[-4.39049,6.26492],[-4.40109,6.26087],[-4.41643,6.26445],[-4.4335,6.25367],[-4.44292,6.25597],[-4.45762,6.25187],[-4.46844,6.26788],[-4.48163,6.26415],[-4.49966,6.24211],[-4.68451,6.27179]]]}},{"type":"Feature","properties":{"id":"CIV:ADM2:98640826B53162767921513","name":"Moronou","countryCode":"CIV","adminLevel":2,"sourceCode":"98640826B53162767921513","parentId":"CIV:ADM1:CIV-3452"},"geometry":{"type":"Polygon","coordinates":[[[-4.11543,6.26119],[-4.1624,6.33543],[-4.13865,6.47187],[-4.0918,6.49303],[-4.0797,6.4815],[-4.06055,6.50407],[-4.02516,6.52164],[-3.98493,6.55351],[-3.9759,6.55707],[-3.95695,6.53983],[-3.94293,6.54022],[-3.90198,6.55325],[-3.88114,6.53396],[-3.8692,6.53617],[-3.84891,6.5336],[-3.84028,6.54833],[-3.8348,6.55217],[-3.82902,6.56938],[-3.82103,6.57649],[-3.79877,6.58445],[-3.78521,6.60405],[-3.77253,6.61092],[-3.77197,6.61599],[-3.77955,6.62897],[-3.77621,6.64366],[-3.78447,6.64799],[-3.78785,6.65345],[-3.78753,6.66089],[-3.8019,6.67433],[-3.79678,6.68015],[-3.78651,6.68362],[-3.7797,6.6957],[-3.76889,6.70138],[-3.77715,6.71568],[-3.77706,6.7221],[-3.7918,6.73223],[-3.79213,6.74275],[-3.80143,6.7594],[-3.79492,6.76723],[-3.77705,6.774],[-3.76336,6.77334],[-3.76139,6.77571],[-3.76539,6.79102],[-3.76439,6.79896],[-3.75816,6.80987],[-3.74956,6.81655],[-3.75478,6.82784],[-3.77131,6.83917],[-3.7822,6.8564],[-3.77068,6.8777],[-3.74912,6.90555],[-3.7403,6.90991],[-3.73631,6.92127],[-3.74728,6.94084],[-3.7427,6.9553],[-3.74998,6.95718],[-3.75465,6.95505],[-3.76306,6.94498],[-3.76881,6.93011],[-3.77504,6.92623],[-3.78425,6.93589],[-3.78636,6.94903],[-3.80884,6.95539],[-3.81725,6.9639],[-3.83241,6.9635],[-3.84078,6.98176],[-3.84844,6.98662],[-3.86824,6.98778],[-3.87958,6.98357],[-3.89533,6.99179],[-3.91095,6.98745],[-3.91374,6.97826],[-3.91934,6.97503],[-3.93189,6.97834],[-3.94493,6.98723],[-3.95404,6.98689],[-3.96453,6.99249],[-3.9731,6.99326],[-3.9807,6.98847],[-4.02041,7.00123],[-4.0374,6.99845],[-4.33933,6.83116],[-4.33139,6.82755],[-4.32689,6.82066],[-4.34752,6.79545],[-4.36733,6.80408],[-4.37586,6.79728],[-4.37866,6.78865],[-4.39003,6.79507],[-4.39495,6.80282],[-4.40737,6.80542],[-4.41317,6.799],[-4.42682,6.80575],[-4.43169,6.79706],[-4.42652,6.79866],[-4.42655,6.79411],[-4.43508,6.78624],[-4.43061,6.77618],[-4.43636,6.76935],[-4.45205,6.7755],[-4.45909,6.77036],[-4.46319,6.77107],[-4.47333,6.78286],[-4.47859,6.77161],[-4.47299,6.76316],[-4.46226,6.75566],[-4.43737,6.75491],[-4.43019,6.75042],[-4.42849,6.74476],[-4.43571,6.74114],[-4.44484,6.7445],[-4.43594,6.72313],[-4.4585,6.74201],[-4.46654,6.73598],[-4.46686,6.7215],[-4.47081,6.71299],[-4.47993,6.7129],[-4.48123,6.7207],[-4.48857,6.72083],[-4.48451,6.70712],[-4.48629,6.69289],[-4.49011,6.68709],[-4.4991,6.68875],[-4.50038,6.70054],[-4.50835,6.71524],[-4.51269,6.71521],[-4.52035,6.70008],[-4.52677,6.6974],[-4.53389,6.71102],[-4.53952,6.70728],[-4.55037,6.72073],[-4.56241,6.72343],[-4.56858,6.72162],[-4.56711,6.71441],[-4.54041,6.68449],[-4.54095,6.67304],[-4.55575,6.65526],[-4.55237,6.64979],[-4.55181,6.63252],[-4.54459,6.62505],[-4.55959,6.60873],[-4.55968,6.59998],[-4.5539,6.59324],[-4.55175,6.58249],[-4.56231,6.57239],[-4.58419,6.56178],[-4.5948,6.56255],[-4.60654,6.56947],[-4.61396,6.58011],[-4.63973,6.59118],[-4.65084,6.6028],[-4.66496,6.60693],[-4.68616,6.59536],[-4.7268,6.58848],[-4.76177,6.5762],[-4.7525,6.56329],[-4.75434,6.55386],[-4.78268,6.55642],[-4.77997,6.53913],[-4.77521,6.53048],[-4.79031,6.51232],[-4.79097,6.50837],[-4.78332,6.49821],[-4.79149,6.49572],[-4.79222,6.49026],[-4.77846,6.48615],[-4.75968,6.49417],[-4.74719,6.48318],[-4.73783,6.48045],[-4.73169,6.47408],[-4.72796,6.46067],[-4.7327,6.45743],[-4.74182,6.45825],[-4.74456,6.44122],[-4.73311,6.44198],[-4.7167,6.43654],[-4.72121,6.42735],[-4.73033,6.42291],[-4.72917,6.41927],[-4.71194,6.4115],[-4.7027,6.41211],[-4.69639,6.40486],[-4.70409,6.40109],[-4.71669,6.40305],[-4.72008,6.39708],[-4.71673,6.39335],[-4.70368,6.39165],[-4.69524,6.38403],[-4.7107,6.37542],[-4.71057,6.36389],[-4.71709,6.35959],[-4.71679,6.35596],[-4.71416,6.35011],[-4.70106,6.34702],[-4.70591,6.3389],[-4.72306,6.3338],[-4.72423,6.32513],[-4.71628,6.31698],[-4.72664,6.31626],[-4.72825,6.31277],[-4.72332,6.30252],[-4.70748,6.30528],[-4.69265,6.2942],[-4.68434,6.28146],[-4.68451,6.27179],[-4.49966,6.24211],[-4.48163,6.26415],[-4.46844,6.26788],[-4.45762,6.25187],[-4.44292,6.25597],[-4.4335,6.25367],[-4.41643,6.26445],[-4.40109,6.26087],[-4.39049,6.26492],[-4.35755,6.2618],[-4.34599,6.2674],[-4.33133,6.26551],[-4.30289,6.2682],[-4.28379,6.26349],[-4.27715,6.26462],[-4.26761,6.25765],[-4.26798,6.24704],[-4.26325,6.24209],[-4.26026,6.23152],[-4.25354,6.22583],[-4.24916,6.21112],[-4.24507,6.20869],[-4.24555,6.1972],[-4.23666,6.18637],[-4.15901,6.23057],[-4.11543,6.26119]]]}},{"type":"Feature","properties":{"id":"CIV:ADM2:98640826B56207519899242","name":"Nawa","countryCode":"CIV","adminLevel":2,"sourceCode":"98640826B56207519899242","parentId":"CIV:ADM1:CIV-3448"},"geometry":{"type":"Polygon","coordinates":[[[-7.08778,5.66635],[-7.08443,5.67217],[-7.07476,5.66158],[-7.07362,5.65014],[-7.05286,5.60935],[-7.06086,5.56927],[-7.05185,5.54868],[-7.06617,5.53745],[-7.0623,5.52871],[-7.05406,5.52153],[-7.04154,5.52074],[-7.03277,5.51317],[-7.03197,5.50388],[-7.0247,5.48803],[-7.01481,5.48317],[-7.01823,5.46603],[-6.96622,5.44556],[-6.95099,5.4475],[-6.93421,5.44436],[-6.92411,5.45065],[-6.92445,5.45892],[-6.92006,5.46441],[-6.91117,5.46174],[-6.9006,5.46457],[-6.88802,5.46316],[-6.86708,5.45716],[-6.85959,5.45871],[-6.85279,5.46614],[-6.83794,5.45914],[-6.82756,5.46284],[-6.77986,5.42488],[-6.75723,5.41483],[-6.7284,5.41241],[-6.73023,5.40478],[-6.72596,5.39564],[-6.72618,5.37643],[-6.72097,5.37096],[-6.71874,5.36196],[-6.70452,5.35053],[-6.6944,5.34731],[-6.69558,5.34091],[-6.67698,5.34327],[-6.67037,5.33852],[-6.66983,5.33384],[-6.6662,5.33622],[-6.65968,5.33427],[-6.65964,5.26693],[-6.64842,5.26339],[-6.6366,5.265],[-6.6341,5.27427],[-6.62851,5.27949],[-6.62299,5.2772],[-6.62053,5.28095],[-6.58397,5.28967],[-6.58016,5.29685],[-6.55483,5.30745],[-6.55289,5.31211],[-6.53998,5.30276],[-6.5354,5.30622],[-6.50778,5.3081],[-6.48267,5.28108],[-6.44928,5.35949],[-6.44635,5.40362],[-6.4511,5.40413],[-6.45295,5.40918],[-6.44751,5.43139],[-6.45101,5.44579],[-6.4474,5.45717],[-6.43976,5.46223],[-6.44163,5.46552],[-6.45064,5.46598],[-6.46089,5.47598],[-6.46331,5.48255],[-6.45456,5.49735],[-6.46239,5.5089],[-6.46608,5.51209],[-6.47186,5.50803],[-6.49138,5.50594],[-6.49529,5.51438],[-6.50383,5.52069],[-6.48989,5.54027],[-6.49695,5.54923],[-6.49443,5.55379],[-6.49589,5.55885],[-6.38167,5.55337],[-6.37251,5.56392],[-6.36508,5.56161],[-6.35997,5.56408],[-6.35717,5.56164],[-6.35114,5.5665],[-6.34555,5.56675],[-6.33892,5.58656],[-6.32691,5.59039],[-6.31753,5.59883],[-6.31759,5.60351],[-6.30054,5.61594],[-6.27962,5.61448],[-6.27498,5.6189],[-6.26379,5.61157],[-6.2426,5.61532],[-6.2422,5.62036],[-6.23823,5.61981],[-6.23782,5.62334],[-6.22847,5.6204],[-6.21451,5.62761],[-6.21219,5.63683],[-6.20424,5.62764],[-6.19306,5.62823],[-6.19138,5.62463],[-6.19441,5.61438],[-6.19976,5.61432],[-6.20164,5.60975],[-6.19995,5.60189],[-6.19353,5.59459],[-6.2024,5.57785],[-6.19703,5.54501],[-6.19984,5.53934],[-6.19866,5.53131],[-6.18839,5.52645],[-6.18938,5.5228],[-6.17965,5.50887],[-6.19041,5.4884],[-6.18986,5.48427],[-6.1957,5.47841],[-6.19564,5.46836],[-6.20362,5.46824],[-6.20719,5.46345],[-6.21343,5.44011],[-6.20152,5.43377],[-6.19048,5.42298],[-6.17618,5.42019],[-6.15669,5.41056],[-6.14591,5.39416],[-6.14009,5.37696],[-6.12938,5.36909],[-6.12435,5.3717],[-6.12312,5.37995],[-6.09204,5.37806],[-6.07919,5.37104],[-6.05755,5.38081],[-6.04566,5.37381],[-6.03262,5.35217],[-6.02784,5.35374],[-6.02435,5.35078],[-6.00691,5.35497],[-6.00077,5.36844],[-5.98979,5.38004],[-5.99421,5.38897],[-5.99079,5.40998],[-5.97958,5.41824],[-5.97254,5.43678],[-5.96405,5.43651],[-5.96348,5.44879],[-5.95701,5.45618],[-5.96812,5.46615],[-5.96805,5.47502],[-5.98303,5.49396],[-5.97445,5.50674],[-5.97874,5.51582],[-5.97714,5.51983],[-5.98154,5.52531],[-5.98491,5.5231],[-5.99444,5.52459],[-6.00209,5.54098],[-6.00155,5.54698],[-6.00822,5.54684],[-6.02315,5.57527],[-6.02754,5.59129],[-6.02427,5.59993],[-6.03492,5.60396],[-6.02049,5.60805],[-6.02285,5.61395],[-6.02149,5.6288],[-6.01586,5.63359],[-6.01629,5.6377],[-6.01835,5.64095],[-6.02205,5.63854],[-6.02734,5.64302],[-6.02758,5.65526],[-6.0343,5.65368],[-6.04238,5.6616],[-6.04137,5.66551],[-6.05043,5.67274],[-6.0656,5.70847],[-6.06924,5.69675],[-6.07671,5.69487],[-6.07138,5.70834],[-6.07487,5.71099],[-6.07639,5.71941],[-6.07515,5.72304],[-6.06842,5.72596],[-6.07064,5.72908],[-6.06757,5.73622],[-6.09061,5.74969],[-6.09734,5.74645],[-6.10164,5.75312],[-6.10588,5.75401],[-6.10352,5.76706],[-6.11656,5.77204],[-6.18893,5.76988],[-6.22393,5.69553],[-6.22774,5.69803],[-6.22148,5.71192],[-6.23164,5.72735],[-6.22923,5.73959],[-6.22332,5.74547],[-6.22396,5.75234],[-6.22027,5.7552],[-6.22677,5.76335],[-6.23136,5.76272],[-6.22715,5.76939],[-6.2304,5.77137],[-6.2296,5.78667],[-6.24029,5.79504],[-6.24258,5.80249],[-6.24707,5.80581],[-6.24259,5.82291],[-6.24968,5.84493],[-6.26623,5.85289],[-6.26708,5.86018],[-6.2772,5.86598],[-6.27946,5.88328],[-6.27574,5.88953],[-6.28021,5.90139],[-6.29109,5.91221],[-6.29009,5.93585],[-6.35556,6.03407],[-6.38051,6.09839],[-6.39972,6.133],[-6.41212,6.16421],[-6.4045,6.29712],[-6.43735,6.29277],[-6.47668,6.27113],[-6.50742,6.26099],[-6.58986,6.31989],[-6.61408,6.29949],[-6.67954,6.296],[-6.80869,6.27425],[-6.83344,6.27356],[-6.86454,6.27727],[-6.93425,6.37524],[-6.97884,6.42193],[-6.97836,6.42882],[-6.98712,6.44733],[-7.00019,6.44611],[-7.00488,6.45218],[-7.00504,6.45899],[-7.00127,6.46376],[-6.98406,6.4592],[-6.977,6.46126],[-6.96343,6.4702],[-6.95408,6.4793],[-6.95212,6.48545],[-6.96336,6.51303],[-6.96178,6.51931],[-6.9751,6.53696],[-6.98007,6.55135],[-6.99206,6.5583],[-6.99771,6.55323],[-7.00001,6.55631],[-7.12989,6.45816],[-7.14985,6.46276],[-7.15722,6.44676],[-7.15441,6.4419],[-7.15633,6.43184],[-7.12612,6.40531],[-7.15306,6.39759],[-7.1603,6.37711],[-7.17038,6.37378],[-7.17751,6.34542],[-7.17688,6.33169],[-7.18353,6.31833],[-7.17809,6.30541],[-7.17132,6.30054],[-7.17486,6.28534],[-7.17017,6.26476],[-7.18645,6.25071],[-7.19098,6.23973],[-7.2042,6.22954],[-7.20475,6.21982],[-7.20928,6.21279],[-7.20793,6.20538],[-7.18727,6.18488],[-7.16438,6.17887],[-7.15211,6.18406],[-7.13235,6.17712],[-7.12275,6.17017],[-7.12422,6.16535],[-7.11906,6.15775],[-7.10787,6.15254],[-7.08419,6.05725],[-7.09079,5.88828],[-7.08778,5.66635]]]}},{"type":"Feature","properties":{"id":"CIV:ADM2:98640826B69523806833990","name":"Folon","countryCode":"CIV","adminLevel":2,"sourceCode":"98640826B69523806833990","parentId":"CIV:ADM1:CIV-3437"},"geometry":{"type":"Polygon","coordinates":[[[-6.6648,10.35941],[-6.68259,10.34444],[-6.70916,10.34745],[-6.72238,10.35111],[-6.73893,10.36366],[-6.77721,10.36639],[-6.78596,10.37202],[-6.79125,10.38373],[-6.80677,10.39118],[-6.82571,10.38905],[-6.82533,10.37146],[-6.83577,10.3629],[-6.8365,10.35487],[-6.84867,10.35847],[-6.85587,10.34965],[-6.86373,10.35019],[-6.8669,10.34517],[-6.87399,10.34654],[-6.88371,10.35404],[-6.90304,10.34724],[-6.91229,10.35471],[-6.93827,10.35864],[-6.96237,10.32795],[-6.97086,10.30733],[-6.98312,10.30454],[-6.98749,10.29479],[-7.00398,10.27709],[-7.00551,10.2707],[-7.01729,10.2626],[-7.01754,10.25719],[-6.98262,10.21339],[-6.9937,10.17443],[-7.01084,10.15831],[-7.03192,10.14882],[-7.05117,10.14699],[-7.07287,10.16168],[-7.07959,10.16001],[-7.08479,10.16439],[-7.08615,10.17074],[-7.07298,10.19541],[-7.07957,10.20869],[-7.10756,10.21247],[-7.14174,10.24736],[-7.26102,10.25631],[-7.27363,10.26219],[-7.30016,10.25261],[-7.30691,10.25284],[-7.33428,10.2356],[-7.37843,10.24741],[-7.38681,10.25887],[-7.36708,10.2619],[-7.35851,10.26869],[-7.35519,10.28432],[-7.35739,10.32755],[-7.36664,10.34587],[-7.37952,10.34856],[-7.40109,10.34715],[-7.41578,10.33546],[-7.42767,10.33559],[-7.42779,10.34138],[-7.42092,10.34807],[-7.4357,10.36944],[-7.44746,10.40257],[-7.44339,10.412],[-7.43649,10.41665],[-7.44329,10.42609],[-7.44242,10.43388],[-7.45463,10.4445],[-7.45989,10.44351],[-7.49669,10.45539],[-7.51117,10.45678],[-7.53085,10.44028],[-7.54172,10.41468],[-7.55102,10.4136],[-7.56042,10.4195],[-7.5765,10.42086],[-7.58912,10.42736],[-7.62526,10.45959],[-7.64675,10.43606],[-7.67216,10.41694],[-7.67366,10.40992],[-7.68699,10.39891],[-7.7091,10.39588],[-7.71462,10.38502],[-7.72755,10.37961],[-7.72697,10.37399],[-7.71381,10.36556],[-7.71035,10.35292],[-7.71222,10.3451],[-7.7218,10.34107],[-7.73943,10.34545],[-7.74755,10.34003],[-7.74401,10.32099],[-7.76447,10.3112],[-7.76609,10.30764],[-7.76324,10.30531],[-7.74916,10.30715],[-7.74571,10.305],[-7.7465,10.29923],[-7.75618,10.29266],[-7.76053,10.28404],[-7.78,10.27343],[-7.79296,10.25442],[-7.79827,10.23687],[-7.80588,10.23792],[-7.82562,10.22108],[-7.82944,10.20993],[-7.8441,10.20466],[-7.86408,10.17108],[-7.90903,10.16262],[-7.91268,10.15665],[-7.93051,10.14762],[-7.95726,10.15134],[-7.97153,10.16684],[-7.97797,10.16496],[-7.99144,10.14204],[-8.00015,10.1401],[-8.01092,10.13093],[-8.00705,10.11621],[-8.00991,10.08948],[-8.05003,10.07301],[-8.05935,10.06458],[-8.06524,10.06881],[-8.07783,10.05997],[-8.09273,10.05938],[-8.10793,10.05446],[-8.11325,10.04608],[-8.11216,10.02303],[-8.11602,10.01432],[-8.13151,9.98649],[-8.14383,9.97701],[-8.13982,9.97028],[-8.13013,9.96657],[-8.12076,9.97424],[-8.11304,9.97533],[-8.10827,9.96702],[-8.11032,9.95693],[-8.11516,9.95352],[-8.1272,9.95263],[-8.13277,9.94607],[-8.14037,9.94332],[-8.15522,9.94696],[-8.15734,9.94364],[-8.14903,9.93839],[-8.14813,9.93162],[-8.15615,9.93023],[-8.15931,9.92521],[-8.14975,9.90777],[-8.14398,9.90702],[-8.13142,9.91355],[-8.12925,9.90464],[-8.12305,9.90347],[-8.11934,9.89862],[-8.11947,9.89056],[-8.12529,9.88002],[-8.13424,9.87923],[-8.13772,9.87518],[-8.13909,9.86921],[-8.12945,9.86205],[-8.10108,9.86856],[-7.76107,9.90834],[-7.75135,9.91675],[-7.74149,9.91766],[-7.73268,9.92811],[-7.73396,9.94548],[-7.70799,9.98857],[-7.68878,9.99873],[-7.67291,9.99303],[-7.6711,9.99709],[-7.66,9.99892],[-7.63006,9.98201],[-7.62487,9.96698],[-7.60162,9.96708],[-7.58198,9.96127],[-7.57878,9.95375],[-7.57128,9.95132],[-7.57288,9.94659],[-7.56657,9.94161],[-7.5752,9.92998],[-7.5651,9.93691],[-7.55831,9.93475],[-7.55887,9.92998],[-7.56646,9.92456],[-7.56233,9.91924],[-7.56402,9.90851],[-7.55505,9.90912],[-7.55009,9.90222],[-7.55493,9.89967],[-7.55806,9.90413],[-7.55828,9.89842],[-7.56445,9.89643],[-7.55957,9.8941],[-7.56054,9.88979],[-7.55411,9.88468],[-7.56013,9.88332],[-7.56152,9.87665],[-7.56932,9.87375],[-7.56281,9.87271],[-7.56969,9.86533],[-7.56399,9.85583],[-7.55049,9.85826],[-7.55349,9.85465],[-7.5482,9.84721],[-7.548,9.84123],[-7.53789,9.83858],[-7.537,9.83453],[-7.54521,9.82981],[-7.54242,9.82257],[-7.55018,9.81104],[-7.54906,9.80398],[-7.55336,9.80013],[-7.55016,9.79158],[-7.55573,9.77933],[-7.56108,9.77808],[-7.56376,9.78275],[-7.5654,9.7769],[-7.57231,9.77909],[-7.57214,9.76909],[-7.58969,9.76091],[-7.57118,9.75069],[-7.5525,9.74489],[-7.54369,9.74707],[-7.52451,9.74097],[-7.48844,9.71773],[-7.47216,9.71229],[-7.44524,9.71122],[-7.42156,9.71876],[-7.38722,9.70881],[-7.38046,9.71282],[-7.35987,9.71529],[-7.36598,9.73688],[-7.3621,9.74909],[-7.34759,9.75322],[-7.32854,9.77484],[-7.28599,9.79863],[-7.2667,9.81353],[-7.26086,9.81369],[-7.25622,9.81939],[-7.25609,9.82631],[-7.24208,9.83534],[-7.23179,9.853],[-7.22237,9.85743],[-7.19211,9.85724],[-7.17425,9.87238],[-7.16082,9.87748],[-7.15808,9.8862],[-7.13696,9.90066],[-7.12048,9.90635],[-7.11341,9.90446],[-7.10982,9.90784],[-7.101,9.90763],[-7.09456,9.91747],[-7.09906,9.92581],[-7.09773,9.93894],[-7.0933,9.94666],[-7.09792,9.95729],[-7.09503,9.96322],[-7.08798,9.96632],[-7.08616,9.97907],[-7.03964,9.97076],[-7.00541,9.97372],[-6.96783,9.96779],[-6.95839,9.99274],[-6.94382,10.00081],[-6.9356,10.01668],[-6.92757,10.02413],[-6.92741,10.03692],[-6.93253,10.04336],[-6.92935,10.05968],[-6.91401,10.07052],[-6.91246,10.07813],[-6.89724,10.10329],[-6.88834,10.10255],[-6.88431,10.10537],[-6.87863,10.12041],[-6.87021,10.11891],[-6.85624,10.12887],[-6.85032,10.12668],[-6.83524,10.12912],[-6.83169,10.13164],[-6.83243,10.13724],[-6.8231,10.13357],[-6.81907,10.12765],[-6.81108,10.13611],[-6.79713,10.13067],[-6.78649,10.13198],[-6.7576,10.09995],[-6.74569,10.09683],[-6.70949,10.1007],[-6.67499,10.12199],[-6.61436,10.14392],[-6.58898,10.15952],[-6.58669,10.16735],[-6.5921,10.17391],[-6.59617,10.1873],[-6.59284,10.2311],[-6.60589,10.24017],[-6.6151,10.23561],[-6.62284,10.23733],[-6.62958,10.24332],[-6.62893,10.24714],[-6.63353,10.24847],[-6.63169,10.25268],[-6.63671,10.25409],[-6.63441,10.26227],[-6.63906,10.26468],[-6.63474,10.26729],[-6.63337,10.27302],[-6.63775,10.2851],[-6.63047,10.2899],[-6.63354,10.30058],[-6.63086,10.3032],[-6.63248,10.30839],[-6.63679,10.30672],[-6.63933,10.3133],[-6.64742,10.31219],[-6.64403,10.31762],[-6.65349,10.3345],[-6.65164,10.34245],[-6.65838,10.34575],[-6.65878,10.35721],[-6.6648,10.35941]]]}},{"type":"Feature","properties":{"id":"CIV:ADM2:98640826B73875625736421","name":"N'Zi","countryCode":"CIV","adminLevel":2,"sourceCode":"98640826B73875625736421","parentId":"CIV:ADM1:CIV-3452"},"geometry":{"type":"Polygon","coordinates":[[[-4.76177,6.5762],[-4.7268,6.58848],[-4.68616,6.59536],[-4.66496,6.60693],[-4.65084,6.6028],[-4.63973,6.59118],[-4.61396,6.58011],[-4.60654,6.56947],[-4.5948,6.56255],[-4.58419,6.56178],[-4.56231,6.57239],[-4.55175,6.58249],[-4.5539,6.59324],[-4.55968,6.59998],[-4.55959,6.60873],[-4.54459,6.62505],[-4.55181,6.63252],[-4.55237,6.64979],[-4.55575,6.65526],[-4.54095,6.67304],[-4.54041,6.68449],[-4.56711,6.71441],[-4.56858,6.72162],[-4.56241,6.72343],[-4.55037,6.72073],[-4.53952,6.70728],[-4.53389,6.71102],[-4.52677,6.6974],[-4.52035,6.70008],[-4.51269,6.71521],[-4.50835,6.71524],[-4.50038,6.70054],[-4.4991,6.68875],[-4.49011,6.68709],[-4.48629,6.69289],[-4.48451,6.70712],[-4.48857,6.72083],[-4.48123,6.7207],[-4.47993,6.7129],[-4.47081,6.71299],[-4.46686,6.7215],[-4.46654,6.73598],[-4.4585,6.74201],[-4.43594,6.72313],[-4.44484,6.7445],[-4.43571,6.74114],[-4.42849,6.74476],[-4.43019,6.75042],[-4.43737,6.75491],[-4.46226,6.75566],[-4.47299,6.76316],[-4.47859,6.77161],[-4.47333,6.78286],[-4.46319,6.77107],[-4.45909,6.77036],[-4.45205,6.7755],[-4.43636,6.76935],[-4.43061,6.77618],[-4.43508,6.78624],[-4.42655,6.79411],[-4.42652,6.79866],[-4.43169,6.79706],[-4.42682,6.80575],[-4.41317,6.799],[-4.40737,6.80542],[-4.39495,6.80282],[-4.39003,6.79507],[-4.37866,6.78865],[-4.37586,6.79728],[-4.36733,6.80408],[-4.34752,6.79545],[-4.32689,6.82066],[-4.33139,6.82755],[-4.33933,6.83116],[-4.0374,6.99845],[-4.09493,7.001],[-4.09761,7.00973],[-4.104,7.01275],[-4.12904,7.12025],[-4.20264,7.13737],[-4.22803,7.19217],[-4.24568,7.18194],[-4.32019,7.21427],[-4.33257,7.20835],[-4.35104,7.20843],[-4.37369,7.21588],[-4.3815,7.22304],[-4.41293,7.22763],[-4.45248,7.2561],[-4.48187,7.25779],[-4.48504,7.25301],[-4.49719,7.2497],[-4.50828,7.25438],[-4.50844,7.26001],[-4.51805,7.26341],[-4.51955,7.26882],[-4.53523,7.2738],[-4.54072,7.2808],[-4.5399,7.28911],[-4.54644,7.30514],[-4.56716,7.3269],[-4.5756,7.35025],[-4.57407,7.35811],[-4.56921,7.3629],[-4.55344,7.36789],[-4.5675,7.39071],[-4.5763,7.39322],[-4.5836,7.4023],[-4.59251,7.40591],[-4.60068,7.4375],[-4.60955,7.44474],[-4.61606,7.45583],[-4.63076,7.46202],[-4.63276,7.46987],[-4.64599,7.48129],[-4.66539,7.47514],[-4.686,7.47456],[-4.75786,7.43358],[-4.75973,7.42629],[-4.74881,7.40212],[-4.74671,7.37116],[-4.73134,7.3066],[-4.7153,7.28391],[-4.71268,7.25538],[-4.7006,7.23843],[-4.73559,7.21762],[-4.74637,7.19694],[-4.75006,7.16094],[-4.76443,7.10699],[-4.77009,7.06415],[-4.78054,7.05976],[-4.78236,7.05325],[-4.80901,7.03945],[-4.77835,6.98164],[-4.80467,6.94554],[-4.80609,6.93898],[-4.80214,6.93438],[-4.79926,6.92136],[-4.80179,6.90127],[-4.79246,6.8857],[-4.79242,6.87797],[-4.80931,6.87284],[-4.81972,6.88024],[-4.84342,6.86519],[-4.8506,6.85588],[-4.87886,6.84465],[-4.89473,6.84253],[-4.90516,6.8469],[-4.94179,6.85073],[-4.97073,6.84261],[-4.9686,6.83771],[-4.97473,6.82491],[-4.96384,6.81918],[-4.95442,6.82056],[-4.95436,6.81734],[-4.96422,6.80653],[-4.96306,6.80274],[-4.95873,6.805],[-4.95786,6.80061],[-4.96193,6.7971],[-4.95802,6.79144],[-4.96665,6.77284],[-4.96593,6.76597],[-4.96856,6.76223],[-4.97998,6.76227],[-4.97129,6.75274],[-4.97561,6.75128],[-4.97604,6.74553],[-4.96407,6.73],[-4.95118,6.7228],[-4.93595,6.72254],[-4.93408,6.71757],[-4.93668,6.70505],[-4.95323,6.69997],[-4.95048,6.68937],[-4.95823,6.69094],[-4.96086,6.68481],[-4.95395,6.68311],[-4.95939,6.67509],[-4.95946,6.66589],[-4.93834,6.65854],[-4.94076,6.64922],[-4.93633,6.64834],[-4.93921,6.64348],[-4.92652,6.64445],[-4.92566,6.619],[-4.92904,6.61961],[-4.93694,6.631],[-4.94058,6.63044],[-4.94208,6.62639],[-4.9429,6.6147],[-4.93764,6.61178],[-4.93271,6.60185],[-4.89568,6.59664],[-4.89198,6.60162],[-4.90249,6.60148],[-4.89955,6.61356],[-4.87603,6.61507],[-4.86924,6.62179],[-4.86884,6.62673],[-4.85606,6.63192],[-4.83486,6.63155],[-4.82195,6.62598],[-4.80932,6.62549],[-4.7709,6.60788],[-4.77344,6.60052],[-4.76833,6.59296],[-4.75566,6.58442],[-4.76276,6.5792],[-4.76177,6.5762]]]}},{"type":"Feature","properties":{"id":"CIV:ADM2:98640826B76853064397847","name":"District Autonome D'Abidjan","countryCode":"CIV","adminLevel":2,"sourceCode":"98640826B76853064397847","parentId":"CIV:ADM1:CIV-3458"},"geometry":{"type":"MultiPolygon","coordinates":[[[[-4.29591,5.30849],[-4.30631,5.39279],[-4.31786,5.40186],[-4.31118,5.42008],[-4.29113,5.42391],[-4.29055,5.43272],[-4.2868,5.43398],[-4.28634,5.45118],[-4.29038,5.45548],[-4.2991,5.45449],[-4.30009,5.46975],[-4.30339,5.47566],[-4.30159,5.48434],[-4.33263,5.49672],[-4.33785,5.5042],[-4.34528,5.50381],[-4.3472,5.50684],[-4.36495,5.51187],[-4.37126,5.51904],[-4.38551,5.52612],[-4.39149,5.52411],[-4.40158,5.52638],[-4.41049,5.52256],[-4.41996,5.52878],[-4.43656,5.52503],[-4.44692,5.53157],[-4.45732,5.53007],[-4.46114,5.53363],[-4.39306,5.60185],[-4.36165,5.58069],[-4.26184,5.59414],[-4.24523,5.60023],[-4.23561,5.59886],[-4.22928,5.6017],[-4.20781,5.60052],[-4.19635,5.59529],[-4.17933,5.60508],[-4.16993,5.60041],[-4.16183,5.60092],[-4.15838,5.59619],[-4.14396,5.59874],[-4.12951,5.58456],[-4.0993,5.57573],[-4.08375,5.57743],[-4.07149,5.57448],[-4.03822,5.58789],[-4.02945,5.58239],[-3.94007,5.58907],[-3.92747,5.57174],[-3.9301,5.56635],[-3.92832,5.56078],[-3.91961,5.55827],[-3.91477,5.56144],[-3.91159,5.55365],[-3.90947,5.55508],[-3.89889,5.54702],[-3.8843,5.52033],[-3.87775,5.51906],[-3.87484,5.50118],[-3.86783,5.50621],[-3.86335,5.50283],[-3.85295,5.50909],[-3.85362,5.50548],[-3.84769,5.5032],[-3.84807,5.49749],[-3.84429,5.49418],[-3.84639,5.48868],[-3.84251,5.48716],[-3.84407,5.48475],[-3.83671,5.48506],[-3.83191,5.47471],[-3.83649,5.47179],[-3.82888,5.46346],[-3.83142,5.45667],[-3.83804,5.45443],[-3.8348,5.43866],[-3.8283,5.43948],[-3.82726,5.42989],[-3.82405,5.43362],[-3.81822,5.43225],[-3.81976,5.42695],[-3.81554,5.42461],[-3.82063,5.42147],[-3.81711,5.41611],[-3.82234,5.41462],[-3.82221,5.40659],[-3.82989,5.39897],[-3.82906,5.39062],[-3.83218,5.39084],[-3.83366,5.3872],[-3.82853,5.38187],[-3.82929,5.37301],[-3.81655,5.36666],[-3.82202,5.37068],[-3.82236,5.37687],[-3.81716,5.38097],[-3.80764,5.3813],[-3.78868,5.36895],[-3.78897,5.36884],[-3.79552,5.3732],[-3.80492,5.37596],[-3.8133,5.37442],[-3.81697,5.36547],[-3.81404,5.35981],[-3.79271,5.34463],[-3.76741,5.31061],[-3.75235,5.29458],[-3.73924,5.2888],[-3.76917,5.27749],[-3.77628,5.27904],[-3.78769,5.27333],[-3.80492,5.28533],[-3.80596,5.28412],[-3.80899,5.28779],[-3.81835,5.29169],[-3.82868,5.2912],[-3.84431,5.29316],[-3.85489,5.29686],[-3.86669,5.30362],[-3.87588,5.31342],[-3.87841,5.32665],[-3.88317,5.32221],[-3.88915,5.31778],[-3.892,5.31363],[-3.89615,5.32184],[-3.89883,5.32966],[-3.90005,5.33804],[-3.89953,5.34837],[-3.90632,5.34837],[-3.9077,5.3343],[-3.91259,5.32221],[-3.92097,5.31623],[-3.93297,5.32046],[-3.94075,5.3146],[-3.95165,5.31293],[-3.96353,5.31493],[-3.9746,5.32046],[-3.99796,5.31684],[-4.00935,5.31363],[-3.99962,5.30463],[-3.984,5.30093],[-3.96744,5.30195],[-3.95474,5.30744],[-3.94054,5.29316],[-3.95385,5.2829],[-3.97102,5.27302],[-3.98908,5.26911],[-4.00561,5.27644],[-4.01814,5.28364],[-4.04003,5.2934],[-4.0609,5.29955],[-4.07022,5.29658],[-4.07852,5.28779],[-4.09691,5.29267],[-4.12548,5.30744],[-4.13874,5.30341],[-4.1494,5.29658],[-4.16015,5.2934],[-4.1739,5.29999],[-4.17968,5.29418],[-4.18619,5.29409],[-4.19327,5.29881],[-4.20055,5.30744],[-4.22777,5.28905],[-4.24104,5.28392],[-4.25577,5.28693],[-4.25377,5.29149],[-4.25089,5.30297],[-4.24893,5.30744],[-4.27457,5.31241],[-4.28563,5.31053],[-4.2929,5.30399],[-4.29591,5.30849]]],[[[-4.02995,5.24491],[-4.10091,5.2369],[-4.11628,5.23174],[-4.21407,5.21883],[-4.22282,5.26371],[-4.19957,5.27684],[-4.18383,5.28018],[-4.06046,5.28335],[-4.02921,5.27269],[-4.03856,5.26838],[-4.04857,5.26618],[-4.05919,5.26569],[-4.07022,5.26651],[-4.02382,5.2448],[-4.02995,5.24491]]],[[[-3.81491,5.25076],[-3.84004,5.25352],[-3.85203,5.22825],[-3.85141,5.22148],[-3.87024,5.22779],[-3.972,5.24777],[-3.9903,5.24889],[-4.00194,5.26651],[-3.98339,5.26032],[-3.96231,5.26244],[-3.94384,5.2718],[-3.93297,5.28693],[-3.91845,5.26899],[-3.91128,5.26187],[-3.9029,5.25898],[-3.89635,5.26154],[-3.89367,5.26748],[-3.89485,5.27448],[-3.89953,5.28018],[-3.89953,5.28693],[-3.88573,5.28388],[-3.85119,5.26976],[-3.84431,5.2696],[-3.83414,5.27285],[-3.81754,5.2664],[-3.81491,5.25076]]],[[[-3.73274,5.30534],[-3.72385,5.30447],[-3.71635,5.29744],[-3.72642,5.29364],[-3.73477,5.29853],[-3.74185,5.31053],[-3.74186,5.31056],[-3.73274,5.30534]]],[[[-3.74606,5.32793],[-3.74598,5.3225],[-3.74955,5.33286],[-3.74606,5.32793]]],[[[-3.77919,5.37436],[-3.77434,5.37235],[-3.77815,5.37279],[-3.78339,5.37088],[-3.77919,5.37436]]]]}},{"type":"Feature","properties":{"id":"CIV:ADM2:98640826B80955316471767","name":"Hambol","countryCode":"CIV","adminLevel":2,"sourceCode":"98640826B80955316471767","parentId":"CIV:ADM1:CIV-3450"},"geometry":{"type":"Polygon","coordinates":[[[-5.40614,8.15683],[-5.39477,8.14844],[-5.38962,8.14081],[-5.39119,8.13567],[-5.37553,8.11963],[-5.36916,8.1043],[-5.35806,8.10477],[-5.34659,8.11094],[-5.34177,8.10474],[-5.32615,8.09574],[-5.30955,8.092],[-5.28802,8.06858],[-5.28387,8.05874],[-5.25449,8.05335],[-5.21998,8.03406],[-5.19798,8.02641],[-5.19554,7.99512],[-5.15118,7.94881],[-5.13128,7.96661],[-5.08209,7.97215],[-5.06494,7.96797],[-5.04813,7.97479],[-5.03358,7.98807],[-5.02154,7.98538],[-5.01243,7.98871],[-5.00425,7.98034],[-4.99681,7.99204],[-4.95585,7.98573],[-4.93459,7.96987],[-4.81797,8.00948],[-4.7419,8.01629],[-4.73812,8.02706],[-4.74367,8.03308],[-4.7187,8.04243],[-4.68772,8.04632],[-4.67272,8.04299],[-4.65972,8.0366],[-4.62907,7.97789],[-4.59635,7.95071],[-4.61275,7.87986],[-4.60806,7.87961],[-4.60475,7.86667],[-4.58466,7.85068],[-4.56316,7.84337],[-4.56826,7.83124],[-4.56922,7.81891],[-4.56642,7.81818],[-4.56379,7.82492],[-4.55392,7.82704],[-4.54462,7.81987],[-4.53383,7.82056],[-4.5295,7.82866],[-4.52256,7.82244],[-4.50364,7.81652],[-4.3463,7.84516],[-4.30625,7.87342],[-4.307,7.89914],[-4.29208,7.90388],[-4.28475,7.89993],[-4.28166,7.90126],[-4.26556,7.92427],[-4.25409,7.92356],[-4.24052,7.91795],[-4.24181,7.89914],[-4.22383,7.90513],[-4.20813,7.88828],[-4.19301,7.88546],[-4.15698,7.88942],[-4.15308,7.89272],[-4.15219,7.90078],[-4.14053,7.90367],[-4.13327,7.90976],[-4.12175,7.91123],[-4.11632,7.91867],[-4.10321,7.91523],[-4.08225,7.92154],[-4.0739,7.93357],[-4.07209,7.94835],[-4.0645,7.96923],[-4.07775,7.97352],[-4.0964,7.99536],[-4.09805,8.00132],[-4.05927,8.02668],[-4.03629,8.03327],[-4.01817,8.04803],[-4.01611,8.06285],[-4.00488,8.08097],[-4.00665,8.09613],[-4.00336,8.1012],[-3.99573,8.10645],[-3.97892,8.10872],[-3.9686,8.10788],[-3.95937,8.10301],[-3.93842,8.10354],[-3.9326,8.10691],[-3.93254,8.11799],[-3.95102,8.12308],[-3.96989,8.14859],[-3.98196,8.15791],[-3.98387,8.16563],[-4.01027,8.17421],[-4.02456,8.1722],[-4.03221,8.17949],[-4.0351,8.19094],[-4.03359,8.19822],[-4.01436,8.21873],[-4.00934,8.23139],[-4.01858,8.24542],[-4.04431,8.2661],[-4.06262,8.29098],[-4.05533,8.30377],[-4.04177,8.30762],[-3.98193,8.29815],[-3.97147,8.30077],[-3.96795,8.30979],[-3.96823,8.32623],[-3.96035,8.33903],[-3.95983,8.34533],[-3.98199,8.35332],[-3.99288,8.36733],[-3.98763,8.37337],[-3.96874,8.37665],[-3.95776,8.39292],[-3.96083,8.39683],[-3.98101,8.4019],[-3.99423,8.3996],[-4.00012,8.40823],[-4.0061,8.42746],[-4.00213,8.43343],[-3.98107,8.43077],[-3.94001,8.44668],[-3.93621,8.45035],[-3.93539,8.46723],[-3.9261,8.47891],[-3.92663,8.4922],[-3.94849,8.50533],[-3.9823,8.51442],[-3.9846,8.52534],[-3.98175,8.53623],[-3.97564,8.54204],[-3.94179,8.54908],[-3.91719,8.5691],[-3.89995,8.57642],[-3.91764,8.60566],[-3.94504,8.62877],[-3.94323,8.64168],[-3.9467,8.64281],[-3.95608,8.63251],[-3.96973,8.63652],[-3.97013,8.63111],[-3.97377,8.6317],[-3.97583,8.63507],[-3.98122,8.63534],[-3.97948,8.64367],[-3.98434,8.64645],[-3.99076,8.64852],[-4.00169,8.64592],[-4.00364,8.64916],[-4.0345,8.66115],[-4.04467,8.64842],[-4.05004,8.65534],[-4.05888,8.65467],[-4.06192,8.66169],[-4.07434,8.66816],[-4.07636,8.66303],[-4.07356,8.65324],[-4.0842,8.65907],[-4.08973,8.65616],[-4.08955,8.65156],[-4.09298,8.65201],[-4.10542,8.66024],[-4.10789,8.6492],[-4.11229,8.64822],[-4.12413,8.65173],[-4.13491,8.66195],[-4.13896,8.66094],[-4.15101,8.66779],[-4.16074,8.65469],[-4.16136,8.66681],[-4.18798,8.68383],[-4.19292,8.68063],[-4.18902,8.67437],[-4.19633,8.67412],[-4.19679,8.66668],[-4.2015,8.66285],[-4.20006,8.65994],[-4.20953,8.65966],[-4.22108,8.67249],[-4.23369,8.67866],[-4.23876,8.68902],[-4.24559,8.69395],[-4.24931,8.71221],[-4.25914,8.71239],[-4.26152,8.71791],[-4.25648,8.72],[-4.25774,8.72573],[-4.26536,8.73203],[-4.26244,8.74314],[-4.26874,8.74779],[-4.27319,8.74702],[-4.27619,8.74203],[-4.28272,8.74811],[-4.29322,8.73961],[-4.31673,8.73731],[-4.32094,8.73547],[-4.32346,8.72828],[-4.33594,8.72988],[-4.34245,8.72477],[-4.35129,8.73069],[-4.3648,8.75522],[-4.40177,8.74636],[-4.4237,8.74719],[-4.43457,8.741],[-4.44892,8.76952],[-4.46587,8.77199],[-4.48751,8.79356],[-4.50683,8.83102],[-4.50733,8.83913],[-4.49743,8.85142],[-4.48324,8.88346],[-4.48346,8.8863],[-4.49614,8.8836],[-4.49883,8.89847],[-4.5124,8.91636],[-4.53268,8.9136],[-4.55172,8.91943],[-4.55196,8.92344],[-4.55803,8.92677],[-4.5727,8.92101],[-4.60885,8.92069],[-4.95906,8.92854],[-4.96106,8.92991],[-4.95874,8.94063],[-4.94937,8.9403],[-4.94636,8.93241],[-4.93629,8.94371],[-4.92771,8.94601],[-4.92982,8.95041],[-4.9259,8.95799],[-4.91542,8.96187],[-4.91402,8.97899],[-4.90542,8.98784],[-4.91094,8.99338],[-4.90782,9.02038],[-4.88733,9.07937],[-4.88542,9.10665],[-4.89511,9.1225],[-4.90429,9.11551],[-4.93534,9.13113],[-4.94282,9.12837],[-4.9524,9.13846],[-4.95674,9.1501],[-4.96209,9.15234],[-4.96312,9.1575],[-4.9843,9.16661],[-4.97931,9.18208],[-4.98116,9.18851],[-4.97713,9.19452],[-4.98704,9.20127],[-4.98869,9.20774],[-4.9969,9.2158],[-5.00965,9.22241],[-5.0058,9.28318],[-5.01702,9.30312],[-5.0239,9.30701],[-5.05192,9.30928],[-5.11416,9.32459],[-5.14069,9.33496],[-5.17765,9.37675],[-5.1901,9.41352],[-5.19773,9.41925],[-5.20044,9.42697],[-5.20432,9.42763],[-5.21078,9.41056],[-5.22049,9.41239],[-5.23036,9.40723],[-5.24335,9.40649],[-5.24795,9.40217],[-5.27894,9.39579],[-5.28357,9.39827],[-5.29958,9.38832],[-5.3217,9.39507],[-5.33786,9.39205],[-5.34086,9.38395],[-5.33973,9.37161],[-5.33037,9.3672],[-5.33394,9.35538],[-5.34404,9.35027],[-5.34656,9.34291],[-5.35456,9.34117],[-5.34436,9.33227],[-5.35881,9.32764],[-5.35229,9.32017],[-5.35317,9.31519],[-5.36233,9.31087],[-5.36385,9.3034],[-5.37008,9.29876],[-5.38848,9.3029],[-5.37474,9.28256],[-5.38834,9.27371],[-5.38391,9.26462],[-5.38749,9.2543],[-5.40361,9.23294],[-5.39783,9.22609],[-5.40241,9.22234],[-5.40053,9.21628],[-5.40265,9.21017],[-5.4092,9.20648],[-5.41089,9.19914],[-5.42042,9.19443],[-5.43794,9.20251],[-5.44289,9.19753],[-5.4261,9.19182],[-5.42406,9.18844],[-5.42644,9.18561],[-5.43824,9.18425],[-5.42669,9.16863],[-5.4458,9.15595],[-5.43563,9.14326],[-5.45939,9.12318],[-5.45249,9.10593],[-5.4526,9.09869],[-5.47229,9.08648],[-5.49307,9.0897],[-5.49319,9.07513],[-5.50394,9.06639],[-5.49978,9.05454],[-5.48879,9.04302],[-5.454,9.03362],[-5.43509,9.02081],[-5.41628,8.99268],[-5.41873,8.981],[-5.43833,8.9922],[-5.45027,8.99441],[-5.46099,8.9902],[-5.46402,8.98454],[-5.46243,8.9818],[-5.45319,8.9836],[-5.44456,8.97497],[-5.44435,8.96758],[-5.4529,8.95793],[-5.46671,8.97111],[-5.47305,8.97097],[-5.47456,8.9423],[-5.47958,8.93188],[-5.45655,8.92045],[-5.46197,8.89826],[-5.49321,8.91216],[-5.49436,8.90548],[-5.48126,8.89002],[-5.45825,8.88478],[-5.44903,8.87772],[-5.44967,8.87229],[-5.47563,8.85663],[-5.48853,8.86906],[-5.50113,8.86872],[-5.51675,8.87356],[-5.54666,8.86754],[-5.55594,8.86912],[-5.56357,8.86506],[-5.57061,8.86875],[-5.58193,8.86924],[-5.59001,8.86421],[-5.59439,8.84852],[-5.60113,8.84159],[-5.6482,8.82791],[-5.65061,8.83273],[-5.6595,8.83537],[-5.67534,8.83237],[-5.68432,8.84156],[-5.70077,8.84495],[-5.70475,8.84274],[-5.70239,8.84097],[-5.70548,8.83178],[-5.70409,8.8221],[-5.70542,8.81868],[-5.71167,8.81701],[-5.71819,8.80712],[-5.71771,8.7964],[-5.72716,8.7781],[-5.7278,8.77054],[-5.71657,8.76717],[-5.70968,8.77586],[-5.6985,8.76589],[-5.6882,8.76382],[-5.68658,8.76092],[-5.69598,8.75662],[-5.69999,8.74732],[-5.6825,8.7417],[-5.66949,8.73301],[-5.67489,8.72958],[-5.6929,8.72952],[-5.70865,8.72439],[-5.70411,8.71661],[-5.69239,8.7155],[-5.68095,8.70814],[-5.6805,8.70507],[-5.68505,8.69874],[-5.68455,8.6924],[-5.68999,8.68938],[-5.68793,8.67698],[-5.6954,8.67328],[-5.69164,8.66578],[-5.69339,8.65679],[-5.71053,8.65737],[-5.71283,8.65505],[-5.7018,8.6334],[-5.70166,8.63006],[-5.70859,8.62482],[-5.69483,8.61541],[-5.68429,8.59932],[-5.67809,8.60143],[-5.67637,8.60903],[-5.66485,8.61834],[-5.65843,8.61257],[-5.65342,8.61412],[-5.63783,8.60953],[-5.63804,8.60351],[-5.63194,8.59406],[-5.63561,8.58996],[-5.64663,8.59617],[-5.65042,8.58728],[-5.64241,8.57366],[-5.64962,8.57046],[-5.63842,8.56108],[-5.64591,8.55864],[-5.6484,8.54919],[-5.62692,8.54094],[-5.62113,8.5418],[-5.62138,8.5476],[-5.60364,8.5399],[-5.60554,8.52885],[-5.58979,8.51796],[-5.59515,8.50092],[-5.5757,8.48736],[-5.54768,8.47863],[-5.53516,8.4682],[-5.52045,8.46532],[-5.53667,8.44983],[-5.54749,8.44495],[-5.56571,8.45219],[-5.57075,8.45835],[-5.58949,8.46379],[-5.5966,8.45963],[-5.60714,8.46129],[-5.61178,8.45314],[-5.6322,8.45174],[-5.63459,8.44475],[-5.63108,8.43792],[-5.60582,8.42356],[-5.58295,8.4148],[-5.56384,8.39224],[-5.55076,8.38243],[-5.5183,8.37824],[-5.50595,8.38194],[-5.50331,8.36837],[-5.49657,8.35998],[-5.48347,8.36148],[-5.47177,8.3525],[-5.46373,8.35206],[-5.43427,8.33424],[-5.4192,8.31358],[-5.39601,8.30636],[-5.39019,8.27875],[-5.3826,8.27493],[-5.37768,8.27677],[-5.36768,8.27388],[-5.35358,8.26731],[-5.33736,8.25217],[-5.33856,8.24897],[-5.34646,8.24854],[-5.36563,8.25898],[-5.37503,8.25682],[-5.36726,8.23641],[-5.3465,8.22019],[-5.35681,8.20061],[-5.35176,8.17655],[-5.36112,8.1661],[-5.40383,8.16952],[-5.40614,8.15683]]]}},{"type":"Feature","properties":{"id":"CIV:ADM2:98640826B81277132888560","name":"Worodougou","countryCode":"CIV","adminLevel":2,"sourceCode":"98640826B81277132888560","parentId":"CIV:ADM1:CIV-3443"},"geometry":{"type":"Polygon","coordinates":[[[-7.06871,7.98799],[-7.07708,7.96029],[-7.0687,7.94304],[-7.0726,7.9259],[-7.07832,7.91905],[-7.09952,7.90672],[-7.10335,7.88422],[-7.11779,7.87901],[-7.11974,7.86875],[-7.11717,7.85581],[-7.0914,7.85665],[-7.08359,7.85526],[-7.07753,7.84985],[-7.07709,7.81362],[-7.08217,7.8055],[-7.08072,7.79544],[-6.99835,7.80323],[-6.61805,7.80003],[-6.59862,7.79584],[-6.46198,7.73525],[-6.36805,7.77109],[-6.33456,7.77789],[-6.25907,7.77944],[-6.26478,7.78843],[-6.25749,7.79638],[-6.25908,7.81383],[-6.25296,7.82599],[-6.25824,7.84105],[-6.25413,7.85862],[-6.25521,7.87889],[-6.24688,7.89411],[-6.25673,7.91539],[-6.25768,7.93555],[-6.25565,7.94898],[-6.24409,7.96398],[-6.24165,7.97601],[-6.24895,7.97968],[-6.27021,8.00523],[-6.28433,8.00344],[-6.29704,8.02648],[-6.30912,8.11357],[-6.30657,8.13264],[-6.31517,8.17031],[-6.31628,8.18859],[-6.3317,8.22341],[-6.34123,8.23137],[-6.34493,8.25214],[-6.34344,8.26364],[-6.34831,8.28176],[-6.34308,8.29287],[-6.34877,8.34187],[-6.34332,8.35755],[-6.35442,8.36213],[-6.34019,8.37524],[-6.35311,8.3748],[-6.36195,8.37861],[-6.36154,8.38252],[-6.35133,8.38887],[-6.36394,8.41273],[-6.3995,8.42026],[-6.41044,8.41623],[-6.41334,8.4432],[-6.4289,8.45178],[-6.42578,8.47593],[-6.43158,8.48263],[-6.45238,8.48587],[-6.45855,8.49729],[-6.45283,8.50677],[-6.45311,8.51223],[-6.44637,8.51476],[-6.43556,8.50229],[-6.43014,8.51153],[-6.4238,8.51339],[-6.42013,8.52601],[-6.42821,8.53912],[-6.42922,8.55576],[-6.43448,8.57031],[-6.44014,8.57091],[-6.44277,8.5646],[-6.45121,8.5757],[-6.43491,8.58308],[-6.43418,8.58596],[-6.44246,8.59218],[-6.43041,8.60034],[-6.44061,8.61526],[-6.44004,8.62904],[-6.44563,8.62866],[-6.45755,8.61494],[-6.47093,8.61309],[-6.46884,8.62308],[-6.46284,8.62536],[-6.46141,8.6311],[-6.43915,8.63893],[-6.44208,8.64956],[-6.45056,8.65762],[-6.45251,8.67104],[-6.46045,8.67312],[-6.46538,8.66488],[-6.47089,8.67867],[-6.45774,8.67762],[-6.44065,8.68643],[-6.44243,8.69042],[-6.45968,8.69727],[-6.45936,8.70458],[-6.45296,8.71632],[-6.44555,8.71564],[-6.44666,8.71017],[-6.44157,8.7058],[-6.43908,8.72206],[-6.43117,8.71154],[-6.42255,8.71306],[-6.41573,8.70995],[-6.41265,8.71243],[-6.4161,8.71853],[-6.42574,8.72038],[-6.41415,8.72459],[-6.41527,8.74451],[-6.41282,8.75231],[-6.39614,8.76255],[-6.40914,8.77247],[-6.40687,8.77972],[-6.39644,8.78748],[-6.40024,8.79353],[-6.41527,8.80082],[-6.41469,8.80739],[-6.42271,8.81557],[-6.43307,8.81434],[-6.43732,8.80249],[-6.44608,8.79579],[-6.45816,8.80529],[-6.46632,8.81921],[-6.47648,8.81869],[-6.47594,8.82421],[-6.47252,8.8262],[-6.46174,8.82138],[-6.45789,8.83617],[-6.46988,8.8439],[-6.47499,8.85851],[-6.48302,8.85353],[-6.48364,8.86112],[-6.50142,8.87798],[-6.51888,8.88041],[-6.52068,8.88817],[-6.52609,8.89345],[-6.53747,8.89005],[-6.54368,8.8948],[-6.54703,8.90178],[-6.55541,8.90791],[-6.55504,8.91229],[-6.54804,8.91472],[-6.55027,8.92008],[-6.54817,8.92663],[-6.56662,8.94311],[-6.57644,8.93607],[-6.57851,8.92535],[-6.58296,8.92814],[-6.58119,8.93564],[-6.58397,8.93921],[-6.6031,8.93018],[-6.60655,8.92604],[-6.60392,8.92092],[-6.61202,8.92406],[-6.61907,8.91937],[-6.62386,8.92217],[-6.62352,8.92844],[-6.62765,8.93465],[-6.64053,8.93665],[-6.64878,8.93104],[-6.66048,8.9354],[-6.66777,8.93085],[-6.66607,8.92644],[-6.66972,8.92402],[-6.67611,8.92635],[-6.6787,8.91718],[-6.68821,8.91797],[-6.69414,8.93293],[-6.7011,8.93436],[-6.69844,8.94421],[-6.70132,8.95571],[-6.71059,8.96311],[-6.70902,8.97059],[-6.70385,8.97087],[-6.698,8.97683],[-6.69335,8.97641],[-6.69743,8.98242],[-6.70546,8.98385],[-6.70289,8.99062],[-6.70002,8.99047],[-6.7088,9.00065],[-6.69859,9.0346],[-6.69797,9.04523],[-6.70454,9.05165],[-6.70118,9.05639],[-6.70143,9.08035],[-6.69718,9.10038],[-6.70723,9.10714],[-6.71176,9.10695],[-6.72085,9.11626],[-6.75399,9.11879],[-6.76838,9.10683],[-6.78474,9.10463],[-6.79988,9.09672],[-6.80542,9.08978],[-6.81592,9.08722],[-6.82425,9.07642],[-6.83427,9.07053],[-6.86165,9.07738],[-6.87138,9.07651],[-6.88939,9.06668],[-6.89724,9.05458],[-6.90024,9.03742],[-6.8981,9.03217],[-6.90494,9.01848],[-6.9031,9.01103],[-6.90613,9.00537],[-6.90733,8.98677],[-6.90213,8.93876],[-6.91801,8.94471],[-6.92304,8.95518],[-6.94383,8.97416],[-6.96157,8.9648],[-6.98575,8.97339],[-7.01843,8.96804],[-7.03944,8.98083],[-7.07121,9.02934],[-7.10893,9.04606],[-7.12046,9.03628],[-7.14657,8.99872],[-7.14968,8.99861],[-7.15277,9.00413],[-7.15988,8.99576],[-7.16986,8.99252],[-7.17715,8.95431],[-7.18773,8.95277],[-7.22094,8.9567],[-7.2281,8.94317],[-7.22795,8.9331],[-7.22423,8.92652],[-7.21154,8.9186],[-7.21772,8.89588],[-7.21264,8.88767],[-7.21372,8.87852],[-7.21936,8.88458],[-7.22385,8.87724],[-7.2209,8.87282],[-7.20964,8.86882],[-7.20865,8.84433],[-7.19528,8.84409],[-7.19705,8.83331],[-7.20998,8.82663],[-7.20085,8.82103],[-7.19835,8.80906],[-7.19046,8.8059],[-7.20072,8.79662],[-7.20232,8.78991],[-7.19571,8.78202],[-7.18528,8.7801],[-7.18991,8.77279],[-7.20197,8.76464],[-7.20179,8.75318],[-7.19237,8.73873],[-7.20475,8.73157],[-7.19972,8.70672],[-7.20741,8.68881],[-7.21407,8.68601],[-7.20893,8.66884],[-7.21592,8.65425],[-7.21017,8.65084],[-7.20802,8.6447],[-7.21384,8.6359],[-7.21332,8.6301],[-7.21947,8.62322],[-7.21705,8.61843],[-7.2152,8.62345],[-7.20604,8.62311],[-7.20164,8.59696],[-7.21548,8.59474],[-7.20461,8.58664],[-7.2071,8.589],[-7.2052,8.59201],[-7.19924,8.59366],[-7.19699,8.59043],[-7.19807,8.58357],[-7.20679,8.57323],[-7.20241,8.56197],[-7.1913,8.55534],[-7.18015,8.54264],[-7.18623,8.53562],[-7.17836,8.53038],[-7.17755,8.52599],[-7.18528,8.51995],[-7.1686,8.50237],[-7.16088,8.49903],[-7.15862,8.47327],[-7.17129,8.46447],[-7.16739,8.45438],[-7.15839,8.45139],[-7.15765,8.43559],[-7.1652,8.43365],[-7.15059,8.42695],[-7.14493,8.40783],[-7.15026,8.3954],[-7.1483,8.38328],[-7.13032,8.37302],[-7.13155,8.36745],[-7.1412,8.36449],[-7.14177,8.34856],[-7.12928,8.34793],[-7.12559,8.34312],[-7.11313,8.33778],[-7.09783,8.3227],[-7.09844,8.31373],[-7.102,8.31034],[-7.1181,8.30604],[-7.12896,8.307],[-7.1342,8.30342],[-7.13517,8.29883],[-7.11765,8.28744],[-7.10868,8.25233],[-7.11246,8.24651],[-7.13275,8.23827],[-7.13324,8.2333],[-7.11592,8.21937],[-7.11493,8.21237],[-7.10006,8.19382],[-7.09812,8.18328],[-7.08849,8.17984],[-7.08653,8.17422],[-7.0931,8.16679],[-7.10376,8.16474],[-7.10681,8.14585],[-7.09437,8.13189],[-7.08002,8.10801],[-7.08523,8.09521],[-7.09995,8.0874],[-7.10521,8.08023],[-7.09821,8.06825],[-7.09532,8.04529],[-7.08559,8.04475],[-7.08055,8.03629],[-7.08919,8.02239],[-7.08728,8.01481],[-7.07125,8.0017],[-7.06871,7.98799]]]}},{"type":"Feature","properties":{"id":"CIV:ADM2:98640826B83353125268201","name":"Grands Ponts","countryCode":"CIV","adminLevel":2,"sourceCode":"98640826B83353125268201","parentId":"CIV:ADM1:CIV-3458"},"geometry":{"type":"MultiPolygon","coordinates":[[[[-5.06762,5.2345],[-5.04961,5.2422],[-5.04683,5.25281],[-5.04089,5.25958],[-5.03229,5.26293],[-5.02949,5.27111],[-5.06425,5.31095],[-5.06833,5.32397],[-5.05599,5.33533],[-5.06224,5.3623],[-5.05693,5.36614],[-5.05915,5.37072],[-5.05453,5.37472],[-5.05444,5.38994],[-5.05046,5.3973],[-5.04614,5.39854],[-5.04399,5.4225],[-5.03874,5.42706],[-5.03704,5.43518],[-5.03279,5.43677],[-5.02675,5.46027],[-5.02275,5.46249],[-5.02044,5.48514],[-5.00881,5.49976],[-5.01109,5.52118],[-5.01647,5.52982],[-5.01208,5.53907],[-5.01755,5.54626],[-5.021,5.56187],[-5.02927,5.56446],[-5.03513,5.57763],[-5.02296,5.59207],[-5.01344,5.59723],[-5.00932,5.61024],[-5.00188,5.62049],[-5.00222,5.62789],[-4.99647,5.63535],[-4.98764,5.63521],[-4.98109,5.6406],[-4.96362,5.6437],[-4.95637,5.65802],[-4.95044,5.6602],[-4.95174,5.66899],[-4.94332,5.67319],[-4.93963,5.68037],[-4.95768,5.7002],[-4.96,5.71016],[-4.97246,5.72999],[-4.97392,5.74354],[-4.97022,5.75419],[-4.9752,5.76229],[-4.96827,5.77144],[-4.9589,5.7751],[-4.9613,5.78073],[-4.95637,5.7933],[-4.95619,5.80807],[-4.94743,5.81202],[-4.94398,5.81914],[-4.94061,5.81658],[-4.93268,5.80837],[-4.93,5.79704],[-4.92615,5.79343],[-4.92841,5.7776],[-4.91522,5.76587],[-4.90425,5.76487],[-4.87707,5.75338],[-4.8435,5.75279],[-4.8302,5.73546],[-4.82598,5.71232],[-4.81965,5.70268],[-4.80328,5.69144],[-4.79024,5.66985],[-4.797,5.65136],[-4.82064,5.63622],[-4.83153,5.61642],[-4.84303,5.61122],[-4.85494,5.61614],[-4.85644,5.61441],[-4.85035,5.59734],[-4.84371,5.59242],[-4.83567,5.57447],[-4.83582,5.56142],[-4.77038,5.57723],[-4.74207,5.59288],[-4.70786,5.59709],[-4.70203,5.59623],[-4.71511,5.55775],[-4.59653,5.54056],[-4.58478,5.54311],[-4.57615,5.53838],[-4.5498,5.53297],[-4.54412,5.53374],[-4.53138,5.54358],[-4.51675,5.54493],[-4.5118,5.54235],[-4.50468,5.5444],[-4.49749,5.53766],[-4.48765,5.53505],[-4.48365,5.53746],[-4.47729,5.53451],[-4.47339,5.53731],[-4.45732,5.53007],[-4.44692,5.53157],[-4.43656,5.52503],[-4.41996,5.52878],[-4.41049,5.52256],[-4.40158,5.52638],[-4.39149,5.52411],[-4.38551,5.52612],[-4.37126,5.51904],[-4.36495,5.51187],[-4.3472,5.50684],[-4.34528,5.50381],[-4.33785,5.5042],[-4.33263,5.49672],[-4.30159,5.48434],[-4.30339,5.47566],[-4.30009,5.46975],[-4.2991,5.45449],[-4.29038,5.45548],[-4.28634,5.45118],[-4.2868,5.43398],[-4.29055,5.43272],[-4.29113,5.42391],[-4.31118,5.42008],[-4.31786,5.40186],[-4.30631,5.39279],[-4.29591,5.30849],[-4.2929,5.30399],[-4.29735,5.29999],[-4.3048,5.30683],[-4.31383,5.31123],[-4.32144,5.31098],[-4.32763,5.29523],[-4.34349,5.28262],[-4.35131,5.27269],[-4.35847,5.28001],[-4.37047,5.28921],[-4.38329,5.29702],[-4.39241,5.29999],[-4.4029,5.29434],[-4.4134,5.28506],[-4.42382,5.28156],[-4.43391,5.29316],[-4.4309,5.2954],[-4.42968,5.29564],[-4.4287,5.29637],[-4.4265,5.29999],[-4.46353,5.29824],[-4.47769,5.29133],[-4.48168,5.27269],[-4.47216,5.27749],[-4.46378,5.27611],[-4.45739,5.2696],[-4.45373,5.25898],[-4.47277,5.26337],[-4.54377,5.26651],[-4.54768,5.27603],[-4.55248,5.28449],[-4.56363,5.29999],[-4.56933,5.29043],[-4.56969,5.28254],[-4.56554,5.27652],[-4.55748,5.27269],[-4.55748,5.26651],[-4.57551,5.26301],[-4.58918,5.25658],[-4.61213,5.23851],[-4.63061,5.25056],[-4.65197,5.24917],[-4.67056,5.24071],[-4.68029,5.23168],[-4.68716,5.23168],[-4.69384,5.23461],[-4.70246,5.23989],[-4.71019,5.24616],[-4.71447,5.25218],[-4.70279,5.25739],[-4.69302,5.25625],[-4.68212,5.253],[-4.66731,5.25218],[-4.66942,5.26187],[-4.6726,5.26805],[-4.67813,5.27139],[-4.68716,5.27269],[-4.68716,5.28018],[-4.67691,5.28482],[-4.6704,5.2919],[-4.66731,5.30146],[-4.66731,5.31363],[-4.67345,5.31363],[-4.68578,5.29059],[-4.7025,5.27831],[-4.72362,5.27351],[-4.74926,5.27269],[-4.72216,5.25227],[-4.74218,5.23456],[-4.77937,5.2189],[-4.80382,5.20441],[-4.81005,5.18993],[-4.80858,5.18049],[-4.79955,5.17451],[-4.78336,5.17032],[-4.76545,5.16934],[-4.74767,5.17235],[-4.73746,5.17935],[-4.74242,5.19013],[-4.74242,5.19758],[-4.71715,5.20441],[-4.70474,5.21133],[-4.70031,5.20673],[-4.69538,5.20018],[-4.68716,5.19758],[-4.67479,5.20067],[-4.65453,5.20942],[-4.63939,5.21117],[-4.60831,5.21117],[-4.59887,5.20917],[-4.59252,5.20478],[-4.58821,5.20014],[-4.58479,5.19758],[-4.56994,5.1955],[-4.55956,5.19697],[-4.53637,5.20441],[-4.5467,5.20319],[-4.55883,5.20417],[-4.56835,5.20873],[-4.57103,5.218],[-4.56493,5.22321],[-4.53014,5.23168],[-4.53014,5.218],[-4.52269,5.218],[-4.5006,5.2287],[-4.44164,5.22504],[-4.41283,5.23851],[-4.40807,5.22362],[-4.4003,5.22968],[-4.39208,5.24356],[-4.38557,5.25218],[-4.36726,5.25169],[-4.35167,5.24437],[-4.33776,5.24087],[-4.3247,5.25218],[-4.30582,5.24457],[-4.28629,5.24787],[-4.26626,5.25503],[-4.22521,5.26236],[-4.22282,5.26371],[-4.21407,5.21883],[-4.3973,5.20039],[-4.40214,5.19854],[-4.42062,5.19703],[-4.4446,5.19674],[-4.4464,5.19493],[-4.62051,5.18073],[-4.7035,5.16213],[-4.71175,5.16095],[-4.76374,5.14976],[-4.82876,5.1476],[-4.84648,5.14281],[-4.86855,5.14157],[-4.88156,5.1435],[-4.93933,5.13683],[-4.96911,5.1374],[-4.982,5.13614],[-4.982,5.14232],[-4.97875,5.14256],[-4.97216,5.14203],[-4.96898,5.14232],[-4.96898,5.14912],[-4.99706,5.14875],[-5.00377,5.16059],[-5.00328,5.17878],[-5.00992,5.19758],[-4.99706,5.21279],[-5.00976,5.21605],[-5.06428,5.20922],[-5.06766,5.20815],[-5.06762,5.2345]]],[[[-5.18565,5.22266],[-5.18827,5.23278],[-5.12693,5.237],[-5.12815,5.21301],[-5.1331,5.19976],[-5.15787,5.21223],[-5.1892,5.21877],[-5.18565,5.22266]]],[[[-5.20441,5.19905],[-5.18139,5.20234],[-5.12076,5.16698],[-5.09496,5.17373],[-5.08092,5.18476],[-5.06774,5.18696],[-5.03319,5.1833],[-5.02912,5.17573],[-5.02343,5.15852],[-5.01488,5.14008],[-5.00621,5.13212],[-5.21882,5.12214],[-5.25536,5.12104],[-5.26696,5.11657],[-5.36804,5.10866],[-5.43087,5.09874],[-5.49108,5.09553],[-5.49885,5.10371],[-5.49642,5.10467],[-5.49762,5.10927],[-5.50044,5.10843],[-5.50825,5.11879],[-5.50706,5.12854],[-5.50011,5.13395],[-5.49824,5.17278],[-5.49429,5.18046],[-5.47514,5.18271],[-5.46176,5.19673],[-5.46308,5.20153],[-5.45971,5.20511],[-5.46102,5.21194],[-5.45654,5.22749],[-5.46342,5.25218],[-5.46064,5.2601],[-5.44795,5.2621],[-5.43533,5.2568],[-5.43073,5.27021],[-5.42224,5.27105],[-5.39821,5.25727],[-5.40557,5.22131],[-5.38442,5.22192],[-5.37004,5.21733],[-5.32237,5.17306],[-5.32844,5.17007],[-5.33829,5.16348],[-5.33829,5.1833],[-5.35253,5.14183],[-5.35936,5.12865],[-5.39289,5.17707],[-5.40038,5.17707],[-5.40079,5.17398],[-5.40038,5.16348],[-5.41393,5.17032],[-5.399,5.14199],[-5.3579,5.12352],[-5.30883,5.11815],[-5.2694,5.12865],[-5.28547,5.14077],[-5.30236,5.14045],[-5.32014,5.13764],[-5.33829,5.14232],[-5.33829,5.14912],[-5.32811,5.14851],[-5.31994,5.14981],[-5.31257,5.15257],[-5.3048,5.15664],[-5.29947,5.16096],[-5.28797,5.1729],[-5.28276,5.17638],[-5.28033,5.17646],[-5.26814,5.17373],[-5.25162,5.16543],[-5.23546,5.16132],[-5.22159,5.17032],[-5.20934,5.16283],[-5.19713,5.16014],[-5.18692,5.16425],[-5.18065,5.17707],[-5.19896,5.17438],[-5.20702,5.18244],[-5.21338,5.19241],[-5.20441,5.19905]]]]}},{"type":"Feature","properties":{"id":"CIV:ADM2:98640826B83650084589555","name":"Goh","countryCode":"CIV","adminLevel":2,"sourceCode":"98640826B83650084589555","parentId":"CIV:ADM1:CIV-3445"},"geometry":{"type":"Polygon","coordinates":[[[-5.2035,6.37082],[-5.20475,6.37571],[-5.21102,6.37766],[-5.24111,6.37383],[-5.27021,6.35552],[-5.29847,6.3568],[-5.30517,6.36309],[-5.30198,6.37133],[-5.31822,6.40774],[-5.31608,6.42318],[-5.31093,6.43101],[-5.32056,6.4595],[-5.31848,6.4655],[-5.30319,6.48062],[-5.29885,6.50009],[-5.30432,6.50482],[-5.3234,6.51022],[-5.32955,6.52453],[-5.32182,6.53507],[-5.30675,6.54225],[-5.3043,6.55119],[-5.30905,6.56239],[-5.29945,6.57431],[-5.30934,6.59016],[-5.3376,6.59977],[-5.35753,6.60189],[-5.39454,6.59734],[-5.40712,6.60194],[-5.41694,6.61784],[-5.41229,6.64834],[-5.43291,6.65021],[-5.4505,6.64367],[-5.45416,6.63361],[-5.46429,6.63269],[-5.48682,6.62259],[-5.48782,6.60283],[-5.49696,6.59898],[-5.50224,6.59155],[-5.50657,6.59209],[-5.50947,6.6023],[-5.51567,6.6057],[-5.52253,6.60254],[-5.52325,6.596],[-5.52777,6.59462],[-5.54475,6.60016],[-5.56994,6.58369],[-5.5803,6.58774],[-5.58437,6.58054],[-5.57393,6.56605],[-5.57576,6.55968],[-5.59475,6.55283],[-5.61638,6.55045],[-5.62742,6.54328],[-5.63671,6.54198],[-5.637,6.53175],[-5.65276,6.53572],[-5.67155,6.52577],[-5.67678,6.53226],[-5.68342,6.53132],[-5.69151,6.53591],[-5.69351,6.55054],[-5.70908,6.55863],[-5.72161,6.55191],[-5.72835,6.54397],[-5.7337,6.51767],[-5.73915,6.50996],[-5.74854,6.50715],[-5.7507,6.50066],[-5.92409,6.52506],[-6.03784,6.52793],[-6.03868,6.51918],[-6.04567,6.50937],[-6.0561,6.5031],[-6.21438,6.33578],[-6.31054,6.34442],[-6.33132,6.32056],[-6.33413,6.31111],[-6.4045,6.29712],[-6.41212,6.16421],[-6.39972,6.133],[-6.38051,6.09839],[-6.35556,6.03407],[-6.29009,5.93585],[-6.29109,5.91221],[-6.28021,5.90139],[-6.27574,5.88953],[-6.27946,5.88328],[-6.2772,5.86598],[-6.26708,5.86018],[-6.26623,5.85289],[-6.24968,5.84493],[-6.24259,5.82291],[-6.24707,5.80581],[-6.24258,5.80249],[-6.24029,5.79504],[-6.2296,5.78667],[-6.2304,5.77137],[-6.22715,5.76939],[-6.23136,5.76272],[-6.22677,5.76335],[-6.22027,5.7552],[-6.22396,5.75234],[-6.22332,5.74547],[-6.22923,5.73959],[-6.23164,5.72735],[-6.22148,5.71192],[-6.22657,5.70538],[-6.22669,5.69613],[-6.22393,5.69553],[-6.18893,5.76988],[-6.11656,5.77204],[-6.10352,5.76706],[-6.10588,5.75401],[-6.10164,5.75312],[-6.09734,5.74645],[-6.09061,5.74969],[-6.06757,5.73622],[-6.07064,5.72908],[-6.06842,5.72596],[-6.07515,5.72304],[-6.07639,5.71941],[-6.07487,5.71099],[-6.07138,5.70834],[-6.07671,5.69487],[-6.06924,5.69675],[-6.0656,5.70847],[-6.05043,5.67274],[-6.04137,5.66551],[-6.04238,5.6616],[-6.0343,5.65368],[-6.02758,5.65526],[-5.96841,5.77421],[-5.94963,5.77034],[-5.83612,5.91284],[-5.79284,5.93875],[-5.79606,6.00301],[-5.77497,6.04946],[-5.77463,6.16044],[-5.73935,6.20651],[-5.68386,6.18868],[-5.67456,6.17928],[-5.66037,6.18099],[-5.65215,6.17578],[-5.65181,6.16779],[-5.64876,6.16479],[-5.62727,6.15735],[-5.61894,6.16712],[-5.58915,6.15523],[-5.56159,6.16563],[-5.54701,6.15659],[-5.53033,6.15163],[-5.51728,6.15343],[-5.52158,6.16609],[-5.48195,6.16028],[-5.44996,6.17432],[-5.43731,6.21028],[-5.37391,6.25882],[-5.36273,6.26396],[-5.35886,6.26382],[-5.34584,6.2492],[-5.3407,6.24755],[-5.31595,6.26627],[-5.29619,6.26865],[-5.24083,6.24206],[-5.2035,6.37082]]]}},{"type":"Feature","properties":{"id":"CIV:ADM2:98640826B87421109468433","name":"Sud-Comoe","countryCode":"CIV","adminLevel":2,"sourceCode":"98640826B87421109468433","parentId":"CIV:ADM1:CIV-3462"},"geometry":{"type":"MultiPolygon","coordinates":[[[[-3.8158,5.20813],[-3.85141,5.22148],[-3.85203,5.22825],[-3.84004,5.25352],[-3.81491,5.25076],[-3.81754,5.2664],[-3.81163,5.26411],[-3.77538,5.24478],[-3.77774,5.25121],[-3.77945,5.26118],[-3.78222,5.26651],[-3.76667,5.26606],[-3.73982,5.2624],[-3.72887,5.26651],[-3.72712,5.2686],[-3.72789,5.25508],[-3.71542,5.2308],[-3.70711,5.2367],[-3.68982,5.2304],[-3.68385,5.23199],[-3.67669,5.23912],[-3.67142,5.25491],[-3.66443,5.26074],[-3.65118,5.26002],[-3.63549,5.25073],[-3.62536,5.25616],[-3.61561,5.26636],[-3.6222,5.27669],[-3.62515,5.29758],[-3.61907,5.30449],[-3.61391,5.30452],[-3.60884,5.31345],[-3.60592,5.32948],[-3.58949,5.3402],[-3.5931,5.35055],[-3.58533,5.37123],[-3.58826,5.38653],[-3.58168,5.40505],[-3.58306,5.4237],[-3.57522,5.45215],[-3.57791,5.49591],[-3.57276,5.5411],[-3.52416,5.54512],[-3.48463,5.5707],[-3.49154,5.57974],[-3.49254,5.58612],[-3.46515,5.58477],[-3.45079,5.59863],[-3.43999,5.60177],[-3.42485,5.60076],[-3.416,5.62128],[-3.41821,5.62549],[-3.41611,5.63037],[-3.39693,5.63637],[-3.37801,5.65072],[-3.36527,5.64829],[-3.35438,5.65122],[-3.33189,5.63686],[-3.33813,5.65303],[-3.32911,5.6607],[-3.32224,5.65922],[-3.29934,5.72493],[-3.37094,5.73389],[-3.37249,5.74096],[-3.37897,5.73802],[-3.39507,5.74049],[-3.41874,5.7493],[-3.42471,5.74856],[-3.4383,5.76022],[-3.43613,5.77562],[-3.42682,5.78173],[-3.42754,5.78813],[-3.43354,5.79048],[-3.43585,5.7958],[-3.43146,5.80408],[-3.42134,5.79837],[-3.41607,5.80014],[-3.4076,5.79526],[-3.40199,5.79595],[-3.3965,5.81339],[-3.39606,5.84905],[-3.38498,5.87024],[-3.37556,5.87397],[-3.35446,5.86691],[-3.34741,5.8686],[-3.32299,5.88813],[-3.32101,5.9046],[-3.31108,5.91806],[-3.30137,5.92138],[-3.29365,5.93003],[-3.27744,5.92635],[-3.26542,5.93185],[-3.26466,5.9359],[-3.25492,5.93627],[-3.2535,5.94219],[-3.24818,5.94581],[-3.25371,5.94994],[-3.25592,5.95821],[-3.26041,5.95497],[-3.26605,5.95882],[-3.26693,5.96142],[-3.2607,5.96461],[-3.26763,5.96726],[-3.27497,5.97932],[-3.25823,5.98706],[-3.25582,5.99313],[-3.25046,5.98964],[-3.24468,6.00722],[-3.23906,6.00602],[-3.23597,6.01634],[-3.23179,6.01845],[-3.23472,6.03886],[-3.22955,6.04368],[-3.2256,6.05456],[-3.22762,6.09278],[-3.21404,6.11331],[-3.20715,6.14098],[-3.20092,6.14486],[-3.19712,6.15325],[-3.20653,6.17929],[-3.20295,6.1968],[-3.19807,6.207],[-3.1851,6.21831],[-3.18447,6.23807],[-3.1761,6.24681],[-3.15693,6.24367],[-3.11099,6.15611],[-3.08277,5.99869],[-3.02313,5.84815],[-3.03613,5.71425],[-2.95557,5.70955],[-2.97038,5.6303],[-2.95449,5.61184],[-2.9386,5.61039],[-2.91693,5.62305],[-2.90609,5.62414],[-2.90067,5.64006],[-2.88297,5.64766],[-2.87358,5.65924],[-2.8696,5.65923],[-2.86202,5.64186],[-2.82194,5.61941],[-2.80893,5.61724],[-2.80857,5.61326],[-2.79449,5.61542],[-2.7768,5.59769],[-2.76524,5.59515],[-2.76241,5.44569],[-2.72741,5.38704],[-2.7332,5.35122],[-2.72635,5.33529],[-2.75379,5.33784],[-2.76461,5.34834],[-2.77148,5.34255],[-2.77581,5.33314],[-2.7668,5.30853],[-2.76752,5.29406],[-2.77655,5.28682],[-2.79424,5.28248],[-2.77114,5.26366],[-2.77042,5.25932],[-2.77584,5.25353],[-2.75707,5.24592],[-2.76105,5.23108],[-2.75672,5.22276],[-2.75745,5.21516],[-2.76359,5.20322],[-2.7589,5.19707],[-2.75132,5.19525],[-2.74122,5.16738],[-2.73979,5.14856],[-2.725,5.13046],[-2.72861,5.1254],[-2.73402,5.12431],[-2.74377,5.10731],[-2.75171,5.10876],[-2.75821,5.09356],[-2.77625,5.10587],[-2.7878,5.10335],[-2.79213,5.09937],[-2.81739,5.10227],[-2.83363,5.11458],[-2.8376,5.11385],[-2.84085,5.10372],[-2.84663,5.10119],[-2.85529,5.10662],[-2.85998,5.11386],[-2.88163,5.12074],[-2.90437,5.11314],[-2.90689,5.1088],[-2.90689,5.10482],[-2.89101,5.10952],[-2.88668,5.10337],[-2.88668,5.09505],[-2.89427,5.08274],[-2.90004,5.08057],[-2.91231,5.08528],[-2.92061,5.10229],[-2.9253,5.10374],[-2.92709,5.10226],[-2.92903,5.12202],[-2.90123,5.13361],[-2.86531,5.13931],[-2.8437,5.14912],[-2.84618,5.17699],[-2.87938,5.18134],[-2.9204,5.1765],[-2.94668,5.17707],[-2.93847,5.15693],[-2.94351,5.13679],[-2.958,5.12116],[-2.97777,5.11498],[-2.9934,5.11953],[-3.0463,5.14411],[-3.06282,5.15664],[-3.08275,5.15107],[-3.12238,5.14997],[-3.13915,5.14232],[-3.14684,5.16132],[-3.16247,5.18415],[-3.1809,5.20319],[-3.19689,5.21117],[-3.20507,5.21866],[-3.19433,5.23444],[-3.17882,5.24885],[-3.17272,5.25218],[-3.16796,5.2663],[-3.16503,5.29589],[-3.15909,5.30744],[-3.14538,5.31599],[-3.13476,5.31859],[-3.12792,5.3249],[-3.12548,5.34463],[-3.12776,5.35961],[-3.13443,5.36677],[-3.14607,5.36884],[-3.16275,5.36884],[-3.16739,5.36665],[-3.17333,5.36176],[-3.18073,5.35684],[-3.18977,5.35464],[-3.19811,5.3559],[-3.21182,5.36148],[-3.22053,5.36205],[-3.23021,5.35863],[-3.24942,5.34536],[-3.26207,5.34089],[-3.25206,5.3181],[-3.24694,5.29759],[-3.2543,5.2836],[-3.28262,5.28018],[-3.27819,5.27253],[-3.27819,5.26545],[-3.28213,5.25873],[-3.28942,5.25218],[-3.28026,5.24616],[-3.27579,5.24478],[-3.28262,5.24478],[-3.27306,5.24116],[-3.26281,5.23884],[-3.25202,5.23786],[-3.24096,5.23851],[-3.24096,5.23168],[-3.2504,5.22736],[-3.2657,5.2287],[-3.27579,5.22549],[-3.28429,5.21906],[-3.29198,5.21052],[-3.29833,5.20067],[-3.30305,5.19013],[-3.31359,5.19725],[-3.32071,5.19351],[-3.319,5.1848],[-3.30305,5.17707],[-3.30899,5.16376],[-3.30309,5.15571],[-3.29052,5.15135],[-3.27579,5.14912],[-3.30855,5.12284],[-3.33511,5.12961],[-3.35482,5.13078],[-3.36941,5.1363],[-3.48534,5.15636],[-3.53305,5.16106],[-3.55519,5.16078],[-3.63199,5.17707],[-3.67071,5.17937],[-3.71804,5.18875],[-3.72142,5.19383],[-3.71963,5.20311],[-3.71727,5.21019],[-3.7189,5.21703],[-3.72887,5.22549],[-3.72142,5.23851],[-3.73168,5.23005],[-3.73965,5.21711],[-3.74523,5.2027],[-3.74706,5.1945],[-3.8158,5.20813]]],[[[-3.25861,5.11464],[-3.27028,5.11508],[-3.27636,5.11811],[-3.27233,5.13239],[-3.25328,5.1496],[-3.23412,5.16348],[-3.20739,5.15664],[-3.20031,5.1518],[-3.19742,5.1459],[-3.19595,5.1402],[-3.19319,5.13614],[-3.18497,5.13227],[-3.1634,5.12547],[-3.15909,5.12556],[-3.15514,5.12788],[-3.14635,5.12157],[-3.1317,5.10814],[-3.11885,5.10705],[-3.11477,5.09023],[-3.11962,5.09133],[-3.12023,5.0915],[-3.16381,5.10155],[-3.22158,5.1071],[-3.25861,5.11464]]],[[[-3.10141,5.10989],[-3.1038,5.11136],[-3.10116,5.11238],[-3.10141,5.10989]]],[[[-3.07687,5.10663],[-3.08517,5.10663],[-3.08409,5.11098],[-3.09131,5.11314],[-3.09383,5.10735],[-3.09924,5.10735],[-3.09783,5.11341],[-3.08764,5.11498],[-3.06975,5.11484],[-3.07687,5.10663]]],[[[-2.92891,5.08745],[-2.94298,5.08492],[-2.94912,5.07479],[-2.97979,5.08022],[-3.00758,5.10591],[-3.02382,5.1117],[-3.04295,5.10989],[-3.05089,5.11206],[-3.05161,5.10844],[-3.06933,5.11484],[-3.0161,5.11445],[-2.9945,5.10814],[-2.98852,5.10224],[-2.97631,5.08462],[-2.97094,5.08088],[-2.95775,5.08267],[-2.93724,5.09129],[-2.93024,5.09338],[-2.92891,5.08745]]],[[[-3.71635,5.29744],[-3.71878,5.28663],[-3.72191,5.291],[-3.72642,5.29364],[-3.71635,5.29744]]],[[[-3.73924,5.2888],[-3.73502,5.28693],[-3.74397,5.27399],[-3.75943,5.27538],[-3.76917,5.27749],[-3.73924,5.2888]]],[[[-3.80492,5.28533],[-3.78769,5.27333],[-3.78897,5.27269],[-3.7965,5.27269],[-3.80596,5.28412],[-3.80492,5.28533]]]]}},{"type":"Feature","properties":{"id":"CIV:ADM2:98640826B87987908031267","name":"Indenie-Djuablin","countryCode":"CIV","adminLevel":2,"sourceCode":"98640826B87987908031267","parentId":"CIV:ADM1:CIV-3460"},"geometry":{"type":"Polygon","coordinates":[[[-3.51523,7.35367],[-3.51964,7.35405],[-3.52013,7.35088],[-3.52678,7.34968],[-3.53334,7.34273],[-3.53713,7.34591],[-3.55123,7.33227],[-3.5634,7.31438],[-3.55876,7.30261],[-3.54256,7.29364],[-3.53236,7.2923],[-3.5347,7.28626],[-3.55047,7.27734],[-3.58186,7.28314],[-3.59269,7.28147],[-3.59614,7.27615],[-3.59564,7.2551],[-3.58516,7.24309],[-3.57912,7.22867],[-3.5954,7.18688],[-3.61216,7.17976],[-3.61856,7.1932],[-3.64201,7.20199],[-3.64737,7.20107],[-3.65175,7.1939],[-3.65408,7.17297],[-3.64601,7.14516],[-3.64611,7.12892],[-3.60962,7.10533],[-3.59224,7.10063],[-3.58501,7.10674],[-3.57475,7.10796],[-3.57128,7.10446],[-3.57071,7.10038],[-3.57885,7.0949],[-3.58779,7.08179],[-3.58313,7.06413],[-3.58678,7.06183],[-3.58679,7.06758],[-3.59344,7.07717],[-3.62773,7.09095],[-3.6314,7.08274],[-3.62212,7.06856],[-3.63859,7.04728],[-3.64334,7.04611],[-3.66287,7.05315],[-3.67902,7.05016],[-3.68993,7.03904],[-3.71748,7.02267],[-3.71836,7.00259],[-3.73438,7.00818],[-3.76138,6.99958],[-3.77185,6.99063],[-3.78491,6.96993],[-3.78636,6.94903],[-3.78425,6.93589],[-3.77968,6.92901],[-3.77504,6.92623],[-3.76881,6.93011],[-3.76306,6.94498],[-3.74998,6.95718],[-3.7427,6.9553],[-3.74728,6.94084],[-3.73631,6.92127],[-3.7403,6.90991],[-3.74912,6.90555],[-3.77068,6.8777],[-3.7822,6.8564],[-3.77131,6.83917],[-3.75478,6.82784],[-3.74956,6.81655],[-3.75816,6.80987],[-3.76439,6.79896],[-3.76539,6.79102],[-3.76142,6.78153],[-3.76336,6.77334],[-3.77705,6.774],[-3.8004,6.76231],[-3.80143,6.7594],[-3.79213,6.74275],[-3.7918,6.73223],[-3.77706,6.7221],[-3.77715,6.71568],[-3.76889,6.70138],[-3.7797,6.6957],[-3.78651,6.68362],[-3.79678,6.68015],[-3.8019,6.67433],[-3.78753,6.66089],[-3.78785,6.65345],[-3.78447,6.64799],[-3.77621,6.64366],[-3.77955,6.62897],[-3.77197,6.61599],[-3.76158,6.62892],[-3.75346,6.62653],[-3.74192,6.62966],[-3.73409,6.62447],[-3.72646,6.62426],[-3.70445,6.64301],[-3.68683,6.64096],[-3.68227,6.63261],[-3.68308,6.62502],[-3.69538,6.60965],[-3.6954,6.6033],[-3.69159,6.60021],[-3.69374,6.58605],[-3.68848,6.5807],[-3.67901,6.58034],[-3.6648,6.56932],[-3.66836,6.54896],[-3.66702,6.53972],[-3.65356,6.53107],[-3.65361,6.51805],[-3.64787,6.50757],[-3.64238,6.48488],[-3.65367,6.46138],[-3.65078,6.44465],[-3.63662,6.44072],[-3.62715,6.45252],[-3.61644,6.44463],[-3.61281,6.43918],[-3.61004,6.41196],[-3.59726,6.39928],[-3.59117,6.38662],[-3.58779,6.38759],[-3.58491,6.39613],[-3.57883,6.39924],[-3.5672,6.39402],[-3.54931,6.3781],[-3.54187,6.38392],[-3.5469,6.39205],[-3.54585,6.39583],[-3.53815,6.39958],[-3.53223,6.39749],[-3.51191,6.37882],[-3.51433,6.37539],[-3.51265,6.36713],[-3.51807,6.35472],[-3.51383,6.34986],[-3.50711,6.35204],[-3.50558,6.34877],[-3.509,6.32784],[-3.50141,6.32147],[-3.50232,6.31829],[-3.47832,6.29763],[-3.47365,6.26215],[-3.45209,6.24932],[-3.44924,6.24238],[-3.45035,6.23777],[-3.45752,6.23672],[-3.47206,6.24566],[-3.48066,6.2444],[-3.48803,6.23252],[-3.4871,6.21813],[-3.46479,6.19674],[-3.46499,6.17972],[-3.46106,6.17369],[-3.45087,6.17225],[-3.44446,6.17631],[-3.44473,6.18104],[-3.45303,6.18861],[-3.45241,6.19537],[-3.43201,6.1976],[-3.42252,6.18394],[-3.41479,6.15993],[-3.40205,6.14603],[-3.40134,6.13491],[-3.41362,6.13599],[-3.41746,6.12713],[-3.41474,6.11365],[-3.40226,6.10176],[-3.40061,6.09571],[-3.40371,6.09226],[-3.42613,6.08716],[-3.43113,6.07021],[-3.42662,6.06286],[-3.41822,6.06692],[-3.41242,6.06478],[-3.41286,6.05855],[-3.42141,6.04922],[-3.41005,6.04017],[-3.40556,6.02536],[-3.39678,6.01332],[-3.40783,6.00723],[-3.40599,5.99505],[-3.41055,5.97676],[-3.43148,5.97336],[-3.44296,5.96488],[-3.43713,5.9478],[-3.43723,5.93843],[-3.44704,5.93264],[-3.45222,5.91761],[-3.45616,5.91503],[-3.45566,5.90975],[-3.45089,5.90419],[-3.44213,5.90703],[-3.42549,5.89605],[-3.41357,5.89803],[-3.39501,5.8907],[-3.36601,5.89276],[-3.32101,5.9046],[-3.31108,5.91806],[-3.30137,5.92138],[-3.29365,5.93003],[-3.27744,5.92635],[-3.26542,5.93185],[-3.26466,5.9359],[-3.25492,5.93627],[-3.2535,5.94219],[-3.24818,5.94581],[-3.25371,5.94994],[-3.25592,5.95821],[-3.26041,5.95497],[-3.26605,5.95882],[-3.26693,5.96142],[-3.2607,5.96461],[-3.26763,5.96726],[-3.27497,5.97932],[-3.25823,5.98706],[-3.25582,5.99313],[-3.25046,5.98964],[-3.24468,6.00722],[-3.23906,6.00602],[-3.23597,6.01634],[-3.23179,6.01845],[-3.23472,6.03886],[-3.22955,6.04368],[-3.2256,6.05456],[-3.22762,6.09278],[-3.21404,6.11331],[-3.20715,6.14098],[-3.20092,6.14486],[-3.19712,6.15325],[-3.20653,6.17929],[-3.19807,6.207],[-3.19142,6.21062],[-3.1834,6.22186],[-3.18447,6.23807],[-3.1761,6.24681],[-3.17322,6.29361],[-3.20581,6.39745],[-3.24205,6.54146],[-3.23846,6.59756],[-3.25764,6.60732],[-3.26073,6.61181],[-3.25223,6.64777],[-3.24391,6.65863],[-3.23415,6.66478],[-3.23451,6.67383],[-3.22981,6.68179],[-3.22801,6.69555],[-3.22005,6.70315],[-3.20848,6.72849],[-3.21608,6.74223],[-3.20957,6.75056],[-3.23347,6.77126],[-3.23458,6.82047],[-3.09562,7.0485],[-3.07993,7.05667],[-3.11459,7.09515],[-3.13409,7.12431],[-3.15679,7.14678],[-3.18631,7.16883],[-3.19596,7.16707],[-3.20425,7.17458],[-3.20127,7.18004],[-3.20368,7.18473],[-3.21534,7.18666],[-3.22312,7.18354],[-3.22232,7.21205],[-3.23866,7.22602],[-3.24696,7.2425],[-3.25178,7.31092],[-3.24942,7.32036],[-3.25498,7.32536],[-3.28575,7.33203],[-3.30046,7.33169],[-3.31409,7.32727],[-3.31396,7.32026],[-3.29908,7.30597],[-3.29831,7.28525],[-3.30219,7.2824],[-3.31972,7.28327],[-3.32709,7.27456],[-3.33631,7.27564],[-3.34484,7.27274],[-3.34775,7.26646],[-3.35606,7.2646],[-3.37897,7.2498],[-3.40321,7.29307],[-3.4297,7.30582],[-3.43399,7.32494],[-3.44176,7.32907],[-3.43893,7.33756],[-3.44446,7.34193],[-3.45023,7.3366],[-3.45394,7.33853],[-3.45486,7.35118],[-3.46203,7.35236],[-3.45788,7.34569],[-3.46331,7.34155],[-3.46597,7.34271],[-3.46698,7.35328],[-3.47223,7.34368],[-3.47976,7.35655],[-3.48253,7.35294],[-3.48148,7.3434],[-3.49603,7.34811],[-3.50078,7.35441],[-3.51523,7.35367]]]}},{"type":"Feature","properties":{"id":"CIV:ADM2:98640826B88194950838049","name":"Me","countryCode":"CIV","adminLevel":2,"sourceCode":"98640826B88194950838049","parentId":"CIV:ADM1:CIV-3451"},"geometry":{"type":"Polygon","coordinates":[[[-3.80764,5.3813],[-3.81716,5.38097],[-3.82236,5.37687],[-3.82202,5.37068],[-3.81655,5.36666],[-3.82929,5.37301],[-3.82853,5.38187],[-3.83366,5.3872],[-3.83218,5.39084],[-3.82906,5.39062],[-3.82989,5.39897],[-3.82221,5.40659],[-3.82234,5.41462],[-3.81711,5.41611],[-3.82063,5.42147],[-3.81554,5.42461],[-3.81976,5.42695],[-3.81822,5.43225],[-3.82405,5.43362],[-3.82726,5.42989],[-3.8283,5.43948],[-3.8348,5.43866],[-3.83804,5.45443],[-3.83142,5.45667],[-3.82888,5.46346],[-3.83649,5.47179],[-3.83191,5.47471],[-3.83671,5.48506],[-3.84407,5.48475],[-3.84251,5.48716],[-3.84639,5.48868],[-3.84429,5.49418],[-3.84807,5.49749],[-3.84769,5.5032],[-3.85362,5.50548],[-3.85295,5.50909],[-3.86335,5.50283],[-3.86783,5.50621],[-3.87484,5.50118],[-3.87775,5.51906],[-3.8843,5.52033],[-3.89889,5.54702],[-3.90947,5.55508],[-3.91159,5.55365],[-3.91477,5.56144],[-3.91961,5.55827],[-3.92832,5.56078],[-3.9301,5.56635],[-3.92747,5.57174],[-3.94007,5.58907],[-3.94411,5.5959],[-3.93625,5.61192],[-3.94252,5.62489],[-3.94011,5.63289],[-3.93159,5.63227],[-3.93572,5.63325],[-3.93327,5.63692],[-3.94195,5.66455],[-3.94822,5.6665],[-3.93993,5.67268],[-3.94528,5.68015],[-3.93735,5.68695],[-3.93697,5.70217],[-3.93167,5.70744],[-3.9369,5.71184],[-3.93914,5.71947],[-3.94518,5.7189],[-3.95515,5.72945],[-3.95589,5.73587],[-3.94997,5.73762],[-3.95058,5.7465],[-3.95413,5.74469],[-3.95781,5.74867],[-3.96906,5.75136],[-3.97485,5.74255],[-3.9862,5.74333],[-3.99328,5.75806],[-3.99123,5.77648],[-4.00063,5.78757],[-4.00236,5.80308],[-4.00598,5.7996],[-4.02182,5.80517],[-4.03199,5.81477],[-4.03988,5.81209],[-4.05078,5.81732],[-4.06075,5.82457],[-4.06451,5.83896],[-4.07924,5.8527],[-4.0841,5.86148],[-4.08025,5.8759],[-4.06374,5.9086],[-4.06791,5.92538],[-4.0829,5.93751],[-4.07957,5.95018],[-4.06238,5.9732],[-4.06009,5.98686],[-4.04056,5.99678],[-4.01863,6.01878],[-4.00809,6.03747],[-4.00097,6.0645],[-4.02786,6.19452],[-4.11543,6.26119],[-4.1624,6.33543],[-4.13865,6.47187],[-4.0918,6.49303],[-4.0797,6.4815],[-4.06055,6.50407],[-4.02516,6.52164],[-3.98493,6.55351],[-3.9759,6.55707],[-3.95695,6.53983],[-3.94293,6.54022],[-3.90198,6.55325],[-3.88114,6.53396],[-3.8692,6.53617],[-3.84891,6.5336],[-3.84028,6.54833],[-3.8348,6.55217],[-3.82902,6.56938],[-3.82103,6.57649],[-3.79877,6.58445],[-3.78521,6.60405],[-3.77253,6.61092],[-3.77197,6.61599],[-3.76158,6.62892],[-3.75346,6.62653],[-3.74192,6.62966],[-3.73409,6.62447],[-3.72646,6.62426],[-3.70445,6.64301],[-3.69538,6.64369],[-3.68683,6.64096],[-3.68227,6.63261],[-3.68447,6.62173],[-3.69538,6.60965],[-3.6954,6.6033],[-3.69159,6.60021],[-3.69374,6.58605],[-3.68848,6.5807],[-3.67901,6.58034],[-3.6648,6.56932],[-3.66836,6.54896],[-3.66702,6.53972],[-3.65356,6.53107],[-3.65361,6.51805],[-3.64787,6.50757],[-3.64238,6.48488],[-3.65367,6.46138],[-3.65078,6.44465],[-3.63662,6.44072],[-3.62715,6.45252],[-3.61644,6.44463],[-3.61281,6.43918],[-3.61004,6.41196],[-3.59726,6.39928],[-3.59117,6.38662],[-3.58779,6.38759],[-3.58491,6.39613],[-3.57883,6.39924],[-3.5672,6.39402],[-3.54931,6.3781],[-3.54187,6.38392],[-3.5469,6.39205],[-3.54585,6.39583],[-3.53815,6.39958],[-3.53223,6.39749],[-3.51191,6.37882],[-3.51433,6.37539],[-3.51265,6.36713],[-3.51807,6.35472],[-3.51383,6.34986],[-3.50711,6.35204],[-3.50558,6.34877],[-3.509,6.32784],[-3.50141,6.32147],[-3.50232,6.31829],[-3.47832,6.29763],[-3.47365,6.26215],[-3.45209,6.24932],[-3.44924,6.24238],[-3.45035,6.23777],[-3.45752,6.23672],[-3.47206,6.24566],[-3.48066,6.2444],[-3.48803,6.23252],[-3.4871,6.21813],[-3.46479,6.19674],[-3.46499,6.17972],[-3.46106,6.17369],[-3.45087,6.17225],[-3.44446,6.17631],[-3.44473,6.18104],[-3.45303,6.18861],[-3.45241,6.19537],[-3.43201,6.1976],[-3.42252,6.18394],[-3.41479,6.15993],[-3.40205,6.14603],[-3.40134,6.13491],[-3.41362,6.13599],[-3.41746,6.12713],[-3.41474,6.11365],[-3.40226,6.10176],[-3.40061,6.09571],[-3.40371,6.09226],[-3.42613,6.08716],[-3.43113,6.07021],[-3.42662,6.06286],[-3.41822,6.06692],[-3.41242,6.06478],[-3.41286,6.05855],[-3.42141,6.04922],[-3.41005,6.04017],[-3.40556,6.02536],[-3.39678,6.01332],[-3.40783,6.00723],[-3.40599,5.99505],[-3.41055,5.97676],[-3.43148,5.97336],[-3.44296,5.96488],[-3.43713,5.9478],[-3.43723,5.93843],[-3.44704,5.93264],[-3.45222,5.91761],[-3.45616,5.91503],[-3.45566,5.90975],[-3.45089,5.90419],[-3.44213,5.90703],[-3.42549,5.89605],[-3.41357,5.89803],[-3.39501,5.8907],[-3.36601,5.89276],[-3.32101,5.9046],[-3.32299,5.88813],[-3.34741,5.8686],[-3.35446,5.86691],[-3.37556,5.87397],[-3.38498,5.87024],[-3.39606,5.84905],[-3.3965,5.81339],[-3.40199,5.79595],[-3.4076,5.79526],[-3.41607,5.80014],[-3.42134,5.79837],[-3.43146,5.80408],[-3.43585,5.7958],[-3.43354,5.79048],[-3.42754,5.78813],[-3.42682,5.78173],[-3.43613,5.77562],[-3.4383,5.76022],[-3.42471,5.74856],[-3.41874,5.7493],[-3.39507,5.74049],[-3.37897,5.73802],[-3.37249,5.74096],[-3.37094,5.73389],[-3.29934,5.72493],[-3.32224,5.65922],[-3.32911,5.6607],[-3.33813,5.65303],[-3.33189,5.63686],[-3.35438,5.65122],[-3.36527,5.64829],[-3.37801,5.65072],[-3.39693,5.63637],[-3.41611,5.63037],[-3.41821,5.62549],[-3.416,5.62128],[-3.42485,5.60076],[-3.43999,5.60177],[-3.45079,5.59863],[-3.46515,5.58477],[-3.49254,5.58612],[-3.49154,5.57974],[-3.48463,5.5707],[-3.52416,5.54512],[-3.57276,5.5411],[-3.57791,5.49591],[-3.57522,5.45215],[-3.58306,5.4237],[-3.58168,5.40505],[-3.58826,5.38653],[-3.58533,5.37123],[-3.5931,5.35055],[-3.58904,5.34271],[-3.60592,5.32948],[-3.60884,5.31345],[-3.61391,5.30452],[-3.61907,5.30449],[-3.62515,5.29758],[-3.6222,5.27669],[-3.61561,5.26636],[-3.63549,5.25073],[-3.65118,5.26002],[-3.66443,5.26074],[-3.67142,5.25491],[-3.67669,5.23912],[-3.68982,5.2304],[-3.70711,5.2367],[-3.71542,5.2308],[-3.72241,5.24699],[-3.72718,5.25051],[-3.727,5.26875],[-3.71569,5.28229],[-3.7191,5.28707],[-3.71733,5.30084],[-3.7421,5.31126],[-3.74598,5.3225],[-3.74606,5.32793],[-3.74955,5.33286],[-3.75333,5.34382],[-3.75552,5.35834],[-3.7589,5.3662],[-3.76724,5.37153],[-3.77434,5.37235],[-3.77919,5.37436],[-3.78339,5.37088],[-3.78868,5.36895],[-3.80764,5.3813]]]}},{"type":"Feature","properties":{"id":"CIV:ADM2:98640826B90856530326373","name":"Bounkani","countryCode":"CIV","adminLevel":2,"sourceCode":"98640826B90856530326373","parentId":"CIV:ADM1:CIV-3449"},"geometry":{"type":"Polygon","coordinates":[[[-2.62638,8.78581],[-2.62852,8.79112],[-2.62648,8.80289],[-2.59946,8.81825],[-2.59633,8.8253],[-2.62139,8.87215],[-2.61753,8.91676],[-2.62729,8.92788],[-2.64595,8.93573],[-2.65198,8.9436],[-2.65768,8.97795],[-2.65614,8.99899],[-2.65941,9.00861],[-2.67025,9.01755],[-2.7183,9.02904],[-2.75714,9.03052],[-2.77242,9.04052],[-2.78192,9.05652],[-2.78071,9.06248],[-2.76919,9.07375],[-2.76229,9.08864],[-2.76747,9.11894],[-2.77615,9.13342],[-2.77495,9.14129],[-2.76526,9.1484],[-2.74472,9.15166],[-2.73398,9.15723],[-2.72215,9.17633],[-2.71519,9.20425],[-2.69328,9.22602],[-2.66728,9.23709],[-2.65946,9.24966],[-2.662,9.25917],[-2.68009,9.27954],[-2.70557,9.28348],[-2.71638,9.29266],[-2.72151,9.30181],[-2.72432,9.32003],[-2.7209,9.33132],[-2.70347,9.33897],[-2.69968,9.34799],[-2.68113,9.35996],[-2.67485,9.37916],[-2.67771,9.40577],[-2.68739,9.42141],[-2.68994,9.43316],[-2.68342,9.48821],[-2.75809,9.40822],[-2.78832,9.41982],[-2.81563,9.44516],[-2.82729,9.45204],[-2.93548,9.5798],[-2.94568,9.62286],[-2.96682,9.65181],[-3.00073,9.73937],[-3.00985,9.74082],[-3.0372,9.7343],[-3.04668,9.72417],[-3.05653,9.72526],[-3.08863,9.7712],[-3.08864,9.80811],[-3.09156,9.81281],[-3.13863,9.84861],[-3.14519,9.85042],[-3.15103,9.85005],[-3.17437,9.83376],[-3.18203,9.83484],[-3.1886,9.88105],[-3.18614,9.90364],[-3.18768,9.93763],[-3.19688,9.93251],[-3.21596,9.90158],[-3.2307,9.89368],[-3.2434,9.87539],[-3.26064,9.86226],[-3.26866,9.84633],[-3.28114,9.85576],[-3.3112,9.87021],[-3.30649,9.90603],[-3.30978,9.90965],[-3.32546,9.90456],[-3.34699,9.9049],[-3.36122,9.90742],[-3.37583,9.92296],[-3.38715,9.92657],[-3.40795,9.92944],[-3.41634,9.92798],[-3.42837,9.92001],[-3.46707,9.93624],[-3.48494,9.93187],[-3.53055,9.93252],[-3.56012,9.93826],[-3.59332,9.93785],[-3.61343,9.95807],[-3.62729,9.95804],[-3.65461,9.9323],[-3.66956,9.9283],[-3.70607,9.93582],[-3.77172,9.92627],[-3.77719,9.92372],[-3.79792,9.89618],[-3.81727,9.90445],[-3.82966,9.89936],[-3.89207,9.90571],[-3.90733,9.88261],[-3.91746,9.88162],[-3.9298,9.87514],[-3.95368,9.87749],[-3.96375,9.87074],[-3.97198,9.85011],[-3.97092,9.84428],[-3.96607,9.84079],[-3.96949,9.83384],[-3.9749,9.8307],[-3.98767,9.83017],[-3.99448,9.83418],[-4.0214,9.83614],[-4.03705,9.81474],[-4.04557,9.80815],[-4.09024,9.81866],[-4.12352,9.84677],[-4.13008,9.84567],[-4.14313,9.82138],[-4.16353,9.81299],[-4.1802,9.78327],[-4.1911,9.77383],[-4.24381,9.76402],[-4.25506,9.75297],[-4.26454,9.75536],[-4.26716,9.74357],[-4.27289,9.73559],[-4.26123,9.7342],[-4.25808,9.7295],[-4.26802,9.72292],[-4.26485,9.71291],[-4.27068,9.7025],[-4.26873,9.69264],[-4.27781,9.69259],[-4.28044,9.68975],[-4.2712,9.67926],[-4.28329,9.6693],[-4.28082,9.66376],[-4.28384,9.65435],[-4.28209,9.63776],[-4.29125,9.61916],[-4.30649,9.60094],[-4.30704,9.59485],[-4.29876,9.58994],[-4.27565,9.55694],[-4.26455,9.55267],[-4.25501,9.54151],[-4.24049,9.53634],[-4.23902,9.52379],[-4.24291,9.50218],[-4.2315,9.47786],[-4.19138,9.45106],[-4.1966,9.41491],[-4.19169,9.40578],[-4.18026,9.40329],[-4.17716,9.3994],[-4.1776,9.39205],[-4.18574,9.38176],[-4.18624,9.36432],[-4.20862,9.34628],[-4.1696,9.28783],[-4.17854,9.27791],[-4.19292,9.27022],[-4.19682,9.26082],[-4.19404,9.2518],[-4.18322,9.24525],[-4.16692,9.22857],[-4.16066,9.23114],[-4.15914,9.23642],[-4.14526,9.24862],[-4.12422,9.26223],[-4.09566,9.25572],[-4.08277,9.25897],[-4.07194,9.25656],[-4.06471,9.24308],[-4.05923,9.23903],[-4.04761,9.23778],[-4.02641,9.21142],[-4.01542,9.21649],[-4.01136,9.21542],[-4.0017,9.20993],[-4.00066,9.20365],[-3.9943,9.20219],[-3.98662,9.20661],[-3.9572,9.20557],[-3.95191,9.20063],[-3.94881,9.18681],[-3.93259,9.17009],[-3.90817,9.16862],[-3.89138,9.17448],[-3.88355,9.17236],[-3.90779,9.14298],[-3.90723,9.12701],[-3.90233,9.11125],[-3.8875,9.10575],[-3.87651,9.1068],[-3.86834,9.11062],[-3.86441,9.11897],[-3.84796,9.12098],[-3.84365,9.11479],[-3.84543,9.10754],[-3.84267,9.08623],[-3.84607,9.07839],[-3.85035,9.07683],[-3.85838,9.08449],[-3.86493,9.09705],[-3.87231,9.10101],[-3.87884,9.09922],[-3.88562,9.08963],[-3.88537,9.06616],[-3.89865,9.0612],[-3.9017,9.05712],[-3.8956,9.05132],[-3.88421,9.04816],[-3.87332,9.05075],[-3.85262,9.02648],[-3.83268,9.02547],[-3.81643,9.02003],[-3.7997,9.0083],[-3.79541,9.00074],[-3.79464,8.99801],[-3.80008,8.99257],[-3.81765,8.98521],[-3.82818,8.97585],[-3.84293,8.97466],[-3.86136,8.95298],[-3.8817,8.96009],[-3.90433,8.95112],[-3.89281,8.92584],[-3.86409,8.91538],[-3.85707,8.90271],[-3.85464,8.88346],[-3.83786,8.87655],[-3.82744,8.86161],[-3.82391,8.83267],[-3.80594,8.82504],[-3.81077,8.78283],[-3.86287,8.72975],[-3.87263,8.69891],[-3.86514,8.6977],[-3.86281,8.69371],[-3.88934,8.6942],[-3.89766,8.69188],[-3.90755,8.68325],[-3.91436,8.6813],[-3.92981,8.6836],[-3.93777,8.67652],[-3.9432,8.66211],[-3.94504,8.62877],[-3.91764,8.60566],[-3.89995,8.57642],[-3.91719,8.5691],[-3.94179,8.54908],[-3.97564,8.54204],[-3.98175,8.53623],[-3.9846,8.52534],[-3.9823,8.51442],[-3.94849,8.50533],[-3.92663,8.4922],[-3.9261,8.47891],[-3.93539,8.46723],[-3.93621,8.45035],[-3.94746,8.44554],[-3.93433,8.42478],[-3.92327,8.41426],[-3.90334,8.40348],[-3.88203,8.39967],[-3.87461,8.3733],[-3.86822,8.36598],[-3.84847,8.35558],[-3.83425,8.35402],[-3.83353,8.33342],[-3.82151,8.32773],[-3.82684,8.29062],[-3.82332,8.27412],[-3.81772,8.27787],[-3.79443,8.2778],[-3.78589,8.28455],[-3.71477,8.27087],[-3.70128,8.28159],[-3.69601,8.29808],[-3.67257,8.32157],[-3.66339,8.32357],[-3.64885,8.32081],[-3.63067,8.30109],[-3.62933,8.29577],[-3.61847,8.29481],[-3.61526,8.29179],[-3.61146,8.27536],[-3.60553,8.2733],[-3.60327,8.2652],[-3.59298,8.25531],[-3.5974,8.24121],[-3.59201,8.23458],[-3.59342,8.22313],[-3.58005,8.20135],[-3.56986,8.19793],[-3.55854,8.20507],[-3.55598,8.21074],[-3.55773,8.21752],[-3.55069,8.22174],[-3.54267,8.22289],[-3.53103,8.23026],[-3.52055,8.2304],[-3.4913,8.24265],[-3.48608,8.24777],[-3.46105,8.25027],[-3.44653,8.26174],[-3.43499,8.26075],[-3.41935,8.2883],[-3.4069,8.30005],[-3.37805,8.30234],[-3.36333,8.30043],[-3.34486,8.30632],[-3.33802,8.32972],[-3.33976,8.34085],[-3.33315,8.37086],[-3.3122,8.39032],[-3.30494,8.41419],[-3.30935,8.43749],[-3.31744,8.44339],[-3.32119,8.45335],[-3.30499,8.45439],[-3.29175,8.46129],[-3.28085,8.47971],[-3.27268,8.48459],[-3.25849,8.49067],[-3.24979,8.49067],[-3.23738,8.50125],[-3.21669,8.51045],[-3.19184,8.5164],[-3.18542,8.52382],[-3.18739,8.53846],[-3.16758,8.55558],[-3.13851,8.55349],[-3.12053,8.54855],[-3.10898,8.54147],[-3.09267,8.54235],[-3.08317,8.534],[-3.07622,8.53449],[-3.04795,8.55156],[-3.03547,8.5643],[-3.04298,8.57943],[-3.04528,8.59885],[-3.04064,8.60806],[-3.04632,8.61422],[-3.04456,8.6305],[-3.03592,8.63309],[-3.01935,8.64785],[-2.99163,8.64768],[-2.97648,8.64249],[-2.93865,8.63954],[-2.78915,8.68489],[-2.71736,8.7264],[-2.62638,8.78581]]]}},{"type":"Feature","properties":{"id":"CIV:ADM2:98640826B94469137469464","name":"Gbeke","countryCode":"CIV","adminLevel":2,"sourceCode":"98640826B94469137469464","parentId":"CIV:ADM1:CIV-3450"},"geometry":{"type":"Polygon","coordinates":[[[-4.65962,7.53094],[-4.65384,7.54036],[-4.65902,7.54859],[-4.6555,7.55462],[-4.64715,7.56125],[-4.63556,7.56129],[-4.60669,7.57197],[-4.60656,7.57905],[-4.59852,7.58014],[-4.6001,7.58606],[-4.59668,7.58961],[-4.5957,7.59982],[-4.59092,7.60059],[-4.58431,7.60796],[-4.57911,7.60827],[-4.57084,7.61985],[-4.53817,7.61598],[-4.53402,7.61375],[-4.53081,7.60427],[-4.51681,7.60143],[-4.50791,7.60964],[-4.49912,7.61008],[-4.49464,7.61414],[-4.49549,7.65427],[-4.49874,7.66361],[-4.5073,7.67282],[-4.51351,7.7333],[-4.52139,7.75221],[-4.53658,7.7737],[-4.53882,7.78616],[-4.53461,7.79882],[-4.53689,7.8071],[-4.52877,7.82257],[-4.54164,7.81915],[-4.55392,7.82704],[-4.56379,7.82492],[-4.56642,7.81818],[-4.56922,7.81891],[-4.56826,7.83124],[-4.56316,7.84337],[-4.58466,7.85068],[-4.60475,7.86667],[-4.60806,7.87961],[-4.61275,7.87986],[-4.59635,7.95071],[-4.62907,7.97789],[-4.65972,8.0366],[-4.67272,8.04299],[-4.68772,8.04632],[-4.7187,8.04243],[-4.74367,8.03308],[-4.73812,8.02706],[-4.7419,8.01629],[-4.81797,8.00948],[-4.93459,7.96987],[-4.95585,7.98573],[-4.99681,7.99204],[-5.00425,7.98034],[-5.01243,7.98871],[-5.02154,7.98538],[-5.03358,7.98807],[-5.04813,7.97479],[-5.06494,7.96797],[-5.08209,7.97215],[-5.13128,7.96661],[-5.15118,7.94881],[-5.19554,7.99512],[-5.19798,8.02641],[-5.21998,8.03406],[-5.25449,8.05335],[-5.28387,8.05874],[-5.28802,8.06858],[-5.30955,8.092],[-5.32615,8.09574],[-5.34177,8.10474],[-5.34659,8.11094],[-5.35806,8.10477],[-5.36916,8.1043],[-5.37553,8.11963],[-5.39119,8.13567],[-5.38962,8.14081],[-5.39477,8.14844],[-5.40614,8.15683],[-5.39683,8.13658],[-5.40011,8.12263],[-5.39744,8.10508],[-5.40273,8.10186],[-5.40981,8.10104],[-5.42155,8.10864],[-5.42424,8.10274],[-5.44741,8.11582],[-5.45464,8.11569],[-5.45986,8.10603],[-5.47188,8.1069],[-5.47522,8.10885],[-5.47659,8.11729],[-5.483,8.12195],[-5.48869,8.11369],[-5.49457,8.11097],[-5.50876,8.11082],[-5.51152,8.12277],[-5.51486,8.12523],[-5.52544,8.12011],[-5.52601,8.11589],[-5.51827,8.10755],[-5.51971,8.09674],[-5.51528,8.08468],[-5.51993,8.07974],[-5.52581,8.08226],[-5.52805,8.08012],[-5.52528,8.07066],[-5.5278,8.06463],[-5.54236,8.06005],[-5.54717,8.04019],[-5.5596,8.04309],[-5.5545,8.03215],[-5.5655,8.03039],[-5.56919,8.02361],[-5.73148,8.02673],[-5.73654,8.02028],[-5.73851,7.98704],[-5.75246,7.97107],[-5.74866,7.95891],[-5.75121,7.93595],[-5.75805,7.93173],[-5.76408,7.92001],[-5.76318,7.91418],[-5.76952,7.89655],[-5.76629,7.87277],[-5.77205,7.84564],[-5.76107,7.81323],[-5.77102,7.80406],[-5.74755,7.77271],[-5.73825,7.75108],[-5.68772,7.70241],[-5.69344,7.66082],[-5.68837,7.63159],[-5.72249,7.61674],[-5.70285,7.60224],[-5.68801,7.57307],[-5.69635,7.54757],[-5.72588,7.5437],[-5.7225,7.53703],[-5.70914,7.52662],[-5.71287,7.52151],[-5.71278,7.51088],[-5.7351,7.49819],[-5.73375,7.4802],[-5.73811,7.47498],[-5.71843,7.4636],[-5.71614,7.45435],[-5.72605,7.41767],[-5.73448,7.40602],[-5.72956,7.38246],[-5.7229,7.36965],[-5.71043,7.3638],[-5.70189,7.36655],[-5.69268,7.36089],[-5.68977,7.35424],[-5.69834,7.33999],[-5.7221,7.32593],[-5.71756,7.31808],[-5.70183,7.30496],[-5.67394,7.29411],[-5.65536,7.27848],[-5.65242,7.27363],[-5.65474,7.25794],[-5.65086,7.24939],[-5.63556,7.26691],[-5.61277,7.26752],[-5.60716,7.27287],[-5.58301,7.27198],[-5.56813,7.28229],[-5.50093,7.29439],[-5.4792,7.30697],[-5.47104,7.30276],[-5.43711,7.30574],[-5.43252,7.29827],[-5.43465,7.28514],[-5.42829,7.27829],[-5.41406,7.2814],[-5.40676,7.2772],[-5.39349,7.24178],[-5.35225,7.23717],[-5.32241,7.24158],[-5.31248,7.23587],[-5.30468,7.23642],[-5.29825,7.22924],[-5.29232,7.22874],[-5.27363,7.25733],[-5.2471,7.2883],[-5.22627,7.2811],[-5.21013,7.29322],[-5.20548,7.31377],[-5.19015,7.33233],[-5.18134,7.33564],[-5.17202,7.34632],[-5.15962,7.34513],[-5.14673,7.34946],[-5.11944,7.36842],[-5.11292,7.39056],[-5.11483,7.40073],[-5.10329,7.40142],[-5.08453,7.4097],[-5.07332,7.40481],[-5.06431,7.40548],[-5.05347,7.41633],[-5.04841,7.4327],[-5.02534,7.45616],[-5.00064,7.47465],[-4.98874,7.46442],[-4.98718,7.47071],[-4.96707,7.49153],[-4.96173,7.49033],[-4.95306,7.48195],[-4.94275,7.48525],[-4.9345,7.48004],[-4.9256,7.48355],[-4.92663,7.51383],[-4.93,7.52315],[-4.90522,7.55596],[-4.89616,7.57432],[-4.88721,7.57532],[-4.88425,7.60995],[-4.87561,7.60524],[-4.85931,7.60317],[-4.85433,7.58756],[-4.84106,7.5729],[-4.82963,7.56578],[-4.81912,7.57148],[-4.79076,7.56418],[-4.77641,7.58022],[-4.75621,7.55797],[-4.74521,7.55152],[-4.73789,7.53017],[-4.72899,7.52533],[-4.72409,7.53132],[-4.68551,7.51745],[-4.65962,7.53094]]]}},{"type":"Feature","properties":{"id":"CIV:ADM2:98640826B98350089255378","name":"Tonkpi","countryCode":"CIV","adminLevel":2,"sourceCode":"98640826B98350089255378","parentId":"CIV:ADM1:CIV-3441"},"geometry":{"type":"Polygon","coordinates":[[[-7.93306,8.01776],[-7.93248,8.01331],[-7.9395,8.00908],[-7.96068,8.02027],[-7.973,8.01412],[-7.97745,8.01825],[-7.97441,8.03144],[-7.98548,8.04042],[-7.99372,8.04055],[-8.01262,8.03046],[-8.03086,8.03512],[-8.03732,8.04017],[-8.0512,8.03275],[-8.05465,8.02317],[-8.06336,8.01795],[-8.07084,7.99933],[-8.08355,7.9979],[-8.08793,7.9786],[-8.09683,7.96731],[-8.09659,7.94787],[-8.11738,7.90436],[-8.11942,7.89388],[-8.13045,7.88004],[-8.13238,7.8602],[-8.12422,7.84299],[-8.12707,7.84007],[-8.12406,7.83074],[-8.10674,7.83239],[-8.11346,7.82042],[-8.09435,7.79469],[-8.10252,7.7827],[-8.10214,7.76128],[-8.11764,7.71862],[-8.13401,7.69788],[-8.14958,7.67066],[-8.14188,7.66102],[-8.14934,7.65084],[-8.15369,7.65151],[-8.16908,7.63979],[-8.17425,7.61918],[-8.18347,7.60538],[-8.17371,7.57414],[-8.18037,7.55748],[-8.20154,7.54641],[-8.21364,7.53077],[-8.22387,7.54074],[-8.26756,7.57013],[-8.30495,7.58625],[-8.30915,7.6053],[-8.32859,7.60037],[-8.33888,7.58511],[-8.34643,7.58286],[-8.35832,7.58055],[-8.38183,7.58386],[-8.37924,7.60803],[-8.39011,7.61114],[-8.39023,7.6234],[-8.395,7.62657],[-8.40039,7.62434],[-8.42632,7.59015],[-8.46983,7.54817],[-8.47092,7.5408],[-8.45229,7.52302],[-8.43723,7.53113],[-8.42706,7.52658],[-8.4253,7.50102],[-8.41763,7.49319],[-8.41974,7.4892],[-8.41198,7.47416],[-8.41295,7.4655],[-8.4084,7.4479],[-8.41042,7.43599],[-8.41722,7.43122],[-8.41638,7.4215],[-8.4025,7.40762],[-8.39793,7.38822],[-8.40206,7.37196],[-8.39643,7.32447],[-8.36449,7.27873],[-8.3666,7.27366],[-8.35973,7.27266],[-8.35606,7.26694],[-8.35776,7.25863],[-8.36841,7.24409],[-8.36404,7.24018],[-8.36472,7.23657],[-8.34947,7.22846],[-8.3465,7.22165],[-8.34144,7.22135],[-8.33665,7.21239],[-8.33617,7.20267],[-8.32856,7.19916],[-8.3174,7.20109],[-8.31152,7.19251],[-8.2926,7.17867],[-8.28615,7.18271],[-8.28284,7.17662],[-8.28219,7.15141],[-8.29475,7.14586],[-8.30292,7.13531],[-8.29592,7.12242],[-8.30396,7.10034],[-8.30208,7.09352],[-8.30706,7.08734],[-8.2942,7.03523],[-8.29017,7.02951],[-8.29444,7.02406],[-8.29185,7.01832],[-8.28211,7.01807],[-8.28237,7.00978],[-8.27615,7.00192],[-8.27717,6.99614],[-8.28397,6.99138],[-8.2889,6.98124],[-8.29964,6.97391],[-8.3237,6.96499],[-8.31637,6.92291],[-8.30753,6.90607],[-8.30857,6.90174],[-8.32584,6.89866],[-8.32609,6.88857],[-8.33287,6.88237],[-8.33315,6.87588],[-8.32584,6.86659],[-8.32316,6.85257],[-8.31844,6.84938],[-8.31449,6.85122],[-8.30993,6.8628],[-8.31011,6.84622],[-8.32936,6.82691],[-8.32858,6.82152],[-8.32055,6.8126],[-8.32196,6.80934],[-8.32916,6.8089],[-8.33013,6.79808],[-8.34626,6.78997],[-8.34265,6.75722],[-8.34553,6.75683],[-8.34812,6.76257],[-8.36034,6.75955],[-8.36388,6.75446],[-8.35841,6.7484],[-8.36054,6.74513],[-8.36517,6.7404],[-8.3699,6.74395],[-8.37414,6.73633],[-8.38486,6.72865],[-8.38084,6.72329],[-8.38114,6.71752],[-8.39095,6.72534],[-8.39121,6.71597],[-8.40519,6.70969],[-8.41012,6.69883],[-8.40528,6.68519],[-8.4074,6.68084],[-8.41277,6.67826],[-8.4188,6.66883],[-8.42027,6.67205],[-8.42568,6.67235],[-8.42914,6.65898],[-8.43273,6.65822],[-8.43576,6.66313],[-8.43745,6.65684],[-8.32135,6.58187],[-8.30901,6.58957],[-8.30354,6.60215],[-8.29147,6.6036],[-8.28796,6.59643],[-8.28537,6.59671],[-8.28251,6.60904],[-8.2704,6.61632],[-8.26679,6.62528],[-8.2507,6.61876],[-8.24638,6.62039],[-8.24346,6.62766],[-8.24777,6.63834],[-8.24369,6.64304],[-8.25035,6.6399],[-8.25205,6.64436],[-8.23759,6.65099],[-8.24084,6.66003],[-8.2508,6.6665],[-8.25208,6.6706],[-8.2453,6.6726],[-8.23959,6.66382],[-8.23523,6.66427],[-8.23535,6.67372],[-8.22108,6.67248],[-8.21983,6.68096],[-8.21383,6.67896],[-8.21995,6.68255],[-8.22042,6.68865],[-8.23171,6.69513],[-8.23011,6.69969],[-8.21696,6.7058],[-8.221,6.71225],[-8.21957,6.71486],[-8.2122,6.71305],[-8.21075,6.71536],[-8.21183,6.72791],[-8.19897,6.72778],[-8.19444,6.72422],[-8.1893,6.71519],[-8.19708,6.70807],[-8.1931,6.70498],[-8.17831,6.70775],[-8.1738,6.71631],[-8.16111,6.71792],[-8.15943,6.72029],[-8.16631,6.72124],[-8.15931,6.72521],[-8.15751,6.73241],[-8.16335,6.73505],[-8.16316,6.74549],[-8.15885,6.75113],[-8.1653,6.7615],[-8.16026,6.76575],[-8.15079,6.76138],[-8.14123,6.77014],[-8.14437,6.77379],[-8.13215,6.78668],[-8.12799,6.78675],[-8.1235,6.78087],[-8.11893,6.7912],[-8.11215,6.79062],[-8.11333,6.80075],[-8.10482,6.79551],[-8.09855,6.80809],[-8.0897,6.80209],[-8.0829,6.80885],[-8.08901,6.80552],[-8.09287,6.80775],[-8.08683,6.81111],[-8.08585,6.81598],[-8.09015,6.81831],[-8.08739,6.82136],[-8.10025,6.82931],[-8.09952,6.83164],[-8.09593,6.83051],[-8.09403,6.83533],[-8.09388,6.84002],[-8.09876,6.84483],[-8.1026,6.83206],[-8.1091,6.83366],[-8.11015,6.83864],[-8.10633,6.83942],[-8.10831,6.85282],[-8.10131,6.85497],[-8.0941,6.86287],[-8.08823,6.85908],[-8.0857,6.86277],[-8.09461,6.86516],[-8.09546,6.87647],[-8.09171,6.87802],[-8.09048,6.8736],[-8.08479,6.87632],[-8.09708,6.88178],[-8.0976,6.88875],[-8.1001,6.88567],[-8.10306,6.88868],[-8.10176,6.89299],[-8.09491,6.89283],[-8.08465,6.8993],[-8.07716,6.89247],[-8.07978,6.90261],[-8.07353,6.90786],[-8.07214,6.91918],[-8.06653,6.92236],[-8.0607,6.91964],[-8.0631,6.91041],[-8.06075,6.91057],[-8.05386,6.91959],[-8.042,6.92319],[-8.04573,6.9285],[-8.03338,6.93104],[-8.03276,6.93885],[-8.02496,6.93925],[-8.01285,6.94816],[-8.01887,6.95217],[-8.01537,6.96022],[-8.01343,6.96163],[-8.00873,6.95551],[-8.00755,6.96306],[-7.99647,6.96271],[-7.99768,6.96973],[-7.99112,6.97318],[-7.99618,6.9763],[-7.98904,6.98179],[-7.98952,6.98736],[-7.98523,6.98993],[-7.98654,6.99613],[-7.98153,7.00046],[-7.98057,7.00714],[-7.96942,7.01808],[-7.96581,7.02778],[-7.94485,7.03857],[-7.94374,7.04359],[-7.92508,7.06023],[-7.92429,7.0724],[-7.91038,7.07605],[-7.90212,7.09694],[-7.88801,7.09178],[-7.82168,7.04981],[-7.78068,7.03586],[-7.74721,7.00987],[-7.72722,7.00751],[-7.72061,7.04693],[-7.70654,7.0598],[-7.69859,7.0729],[-7.68643,7.07978],[-7.66555,7.06663],[-7.6405,7.06848],[-7.64063,7.06403],[-7.62589,7.05224],[-7.62037,7.05318],[-7.60995,7.04545],[-7.60377,7.05174],[-7.59303,7.0474],[-7.5869,7.04122],[-7.5901,7.04012],[-7.58864,7.03463],[-7.5789,7.04391],[-7.57135,7.04587],[-7.57676,7.05141],[-7.57666,7.05646],[-7.56423,7.05356],[-7.51202,7.05791],[-7.50689,7.06995],[-7.52836,7.10932],[-7.51712,7.11726],[-7.5082,7.12857],[-7.50223,7.1295],[-7.5002,7.13557],[-7.49508,7.13648],[-7.48919,7.14681],[-7.48359,7.14776],[-7.48747,7.15277],[-7.48566,7.15785],[-7.47815,7.16169],[-7.47827,7.16461],[-7.48227,7.16539],[-7.48075,7.16911],[-7.47384,7.16828],[-7.47097,7.16374],[-7.46558,7.17052],[-7.47421,7.17851],[-7.47231,7.18487],[-7.4764,7.18878],[-7.4768,7.19462],[-7.483,7.19252],[-7.48792,7.19857],[-7.48267,7.20518],[-7.48641,7.20477],[-7.48817,7.2168],[-7.4953,7.21954],[-7.49319,7.22869],[-7.49798,7.23725],[-7.49638,7.24252],[-7.4988,7.24602],[-7.50383,7.24303],[-7.51453,7.24688],[-7.51779,7.26327],[-7.51568,7.26836],[-7.52036,7.26672],[-7.5232,7.273],[-7.51541,7.27782],[-7.51328,7.29247],[-7.5047,7.30645],[-7.50253,7.31641],[-7.50709,7.32861],[-7.50031,7.33383],[-7.49098,7.32955],[-7.48265,7.34521],[-7.48659,7.35846],[-7.48157,7.3843],[-7.46128,7.39542],[-7.45668,7.40654],[-7.45787,7.41123],[-7.44667,7.41985],[-7.42921,7.42243],[-7.4218,7.43709],[-7.41103,7.43999],[-7.40593,7.43795],[-7.38989,7.45022],[-7.37871,7.4518],[-7.38182,7.45432],[-7.37151,7.46978],[-7.36074,7.47097],[-7.34961,7.47782],[-7.34453,7.47624],[-7.33968,7.48655],[-7.30258,7.49068],[-7.29515,7.49652],[-7.29328,7.50284],[-7.28083,7.50798],[-7.28273,7.52733],[-7.28741,7.53502],[-7.28717,7.54084],[-7.29041,7.5423],[-7.28616,7.55043],[-7.29003,7.55709],[-7.27995,7.57298],[-7.27859,7.58627],[-7.24792,7.62393],[-7.24518,7.64812],[-7.23435,7.65206],[-7.22849,7.66373],[-7.1888,7.66245],[-7.17611,7.67472],[-7.16683,7.69985],[-7.14946,7.723],[-7.12609,7.72563],[-7.09755,7.71473],[-7.07861,7.71857],[-7.07617,7.72997],[-7.08101,7.75891],[-7.07909,7.76628],[-7.08217,7.8055],[-7.07709,7.81362],[-7.07596,7.84546],[-7.08359,7.85526],[-7.11717,7.85581],[-7.11974,7.86875],[-7.11779,7.87901],[-7.10335,7.88422],[-7.09952,7.90672],[-7.07832,7.91905],[-7.0726,7.9259],[-7.0687,7.94304],[-7.07708,7.96029],[-7.06871,7.98799],[-7.11901,7.97811],[-7.24939,7.97736],[-7.25298,7.98249],[-7.25148,7.98692],[-7.25688,7.99155],[-7.25809,8.01027],[-7.2705,8.0239],[-7.27299,8.03334],[-7.28751,8.04467],[-7.29688,8.06265],[-7.31287,8.06553],[-7.31528,8.06933],[-7.31989,8.06793],[-7.33478,8.08183],[-7.35004,8.08632],[-7.39243,8.11186],[-7.39978,8.11923],[-7.42749,8.12702],[-7.43273,8.13604],[-7.43652,8.15456],[-7.45721,8.15373],[-7.47453,8.14464],[-7.48868,8.12503],[-7.49178,8.10416],[-7.51816,8.07919],[-7.52226,8.07118],[-7.52203,8.05522],[-7.50922,8.03824],[-7.50895,8.0282],[-7.51567,8.01728],[-7.5132,8.00474],[-7.51853,7.99098],[-7.51797,7.96106],[-7.52434,7.9375],[-7.51316,7.93176],[-7.50697,7.92367],[-7.50849,7.91959],[-7.51788,7.9197],[-7.52578,7.91395],[-7.51614,7.9034],[-7.51748,7.89298],[-7.52465,7.88985],[-7.52175,7.88259],[-7.5282,7.87065],[-7.53137,7.86748],[-7.53932,7.86867],[-7.54411,7.86078],[-7.55354,7.87472],[-7.5527,7.86803],[-7.56051,7.86721],[-7.56647,7.86039],[-7.58143,7.86015],[-7.5865,7.86532],[-7.58474,7.87109],[-7.58928,7.87628],[-7.59306,7.86917],[-7.60878,7.87062],[-7.61497,7.864],[-7.61152,7.85245],[-7.62452,7.84923],[-7.6318,7.84119],[-7.6446,7.84584],[-7.652,7.84025],[-7.668,7.85537],[-7.67815,7.84654],[-7.68995,7.85511],[-7.68795,7.8662],[-7.70324,7.86452],[-7.70887,7.87652],[-7.70441,7.88059],[-7.70878,7.8872],[-7.72343,7.88205],[-7.72878,7.88473],[-7.73814,7.88246],[-7.7706,7.89008],[-7.77465,7.89746],[-7.78143,7.90079],[-7.78101,7.90722],[-7.78529,7.91236],[-7.79561,7.91754],[-7.80016,7.91421],[-7.80163,7.91748],[-7.79638,7.93361],[-7.80026,7.94106],[-7.80639,7.93848],[-7.81357,7.94108],[-7.8216,7.95455],[-7.83182,7.95354],[-7.8386,7.95962],[-7.84229,7.9546],[-7.84566,7.95572],[-7.84798,7.97097],[-7.8423,7.97666],[-7.84737,7.98575],[-7.85165,7.9865],[-7.84848,7.9975],[-7.85394,8.00049],[-7.85665,8.01837],[-7.87367,8.02076],[-7.87393,8.02355],[-7.88072,8.01975],[-7.88626,8.02323],[-7.88686,8.01326],[-7.90226,8.00603],[-7.90804,8.0111],[-7.91254,8.01088],[-7.91373,8.01533],[-7.92394,8.01156],[-7.93306,8.01776]]]}},{"type":"Feature","properties":{"id":"CIV:ADM2:98640826B99867209198649","name":"Marahoue","countryCode":"CIV","adminLevel":2,"sourceCode":"98640826B99867209198649","parentId":"CIV:ADM1:CIV-3444"},"geometry":{"type":"Polygon","coordinates":[[[-5.65086,7.24939],[-5.65474,7.25794],[-5.65242,7.27363],[-5.65536,7.27848],[-5.67394,7.29411],[-5.70183,7.30496],[-5.71756,7.31808],[-5.7221,7.32593],[-5.69834,7.33999],[-5.68977,7.35424],[-5.69268,7.36089],[-5.70189,7.36655],[-5.71043,7.3638],[-5.7229,7.36965],[-5.72956,7.38246],[-5.73448,7.40602],[-5.72605,7.41767],[-5.71614,7.45435],[-5.71843,7.4636],[-5.73811,7.47498],[-5.73375,7.4802],[-5.7351,7.49819],[-5.71278,7.51088],[-5.71287,7.52151],[-5.70938,7.52907],[-5.7225,7.53703],[-5.73115,7.55268],[-5.72987,7.56123],[-5.7349,7.5664],[-5.74046,7.58424],[-5.74671,7.59112],[-5.75673,7.58947],[-5.76632,7.59508],[-5.79798,7.63259],[-5.79827,7.63839],[-5.79092,7.64603],[-5.78276,7.66802],[-5.79413,7.69866],[-5.79466,7.74176],[-5.80699,7.75149],[-5.83574,7.75284],[-5.85099,7.73769],[-5.85719,7.73569],[-5.95229,7.72946],[-5.98061,7.75414],[-5.99765,7.7468],[-6.02082,7.75351],[-6.03496,7.74898],[-6.05126,7.71843],[-6.04867,7.71144],[-6.05166,7.7109],[-6.05522,7.71864],[-6.0608,7.71592],[-6.0638,7.69939],[-6.05513,7.68744],[-6.05911,7.6854],[-6.05906,7.67902],[-6.06625,7.67341],[-6.06701,7.66687],[-6.0742,7.65636],[-6.10505,7.63627],[-6.11009,7.63617],[-6.32905,7.51375],[-6.33743,7.4538],[-6.34839,7.44013],[-6.44172,7.2471],[-6.44175,7.23962],[-6.36194,7.24947],[-6.35061,7.24181],[-6.27896,7.23057],[-6.2106,7.23131],[-6.20997,7.26813],[-6.1813,7.26785],[-6.13849,7.29314],[-6.12163,7.27371],[-6.10985,7.26814],[-6.11923,7.26074],[-6.11943,7.25516],[-6.10927,7.24136],[-6.0894,7.22972],[-6.07358,7.22475],[-6.06963,7.21854],[-6.0597,7.21765],[-6.05073,7.21068],[-6.00536,7.19702],[-5.98854,7.18749],[-5.98114,7.18783],[-5.93561,7.16965],[-5.9998,7.16133],[-6.00214,7.12536],[-6.18371,7.01261],[-6.20204,6.99295],[-6.21377,6.89501],[-6.1828,6.81923],[-6.17745,6.74305],[-6.12823,6.67939],[-6.11565,6.65662],[-6.1197,6.63642],[-6.10346,6.6225],[-6.1056,6.57021],[-6.03784,6.52793],[-5.92409,6.52506],[-5.7507,6.50066],[-5.74854,6.50715],[-5.73915,6.50996],[-5.7337,6.51767],[-5.72835,6.54397],[-5.72161,6.55191],[-5.70908,6.55863],[-5.69351,6.55054],[-5.69151,6.53591],[-5.68342,6.53132],[-5.67678,6.53226],[-5.67155,6.52577],[-5.65276,6.53572],[-5.637,6.53175],[-5.63671,6.54198],[-5.62742,6.54328],[-5.61638,6.55045],[-5.59475,6.55283],[-5.57576,6.55968],[-5.57393,6.56605],[-5.58437,6.58054],[-5.5803,6.58774],[-5.56994,6.58369],[-5.54475,6.60016],[-5.52777,6.59462],[-5.52325,6.596],[-5.52253,6.60254],[-5.51567,6.6057],[-5.50947,6.6023],[-5.50657,6.59209],[-5.50224,6.59155],[-5.49696,6.59898],[-5.48782,6.60283],[-5.48682,6.62259],[-5.46429,6.63269],[-5.45416,6.63361],[-5.44818,6.64544],[-5.43291,6.65021],[-5.40845,6.64931],[-5.39977,6.66596],[-5.40659,6.68585],[-5.40575,6.70416],[-5.42287,6.73896],[-5.43623,6.75796],[-5.4411,6.75848],[-5.44382,6.77826],[-5.46932,6.80125],[-5.48879,6.81045],[-5.48723,6.82922],[-5.4916,6.85427],[-5.51402,6.8637],[-5.52508,6.8834],[-5.52525,6.89418],[-5.53136,6.90324],[-5.52819,6.91504],[-5.51716,6.9249],[-5.50579,6.92919],[-5.50134,6.98746],[-5.49527,7.00299],[-5.4874,7.01119],[-5.48291,7.02933],[-5.46898,7.03475],[-5.46009,7.03065],[-5.4518,7.03949],[-5.46417,7.04261],[-5.47047,7.04754],[-5.48503,7.04991],[-5.48918,7.05531],[-5.4956,7.1097],[-5.48993,7.11491],[-5.48835,7.12366],[-5.48008,7.13497],[-5.48138,7.13829],[-5.52392,7.15784],[-5.54252,7.1553],[-5.55055,7.14255],[-5.56849,7.1386],[-5.58713,7.1403],[-5.61022,7.15428],[-5.61266,7.15965],[-5.6013,7.17308],[-5.6035,7.18611],[-5.6224,7.1901],[-5.63766,7.19895],[-5.65229,7.2001],[-5.67532,7.22152],[-5.67495,7.23486],[-5.66644,7.2375],[-5.65821,7.23302],[-5.65349,7.23766],[-5.65086,7.24939]]]}}],"admin1":{"type":"FeatureCollection","features":[{"type":"Feature","properties":{"id":"CIV:ADM1:CIV-3431","name":"Savanes","countryCode":"CIV"},"geometry":{"type":"Polygon","coordinates":[[[-5.34086,9.38395],[-5.33973,9.37161],[-5.33037,9.3672],[-5.33394,9.35538],[-5.34404,9.35027],[-5.34656,9.34291],[-5.35456,9.34117],[-5.34436,9.33227],[-5.35881,9.32764],[-5.35229,9.32017],[-5.35317,9.31519],[-5.36233,9.31087],[-5.36385,9.3034],[-5.37541,9.2985],[-5.38848,9.3029],[-5.37474,9.28256],[-5.38834,9.27371],[-5.38391,9.26462],[-5.38749,9.2543],[-5.40361,9.23294],[-5.39783,9.22609],[-5.40241,9.22234],[-5.40053,9.21628],[-5.40265,9.21017],[-5.4092,9.20648],[-5.41089,9.19914],[-5.42042,9.19443],[-5.43794,9.20251],[-5.44289,9.19753],[-5.4261,9.19182],[-5.42406,9.18844],[-5.42644,9.18561],[-5.43824,9.18425],[-5.42669,9.16863],[-5.4458,9.15595],[-5.43563,9.14326],[-5.45939,9.12318],[-5.45249,9.10593],[-5.4526,9.09869],[-5.47229,9.08648],[-5.49307,9.0897],[-5.49319,9.07513],[-5.50394,9.06639],[-5.49978,9.05454],[-5.48879,9.04302],[-5.454,9.03362],[-5.43509,9.02081],[-5.41628,8.99268],[-5.41873,8.981],[-5.43833,8.9922],[-5.45027,8.99441],[-5.46099,8.9902],[-5.46402,8.98454],[-5.46243,8.9818],[-5.45319,8.9836],[-5.44456,8.97497],[-5.44435,8.96758],[-5.4529,8.95793],[-5.46671,8.97111],[-5.47305,8.97097],[-5.47456,8.9423],[-5.47958,8.93188],[-5.45655,8.92045],[-5.46197,8.89826],[-5.49321,8.91216],[-5.49436,8.90548],[-5.48126,8.89002],[-5.45825,8.88478],[-5.44903,8.87772],[-5.44967,8.87229],[-5.47563,8.85663],[-5.48853,8.86906],[-5.50113,8.86872],[-5.51675,8.87356],[-5.54666,8.86754],[-5.55594,8.86912],[-5.56357,8.86506],[-5.57061,8.86875],[-5.58193,8.86924],[-5.59001,8.86421],[-5.59439,8.84852],[-5.60113,8.84159],[-5.6482,8.82791],[-5.65061,8.83273],[-5.6595,8.83537],[-5.67534,8.83237],[-5.68432,8.84156],[-5.70077,8.84495],[-5.70475,8.84274],[-5.70239,8.84097],[-5.70542,8.81868],[-5.71167,8.81701],[-5.71819,8.80712],[-5.71771,8.7964],[-5.72716,8.7781],[-5.7278,8.77054],[-5.71657,8.76717],[-5.70968,8.77586],[-5.6985,8.76589],[-5.6882,8.76382],[-5.68658,8.76092],[-5.69598,8.75662],[-5.69999,8.74732],[-5.6825,8.7417],[-5.66949,8.73301],[-5.67489,8.72958],[-5.6929,8.72952],[-5.70865,8.72439],[-5.70411,8.71661],[-5.69239,8.7155],[-5.68095,8.70814],[-5.6805,8.70507],[-5.68505,8.69874],[-5.68455,8.6924],[-5.68999,8.68938],[-5.68793,8.67698],[-5.6954,8.67328],[-5.69164,8.66578],[-5.69339,8.65679],[-5.71053,8.65737],[-5.71283,8.65505],[-5.7018,8.6334],[-5.70166,8.63006],[-5.70859,8.62482],[-5.69483,8.61541],[-5.68429,8.59932],[-5.67809,8.60143],[-5.67637,8.60903],[-5.66485,8.61834],[-5.65843,8.61257],[-5.65342,8.61412],[-5.63783,8.60953],[-5.63804,8.60351],[-5.63194,8.59406],[-5.63561,8.58996],[-5.64663,8.59617],[-5.65042,8.58728],[-5.64241,8.57366],[-5.64962,8.57046],[-5.63842,8.56108],[-5.64591,8.55864],[-5.64949,8.5528],[-5.64111,8.54468],[-5.70823,8.53863],[-5.905,8.64723],[-5.91302,8.64056],[-5.93446,8.64853],[-5.97279,8.65192],[-5.97898,8.65561],[-5.99559,8.6756],[-6.00207,8.69417],[-6.12886,8.91135],[-6.13481,8.94151],[-6.2449,8.99438],[-6.24905,9.02868],[-6.26809,9.06208],[-6.25912,9.08646],[-6.22952,9.12477],[-6.2222,9.14285],[-6.22277,9.15442],[-6.25126,9.18576],[-6.25946,9.1995],[-6.26917,9.19534],[-6.27727,9.1959],[-6.27894,9.19292],[-6.29538,9.20078],[-6.30531,9.19532],[-6.32133,9.20914],[-6.31176,9.20962],[-6.34092,9.20969],[-6.34371,9.2069],[-6.34599,9.19637],[-6.35557,9.18644],[-6.37239,9.15693],[-6.40304,9.12826],[-6.41836,9.093],[-6.44292,9.06687],[-6.47772,9.06162],[-6.48159,9.08226],[-6.49827,9.12735],[-6.49875,9.14461],[-6.55567,9.1596],[-6.56717,9.15825],[-6.57124,9.14755],[-6.57024,9.13961],[-6.57648,9.1296],[-6.57635,9.11615],[-6.57098,9.11047],[-6.55906,9.10576],[-6.56991,9.07506],[-6.57555,9.06814],[-6.59763,9.06567],[-6.6102,9.05973],[-6.65307,9.06816],[-6.68142,9.06168],[-6.70042,9.06196],[-6.70143,9.08035],[-6.69718,9.10038],[-6.70723,9.10714],[-6.71176,9.10695],[-6.72085,9.11626],[-6.73765,9.11885],[-6.75671,9.11732],[-6.75601,9.12731],[-6.7404,9.14503],[-6.75971,9.16565],[-6.75793,9.17847],[-6.75093,9.18462],[-6.75132,9.19315],[-6.74715,9.20343],[-6.74558,9.24943],[-6.7369,9.26827],[-6.7613,9.28624],[-6.78162,9.28185],[-6.79068,9.28904],[-6.7864,9.2946],[-6.7861,9.31056],[-6.78123,9.31996],[-6.78587,9.3296],[-6.7801,9.34947],[-6.79018,9.35347],[-6.79122,9.36104],[-6.79838,9.36467],[-6.80003,9.37647],[-6.79968,9.39448],[-6.79364,9.40651],[-6.7815,9.40711],[-6.76708,9.4224],[-6.79965,9.43534],[-6.78415,9.45418],[-6.7655,9.46769],[-6.76587,9.48379],[-6.75679,9.49564],[-6.74711,9.49742],[-6.74397,9.51413],[-6.74361,9.52681],[-6.76121,9.53866],[-6.77711,9.56114],[-6.78854,9.56019],[-6.78969,9.56576],[-6.79971,9.57216],[-6.7909,9.58307],[-6.79195,9.59664],[-6.79621,9.60479],[-6.78579,9.63431],[-6.7749,9.65388],[-6.76812,9.65771],[-6.76286,9.6674],[-6.76606,9.67642],[-6.76452,9.68519],[-6.74694,9.69357],[-6.74795,9.69721],[-6.7441,9.70147],[-6.76154,9.70782],[-6.76155,9.71031],[-6.74172,9.7515],[-6.77846,9.772],[-6.76925,9.78657],[-6.7553,9.79552],[-6.75593,9.80511],[-6.76069,9.81095],[-6.76033,9.83013],[-6.74255,9.83728],[-6.74181,9.85474],[-6.74653,9.86701],[-6.75414,9.87116],[-6.75252,9.88456],[-6.76275,9.90278],[-6.78102,9.92257],[-6.79344,9.95547],[-6.83222,9.95335],[-6.88536,9.96173],[-6.93315,9.9589],[-6.96783,9.96779],[-6.95839,9.99274],[-6.94382,10.00081],[-6.9356,10.01668],[-6.92757,10.02413],[-6.92741,10.03692],[-6.93253,10.04336],[-6.92935,10.05968],[-6.91401,10.07052],[-6.91246,10.07813],[-6.89724,10.10329],[-6.88834,10.10255],[-6.88431,10.10537],[-6.87863,10.12041],[-6.87021,10.11891],[-6.85624,10.12887],[-6.85032,10.12668],[-6.83524,10.12912],[-6.83169,10.13164],[-6.83243,10.13724],[-6.8231,10.13357],[-6.81907,10.12765],[-6.81108,10.13611],[-6.79713,10.13067],[-6.78649,10.13198],[-6.7576,10.09995],[-6.74569,10.09683],[-6.70949,10.1007],[-6.67499,10.12199],[-6.61436,10.14392],[-6.58898,10.15952],[-6.58621,10.16501],[-6.59617,10.1873],[-6.59284,10.2311],[-6.60589,10.24017],[-6.6151,10.23561],[-6.62284,10.23733],[-6.62958,10.24332],[-6.62893,10.24714],[-6.63353,10.24847],[-6.63169,10.25268],[-6.63671,10.25409],[-6.63441,10.26227],[-6.63906,10.26468],[-6.63474,10.26729],[-6.63337,10.27302],[-6.63775,10.2851],[-6.63047,10.2899],[-6.63354,10.30058],[-6.63086,10.3032],[-6.63248,10.30839],[-6.63679,10.30672],[-6.63933,10.3133],[-6.64742,10.31219],[-6.64403,10.31762],[-6.65349,10.3345],[-6.65164,10.34245],[-6.65838,10.34575],[-6.65878,10.35721],[-6.6648,10.35941],[-6.64775,10.37007],[-6.65164,10.38789],[-6.64774,10.39196],[-6.65332,10.40235],[-6.64652,10.40612],[-6.6296,10.43619],[-6.63255,10.44318],[-6.6463,10.44634],[-6.64656,10.45803],[-6.66443,10.4584],[-6.67283,10.46684],[-6.68129,10.49967],[-6.67516,10.5087],[-6.68141,10.52124],[-6.68021,10.53374],[-6.66873,10.53295],[-6.66276,10.5405],[-6.67054,10.54977],[-6.66776,10.55931],[-6.67072,10.56905],[-6.66496,10.59069],[-6.67622,10.60193],[-6.67673,10.60795],[-6.67097,10.61874],[-6.6723,10.62665],[-6.66368,10.63261],[-6.65383,10.63129],[-6.64629,10.63999],[-6.64686,10.64383],[-6.65625,10.64648],[-6.65717,10.65074],[-6.65454,10.65626],[-6.65566,10.66835],[-6.64945,10.67328],[-6.64965,10.67734],[-6.64185,10.67861],[-6.62348,10.67155],[-6.61414,10.66073],[-6.60884,10.6405],[-6.59772,10.62868],[-6.591,10.62401],[-6.56717,10.61997],[-6.5518,10.60656],[-6.54623,10.59546],[-6.51733,10.58584],[-6.48418,10.58525],[-6.47027,10.57904],[-6.46192,10.58009],[-6.44029,10.57396],[-6.4329,10.57531],[-6.41068,10.60262],[-6.41955,10.64805],[-6.41752,10.69711],[-6.42082,10.70376],[-6.41605,10.70891],[-6.40388,10.71445],[-6.35021,10.69434],[-6.32537,10.68983],[-6.26257,10.74565],[-6.21972,10.72898],[-6.23941,10.70503],[-6.23539,10.6956],[-6.24217,10.66678],[-6.2343,10.66107],[-6.22429,10.66184],[-6.22088,10.6545],[-6.20867,10.64377],[-6.19587,10.64386],[-6.19524,10.64058],[-6.20755,10.62994],[-6.22573,10.62891],[-6.23296,10.62092],[-6.23417,10.617],[-6.22897,10.60619],[-6.21632,10.60263],[-6.22422,10.59111],[-6.21711,10.59122],[-6.21394,10.58654],[-6.23256,10.55897],[-6.24074,10.55825],[-6.24894,10.5524],[-6.25521,10.53741],[-6.25406,10.52892],[-6.24983,10.52483],[-6.24164,10.522],[-6.23378,10.52366],[-6.22783,10.53166],[-6.22195,10.52998],[-6.2138,10.5212],[-6.21061,10.50612],[-6.18169,10.5041],[-6.17149,10.49733],[-6.17388,10.49214],[-6.19638,10.47428],[-6.19337,10.44991],[-6.16738,10.42812],[-6.17043,10.4166],[-6.1823,10.41921],[-6.19134,10.41513],[-6.19,10.40526],[-6.19528,10.3906],[-6.18886,10.38548],[-6.18744,10.37958],[-6.17511,10.37319],[-6.20169,10.34564],[-6.18926,10.32851],[-6.19646,10.31862],[-6.19948,10.30769],[-6.20327,10.30945],[-6.2081,10.32052],[-6.21608,10.32135],[-6.22627,10.31834],[-6.24,10.30694],[-6.22617,10.29249],[-6.22632,10.26973],[-6.2142,10.26271],[-6.20338,10.26569],[-6.19906,10.26314],[-6.20038,10.24495],[-6.19702,10.24246],[-6.179,10.22923],[-6.1461,10.21872],[-6.1367,10.21053],[-6.1303,10.21442],[-6.0718,10.21625],[-6.0553,10.20557],[-6.04272,10.20155],[-6.01476,10.20054],[-5.99282,10.19437],[-5.98611,10.19889],[-5.98076,10.21136],[-5.95215,10.24762],[-5.95604,10.26934],[-5.92983,10.27572],[-5.92326,10.27505],[-5.90049,10.259],[-5.8863,10.26346],[-5.88101,10.28302],[-5.89173,10.29883],[-5.87147,10.3178],[-5.87598,10.33221],[-5.86686,10.37241],[-5.86255,10.37967],[-5.85812,10.37429],[-5.85081,10.37363],[-5.82685,10.38758],[-5.81935,10.40644],[-5.80776,10.4142],[-5.77364,10.43818],[-5.76193,10.4354],[-5.74792,10.42729],[-5.71349,10.43016],[-5.68781,10.45657],[-5.67704,10.46178],[-5.65683,10.46489],[-5.64715,10.45751],[-5.63093,10.45843],[-5.6141,10.45134],[-5.60262,10.45502],[-5.58112,10.45209],[-5.55921,10.46049],[-5.5493,10.44967],[-5.52622,10.43716],[-5.51174,10.42341],[-5.50993,10.4158],[-5.50396,10.41488],[-5.48865,10.4012],[-5.48192,10.37055],[-5.4751,10.37025],[-5.46893,10.37443],[-5.46406,10.36857],[-5.45897,10.35509],[-5.46367,10.34625],[-5.46255,10.34262],[-5.45395,10.33737],[-5.44162,10.33812],[-5.43792,10.33338],[-5.43663,10.31928],[-5.43083,10.31649],[-5.42459,10.3217],[-5.4208,10.32055],[-5.40829,10.30007],[-5.39054,10.28861],[-5.37308,10.29001],[-5.36718,10.28018],[-5.35828,10.28185],[-5.3513,10.29915],[-5.32547,10.2878],[-5.31827,10.29466],[-5.30458,10.30057],[-5.29468,10.29933],[-5.29732,10.31236],[-5.29032,10.31716],[-5.27544,10.30556],[-5.26432,10.30967],[-5.26016,10.30532],[-5.25397,10.3048],[-5.24371,10.31126],[-5.22953,10.3118],[-5.21553,10.30469],[-5.20626,10.30839],[-5.19665,10.31827],[-5.19378,10.31375],[-5.20041,10.30447],[-5.18292,10.29709],[-5.17916,10.29075],[-5.16614,10.28224],[-5.14724,10.28746],[-5.13217,10.30766],[-5.12845,10.30668],[-5.12379,10.29769],[-5.11233,10.30468],[-5.11118,10.2968],[-5.11858,10.28708],[-5.12053,10.27903],[-5.11603,10.27534],[-5.104,10.27622],[-5.09843,10.26852],[-5.10389,10.26263],[-5.11835,10.25723],[-5.12319,10.25075],[-5.12152,10.24301],[-5.11049,10.23887],[-5.10765,10.23372],[-5.12043,10.21348],[-5.12291,10.20373],[-5.11676,10.20082],[-5.09996,10.20964],[-5.08971,10.21963],[-5.08239,10.21882],[-5.08051,10.21309],[-5.0834,10.18682],[-5.08921,10.18135],[-5.10126,10.17932],[-5.10402,10.1738],[-5.09551,10.1684],[-5.08375,10.17148],[-5.07185,10.17905],[-5.06442,10.17737],[-5.06172,10.17214],[-5.0709,10.15158],[-5.07059,10.13726],[-5.06007,10.13232],[-5.04386,10.1308],[-5.0394,10.12436],[-5.04028,10.11703],[-5.04595,10.11478],[-5.05926,10.12342],[-5.07094,10.12132],[-5.07441,10.11635],[-5.07382,10.1073],[-5.05642,10.10303],[-5.04806,10.10308],[-5.04328,10.10658],[-5.04005,10.10425],[-5.04534,10.09547],[-5.05806,10.08934],[-5.05652,10.08222],[-5.04832,10.08478],[-5.03777,10.08199],[-5.0272,10.09421],[-5.00536,10.10411],[-5.00253,10.09972],[-5.00819,10.08632],[-5.01672,10.0778],[-5.01581,10.06806],[-5.00861,10.06356],[-4.99269,10.06203],[-4.98115,10.04776],[-4.9677,10.03819],[-4.95456,10.00027],[-4.96025,9.9949],[-4.97034,10.00744],[-4.97414,10.00685],[-4.98091,9.99272],[-4.97914,9.98459],[-4.9715,9.97847],[-4.95572,9.97518],[-4.95073,9.96157],[-4.93827,9.95498],[-4.93507,9.94986],[-4.9421,9.94393],[-4.95747,9.94397],[-4.9516,9.92154],[-4.9622,9.91324],[-4.96521,9.90332],[-4.96294,9.89572],[-4.95483,9.88666],[-4.93591,9.87895],[-4.92706,9.86802],[-4.92045,9.88427],[-4.9142,9.88949],[-4.90633,9.89067],[-4.88114,9.87832],[-4.8469,9.86839],[-4.83495,9.87047],[-4.82319,9.86568],[-4.81596,9.84342],[-4.80693,9.84104],[-4.79618,9.84389],[-4.78079,9.82872],[-4.78863,9.81534],[-4.78732,9.79481],[-4.77998,9.78521],[-4.78003,9.77924],[-4.78476,9.77765],[-4.79597,9.78456],[-4.808,9.78668],[-4.81133,9.78176],[-4.80981,9.77587],[-4.8036,9.77069],[-4.79126,9.76968],[-4.78802,9.7582],[-4.77614,9.75145],[-4.7766,9.74083],[-4.77239,9.73655],[-4.76101,9.73849],[-4.76016,9.7423],[-4.76523,9.74876],[-4.7581,9.75561],[-4.73302,9.74755],[-4.7289,9.73651],[-4.71589,9.72225],[-4.70942,9.70266],[-4.70099,9.68899],[-4.68943,9.68234],[-4.68556,9.67557],[-4.6797,9.6754],[-4.66522,9.68369],[-4.6551,9.68447],[-4.6502,9.69315],[-4.64892,9.70528],[-4.64313,9.71078],[-4.62856,9.70203],[-4.62129,9.7016],[-4.60981,9.72163],[-4.59055,9.70673],[-4.57998,9.69182],[-4.57065,9.68837],[-4.55983,9.68974],[-4.5414,9.71394],[-4.54258,9.72191],[-4.54954,9.73193],[-4.54833,9.74399],[-4.54119,9.74795],[-4.51528,9.75],[-4.50432,9.74152],[-4.49965,9.72815],[-4.50234,9.71766],[-4.51538,9.70491],[-4.51799,9.69717],[-4.51648,9.66399],[-4.50643,9.64655],[-4.49761,9.64402],[-4.48445,9.64892],[-4.46651,9.64724],[-4.45144,9.64965],[-4.42559,9.6604],[-4.40705,9.64516],[-4.40283,9.61302],[-4.38833,9.59314],[-4.37229,9.59131],[-4.36942,9.59729],[-4.36888,9.61539],[-4.34642,9.62383],[-4.3333,9.61871],[-4.32824,9.60782],[-4.31185,9.59247],[-4.30704,9.59485],[-4.29876,9.58994],[-4.27565,9.55694],[-4.26455,9.55267],[-4.25501,9.54151],[-4.24049,9.53634],[-4.23902,9.52379],[-4.24291,9.50218],[-4.2315,9.47786],[-4.19138,9.45106],[-4.1966,9.41491],[-4.19169,9.40578],[-4.18026,9.40329],[-4.17716,9.3994],[-4.1776,9.39205],[-4.18574,9.38176],[-4.18624,9.36432],[-4.20862,9.34628],[-4.1696,9.28783],[-4.17854,9.27791],[-4.19292,9.27022],[-4.19682,9.26082],[-4.19404,9.2518],[-4.18322,9.24525],[-4.16692,9.22857],[-4.16066,9.23114],[-4.15914,9.23642],[-4.14526,9.24862],[-4.12422,9.26223],[-4.09566,9.25572],[-4.08277,9.25897],[-4.07194,9.25656],[-4.06471,9.24308],[-4.05923,9.23903],[-4.04761,9.23778],[-4.02641,9.21142],[-4.01542,9.21649],[-4.01136,9.21542],[-4.0017,9.20993],[-4.00066,9.20365],[-3.9943,9.20219],[-3.98662,9.20661],[-3.9572,9.20557],[-3.95191,9.20063],[-3.94881,9.18681],[-3.93259,9.17009],[-3.90817,9.16862],[-3.89138,9.17448],[-3.88355,9.17236],[-3.90779,9.14298],[-3.90723,9.12701],[-3.90233,9.11125],[-3.8875,9.10575],[-3.87651,9.1068],[-3.86834,9.11062],[-3.86441,9.11897],[-3.84796,9.12098],[-3.84365,9.11479],[-3.84543,9.10754],[-3.84267,9.08623],[-3.84607,9.07839],[-3.85035,9.07683],[-3.85838,9.08449],[-3.86493,9.09705],[-3.87231,9.10101],[-3.87884,9.09922],[-3.88562,9.08963],[-3.88537,9.06616],[-3.89865,9.0612],[-3.9017,9.05712],[-3.8956,9.05132],[-3.88421,9.04816],[-3.87332,9.05075],[-3.85262,9.02648],[-3.83268,9.02547],[-3.81643,9.02003],[-3.7997,9.0083],[-3.79541,9.00074],[-3.79464,8.99801],[-3.80008,8.99257],[-3.81765,8.98521],[-3.82818,8.97585],[-3.84293,8.97466],[-3.86136,8.95298],[-3.8817,8.96009],[-3.90433,8.95112],[-3.89281,8.92584],[-3.86409,8.91538],[-3.85707,8.90271],[-3.85464,8.88346],[-3.83786,8.87655],[-3.82744,8.86161],[-3.82391,8.83267],[-3.80594,8.82504],[-3.81077,8.78283],[-3.86287,8.72975],[-3.87263,8.69891],[-3.86514,8.6977],[-3.86281,8.69371],[-3.88934,8.6942],[-3.91436,8.6813],[-3.92981,8.6836],[-3.94143,8.67105],[-3.94323,8.64168],[-3.9467,8.64281],[-3.95608,8.63251],[-3.96973,8.63652],[-3.97013,8.63111],[-3.97377,8.6317],[-3.97583,8.63507],[-3.98122,8.63534],[-3.97948,8.64367],[-3.98434,8.64645],[-3.99076,8.64852],[-4.00169,8.64592],[-4.00364,8.64916],[-4.0345,8.66115],[-4.04467,8.64842],[-4.05004,8.65534],[-4.05888,8.65467],[-4.06192,8.66169],[-4.07434,8.66816],[-4.07636,8.66303],[-4.07356,8.65324],[-4.0842,8.65907],[-4.08973,8.65616],[-4.08955,8.65156],[-4.09298,8.65201],[-4.10542,8.66024],[-4.10789,8.6492],[-4.11229,8.64822],[-4.12413,8.65173],[-4.13491,8.66195],[-4.13896,8.66094],[-4.15101,8.66779],[-4.16074,8.65469],[-4.16136,8.66681],[-4.18798,8.68383],[-4.19292,8.68063],[-4.18902,8.67437],[-4.19633,8.67412],[-4.19679,8.66668],[-4.2015,8.66285],[-4.20006,8.65994],[-4.20953,8.65966],[-4.22108,8.67249],[-4.23369,8.67866],[-4.23876,8.68902],[-4.24559,8.69395],[-4.24931,8.71221],[-4.25914,8.71239],[-4.26152,8.71791],[-4.25648,8.72],[-4.25774,8.72573],[-4.26536,8.73203],[-4.26244,8.74314],[-4.26874,8.74779],[-4.27319,8.74702],[-4.27619,8.74203],[-4.28272,8.74811],[-4.29322,8.73961],[-4.31673,8.73731],[-4.32094,8.73547],[-4.32346,8.72828],[-4.33594,8.72988],[-4.34245,8.72477],[-4.35129,8.73069],[-4.3648,8.75522],[-4.40177,8.74636],[-4.4237,8.74719],[-4.43457,8.741],[-4.44892,8.76952],[-4.46587,8.77199],[-4.48751,8.79356],[-4.50683,8.83102],[-4.50733,8.83913],[-4.49743,8.85142],[-4.48324,8.88346],[-4.48346,8.8863],[-4.49614,8.8836],[-4.49883,8.89847],[-4.5124,8.91636],[-4.53268,8.9136],[-4.55172,8.91943],[-4.55196,8.92344],[-4.55803,8.92677],[-4.5727,8.92101],[-4.60885,8.92069],[-4.96106,8.92991],[-4.95874,8.94063],[-4.94937,8.9403],[-4.94636,8.93241],[-4.93629,8.94371],[-4.92771,8.94601],[-4.92982,8.95041],[-4.9259,8.95799],[-4.91542,8.96187],[-4.91402,8.97899],[-4.90542,8.98784],[-4.91094,8.99338],[-4.90782,9.02038],[-4.88733,9.07937],[-4.88542,9.10665],[-4.89511,9.1225],[-4.90429,9.11551],[-4.93534,9.13113],[-4.94282,9.12837],[-4.9524,9.13846],[-4.95674,9.1501],[-4.96209,9.15234],[-4.96312,9.1575],[-4.9843,9.16661],[-4.97931,9.18208],[-4.98116,9.18851],[-4.97713,9.19452],[-4.98704,9.20127],[-4.98869,9.20774],[-4.9969,9.2158],[-5.00965,9.22241],[-5.0058,9.28318],[-5.01702,9.30312],[-5.0239,9.30701],[-5.05192,9.30928],[-5.11416,9.32459],[-5.14069,9.33496],[-5.17765,9.37675],[-5.1901,9.41352],[-5.19773,9.41925],[-5.20044,9.42697],[-5.20432,9.42763],[-5.21078,9.41056],[-5.22049,9.41239],[-5.23036,9.40723],[-5.24335,9.40649],[-5.24795,9.40217],[-5.27894,9.39579],[-5.28357,9.39827],[-5.29958,9.38832],[-5.3217,9.39507],[-5.33786,9.39205],[-5.33931,9.38571],[-5.34153,9.38464],[-5.34086,9.38395]],[[-5.29673,9.56986],[-5.29399,9.57148],[-5.29496,9.57251],[-5.29673,9.56986]],[[-5.30201,9.5774],[-5.2978,9.5755],[-5.30658,9.58476],[-5.30201,9.5774]],[[-5.78096,10.39942],[-5.77986,10.40329],[-5.78256,10.40714],[-5.78096,10.39942]],[[-6.28925,10.1108],[-6.2914,10.1093],[-6.29265,10.09612],[-6.28925,10.1108]],[[-6.29612,10.08611],[-6.30364,10.08496],[-6.29106,10.08394],[-6.29612,10.08611]]]}},{"type":"Feature","properties":{"id":"CIV:ADM1:CIV-3437","name":"Denguélé","countryCode":"CIV"},"geometry":{"type":"Polygon","coordinates":[[[-6.93315,9.9589],[-6.88536,9.96173],[-6.83222,9.95335],[-6.79174,9.95372],[-6.78102,9.92257],[-6.76275,9.90278],[-6.75252,9.88456],[-6.75414,9.87116],[-6.74653,9.86701],[-6.74181,9.85474],[-6.74255,9.83728],[-6.76033,9.83013],[-6.76069,9.81095],[-6.75593,9.80511],[-6.7553,9.79552],[-6.76925,9.78657],[-6.77846,9.772],[-6.74172,9.7515],[-6.76155,9.71031],[-6.76154,9.70782],[-6.7441,9.70147],[-6.74795,9.69721],[-6.74694,9.69357],[-6.76452,9.68519],[-6.76606,9.67642],[-6.76286,9.6674],[-6.76812,9.65771],[-6.7749,9.65388],[-6.78579,9.63431],[-6.79621,9.60479],[-6.79195,9.59664],[-6.7909,9.58307],[-6.79971,9.57216],[-6.78969,9.56576],[-6.78854,9.56019],[-6.77711,9.56114],[-6.76121,9.53866],[-6.74361,9.52681],[-6.74711,9.49742],[-6.75679,9.49564],[-6.76587,9.48379],[-6.7655,9.46769],[-6.78415,9.45418],[-6.79965,9.43534],[-6.76708,9.4224],[-6.7815,9.40711],[-6.79364,9.40651],[-6.79968,9.39448],[-6.80003,9.37647],[-6.79838,9.36467],[-6.79122,9.36104],[-6.79018,9.35347],[-6.7801,9.34947],[-6.78587,9.3296],[-6.78123,9.31996],[-6.7861,9.31056],[-6.7864,9.2946],[-6.79068,9.28904],[-6.78162,9.28185],[-6.7613,9.28624],[-6.7369,9.26827],[-6.74558,9.24943],[-6.74715,9.20343],[-6.75132,9.19315],[-6.75093,9.18462],[-6.75793,9.17847],[-6.75971,9.16565],[-6.7404,9.14503],[-6.75601,9.12731],[-6.75671,9.11732],[-6.76838,9.10683],[-6.78474,9.10463],[-6.79988,9.09672],[-6.80542,9.08978],[-6.81592,9.08722],[-6.82425,9.07642],[-6.83427,9.07053],[-6.86165,9.07738],[-6.87138,9.07651],[-6.88939,9.06668],[-6.89724,9.05458],[-6.90024,9.03742],[-6.8981,9.03217],[-6.90494,9.01848],[-6.9031,9.01103],[-6.90613,9.00537],[-6.90733,8.98677],[-6.90213,8.93876],[-6.91801,8.94471],[-6.92304,8.95518],[-6.94383,8.97416],[-6.96157,8.9648],[-6.98575,8.97339],[-7.01843,8.96804],[-7.03944,8.98083],[-7.07121,9.02934],[-7.10893,9.04606],[-7.12046,9.03628],[-7.14657,8.99872],[-7.14968,8.99861],[-7.15277,9.00413],[-7.15988,8.99576],[-7.16986,8.99252],[-7.17715,8.95431],[-7.18773,8.95277],[-7.21776,8.95723],[-7.22452,8.95359],[-7.22795,8.9331],[-7.22423,8.92652],[-7.21154,8.9186],[-7.21772,8.89588],[-7.21264,8.88767],[-7.21372,8.87852],[-7.21936,8.88458],[-7.22385,8.87724],[-7.2209,8.87282],[-7.20964,8.86882],[-7.20865,8.84433],[-7.19528,8.84409],[-7.19705,8.83331],[-7.21003,8.82471],[-7.20085,8.82103],[-7.19835,8.80906],[-7.19046,8.8059],[-7.20072,8.79662],[-7.20232,8.78991],[-7.19571,8.78202],[-7.18528,8.7801],[-7.18991,8.77279],[-7.20197,8.76464],[-7.20179,8.75318],[-7.19237,8.73873],[-7.20475,8.73157],[-7.19972,8.70672],[-7.20741,8.68881],[-7.21407,8.68601],[-7.20893,8.66884],[-7.21592,8.65425],[-7.21017,8.65084],[-7.20802,8.6447],[-7.21384,8.6359],[-7.21332,8.6301],[-7.21947,8.62322],[-7.21705,8.61843],[-7.2152,8.62345],[-7.20604,8.62311],[-7.20164,8.59696],[-7.21548,8.59474],[-7.20461,8.58664],[-7.2071,8.589],[-7.2052,8.59201],[-7.19924,8.59366],[-7.19699,8.59043],[-7.19807,8.58357],[-7.20679,8.57323],[-7.20241,8.56197],[-7.1913,8.55534],[-7.18015,8.54264],[-7.18623,8.53562],[-7.17836,8.53038],[-7.17755,8.52599],[-7.18528,8.51995],[-7.1795,8.51196],[-7.19871,8.51498],[-7.2093,8.52569],[-7.21379,8.53508],[-7.21467,8.54715],[-7.22545,8.55485],[-7.21899,8.56283],[-7.21937,8.57313],[-7.22758,8.57996],[-7.23084,8.59081],[-7.23559,8.5937],[-7.23658,8.60756],[-7.23177,8.61414],[-7.23705,8.61844],[-7.23852,8.62692],[-7.24904,8.63325],[-7.25458,8.64569],[-7.26396,8.65204],[-7.26934,8.66111],[-7.27995,8.67062],[-7.30821,8.68164],[-7.31175,8.67722],[-7.32155,8.67482],[-7.32518,8.67746],[-7.34017,8.67783],[-7.34479,8.68703],[-7.35091,8.67992],[-7.35986,8.67955],[-7.36536,8.68348],[-7.36735,8.69051],[-7.36332,8.69173],[-7.36958,8.70157],[-7.36483,8.70876],[-7.38018,8.72492],[-7.38809,8.74122],[-7.40108,8.7384],[-7.40406,8.7449],[-7.39547,8.75083],[-7.39743,8.75526],[-7.41664,8.7604],[-7.42067,8.75649],[-7.45165,8.77978],[-7.46904,8.80288],[-7.50363,8.83392],[-7.53143,8.84264],[-7.53458,8.84914],[-7.54227,8.85177],[-7.54779,8.86882],[-7.54539,8.88179],[-7.56375,8.89971],[-7.55766,8.90786],[-7.56948,8.91518],[-7.57043,8.92824],[-7.58257,8.93007],[-7.61191,8.95288],[-7.63824,8.95957],[-7.6424,8.96783],[-7.65669,8.96132],[-7.67494,8.96677],[-7.68118,8.98023],[-7.68023,9.00584],[-7.68632,9.02423],[-7.68597,9.04135],[-7.69597,9.05653],[-7.71925,9.07004],[-7.73285,9.08351],[-7.76533,9.09643],[-7.77659,9.10521],[-7.7806,9.11444],[-7.79849,9.13186],[-7.80126,9.14174],[-7.7983,9.1473],[-7.81186,9.16854],[-7.83616,9.18572],[-7.85145,9.16644],[-7.86328,9.15829],[-7.87075,9.15805],[-7.9016,9.18176],[-7.91035,9.19779],[-7.91262,9.21781],[-7.88633,9.26873],[-7.88167,9.28343],[-7.87256,9.29428],[-7.87491,9.30612],[-7.87228,9.31773],[-7.87622,9.32722],[-7.87609,9.33755],[-7.86559,9.35506],[-7.86374,9.36592],[-7.85623,9.37555],[-7.84921,9.41762],[-7.90263,9.41743],[-7.93889,9.40411],[-7.94658,9.40527],[-7.96277,9.39551],[-7.98544,9.39233],[-7.99893,9.39532],[-8.02019,9.38903],[-8.02288,9.39205],[-8.0288,9.39162],[-8.03577,9.40153],[-8.07211,9.42883],[-8.07779,9.43896],[-8.08533,9.44202],[-8.09212,9.45763],[-8.09753,9.46058],[-8.1232,9.50438],[-8.1255,9.51218],[-8.12309,9.5207],[-8.13427,9.52892],[-8.13316,9.53685],[-8.13868,9.54516],[-8.13925,9.55732],[-8.13268,9.56931],[-8.14261,9.58626],[-8.13466,9.61337],[-8.14147,9.6229],[-8.13997,9.6266],[-8.13201,9.62755],[-8.12228,9.63466],[-8.12108,9.64376],[-8.11426,9.65093],[-8.11609,9.65894],[-8.12299,9.66187],[-8.11715,9.66667],[-8.12302,9.67522],[-8.11981,9.68274],[-8.1243,9.68635],[-8.10844,9.70928],[-8.11339,9.71776],[-8.11656,9.73762],[-8.11194,9.7498],[-8.11729,9.75839],[-8.1056,9.76231],[-8.10985,9.78407],[-8.09759,9.79235],[-8.10582,9.79788],[-8.10699,9.80553],[-8.10024,9.80883],[-8.09376,9.80361],[-8.09153,9.8069],[-8.09164,9.8285],[-8.09587,9.83697],[-8.0928,9.84199],[-8.09554,9.84959],[-8.09123,9.85674],[-8.09736,9.86715],[-7.76107,9.90834],[-8.10108,9.86856],[-8.12945,9.86205],[-8.13909,9.86921],[-8.13772,9.87518],[-8.13424,9.87923],[-8.12529,9.88002],[-8.11947,9.89056],[-8.11934,9.89862],[-8.12305,9.90347],[-8.12925,9.90464],[-8.13142,9.91355],[-8.14398,9.90702],[-8.14975,9.90777],[-8.15931,9.92521],[-8.15615,9.93023],[-8.14813,9.93162],[-8.14903,9.93839],[-8.15734,9.94364],[-8.15522,9.94696],[-8.14037,9.94332],[-8.13277,9.94607],[-8.1272,9.95263],[-8.11516,9.95352],[-8.11032,9.95693],[-8.10827,9.96702],[-8.11304,9.97533],[-8.12076,9.97424],[-8.13013,9.96657],[-8.13982,9.97028],[-8.14383,9.97701],[-8.13151,9.98649],[-8.11602,10.01432],[-8.11216,10.02303],[-8.11325,10.04608],[-8.10793,10.05446],[-8.09273,10.05938],[-8.07783,10.05997],[-8.06524,10.06881],[-8.05935,10.06458],[-8.05003,10.07301],[-8.00991,10.08948],[-8.00705,10.11621],[-8.01092,10.13093],[-8.00015,10.1401],[-7.99144,10.14204],[-7.97797,10.16496],[-7.97153,10.16684],[-7.95726,10.15134],[-7.93051,10.14762],[-7.91268,10.15665],[-7.90903,10.16262],[-7.86408,10.17108],[-7.8441,10.20466],[-7.82944,10.20993],[-7.82562,10.22108],[-7.80588,10.23792],[-7.79827,10.23687],[-7.79296,10.25442],[-7.78,10.27343],[-7.76053,10.28404],[-7.75618,10.29266],[-7.7465,10.29923],[-7.74571,10.305],[-7.74916,10.30715],[-7.76324,10.30531],[-7.76609,10.30764],[-7.76447,10.3112],[-7.74401,10.32099],[-7.74755,10.34003],[-7.73943,10.34545],[-7.7218,10.34107],[-7.71222,10.3451],[-7.71035,10.35292],[-7.71381,10.36556],[-7.72697,10.37399],[-7.72755,10.37961],[-7.71462,10.38502],[-7.7091,10.39588],[-7.68699,10.39891],[-7.67366,10.40992],[-7.67216,10.41694],[-7.64675,10.43606],[-7.62526,10.45959],[-7.58912,10.42736],[-7.5765,10.42086],[-7.56042,10.4195],[-7.55102,10.4136],[-7.54172,10.41468],[-7.53085,10.44028],[-7.51117,10.45678],[-7.49669,10.45539],[-7.45989,10.44351],[-7.45463,10.4445],[-7.44242,10.43388],[-7.44329,10.42609],[-7.43649,10.41665],[-7.44339,10.412],[-7.44746,10.40257],[-7.4357,10.36944],[-7.42092,10.34807],[-7.42779,10.34138],[-7.42767,10.33559],[-7.41578,10.33546],[-7.40109,10.34715],[-7.37952,10.34856],[-7.36664,10.34587],[-7.35739,10.32755],[-7.35519,10.28432],[-7.35851,10.26869],[-7.36708,10.2619],[-7.38681,10.25887],[-7.37843,10.24741],[-7.33428,10.2356],[-7.30691,10.25284],[-7.30016,10.25261],[-7.27363,10.26219],[-7.26102,10.25631],[-7.14174,10.24736],[-7.10756,10.21247],[-7.07957,10.20869],[-7.07298,10.19541],[-7.08615,10.17074],[-7.08479,10.16439],[-7.07959,10.16001],[-7.07287,10.16168],[-7.05117,10.14699],[-7.03192,10.14882],[-7.01084,10.15831],[-6.9937,10.17443],[-6.98262,10.21339],[-7.01754,10.25719],[-7.01729,10.2626],[-7.00551,10.2707],[-7.00398,10.27709],[-6.98749,10.29479],[-6.98312,10.30454],[-6.97086,10.30733],[-6.96237,10.32795],[-6.93827,10.35864],[-6.91229,10.35471],[-6.90304,10.34724],[-6.88371,10.35404],[-6.87399,10.34654],[-6.8669,10.34517],[-6.86373,10.35019],[-6.85587,10.34965],[-6.84867,10.35847],[-6.8365,10.35487],[-6.83577,10.3629],[-6.82533,10.37146],[-6.82571,10.38905],[-6.80677,10.39118],[-6.79125,10.38373],[-6.78596,10.37202],[-6.77721,10.36639],[-6.73893,10.36366],[-6.72238,10.35111],[-6.70916,10.34745],[-6.68259,10.34444],[-6.6648,10.35941],[-6.65878,10.35721],[-6.65838,10.34575],[-6.65164,10.34245],[-6.65349,10.3345],[-6.64403,10.31762],[-6.64742,10.31219],[-6.63933,10.3133],[-6.63679,10.30672],[-6.63248,10.30839],[-6.63086,10.3032],[-6.63354,10.30058],[-6.63047,10.2899],[-6.63775,10.2851],[-6.63337,10.27302],[-6.63474,10.26729],[-6.63906,10.26468],[-6.63441,10.26227],[-6.63671,10.25409],[-6.63169,10.25268],[-6.63353,10.24847],[-6.62893,10.24714],[-6.62958,10.24332],[-6.62284,10.23733],[-6.6151,10.23561],[-6.60589,10.24017],[-6.59284,10.2311],[-6.59617,10.1873],[-6.5921,10.17391],[-6.58669,10.16735],[-6.58898,10.15952],[-6.61436,10.14392],[-6.67499,10.12199],[-6.70949,10.1007],[-6.74569,10.09683],[-6.7576,10.09995],[-6.78649,10.13198],[-6.79713,10.13067],[-6.81108,10.13611],[-6.81907,10.12765],[-6.8231,10.13357],[-6.83243,10.13724],[-6.83169,10.13164],[-6.83524,10.12912],[-6.85032,10.12668],[-6.85624,10.12887],[-6.87021,10.11891],[-6.87863,10.12041],[-6.88431,10.10537],[-6.88834,10.10255],[-6.89724,10.10329],[-6.91246,10.07813],[-6.91401,10.07052],[-6.92935,10.05968],[-6.93253,10.04336],[-6.92741,10.03692],[-6.92757,10.02413],[-6.9356,10.01668],[-6.94382,10.00081],[-6.95839,9.99274],[-6.96769,9.96815],[-6.93315,9.9589]]]}},{"type":"Feature","properties":{"id":"CIV:ADM1:CIV-3440","name":"Bafing","countryCode":"CIV"},"geometry":{"type":"Polygon","coordinates":[[[-7.71925,9.07004],[-7.73134,9.06173],[-7.76178,9.07042],[-7.79365,9.07022],[-7.80151,9.06819],[-7.81214,9.0584],[-7.82158,9.05597],[-7.83636,9.06953],[-7.84077,9.06407],[-7.84467,9.04526],[-7.85758,9.03015],[-7.8873,9.02912],[-7.89536,9.00994],[-7.93299,8.97924],[-7.93323,8.9732],[-7.9234,8.95585],[-7.92739,8.9434],[-7.91672,8.93432],[-7.93744,8.90671],[-7.92525,8.90306],[-7.91099,8.88863],[-7.9125,8.88193],[-7.9306,8.87343],[-7.93599,8.84602],[-7.95359,8.84801],[-7.95576,8.84258],[-7.95406,8.82028],[-7.93973,8.80057],[-7.94029,8.78661],[-7.92922,8.78347],[-7.9182,8.76918],[-7.89248,8.77234],[-7.88425,8.78341],[-7.86829,8.78664],[-7.8586,8.78557],[-7.85016,8.76957],[-7.84021,8.77067],[-7.82849,8.76734],[-7.81929,8.75318],[-7.80373,8.7619],[-7.78381,8.7605],[-7.77581,8.76683],[-7.76974,8.7669],[-7.76675,8.7645],[-7.76679,8.75644],[-7.78052,8.73065],[-7.7645,8.72472],[-7.73491,8.72574],[-7.733,8.70848],[-7.73572,8.68433],[-7.71398,8.6561],[-7.70704,8.65186],[-7.68551,8.64957],[-7.65984,8.61523],[-7.69023,8.56589],[-7.69005,8.5519],[-7.65218,8.49307],[-7.65492,8.47117],[-7.6662,8.45943],[-7.66234,8.4395],[-7.66734,8.42433],[-7.6592,8.41585],[-7.65432,8.40489],[-7.64418,8.39676],[-7.63923,8.38333],[-7.62806,8.37457],[-7.62846,8.37183],[-7.64129,8.37176],[-7.64923,8.36734],[-7.65866,8.37623],[-7.66627,8.37019],[-7.6761,8.37504],[-7.68251,8.37015],[-7.71279,8.37551],[-7.72645,8.37174],[-7.73438,8.37418],[-7.74643,8.39366],[-7.74586,8.40174],[-7.75521,8.41545],[-7.75588,8.42344],[-7.76407,8.435],[-7.77493,8.46589],[-7.78703,8.47274],[-7.79017,8.48014],[-7.80386,8.47748],[-7.80918,8.48599],[-7.81466,8.4886],[-7.82099,8.4794],[-7.81897,8.47366],[-7.8261,8.47015],[-7.81874,8.43818],[-7.82638,8.4241],[-7.83121,8.4207],[-7.84347,8.42138],[-7.86411,8.41689],[-7.87131,8.41784],[-7.87174,8.42726],[-7.87736,8.43195],[-7.88527,8.43144],[-7.8921,8.43552],[-7.89964,8.43364],[-7.89911,8.44725],[-7.90957,8.44649],[-7.9078,8.45798],[-7.90053,8.4609],[-7.89789,8.46598],[-7.90689,8.47994],[-7.90587,8.48573],[-7.918,8.49289],[-7.92498,8.50239],[-7.93635,8.49543],[-7.95445,8.49715],[-7.96648,8.49449],[-7.97166,8.48413],[-7.99058,8.48872],[-8.00016,8.48623],[-8.01253,8.49249],[-8.03123,8.493],[-8.05405,8.50388],[-8.06606,8.49635],[-8.07603,8.4964],[-8.08552,8.48896],[-8.08958,8.48148],[-8.10088,8.4771],[-8.10632,8.48274],[-8.11923,8.48032],[-8.12798,8.48792],[-8.1413,8.47944],[-8.14477,8.49075],[-8.15689,8.49065],[-8.16397,8.49759],[-8.17717,8.49993],[-8.18463,8.49687],[-8.1936,8.47414],[-8.20993,8.46232],[-8.22975,8.46491],[-8.23447,8.46008],[-8.23773,8.41747],[-8.22603,8.40142],[-8.22857,8.39145],[-8.21225,8.35924],[-8.21041,8.34938],[-8.2208,8.32064],[-8.21747,8.31129],[-8.219,8.3053],[-8.21311,8.29519],[-8.21431,8.27876],[-8.22065,8.27093],[-8.23305,8.26335],[-8.2421,8.24299],[-8.23969,8.23],[-8.20764,8.21739],[-8.18899,8.20556],[-8.17149,8.18386],[-8.14558,8.17815],[-8.11717,8.18556],[-8.07622,8.16992],[-8.06283,8.15532],[-8.04866,8.15328],[-8.04459,8.1552],[-8.04619,8.16726],[-8.04063,8.1763],[-8.0343,8.17988],[-8.02051,8.17401],[-8.02419,8.18763],[-8.02301,8.19495],[-8.01794,8.1982],[-8.00783,8.18021],[-8.00143,8.17838],[-7.98596,8.19128],[-7.97763,8.19416],[-7.97249,8.18809],[-7.98474,8.16571],[-7.98787,8.13697],[-7.98422,8.12147],[-7.98963,8.11549],[-7.99711,8.11414],[-8.00214,8.09913],[-7.99645,8.09057],[-7.9845,8.09017],[-7.96832,8.08172],[-7.95133,8.05151],[-7.93468,8.04067],[-7.93666,8.03459],[-7.93306,8.01776],[-7.92394,8.01156],[-7.91373,8.01533],[-7.91254,8.01088],[-7.90804,8.0111],[-7.90226,8.00603],[-7.88686,8.01326],[-7.88626,8.02323],[-7.88072,8.01975],[-7.87393,8.02355],[-7.87367,8.02076],[-7.85665,8.01837],[-7.85394,8.00049],[-7.84848,7.9975],[-7.85165,7.9865],[-7.84737,7.98575],[-7.8423,7.97666],[-7.84798,7.97097],[-7.84566,7.95572],[-7.84229,7.9546],[-7.8386,7.95962],[-7.83182,7.95354],[-7.8216,7.95455],[-7.81357,7.94108],[-7.80639,7.93848],[-7.80026,7.94106],[-7.79638,7.93361],[-7.80163,7.91748],[-7.80016,7.91421],[-7.79561,7.91754],[-7.78529,7.91236],[-7.78101,7.90722],[-7.78143,7.90079],[-7.76476,7.88811],[-7.72343,7.88205],[-7.70878,7.8872],[-7.70441,7.88059],[-7.70887,7.87652],[-7.70452,7.86631],[-7.69978,7.86357],[-7.68795,7.8662],[-7.69049,7.85758],[-7.68512,7.84941],[-7.67815,7.84654],[-7.668,7.85537],[-7.652,7.84025],[-7.6446,7.84584],[-7.6318,7.84119],[-7.62452,7.84923],[-7.6149,7.84959],[-7.61137,7.85506],[-7.61497,7.864],[-7.60668,7.87189],[-7.59306,7.86917],[-7.58928,7.87628],[-7.58474,7.87109],[-7.5865,7.86532],[-7.58143,7.86015],[-7.57284,7.85847],[-7.56647,7.86039],[-7.56051,7.86721],[-7.5527,7.86803],[-7.55354,7.87472],[-7.54411,7.86078],[-7.53932,7.86867],[-7.53137,7.86748],[-7.52399,7.87595],[-7.52175,7.88259],[-7.52465,7.88985],[-7.51748,7.89298],[-7.51614,7.9034],[-7.52578,7.91395],[-7.51788,7.9197],[-7.50849,7.91959],[-7.50697,7.92367],[-7.51316,7.93176],[-7.52434,7.9375],[-7.51797,7.96106],[-7.51853,7.99098],[-7.5132,8.00474],[-7.51567,8.01728],[-7.50895,8.0282],[-7.50922,8.03824],[-7.52203,8.05522],[-7.52226,8.07118],[-7.51816,8.07919],[-7.49178,8.10416],[-7.48868,8.12503],[-7.47453,8.14464],[-7.45721,8.15373],[-7.43652,8.15456],[-7.43273,8.13604],[-7.42749,8.12702],[-7.39978,8.11923],[-7.39243,8.11186],[-7.35004,8.08632],[-7.33478,8.08183],[-7.31989,8.06793],[-7.31528,8.06933],[-7.31287,8.06553],[-7.29688,8.06265],[-7.28751,8.04467],[-7.27299,8.03334],[-7.2705,8.0239],[-7.25809,8.01027],[-7.25688,7.99155],[-7.25148,7.98692],[-7.25298,7.98249],[-7.24939,7.97736],[-7.11901,7.97811],[-7.06871,7.98799],[-7.07125,8.0017],[-7.08728,8.01481],[-7.08919,8.02239],[-7.08055,8.03629],[-7.08559,8.04475],[-7.09532,8.04529],[-7.09821,8.06825],[-7.10521,8.08023],[-7.09995,8.0874],[-7.08523,8.09521],[-7.08002,8.10801],[-7.09437,8.13189],[-7.10681,8.14585],[-7.10376,8.16474],[-7.0931,8.16679],[-7.08653,8.17422],[-7.08849,8.17984],[-7.09812,8.18328],[-7.10006,8.19382],[-7.11493,8.21237],[-7.11592,8.21937],[-7.13324,8.2333],[-7.13275,8.23827],[-7.11246,8.24651],[-7.10868,8.25233],[-7.11765,8.28744],[-7.13517,8.29883],[-7.1342,8.30342],[-7.12896,8.307],[-7.1181,8.30604],[-7.102,8.31034],[-7.09844,8.31373],[-7.09783,8.3227],[-7.11313,8.33778],[-7.12559,8.34312],[-7.12928,8.34793],[-7.14177,8.34856],[-7.1412,8.36449],[-7.13155,8.36745],[-7.13032,8.37302],[-7.1483,8.38328],[-7.15026,8.3954],[-7.14493,8.40783],[-7.15059,8.42695],[-7.1652,8.43365],[-7.15765,8.43559],[-7.15839,8.45139],[-7.16739,8.45438],[-7.17129,8.46447],[-7.15862,8.47327],[-7.16088,8.49903],[-7.1795,8.51196],[-7.19871,8.51498],[-7.2093,8.52569],[-7.21379,8.53508],[-7.21467,8.54715],[-7.22545,8.55485],[-7.21899,8.56283],[-7.21937,8.57313],[-7.22758,8.57996],[-7.23084,8.59081],[-7.23559,8.5937],[-7.23658,8.60756],[-7.23177,8.61414],[-7.23705,8.61844],[-7.23852,8.62692],[-7.24904,8.63325],[-7.25458,8.64569],[-7.26396,8.65204],[-7.26934,8.66111],[-7.27995,8.67062],[-7.30821,8.68164],[-7.31175,8.67722],[-7.32155,8.67482],[-7.32518,8.67746],[-7.34017,8.67783],[-7.34479,8.68703],[-7.35091,8.67992],[-7.35986,8.67955],[-7.36536,8.68348],[-7.36735,8.69051],[-7.36332,8.69173],[-7.36958,8.70157],[-7.36483,8.70876],[-7.38018,8.72492],[-7.38809,8.74122],[-7.40108,8.7384],[-7.40406,8.7449],[-7.39547,8.75083],[-7.39743,8.75526],[-7.41664,8.7604],[-7.42067,8.75649],[-7.45165,8.77978],[-7.46904,8.80288],[-7.50363,8.83392],[-7.53143,8.84264],[-7.53458,8.84914],[-7.54227,8.85177],[-7.54779,8.86882],[-7.54539,8.88179],[-7.56375,8.89971],[-7.55766,8.90786],[-7.56948,8.91518],[-7.57043,8.92824],[-7.58257,8.93007],[-7.61191,8.95288],[-7.63824,8.95957],[-7.6424,8.96783],[-7.65669,8.96132],[-7.67494,8.96677],[-7.68118,8.98023],[-7.68023,9.00584],[-7.68632,9.02423],[-7.68597,9.04135],[-7.69597,9.05653],[-7.71925,9.07004]]]}},{"type":"Feature","properties":{"id":"CIV:ADM1:CIV-3441","name":"Dix-Huit Montagnes","countryCode":"CIV"},"geometry":{"type":"Polygon","coordinates":[[[-7.07495,7.71985],[-7.06946,7.71224],[-7.07056,7.69526],[-7.07825,7.68882],[-7.07937,7.68254],[-7.06487,7.65587],[-7.0665,7.64034],[-7.05684,7.62718],[-7.04748,7.62506],[-7.04173,7.60945],[-7.02325,7.61655],[-7.01655,7.61382],[-7.00219,7.58907],[-6.99451,7.58889],[-6.98657,7.58009],[-6.98544,7.55544],[-6.99711,7.55313],[-7.01394,7.55618],[-7.02422,7.55328],[-7.03839,7.54305],[-7.04147,7.53701],[-7.04081,7.52974],[-7.02388,7.51032],[-7.02696,7.49209],[-7.02285,7.4784],[-7.01322,7.4646],[-7.00165,7.45663],[-7.00242,7.44662],[-7.0169,7.42588],[-7.04612,7.42115],[-7.04887,7.41607],[-7.04292,7.40389],[-7.04406,7.40017],[-7.05293,7.39657],[-7.06047,7.38407],[-7.07355,7.38387],[-7.08188,7.37636],[-7.08196,7.36949],[-7.07248,7.3607],[-7.05835,7.33408],[-7.06859,7.30599],[-7.06295,7.28525],[-7.06908,7.26588],[-7.06709,7.25311],[-7.07188,7.23145],[-7.07035,7.21898],[-7.06092,7.20173],[-7.06384,7.19468],[-7.07533,7.19345],[-7.08629,7.18481],[-7.08087,7.17388],[-7.06548,7.16697],[-7.05362,7.15141],[-7.05324,7.14558],[-7.05852,7.14251],[-7.06177,7.13474],[-7.05946,7.10878],[-7.05194,7.10829],[-7.05071,7.09934],[-7.04465,7.09708],[-7.04269,7.09209],[-7.05143,7.06851],[-7.05128,7.05881],[-7.0561,7.04689],[-7.05592,7.02741],[-7.06202,7.01158],[-7.06293,7.00392],[-7.05659,6.99402],[-7.05644,6.97752],[-7.06336,6.95013],[-7.05956,6.93414],[-7.04238,6.92092],[-7.03929,6.90956],[-7.04419,6.89247],[-7.0597,6.8815],[-7.06038,6.84652],[-7.05648,6.8417],[-7.03988,6.83393],[-7.02762,6.83557],[-7.00558,6.83064],[-6.99084,6.79383],[-6.99622,6.77464],[-6.98285,6.75018],[-6.98435,6.73299],[-6.99044,6.72427],[-6.97858,6.71827],[-6.97323,6.71147],[-6.981,6.6955],[-6.98937,6.68788],[-6.99106,6.67944],[-6.98264,6.65447],[-6.98675,6.6228],[-7.02168,6.5881],[-7.01792,6.57386],[-6.99677,6.56222],[-7.00001,6.55631],[-7.12989,6.45816],[-7.14985,6.46276],[-7.15722,6.44676],[-7.15441,6.4419],[-7.15633,6.43184],[-7.12612,6.40531],[-7.15306,6.39759],[-7.1603,6.37711],[-7.17038,6.37378],[-7.17751,6.34542],[-7.17688,6.33169],[-7.19799,6.39606],[-7.21327,6.41354],[-7.22131,6.42903],[-7.24988,6.45867],[-7.2653,6.4672],[-7.3154,6.53318],[-7.39642,6.58932],[-7.50247,6.64299],[-7.5465,6.6713],[-7.54331,6.68392],[-7.53839,6.68838],[-7.55907,6.69745],[-7.56028,6.70294],[-7.55376,6.70473],[-7.56038,6.71619],[-7.56254,6.7255],[-7.56006,6.7308],[-7.56437,6.73213],[-7.57483,6.72787],[-7.576,6.73971],[-7.5813,6.7415],[-7.58193,6.75293],[-7.57704,6.76723],[-7.57196,6.77134],[-7.57287,6.77546],[-7.56612,6.79035],[-7.5675,6.79454],[-7.57618,6.79787],[-7.58544,6.79004],[-7.58845,6.80321],[-7.59509,6.8057],[-7.60105,6.80085],[-7.60925,6.84409],[-7.61581,6.84893],[-7.62006,6.84777],[-7.6275,6.85541],[-7.63721,6.85663],[-7.63109,6.8632],[-7.84048,6.86926],[-7.88482,6.94556],[-7.89483,6.94661],[-7.90998,6.96222],[-7.9313,6.9668],[-7.93618,6.95843],[-7.94594,6.95788],[-7.95238,6.96298],[-7.97556,6.96912],[-7.99247,6.97915],[-7.99618,6.9763],[-7.99112,6.97318],[-7.99768,6.96973],[-7.99647,6.96271],[-8.00755,6.96306],[-8.00873,6.95551],[-8.01343,6.96163],[-8.01537,6.96022],[-8.01887,6.95217],[-8.01285,6.94816],[-8.02496,6.93925],[-8.03276,6.93885],[-8.03338,6.93104],[-8.04573,6.9285],[-8.042,6.92319],[-8.05386,6.91959],[-8.06075,6.91057],[-8.0631,6.91041],[-8.0607,6.91964],[-8.06653,6.92236],[-8.07214,6.91918],[-8.07353,6.90786],[-8.07978,6.90261],[-8.07716,6.89247],[-8.08465,6.8993],[-8.09491,6.89283],[-8.10176,6.89299],[-8.10306,6.88868],[-8.1001,6.88567],[-8.0976,6.88875],[-8.09708,6.88178],[-8.08479,6.87632],[-8.09048,6.8736],[-8.09171,6.87802],[-8.09546,6.87647],[-8.09461,6.86516],[-8.0857,6.86277],[-8.08823,6.85908],[-8.0941,6.86287],[-8.10131,6.85497],[-8.10831,6.85282],[-8.10633,6.83942],[-8.11015,6.83864],[-8.1091,6.83366],[-8.1026,6.83206],[-8.09876,6.84483],[-8.09388,6.84002],[-8.09403,6.83533],[-8.09593,6.83051],[-8.09952,6.83164],[-8.10025,6.82931],[-8.08739,6.82136],[-8.09015,6.81831],[-8.08585,6.81598],[-8.08683,6.81111],[-8.09287,6.80775],[-8.08901,6.80552],[-8.0829,6.80885],[-8.0897,6.80209],[-8.09855,6.80809],[-8.10482,6.79551],[-8.11333,6.80075],[-8.11215,6.79062],[-8.11893,6.7912],[-8.1235,6.78087],[-8.12799,6.78675],[-8.13215,6.78668],[-8.14437,6.77379],[-8.14123,6.77014],[-8.15079,6.76138],[-8.16026,6.76575],[-8.1653,6.7615],[-8.15885,6.75113],[-8.16316,6.74549],[-8.16335,6.73505],[-8.15751,6.73241],[-8.15931,6.72521],[-8.16631,6.72124],[-8.15943,6.72029],[-8.16111,6.71792],[-8.1738,6.71631],[-8.17831,6.70775],[-8.1931,6.70498],[-8.19708,6.70807],[-8.1893,6.71519],[-8.19444,6.72422],[-8.19897,6.72778],[-8.21183,6.72791],[-8.21075,6.71536],[-8.2122,6.71305],[-8.21957,6.71486],[-8.221,6.71225],[-8.21696,6.7058],[-8.23011,6.69969],[-8.23171,6.69513],[-8.22042,6.68865],[-8.21995,6.68255],[-8.21383,6.67896],[-8.21983,6.68096],[-8.22108,6.67248],[-8.23535,6.67372],[-8.23523,6.66427],[-8.23959,6.66382],[-8.2453,6.6726],[-8.25208,6.6706],[-8.2508,6.6665],[-8.24084,6.66003],[-8.23759,6.65099],[-8.25205,6.64436],[-8.25035,6.6399],[-8.24369,6.64304],[-8.24777,6.63834],[-8.24346,6.62766],[-8.24638,6.62039],[-8.2507,6.61876],[-8.26679,6.62528],[-8.2704,6.61632],[-8.28251,6.60904],[-8.28537,6.59671],[-8.28796,6.59643],[-8.29147,6.6036],[-8.30354,6.60215],[-8.30901,6.58957],[-8.32135,6.58187],[-8.43745,6.65684],[-8.43576,6.66313],[-8.43273,6.65822],[-8.42914,6.65898],[-8.42568,6.67235],[-8.42027,6.67205],[-8.4188,6.66883],[-8.41277,6.67826],[-8.4074,6.68084],[-8.40528,6.68519],[-8.41012,6.69883],[-8.40519,6.70969],[-8.39121,6.71597],[-8.39095,6.72534],[-8.38114,6.71752],[-8.38084,6.72329],[-8.38486,6.72865],[-8.37414,6.73633],[-8.3699,6.74395],[-8.36517,6.7404],[-8.36054,6.74513],[-8.35841,6.7484],[-8.36388,6.75446],[-8.36034,6.75955],[-8.34812,6.76257],[-8.34553,6.75683],[-8.34265,6.75722],[-8.34626,6.78997],[-8.33013,6.79808],[-8.32916,6.8089],[-8.32196,6.80934],[-8.32055,6.8126],[-8.32858,6.82152],[-8.32936,6.82691],[-8.31011,6.84622],[-8.30993,6.8628],[-8.31449,6.85122],[-8.31844,6.84938],[-8.32316,6.85257],[-8.32584,6.86659],[-8.33315,6.87588],[-8.33287,6.88237],[-8.32609,6.88857],[-8.32584,6.89866],[-8.30857,6.90174],[-8.30753,6.90607],[-8.31637,6.92291],[-8.3237,6.96499],[-8.29964,6.97391],[-8.2889,6.98124],[-8.28397,6.99138],[-8.27717,6.99614],[-8.27615,7.00192],[-8.28237,7.00978],[-8.28211,7.01807],[-8.29185,7.01832],[-8.29444,7.02406],[-8.29017,7.02951],[-8.2942,7.03523],[-8.30706,7.08734],[-8.30208,7.09352],[-8.30396,7.10034],[-8.29592,7.12242],[-8.30292,7.13531],[-8.29475,7.14586],[-8.28219,7.15141],[-8.28284,7.17662],[-8.28615,7.18271],[-8.2926,7.17867],[-8.31152,7.19251],[-8.3174,7.20109],[-8.32856,7.19916],[-8.33617,7.20267],[-8.33665,7.21239],[-8.34144,7.22135],[-8.3465,7.22165],[-8.34947,7.22846],[-8.36472,7.23657],[-8.36404,7.24018],[-8.36841,7.24409],[-8.35776,7.25863],[-8.35606,7.26694],[-8.35973,7.27266],[-8.3666,7.27366],[-8.36449,7.27873],[-8.39643,7.32447],[-8.40206,7.37196],[-8.39793,7.38822],[-8.4025,7.40762],[-8.41638,7.4215],[-8.41722,7.43122],[-8.41042,7.43599],[-8.4084,7.4479],[-8.41295,7.4655],[-8.41198,7.47416],[-8.41974,7.4892],[-8.41763,7.49319],[-8.4253,7.50102],[-8.42706,7.52658],[-8.43723,7.53113],[-8.45229,7.52302],[-8.47092,7.5408],[-8.46983,7.54817],[-8.42632,7.59015],[-8.40039,7.62434],[-8.395,7.62657],[-8.39023,7.6234],[-8.39011,7.61114],[-8.37924,7.60803],[-8.38183,7.58386],[-8.35832,7.58055],[-8.34643,7.58286],[-8.33888,7.58511],[-8.32859,7.60037],[-8.30915,7.6053],[-8.30495,7.58625],[-8.26756,7.57013],[-8.22387,7.54074],[-8.21364,7.53077],[-8.20154,7.54641],[-8.18037,7.55748],[-8.17371,7.57414],[-8.18347,7.60538],[-8.17425,7.61918],[-8.16908,7.63979],[-8.15369,7.65151],[-8.14934,7.65084],[-8.14188,7.66102],[-8.14958,7.67066],[-8.13401,7.69788],[-8.11764,7.71862],[-8.10214,7.76128],[-8.10252,7.7827],[-8.09435,7.79469],[-8.11346,7.82042],[-8.10674,7.83239],[-8.12406,7.83074],[-8.12707,7.84007],[-8.12422,7.84299],[-8.13238,7.8602],[-8.13045,7.88004],[-8.11942,7.89388],[-8.11738,7.90436],[-8.09659,7.94787],[-8.09683,7.96731],[-8.08793,7.9786],[-8.08355,7.9979],[-8.07084,7.99933],[-8.06336,8.01795],[-8.05465,8.02317],[-8.0512,8.03275],[-8.03732,8.04017],[-8.03086,8.03512],[-8.01262,8.03046],[-7.99372,8.04055],[-7.98548,8.04042],[-7.97441,8.03144],[-7.97745,8.01825],[-7.973,8.01412],[-7.96068,8.02027],[-7.9395,8.00908],[-7.93248,8.01331],[-7.93306,8.01776],[-7.92394,8.01156],[-7.91373,8.01533],[-7.91254,8.01088],[-7.90804,8.0111],[-7.90226,8.00603],[-7.88686,8.01326],[-7.88626,8.02323],[-7.88072,8.01975],[-7.87393,8.02355],[-7.87367,8.02076],[-7.85665,8.01837],[-7.85394,8.00049],[-7.84848,7.9975],[-7.85165,7.9865],[-7.84737,7.98575],[-7.8423,7.97666],[-7.84798,7.97097],[-7.84566,7.95572],[-7.84229,7.9546],[-7.8386,7.95962],[-7.83182,7.95354],[-7.8216,7.95455],[-7.81357,7.94108],[-7.80639,7.93848],[-7.80026,7.94106],[-7.79638,7.93361],[-7.80163,7.91748],[-7.80016,7.91421],[-7.79561,7.91754],[-7.78529,7.91236],[-7.78101,7.90722],[-7.78143,7.90079],[-7.77465,7.89746],[-7.7706,7.89008],[-7.73814,7.88246],[-7.72878,7.88473],[-7.72343,7.88205],[-7.70878,7.8872],[-7.70441,7.88059],[-7.70887,7.87652],[-7.70324,7.86452],[-7.68795,7.8662],[-7.68995,7.85511],[-7.67815,7.84654],[-7.668,7.85537],[-7.652,7.84025],[-7.6446,7.84584],[-7.6318,7.84119],[-7.62452,7.84923],[-7.61152,7.85245],[-7.61497,7.864],[-7.60878,7.87062],[-7.59306,7.86917],[-7.58928,7.87628],[-7.58474,7.87109],[-7.5865,7.86532],[-7.58143,7.86015],[-7.56647,7.86039],[-7.56051,7.86721],[-7.5527,7.86803],[-7.55354,7.87472],[-7.54411,7.86078],[-7.53932,7.86867],[-7.53137,7.86748],[-7.5282,7.87065],[-7.52175,7.88259],[-7.52465,7.88985],[-7.51748,7.89298],[-7.51614,7.9034],[-7.52578,7.91395],[-7.51788,7.9197],[-7.50849,7.91959],[-7.50697,7.92367],[-7.51316,7.93176],[-7.52434,7.9375],[-7.51797,7.96106],[-7.51853,7.99098],[-7.5132,8.00474],[-7.51567,8.01728],[-7.50895,8.0282],[-7.50922,8.03824],[-7.52203,8.05522],[-7.52226,8.07118],[-7.51816,8.07919],[-7.49178,8.10416],[-7.48868,8.12503],[-7.47453,8.14464],[-7.45721,8.15373],[-7.43652,8.15456],[-7.43273,8.13604],[-7.42749,8.12702],[-7.39978,8.11923],[-7.39243,8.11186],[-7.35004,8.08632],[-7.33478,8.08183],[-7.31989,8.06793],[-7.31528,8.06933],[-7.31287,8.06553],[-7.29688,8.06265],[-7.28751,8.04467],[-7.27299,8.03334],[-7.2705,8.0239],[-7.25809,8.01027],[-7.25688,7.99155],[-7.25148,7.98692],[-7.25298,7.98249],[-7.24939,7.97736],[-7.11901,7.97811],[-7.06871,7.98799],[-7.07708,7.96029],[-7.0687,7.94304],[-7.0726,7.9259],[-7.07832,7.91905],[-7.09952,7.90672],[-7.10335,7.88422],[-7.11779,7.87901],[-7.11974,7.86875],[-7.11717,7.85581],[-7.08359,7.85526],[-7.07596,7.84546],[-7.07709,7.81362],[-7.08217,7.8055],[-7.07909,7.76628],[-7.08101,7.75891],[-7.07617,7.72997],[-7.07851,7.71904],[-7.07495,7.71985]],[[-7.12609,7.72563],[-7.14946,7.723],[-7.15024,7.72197],[-7.12609,7.72563]],[[-7.27995,7.57298],[-7.29003,7.55709],[-7.28975,7.55661],[-7.27995,7.57298]],[[-7.28657,7.55461],[-7.28873,7.55485],[-7.28637,7.5508],[-7.28657,7.55461]],[[-7.28624,7.54824],[-7.28634,7.55009],[-7.29041,7.5423],[-7.28624,7.54824]],[[-7.98523,6.98993],[-7.98952,6.98736],[-7.98928,6.98459],[-7.98523,6.98993]]]}},{"type":"Feature","properties":{"id":"CIV:ADM1:CIV-3443","name":"Worodougou","countryCode":"CIV"},"geometry":{"type":"Polygon","coordinates":[[[-6.70042,9.06196],[-6.68142,9.06168],[-6.65307,9.06816],[-6.6102,9.05973],[-6.59763,9.06567],[-6.57555,9.06814],[-6.56991,9.07506],[-6.55906,9.10576],[-6.57098,9.11047],[-6.57635,9.11615],[-6.57648,9.1296],[-6.57024,9.13961],[-6.57124,9.14755],[-6.56717,9.15825],[-6.55567,9.1596],[-6.49875,9.14461],[-6.49827,9.12735],[-6.48159,9.08226],[-6.47772,9.06162],[-6.44292,9.06687],[-6.41836,9.093],[-6.40304,9.12826],[-6.37239,9.15693],[-6.35557,9.18644],[-6.34599,9.19637],[-6.34092,9.20969],[-6.32133,9.20914],[-6.30531,9.19532],[-6.29538,9.20078],[-6.27894,9.19292],[-6.27727,9.1959],[-6.26917,9.19534],[-6.25946,9.1995],[-6.25126,9.18576],[-6.22985,9.165],[-6.22114,9.14953],[-6.22952,9.12477],[-6.25912,9.08646],[-6.26809,9.06208],[-6.24905,9.02868],[-6.2449,8.99438],[-6.13481,8.94151],[-6.12886,8.91135],[-6.00207,8.69417],[-5.99559,8.6756],[-5.97898,8.65561],[-5.97279,8.65192],[-5.93446,8.64853],[-5.91302,8.64056],[-5.905,8.64723],[-5.70823,8.53863],[-5.63495,8.54524],[-5.62369,8.54106],[-5.62113,8.5418],[-5.62138,8.5476],[-5.60364,8.5399],[-5.60554,8.52885],[-5.58979,8.51796],[-5.59515,8.50092],[-5.5757,8.48736],[-5.54768,8.47863],[-5.53516,8.4682],[-5.52045,8.46532],[-5.53667,8.44983],[-5.54749,8.44495],[-5.56571,8.45219],[-5.57075,8.45835],[-5.58949,8.46379],[-5.5966,8.45963],[-5.60714,8.46129],[-5.61178,8.45314],[-5.6322,8.45174],[-5.63459,8.44475],[-5.63108,8.43792],[-5.60582,8.42356],[-5.58295,8.4148],[-5.56384,8.39224],[-5.55076,8.38243],[-5.5183,8.37824],[-5.50595,8.38194],[-5.50331,8.36837],[-5.49657,8.35998],[-5.48347,8.36148],[-5.47177,8.3525],[-5.46373,8.35206],[-5.43427,8.33424],[-5.4192,8.31358],[-5.39601,8.30636],[-5.39019,8.27875],[-5.3826,8.27493],[-5.37768,8.27677],[-5.36768,8.27388],[-5.35358,8.26731],[-5.3392,8.25551],[-5.33856,8.24897],[-5.34646,8.24854],[-5.36563,8.25898],[-5.37503,8.25682],[-5.36726,8.23641],[-5.3465,8.22019],[-5.35681,8.20061],[-5.35176,8.17655],[-5.36112,8.1661],[-5.40043,8.16966],[-5.40569,8.16741],[-5.40348,8.16533],[-5.40714,8.15571],[-5.39683,8.13658],[-5.40011,8.12263],[-5.39744,8.10508],[-5.40273,8.10186],[-5.40981,8.10104],[-5.42155,8.10864],[-5.42424,8.10274],[-5.44741,8.11582],[-5.45464,8.11569],[-5.45986,8.10603],[-5.47188,8.1069],[-5.47522,8.10885],[-5.47659,8.11729],[-5.483,8.12195],[-5.48869,8.11369],[-5.49457,8.11097],[-5.50876,8.11082],[-5.51152,8.12277],[-5.51486,8.12523],[-5.52544,8.12011],[-5.52601,8.11589],[-5.51827,8.10755],[-5.51971,8.09674],[-5.51528,8.08468],[-5.51993,8.07974],[-5.52581,8.08226],[-5.52805,8.08012],[-5.52528,8.07066],[-5.5278,8.06463],[-5.54236,8.06005],[-5.54717,8.04019],[-5.5596,8.04309],[-5.5545,8.03215],[-5.5655,8.03039],[-5.56919,8.02361],[-5.73148,8.02673],[-5.73654,8.02028],[-5.73851,7.98704],[-5.75246,7.97107],[-5.74866,7.95891],[-5.75121,7.93595],[-5.75805,7.93173],[-5.76408,7.92001],[-5.76318,7.91418],[-5.76952,7.89655],[-5.76629,7.87277],[-5.77205,7.84564],[-5.76107,7.81323],[-5.77102,7.80406],[-5.74755,7.77271],[-5.73825,7.75108],[-5.68772,7.70241],[-5.69344,7.66082],[-5.68837,7.63159],[-5.72249,7.61674],[-5.70285,7.60224],[-5.68801,7.57307],[-5.69635,7.54757],[-5.72588,7.5437],[-5.73115,7.55268],[-5.72987,7.56123],[-5.7349,7.5664],[-5.74046,7.58424],[-5.74671,7.59112],[-5.75673,7.58947],[-5.76632,7.59508],[-5.79798,7.63259],[-5.79827,7.63839],[-5.79092,7.64603],[-5.78276,7.66802],[-5.79413,7.69866],[-5.79466,7.74176],[-5.80699,7.75149],[-5.83574,7.75284],[-5.85099,7.73769],[-5.85719,7.73569],[-5.95229,7.72946],[-5.98061,7.75414],[-5.99765,7.7468],[-6.02082,7.75351],[-6.03496,7.74898],[-6.05126,7.71843],[-6.04867,7.71144],[-6.05166,7.7109],[-6.05522,7.71864],[-6.0608,7.71592],[-6.0638,7.69939],[-6.05513,7.68744],[-6.05911,7.6854],[-6.05906,7.67902],[-6.06625,7.67341],[-6.06701,7.66687],[-6.0742,7.65636],[-6.10505,7.63627],[-6.11009,7.63617],[-6.11942,7.64427],[-6.13786,7.65271],[-6.16804,7.65784],[-6.18558,7.67547],[-6.19215,7.67617],[-6.2004,7.68278],[-6.21337,7.68417],[-6.21573,7.69275],[-6.21249,7.72853],[-6.23676,7.7566],[-6.2381,7.76389],[-6.23513,7.7733],[-6.24314,7.77999],[-6.25907,7.77944],[-6.33456,7.77789],[-6.36805,7.77109],[-6.46198,7.73525],[-6.59862,7.79584],[-6.61805,7.80003],[-6.99835,7.80323],[-7.08072,7.79544],[-7.08217,7.8055],[-7.07709,7.81362],[-7.07753,7.84985],[-7.08359,7.85526],[-7.0914,7.85665],[-7.11717,7.85581],[-7.11974,7.86875],[-7.11779,7.87901],[-7.10335,7.88422],[-7.09952,7.90672],[-7.07832,7.91905],[-7.0726,7.9259],[-7.0687,7.94304],[-7.07708,7.96029],[-7.06871,7.98799],[-7.07125,8.0017],[-7.08728,8.01481],[-7.08919,8.02239],[-7.08055,8.03629],[-7.08559,8.04475],[-7.09532,8.04529],[-7.09821,8.06825],[-7.10521,8.08023],[-7.09995,8.0874],[-7.08523,8.09521],[-7.08002,8.10801],[-7.09437,8.13189],[-7.10681,8.14585],[-7.10376,8.16474],[-7.0931,8.16679],[-7.08653,8.17422],[-7.08849,8.17984],[-7.09812,8.18328],[-7.10006,8.19382],[-7.11493,8.21237],[-7.11592,8.21937],[-7.13324,8.2333],[-7.13275,8.23827],[-7.11246,8.24651],[-7.10868,8.25233],[-7.11765,8.28744],[-7.13517,8.29883],[-7.1342,8.30342],[-7.12896,8.307],[-7.1181,8.30604],[-7.102,8.31034],[-7.09844,8.31373],[-7.09783,8.3227],[-7.11313,8.33778],[-7.12559,8.34312],[-7.12928,8.34793],[-7.14177,8.34856],[-7.1412,8.36449],[-7.13155,8.36745],[-7.13032,8.37302],[-7.1483,8.38328],[-7.15026,8.3954],[-7.14493,8.40783],[-7.15059,8.42695],[-7.1652,8.43365],[-7.15765,8.43559],[-7.15839,8.45139],[-7.16739,8.45438],[-7.17129,8.46447],[-7.15862,8.47327],[-7.16088,8.49903],[-7.1686,8.50237],[-7.18528,8.51995],[-7.17755,8.52599],[-7.17836,8.53038],[-7.18623,8.53562],[-7.18015,8.54264],[-7.1913,8.55534],[-7.20241,8.56197],[-7.20679,8.57323],[-7.19807,8.58357],[-7.19699,8.59043],[-7.19924,8.59366],[-7.2052,8.59201],[-7.2071,8.589],[-7.20461,8.58664],[-7.21548,8.59474],[-7.20164,8.59696],[-7.20604,8.62311],[-7.2152,8.62345],[-7.21705,8.61843],[-7.21947,8.62322],[-7.21332,8.6301],[-7.21384,8.6359],[-7.20802,8.6447],[-7.21017,8.65084],[-7.21592,8.65425],[-7.20893,8.66884],[-7.21407,8.68601],[-7.20741,8.68881],[-7.19972,8.70672],[-7.20475,8.73157],[-7.19237,8.73873],[-7.20179,8.75318],[-7.20197,8.76464],[-7.18991,8.77279],[-7.18528,8.7801],[-7.19571,8.78202],[-7.20232,8.78991],[-7.20072,8.79662],[-7.19046,8.8059],[-7.19835,8.80906],[-7.20085,8.82103],[-7.20998,8.82663],[-7.19705,8.83331],[-7.19528,8.84409],[-7.20865,8.84433],[-7.20964,8.86882],[-7.2209,8.87282],[-7.22385,8.87724],[-7.21936,8.88458],[-7.21372,8.87852],[-7.21264,8.88767],[-7.21772,8.89588],[-7.21154,8.9186],[-7.22423,8.92652],[-7.22795,8.9331],[-7.2281,8.94317],[-7.22094,8.9567],[-7.18773,8.95277],[-7.17715,8.95431],[-7.16986,8.99252],[-7.15988,8.99576],[-7.15277,9.00413],[-7.14968,8.99861],[-7.14657,8.99872],[-7.12046,9.03628],[-7.10893,9.04606],[-7.07121,9.02934],[-7.03944,8.98083],[-7.01843,8.96804],[-6.98575,8.97339],[-6.96157,8.9648],[-6.94383,8.97416],[-6.92304,8.95518],[-6.91801,8.94471],[-6.90213,8.93876],[-6.90733,8.98677],[-6.90613,9.00537],[-6.9031,9.01103],[-6.90494,9.01848],[-6.8981,9.03217],[-6.90024,9.03742],[-6.89724,9.05458],[-6.88939,9.06668],[-6.87138,9.07651],[-6.86165,9.07738],[-6.83427,9.07053],[-6.82425,9.07642],[-6.81592,9.08722],[-6.80542,9.08978],[-6.79988,9.09672],[-6.78474,9.10463],[-6.76838,9.10683],[-6.75399,9.11879],[-6.72085,9.11626],[-6.71176,9.10695],[-6.70723,9.10714],[-6.69718,9.10038],[-6.70143,9.08035],[-6.70122,9.05996],[-6.70042,9.06196]]]}},{"type":"Feature","properties":{"id":"CIV:ADM1:CIV-3444","name":"Marahoué","countryCode":"CIV"},"geometry":{"type":"Polygon","coordinates":[[[-5.65086,7.24939],[-5.65474,7.25794],[-5.65242,7.27363],[-5.65536,7.27848],[-5.67394,7.29411],[-5.70183,7.30496],[-5.71756,7.31808],[-5.7221,7.32593],[-5.69834,7.33999],[-5.68977,7.35424],[-5.69268,7.36089],[-5.70189,7.36655],[-5.71043,7.3638],[-5.7229,7.36965],[-5.72956,7.38246],[-5.73448,7.40602],[-5.72605,7.41767],[-5.71614,7.45435],[-5.71843,7.4636],[-5.73811,7.47498],[-5.73375,7.4802],[-5.7351,7.49819],[-5.71278,7.51088],[-5.71287,7.52151],[-5.70938,7.52907],[-5.7225,7.53703],[-5.73115,7.55268],[-5.72987,7.56123],[-5.7349,7.5664],[-5.74046,7.58424],[-5.74671,7.59112],[-5.75673,7.58947],[-5.76632,7.59508],[-5.79798,7.63259],[-5.79827,7.63839],[-5.79092,7.64603],[-5.78276,7.66802],[-5.79413,7.69866],[-5.79466,7.74176],[-5.80699,7.75149],[-5.83574,7.75284],[-5.85099,7.73769],[-5.85719,7.73569],[-5.95229,7.72946],[-5.98061,7.75414],[-5.99765,7.7468],[-6.02082,7.75351],[-6.03496,7.74898],[-6.05126,7.71843],[-6.04867,7.71144],[-6.05166,7.7109],[-6.05522,7.71864],[-6.0608,7.71592],[-6.0638,7.69939],[-6.05513,7.68744],[-6.05911,7.6854],[-6.05906,7.67902],[-6.06625,7.67341],[-6.06701,7.66687],[-6.0742,7.65636],[-6.10505,7.63627],[-6.11009,7.63617],[-6.32905,7.51375],[-6.33743,7.4538],[-6.34839,7.44013],[-6.44172,7.2471],[-6.44175,7.23962],[-6.36194,7.24947],[-6.35061,7.24181],[-6.27896,7.23057],[-6.2106,7.23131],[-6.20997,7.26813],[-6.1813,7.26785],[-6.13849,7.29314],[-6.12163,7.27371],[-6.10985,7.26814],[-6.11923,7.26074],[-6.11943,7.25516],[-6.10927,7.24136],[-6.0894,7.22972],[-6.07358,7.22475],[-6.06963,7.21854],[-6.0597,7.21765],[-6.05073,7.21068],[-6.00536,7.19702],[-5.98854,7.18749],[-5.98114,7.18783],[-5.93561,7.16965],[-5.9998,7.16133],[-6.00214,7.12536],[-6.18371,7.01261],[-6.20204,6.99295],[-6.21377,6.89501],[-6.1828,6.81923],[-6.17745,6.74305],[-6.12823,6.67939],[-6.11565,6.65662],[-6.1197,6.63642],[-6.10346,6.6225],[-6.1056,6.57021],[-6.03784,6.52793],[-5.92409,6.52506],[-5.7507,6.50066],[-5.74854,6.50715],[-5.73915,6.50996],[-5.7337,6.51767],[-5.72835,6.54397],[-5.72161,6.55191],[-5.70908,6.55863],[-5.69351,6.55054],[-5.69151,6.53591],[-5.68342,6.53132],[-5.67678,6.53226],[-5.67155,6.52577],[-5.65276,6.53572],[-5.637,6.53175],[-5.63671,6.54198],[-5.62742,6.54328],[-5.61638,6.55045],[-5.59475,6.55283],[-5.57576,6.55968],[-5.57393,6.56605],[-5.58437,6.58054],[-5.5803,6.58774],[-5.56994,6.58369],[-5.54475,6.60016],[-5.52777,6.59462],[-5.52325,6.596],[-5.52253,6.60254],[-5.51567,6.6057],[-5.50947,6.6023],[-5.50657,6.59209],[-5.50224,6.59155],[-5.49696,6.59898],[-5.48782,6.60283],[-5.48682,6.62259],[-5.46429,6.63269],[-5.45416,6.63361],[-5.44818,6.64544],[-5.43291,6.65021],[-5.40845,6.64931],[-5.39977,6.66596],[-5.40659,6.68585],[-5.40575,6.70416],[-5.42287,6.73896],[-5.43623,6.75796],[-5.4411,6.75848],[-5.44382,6.77826],[-5.46932,6.80125],[-5.48879,6.81045],[-5.48723,6.82922],[-5.4916,6.85427],[-5.51402,6.8637],[-5.52508,6.8834],[-5.52525,6.89418],[-5.53136,6.90324],[-5.52819,6.91504],[-5.51716,6.9249],[-5.50579,6.92919],[-5.50134,6.98746],[-5.49527,7.00299],[-5.4874,7.01119],[-5.48291,7.02933],[-5.46898,7.03475],[-5.46009,7.03065],[-5.4518,7.03949],[-5.46417,7.04261],[-5.47047,7.04754],[-5.48503,7.04991],[-5.48918,7.05531],[-5.4956,7.1097],[-5.48993,7.11491],[-5.48835,7.12366],[-5.48008,7.13497],[-5.48138,7.13829],[-5.52392,7.15784],[-5.54252,7.1553],[-5.55055,7.14255],[-5.56849,7.1386],[-5.58713,7.1403],[-5.61022,7.15428],[-5.61266,7.15965],[-5.6013,7.17308],[-5.6035,7.18611],[-5.6224,7.1901],[-5.63766,7.19895],[-5.65229,7.2001],[-5.67532,7.22152],[-5.67495,7.23486],[-5.66644,7.2375],[-5.65821,7.23302],[-5.65349,7.23766],[-5.65086,7.24939]]]}},{"type":"Feature","properties":{"id":"CIV:ADM1:CIV-3445","name":"Fromager","countryCode":"CIV"},"geometry":{"type":"Polygon","coordinates":[[[-5.2035,6.37082],[-5.20475,6.37571],[-5.21102,6.37766],[-5.24111,6.37383],[-5.27021,6.35552],[-5.29847,6.3568],[-5.30517,6.36309],[-5.30198,6.37133],[-5.31822,6.40774],[-5.31608,6.42318],[-5.31093,6.43101],[-5.32056,6.4595],[-5.31848,6.4655],[-5.30319,6.48062],[-5.29885,6.50009],[-5.30432,6.50482],[-5.3234,6.51022],[-5.32955,6.52453],[-5.32182,6.53507],[-5.30675,6.54225],[-5.3043,6.55119],[-5.30905,6.56239],[-5.29945,6.57431],[-5.30934,6.59016],[-5.3376,6.59977],[-5.35753,6.60189],[-5.39454,6.59734],[-5.40712,6.60194],[-5.41694,6.61784],[-5.41229,6.64834],[-5.43291,6.65021],[-5.4505,6.64367],[-5.45416,6.63361],[-5.46429,6.63269],[-5.48682,6.62259],[-5.48782,6.60283],[-5.49696,6.59898],[-5.50224,6.59155],[-5.50657,6.59209],[-5.50947,6.6023],[-5.51567,6.6057],[-5.52253,6.60254],[-5.52325,6.596],[-5.52777,6.59462],[-5.54475,6.60016],[-5.56994,6.58369],[-5.5803,6.58774],[-5.58437,6.58054],[-5.57393,6.56605],[-5.57576,6.55968],[-5.59475,6.55283],[-5.61638,6.55045],[-5.62742,6.54328],[-5.63671,6.54198],[-5.637,6.53175],[-5.65276,6.53572],[-5.67155,6.52577],[-5.67678,6.53226],[-5.68342,6.53132],[-5.69151,6.53591],[-5.69351,6.55054],[-5.70908,6.55863],[-5.72161,6.55191],[-5.72835,6.54397],[-5.7337,6.51767],[-5.73915,6.50996],[-5.74854,6.50715],[-5.7507,6.50066],[-5.92409,6.52506],[-6.03784,6.52793],[-6.03868,6.51918],[-6.04567,6.50937],[-6.0561,6.5031],[-6.21438,6.33578],[-6.31054,6.34442],[-6.33132,6.32056],[-6.33413,6.31111],[-6.4045,6.29712],[-6.41212,6.16421],[-6.39972,6.133],[-6.38051,6.09839],[-6.35556,6.03407],[-6.29009,5.93585],[-6.29109,5.91221],[-6.28021,5.90139],[-6.27574,5.88953],[-6.27946,5.88328],[-6.2772,5.86598],[-6.26708,5.86018],[-6.26623,5.85289],[-6.24968,5.84493],[-6.24259,5.82291],[-6.24707,5.80581],[-6.24258,5.80249],[-6.24029,5.79504],[-6.2296,5.78667],[-6.2304,5.77137],[-6.22715,5.76939],[-6.23136,5.76272],[-6.22677,5.76335],[-6.22027,5.7552],[-6.22396,5.75234],[-6.22332,5.74547],[-6.22923,5.73959],[-6.23164,5.72735],[-6.22148,5.71192],[-6.22657,5.70538],[-6.22669,5.69613],[-6.22393,5.69553],[-6.18893,5.76988],[-6.11656,5.77204],[-6.10352,5.76706],[-6.10588,5.75401],[-6.10164,5.75312],[-6.09734,5.74645],[-6.09061,5.74969],[-6.06757,5.73622],[-6.07064,5.72908],[-6.06842,5.72596],[-6.07515,5.72304],[-6.07639,5.71941],[-6.07487,5.71099],[-6.07138,5.70834],[-6.07671,5.69487],[-6.06924,5.69675],[-6.0656,5.70847],[-6.05043,5.67274],[-6.04137,5.66551],[-6.04238,5.6616],[-6.0343,5.65368],[-6.02758,5.65526],[-5.96841,5.77421],[-5.94963,5.77034],[-5.83612,5.91284],[-5.79284,5.93875],[-5.79606,6.00301],[-5.77497,6.04946],[-5.77463,6.16044],[-5.73935,6.20651],[-5.68386,6.18868],[-5.67456,6.17928],[-5.66037,6.18099],[-5.65215,6.17578],[-5.65181,6.16779],[-5.64876,6.16479],[-5.62727,6.15735],[-5.61894,6.16712],[-5.58915,6.15523],[-5.56159,6.16563],[-5.54701,6.15659],[-5.53033,6.15163],[-5.51728,6.15343],[-5.52158,6.16609],[-5.48195,6.16028],[-5.44996,6.17432],[-5.43731,6.21028],[-5.37391,6.25882],[-5.36273,6.26396],[-5.35886,6.26382],[-5.34584,6.2492],[-5.3407,6.24755],[-5.31595,6.26627],[-5.29619,6.26865],[-5.24083,6.24206],[-5.2035,6.37082]]]}},{"type":"Feature","properties":{"id":"CIV:ADM1:CIV-3446","name":"Haut-Sassandra","countryCode":"CIV"},"geometry":{"type":"Polygon","coordinates":[[[-6.25907,7.77944],[-6.33456,7.77789],[-6.36805,7.77109],[-6.46198,7.73525],[-6.59862,7.79584],[-6.61805,7.80003],[-6.99835,7.80323],[-7.08072,7.79544],[-7.08101,7.75891],[-7.07617,7.72997],[-7.07959,7.72252],[-7.07861,7.71857],[-7.07495,7.71985],[-7.06946,7.71224],[-7.07056,7.69526],[-7.07825,7.68882],[-7.07937,7.68254],[-7.06487,7.65587],[-7.0665,7.64034],[-7.05684,7.62718],[-7.04748,7.62506],[-7.04173,7.60945],[-7.02325,7.61655],[-7.01655,7.61382],[-7.00219,7.58907],[-6.99451,7.58889],[-6.98782,7.58407],[-6.98415,7.56197],[-6.98776,7.55363],[-7.01394,7.55618],[-7.02422,7.55328],[-7.03839,7.54305],[-7.04147,7.53701],[-7.04081,7.52974],[-7.02388,7.51032],[-7.02696,7.49209],[-7.02285,7.4784],[-7.01322,7.4646],[-7.00165,7.45663],[-7.00242,7.44662],[-7.0169,7.42588],[-7.04612,7.42115],[-7.04887,7.41607],[-7.04292,7.40389],[-7.04406,7.40017],[-7.05293,7.39657],[-7.06047,7.38407],[-7.07355,7.38387],[-7.08188,7.37636],[-7.08196,7.36949],[-7.07248,7.3607],[-7.05835,7.33408],[-7.06859,7.30599],[-7.06295,7.28525],[-7.06908,7.26588],[-7.06709,7.25311],[-7.07188,7.23145],[-7.07035,7.21898],[-7.06092,7.20173],[-7.06384,7.19468],[-7.07533,7.19345],[-7.08629,7.18481],[-7.08087,7.17388],[-7.06548,7.16697],[-7.05362,7.15141],[-7.05324,7.14558],[-7.05852,7.14251],[-7.06177,7.13474],[-7.05946,7.10878],[-7.05194,7.10829],[-7.05071,7.09934],[-7.04465,7.09708],[-7.04269,7.09209],[-7.05143,7.06851],[-7.05128,7.05881],[-7.0561,7.04689],[-7.05592,7.02741],[-7.06202,7.01158],[-7.06293,7.00392],[-7.05659,6.99402],[-7.05644,6.97752],[-7.06336,6.95013],[-7.05956,6.93414],[-7.04238,6.92092],[-7.03929,6.90956],[-7.04419,6.89247],[-7.0597,6.8815],[-7.06038,6.84652],[-7.05648,6.8417],[-7.03988,6.83393],[-7.02762,6.83557],[-7.00558,6.83064],[-6.99084,6.79383],[-6.99622,6.77464],[-6.98285,6.75018],[-6.98435,6.73299],[-6.99044,6.72427],[-6.97858,6.71827],[-6.97323,6.71147],[-6.981,6.6955],[-6.98937,6.68788],[-6.99106,6.67944],[-6.98264,6.65447],[-6.98675,6.6228],[-7.02168,6.5881],[-7.02097,6.57879],[-7.01792,6.57386],[-6.99794,6.56404],[-7.00032,6.55423],[-6.99771,6.55323],[-6.99206,6.5583],[-6.98007,6.55135],[-6.9751,6.53696],[-6.96178,6.51931],[-6.96336,6.51303],[-6.95212,6.48545],[-6.95408,6.4793],[-6.96343,6.4702],[-6.977,6.46126],[-6.98406,6.4592],[-7.00127,6.46376],[-7.00504,6.45899],[-7.00488,6.45218],[-7.00019,6.44611],[-6.98712,6.44733],[-6.97836,6.42882],[-6.97884,6.42193],[-6.93425,6.37524],[-6.86454,6.27727],[-6.83344,6.27356],[-6.80869,6.27425],[-6.67954,6.296],[-6.61408,6.29949],[-6.58986,6.31989],[-6.50742,6.26099],[-6.47668,6.27113],[-6.43735,6.29277],[-6.369,6.30238],[-6.33413,6.31111],[-6.33132,6.32056],[-6.31054,6.34442],[-6.21438,6.33578],[-6.03868,6.51918],[-6.03784,6.52793],[-6.1056,6.57021],[-6.10346,6.6225],[-6.1197,6.63642],[-6.11565,6.65662],[-6.12823,6.67939],[-6.17745,6.74305],[-6.1828,6.81923],[-6.21377,6.89501],[-6.20204,6.99295],[-6.18371,7.01261],[-6.00214,7.12536],[-5.9998,7.16133],[-5.93561,7.16965],[-5.98114,7.18783],[-5.98854,7.18749],[-6.00536,7.19702],[-6.05073,7.21068],[-6.0597,7.21765],[-6.06963,7.21854],[-6.07358,7.22475],[-6.0894,7.22972],[-6.10927,7.24136],[-6.11943,7.25516],[-6.11923,7.26074],[-6.10985,7.26814],[-6.12163,7.27371],[-6.13849,7.29314],[-6.1813,7.26785],[-6.20997,7.26813],[-6.2106,7.23131],[-6.27896,7.23057],[-6.35061,7.24181],[-6.36194,7.24947],[-6.44175,7.23962],[-6.44172,7.2471],[-6.34839,7.44013],[-6.33743,7.4538],[-6.32905,7.51375],[-6.11009,7.63617],[-6.11942,7.64427],[-6.13786,7.65271],[-6.16804,7.65784],[-6.18558,7.67547],[-6.19215,7.67617],[-6.2004,7.68278],[-6.21337,7.68417],[-6.21573,7.69275],[-6.21249,7.72853],[-6.23676,7.7566],[-6.2381,7.76389],[-6.23513,7.7733],[-6.24314,7.77999],[-6.25907,7.77944]]]}},{"type":"Feature","properties":{"id":"CIV:ADM1:CIV-3447","name":"Sud-Bandama","countryCode":"CIV"},"geometry":{"type":"MultiPolygon","coordinates":[[[[-5.28797,5.1729],[-5.28686,5.17406],[-5.28307,5.17707],[-5.28033,5.17646],[-5.28276,5.17638],[-5.28797,5.1729]]],[[[-5.22842,5.19758],[-5.22842,5.20441],[-5.21475,5.19758],[-5.20441,5.19905],[-5.21338,5.19241],[-5.21378,5.19302],[-5.22842,5.19758]]],[[[-5.40557,5.22131],[-5.39821,5.25727],[-5.42224,5.27105],[-5.43073,5.27021],[-5.43268,5.26612],[-5.43921,5.2762],[-5.44964,5.27918],[-5.45507,5.28447],[-5.45229,5.29479],[-5.45583,5.29878],[-5.43876,5.3259],[-5.42544,5.35459],[-5.41479,5.35809],[-5.39806,5.36984],[-5.3839,5.38406],[-5.38252,5.38976],[-5.36776,5.39447],[-5.41071,5.40088],[-5.41898,5.41091],[-5.41751,5.41489],[-5.42309,5.43094],[-5.43898,5.43903],[-5.46112,5.43121],[-5.46889,5.43487],[-5.4729,5.43119],[-5.47604,5.43699],[-5.47552,5.44734],[-5.48836,5.47681],[-5.49066,5.49106],[-5.49813,5.48794],[-5.51045,5.49163],[-5.52184,5.50523],[-5.53407,5.50723],[-5.54298,5.51666],[-5.56083,5.51489],[-5.56014,5.52243],[-5.56859,5.54421],[-5.56737,5.55573],[-5.57295,5.5757],[-5.59966,5.56692],[-5.60703,5.55722],[-5.61252,5.55616],[-5.61958,5.54431],[-5.63485,5.54345],[-5.63797,5.54741],[-5.63341,5.55506],[-5.65643,5.56414],[-5.74286,5.62282],[-5.75336,5.61082],[-5.74887,5.59266],[-5.75635,5.5928],[-5.76525,5.58501],[-5.77056,5.57536],[-5.76973,5.56396],[-5.773,5.55431],[-5.78063,5.55079],[-5.78383,5.543],[-5.79209,5.53669],[-5.81765,5.53268],[-5.82287,5.52868],[-5.86124,5.54182],[-5.87324,5.53604],[-5.91346,5.54189],[-5.91992,5.53828],[-5.92185,5.53342],[-5.93612,5.52806],[-5.95319,5.53062],[-5.97855,5.5225],[-5.98154,5.52531],[-5.98491,5.5231],[-5.99444,5.52459],[-6.00209,5.54098],[-6.00155,5.54698],[-6.00822,5.54684],[-6.02315,5.57527],[-6.02754,5.59129],[-6.02427,5.59993],[-6.03492,5.60396],[-6.02049,5.60805],[-6.02285,5.61395],[-6.02149,5.6288],[-6.01586,5.63359],[-6.01629,5.6377],[-6.01835,5.64095],[-6.02205,5.63854],[-6.02734,5.64302],[-6.02924,5.65058],[-5.96841,5.77421],[-5.94963,5.77034],[-5.83612,5.91284],[-5.79284,5.93875],[-5.79606,6.00301],[-5.77497,6.04946],[-5.77463,6.16044],[-5.73935,6.20651],[-5.68386,6.18868],[-5.67456,6.17928],[-5.66037,6.18099],[-5.65215,6.17578],[-5.65181,6.16779],[-5.64876,6.16479],[-5.62727,6.15735],[-5.61894,6.16712],[-5.58915,6.15523],[-5.56159,6.16563],[-5.54701,6.15659],[-5.52242,6.15133],[-5.51728,6.15343],[-5.52158,6.16609],[-5.48195,6.16028],[-5.44996,6.17432],[-5.43731,6.21028],[-5.37391,6.25882],[-5.36273,6.26396],[-5.35886,6.26382],[-5.34584,6.2492],[-5.3407,6.24755],[-5.31595,6.26627],[-5.29619,6.26865],[-5.24083,6.24206],[-5.1426,6.15504],[-5.01832,6.13113],[-4.99125,6.08857],[-5.0032,6.06406],[-5.03725,6.03617],[-5.01802,6.00766],[-5.00192,5.99897],[-4.99867,6.00096],[-4.99868,5.9463],[-4.99633,5.94401],[-4.99392,5.8902],[-4.98448,5.88013],[-4.97141,5.8784],[-4.95618,5.86493],[-4.94652,5.8629],[-4.93636,5.85627],[-4.94263,5.84471],[-4.9403,5.84146],[-4.94258,5.83741],[-4.94061,5.81658],[-4.94398,5.81914],[-4.94743,5.81202],[-4.95619,5.80807],[-4.95637,5.7933],[-4.9613,5.78073],[-4.9589,5.7751],[-4.96827,5.77144],[-4.9752,5.76229],[-4.97022,5.75419],[-4.97392,5.74354],[-4.97246,5.72999],[-4.96,5.71016],[-4.95768,5.7002],[-4.93963,5.68037],[-4.94332,5.67319],[-4.95174,5.66899],[-4.95044,5.6602],[-4.95637,5.65802],[-4.96362,5.6437],[-4.98109,5.6406],[-4.98764,5.63521],[-4.99647,5.63535],[-5.00222,5.62789],[-5.00188,5.62049],[-5.00932,5.61024],[-5.01344,5.59723],[-5.02296,5.59207],[-5.03513,5.57763],[-5.02927,5.56446],[-5.021,5.56187],[-5.01755,5.54626],[-5.01208,5.53907],[-5.01647,5.52982],[-5.01109,5.52118],[-5.00881,5.49976],[-5.02044,5.48514],[-5.02275,5.46249],[-5.02675,5.46027],[-5.03279,5.43677],[-5.03704,5.43518],[-5.03874,5.42706],[-5.04399,5.4225],[-5.04614,5.39854],[-5.05046,5.3973],[-5.05444,5.38994],[-5.05453,5.37472],[-5.05915,5.37072],[-5.05693,5.36614],[-5.06224,5.3623],[-5.05599,5.33533],[-5.06833,5.32397],[-5.06425,5.31095],[-5.02949,5.27111],[-5.03229,5.26293],[-5.04089,5.25958],[-5.04683,5.25281],[-5.04961,5.2422],[-5.06762,5.2345],[-5.06766,5.20815],[-5.08214,5.2036],[-5.0987,5.19477],[-5.11229,5.1833],[-5.12902,5.1977],[-5.1331,5.19976],[-5.12815,5.21301],[-5.12693,5.237],[-5.18827,5.23278],[-5.18565,5.22266],[-5.1892,5.21877],[-5.1914,5.21922],[-5.22159,5.21117],[-5.22545,5.21548],[-5.23233,5.22077],[-5.23404,5.22305],[-5.23583,5.22549],[-5.24205,5.22549],[-5.25304,5.2141],[-5.27086,5.21939],[-5.28991,5.22773],[-5.3048,5.22549],[-5.31094,5.22549],[-5.32152,5.23021],[-5.32726,5.22606],[-5.3282,5.21646],[-5.32396,5.20441],[-5.32706,5.20551],[-5.33829,5.21117],[-5.33776,5.20067],[-5.33829,5.19758],[-5.33007,5.1999],[-5.32852,5.19684],[-5.32445,5.19078],[-5.32396,5.19013],[-5.31696,5.19416],[-5.31151,5.19579],[-5.29735,5.19758],[-5.29735,5.19013],[-5.305,5.18163],[-5.32237,5.17306],[-5.37004,5.21733],[-5.38442,5.22192],[-5.40557,5.22131]]]]}},{"type":"Feature","properties":{"id":"CIV:ADM1:CIV-3448","name":"Bas-Sassandra","countryCode":"CIV"},"geometry":{"type":"Polygon","coordinates":[[[-7.52877,4.36188],[-7.5386,4.3634],[-7.54453,4.37045],[-7.5563,4.36959],[-7.57341,4.38672],[-7.57745,4.40113],[-7.56501,4.42429],[-7.54604,4.43668],[-7.56117,4.44163],[-7.57056,4.44951],[-7.57312,4.45707],[-7.57391,4.46825],[-7.56754,4.48344],[-7.56002,4.48926],[-7.56408,4.50547],[-7.55909,4.512],[-7.57179,4.53176],[-7.57186,4.54258],[-7.56434,4.54768],[-7.568,4.55704],[-7.56626,4.56643],[-7.58073,4.58076],[-7.58043,4.59051],[-7.56285,4.59495],[-7.55431,4.60943],[-7.56048,4.61913],[-7.56459,4.6422],[-7.56894,4.64794],[-7.58009,4.64895],[-7.58227,4.65254],[-7.57983,4.66482],[-7.56835,4.66851],[-7.57676,4.68938],[-7.57213,4.6959],[-7.5642,4.69379],[-7.56243,4.69705],[-7.56942,4.72189],[-7.56304,4.73637],[-7.56886,4.74643],[-7.5726,4.76877],[-7.56619,4.77711],[-7.56694,4.78216],[-7.58386,4.78529],[-7.59978,4.79997],[-7.59884,4.82018],[-7.5881,4.82747],[-7.59832,4.8494],[-7.59046,4.85812],[-7.59408,4.86134],[-7.5942,4.87829],[-7.6061,4.88434],[-7.60722,4.88975],[-7.60086,4.90675],[-7.58689,4.91406],[-7.57354,4.90802],[-7.57067,4.90948],[-7.56789,4.92248],[-7.5546,4.9251],[-7.54592,4.91867],[-7.53298,4.91912],[-7.5323,4.92489],[-7.54281,4.93673],[-7.54322,4.9443],[-7.53895,4.95191],[-7.54586,4.96232],[-7.55163,4.96445],[-7.55663,4.96008],[-7.55952,4.96187],[-7.56536,4.97373],[-7.54929,4.99116],[-7.54757,5.00163],[-7.54796,5.00632],[-7.55734,5.00986],[-7.56281,5.02101],[-7.56251,5.03003],[-7.55434,5.04452],[-7.55799,5.05207],[-7.55733,5.06001],[-7.5613,5.06251],[-7.56901,5.08482],[-7.54396,5.10267],[-7.53432,5.11393],[-7.52535,5.11687],[-7.51559,5.11117],[-7.51587,5.09926],[-7.50517,5.11269],[-7.50772,5.117],[-7.5038,5.1228],[-7.49089,5.12902],[-7.48991,5.1431],[-7.47781,5.16195],[-7.47541,5.17784],[-7.48053,5.18971],[-7.4788,5.19983],[-7.48174,5.2081],[-7.49007,5.21634],[-7.48869,5.22501],[-7.48015,5.2377],[-7.47151,5.2374],[-7.46937,5.23994],[-7.47057,5.25761],[-7.48176,5.26186],[-7.48325,5.26907],[-7.47902,5.28101],[-7.47078,5.28684],[-7.4657,5.2811],[-7.46211,5.28221],[-7.45352,5.28913],[-7.44561,5.29027],[-7.43596,5.29972],[-7.41546,5.30203],[-7.41433,5.29482],[-7.42288,5.28249],[-7.42792,5.28173],[-7.42861,5.27848],[-7.42069,5.27709],[-7.41958,5.27349],[-7.4199,5.26736],[-7.42813,5.26044],[-7.42453,5.26047],[-7.41164,5.27102],[-7.40851,5.28584],[-7.39809,5.28772],[-7.3956,5.29315],[-7.40182,5.3061],[-7.40077,5.31115],[-7.39685,5.31587],[-7.38248,5.31995],[-7.37105,5.33266],[-7.38294,5.33438],[-7.38995,5.34542],[-7.38831,5.36817],[-7.38374,5.38335],[-7.39234,5.37824],[-7.39082,5.36707],[-7.40481,5.36011],[-7.40592,5.36443],[-7.42836,5.38051],[-7.43237,5.38733],[-7.43502,5.40608],[-7.44988,5.42004],[-7.45536,5.43046],[-7.44432,5.44678],[-7.4356,5.4353],[-7.42547,5.42888],[-7.42126,5.44406],[-7.42855,5.45628],[-7.42904,5.47359],[-7.42442,5.48229],[-7.414,5.48561],[-7.40973,5.4925],[-7.40873,5.50261],[-7.39653,5.50811],[-7.39548,5.51209],[-7.40812,5.51777],[-7.40853,5.52426],[-7.40243,5.52756],[-7.39339,5.52185],[-7.38799,5.52261],[-7.38482,5.53238],[-7.40109,5.54092],[-7.40403,5.54955],[-7.39797,5.5579],[-7.40031,5.58097],[-7.39673,5.58389],[-7.37691,5.58259],[-7.38566,5.59696],[-7.38002,5.61252],[-7.3816,5.6208],[-7.36128,5.62437],[-7.34699,5.62261],[-7.34202,5.62772],[-7.32012,5.61794],[-7.30444,5.62783],[-7.28987,5.62161],[-7.27316,5.62002],[-7.25536,5.6453],[-7.08778,5.66635],[-7.09079,5.88828],[-7.08419,6.05725],[-7.10787,6.15254],[-7.11906,6.15775],[-7.12422,6.16535],[-7.12275,6.17017],[-7.13235,6.17712],[-7.15211,6.18406],[-7.16438,6.17887],[-7.18727,6.18488],[-7.20793,6.20538],[-7.20928,6.21279],[-7.20475,6.21982],[-7.2042,6.22954],[-7.19098,6.23973],[-7.18645,6.25071],[-7.17017,6.26476],[-7.17486,6.28534],[-7.17132,6.30054],[-7.17809,6.30541],[-7.18353,6.31833],[-7.17688,6.33169],[-7.17751,6.34542],[-7.17038,6.37378],[-7.1603,6.37711],[-7.15306,6.39759],[-7.12612,6.40531],[-7.15633,6.43184],[-7.15441,6.4419],[-7.15722,6.44676],[-7.14985,6.46276],[-7.12989,6.45816],[-7.00001,6.55631],[-6.99771,6.55323],[-6.99206,6.5583],[-6.98007,6.55135],[-6.9751,6.53696],[-6.96178,6.51931],[-6.96336,6.51303],[-6.95212,6.48545],[-6.95408,6.4793],[-6.96343,6.4702],[-6.977,6.46126],[-6.98406,6.4592],[-7.00127,6.46376],[-7.00504,6.45899],[-7.00488,6.45218],[-7.00019,6.44611],[-6.98712,6.44733],[-6.97836,6.42882],[-6.97884,6.42193],[-6.93425,6.37524],[-6.86454,6.27727],[-6.83344,6.27356],[-6.80869,6.27425],[-6.67954,6.296],[-6.61408,6.29949],[-6.58986,6.31989],[-6.50742,6.26099],[-6.47668,6.27113],[-6.43735,6.29277],[-6.4045,6.29712],[-6.41212,6.16421],[-6.39972,6.133],[-6.38051,6.09839],[-6.35556,6.03407],[-6.29009,5.93585],[-6.29109,5.91221],[-6.28021,5.90139],[-6.27574,5.88953],[-6.27946,5.88328],[-6.2772,5.86598],[-6.26708,5.86018],[-6.26623,5.85289],[-6.24968,5.84493],[-6.24259,5.82291],[-6.24707,5.80581],[-6.24258,5.80249],[-6.24029,5.79504],[-6.2296,5.78667],[-6.2304,5.77137],[-6.22715,5.76939],[-6.23136,5.76272],[-6.22677,5.76335],[-6.22027,5.7552],[-6.22396,5.75234],[-6.22332,5.74547],[-6.22923,5.73959],[-6.23164,5.72735],[-6.22148,5.71192],[-6.22774,5.69803],[-6.22393,5.69553],[-6.18893,5.76988],[-6.11656,5.77204],[-6.10352,5.76706],[-6.10588,5.75401],[-6.10164,5.75312],[-6.09734,5.74645],[-6.09061,5.74969],[-6.06757,5.73622],[-6.07064,5.72908],[-6.06842,5.72596],[-6.07515,5.72304],[-6.07639,5.71941],[-6.07487,5.71099],[-6.07138,5.70834],[-6.07671,5.69487],[-6.06924,5.69675],[-6.0656,5.70847],[-6.05043,5.67274],[-6.04137,5.66551],[-6.04238,5.6616],[-6.0343,5.65368],[-6.02758,5.65526],[-6.02734,5.64302],[-6.02205,5.63854],[-6.01835,5.64095],[-6.01629,5.6377],[-6.01586,5.63359],[-6.02149,5.6288],[-6.02285,5.61395],[-6.02049,5.60805],[-6.03492,5.60396],[-6.02427,5.59993],[-6.02754,5.59129],[-6.02315,5.57527],[-6.00822,5.54684],[-6.00155,5.54698],[-6.00209,5.54098],[-5.99444,5.52459],[-5.98491,5.5231],[-5.98154,5.52531],[-5.9782,5.52115],[-5.97855,5.5225],[-5.95319,5.53062],[-5.93612,5.52806],[-5.92185,5.53342],[-5.91992,5.53828],[-5.91346,5.54189],[-5.87324,5.53604],[-5.86124,5.54182],[-5.82287,5.52868],[-5.81765,5.53268],[-5.79209,5.53669],[-5.78383,5.543],[-5.78063,5.55079],[-5.773,5.55431],[-5.76973,5.56396],[-5.77056,5.57536],[-5.76525,5.58501],[-5.75635,5.5928],[-5.74887,5.59266],[-5.75336,5.61082],[-5.74286,5.62282],[-5.65643,5.56414],[-5.63341,5.55506],[-5.63797,5.54741],[-5.63485,5.54345],[-5.61958,5.54431],[-5.61252,5.55616],[-5.60703,5.55722],[-5.59966,5.56692],[-5.57295,5.5757],[-5.56737,5.55573],[-5.56859,5.54421],[-5.56014,5.52243],[-5.56083,5.51489],[-5.54298,5.51666],[-5.53407,5.50723],[-5.52184,5.50523],[-5.51045,5.49163],[-5.49813,5.48794],[-5.49066,5.49106],[-5.48836,5.47681],[-5.47552,5.44734],[-5.47604,5.43699],[-5.4729,5.43119],[-5.46889,5.43487],[-5.46112,5.43121],[-5.43898,5.43903],[-5.42309,5.43094],[-5.41751,5.41489],[-5.41898,5.41091],[-5.41071,5.40088],[-5.36776,5.39447],[-5.38252,5.38976],[-5.3839,5.38406],[-5.39806,5.36984],[-5.41479,5.35809],[-5.42544,5.35459],[-5.43876,5.3259],[-5.45583,5.29878],[-5.45229,5.29479],[-5.45427,5.28247],[-5.43921,5.2762],[-5.43268,5.26612],[-5.43533,5.2568],[-5.44795,5.2621],[-5.46064,5.2601],[-5.46342,5.25218],[-5.45654,5.22749],[-5.46102,5.21194],[-5.45971,5.20511],[-5.46308,5.20153],[-5.46176,5.19673],[-5.47514,5.18271],[-5.49429,5.18046],[-5.49824,5.17278],[-5.50011,5.13395],[-5.50706,5.12854],[-5.50825,5.11879],[-5.50044,5.10843],[-5.49762,5.10927],[-5.49642,5.10467],[-5.49885,5.10371],[-5.49108,5.09553],[-5.49568,5.09528],[-5.52481,5.0998],[-5.55053,5.11498],[-5.57844,5.09455],[-5.55769,5.08845],[-5.55053,5.08771],[-5.58502,5.07711],[-5.58613,5.07706],[-5.60187,5.07384],[-5.60661,5.07579],[-5.61446,5.07103],[-5.64673,5.06459],[-5.74121,5.05552],[-5.80731,5.0442],[-5.90642,5.01853],[-5.92842,5.00739],[-5.9473,5.00415],[-5.95318,4.999],[-5.96813,4.99578],[-5.97991,4.98902],[-5.97979,4.98832],[-5.98843,4.98387],[-5.99159,4.97985],[-6.00504,4.9755],[-6.00516,4.97515],[-6.00744,4.97525],[-6.04528,4.96117],[-6.07148,4.95824],[-6.0811,4.9448],[-6.13858,4.91523],[-6.2998,4.86141],[-6.41222,4.82388],[-6.42077,4.81712],[-6.42308,4.81114],[-6.432,4.80987],[-6.44926,4.80072],[-6.45198,4.79137],[-6.4973,4.78025],[-6.50541,4.78073],[-6.51068,4.77697],[-6.51784,4.77521],[-6.5557,4.77023],[-6.56161,4.77217],[-6.5836,4.76457],[-6.60556,4.75263],[-6.60787,4.74395],[-6.62707,4.72967],[-6.651,4.71811],[-6.70756,4.70678],[-6.71051,4.69994],[-6.74147,4.69082],[-6.76646,4.6915],[-6.76958,4.68636],[-6.77171,4.68609],[-6.85367,4.68061],[-6.86674,4.67418],[-6.86819,4.674],[-6.91648,4.66349],[-6.9243,4.65518],[-6.9221,4.64603],[-6.92843,4.6383],[-6.9595,4.62347],[-6.97277,4.60725],[-6.98648,4.59891],[-6.98527,4.5934],[-7.0041,4.58739],[-7.00836,4.57633],[-7.01856,4.57313],[-7.02951,4.56283],[-7.03202,4.55479],[-7.05542,4.54069],[-7.05807,4.54022],[-7.05921,4.53871],[-7.08812,4.52989],[-7.16368,4.52505],[-7.19115,4.51898],[-7.20522,4.50748],[-7.23159,4.49384],[-7.23282,4.49331],[-7.2335,4.49285],[-7.24909,4.48478],[-7.256,4.46539],[-7.26602,4.46361],[-7.27847,4.46377],[-7.28816,4.46052],[-7.29171,4.45753],[-7.29528,4.45696],[-7.31135,4.45017],[-7.31994,4.44225],[-7.32342,4.43597],[-7.34911,4.42194],[-7.35359,4.4204],[-7.3555,4.41846],[-7.35985,4.41608],[-7.37488,4.40368],[-7.39704,4.39613],[-7.41658,4.38027],[-7.48832,4.36055],[-7.51858,4.36391],[-7.52877,4.36188]],[[-6.65244,5.26434],[-6.65155,5.26438],[-6.65964,5.26693],[-6.65244,5.26434]],[[-6.30415,5.61331],[-6.31759,5.60351],[-6.30529,5.61002],[-6.30415,5.61331]],[[-6.30054,5.61594],[-6.30126,5.61542],[-6.29938,5.61586],[-6.30054,5.61594]],[[-5.97874,5.51582],[-5.97445,5.50674],[-5.97757,5.51874],[-5.97874,5.51582]]]}},{"type":"Feature","properties":{"id":"CIV:ADM1:CIV-3449","name":"Zanzan","countryCode":"CIV"},"geometry":{"type":"Polygon","coordinates":[[[-2.61339,8.78104],[-2.59061,8.78606],[-2.5831,8.78338],[-2.4941,8.22586],[-2.49414,8.20197],[-2.54685,8.15319],[-2.55738,8.14705],[-2.60349,8.1547],[-2.6213,8.13264],[-2.62528,8.10482],[-2.59523,8.05735],[-2.59415,8.05156],[-2.60143,8.03094],[-2.60652,8.02661],[-2.6577,8.02484],[-2.6842,8.01509],[-2.68965,8.00931],[-2.69015,7.99678],[-2.70316,7.98727],[-2.72852,7.95683],[-2.74484,7.91973],[-2.75034,7.92188],[-2.76555,7.94586],[-2.7827,7.95201],[-2.79172,7.86518],[-2.83456,7.81888],[-2.8313,7.80079],[-2.85199,7.78379],[-2.85308,7.76921],[-2.92675,7.61555],[-2.9351,7.55186],[-2.93366,7.50373],[-2.95106,7.44909],[-2.95941,7.39554],[-2.96484,7.38432],[-2.96593,7.36587],[-2.97318,7.33728],[-2.97644,7.33438],[-2.97862,7.26671],[-2.9558,7.23378],[-3.02572,7.14078],[-3.03514,7.07709],[-3.07993,7.05667],[-3.11459,7.09515],[-3.13409,7.12431],[-3.15679,7.14678],[-3.18631,7.16883],[-3.19596,7.16707],[-3.20425,7.17458],[-3.20127,7.18004],[-3.20368,7.18473],[-3.21534,7.18666],[-3.22312,7.18354],[-3.22232,7.21205],[-3.23866,7.22602],[-3.24696,7.2425],[-3.25178,7.31092],[-3.24942,7.32036],[-3.25498,7.32536],[-3.28575,7.33203],[-3.30046,7.33169],[-3.31409,7.32727],[-3.31396,7.32026],[-3.29908,7.30597],[-3.29831,7.28525],[-3.30219,7.2824],[-3.31972,7.28327],[-3.32709,7.27456],[-3.33631,7.27564],[-3.34484,7.27274],[-3.34775,7.26646],[-3.35606,7.2646],[-3.37897,7.2498],[-3.40321,7.29307],[-3.4297,7.30582],[-3.43399,7.32494],[-3.44176,7.32907],[-3.43893,7.33756],[-3.44446,7.34193],[-3.45023,7.3366],[-3.45394,7.33853],[-3.45486,7.35118],[-3.46203,7.35236],[-3.45788,7.34569],[-3.46331,7.34155],[-3.46597,7.34271],[-3.46698,7.35328],[-3.47223,7.34368],[-3.47976,7.35655],[-3.48253,7.35294],[-3.48148,7.3434],[-3.49603,7.34811],[-3.50078,7.35441],[-3.51523,7.35367],[-3.51767,7.36697],[-3.49845,7.39105],[-3.49723,7.42939],[-3.52397,7.45823],[-3.52893,7.47524],[-3.53511,7.48475],[-3.57216,7.49635],[-3.58451,7.50802],[-3.5938,7.51018],[-3.6018,7.5192],[-3.60023,7.53291],[-3.58464,7.54122],[-3.57508,7.55323],[-3.58383,7.58268],[-3.60107,7.59365],[-3.61061,7.59364],[-3.62384,7.58887],[-3.64014,7.57585],[-3.64933,7.5744],[-3.65667,7.57944],[-3.66153,7.58502],[-3.66708,7.60316],[-3.68425,7.62559],[-3.68521,7.6404],[-3.69799,7.64835],[-3.70981,7.6473],[-3.73421,7.66571],[-3.73685,7.69123],[-3.73316,7.70197],[-3.73471,7.71074],[-3.73032,7.71926],[-3.74033,7.74033],[-3.75055,7.7315],[-3.75921,7.73145],[-3.76624,7.73784],[-3.78532,7.7347],[-3.80152,7.7417],[-3.82856,7.73876],[-3.83467,7.74751],[-3.8283,7.7602],[-3.83015,7.76522],[-3.84918,7.77306],[-3.86826,7.76914],[-3.87729,7.77056],[-3.87714,7.77633],[-3.86392,7.78841],[-3.85887,7.79743],[-3.87933,7.81495],[-3.87621,7.82883],[-3.86487,7.84342],[-3.86692,7.85549],[-3.88489,7.87719],[-3.90123,7.88102],[-3.91971,7.87871],[-3.94179,7.89126],[-3.97015,7.89129],[-3.99844,7.90013],[-3.99985,7.90442],[-3.99309,7.91141],[-3.96689,7.91482],[-3.94787,7.92421],[-3.94689,7.93426],[-3.92818,7.95102],[-3.9251,7.9584],[-3.92714,7.97242],[-3.93487,7.97593],[-3.95345,7.96871],[-3.98577,7.96682],[-4.00605,7.94943],[-4.01567,7.95334],[-4.02173,7.97701],[-4.01687,7.98807],[-4.00658,7.99406],[-3.99437,8.0094],[-3.97778,8.01167],[-3.9737,8.02109],[-3.99352,8.02598],[-4.01817,8.04803],[-4.01611,8.06285],[-4.00488,8.08097],[-4.00665,8.09613],[-3.99573,8.10645],[-3.97892,8.10872],[-3.9686,8.10788],[-3.95937,8.10301],[-3.93842,8.10354],[-3.9326,8.10691],[-3.93254,8.11799],[-3.95102,8.12308],[-3.96989,8.14859],[-3.98196,8.15791],[-3.98387,8.16563],[-4.01027,8.17421],[-4.02456,8.1722],[-4.03221,8.17949],[-4.0351,8.19094],[-4.03359,8.19822],[-4.01436,8.21873],[-4.00934,8.23139],[-4.01858,8.24542],[-4.04431,8.2661],[-4.06262,8.29098],[-4.05533,8.30377],[-4.04177,8.30762],[-3.98193,8.29815],[-3.97147,8.30077],[-3.96795,8.30979],[-3.96823,8.32623],[-3.96035,8.33903],[-3.95983,8.34533],[-3.98199,8.35332],[-3.99288,8.36733],[-3.98763,8.37337],[-3.96874,8.37665],[-3.95776,8.39292],[-3.96083,8.39683],[-3.98101,8.4019],[-3.99423,8.3996],[-4.00012,8.40823],[-4.0061,8.42746],[-4.00213,8.43343],[-3.98107,8.43077],[-3.97273,8.43273],[-3.94746,8.44554],[-3.93621,8.45035],[-3.93539,8.46723],[-3.9261,8.47891],[-3.92663,8.4922],[-3.94849,8.50533],[-3.9823,8.51442],[-3.9846,8.52534],[-3.98175,8.53623],[-3.97564,8.54204],[-3.94179,8.54908],[-3.91719,8.5691],[-3.89995,8.57642],[-3.91764,8.60566],[-3.94504,8.62877],[-3.9432,8.66211],[-3.93777,8.67652],[-3.92981,8.6836],[-3.91436,8.6813],[-3.90755,8.68325],[-3.89766,8.69188],[-3.88934,8.6942],[-3.86281,8.69371],[-3.86514,8.6977],[-3.87263,8.69891],[-3.86287,8.72975],[-3.81077,8.78283],[-3.80594,8.82504],[-3.82391,8.83267],[-3.82744,8.86161],[-3.83786,8.87655],[-3.85464,8.88346],[-3.85707,8.90271],[-3.86409,8.91538],[-3.89281,8.92584],[-3.90433,8.95112],[-3.8817,8.96009],[-3.86136,8.95298],[-3.84293,8.97466],[-3.82818,8.97585],[-3.81765,8.98521],[-3.80008,8.99257],[-3.79464,8.99801],[-3.79541,9.00074],[-3.7997,9.0083],[-3.81643,9.02003],[-3.83268,9.02547],[-3.85262,9.02648],[-3.87332,9.05075],[-3.88421,9.04816],[-3.8956,9.05132],[-3.9017,9.05712],[-3.89865,9.0612],[-3.88537,9.06616],[-3.88562,9.08963],[-3.87884,9.09922],[-3.87231,9.10101],[-3.86493,9.09705],[-3.85838,9.08449],[-3.85035,9.07683],[-3.84607,9.07839],[-3.84267,9.08623],[-3.84543,9.10754],[-3.84365,9.11479],[-3.84796,9.12098],[-3.86441,9.11897],[-3.86834,9.11062],[-3.87651,9.1068],[-3.8875,9.10575],[-3.90233,9.11125],[-3.90723,9.12701],[-3.90779,9.14298],[-3.88355,9.17236],[-3.89138,9.17448],[-3.90817,9.16862],[-3.93259,9.17009],[-3.94881,9.18681],[-3.95191,9.20063],[-3.9572,9.20557],[-3.98662,9.20661],[-3.9943,9.20219],[-4.00066,9.20365],[-4.0017,9.20993],[-4.01136,9.21542],[-4.01542,9.21649],[-4.02641,9.21142],[-4.04761,9.23778],[-4.05923,9.23903],[-4.06471,9.24308],[-4.07194,9.25656],[-4.08277,9.25897],[-4.09566,9.25572],[-4.12422,9.26223],[-4.14526,9.24862],[-4.15914,9.23642],[-4.16066,9.23114],[-4.16692,9.22857],[-4.18322,9.24525],[-4.19404,9.2518],[-4.19682,9.26082],[-4.19292,9.27022],[-4.17854,9.27791],[-4.1696,9.28783],[-4.20862,9.34628],[-4.18624,9.36432],[-4.18574,9.38176],[-4.1776,9.39205],[-4.17716,9.3994],[-4.18026,9.40329],[-4.19169,9.40578],[-4.1966,9.41491],[-4.19138,9.45106],[-4.2315,9.47786],[-4.24291,9.50218],[-4.23902,9.52379],[-4.24049,9.53634],[-4.25501,9.54151],[-4.26455,9.55267],[-4.27565,9.55694],[-4.29876,9.58994],[-4.30704,9.59485],[-4.30649,9.60094],[-4.29125,9.61916],[-4.28209,9.63776],[-4.28384,9.65435],[-4.28082,9.66376],[-4.28329,9.6693],[-4.2712,9.67926],[-4.28044,9.68975],[-4.27781,9.69259],[-4.26873,9.69264],[-4.27068,9.7025],[-4.26485,9.71291],[-4.26802,9.72292],[-4.25808,9.7295],[-4.26123,9.7342],[-4.27289,9.73559],[-4.26716,9.74357],[-4.26454,9.75536],[-4.25506,9.75297],[-4.24381,9.76402],[-4.1911,9.77383],[-4.1802,9.78327],[-4.16353,9.81299],[-4.14313,9.82138],[-4.13008,9.84567],[-4.12352,9.84677],[-4.09024,9.81866],[-4.04557,9.80815],[-4.03705,9.81474],[-4.0214,9.83614],[-3.99448,9.83418],[-3.98767,9.83017],[-3.9749,9.8307],[-3.96949,9.83384],[-3.96607,9.84079],[-3.97092,9.84428],[-3.97198,9.85011],[-3.96375,9.87074],[-3.95368,9.87749],[-3.9298,9.87514],[-3.91746,9.88162],[-3.90733,9.88261],[-3.89207,9.90571],[-3.82966,9.89936],[-3.81727,9.90445],[-3.79792,9.89618],[-3.77719,9.92372],[-3.77172,9.92627],[-3.70607,9.93582],[-3.66956,9.9283],[-3.65461,9.9323],[-3.62729,9.95804],[-3.61343,9.95807],[-3.59332,9.93785],[-3.56012,9.93826],[-3.53055,9.93252],[-3.48494,9.93187],[-3.46707,9.93624],[-3.42837,9.92001],[-3.41634,9.92798],[-3.40795,9.92944],[-3.38715,9.92657],[-3.37583,9.92296],[-3.36122,9.90742],[-3.34699,9.9049],[-3.32546,9.90456],[-3.30978,9.90965],[-3.30649,9.90603],[-3.3112,9.87021],[-3.28114,9.85576],[-3.26866,9.84633],[-3.26064,9.86226],[-3.2434,9.87539],[-3.2307,9.89368],[-3.21596,9.90158],[-3.19688,9.93251],[-3.18768,9.93763],[-3.18614,9.90364],[-3.1886,9.88105],[-3.18203,9.83484],[-3.17437,9.83376],[-3.15103,9.85005],[-3.14519,9.85042],[-3.13863,9.84861],[-3.09156,9.81281],[-3.08864,9.80811],[-3.08863,9.7712],[-3.05653,9.72526],[-3.04668,9.72417],[-3.0372,9.7343],[-3.00985,9.74082],[-3.00073,9.73937],[-2.96682,9.65181],[-2.94568,9.62286],[-2.93548,9.5798],[-2.82729,9.45204],[-2.81563,9.44516],[-2.78832,9.41982],[-2.75809,9.40822],[-2.68342,9.48821],[-2.68994,9.43316],[-2.68739,9.42141],[-2.67771,9.40577],[-2.67485,9.37916],[-2.68113,9.35996],[-2.69968,9.34799],[-2.70347,9.33897],[-2.7209,9.33132],[-2.72432,9.32003],[-2.72151,9.30181],[-2.71638,9.29266],[-2.70557,9.28348],[-2.68009,9.27954],[-2.662,9.25917],[-2.65946,9.24966],[-2.66728,9.23709],[-2.69328,9.22602],[-2.71519,9.20425],[-2.72215,9.17633],[-2.73398,9.15723],[-2.74472,9.15166],[-2.76526,9.1484],[-2.77495,9.14129],[-2.77615,9.13342],[-2.76747,9.11894],[-2.76229,9.08864],[-2.76919,9.07375],[-2.78071,9.06248],[-2.78192,9.05652],[-2.77242,9.04052],[-2.75714,9.03052],[-2.7183,9.02904],[-2.67025,9.01755],[-2.65941,9.00861],[-2.65614,8.99899],[-2.65768,8.97795],[-2.65198,8.9436],[-2.64595,8.93573],[-2.62729,8.92788],[-2.61753,8.91676],[-2.62139,8.87215],[-2.59633,8.8253],[-2.59946,8.81825],[-2.62648,8.80289],[-2.62852,8.79112],[-2.62638,8.78581],[-2.61339,8.78104]]]}},{"type":"Feature","properties":{"id":"CIV:ADM1:CIV-3450","name":"Vallée du Bandama","countryCode":"CIV"},"geometry":{"type":"Polygon","coordinates":[[[-4.52877,7.82257],[-4.53689,7.8071],[-4.53461,7.79882],[-4.53882,7.78616],[-4.53658,7.7737],[-4.52139,7.75221],[-4.51351,7.7333],[-4.5073,7.67282],[-4.49874,7.66361],[-4.49549,7.65427],[-4.49464,7.61414],[-4.49912,7.61008],[-4.50791,7.60964],[-4.51681,7.60143],[-4.53081,7.60427],[-4.53402,7.61375],[-4.53817,7.61598],[-4.57084,7.61985],[-4.57911,7.60827],[-4.58431,7.60796],[-4.59092,7.60059],[-4.5957,7.59982],[-4.59668,7.58961],[-4.6001,7.58606],[-4.59852,7.58014],[-4.60656,7.57905],[-4.60669,7.57197],[-4.63556,7.56129],[-4.64715,7.56125],[-4.6555,7.55462],[-4.65902,7.54859],[-4.65384,7.54036],[-4.65962,7.53094],[-4.68551,7.51745],[-4.72409,7.53132],[-4.72899,7.52533],[-4.73789,7.53017],[-4.74521,7.55152],[-4.75621,7.55797],[-4.77641,7.58022],[-4.79076,7.56418],[-4.81912,7.57148],[-4.82963,7.56578],[-4.84106,7.5729],[-4.85433,7.58756],[-4.85931,7.60317],[-4.87561,7.60524],[-4.88425,7.60995],[-4.88721,7.57532],[-4.89616,7.57432],[-4.90522,7.55596],[-4.93,7.52315],[-4.92663,7.51383],[-4.9256,7.48355],[-4.9345,7.48004],[-4.94275,7.48525],[-4.95306,7.48195],[-4.96173,7.49033],[-4.96707,7.49153],[-4.98718,7.47071],[-4.98874,7.46442],[-5.00064,7.47465],[-5.02534,7.45616],[-5.04841,7.4327],[-5.05347,7.41633],[-5.06431,7.40548],[-5.07332,7.40481],[-5.08453,7.4097],[-5.10329,7.40142],[-5.11483,7.40073],[-5.11292,7.39056],[-5.11944,7.36842],[-5.14673,7.34946],[-5.15962,7.34513],[-5.17202,7.34632],[-5.18134,7.33564],[-5.19015,7.33233],[-5.20548,7.31377],[-5.21013,7.29322],[-5.22627,7.2811],[-5.2471,7.2883],[-5.27363,7.25733],[-5.29232,7.22874],[-5.29825,7.22924],[-5.30468,7.23642],[-5.31248,7.23587],[-5.32241,7.24158],[-5.35225,7.23717],[-5.39349,7.24178],[-5.40676,7.2772],[-5.41406,7.2814],[-5.42829,7.27829],[-5.43465,7.28514],[-5.43252,7.29827],[-5.43711,7.30574],[-5.47104,7.30276],[-5.4792,7.30697],[-5.50093,7.29439],[-5.56813,7.28229],[-5.58301,7.27198],[-5.60716,7.27287],[-5.61277,7.26752],[-5.63556,7.26691],[-5.65086,7.24939],[-5.65474,7.25794],[-5.65242,7.27363],[-5.65536,7.27848],[-5.67394,7.29411],[-5.70183,7.30496],[-5.71756,7.31808],[-5.7221,7.32593],[-5.69834,7.33999],[-5.68977,7.35424],[-5.69268,7.36089],[-5.70189,7.36655],[-5.71043,7.3638],[-5.7229,7.36965],[-5.72956,7.38246],[-5.73448,7.40602],[-5.72605,7.41767],[-5.71614,7.45435],[-5.71843,7.4636],[-5.73811,7.47498],[-5.73375,7.4802],[-5.7351,7.49819],[-5.71278,7.51088],[-5.71287,7.52151],[-5.70914,7.52662],[-5.7225,7.53703],[-5.72588,7.5437],[-5.69635,7.54757],[-5.68801,7.57307],[-5.70285,7.60224],[-5.72249,7.61674],[-5.68837,7.63159],[-5.69344,7.66082],[-5.68772,7.70241],[-5.73825,7.75108],[-5.74755,7.77271],[-5.77102,7.80406],[-5.76107,7.81323],[-5.77205,7.84564],[-5.76629,7.87277],[-5.76952,7.89655],[-5.76318,7.91418],[-5.76408,7.92001],[-5.75805,7.93173],[-5.75121,7.93595],[-5.74866,7.95891],[-5.75246,7.97107],[-5.73851,7.98704],[-5.73654,8.02028],[-5.73148,8.02673],[-5.56919,8.02361],[-5.5655,8.03039],[-5.5545,8.03215],[-5.5596,8.04309],[-5.54717,8.04019],[-5.54236,8.06005],[-5.5278,8.06463],[-5.52528,8.07066],[-5.52805,8.08012],[-5.52581,8.08226],[-5.51993,8.07974],[-5.51528,8.08468],[-5.51971,8.09674],[-5.51827,8.10755],[-5.52601,8.11589],[-5.52544,8.12011],[-5.51486,8.12523],[-5.51152,8.12277],[-5.50876,8.11082],[-5.49457,8.11097],[-5.48869,8.11369],[-5.483,8.12195],[-5.47659,8.11729],[-5.47522,8.10885],[-5.47188,8.1069],[-5.45986,8.10603],[-5.45464,8.11569],[-5.44741,8.11582],[-5.42424,8.10274],[-5.42155,8.10864],[-5.40981,8.10104],[-5.40273,8.10186],[-5.39744,8.10508],[-5.40011,8.12263],[-5.39683,8.13658],[-5.40614,8.15683],[-5.40383,8.16952],[-5.36112,8.1661],[-5.35176,8.17655],[-5.35681,8.20061],[-5.3465,8.22019],[-5.36726,8.23641],[-5.37503,8.25682],[-5.36563,8.25898],[-5.34646,8.24854],[-5.33856,8.24897],[-5.33736,8.25217],[-5.35358,8.26731],[-5.36768,8.27388],[-5.37768,8.27677],[-5.3826,8.27493],[-5.39019,8.27875],[-5.39601,8.30636],[-5.4192,8.31358],[-5.43427,8.33424],[-5.46373,8.35206],[-5.47177,8.3525],[-5.48347,8.36148],[-5.49657,8.35998],[-5.50331,8.36837],[-5.50595,8.38194],[-5.5183,8.37824],[-5.55076,8.38243],[-5.56384,8.39224],[-5.58295,8.4148],[-5.60582,8.42356],[-5.63108,8.43792],[-5.63459,8.44475],[-5.6322,8.45174],[-5.61178,8.45314],[-5.60714,8.46129],[-5.5966,8.45963],[-5.58949,8.46379],[-5.57075,8.45835],[-5.56571,8.45219],[-5.54749,8.44495],[-5.53667,8.44983],[-5.52045,8.46532],[-5.53516,8.4682],[-5.54768,8.47863],[-5.5757,8.48736],[-5.59515,8.50092],[-5.58979,8.51796],[-5.60554,8.52885],[-5.60364,8.5399],[-5.62138,8.5476],[-5.62113,8.5418],[-5.62692,8.54094],[-5.6484,8.54919],[-5.64591,8.55864],[-5.63842,8.56108],[-5.64962,8.57046],[-5.64241,8.57366],[-5.65042,8.58728],[-5.64663,8.59617],[-5.63561,8.58996],[-5.63194,8.59406],[-5.63804,8.60351],[-5.63783,8.60953],[-5.65342,8.61412],[-5.65843,8.61257],[-5.66485,8.61834],[-5.67637,8.60903],[-5.67809,8.60143],[-5.68429,8.59932],[-5.69483,8.61541],[-5.70859,8.62482],[-5.70166,8.63006],[-5.7018,8.6334],[-5.71283,8.65505],[-5.71053,8.65737],[-5.69339,8.65679],[-5.69164,8.66578],[-5.6954,8.67328],[-5.68793,8.67698],[-5.68999,8.68938],[-5.68455,8.6924],[-5.68505,8.69874],[-5.6805,8.70507],[-5.68095,8.70814],[-5.69239,8.7155],[-5.70411,8.71661],[-5.70865,8.72439],[-5.6929,8.72952],[-5.67489,8.72958],[-5.66949,8.73301],[-5.6825,8.7417],[-5.69999,8.74732],[-5.69598,8.75662],[-5.68658,8.76092],[-5.6882,8.76382],[-5.6985,8.76589],[-5.70968,8.77586],[-5.71657,8.76717],[-5.7278,8.77054],[-5.72716,8.7781],[-5.71771,8.7964],[-5.71819,8.80712],[-5.71167,8.81701],[-5.70542,8.81868],[-5.70409,8.8221],[-5.70548,8.83178],[-5.70239,8.84097],[-5.70475,8.84274],[-5.70077,8.84495],[-5.68432,8.84156],[-5.67534,8.83237],[-5.6595,8.83537],[-5.65061,8.83273],[-5.6482,8.82791],[-5.60113,8.84159],[-5.59439,8.84852],[-5.59001,8.86421],[-5.58193,8.86924],[-5.57061,8.86875],[-5.56357,8.86506],[-5.55594,8.86912],[-5.54666,8.86754],[-5.51675,8.87356],[-5.50113,8.86872],[-5.48853,8.86906],[-5.47563,8.85663],[-5.44967,8.87229],[-5.44903,8.87772],[-5.45825,8.88478],[-5.48126,8.89002],[-5.49436,8.90548],[-5.49321,8.91216],[-5.46197,8.89826],[-5.45655,8.92045],[-5.47958,8.93188],[-5.47456,8.9423],[-5.47305,8.97097],[-5.46671,8.97111],[-5.4529,8.95793],[-5.44435,8.96758],[-5.44456,8.97497],[-5.45319,8.9836],[-5.46243,8.9818],[-5.46402,8.98454],[-5.46099,8.9902],[-5.45027,8.99441],[-5.43833,8.9922],[-5.41873,8.981],[-5.41628,8.99268],[-5.43509,9.02081],[-5.454,9.03362],[-5.48879,9.04302],[-5.49978,9.05454],[-5.50394,9.06639],[-5.49319,9.07513],[-5.49307,9.0897],[-5.47229,9.08648],[-5.4526,9.09869],[-5.45249,9.10593],[-5.45939,9.12318],[-5.43563,9.14326],[-5.4458,9.15595],[-5.42669,9.16863],[-5.43824,9.18425],[-5.42644,9.18561],[-5.42406,9.18844],[-5.4261,9.19182],[-5.44289,9.19753],[-5.43794,9.20251],[-5.42042,9.19443],[-5.41089,9.19914],[-5.4092,9.20648],[-5.40265,9.21017],[-5.40053,9.21628],[-5.40241,9.22234],[-5.39783,9.22609],[-5.40361,9.23294],[-5.38749,9.2543],[-5.38391,9.26462],[-5.38834,9.27371],[-5.37474,9.28256],[-5.38848,9.3029],[-5.37008,9.29876],[-5.36385,9.3034],[-5.36233,9.31087],[-5.35317,9.31519],[-5.35229,9.32017],[-5.35881,9.32764],[-5.34436,9.33227],[-5.35456,9.34117],[-5.34656,9.34291],[-5.34404,9.35027],[-5.33394,9.35538],[-5.33037,9.3672],[-5.33973,9.37161],[-5.34086,9.38395],[-5.33786,9.39205],[-5.3217,9.39507],[-5.29958,9.38832],[-5.28357,9.39827],[-5.27894,9.39579],[-5.24795,9.40217],[-5.24335,9.40649],[-5.23036,9.40723],[-5.22049,9.41239],[-5.21078,9.41056],[-5.20432,9.42763],[-5.20044,9.42697],[-5.19773,9.41925],[-5.1901,9.41352],[-5.17765,9.37675],[-5.14069,9.33496],[-5.11416,9.32459],[-5.05192,9.30928],[-5.0239,9.30701],[-5.01702,9.30312],[-5.0058,9.28318],[-5.00965,9.22241],[-4.9969,9.2158],[-4.98869,9.20774],[-4.98704,9.20127],[-4.97713,9.19452],[-4.98116,9.18851],[-4.97931,9.18208],[-4.9843,9.16661],[-4.96312,9.1575],[-4.96209,9.15234],[-4.95674,9.1501],[-4.9524,9.13846],[-4.94282,9.12837],[-4.93534,9.13113],[-4.90429,9.11551],[-4.89511,9.1225],[-4.88542,9.10665],[-4.88733,9.07937],[-4.90782,9.02038],[-4.91094,8.99338],[-4.90542,8.98784],[-4.91402,8.97899],[-4.91542,8.96187],[-4.9259,8.95799],[-4.92982,8.95041],[-4.92771,8.94601],[-4.93629,8.94371],[-4.94636,8.93241],[-4.94937,8.9403],[-4.95874,8.94063],[-4.96106,8.92991],[-4.95906,8.92854],[-4.60885,8.92069],[-4.5727,8.92101],[-4.55803,8.92677],[-4.55196,8.92344],[-4.55172,8.91943],[-4.53268,8.9136],[-4.5124,8.91636],[-4.49883,8.89847],[-4.49614,8.8836],[-4.48346,8.8863],[-4.48324,8.88346],[-4.49743,8.85142],[-4.50733,8.83913],[-4.50683,8.83102],[-4.48751,8.79356],[-4.46587,8.77199],[-4.44892,8.76952],[-4.43457,8.741],[-4.4237,8.74719],[-4.40177,8.74636],[-4.3648,8.75522],[-4.35129,8.73069],[-4.34245,8.72477],[-4.33594,8.72988],[-4.32346,8.72828],[-4.32094,8.73547],[-4.31673,8.73731],[-4.29322,8.73961],[-4.28272,8.74811],[-4.27619,8.74203],[-4.27319,8.74702],[-4.26874,8.74779],[-4.26244,8.74314],[-4.26536,8.73203],[-4.25774,8.72573],[-4.25648,8.72],[-4.26152,8.71791],[-4.25914,8.71239],[-4.24931,8.71221],[-4.24559,8.69395],[-4.23876,8.68902],[-4.23369,8.67866],[-4.22108,8.67249],[-4.20953,8.65966],[-4.20006,8.65994],[-4.2015,8.66285],[-4.19679,8.66668],[-4.19633,8.67412],[-4.18902,8.67437],[-4.19292,8.68063],[-4.18798,8.68383],[-4.16136,8.66681],[-4.16074,8.65469],[-4.15101,8.66779],[-4.13896,8.66094],[-4.13491,8.66195],[-4.12413,8.65173],[-4.11229,8.64822],[-4.10789,8.6492],[-4.10542,8.66024],[-4.09298,8.65201],[-4.08955,8.65156],[-4.08973,8.65616],[-4.0842,8.65907],[-4.07356,8.65324],[-4.07636,8.66303],[-4.07434,8.66816],[-4.06192,8.66169],[-4.05888,8.65467],[-4.05004,8.65534],[-4.04467,8.64842],[-4.0345,8.66115],[-4.00364,8.64916],[-4.00169,8.64592],[-3.99076,8.64852],[-3.98434,8.64645],[-3.97948,8.64367],[-3.98122,8.63534],[-3.97583,8.63507],[-3.97377,8.6317],[-3.97013,8.63111],[-3.96973,8.63652],[-3.95608,8.63251],[-3.9467,8.64281],[-3.94323,8.64168],[-3.94504,8.62877],[-3.91764,8.60566],[-3.89995,8.57642],[-3.91719,8.5691],[-3.94179,8.54908],[-3.97564,8.54204],[-3.98175,8.53623],[-3.9846,8.52534],[-3.9823,8.51442],[-3.94849,8.50533],[-3.92663,8.4922],[-3.9261,8.47891],[-3.93539,8.46723],[-3.93621,8.45035],[-3.94001,8.44668],[-3.98107,8.43077],[-4.00213,8.43343],[-4.0061,8.42746],[-4.00012,8.40823],[-3.99423,8.3996],[-3.98101,8.4019],[-3.96083,8.39683],[-3.95776,8.39292],[-3.96874,8.37665],[-3.98763,8.37337],[-3.99288,8.36733],[-3.98199,8.35332],[-3.95983,8.34533],[-3.96035,8.33903],[-3.96823,8.32623],[-3.96795,8.30979],[-3.97147,8.30077],[-3.98193,8.29815],[-4.04177,8.30762],[-4.05533,8.30377],[-4.06262,8.29098],[-4.04431,8.2661],[-4.01858,8.24542],[-4.00934,8.23139],[-4.01436,8.21873],[-4.03359,8.19822],[-4.0351,8.19094],[-4.03221,8.17949],[-4.02456,8.1722],[-4.01027,8.17421],[-3.98387,8.16563],[-3.98196,8.15791],[-3.96989,8.14859],[-3.95102,8.12308],[-3.93254,8.11799],[-3.9326,8.10691],[-3.93842,8.10354],[-3.95937,8.10301],[-3.9686,8.10788],[-3.97892,8.10872],[-3.99573,8.10645],[-4.00336,8.1012],[-4.00665,8.09613],[-4.00488,8.08097],[-4.01611,8.06285],[-4.01817,8.04803],[-4.03629,8.03327],[-4.05927,8.02668],[-4.09805,8.00132],[-4.0964,7.99536],[-4.07775,7.97352],[-4.0645,7.96923],[-4.07209,7.94835],[-4.0739,7.93357],[-4.08225,7.92154],[-4.10321,7.91523],[-4.11632,7.91867],[-4.12175,7.91123],[-4.13327,7.90976],[-4.14053,7.90367],[-4.15219,7.90078],[-4.15308,7.89272],[-4.15698,7.88942],[-4.19301,7.88546],[-4.20813,7.88828],[-4.22383,7.90513],[-4.24181,7.89914],[-4.24052,7.91795],[-4.25409,7.92356],[-4.26556,7.92427],[-4.28166,7.90126],[-4.28475,7.89993],[-4.29208,7.90388],[-4.307,7.89914],[-4.30625,7.87342],[-4.3463,7.84516],[-4.50364,7.81652],[-4.52256,7.82244],[-4.5295,7.82866],[-4.53342,7.82134],[-4.52877,7.82257]],[[-4.54164,7.81915],[-4.53713,7.82035],[-4.54293,7.81998],[-4.54164,7.81915]]]}},{"type":"Feature","properties":{"id":"CIV:ADM1:CIV-3451","name":"Agnéby","countryCode":"CIV"},"geometry":{"type":"Polygon","coordinates":[[[-3.81716,5.38097],[-3.82236,5.37687],[-3.82202,5.37068],[-3.81655,5.36666],[-3.82929,5.37301],[-3.82853,5.38187],[-3.83366,5.3872],[-3.83218,5.39084],[-3.82906,5.39062],[-3.82989,5.39897],[-3.82221,5.40659],[-3.82234,5.41462],[-3.81711,5.41611],[-3.82063,5.42147],[-3.81554,5.42461],[-3.81976,5.42695],[-3.81822,5.43225],[-3.82405,5.43362],[-3.82726,5.42989],[-3.8283,5.43948],[-3.8348,5.43866],[-3.83804,5.45443],[-3.83142,5.45667],[-3.82888,5.46346],[-3.83649,5.47179],[-3.83191,5.47471],[-3.83671,5.48506],[-3.84407,5.48475],[-3.84251,5.48716],[-3.84639,5.48868],[-3.84429,5.49418],[-3.84807,5.49749],[-3.84769,5.5032],[-3.85362,5.50548],[-3.85295,5.50909],[-3.86335,5.50283],[-3.86783,5.50621],[-3.87484,5.50118],[-3.87775,5.51906],[-3.8843,5.52033],[-3.89889,5.54702],[-3.90947,5.55508],[-3.91159,5.55365],[-3.91477,5.56144],[-3.91961,5.55827],[-3.92832,5.56078],[-3.9301,5.56635],[-3.92747,5.57174],[-3.94007,5.58907],[-4.02945,5.58239],[-4.03822,5.58789],[-4.07149,5.57448],[-4.08375,5.57743],[-4.0993,5.57573],[-4.12951,5.58456],[-4.14396,5.59874],[-4.15838,5.59619],[-4.16183,5.60092],[-4.16993,5.60041],[-4.17933,5.60508],[-4.19635,5.59529],[-4.20781,5.60052],[-4.22928,5.6017],[-4.23561,5.59886],[-4.24523,5.60023],[-4.26184,5.59414],[-4.36165,5.58069],[-4.39306,5.60185],[-4.46114,5.53363],[-4.47339,5.53731],[-4.47729,5.53451],[-4.48365,5.53746],[-4.48765,5.53505],[-4.49749,5.53766],[-4.50468,5.5444],[-4.5118,5.54235],[-4.51675,5.54493],[-4.53138,5.54358],[-4.54412,5.53374],[-4.5498,5.53297],[-4.57615,5.53838],[-4.58478,5.54311],[-4.59653,5.54056],[-4.71511,5.55775],[-4.70203,5.59623],[-4.70786,5.59709],[-4.74207,5.59288],[-4.77038,5.57723],[-4.83582,5.56142],[-4.83567,5.57447],[-4.84371,5.59242],[-4.85035,5.59734],[-4.85644,5.61441],[-4.85494,5.61614],[-4.84303,5.61122],[-4.83153,5.61642],[-4.82064,5.63622],[-4.797,5.65136],[-4.79024,5.66985],[-4.80328,5.69144],[-4.81965,5.70268],[-4.82598,5.71232],[-4.8302,5.73546],[-4.8435,5.75279],[-4.87707,5.75338],[-4.90425,5.76487],[-4.91522,5.76587],[-4.92841,5.7776],[-4.92615,5.79343],[-4.93,5.79704],[-4.93268,5.80837],[-4.94061,5.81658],[-4.94258,5.83741],[-4.9403,5.84146],[-4.94263,5.84471],[-4.93636,5.85627],[-4.94652,5.8629],[-4.95618,5.86493],[-4.97141,5.8784],[-4.98448,5.88013],[-4.99392,5.8902],[-4.99633,5.94401],[-4.99868,5.9463],[-4.99867,6.00096],[-5.00192,5.99897],[-5.01802,6.00766],[-5.03725,6.03617],[-5.0032,6.06406],[-4.99125,6.08857],[-5.01832,6.13113],[-5.1426,6.15504],[-5.24083,6.24206],[-5.20287,6.37298],[-5.18118,6.36825],[-5.14101,6.33122],[-5.12646,6.31236],[-5.11622,6.30824],[-5.09087,6.28499],[-5.08486,6.28734],[-5.0743,6.28589],[-5.0376,6.29642],[-5.02531,6.28909],[-5.0263,6.28005],[-5.03455,6.2694],[-5.04365,6.26402],[-5.04019,6.24294],[-5.03453,6.23517],[-5.00685,6.24022],[-4.99868,6.23819],[-4.95764,6.25701],[-4.93175,6.26089],[-4.82809,6.23732],[-4.82583,6.23463],[-4.81586,6.23841],[-4.81499,6.24075],[-4.82171,6.24581],[-4.8179,6.25174],[-4.80491,6.24134],[-4.79324,6.24252],[-4.78219,6.23952],[-4.75037,6.24528],[-4.73931,6.25102],[-4.72963,6.25039],[-4.72781,6.25612],[-4.71955,6.25849],[-4.70534,6.27233],[-4.70415,6.27967],[-4.69916,6.27351],[-4.68834,6.26882],[-4.68451,6.27179],[-4.49966,6.24211],[-4.48163,6.26415],[-4.46844,6.26788],[-4.45762,6.25187],[-4.44292,6.25597],[-4.4335,6.25367],[-4.41643,6.26445],[-4.40109,6.26087],[-4.39049,6.26492],[-4.35755,6.2618],[-4.34599,6.2674],[-4.33133,6.26551],[-4.30289,6.2682],[-4.28379,6.26349],[-4.27715,6.26462],[-4.26761,6.25765],[-4.26798,6.24704],[-4.26325,6.24209],[-4.26026,6.23152],[-4.25354,6.22583],[-4.24916,6.21112],[-4.24507,6.20869],[-4.24555,6.1972],[-4.23666,6.18637],[-4.15901,6.23057],[-4.11543,6.26119],[-4.1624,6.33543],[-4.13865,6.47187],[-4.0918,6.49303],[-4.0797,6.4815],[-4.06055,6.50407],[-4.02516,6.52164],[-3.98493,6.55351],[-3.9759,6.55707],[-3.95695,6.53983],[-3.94293,6.54022],[-3.90198,6.55325],[-3.88114,6.53396],[-3.8692,6.53617],[-3.84891,6.5336],[-3.84028,6.54833],[-3.8348,6.55217],[-3.82902,6.56938],[-3.82103,6.57649],[-3.79877,6.58445],[-3.78521,6.60405],[-3.77253,6.61092],[-3.77197,6.61599],[-3.76158,6.62892],[-3.75346,6.62653],[-3.74192,6.62966],[-3.73409,6.62447],[-3.72646,6.62426],[-3.70445,6.64301],[-3.69538,6.64369],[-3.68683,6.64096],[-3.68227,6.63261],[-3.68447,6.62173],[-3.69538,6.60965],[-3.6954,6.6033],[-3.69159,6.60021],[-3.69374,6.58605],[-3.68848,6.5807],[-3.67901,6.58034],[-3.6648,6.56932],[-3.66836,6.54896],[-3.66702,6.53972],[-3.65356,6.53107],[-3.65361,6.51805],[-3.64787,6.50757],[-3.64238,6.48488],[-3.65367,6.46138],[-3.65078,6.44465],[-3.63662,6.44072],[-3.62715,6.45252],[-3.61644,6.44463],[-3.61281,6.43918],[-3.61004,6.41196],[-3.59726,6.39928],[-3.59117,6.38662],[-3.58779,6.38759],[-3.58491,6.39613],[-3.57883,6.39924],[-3.5672,6.39402],[-3.54931,6.3781],[-3.54187,6.38392],[-3.5469,6.39205],[-3.54585,6.39583],[-3.53815,6.39958],[-3.53223,6.39749],[-3.51191,6.37882],[-3.51433,6.37539],[-3.51265,6.36713],[-3.51807,6.35472],[-3.51383,6.34986],[-3.50711,6.35204],[-3.50558,6.34877],[-3.509,6.32784],[-3.50141,6.32147],[-3.50232,6.31829],[-3.47832,6.29763],[-3.47365,6.26215],[-3.45209,6.24932],[-3.44924,6.24238],[-3.45035,6.23777],[-3.45752,6.23672],[-3.47206,6.24566],[-3.48066,6.2444],[-3.48803,6.23252],[-3.4871,6.21813],[-3.46479,6.19674],[-3.46499,6.17972],[-3.46106,6.17369],[-3.45087,6.17225],[-3.44446,6.17631],[-3.44473,6.18104],[-3.45303,6.18861],[-3.45241,6.19537],[-3.43201,6.1976],[-3.42252,6.18394],[-3.41479,6.15993],[-3.40205,6.14603],[-3.40134,6.13491],[-3.41362,6.13599],[-3.41746,6.12713],[-3.41474,6.11365],[-3.40226,6.10176],[-3.40061,6.09571],[-3.40371,6.09226],[-3.42613,6.08716],[-3.43113,6.07021],[-3.42662,6.06286],[-3.41822,6.06692],[-3.41242,6.06478],[-3.41286,6.05855],[-3.42141,6.04922],[-3.41005,6.04017],[-3.40556,6.02536],[-3.39678,6.01332],[-3.40783,6.00723],[-3.40599,5.99505],[-3.41055,5.97676],[-3.43148,5.97336],[-3.44296,5.96488],[-3.43713,5.9478],[-3.43723,5.93843],[-3.44704,5.93264],[-3.45222,5.91761],[-3.45616,5.91503],[-3.45566,5.90975],[-3.45089,5.90419],[-3.44213,5.90703],[-3.42549,5.89605],[-3.41357,5.89803],[-3.39501,5.8907],[-3.36601,5.89276],[-3.32101,5.9046],[-3.32299,5.88813],[-3.34741,5.8686],[-3.35446,5.86691],[-3.37556,5.87397],[-3.38498,5.87024],[-3.39606,5.84905],[-3.3965,5.81339],[-3.40199,5.79595],[-3.4076,5.79526],[-3.41607,5.80014],[-3.42134,5.79837],[-3.43146,5.80408],[-3.43585,5.7958],[-3.43354,5.79048],[-3.42754,5.78813],[-3.42682,5.78173],[-3.43613,5.77562],[-3.4383,5.76022],[-3.42471,5.74856],[-3.41874,5.7493],[-3.39507,5.74049],[-3.37897,5.73802],[-3.37249,5.74096],[-3.37094,5.73389],[-3.29934,5.72493],[-3.32224,5.65922],[-3.32911,5.6607],[-3.33813,5.65303],[-3.33189,5.63686],[-3.35438,5.65122],[-3.36527,5.64829],[-3.37801,5.65072],[-3.39693,5.63637],[-3.41611,5.63037],[-3.41821,5.62549],[-3.416,5.62128],[-3.42485,5.60076],[-3.43999,5.60177],[-3.45079,5.59863],[-3.46515,5.58477],[-3.49254,5.58612],[-3.49154,5.57974],[-3.48463,5.5707],[-3.52416,5.54512],[-3.57276,5.5411],[-3.57791,5.49591],[-3.57522,5.45215],[-3.58306,5.4237],[-3.58168,5.40505],[-3.58826,5.38653],[-3.58533,5.37123],[-3.5931,5.35055],[-3.58904,5.34271],[-3.60592,5.32948],[-3.60884,5.31345],[-3.61391,5.30452],[-3.61907,5.30449],[-3.62515,5.29758],[-3.6222,5.27669],[-3.61561,5.26636],[-3.63549,5.25073],[-3.65118,5.26002],[-3.66443,5.26074],[-3.67142,5.25491],[-3.67669,5.23912],[-3.68982,5.2304],[-3.70711,5.2367],[-3.71542,5.2308],[-3.72241,5.24699],[-3.72718,5.25051],[-3.727,5.26875],[-3.71569,5.28229],[-3.7191,5.28707],[-3.71733,5.30084],[-3.7421,5.31126],[-3.74598,5.3225],[-3.74606,5.32793],[-3.74955,5.33286],[-3.75333,5.34382],[-3.75552,5.35834],[-3.7589,5.3662],[-3.76724,5.37153],[-3.77434,5.37235],[-3.77919,5.37436],[-3.78339,5.37088],[-3.78868,5.36895],[-3.80764,5.3813],[-3.81716,5.38097]],[[-4.00097,6.0645],[-4.02786,6.19452],[-4.00148,6.06257],[-4.00097,6.0645]]]}},{"type":"Feature","properties":{"id":"CIV:ADM1:CIV-3452","name":"N'zi-Comoé","countryCode":"CIV"},"geometry":{"type":"Polygon","coordinates":[[[-3.78425,6.93589],[-3.77504,6.92623],[-3.76881,6.93011],[-3.76306,6.94498],[-3.75465,6.95505],[-3.74998,6.95718],[-3.7427,6.9553],[-3.74728,6.94084],[-3.73631,6.92127],[-3.7403,6.90991],[-3.74912,6.90555],[-3.77068,6.8777],[-3.7822,6.8564],[-3.77131,6.83917],[-3.75478,6.82784],[-3.74956,6.81655],[-3.75816,6.80987],[-3.76439,6.79896],[-3.76539,6.79102],[-3.76139,6.77571],[-3.76336,6.77334],[-3.77705,6.774],[-3.79492,6.76723],[-3.80143,6.7594],[-3.79213,6.74275],[-3.7918,6.73223],[-3.77706,6.7221],[-3.77715,6.71568],[-3.76889,6.70138],[-3.7797,6.6957],[-3.78651,6.68362],[-3.79678,6.68015],[-3.8019,6.67433],[-3.78753,6.66089],[-3.78785,6.65345],[-3.78447,6.64799],[-3.77621,6.64366],[-3.77955,6.62897],[-3.77197,6.61599],[-3.77253,6.61092],[-3.78521,6.60405],[-3.79877,6.58445],[-3.82103,6.57649],[-3.82902,6.56938],[-3.8348,6.55217],[-3.84028,6.54833],[-3.84891,6.5336],[-3.8692,6.53617],[-3.88114,6.53396],[-3.90198,6.55325],[-3.94293,6.54022],[-3.95695,6.53983],[-3.9759,6.55707],[-3.98493,6.55351],[-4.02516,6.52164],[-4.06055,6.50407],[-4.0797,6.4815],[-4.0918,6.49303],[-4.13865,6.47187],[-4.1624,6.33543],[-4.11543,6.26119],[-4.15901,6.23057],[-4.23666,6.18637],[-4.24555,6.1972],[-4.24507,6.20869],[-4.24916,6.21112],[-4.25354,6.22583],[-4.26026,6.23152],[-4.26325,6.24209],[-4.26798,6.24704],[-4.26761,6.25765],[-4.27715,6.26462],[-4.28379,6.26349],[-4.30289,6.2682],[-4.33133,6.26551],[-4.34599,6.2674],[-4.35755,6.2618],[-4.39049,6.26492],[-4.40109,6.26087],[-4.41643,6.26445],[-4.4335,6.25367],[-4.44292,6.25597],[-4.45762,6.25187],[-4.46844,6.26788],[-4.48163,6.26415],[-4.49966,6.24211],[-4.68451,6.27179],[-4.68434,6.28146],[-4.69265,6.2942],[-4.70748,6.30528],[-4.72332,6.30252],[-4.72825,6.31277],[-4.72664,6.31626],[-4.71628,6.31698],[-4.72423,6.32513],[-4.72306,6.3338],[-4.70591,6.3389],[-4.70106,6.34702],[-4.71416,6.35011],[-4.71679,6.35596],[-4.71709,6.35959],[-4.71057,6.36389],[-4.7107,6.37542],[-4.69524,6.38403],[-4.70368,6.39165],[-4.71673,6.39335],[-4.72008,6.39708],[-4.71669,6.40305],[-4.70409,6.40109],[-4.69639,6.40486],[-4.7027,6.41211],[-4.71194,6.4115],[-4.72917,6.41927],[-4.73033,6.42291],[-4.72121,6.42735],[-4.7167,6.43654],[-4.73311,6.44198],[-4.74456,6.44122],[-4.74182,6.45825],[-4.7327,6.45743],[-4.72796,6.46067],[-4.73169,6.47408],[-4.73783,6.48045],[-4.74719,6.48318],[-4.75968,6.49417],[-4.77846,6.48615],[-4.79222,6.49026],[-4.79149,6.49572],[-4.78332,6.49821],[-4.79097,6.50837],[-4.79031,6.51232],[-4.77521,6.53048],[-4.77997,6.53913],[-4.78268,6.55642],[-4.75434,6.55386],[-4.7525,6.56329],[-4.76177,6.5762],[-4.76276,6.5792],[-4.75566,6.58442],[-4.76833,6.59296],[-4.77344,6.60052],[-4.7709,6.60788],[-4.80932,6.62549],[-4.82195,6.62598],[-4.83486,6.63155],[-4.85606,6.63192],[-4.86884,6.62673],[-4.86924,6.62179],[-4.87603,6.61507],[-4.89955,6.61356],[-4.90249,6.60148],[-4.89198,6.60162],[-4.89568,6.59664],[-4.93271,6.60185],[-4.93764,6.61178],[-4.9429,6.6147],[-4.94208,6.62639],[-4.94058,6.63044],[-4.93694,6.631],[-4.92904,6.61961],[-4.92566,6.619],[-4.92652,6.64445],[-4.93921,6.64348],[-4.93633,6.64834],[-4.94076,6.64922],[-4.93834,6.65854],[-4.95946,6.66589],[-4.95939,6.67509],[-4.95395,6.68311],[-4.96086,6.68481],[-4.95823,6.69094],[-4.95048,6.68937],[-4.95323,6.69997],[-4.93668,6.70505],[-4.93408,6.71757],[-4.93595,6.72254],[-4.95118,6.7228],[-4.96407,6.73],[-4.97604,6.74553],[-4.97561,6.75128],[-4.97129,6.75274],[-4.97998,6.76227],[-4.96856,6.76223],[-4.96593,6.76597],[-4.96665,6.77284],[-4.95802,6.79144],[-4.96193,6.7971],[-4.95786,6.80061],[-4.95873,6.805],[-4.96306,6.80274],[-4.96422,6.80653],[-4.95436,6.81734],[-4.95442,6.82056],[-4.96384,6.81918],[-4.97473,6.82491],[-4.9686,6.83771],[-4.97073,6.84261],[-4.94179,6.85073],[-4.90516,6.8469],[-4.89473,6.84253],[-4.87886,6.84465],[-4.8506,6.85588],[-4.84342,6.86519],[-4.81972,6.88024],[-4.80931,6.87284],[-4.79242,6.87797],[-4.79246,6.8857],[-4.80179,6.90127],[-4.79926,6.92136],[-4.80214,6.93438],[-4.80609,6.93898],[-4.80467,6.94554],[-4.77835,6.98164],[-4.80901,7.03945],[-4.78236,7.05325],[-4.78054,7.05976],[-4.77009,7.06415],[-4.76443,7.10699],[-4.75006,7.16094],[-4.74637,7.19694],[-4.73559,7.21762],[-4.7006,7.23843],[-4.71268,7.25538],[-4.7153,7.28391],[-4.73134,7.3066],[-4.74671,7.37116],[-4.74881,7.40212],[-4.75973,7.42629],[-4.75786,7.43358],[-4.686,7.47456],[-4.66539,7.47514],[-4.64599,7.48129],[-4.6477,7.50538],[-4.65501,7.51615],[-4.6528,7.53019],[-4.65962,7.53094],[-4.65384,7.54036],[-4.65902,7.54859],[-4.6555,7.55462],[-4.64715,7.56125],[-4.63556,7.56129],[-4.60669,7.57197],[-4.60656,7.57905],[-4.59852,7.58014],[-4.6001,7.58606],[-4.59668,7.58961],[-4.5957,7.59982],[-4.59092,7.60059],[-4.58431,7.60796],[-4.57911,7.60827],[-4.57084,7.61985],[-4.53817,7.61598],[-4.53402,7.61375],[-4.53081,7.60427],[-4.51681,7.60143],[-4.50791,7.60964],[-4.49912,7.61008],[-4.49464,7.61414],[-4.49549,7.65427],[-4.49874,7.66361],[-4.5073,7.67282],[-4.51351,7.7333],[-4.52139,7.75221],[-4.53658,7.7737],[-4.53882,7.78616],[-4.53461,7.79882],[-4.53689,7.8071],[-4.52877,7.82257],[-4.5295,7.82866],[-4.52256,7.82244],[-4.50364,7.81652],[-4.3463,7.84516],[-4.30625,7.87342],[-4.307,7.89914],[-4.29208,7.90388],[-4.28475,7.89993],[-4.28166,7.90126],[-4.26556,7.92427],[-4.25409,7.92356],[-4.24052,7.91795],[-4.24181,7.89914],[-4.22383,7.90513],[-4.20813,7.88828],[-4.19301,7.88546],[-4.15698,7.88942],[-4.15308,7.89272],[-4.15219,7.90078],[-4.14053,7.90367],[-4.13327,7.90976],[-4.12175,7.91123],[-4.11632,7.91867],[-4.10321,7.91523],[-4.0896,7.91781],[-4.08225,7.92154],[-4.0739,7.93357],[-4.07209,7.94835],[-4.0645,7.96923],[-4.07775,7.97352],[-4.0964,7.99536],[-4.09805,8.00132],[-4.05927,8.02668],[-4.03629,8.03327],[-4.01817,8.04803],[-3.99352,8.02598],[-3.9737,8.02109],[-3.97778,8.01167],[-3.99437,8.0094],[-4.00658,7.99406],[-4.01687,7.98807],[-4.02173,7.97701],[-4.01353,7.95098],[-4.00605,7.94943],[-3.98577,7.96682],[-3.95345,7.96871],[-3.93487,7.97593],[-3.92714,7.97242],[-3.9251,7.9584],[-3.92818,7.95102],[-3.94689,7.93426],[-3.94787,7.92421],[-3.96689,7.91482],[-3.99309,7.91141],[-3.99985,7.90442],[-3.99844,7.90013],[-3.97015,7.89129],[-3.94179,7.89126],[-3.91971,7.87871],[-3.90123,7.88102],[-3.88489,7.87719],[-3.86692,7.85549],[-3.86487,7.84342],[-3.87621,7.82883],[-3.87933,7.81495],[-3.85887,7.79743],[-3.86392,7.78841],[-3.87714,7.77633],[-3.87729,7.77056],[-3.86826,7.76914],[-3.84918,7.77306],[-3.83015,7.76522],[-3.8283,7.7602],[-3.83467,7.74751],[-3.82856,7.73876],[-3.80152,7.7417],[-3.78532,7.7347],[-3.76624,7.73784],[-3.75921,7.73145],[-3.75055,7.7315],[-3.74033,7.74033],[-3.73032,7.71926],[-3.73471,7.71074],[-3.73316,7.70197],[-3.73685,7.69123],[-3.73421,7.66571],[-3.70981,7.6473],[-3.69799,7.64835],[-3.68521,7.6404],[-3.68425,7.62559],[-3.66708,7.60316],[-3.66153,7.58502],[-3.64933,7.5744],[-3.63426,7.57817],[-3.62384,7.58887],[-3.61061,7.59364],[-3.60107,7.59365],[-3.58383,7.58268],[-3.57508,7.55323],[-3.58464,7.54122],[-3.60023,7.53291],[-3.6018,7.5192],[-3.5938,7.51018],[-3.58451,7.50802],[-3.57216,7.49635],[-3.53511,7.48475],[-3.52893,7.47524],[-3.52397,7.45823],[-3.49723,7.42939],[-3.49573,7.41438],[-3.49845,7.39105],[-3.51767,7.36697],[-3.51523,7.35367],[-3.51964,7.35405],[-3.52013,7.35088],[-3.52678,7.34968],[-3.53334,7.34273],[-3.53713,7.34591],[-3.55123,7.33227],[-3.5634,7.31438],[-3.55876,7.30261],[-3.54256,7.29364],[-3.53236,7.2923],[-3.5347,7.28626],[-3.55047,7.27734],[-3.58186,7.28314],[-3.59269,7.28147],[-3.59614,7.27615],[-3.59564,7.2551],[-3.58516,7.24309],[-3.57912,7.22867],[-3.5954,7.18688],[-3.61216,7.17976],[-3.61856,7.1932],[-3.64201,7.20199],[-3.64737,7.20107],[-3.65175,7.1939],[-3.65408,7.17297],[-3.64601,7.14516],[-3.64611,7.12892],[-3.60962,7.10533],[-3.59224,7.10063],[-3.58501,7.10674],[-3.57475,7.10796],[-3.57128,7.10446],[-3.57071,7.10038],[-3.57885,7.0949],[-3.58779,7.08179],[-3.58313,7.06413],[-3.58678,7.06183],[-3.58679,7.06758],[-3.59344,7.07717],[-3.62773,7.09095],[-3.6314,7.08274],[-3.62212,7.06856],[-3.63859,7.04728],[-3.64334,7.04611],[-3.66287,7.05315],[-3.67359,7.05262],[-3.68993,7.03904],[-3.71748,7.02267],[-3.71836,7.00259],[-3.73438,7.00818],[-3.76138,6.99958],[-3.77185,6.99063],[-3.78491,6.96993],[-3.78636,6.94903],[-3.78425,6.93589]],[[-3.85235,6.98685],[-3.85497,6.988],[-3.86824,6.98778],[-3.85235,6.98685]],[[-4.03703,6.99851],[-4.09493,7.001],[-4.0374,6.99845],[-4.03703,6.99851]],[[-4.44535,7.25304],[-4.45154,7.25542],[-4.41293,7.22763],[-4.44535,7.25304]],[[-4.45618,7.25721],[-4.48187,7.25779],[-4.45344,7.25616],[-4.45618,7.25721]],[[-4.48987,7.25169],[-4.48504,7.25301],[-4.48187,7.25779],[-4.48987,7.25169]],[[-4.49565,7.25012],[-4.50828,7.25438],[-4.49719,7.2497],[-4.49565,7.25012]],[[-4.56716,7.3269],[-4.57538,7.3514],[-4.5756,7.35025],[-4.56716,7.3269]],[[-4.57462,7.35529],[-4.56921,7.3629],[-4.57407,7.35811],[-4.57462,7.35529]],[[-4.56222,7.38388],[-4.5675,7.39071],[-4.55344,7.36789],[-4.56222,7.38388]]]}},{"type":"Feature","properties":{"id":"CIV:ADM1:CIV-3458","name":"Lagunes","countryCode":"CIV"},"geometry":{"type":"MultiPolygon","coordinates":[[[[-5.09496,5.17373],[-5.08092,5.18476],[-5.06774,5.18696],[-5.03319,5.1833],[-5.02912,5.17573],[-5.02343,5.15852],[-5.01488,5.14008],[-5.00621,5.13212],[-5.21882,5.12214],[-5.25536,5.12104],[-5.26696,5.11657],[-5.36804,5.10866],[-5.43087,5.09874],[-5.49108,5.09553],[-5.49885,5.10371],[-5.49642,5.10467],[-5.49762,5.10927],[-5.50044,5.10843],[-5.50825,5.11879],[-5.50706,5.12854],[-5.50011,5.13395],[-5.49824,5.17278],[-5.49429,5.18046],[-5.47514,5.18271],[-5.46176,5.19673],[-5.46308,5.20153],[-5.45971,5.20511],[-5.46102,5.21194],[-5.45654,5.22749],[-5.46342,5.25218],[-5.46064,5.2601],[-5.44795,5.2621],[-5.43533,5.2568],[-5.43073,5.27021],[-5.42224,5.27105],[-5.39821,5.25727],[-5.40557,5.22131],[-5.38442,5.22192],[-5.37004,5.21733],[-5.32237,5.17306],[-5.32844,5.17007],[-5.33829,5.16348],[-5.33829,5.1833],[-5.35253,5.14183],[-5.35936,5.12865],[-5.39289,5.17707],[-5.40038,5.17707],[-5.40079,5.17398],[-5.40038,5.16348],[-5.41393,5.17032],[-5.399,5.14199],[-5.3579,5.12352],[-5.30883,5.11815],[-5.2694,5.12865],[-5.28547,5.14077],[-5.30236,5.14045],[-5.32014,5.13764],[-5.33829,5.14232],[-5.33829,5.14912],[-5.32811,5.14851],[-5.31994,5.14981],[-5.31257,5.15257],[-5.3048,5.15664],[-5.29947,5.16096],[-5.28797,5.1729],[-5.28276,5.17638],[-5.28033,5.17646],[-5.26814,5.17373],[-5.25162,5.16543],[-5.23546,5.16132],[-5.22159,5.17032],[-5.20934,5.16283],[-5.19713,5.16014],[-5.18692,5.16425],[-5.18065,5.17707],[-5.19896,5.17438],[-5.20702,5.18244],[-5.21338,5.19241],[-5.20441,5.19905],[-5.18139,5.20234],[-5.12076,5.16698],[-5.09496,5.17373]]],[[[-5.12815,5.21301],[-5.1331,5.19976],[-5.15787,5.21223],[-5.1892,5.21877],[-5.18565,5.22266],[-5.18827,5.23278],[-5.12693,5.237],[-5.12815,5.21301]]],[[[-4.21407,5.21883],[-4.3973,5.20039],[-4.40214,5.19854],[-4.42062,5.19703],[-4.4446,5.19674],[-4.4464,5.19493],[-4.62051,5.18073],[-4.7035,5.16213],[-4.71175,5.16095],[-4.76374,5.14976],[-4.82876,5.1476],[-4.84648,5.14281],[-4.86855,5.14157],[-4.88156,5.1435],[-4.93933,5.13683],[-4.96911,5.1374],[-4.982,5.13614],[-4.982,5.14232],[-4.97875,5.14256],[-4.97216,5.14203],[-4.96898,5.14232],[-4.96898,5.14912],[-4.99706,5.14875],[-5.00377,5.16059],[-5.00328,5.17878],[-5.00992,5.19758],[-4.99706,5.21279],[-5.00976,5.21605],[-5.06428,5.20922],[-5.06766,5.20815],[-5.06762,5.2345],[-5.04961,5.2422],[-5.04683,5.25281],[-5.04089,5.25958],[-5.03229,5.26293],[-5.02949,5.27111],[-5.06425,5.31095],[-5.06833,5.32397],[-5.05599,5.33533],[-5.06224,5.3623],[-5.05693,5.36614],[-5.05915,5.37072],[-5.05453,5.37472],[-5.05444,5.38994],[-5.05046,5.3973],[-5.04614,5.39854],[-5.04399,5.4225],[-5.03874,5.42706],[-5.03704,5.43518],[-5.03279,5.43677],[-5.02675,5.46027],[-5.02275,5.46249],[-5.02044,5.48514],[-5.00881,5.49976],[-5.01109,5.52118],[-5.01647,5.52982],[-5.01208,5.53907],[-5.01755,5.54626],[-5.021,5.56187],[-5.02927,5.56446],[-5.03513,5.57763],[-5.02296,5.59207],[-5.01344,5.59723],[-5.00932,5.61024],[-5.00188,5.62049],[-5.00222,5.62789],[-4.99647,5.63535],[-4.98764,5.63521],[-4.98109,5.6406],[-4.96362,5.6437],[-4.95637,5.65802],[-4.95044,5.6602],[-4.95174,5.66899],[-4.94332,5.67319],[-4.93963,5.68037],[-4.95768,5.7002],[-4.96,5.71016],[-4.97246,5.72999],[-4.97392,5.74354],[-4.97022,5.75419],[-4.9752,5.76229],[-4.96827,5.77144],[-4.9589,5.7751],[-4.9613,5.78073],[-4.95637,5.7933],[-4.95619,5.80807],[-4.94743,5.81202],[-4.94398,5.81914],[-4.94061,5.81658],[-4.93268,5.80837],[-4.93,5.79704],[-4.92615,5.79343],[-4.92841,5.7776],[-4.91522,5.76587],[-4.90425,5.76487],[-4.87707,5.75338],[-4.8435,5.75279],[-4.8302,5.73546],[-4.82598,5.71232],[-4.81965,5.70268],[-4.80328,5.69144],[-4.79024,5.66985],[-4.797,5.65136],[-4.82064,5.63622],[-4.83153,5.61642],[-4.84303,5.61122],[-4.85494,5.61614],[-4.85644,5.61441],[-4.85035,5.59734],[-4.84371,5.59242],[-4.83567,5.57447],[-4.83582,5.56142],[-4.77038,5.57723],[-4.74207,5.59288],[-4.70786,5.59709],[-4.70203,5.59623],[-4.71511,5.55775],[-4.59653,5.54056],[-4.58478,5.54311],[-4.57615,5.53838],[-4.5498,5.53297],[-4.54412,5.53374],[-4.53138,5.54358],[-4.51675,5.54493],[-4.5118,5.54235],[-4.50468,5.5444],[-4.49749,5.53766],[-4.48765,5.53505],[-4.48365,5.53746],[-4.47729,5.53451],[-4.47339,5.53731],[-4.45732,5.53007],[-4.46114,5.53363],[-4.39306,5.60185],[-4.36165,5.58069],[-4.26184,5.59414],[-4.24523,5.60023],[-4.23561,5.59886],[-4.22928,5.6017],[-4.20781,5.60052],[-4.19635,5.59529],[-4.17933,5.60508],[-4.16993,5.60041],[-4.16183,5.60092],[-4.15838,5.59619],[-4.14396,5.59874],[-4.12951,5.58456],[-4.0993,5.57573],[-4.08375,5.57743],[-4.07149,5.57448],[-4.03822,5.58789],[-4.02945,5.58239],[-3.94007,5.58907],[-3.92747,5.57174],[-3.9301,5.56635],[-3.92832,5.56078],[-3.91961,5.55827],[-3.91477,5.56144],[-3.91159,5.55365],[-3.90947,5.55508],[-3.89889,5.54702],[-3.8843,5.52033],[-3.87775,5.51906],[-3.87484,5.50118],[-3.86783,5.50621],[-3.86335,5.50283],[-3.85295,5.50909],[-3.85362,5.50548],[-3.84769,5.5032],[-3.84807,5.49749],[-3.84429,5.49418],[-3.84639,5.48868],[-3.84251,5.48716],[-3.84407,5.48475],[-3.83671,5.48506],[-3.83191,5.47471],[-3.83649,5.47179],[-3.82888,5.46346],[-3.83142,5.45667],[-3.83804,5.45443],[-3.8348,5.43866],[-3.8283,5.43948],[-3.82726,5.42989],[-3.82405,5.43362],[-3.81822,5.43225],[-3.81976,5.42695],[-3.81554,5.42461],[-3.82063,5.42147],[-3.81711,5.41611],[-3.82234,5.41462],[-3.82221,5.40659],[-3.82989,5.39897],[-3.82906,5.39062],[-3.83218,5.39084],[-3.83366,5.3872],[-3.82853,5.38187],[-3.82929,5.37301],[-3.81655,5.36666],[-3.82202,5.37068],[-3.82236,5.37687],[-3.81716,5.38097],[-3.80764,5.3813],[-3.78868,5.36895],[-3.78897,5.36884],[-3.79552,5.3732],[-3.80492,5.37596],[-3.8133,5.37442],[-3.81697,5.36547],[-3.81404,5.35981],[-3.79271,5.34463],[-3.76741,5.31061],[-3.75235,5.29458],[-3.73924,5.2888],[-3.76917,5.27749],[-3.77628,5.27904],[-3.78769,5.27333],[-3.80492,5.28533],[-3.80596,5.28412],[-3.80899,5.28779],[-3.81835,5.29169],[-3.82868,5.2912],[-3.84431,5.29316],[-3.85489,5.29686],[-3.86669,5.30362],[-3.87588,5.31342],[-3.87841,5.32665],[-3.88317,5.32221],[-3.88915,5.31778],[-3.892,5.31363],[-3.89615,5.32184],[-3.89883,5.32966],[-3.90005,5.33804],[-3.89953,5.34837],[-3.90632,5.34837],[-3.9077,5.3343],[-3.91259,5.32221],[-3.92097,5.31623],[-3.93297,5.32046],[-3.94075,5.3146],[-3.95165,5.31293],[-3.96353,5.31493],[-3.9746,5.32046],[-3.99796,5.31684],[-4.00935,5.31363],[-3.99962,5.30463],[-3.984,5.30093],[-3.96744,5.30195],[-3.95474,5.30744],[-3.94054,5.29316],[-3.95385,5.2829],[-3.97102,5.27302],[-3.98908,5.26911],[-4.00561,5.27644],[-4.01814,5.28364],[-4.04003,5.2934],[-4.0609,5.29955],[-4.07022,5.29658],[-4.07852,5.28779],[-4.09691,5.29267],[-4.12548,5.30744],[-4.13874,5.30341],[-4.1494,5.29658],[-4.16015,5.2934],[-4.1739,5.29999],[-4.17968,5.29418],[-4.18619,5.29409],[-4.19327,5.29881],[-4.20055,5.30744],[-4.22777,5.28905],[-4.24104,5.28392],[-4.25577,5.28693],[-4.25377,5.29149],[-4.25089,5.30297],[-4.24893,5.30744],[-4.27457,5.31241],[-4.28563,5.31053],[-4.2929,5.30399],[-4.29735,5.29999],[-4.3048,5.30683],[-4.31383,5.31123],[-4.32144,5.31098],[-4.32763,5.29523],[-4.34349,5.28262],[-4.35131,5.27269],[-4.35847,5.28001],[-4.37047,5.28921],[-4.38329,5.29702],[-4.39241,5.29999],[-4.4029,5.29434],[-4.4134,5.28506],[-4.42382,5.28156],[-4.43391,5.29316],[-4.4309,5.2954],[-4.42968,5.29564],[-4.4287,5.29637],[-4.4265,5.29999],[-4.46353,5.29824],[-4.47769,5.29133],[-4.48168,5.27269],[-4.47216,5.27749],[-4.46378,5.27611],[-4.45739,5.2696],[-4.45373,5.25898],[-4.47277,5.26337],[-4.54377,5.26651],[-4.54768,5.27603],[-4.55248,5.28449],[-4.56363,5.29999],[-4.56933,5.29043],[-4.56969,5.28254],[-4.56554,5.27652],[-4.55748,5.27269],[-4.55748,5.26651],[-4.57551,5.26301],[-4.58918,5.25658],[-4.61213,5.23851],[-4.63061,5.25056],[-4.65197,5.24917],[-4.67056,5.24071],[-4.68029,5.23168],[-4.68716,5.23168],[-4.69384,5.23461],[-4.70246,5.23989],[-4.71019,5.24616],[-4.71447,5.25218],[-4.70279,5.25739],[-4.69302,5.25625],[-4.68212,5.253],[-4.66731,5.25218],[-4.66942,5.26187],[-4.6726,5.26805],[-4.67813,5.27139],[-4.68716,5.27269],[-4.68716,5.28018],[-4.67691,5.28482],[-4.6704,5.2919],[-4.66731,5.30146],[-4.66731,5.31363],[-4.67345,5.31363],[-4.68578,5.29059],[-4.7025,5.27831],[-4.72362,5.27351],[-4.74926,5.27269],[-4.72216,5.25227],[-4.74218,5.23456],[-4.77937,5.2189],[-4.80382,5.20441],[-4.81005,5.18993],[-4.80858,5.18049],[-4.79955,5.17451],[-4.78336,5.17032],[-4.76545,5.16934],[-4.74767,5.17235],[-4.73746,5.17935],[-4.74242,5.19013],[-4.74242,5.19758],[-4.71715,5.20441],[-4.70474,5.21133],[-4.70031,5.20673],[-4.69538,5.20018],[-4.68716,5.19758],[-4.67479,5.20067],[-4.65453,5.20942],[-4.63939,5.21117],[-4.60831,5.21117],[-4.59887,5.20917],[-4.59252,5.20478],[-4.58821,5.20014],[-4.58479,5.19758],[-4.56994,5.1955],[-4.55956,5.19697],[-4.53637,5.20441],[-4.5467,5.20319],[-4.55883,5.20417],[-4.56835,5.20873],[-4.57103,5.218],[-4.56493,5.22321],[-4.53014,5.23168],[-4.53014,5.218],[-4.52269,5.218],[-4.5006,5.2287],[-4.44164,5.22504],[-4.41283,5.23851],[-4.40807,5.22362],[-4.4003,5.22968],[-4.39208,5.24356],[-4.38557,5.25218],[-4.36726,5.25169],[-4.35167,5.24437],[-4.33776,5.24087],[-4.3247,5.25218],[-4.30582,5.24457],[-4.28629,5.24787],[-4.26626,5.25503],[-4.22521,5.26236],[-4.22282,5.26371],[-4.19957,5.27684],[-4.18383,5.28018],[-4.06046,5.28335],[-4.02921,5.27269],[-4.03856,5.26838],[-4.04857,5.26618],[-4.05919,5.26569],[-4.07022,5.26651],[-4.02382,5.2448],[-4.02995,5.24491],[-4.10091,5.2369],[-4.11628,5.23174],[-4.21407,5.21883]]],[[[-3.85141,5.22148],[-3.87024,5.22779],[-3.972,5.24777],[-3.9903,5.24889],[-4.00194,5.26651],[-3.98339,5.26032],[-3.96231,5.26244],[-3.94384,5.2718],[-3.93297,5.28693],[-3.91845,5.26899],[-3.91128,5.26187],[-3.9029,5.25898],[-3.89635,5.26154],[-3.89367,5.26748],[-3.89485,5.27448],[-3.89953,5.28018],[-3.89953,5.28693],[-3.88573,5.28388],[-3.85119,5.26976],[-3.84431,5.2696],[-3.83414,5.27285],[-3.81754,5.2664],[-3.81491,5.25076],[-3.84004,5.25352],[-3.85203,5.22825],[-3.85141,5.22148]]],[[[-3.72642,5.29364],[-3.73477,5.29853],[-3.74185,5.31053],[-3.74186,5.31056],[-3.73274,5.30534],[-3.72385,5.30447],[-3.71635,5.29744],[-3.72642,5.29364]]],[[[-3.74606,5.32793],[-3.74598,5.3225],[-3.74955,5.33286],[-3.74606,5.32793]]],[[[-3.78339,5.37088],[-3.77919,5.37436],[-3.77434,5.37235],[-3.77815,5.37279],[-3.78339,5.37088]]]]}},{"type":"Feature","properties":{"id":"CIV:ADM1:CIV-3459","name":"Moyen-Cavally","countryCode":"CIV"},"geometry":{"type":"Polygon","coordinates":[[[-7.99312,6.97954],[-7.99618,6.9763],[-7.99112,6.97318],[-7.99768,6.96973],[-7.99647,6.96271],[-8.00755,6.96306],[-8.00873,6.95551],[-8.01343,6.96163],[-8.01537,6.96022],[-8.01887,6.95217],[-8.01285,6.94816],[-8.02496,6.93925],[-8.03276,6.93885],[-8.03338,6.93104],[-8.04573,6.9285],[-8.042,6.92319],[-8.05386,6.91959],[-8.06075,6.91057],[-8.0631,6.91041],[-8.0607,6.91964],[-8.06653,6.92236],[-8.07214,6.91918],[-8.07353,6.90786],[-8.07978,6.90261],[-8.07716,6.89247],[-8.08465,6.8993],[-8.09491,6.89283],[-8.10176,6.89299],[-8.10306,6.88868],[-8.1001,6.88567],[-8.0976,6.88875],[-8.09708,6.88178],[-8.08479,6.87632],[-8.09048,6.8736],[-8.09171,6.87802],[-8.09546,6.87647],[-8.09461,6.86516],[-8.0857,6.86277],[-8.08823,6.85908],[-8.0941,6.86287],[-8.10131,6.85497],[-8.10831,6.85282],[-8.10633,6.83942],[-8.11015,6.83864],[-8.1091,6.83366],[-8.1026,6.83206],[-8.09876,6.84483],[-8.09388,6.84002],[-8.09403,6.83533],[-8.09593,6.83051],[-8.09952,6.83164],[-8.10025,6.82931],[-8.08739,6.82136],[-8.09015,6.81831],[-8.08585,6.81598],[-8.08683,6.81111],[-8.09287,6.80775],[-8.08901,6.80552],[-8.0829,6.80885],[-8.0897,6.80209],[-8.09855,6.80809],[-8.10482,6.79551],[-8.11333,6.80075],[-8.11215,6.79062],[-8.11893,6.7912],[-8.1235,6.78087],[-8.12799,6.78675],[-8.13215,6.78668],[-8.14437,6.77379],[-8.14123,6.77014],[-8.15079,6.76138],[-8.16026,6.76575],[-8.1653,6.7615],[-8.15885,6.75113],[-8.16316,6.74549],[-8.16335,6.73505],[-8.15751,6.73241],[-8.15931,6.72521],[-8.16631,6.72124],[-8.15943,6.72029],[-8.16111,6.71792],[-8.1738,6.71631],[-8.17831,6.70775],[-8.1931,6.70498],[-8.19708,6.70807],[-8.1893,6.71519],[-8.19444,6.72422],[-8.19897,6.72778],[-8.21183,6.72791],[-8.21075,6.71536],[-8.2122,6.71305],[-8.21957,6.71486],[-8.221,6.71225],[-8.21696,6.7058],[-8.23011,6.69969],[-8.23171,6.69513],[-8.22042,6.68865],[-8.21995,6.68255],[-8.21383,6.67896],[-8.21983,6.68096],[-8.22108,6.67248],[-8.23535,6.67372],[-8.23523,6.66427],[-8.23959,6.66382],[-8.2453,6.6726],[-8.25208,6.6706],[-8.2508,6.6665],[-8.24084,6.66003],[-8.23759,6.65099],[-8.25205,6.64436],[-8.25035,6.6399],[-8.24369,6.64304],[-8.24777,6.63834],[-8.24346,6.62766],[-8.24638,6.62039],[-8.2507,6.61876],[-8.26679,6.62528],[-8.2704,6.61632],[-8.28251,6.60904],[-8.28537,6.59671],[-8.28796,6.59643],[-8.29147,6.6036],[-8.30354,6.60215],[-8.30901,6.58957],[-8.32135,6.58187],[-8.43745,6.65684],[-8.43576,6.66313],[-8.44216,6.66388],[-8.45037,6.65695],[-8.45171,6.64757],[-8.44878,6.64292],[-8.46025,6.63847],[-8.46236,6.6334],[-8.47139,6.63546],[-8.47458,6.6311],[-8.48501,6.62882],[-8.48637,6.6216],[-8.48307,6.6166],[-8.48878,6.61185],[-8.49138,6.61939],[-8.49715,6.61968],[-8.50357,6.61349],[-8.50374,6.59692],[-8.50954,6.59973],[-8.51671,6.59713],[-8.52481,6.61253],[-8.53304,6.60812],[-8.52817,6.59052],[-8.53184,6.5649],[-8.53685,6.56161],[-8.55279,6.57007],[-8.56033,6.56783],[-8.56561,6.55732],[-8.55362,6.54737],[-8.56114,6.54369],[-8.5674,6.52345],[-8.57175,6.52628],[-8.58073,6.52366],[-8.57992,6.51574],[-8.58415,6.50741],[-8.57829,6.49847],[-8.54913,6.49915],[-8.52809,6.4857],[-8.52215,6.46919],[-8.50643,6.44739],[-8.4977,6.43919],[-8.47855,6.43292],[-8.46856,6.44203],[-8.46796,6.4532],[-8.45688,6.46125],[-8.45193,6.46923],[-8.46087,6.49687],[-8.45797,6.50226],[-8.44067,6.49457],[-8.43775,6.491],[-8.43538,6.47157],[-8.43031,6.46874],[-8.42662,6.46013],[-8.39692,6.44424],[-8.41153,6.43003],[-8.4115,6.42679],[-8.40497,6.42289],[-8.40177,6.42689],[-8.40059,6.41717],[-8.39331,6.41004],[-8.39498,6.39706],[-8.38439,6.38384],[-8.39045,6.37765],[-8.40088,6.37646],[-8.41413,6.36911],[-8.40509,6.3656],[-8.39737,6.35091],[-8.38581,6.34743],[-8.38269,6.35899],[-8.37333,6.35873],[-8.37049,6.36308],[-8.36289,6.35956],[-8.35033,6.36329],[-8.34074,6.37672],[-8.33743,6.36955],[-8.33166,6.36853],[-8.31786,6.3575],[-8.31281,6.35756],[-8.3073,6.34644],[-8.30081,6.34579],[-8.29653,6.35016],[-8.28607,6.3481],[-8.28489,6.33838],[-8.27011,6.33709],[-8.2722,6.33022],[-8.2837,6.32794],[-8.2829,6.32002],[-8.26342,6.31698],[-8.25878,6.32099],[-8.25046,6.31783],[-8.2426,6.32332],[-8.21951,6.30285],[-8.21162,6.30617],[-8.20788,6.30107],[-8.19738,6.30469],[-8.19067,6.30052],[-8.18798,6.2917],[-8.17641,6.28713],[-8.17196,6.2742],[-8.15833,6.27974],[-8.12844,6.27967],[-8.10874,6.29176],[-8.09684,6.29007],[-8.09085,6.30347],[-8.07782,6.29747],[-8.07067,6.30331],[-8.06061,6.30593],[-8.04941,6.30279],[-8.04336,6.31042],[-8.02936,6.3156],[-8.00238,6.32019],[-7.99469,6.30693],[-7.99532,6.29755],[-7.99241,6.29469],[-7.98165,6.29948],[-7.98051,6.29408],[-7.97691,6.29376],[-7.97371,6.29811],[-7.96386,6.28559],[-7.95917,6.28455],[-7.95522,6.28603],[-7.94848,6.29691],[-7.94559,6.29658],[-7.93393,6.28263],[-7.92815,6.2816],[-7.92384,6.28308],[-7.92032,6.29141],[-7.91801,6.27593],[-7.91402,6.27272],[-7.90899,6.27421],[-7.90907,6.2825],[-7.9073,6.28684],[-7.90442,6.28615],[-7.89555,6.26244],[-7.88064,6.24815],[-7.85745,6.2343],[-7.83813,6.20996],[-7.82252,6.19712],[-7.82863,6.1949],[-7.84055,6.19804],[-7.84661,6.19149],[-7.83865,6.18407],[-7.84177,6.17422],[-7.83738,6.16669],[-7.84921,6.16009],[-7.85096,6.15503],[-7.84936,6.13701],[-7.85432,6.12759],[-7.85158,6.10418],[-7.85585,6.09765],[-7.854,6.09298],[-7.84679,6.0916],[-7.85245,6.08073],[-7.84952,6.07571],[-7.84377,6.07612],[-7.83374,6.08306],[-7.83489,6.09026],[-7.83027,6.09752],[-7.82014,6.09328],[-7.81577,6.08719],[-7.81,6.08688],[-7.80684,6.09556],[-7.79558,6.08521],[-7.79406,6.07692],[-7.80369,6.06602],[-7.80254,6.0581],[-7.77284,6.03997],[-7.77028,6.03566],[-7.78787,6.02829],[-7.79071,6.02394],[-7.79211,6.0196],[-7.78554,6.0092],[-7.79522,6.00371],[-7.79503,5.98243],[-7.7647,5.97368],[-7.76823,5.96571],[-7.76633,5.95419],[-7.74894,5.94244],[-7.74056,5.93061],[-7.73264,5.9314],[-7.70468,5.90422],[-7.68803,5.89499],[-7.68335,5.89539],[-7.67515,5.90519],[-7.68534,5.91773],[-7.68757,5.92565],[-7.68002,5.92752],[-7.67438,5.94163],[-7.66579,5.94856],[-7.66536,5.94026],[-7.66099,5.93417],[-7.66558,5.92367],[-7.66512,5.91213],[-7.66113,5.90892],[-7.65363,5.9162],[-7.64272,5.90402],[-7.63734,5.90587],[-7.61714,5.90243],[-7.61523,5.88946],[-7.60877,5.89276],[-7.60438,5.88414],[-7.60042,5.88453],[-7.59618,5.89431],[-7.58826,5.89582],[-7.58283,5.89226],[-7.55924,5.87116],[-7.57187,5.87287],[-7.57903,5.8674],[-7.57755,5.86344],[-7.56493,5.86174],[-7.56228,5.84589],[-7.54846,5.8294],[-7.54343,5.83125],[-7.54205,5.83847],[-7.54498,5.84422],[-7.53525,5.84394],[-7.52704,5.85375],[-7.52272,5.85414],[-7.51658,5.85203],[-7.51507,5.84302],[-7.52478,5.84114],[-7.52401,5.83501],[-7.5114,5.83403],[-7.50776,5.83009],[-7.50844,5.8254],[-7.49756,5.8161],[-7.48563,5.8097],[-7.4777,5.80905],[-7.47425,5.82856],[-7.46923,5.8322],[-7.47293,5.84336],[-7.46549,5.85929],[-7.44921,5.85076],[-7.44597,5.85187],[-7.44594,5.84754],[-7.43327,5.84007],[-7.43612,5.83644],[-7.43528,5.82057],[-7.44771,5.79738],[-7.4437,5.792],[-7.44617,5.78476],[-7.44326,5.78154],[-7.43787,5.78374],[-7.43204,5.77441],[-7.43272,5.77007],[-7.44703,5.75697],[-7.44733,5.74903],[-7.44118,5.74583],[-7.43823,5.73755],[-7.4407,5.73032],[-7.43695,5.71159],[-7.43406,5.70944],[-7.43579,5.70077],[-7.43103,5.69106],[-7.42095,5.6915],[-7.42481,5.6774],[-7.41792,5.67168],[-7.41601,5.6569],[-7.41017,5.64684],[-7.40036,5.63654],[-7.39991,5.62356],[-7.38767,5.62509],[-7.3816,5.6208],[-7.36128,5.62437],[-7.34699,5.62261],[-7.34202,5.62772],[-7.32012,5.61794],[-7.30444,5.62783],[-7.28987,5.62161],[-7.27316,5.62002],[-7.25536,5.6453],[-7.08778,5.66635],[-7.09079,5.88828],[-7.08419,6.05725],[-7.10787,6.15254],[-7.11906,6.15775],[-7.12422,6.16535],[-7.12275,6.17017],[-7.13235,6.17712],[-7.15211,6.18406],[-7.16438,6.17887],[-7.18122,6.18201],[-7.20793,6.20538],[-7.20928,6.21279],[-7.20475,6.21982],[-7.2042,6.22954],[-7.19098,6.23973],[-7.18645,6.25071],[-7.17017,6.26476],[-7.17486,6.28534],[-7.17132,6.30054],[-7.17809,6.30541],[-7.18353,6.31833],[-7.17688,6.33169],[-7.19799,6.39606],[-7.21327,6.41354],[-7.22131,6.42903],[-7.24988,6.45867],[-7.2653,6.4672],[-7.3154,6.53318],[-7.39642,6.58932],[-7.50247,6.64299],[-7.5465,6.6713],[-7.54331,6.68392],[-7.53839,6.68838],[-7.55907,6.69745],[-7.56028,6.70294],[-7.55376,6.70473],[-7.56038,6.71619],[-7.56254,6.7255],[-7.56006,6.7308],[-7.56437,6.73213],[-7.57483,6.72787],[-7.576,6.73971],[-7.5813,6.7415],[-7.58193,6.75293],[-7.57704,6.76723],[-7.57196,6.77134],[-7.57287,6.77546],[-7.56612,6.79035],[-7.5675,6.79454],[-7.57618,6.79787],[-7.58544,6.79004],[-7.58845,6.80321],[-7.59509,6.8057],[-7.60105,6.80085],[-7.60925,6.84409],[-7.61581,6.84893],[-7.62006,6.84777],[-7.6275,6.85541],[-7.63721,6.85663],[-7.63109,6.8632],[-7.84048,6.86926],[-7.88482,6.94556],[-7.89483,6.94661],[-7.90998,6.96222],[-7.9313,6.9668],[-7.93618,6.95843],[-7.94594,6.95788],[-7.95238,6.96298],[-7.97556,6.96912],[-7.99312,6.97954]]]}},{"type":"Feature","properties":{"id":"CIV:ADM1:CIV-3460","name":"Comoé","countryCode":"CIV"},"geometry":{"type":"Polygon","coordinates":[[[-3.51523,7.35367],[-3.51964,7.35405],[-3.52013,7.35088],[-3.52678,7.34968],[-3.53334,7.34273],[-3.53713,7.34591],[-3.55123,7.33227],[-3.5634,7.31438],[-3.55876,7.30261],[-3.54256,7.29364],[-3.53236,7.2923],[-3.5347,7.28626],[-3.55047,7.27734],[-3.58186,7.28314],[-3.59269,7.28147],[-3.59614,7.27615],[-3.59564,7.2551],[-3.58516,7.24309],[-3.57912,7.22867],[-3.5954,7.18688],[-3.61216,7.17976],[-3.61856,7.1932],[-3.64201,7.20199],[-3.64737,7.20107],[-3.65175,7.1939],[-3.65408,7.17297],[-3.64601,7.14516],[-3.64611,7.12892],[-3.60962,7.10533],[-3.59224,7.10063],[-3.58501,7.10674],[-3.57475,7.10796],[-3.57128,7.10446],[-3.57071,7.10038],[-3.57885,7.0949],[-3.58779,7.08179],[-3.58313,7.06413],[-3.58678,7.06183],[-3.58679,7.06758],[-3.59344,7.07717],[-3.62773,7.09095],[-3.6314,7.08274],[-3.62212,7.06856],[-3.63859,7.04728],[-3.64334,7.04611],[-3.66287,7.05315],[-3.67902,7.05016],[-3.68993,7.03904],[-3.71748,7.02267],[-3.71836,7.00259],[-3.73438,7.00818],[-3.76138,6.99958],[-3.77185,6.99063],[-3.78491,6.96993],[-3.78636,6.94903],[-3.78425,6.93589],[-3.77968,6.92901],[-3.77504,6.92623],[-3.76881,6.93011],[-3.76306,6.94498],[-3.74998,6.95718],[-3.7427,6.9553],[-3.74728,6.94084],[-3.73631,6.92127],[-3.7403,6.90991],[-3.74912,6.90555],[-3.77068,6.8777],[-3.7822,6.8564],[-3.77131,6.83917],[-3.75478,6.82784],[-3.74956,6.81655],[-3.75816,6.80987],[-3.76439,6.79896],[-3.76539,6.79102],[-3.76142,6.78153],[-3.76336,6.77334],[-3.77705,6.774],[-3.8004,6.76231],[-3.80143,6.7594],[-3.79213,6.74275],[-3.7918,6.73223],[-3.77706,6.7221],[-3.77715,6.71568],[-3.76889,6.70138],[-3.7797,6.6957],[-3.78651,6.68362],[-3.79678,6.68015],[-3.8019,6.67433],[-3.78753,6.66089],[-3.78785,6.65345],[-3.78447,6.64799],[-3.77621,6.64366],[-3.77955,6.62897],[-3.77197,6.61599],[-3.76158,6.62892],[-3.75346,6.62653],[-3.74192,6.62966],[-3.73409,6.62447],[-3.72646,6.62426],[-3.70445,6.64301],[-3.68683,6.64096],[-3.68227,6.63261],[-3.68308,6.62502],[-3.69538,6.60965],[-3.6954,6.6033],[-3.69159,6.60021],[-3.69374,6.58605],[-3.68848,6.5807],[-3.67901,6.58034],[-3.6648,6.56932],[-3.66836,6.54896],[-3.66702,6.53972],[-3.65356,6.53107],[-3.65361,6.51805],[-3.64787,6.50757],[-3.64238,6.48488],[-3.65367,6.46138],[-3.65078,6.44465],[-3.63662,6.44072],[-3.62715,6.45252],[-3.61644,6.44463],[-3.61281,6.43918],[-3.61004,6.41196],[-3.59726,6.39928],[-3.59117,6.38662],[-3.58779,6.38759],[-3.58491,6.39613],[-3.57883,6.39924],[-3.5672,6.39402],[-3.54931,6.3781],[-3.54187,6.38392],[-3.5469,6.39205],[-3.54585,6.39583],[-3.53815,6.39958],[-3.53223,6.39749],[-3.51191,6.37882],[-3.51433,6.37539],[-3.51265,6.36713],[-3.51807,6.35472],[-3.51383,6.34986],[-3.50711,6.35204],[-3.50558,6.34877],[-3.509,6.32784],[-3.50141,6.32147],[-3.50232,6.31829],[-3.47832,6.29763],[-3.47365,6.26215],[-3.45209,6.24932],[-3.44924,6.24238],[-3.45035,6.23777],[-3.45752,6.23672],[-3.47206,6.24566],[-3.48066,6.2444],[-3.48803,6.23252],[-3.4871,6.21813],[-3.46479,6.19674],[-3.46499,6.17972],[-3.46106,6.17369],[-3.45087,6.17225],[-3.44446,6.17631],[-3.44473,6.18104],[-3.45303,6.18861],[-3.45241,6.19537],[-3.43201,6.1976],[-3.42252,6.18394],[-3.41479,6.15993],[-3.40205,6.14603],[-3.40134,6.13491],[-3.41362,6.13599],[-3.41746,6.12713],[-3.41474,6.11365],[-3.40226,6.10176],[-3.40061,6.09571],[-3.40371,6.09226],[-3.42613,6.08716],[-3.43113,6.07021],[-3.42662,6.06286],[-3.41822,6.06692],[-3.41242,6.06478],[-3.41286,6.05855],[-3.42141,6.04922],[-3.41005,6.04017],[-3.40556,6.02536],[-3.39678,6.01332],[-3.40783,6.00723],[-3.40599,5.99505],[-3.41055,5.97676],[-3.43148,5.97336],[-3.44296,5.96488],[-3.43713,5.9478],[-3.43723,5.93843],[-3.44704,5.93264],[-3.45222,5.91761],[-3.45616,5.91503],[-3.45566,5.90975],[-3.45089,5.90419],[-3.44213,5.90703],[-3.42549,5.89605],[-3.41357,5.89803],[-3.39501,5.8907],[-3.36601,5.89276],[-3.32101,5.9046],[-3.31108,5.91806],[-3.30137,5.92138],[-3.29365,5.93003],[-3.27744,5.92635],[-3.26542,5.93185],[-3.26466,5.9359],[-3.25492,5.93627],[-3.2535,5.94219],[-3.24818,5.94581],[-3.25371,5.94994],[-3.25592,5.95821],[-3.26041,5.95497],[-3.26605,5.95882],[-3.26693,5.96142],[-3.2607,5.96461],[-3.26763,5.96726],[-3.27497,5.97932],[-3.25823,5.98706],[-3.25582,5.99313],[-3.25046,5.98964],[-3.24468,6.00722],[-3.23906,6.00602],[-3.23597,6.01634],[-3.23179,6.01845],[-3.23472,6.03886],[-3.22955,6.04368],[-3.2256,6.05456],[-3.22762,6.09278],[-3.21404,6.11331],[-3.20715,6.14098],[-3.20092,6.14486],[-3.19712,6.15325],[-3.20653,6.17929],[-3.19807,6.207],[-3.19142,6.21062],[-3.1834,6.22186],[-3.18447,6.23807],[-3.1761,6.24681],[-3.17322,6.29361],[-3.20581,6.39745],[-3.24205,6.54146],[-3.23846,6.59756],[-3.25764,6.60732],[-3.26073,6.61181],[-3.25223,6.64777],[-3.24391,6.65863],[-3.23415,6.66478],[-3.23451,6.67383],[-3.22981,6.68179],[-3.22801,6.69555],[-3.22005,6.70315],[-3.20848,6.72849],[-3.21608,6.74223],[-3.20957,6.75056],[-3.23347,6.77126],[-3.23458,6.82047],[-3.09562,7.0485],[-3.07993,7.05667],[-3.11459,7.09515],[-3.13409,7.12431],[-3.15679,7.14678],[-3.18631,7.16883],[-3.19596,7.16707],[-3.20425,7.17458],[-3.20127,7.18004],[-3.20368,7.18473],[-3.21534,7.18666],[-3.22312,7.18354],[-3.22232,7.21205],[-3.23866,7.22602],[-3.24696,7.2425],[-3.25178,7.31092],[-3.24942,7.32036],[-3.25498,7.32536],[-3.28575,7.33203],[-3.30046,7.33169],[-3.31409,7.32727],[-3.31396,7.32026],[-3.29908,7.30597],[-3.29831,7.28525],[-3.30219,7.2824],[-3.31972,7.28327],[-3.32709,7.27456],[-3.33631,7.27564],[-3.34484,7.27274],[-3.34775,7.26646],[-3.35606,7.2646],[-3.37897,7.2498],[-3.40321,7.29307],[-3.4297,7.30582],[-3.43399,7.32494],[-3.44176,7.32907],[-3.43893,7.33756],[-3.44446,7.34193],[-3.45023,7.3366],[-3.45394,7.33853],[-3.45486,7.35118],[-3.46203,7.35236],[-3.45788,7.34569],[-3.46331,7.34155],[-3.46597,7.34271],[-3.46698,7.35328],[-3.47223,7.34368],[-3.47976,7.35655],[-3.48253,7.35294],[-3.48148,7.3434],[-3.49603,7.34811],[-3.50078,7.35441],[-3.51523,7.35367]]]}},{"type":"Feature","properties":{"id":"CIV:ADM1:CIV-3461","name":"Lacs","countryCode":"CIV"},"geometry":{"type":"Polygon","coordinates":[[[-4.97604,6.74553],[-4.96407,6.73],[-4.95118,6.7228],[-4.93595,6.72254],[-4.93426,6.71068],[-4.93668,6.70505],[-4.95323,6.69997],[-4.95048,6.68937],[-4.95823,6.69094],[-4.96086,6.68481],[-4.95395,6.68311],[-4.95939,6.67509],[-4.95946,6.66589],[-4.93834,6.65854],[-4.94076,6.64922],[-4.93633,6.64834],[-4.93921,6.64348],[-4.92652,6.64445],[-4.92566,6.619],[-4.92904,6.61961],[-4.93694,6.631],[-4.94058,6.63044],[-4.94208,6.62639],[-4.9429,6.6147],[-4.93764,6.61178],[-4.93271,6.60185],[-4.89568,6.59664],[-4.89198,6.60162],[-4.90249,6.60148],[-4.89955,6.61356],[-4.87603,6.61507],[-4.86924,6.62179],[-4.86884,6.62673],[-4.85606,6.63192],[-4.83486,6.63155],[-4.82195,6.62598],[-4.80932,6.62549],[-4.7709,6.60788],[-4.77344,6.60052],[-4.76833,6.59296],[-4.75566,6.58442],[-4.76276,6.5792],[-4.7525,6.56329],[-4.75184,6.55664],[-4.75873,6.55253],[-4.78268,6.55642],[-4.77997,6.53913],[-4.77521,6.53048],[-4.79031,6.51232],[-4.79097,6.50837],[-4.78332,6.49821],[-4.79149,6.49572],[-4.79222,6.49026],[-4.77846,6.48615],[-4.75968,6.49417],[-4.74719,6.48318],[-4.73783,6.48045],[-4.73169,6.47408],[-4.72796,6.46067],[-4.7327,6.45743],[-4.74182,6.45825],[-4.74456,6.44122],[-4.73311,6.44198],[-4.7167,6.43654],[-4.72121,6.42735],[-4.73033,6.42291],[-4.72917,6.41927],[-4.71194,6.4115],[-4.7027,6.41211],[-4.69639,6.40486],[-4.70409,6.40109],[-4.71669,6.40305],[-4.72008,6.39708],[-4.71673,6.39335],[-4.70368,6.39165],[-4.69524,6.38403],[-4.7107,6.37542],[-4.71057,6.36389],[-4.71709,6.35959],[-4.71679,6.35596],[-4.71416,6.35011],[-4.70106,6.34702],[-4.70591,6.3389],[-4.72306,6.3338],[-4.72423,6.32513],[-4.71628,6.31698],[-4.72664,6.31626],[-4.72825,6.31277],[-4.72332,6.30252],[-4.70748,6.30528],[-4.69265,6.2942],[-4.68434,6.28146],[-4.68451,6.27179],[-4.68834,6.26882],[-4.69916,6.27351],[-4.70415,6.27967],[-4.70534,6.27233],[-4.71955,6.25849],[-4.72781,6.25612],[-4.72963,6.25039],[-4.73931,6.25102],[-4.75037,6.24528],[-4.78219,6.23952],[-4.79324,6.24252],[-4.80491,6.24134],[-4.8179,6.25174],[-4.82171,6.24581],[-4.81499,6.24075],[-4.81586,6.23841],[-4.82583,6.23463],[-4.82809,6.23732],[-4.93175,6.26089],[-4.95764,6.25701],[-4.99868,6.23819],[-5.00685,6.24022],[-5.03673,6.23568],[-5.04365,6.26402],[-5.03455,6.2694],[-5.0263,6.28005],[-5.02531,6.28909],[-5.0376,6.29642],[-5.0743,6.28589],[-5.08486,6.28734],[-5.09087,6.28499],[-5.11622,6.30824],[-5.12646,6.31236],[-5.14101,6.33122],[-5.18118,6.36825],[-5.20287,6.37298],[-5.2035,6.37082],[-5.20475,6.37571],[-5.21102,6.37766],[-5.24662,6.3718],[-5.25772,6.36154],[-5.27021,6.35552],[-5.29847,6.3568],[-5.30517,6.36309],[-5.30198,6.37133],[-5.31822,6.40774],[-5.31608,6.42318],[-5.31093,6.43101],[-5.32056,6.4595],[-5.31848,6.4655],[-5.30319,6.48062],[-5.29885,6.50009],[-5.30432,6.50482],[-5.3234,6.51022],[-5.32858,6.51891],[-5.32786,6.52973],[-5.30675,6.54225],[-5.3043,6.55119],[-5.30905,6.56239],[-5.29945,6.57431],[-5.30934,6.59016],[-5.3376,6.59977],[-5.35753,6.60189],[-5.39454,6.59734],[-5.40712,6.60194],[-5.41694,6.61784],[-5.41229,6.64834],[-5.40845,6.64931],[-5.39977,6.66596],[-5.40659,6.68585],[-5.40575,6.70416],[-5.42287,6.73896],[-5.43623,6.75796],[-5.4411,6.75848],[-5.44382,6.77826],[-5.46932,6.80125],[-5.48879,6.81045],[-5.48723,6.82922],[-5.4916,6.85427],[-5.51402,6.8637],[-5.52508,6.8834],[-5.52525,6.89418],[-5.53136,6.90324],[-5.52819,6.91504],[-5.51716,6.9249],[-5.50579,6.92919],[-5.50134,6.98746],[-5.49527,7.00299],[-5.4874,7.01119],[-5.48291,7.02933],[-5.46898,7.03475],[-5.46009,7.03065],[-5.4518,7.03949],[-5.44776,7.03456],[-5.45278,7.0412],[-5.48503,7.04991],[-5.48918,7.05531],[-5.49281,7.07468],[-5.4956,7.1097],[-5.48993,7.11491],[-5.48835,7.12366],[-5.48008,7.13497],[-5.48138,7.13829],[-5.52392,7.15784],[-5.54252,7.1553],[-5.55329,7.14102],[-5.56849,7.1386],[-5.58713,7.1403],[-5.61022,7.15428],[-5.61266,7.15965],[-5.6013,7.17308],[-5.6035,7.18611],[-5.6224,7.1901],[-5.63766,7.19895],[-5.65229,7.2001],[-5.67532,7.22152],[-5.67495,7.23486],[-5.66644,7.2375],[-5.65821,7.23302],[-5.65349,7.23766],[-5.65086,7.24939],[-5.63765,7.26627],[-5.61277,7.26752],[-5.60716,7.27287],[-5.58301,7.27198],[-5.56813,7.28229],[-5.50093,7.29439],[-5.4792,7.30697],[-5.47104,7.30276],[-5.43711,7.30574],[-5.43252,7.29827],[-5.43465,7.28514],[-5.42829,7.27829],[-5.41406,7.2814],[-5.40676,7.2772],[-5.39349,7.24178],[-5.35225,7.23717],[-5.32241,7.24158],[-5.31248,7.23587],[-5.30468,7.23642],[-5.29825,7.22924],[-5.29232,7.22874],[-5.27363,7.25733],[-5.2471,7.2883],[-5.22627,7.2811],[-5.21013,7.29322],[-5.20548,7.31377],[-5.19015,7.33233],[-5.18134,7.33564],[-5.17202,7.34632],[-5.15962,7.34513],[-5.14673,7.34946],[-5.11944,7.36842],[-5.11292,7.39056],[-5.11483,7.40073],[-5.10329,7.40142],[-5.08453,7.4097],[-5.07332,7.40481],[-5.06431,7.40548],[-5.05347,7.41633],[-5.04841,7.4327],[-5.02534,7.45616],[-5.00064,7.47465],[-4.98874,7.46442],[-4.98718,7.47071],[-4.96707,7.49153],[-4.96173,7.49033],[-4.95306,7.48195],[-4.94275,7.48525],[-4.9345,7.48004],[-4.9256,7.48355],[-4.92663,7.51383],[-4.93,7.52315],[-4.90522,7.55596],[-4.89616,7.57432],[-4.88721,7.57532],[-4.88425,7.60995],[-4.87561,7.60524],[-4.85931,7.60317],[-4.85433,7.58756],[-4.84106,7.5729],[-4.82963,7.56578],[-4.81912,7.57148],[-4.79076,7.56418],[-4.77641,7.58022],[-4.75621,7.55797],[-4.74521,7.55152],[-4.73789,7.53017],[-4.72899,7.52533],[-4.72409,7.53132],[-4.68551,7.51745],[-4.65962,7.53094],[-4.6528,7.53019],[-4.65501,7.51615],[-4.6477,7.50538],[-4.64599,7.48129],[-4.66539,7.47514],[-4.686,7.47456],[-4.75786,7.43358],[-4.75973,7.42629],[-4.74881,7.40212],[-4.74671,7.37116],[-4.73134,7.3066],[-4.7153,7.28391],[-4.71268,7.25538],[-4.7006,7.23843],[-4.73559,7.21762],[-4.74637,7.19694],[-4.75006,7.16094],[-4.76443,7.10699],[-4.77009,7.06415],[-4.78054,7.05976],[-4.78236,7.05325],[-4.80901,7.03945],[-4.77835,6.98164],[-4.80467,6.94554],[-4.80609,6.93898],[-4.80214,6.93438],[-4.79926,6.92136],[-4.80179,6.90127],[-4.79246,6.8857],[-4.79242,6.87797],[-4.80931,6.87284],[-4.81972,6.88024],[-4.84342,6.86519],[-4.8506,6.85588],[-4.87886,6.84465],[-4.89473,6.84253],[-4.90516,6.8469],[-4.94179,6.85073],[-4.97073,6.84261],[-4.9686,6.83771],[-4.9716,6.83352],[-4.97227,6.83385],[-4.97411,6.82314],[-4.96384,6.81918],[-4.95442,6.82056],[-4.95546,6.81455],[-4.96422,6.80653],[-4.96306,6.80274],[-4.95873,6.805],[-4.95786,6.80061],[-4.96193,6.7971],[-4.95802,6.79144],[-4.96665,6.77284],[-4.96593,6.76597],[-4.96856,6.76223],[-4.97998,6.76227],[-4.97177,6.75427],[-4.97561,6.75128],[-4.97604,6.74553]],[[-5.0487,6.96728],[-5.04988,6.96768],[-5.0412,6.95593],[-5.0487,6.96728]]]}},{"type":"Feature","properties":{"id":"CIV:ADM1:CIV-3462","name":"Sud-Comoé","countryCode":"CIV"},"geometry":{"type":"MultiPolygon","coordinates":[[[[-2.97979,5.08022],[-3.00758,5.10591],[-3.02382,5.1117],[-3.04295,5.10989],[-3.05089,5.11206],[-3.05161,5.10844],[-3.06933,5.11484],[-3.0161,5.11445],[-2.9945,5.10814],[-2.98852,5.10224],[-2.97631,5.08462],[-2.97094,5.08088],[-2.95775,5.08267],[-2.93724,5.09129],[-2.93024,5.09338],[-2.92891,5.08745],[-2.94298,5.08492],[-2.94912,5.07479],[-2.97979,5.08022]]],[[[-3.09131,5.11314],[-3.09383,5.10735],[-3.09924,5.10735],[-3.09783,5.11341],[-3.08764,5.11498],[-3.06975,5.11484],[-3.07687,5.10663],[-3.08517,5.10663],[-3.08409,5.11098],[-3.09131,5.11314]]],[[[-3.10141,5.10989],[-3.1038,5.11136],[-3.10116,5.11238],[-3.10141,5.10989]]],[[[-3.27233,5.13239],[-3.25328,5.1496],[-3.23412,5.16348],[-3.20739,5.15664],[-3.20031,5.1518],[-3.19742,5.1459],[-3.19595,5.1402],[-3.19319,5.13614],[-3.18497,5.13227],[-3.1634,5.12547],[-3.15909,5.12556],[-3.15514,5.12788],[-3.14635,5.12157],[-3.1317,5.10814],[-3.11885,5.10705],[-3.11477,5.09023],[-3.11962,5.09133],[-3.12023,5.0915],[-3.16381,5.10155],[-3.22158,5.1071],[-3.25861,5.11464],[-3.27028,5.11508],[-3.27636,5.11811],[-3.27233,5.13239]]],[[[-3.7965,5.27269],[-3.80596,5.28412],[-3.80492,5.28533],[-3.78769,5.27333],[-3.78897,5.27269],[-3.7965,5.27269]]],[[[-3.75943,5.27538],[-3.76917,5.27749],[-3.73924,5.2888],[-3.73502,5.28693],[-3.74397,5.27399],[-3.75943,5.27538]]],[[[-3.72642,5.29364],[-3.71635,5.29744],[-3.71878,5.28663],[-3.72191,5.291],[-3.72642,5.29364]]],[[[-3.84004,5.25352],[-3.81491,5.25076],[-3.81754,5.2664],[-3.81163,5.26411],[-3.77538,5.24478],[-3.77774,5.25121],[-3.77945,5.26118],[-3.78222,5.26651],[-3.76667,5.26606],[-3.73982,5.2624],[-3.72887,5.26651],[-3.72712,5.2686],[-3.72789,5.25508],[-3.71542,5.2308],[-3.70711,5.2367],[-3.68982,5.2304],[-3.68385,5.23199],[-3.67669,5.23912],[-3.67142,5.25491],[-3.66443,5.26074],[-3.65118,5.26002],[-3.63549,5.25073],[-3.62536,5.25616],[-3.61561,5.26636],[-3.6222,5.27669],[-3.62515,5.29758],[-3.61907,5.30449],[-3.61391,5.30452],[-3.60884,5.31345],[-3.60592,5.32948],[-3.58949,5.3402],[-3.5931,5.35055],[-3.58533,5.37123],[-3.58826,5.38653],[-3.58168,5.40505],[-3.58306,5.4237],[-3.57522,5.45215],[-3.57791,5.49591],[-3.57276,5.5411],[-3.52416,5.54512],[-3.48463,5.5707],[-3.49154,5.57974],[-3.49254,5.58612],[-3.46515,5.58477],[-3.45079,5.59863],[-3.43999,5.60177],[-3.42485,5.60076],[-3.416,5.62128],[-3.41821,5.62549],[-3.41611,5.63037],[-3.39693,5.63637],[-3.37801,5.65072],[-3.36527,5.64829],[-3.35438,5.65122],[-3.33189,5.63686],[-3.33813,5.65303],[-3.32911,5.6607],[-3.32224,5.65922],[-3.29934,5.72493],[-3.37094,5.73389],[-3.37249,5.74096],[-3.37897,5.73802],[-3.39507,5.74049],[-3.41874,5.7493],[-3.42471,5.74856],[-3.4383,5.76022],[-3.43613,5.77562],[-3.42682,5.78173],[-3.42754,5.78813],[-3.43354,5.79048],[-3.43585,5.7958],[-3.43146,5.80408],[-3.42134,5.79837],[-3.41607,5.80014],[-3.4076,5.79526],[-3.40199,5.79595],[-3.3965,5.81339],[-3.39606,5.84905],[-3.38498,5.87024],[-3.37556,5.87397],[-3.35446,5.86691],[-3.34741,5.8686],[-3.32299,5.88813],[-3.32101,5.9046],[-3.31108,5.91806],[-3.30137,5.92138],[-3.29365,5.93003],[-3.27744,5.92635],[-3.26542,5.93185],[-3.26466,5.9359],[-3.25492,5.93627],[-3.2535,5.94219],[-3.24818,5.94581],[-3.25371,5.94994],[-3.25592,5.95821],[-3.26041,5.95497],[-3.26605,5.95882],[-3.26693,5.96142],[-3.2607,5.96461],[-3.26763,5.96726],[-3.27497,5.97932],[-3.25823,5.98706],[-3.25582,5.99313],[-3.25046,5.98964],[-3.24468,6.00722],[-3.23906,6.00602],[-3.23597,6.01634],[-3.23179,6.01845],[-3.23472,6.03886],[-3.22955,6.04368],[-3.2256,6.05456],[-3.22762,6.09278],[-3.21404,6.11331],[-3.20715,6.14098],[-3.20092,6.14486],[-3.19712,6.15325],[-3.20653,6.17929],[-3.20295,6.1968],[-3.19807,6.207],[-3.1851,6.21831],[-3.18447,6.23807],[-3.1761,6.24681],[-3.15693,6.24367],[-3.11099,6.15611],[-3.08277,5.99869],[-3.02313,5.84815],[-3.03613,5.71425],[-2.95557,5.70955],[-2.97038,5.6303],[-2.95449,5.61184],[-2.9386,5.61039],[-2.91693,5.62305],[-2.90609,5.62414],[-2.90067,5.64006],[-2.88297,5.64766],[-2.87358,5.65924],[-2.8696,5.65923],[-2.86202,5.64186],[-2.82194,5.61941],[-2.80893,5.61724],[-2.80857,5.61326],[-2.79449,5.61542],[-2.7768,5.59769],[-2.76524,5.59515],[-2.76241,5.44569],[-2.72741,5.38704],[-2.7332,5.35122],[-2.72635,5.33529],[-2.75379,5.33784],[-2.76461,5.34834],[-2.77148,5.34255],[-2.77581,5.33314],[-2.7668,5.30853],[-2.76752,5.29406],[-2.77655,5.28682],[-2.79424,5.28248],[-2.77114,5.26366],[-2.77042,5.25932],[-2.77584,5.25353],[-2.75707,5.24592],[-2.76105,5.23108],[-2.75672,5.22276],[-2.75745,5.21516],[-2.76359,5.20322],[-2.7589,5.19707],[-2.75132,5.19525],[-2.74122,5.16738],[-2.73979,5.14856],[-2.725,5.13046],[-2.72861,5.1254],[-2.73402,5.12431],[-2.74377,5.10731],[-2.75171,5.10876],[-2.75821,5.09356],[-2.77625,5.10587],[-2.7878,5.10335],[-2.79213,5.09937],[-2.81739,5.10227],[-2.83363,5.11458],[-2.8376,5.11385],[-2.84085,5.10372],[-2.84663,5.10119],[-2.85529,5.10662],[-2.85998,5.11386],[-2.88163,5.12074],[-2.90437,5.11314],[-2.90689,5.1088],[-2.90689,5.10482],[-2.89101,5.10952],[-2.88668,5.10337],[-2.88668,5.09505],[-2.89427,5.08274],[-2.90004,5.08057],[-2.91231,5.08528],[-2.92061,5.10229],[-2.9253,5.10374],[-2.92709,5.10226],[-2.92903,5.12202],[-2.90123,5.13361],[-2.86531,5.13931],[-2.8437,5.14912],[-2.84618,5.17699],[-2.87938,5.18134],[-2.9204,5.1765],[-2.94668,5.17707],[-2.93847,5.15693],[-2.94351,5.13679],[-2.958,5.12116],[-2.97777,5.11498],[-2.9934,5.11953],[-3.0463,5.14411],[-3.06282,5.15664],[-3.08275,5.15107],[-3.12238,5.14997],[-3.13915,5.14232],[-3.14684,5.16132],[-3.16247,5.18415],[-3.1809,5.20319],[-3.19689,5.21117],[-3.20507,5.21866],[-3.19433,5.23444],[-3.17882,5.24885],[-3.17272,5.25218],[-3.16796,5.2663],[-3.16503,5.29589],[-3.15909,5.30744],[-3.14538,5.31599],[-3.13476,5.31859],[-3.12792,5.3249],[-3.12548,5.34463],[-3.12776,5.35961],[-3.13443,5.36677],[-3.14607,5.36884],[-3.16275,5.36884],[-3.16739,5.36665],[-3.17333,5.36176],[-3.18073,5.35684],[-3.18977,5.35464],[-3.19811,5.3559],[-3.21182,5.36148],[-3.22053,5.36205],[-3.23021,5.35863],[-3.24942,5.34536],[-3.26207,5.34089],[-3.25206,5.3181],[-3.24694,5.29759],[-3.2543,5.2836],[-3.28262,5.28018],[-3.27819,5.27253],[-3.27819,5.26545],[-3.28213,5.25873],[-3.28942,5.25218],[-3.28026,5.24616],[-3.27579,5.24478],[-3.28262,5.24478],[-3.27306,5.24116],[-3.26281,5.23884],[-3.25202,5.23786],[-3.24096,5.23851],[-3.24096,5.23168],[-3.2504,5.22736],[-3.2657,5.2287],[-3.27579,5.22549],[-3.28429,5.21906],[-3.29198,5.21052],[-3.29833,5.20067],[-3.30305,5.19013],[-3.31359,5.19725],[-3.32071,5.19351],[-3.319,5.1848],[-3.30305,5.17707],[-3.30899,5.16376],[-3.30309,5.15571],[-3.29052,5.15135],[-3.27579,5.14912],[-3.30855,5.12284],[-3.33511,5.12961],[-3.35482,5.13078],[-3.36941,5.1363],[-3.48534,5.15636],[-3.53305,5.16106],[-3.55519,5.16078],[-3.63199,5.17707],[-3.67071,5.17937],[-3.71804,5.18875],[-3.72142,5.19383],[-3.71963,5.20311],[-3.71727,5.21019],[-3.7189,5.21703],[-3.72887,5.22549],[-3.72142,5.23851],[-3.73168,5.23005],[-3.73965,5.21711],[-3.74523,5.2027],[-3.74706,5.1945],[-3.8158,5.20813],[-3.85141,5.22148],[-3.85203,5.22825],[-3.84004,5.25352]]]]}}]}}
