{"type":"FeatureCollection","features":[{"type":"Feature","properties":{"id":"HRV:ADM2:41942358B10389356844797","name":"Općina Sibinj","countryCode":"HRV","adminLevel":2,"sourceCode":"41942358B10389356844797","parentId":"HRV:ADM1:HRV-1602"},"geometry":{"type":"Polygon","coordinates":[[[17.93847,45.13429],[17.9462,45.13615],[17.9426,45.14003],[17.94738,45.14162],[17.94621,45.1456],[17.96329,45.15594],[17.95284,45.16589],[17.9563,45.16525],[17.95835,45.1709],[17.96385,45.17002],[17.96261,45.1745],[17.96669,45.17589],[17.96418,45.18609],[17.97124,45.18858],[17.96765,45.19137],[17.96868,45.20056],[17.97298,45.19993],[17.97316,45.20823],[17.97029,45.21464],[17.96247,45.2078],[17.95902,45.22126],[17.94986,45.22928],[17.94411,45.24305],[17.94368,45.25392],[17.93651,45.26643],[17.93242,45.29011],[17.89371,45.28884],[17.88224,45.27363],[17.88313,45.25718],[17.86769,45.25128],[17.85446,45.24135],[17.85064,45.23478],[17.84121,45.23412],[17.8346,45.22318],[17.85031,45.21037],[17.85377,45.21376],[17.86776,45.21325],[17.87686,45.20802],[17.88411,45.19544],[17.873,45.1879],[17.86536,45.18745],[17.86792,45.16587],[17.86485,45.15627],[17.86888,45.15641],[17.87149,45.13896],[17.88319,45.13185],[17.91698,45.13643],[17.93847,45.13429]]]}},{"type":"Feature","properties":{"id":"HRV:ADM2:41942358B10573009407478","name":"Općina Šandrovac","countryCode":"HRV","adminLevel":2,"sourceCode":"41942358B10573009407478","parentId":"HRV:ADM1:HRV-1607"},"geometry":{"type":"Polygon","coordinates":[[[17.08262,45.90484],[17.06606,45.90801],[17.05814,45.91765],[17.05701,45.92237],[17.06153,45.92847],[17.05135,45.94401],[17.04089,45.9444],[17.02562,45.933],[17.01233,45.93378],[17.00922,45.94047],[16.99621,45.93477],[16.98574,45.93536],[16.98871,45.91383],[17.00106,45.90627],[17.00341,45.89829],[16.99857,45.88979],[16.98848,45.88993],[16.99474,45.8786],[16.98771,45.87914],[16.99562,45.85086],[16.99236,45.84886],[17.01758,45.83256],[17.04374,45.84873],[17.06645,45.8497],[17.07554,45.84554],[17.08162,45.84828],[17.08451,45.86694],[17.067,45.87056],[17.077,45.88102],[17.07662,45.89234],[17.08262,45.90484]]]}},{"type":"Feature","properties":{"id":"HRV:ADM2:41942358B1083046839063","name":"Općina Barban","countryCode":"HRV","adminLevel":2,"sourceCode":"41942358B1083046839063","parentId":"HRV:ADM1:HRV-1592"},"geometry":{"type":"Polygon","coordinates":[[[14.03818,45.00461],[14.02983,45.00752],[14.01439,45.00565],[14.00984,45.01326],[14.00375,45.01353],[14.00373,45.02451],[13.99779,45.01999],[14.00296,45.0347],[13.99687,45.03658],[13.99241,45.02974],[13.97391,45.01608],[13.97261,45.01294],[13.9807,45.00804],[13.97746,45.00253],[13.96811,45.00356],[13.95896,45.01147],[13.92688,45.0206],[13.92943,45.02841],[13.92295,45.04193],[13.93455,45.07612],[13.93552,45.08978],[13.98109,45.10318],[13.9899,45.1032],[13.99064,45.13051],[14.01036,45.15475],[14.02776,45.14597],[14.03095,45.13795],[14.02241,45.12565],[14.02198,45.11938],[14.01638,45.11803],[14.02364,45.10091],[14.01824,45.09285],[14.02131,45.09044],[14.02052,45.08194],[14.0288,45.0772],[14.01884,45.07044],[14.03435,45.06779],[14.03443,45.06163],[14.04368,45.05252],[14.03998,45.04177],[14.03438,45.03923],[14.04306,45.02273],[14.03989,45.00943],[14.04132,45.00681],[14.03818,45.00461]]]}},{"type":"Feature","properties":{"id":"HRV:ADM2:41942358B11337278078109","name":"Općina Ferdinandovac","countryCode":"HRV","adminLevel":2,"sourceCode":"41942358B11337278078109","parentId":"HRV:ADM1:HRV-1608"},"geometry":{"type":"Polygon","coordinates":[[[17.19231,46.02839],[17.20912,46.02863],[17.21714,46.0165],[17.22769,46.01675],[17.22821,46.01085],[17.24551,46.00678],[17.27116,46.01719],[17.27228,46.02093],[17.29354,46.02327],[17.29632,46.02852],[17.29158,46.03195],[17.26903,46.03339],[17.25415,46.03001],[17.2598,46.03231],[17.25686,46.04596],[17.27123,46.05289],[17.27096,46.05671],[17.23248,46.0592],[17.22837,46.06348],[17.23248,46.06616],[17.24504,46.06134],[17.25251,46.06647],[17.24129,46.0653],[17.2387,46.07733],[17.2309,46.08049],[17.22132,46.0813],[17.20463,46.07607],[17.19365,46.08764],[17.18757,46.08489],[17.18663,46.07947],[17.17635,46.08133],[17.17584,46.08453],[17.17121,46.0859],[17.16818,46.08447],[17.16974,46.08204],[17.16618,46.08316],[17.15586,46.07776],[17.15098,46.08585],[17.14698,46.08453],[17.14518,46.08095],[17.15771,46.07415],[17.15451,46.06287],[17.15971,46.05856],[17.15445,46.05168],[17.14516,46.05141],[17.14374,46.04695],[17.15107,46.0471],[17.15427,46.04358],[17.16391,46.05254],[17.16968,46.0514],[17.16627,46.05422],[17.17217,46.05656],[17.17829,46.05105],[17.18086,46.03692],[17.19231,46.02839]]]}},{"type":"Feature","properties":{"id":"HRV:ADM2:41942358B11370541277369","name":"Općina Maruševec","countryCode":"HRV","adminLevel":2,"sourceCode":"41942358B11370541277369","parentId":"HRV:ADM1:HRV-1610"},"geometry":{"type":"Polygon","coordinates":[[[16.1207,46.26912],[16.12609,46.25816],[16.13288,46.25318],[16.13565,46.24386],[16.13611,46.24632],[16.14102,46.24311],[16.15423,46.24667],[16.16934,46.241],[16.18078,46.24799],[16.19374,46.24728],[16.19337,46.25048],[16.2077,46.25515],[16.21144,46.26168],[16.21817,46.25773],[16.22111,46.26326],[16.23513,46.27001],[16.22934,46.27125],[16.22741,46.2789],[16.22801,46.30092],[16.24018,46.30843],[16.23232,46.30748],[16.22702,46.31051],[16.22314,46.30753],[16.21149,46.30759],[16.20784,46.309],[16.21099,46.31252],[16.20917,46.3141],[16.2041,46.31263],[16.1935,46.32013],[16.1596,46.30994],[16.15042,46.2886],[16.13617,46.29124],[16.12855,46.2875],[16.13226,46.27267],[16.1207,46.26912]]]}},{"type":"Feature","properties":{"id":"HRV:ADM2:41942358B11408332242039","name":"Grad Korčula","countryCode":"HRV","adminLevel":2,"sourceCode":"41942358B11408332242039","parentId":"HRV:ADM1:HRV-1490"},"geometry":{"type":"MultiPolygon","coordinates":[[[[16.97006,42.92665],[16.95891,42.92301],[16.95817,42.92256],[16.92136,42.9122],[16.92017,42.91871],[16.92321,42.92552],[16.92002,42.9296],[16.92242,42.93118],[16.9149,42.93686],[16.9126,42.94841],[16.91815,42.95341],[16.91304,42.95575],[16.90725,42.96618],[16.91361,42.96856],[16.91083,42.97148],[16.92422,42.971],[16.92826,42.96803],[16.92832,42.9718],[16.94438,42.97434],[16.99446,42.97409],[17.01034,42.97794],[17.02058,42.97315],[17.021,42.97773],[17.04379,42.9799],[17.04612,42.97936],[17.04126,42.97653],[17.04541,42.97307],[17.06101,42.9721],[17.06203,42.96892],[17.07883,42.96949],[17.09138,42.96448],[17.10047,42.9656],[17.09726,42.96383],[17.10144,42.96096],[17.1067,42.96484],[17.11178,42.96302],[17.10897,42.9598],[17.11091,42.95856],[17.11736,42.95865],[17.11504,42.9633],[17.12666,42.96026],[17.13561,42.96327],[17.13717,42.95665],[17.14144,42.95639],[17.13767,42.94952],[17.14412,42.95248],[17.14516,42.95614],[17.14869,42.95258],[17.14965,42.9519],[17.15335,42.94642],[17.14886,42.9412],[17.14318,42.94122],[17.13775,42.93409],[17.13486,42.92418],[17.13735,42.91877],[17.10743,42.91429],[17.04632,42.92379],[17.04634,42.92401],[17.04609,42.92383],[17.01531,42.92862],[16.97291,42.9267],[16.97197,42.92644],[16.97006,42.92665]]],[[[17.04864,42.97771],[17.04761,42.97676],[17.04719,42.97772],[17.04864,42.97771]]],[[[17.17143,42.93717],[17.17341,42.93209],[17.16569,42.9353],[17.16726,42.9385],[17.17143,42.93717]]],[[[17.18068,42.9314],[17.18161,42.93199],[17.18239,42.93156],[17.18068,42.9314]]]]}},{"type":"Feature","properties":{"id":"HRV:ADM2:41942358B11577968549196","name":"Grad Klanjec","countryCode":"HRV","adminLevel":2,"sourceCode":"41942358B11577968549196","parentId":"HRV:ADM1:HRV-1582"},"geometry":{"type":"Polygon","coordinates":[[[15.76749,46.06116],[15.75216,46.05566],[15.73508,46.06236],[15.73175,46.05813],[15.71465,46.05958],[15.72379,46.05216],[15.72311,46.04818],[15.73249,46.04452],[15.73044,46.03994],[15.7244,46.04226],[15.72366,46.03864],[15.71612,46.03525],[15.71694,46.02855],[15.72024,46.02784],[15.71508,46.02724],[15.71334,46.01994],[15.72877,46.01581],[15.73129,46.00704],[15.7415,46.00795],[15.74444,46.00605],[15.74212,46.00324],[15.74737,46.00072],[15.75081,46.0007],[15.76285,46.01336],[15.78049,46.01268],[15.77568,46.03757],[15.7796,46.03717],[15.78186,46.05096],[15.76749,46.06116]]]}},{"type":"Feature","properties":{"id":"HRV:ADM2:41942358B11687207448714","name":"Općina Poličnik","countryCode":"HRV","adminLevel":2,"sourceCode":"41942358B11687207448714","parentId":"HRV:ADM1:HRV-1493"},"geometry":{"type":"Polygon","coordinates":[[[15.4291,44.17456],[15.4227,44.18368],[15.4017,44.20144],[15.36737,44.22031],[15.35387,44.21046],[15.33181,44.21768],[15.2739,44.18574],[15.2534,44.1871],[15.27932,44.16832],[15.28391,44.15524],[15.27966,44.14215],[15.29559,44.12841],[15.32905,44.13799],[15.34465,44.15398],[15.35715,44.1614],[15.39259,44.14496],[15.41898,44.14113],[15.43436,44.15027],[15.4242,44.15755],[15.42226,44.16492],[15.4291,44.17456]]]}},{"type":"Feature","properties":{"id":"HRV:ADM2:41942358B11875886420831","name":"Grad Novigrad","countryCode":"HRV","adminLevel":2,"sourceCode":"41942358B11875886420831","parentId":"HRV:ADM1:HRV-1592"},"geometry":{"type":"Polygon","coordinates":[[[13.55569,45.35672],[13.5893,45.36003],[13.60291,45.35397],[13.60959,45.35419],[13.6134,45.35083],[13.61593,45.33952],[13.62706,45.34216],[13.63207,45.34051],[13.63167,45.33588],[13.65315,45.33556],[13.62153,45.32818],[13.60611,45.32139],[13.59791,45.32437],[13.57106,45.32502],[13.56178,45.32636],[13.55063,45.3343],[13.54203,45.34517],[13.54124,45.34656],[13.54081,45.35284],[13.55569,45.35672]]]}},{"type":"Feature","properties":{"id":"HRV:ADM2:41942358B11965275842876","name":"Općina Donji Vidovec","countryCode":"HRV","adminLevel":2,"sourceCode":"41942358B11965275842876","parentId":"HRV:ADM1:HRV-1609"},"geometry":{"type":"Polygon","coordinates":[[[16.77651,46.3084],[16.78844,46.31652],[16.80488,46.33715],[16.78578,46.35443],[16.77072,46.35409],[16.76097,46.35979],[16.74865,46.30017],[16.76115,46.3134],[16.76772,46.31249],[16.76837,46.3084],[16.77651,46.3084]]]}},{"type":"Feature","properties":{"id":"HRV:ADM2:41942358B11999988634347","name":"Općina Čepin","countryCode":"HRV","adminLevel":2,"sourceCode":"41942358B11999988634347","parentId":"HRV:ADM1:HRV-1603"},"geometry":{"type":"Polygon","coordinates":[[[18.59709,45.46164],[18.60106,45.4615],[18.62283,45.5114],[18.61941,45.52868],[18.62176,45.52909],[18.61897,45.53547],[18.59805,45.53811],[18.59572,45.54388],[18.58494,45.54637],[18.58541,45.55059],[18.57844,45.54482],[18.57574,45.54486],[18.57127,45.55302],[18.56268,45.55087],[18.55673,45.56425],[18.54634,45.55411],[18.52207,45.54411],[18.52292,45.53869],[18.50647,45.52043],[18.5054,45.52273],[18.49461,45.52174],[18.49347,45.5267],[18.47936,45.51985],[18.45592,45.52268],[18.45666,45.51699],[18.43813,45.52022],[18.43264,45.51442],[18.43378,45.50745],[18.42305,45.50626],[18.42575,45.50158],[18.42058,45.49784],[18.43852,45.46554],[18.45035,45.46898],[18.44213,45.46104],[18.44911,45.45145],[18.44934,45.44089],[18.45674,45.44115],[18.46161,45.44581],[18.46269,45.44055],[18.4794,45.43776],[18.48416,45.44675],[18.49514,45.45147],[18.49233,45.45469],[18.50844,45.45614],[18.51812,45.46193],[18.50033,45.46145],[18.50299,45.47009],[18.51838,45.46209],[18.52719,45.46846],[18.52838,45.46621],[18.54616,45.46589],[18.55114,45.46812],[18.54815,45.47447],[18.55474,45.47608],[18.55228,45.48122],[18.55474,45.48235],[18.55746,45.4789],[18.56926,45.48236],[18.57295,45.47872],[18.56993,45.47048],[18.57837,45.47064],[18.5779,45.46336],[18.59709,45.46164]]]}},{"type":"Feature","properties":{"id":"HRV:ADM2:41942358B12091913273541","name":"Općina Kumrovec","countryCode":"HRV","adminLevel":2,"sourceCode":"41942358B12091913273541","parentId":"HRV:ADM1:HRV-1582"},"geometry":{"type":"Polygon","coordinates":[[[15.69689,46.09705],[15.68938,46.09861],[15.68275,46.10658],[15.67013,46.10325],[15.64855,46.08719],[15.65029,46.08446],[15.64814,46.08401],[15.65481,46.08443],[15.65894,46.0804],[15.65837,46.07125],[15.67205,46.07382],[15.67015,46.07228],[15.67389,46.07062],[15.6801,46.07154],[15.68138,46.06824],[15.68297,46.0702],[15.6831,46.06686],[15.68652,46.06985],[15.69052,46.06856],[15.68609,46.0667],[15.69048,46.06265],[15.71016,46.05826],[15.73454,46.05896],[15.73508,46.06236],[15.70872,46.08943],[15.69848,46.08663],[15.69365,46.092],[15.69167,46.09072],[15.69689,46.09705]]]}},{"type":"Feature","properties":{"id":"HRV:ADM2:41942358B12927097418582","name":"Općina Marijanci","countryCode":"HRV","adminLevel":2,"sourceCode":"41942358B12927097418582","parentId":"HRV:ADM1:HRV-1603"},"geometry":{"type":"Polygon","coordinates":[[[18.25378,45.59095],[18.31708,45.61194],[18.31073,45.61417],[18.30694,45.62063],[18.30732,45.62688],[18.31188,45.62914],[18.31663,45.65334],[18.30692,45.65573],[18.30791,45.65855],[18.30273,45.66009],[18.30708,45.67019],[18.29776,45.68455],[18.30397,45.68814],[18.30558,45.69748],[18.31011,45.69829],[18.31182,45.70696],[18.31663,45.71095],[18.3063,45.70755],[18.30268,45.71158],[18.30903,45.72169],[18.31426,45.72114],[18.31516,45.72637],[18.31923,45.72755],[18.31553,45.73269],[18.30938,45.73357],[18.30705,45.73034],[18.30015,45.73429],[18.29399,45.72622],[18.28209,45.71979],[18.28626,45.71632],[18.27891,45.71148],[18.27206,45.71529],[18.25435,45.7156],[18.24592,45.72176],[18.24677,45.70524],[18.23765,45.70555],[18.24036,45.69632],[18.2384,45.6866],[18.24505,45.68581],[18.24481,45.68229],[18.24948,45.67901],[18.24431,45.67961],[18.24531,45.67486],[18.23147,45.6741],[18.23214,45.67129],[18.24067,45.6683],[18.23455,45.66573],[18.23707,45.65743],[18.23471,45.6571],[18.23911,45.64615],[18.24932,45.64093],[18.25859,45.64219],[18.264,45.6282],[18.25348,45.62886],[18.25537,45.62379],[18.24919,45.59572],[18.25378,45.59095]]]}},{"type":"Feature","properties":{"id":"HRV:ADM2:41942358B12961385975585","name":"Općina Kaštelir - Labinci","countryCode":"HRV","adminLevel":2,"sourceCode":"41942358B12961385975585","parentId":"HRV:ADM1:HRV-1592"},"geometry":{"type":"Polygon","coordinates":[[[13.66894,45.34507],[13.64231,45.33251],[13.64479,45.32744],[13.64131,45.32335],[13.64374,45.30585],[13.64759,45.29651],[13.65647,45.29184],[13.65428,45.28177],[13.66106,45.2772],[13.6652,45.26843],[13.67135,45.26573],[13.69309,45.26689],[13.70129,45.27399],[13.70005,45.28314],[13.70583,45.28893],[13.69823,45.29159],[13.71408,45.31179],[13.7103,45.31432],[13.71284,45.31878],[13.7104,45.32672],[13.70604,45.32975],[13.69807,45.32802],[13.70031,45.33301],[13.68757,45.33827],[13.68623,45.34473],[13.67433,45.3488],[13.66894,45.34507]]]}},{"type":"Feature","properties":{"id":"HRV:ADM2:41942358B13432222184873","name":"Grad Grubišno Polje","countryCode":"HRV","adminLevel":2,"sourceCode":"41942358B13432222184873","parentId":"HRV:ADM1:HRV-1607"},"geometry":{"type":"Polygon","coordinates":[[[17.06153,45.68825],[17.05464,45.68178],[17.04971,45.68349],[17.04512,45.67803],[17.04696,45.66415],[17.03314,45.65074],[17.03368,45.64507],[17.04087,45.63967],[17.0475,45.64151],[17.05348,45.63358],[17.07093,45.62754],[17.07123,45.63251],[17.08784,45.641],[17.08612,45.64666],[17.11045,45.65756],[17.12166,45.6668],[17.16017,45.67269],[17.19798,45.66833],[17.2127,45.66263],[17.24375,45.66121],[17.25017,45.66526],[17.26791,45.66025],[17.28573,45.66],[17.28925,45.66739],[17.3001,45.66829],[17.3252,45.68849],[17.35043,45.69512],[17.36647,45.68777],[17.38898,45.69845],[17.37708,45.72097],[17.34744,45.72224],[17.36256,45.74208],[17.36256,45.75179],[17.3553,45.75981],[17.34804,45.76319],[17.3305,45.74968],[17.31659,45.75264],[17.32022,45.76614],[17.31477,45.77163],[17.29299,45.77332],[17.27726,45.78766],[17.27977,45.80771],[17.27619,45.81116],[17.25428,45.81255],[17.24763,45.81625],[17.24345,45.78271],[17.23426,45.78176],[17.23656,45.77641],[17.23193,45.77647],[17.22556,45.7676],[17.21992,45.76731],[17.21396,45.77291],[17.20823,45.77049],[17.20571,45.77092],[17.20752,45.77327],[17.18159,45.77303],[17.18228,45.76909],[17.17549,45.76317],[17.14504,45.76027],[17.14339,45.76966],[17.13938,45.77163],[17.12695,45.76401],[17.12349,45.75479],[17.1188,45.75518],[17.12134,45.75713],[17.11761,45.75901],[17.10116,45.76031],[17.09657,45.75555],[17.09829,45.7486],[17.10546,45.75231],[17.10687,45.75022],[17.09541,45.74399],[17.09175,45.7349],[17.06293,45.73205],[17.05186,45.72417],[17.06355,45.72676],[17.07546,45.72378],[17.07666,45.71649],[17.09146,45.71939],[17.08853,45.71619],[17.10129,45.70516],[17.09722,45.70471],[17.09747,45.70117],[17.10041,45.70333],[17.1182,45.69593],[17.0997,45.69521],[17.09832,45.68781],[17.08758,45.69302],[17.07473,45.68724],[17.06153,45.68825]]]}},{"type":"Feature","properties":{"id":"HRV:ADM2:41942358B13832524664544","name":"Grad Kutina","countryCode":"HRV","adminLevel":2,"sourceCode":"41942358B13832524664544","parentId":"HRV:ADM1:HRV-1587"},"geometry":{"type":"Polygon","coordinates":[[[16.74861,45.6199],[16.7403,45.61853],[16.72886,45.60867],[16.72902,45.60321],[16.72061,45.60246],[16.71504,45.59742],[16.71778,45.59072],[16.70748,45.58279],[16.70494,45.57058],[16.69661,45.56056],[16.7131,45.54519],[16.70976,45.53885],[16.71306,45.53704],[16.71697,45.5389],[16.71959,45.53426],[16.72978,45.53441],[16.74066,45.54095],[16.74282,45.54032],[16.73962,45.53659],[16.74704,45.53598],[16.73937,45.52767],[16.73135,45.52419],[16.73113,45.51591],[16.72602,45.51094],[16.70703,45.49969],[16.69999,45.48385],[16.68906,45.47525],[16.68478,45.4672],[16.68801,45.46564],[16.68494,45.46155],[16.68968,45.45904],[16.68879,45.45237],[16.68436,45.44858],[16.6941,45.44555],[16.69141,45.43545],[16.69432,45.43089],[16.68866,45.43231],[16.68794,45.42667],[16.69606,45.42865],[16.69752,45.42408],[16.70922,45.42211],[16.70891,45.41817],[16.7037,45.41534],[16.71953,45.41064],[16.7245,45.41569],[16.73439,45.41856],[16.73885,45.41377],[16.75038,45.4155],[16.74905,45.41787],[16.75278,45.42208],[16.76494,45.42131],[16.7747,45.42709],[16.78819,45.42645],[16.80016,45.42968],[16.80418,45.4342],[16.81628,45.43785],[16.82307,45.44531],[16.85328,45.44452],[16.86399,45.45111],[16.88027,45.44229],[16.88099,45.43536],[16.89132,45.43233],[16.89412,45.43411],[16.89539,45.42863],[16.91342,45.42953],[16.93461,45.41869],[16.93829,45.41848],[16.93591,45.42175],[16.94049,45.42266],[16.952,45.42102],[16.95135,45.39961],[16.97827,45.40751],[16.98286,45.40634],[16.98407,45.40912],[17.00093,45.40504],[17.01258,45.40849],[17.01347,45.40217],[17.0207,45.40039],[17.02174,45.42653],[17.01519,45.42638],[17.01517,45.43193],[17.01105,45.43587],[17.02238,45.44159],[17.0004,45.45502],[17.00351,45.4584],[16.98292,45.45221],[16.96879,45.45486],[16.96436,45.45257],[16.95409,45.45676],[16.93878,45.47698],[16.92996,45.48165],[16.92478,45.47597],[16.92829,45.47535],[16.92527,45.47431],[16.92948,45.47333],[16.92767,45.47137],[16.93199,45.47121],[16.92975,45.46821],[16.92681,45.47011],[16.92261,45.46655],[16.90941,45.46724],[16.90832,45.48007],[16.89992,45.48828],[16.90196,45.49286],[16.89638,45.49504],[16.89679,45.49957],[16.89009,45.50065],[16.87629,45.51046],[16.84887,45.50757],[16.86122,45.51109],[16.85546,45.51633],[16.87405,45.52394],[16.8594,45.5347],[16.85692,45.54813],[16.83358,45.55298],[16.83062,45.5696],[16.8157,45.56484],[16.80565,45.57609],[16.81148,45.57777],[16.80409,45.5805],[16.80799,45.58499],[16.80459,45.58231],[16.80224,45.58661],[16.8033,45.59979],[16.79881,45.61614],[16.79432,45.62139],[16.79729,45.62414],[16.78387,45.62542],[16.77485,45.61965],[16.75534,45.61559],[16.74861,45.6199]]]}},{"type":"Feature","properties":{"id":"HRV:ADM2:41942358B13904930038305","name":"Općina Veliko Trojstvo","countryCode":"HRV","adminLevel":2,"sourceCode":"41942358B13904930038305","parentId":"HRV:ADM1:HRV-1607"},"geometry":{"type":"Polygon","coordinates":[[[16.89174,45.96395],[16.89607,45.9641],[16.9053,45.9567],[16.90173,45.9564],[16.90217,45.94333],[16.91448,45.93748],[16.90813,45.92745],[16.89278,45.91698],[16.89644,45.91528],[16.87766,45.905],[16.88925,45.90487],[16.91483,45.91466],[16.91967,45.91108],[16.92959,45.91139],[16.94019,45.89904],[16.95102,45.90284],[16.94729,45.89244],[16.95026,45.89182],[16.94306,45.88766],[16.94991,45.88285],[16.95371,45.88932],[16.96483,45.88632],[16.97304,45.89264],[16.97883,45.89863],[16.97669,45.90827],[16.98871,45.91383],[16.98574,45.93536],[16.98772,45.95836],[16.99338,45.96348],[16.98672,45.97459],[16.97407,45.97947],[16.97027,45.98584],[16.96397,45.98409],[16.95485,45.98715],[16.94971,45.99257],[16.93895,45.99238],[16.93235,45.98598],[16.926,45.98549],[16.91988,45.99119],[16.91147,45.98722],[16.89846,45.98872],[16.89174,45.96395]]]}},{"type":"Feature","properties":{"id":"HRV:ADM2:41942358B13962342467842","name":"Općina Pušća","countryCode":"HRV","adminLevel":2,"sourceCode":"41942358B13962342467842","parentId":"HRV:ADM1:HRV-1588"},"geometry":{"type":"Polygon","coordinates":[[[15.74659,45.92896],[15.73803,45.92264],[15.75359,45.92143],[15.75042,45.91574],[15.7543,45.91435],[15.74979,45.91304],[15.76637,45.89685],[15.76711,45.88738],[15.78848,45.88504],[15.78663,45.89283],[15.79278,45.89286],[15.79502,45.8962],[15.78801,45.89916],[15.79397,45.90232],[15.7933,45.90723],[15.79668,45.90902],[15.79338,45.91726],[15.79584,45.91788],[15.78356,45.93355],[15.79384,45.93721],[15.7854,45.94189],[15.77605,45.94247],[15.77294,45.95033],[15.76488,45.9448],[15.76641,45.94035],[15.76081,45.93527],[15.74659,45.92896]]]}},{"type":"Feature","properties":{"id":"HRV:ADM2:41942358B14240258940853","name":"Grad Novi Marof","countryCode":"HRV","adminLevel":2,"sourceCode":"41942358B14240258940853","parentId":"HRV:ADM1:HRV-1610"},"geometry":{"type":"Polygon","coordinates":[[[16.37892,46.12755],[16.38126,46.12949],[16.37642,46.13698],[16.37995,46.14554],[16.37227,46.16019],[16.37679,46.17571],[16.38072,46.17874],[16.37791,46.19791],[16.38388,46.20939],[16.37866,46.21804],[16.36364,46.21046],[16.35113,46.21096],[16.3451,46.21251],[16.33642,46.22419],[16.32561,46.21264],[16.3065,46.21051],[16.29525,46.21381],[16.29622,46.22799],[16.29075,46.2306],[16.27916,46.22896],[16.27647,46.23183],[16.27078,46.22327],[16.25431,46.22391],[16.25622,46.21931],[16.25065,46.21956],[16.24938,46.21198],[16.24377,46.21304],[16.24213,46.21067],[16.24681,46.20889],[16.24558,46.20548],[16.25357,46.20464],[16.25347,46.19953],[16.24764,46.19477],[16.25015,46.18654],[16.24845,46.18339],[16.2365,46.18058],[16.22941,46.17251],[16.23519,46.1734],[16.24039,46.164],[16.2531,46.15387],[16.25297,46.1508],[16.24391,46.14802],[16.24439,46.14525],[16.26412,46.14024],[16.27674,46.14217],[16.28524,46.13985],[16.28891,46.13331],[16.28725,46.12198],[16.31446,46.10933],[16.34658,46.11671],[16.34957,46.10212],[16.36242,46.09359],[16.36486,46.10014],[16.37092,46.10098],[16.37444,46.10774],[16.38065,46.10921],[16.37486,46.12479],[16.37892,46.12755]]]}},{"type":"Feature","properties":{"id":"HRV:ADM2:41942358B14387696785125","name":"Općina Sirač","countryCode":"HRV","adminLevel":2,"sourceCode":"41942358B14387696785125","parentId":"HRV:ADM1:HRV-1607"},"geometry":{"type":"Polygon","coordinates":[[[17.17491,45.53938],[17.1971,45.53514],[17.2018,45.52667],[17.23339,45.5116],[17.24079,45.51631],[17.2502,45.51301],[17.30733,45.52007],[17.31943,45.52573],[17.35842,45.52667],[17.36111,45.51866],[17.3685,45.51489],[17.3927,45.51065],[17.41152,45.51113],[17.42295,45.51678],[17.43707,45.53185],[17.44043,45.55586],[17.44782,45.56715],[17.44379,45.57468],[17.42427,45.58057],[17.41943,45.58904],[17.42064,45.59751],[17.38621,45.59662],[17.33531,45.60374],[17.33621,45.59801],[17.33299,45.59442],[17.3172,45.59017],[17.30879,45.57632],[17.29639,45.5796],[17.2893,45.56974],[17.27978,45.56536],[17.2742,45.56916],[17.26124,45.5685],[17.25763,45.57163],[17.25085,45.56653],[17.2433,45.55263],[17.2312,45.5512],[17.22227,45.54008],[17.22274,45.55123],[17.22008,45.55192],[17.21558,45.54639],[17.19519,45.55609],[17.20043,45.5573],[17.20807,45.56516],[17.21191,45.56492],[17.21309,45.56968],[17.1906,45.57722],[17.16026,45.57755],[17.15888,45.57275],[17.16146,45.56974],[17.1691,45.57151],[17.17163,45.5665],[17.1691,45.5643],[17.18399,45.55787],[17.18605,45.5521],[17.17695,45.54736],[17.17129,45.53906],[17.17491,45.53938]]]}},{"type":"Feature","properties":{"id":"HRV:ADM2:41942358B14439003612860","name":"Grad Valpovo","countryCode":"HRV","adminLevel":2,"sourceCode":"41942358B14439003612860","parentId":"HRV:ADM1:HRV-1603"},"geometry":{"type":"Polygon","coordinates":[[[18.25771,45.59308],[18.25494,45.5874],[18.24649,45.58269],[18.2534,45.57659],[18.26267,45.57794],[18.27056,45.58395],[18.28498,45.58557],[18.33502,45.56061],[18.35167,45.57683],[18.37691,45.56734],[18.38898,45.57209],[18.38867,45.58496],[18.40305,45.58951],[18.40231,45.59354],[18.43051,45.59602],[18.43034,45.59903],[18.46735,45.60122],[18.46409,45.60877],[18.4675,45.60766],[18.46875,45.6159],[18.46657,45.62651],[18.47447,45.6244],[18.48952,45.63],[18.47757,45.63535],[18.4925,45.64205],[18.49478,45.64667],[18.51888,45.6449],[18.52449,45.6482],[18.52463,45.65488],[18.53215,45.65715],[18.53432,45.66096],[18.52668,45.66438],[18.52195,45.65787],[18.49191,45.66291],[18.49205,45.67066],[18.50261,45.68172],[18.51089,45.68504],[18.51202,45.69117],[18.50485,45.6962],[18.49864,45.69351],[18.49746,45.68684],[18.47427,45.68638],[18.47745,45.69718],[18.49173,45.70667],[18.4876,45.71255],[18.47558,45.71428],[18.47027,45.70994],[18.4691,45.69364],[18.46501,45.68624],[18.45615,45.6915],[18.46212,45.69978],[18.45814,45.70797],[18.44412,45.70911],[18.43836,45.70452],[18.44023,45.69078],[18.43474,45.68447],[18.41557,45.69253],[18.42534,45.68374],[18.43579,45.68052],[18.42478,45.67838],[18.42291,45.67046],[18.41473,45.66946],[18.4097,45.67841],[18.39653,45.67843],[18.39723,45.68079],[18.39036,45.68002],[18.38599,45.68356],[18.38403,45.68243],[18.38653,45.68023],[18.37537,45.6808],[18.37071,45.67441],[18.38363,45.67143],[18.36199,45.65339],[18.36382,45.64934],[18.37111,45.65049],[18.37233,45.64734],[18.34843,45.63668],[18.34417,45.63045],[18.34637,45.62414],[18.34332,45.61801],[18.33567,45.61719],[18.32344,45.60759],[18.31315,45.61053],[18.25771,45.59308]]]}},{"type":"Feature","properties":{"id":"HRV:ADM2:41942358B14451556641636","name":"Općina Semeljci","countryCode":"HRV","adminLevel":2,"sourceCode":"41942358B14451556641636","parentId":"HRV:ADM1:HRV-1603"},"geometry":{"type":"Polygon","coordinates":[[[18.49684,45.39346],[18.49437,45.37878],[18.49703,45.36407],[18.50061,45.36276],[18.50078,45.35576],[18.50717,45.35386],[18.50479,45.34863],[18.51024,45.34273],[18.5147,45.34226],[18.51128,45.33779],[18.5196,45.33311],[18.52434,45.32222],[18.51973,45.31947],[18.51926,45.31513],[18.52809,45.29832],[18.54449,45.30248],[18.56412,45.2947],[18.57866,45.30107],[18.58352,45.30681],[18.5843,45.31552],[18.59802,45.31772],[18.63154,45.31451],[18.63461,45.31861],[18.63313,45.33034],[18.62129,45.34578],[18.62172,45.35785],[18.6262,45.36792],[18.60193,45.37579],[18.60142,45.38283],[18.59691,45.38295],[18.58646,45.39234],[18.59114,45.39701],[18.57936,45.39951],[18.58369,45.40225],[18.58105,45.40404],[18.57095,45.39964],[18.56762,45.40132],[18.56383,45.41136],[18.56516,45.4151],[18.57365,45.41876],[18.56975,45.4271],[18.57121,45.43031],[18.5658,45.43412],[18.55479,45.4346],[18.55417,45.42587],[18.5464,45.42571],[18.54788,45.41592],[18.54518,45.41355],[18.53569,45.41475],[18.52514,45.4112],[18.51475,45.41514],[18.50814,45.4146],[18.50583,45.41106],[18.49415,45.41109],[18.49833,45.39962],[18.49684,45.39346]]]}},{"type":"Feature","properties":{"id":"HRV:ADM2:41942358B14610637892959","name":"Grad Komiža","countryCode":"HRV","adminLevel":2,"sourceCode":"41942358B14610637892959","parentId":"HRV:ADM1:HRV-1492"},"geometry":{"type":"MultiPolygon","coordinates":[[[[16.07386,43.06427],[16.07801,43.06915],[16.09138,43.07284],[16.11349,43.07379],[16.11704,43.07738],[16.12255,43.07608],[16.12225,43.07353],[16.12503,43.07577],[16.12379,43.07856],[16.12917,43.07793],[16.12664,43.07488],[16.13199,43.07327],[16.12949,43.06663],[16.13602,43.06273],[16.13758,43.05519],[16.1426,43.05533],[16.1324,43.04646],[16.14012,43.04203],[16.13835,43.03987],[16.14364,43.03542],[16.14708,43.02078],[16.14828,43.0194],[16.12135,43.01337],[16.08717,43.01146],[16.07392,43.01474],[16.093,43.02407],[16.09302,43.03653],[16.08599,43.04444],[16.08926,43.04524],[16.08462,43.04797],[16.08306,43.04741],[16.07911,43.05329],[16.06935,43.0515],[16.06316,43.0515],[16.05717,43.05722],[16.07386,43.06427]]],[[[15.76154,43.02228],[15.74029,43.01606],[15.73734,43.01907],[15.72692,43.01908],[15.72523,43.02318],[15.74245,43.03055],[15.74407,43.03107],[15.75001,43.03323],[15.75457,43.03303],[15.75976,43.03306],[15.76292,43.03259],[15.76588,43.0314],[15.76468,43.02613],[15.76154,43.02228]]],[[[16.00917,42.9622],[15.99588,42.95353],[15.99692,42.95879],[16.00125,42.96058],[16.00302,42.97067],[15.99986,42.97679],[16.00061,42.98084],[16.00467,42.98265],[16.00089,42.98239],[16.0013,42.98461],[16.00329,42.98638],[16.00167,42.9866],[16.00277,42.9926],[16.0028,42.99262],[16.00924,42.99157],[16.01475,42.98771],[16.0158,42.98676],[16.01621,42.98669],[16.01797,42.98545],[16.01877,42.98623],[16.02036,42.98595],[16.0204,42.98585],[16.01931,42.98115],[16.02202,42.98101],[16.02222,42.98013],[16.01925,42.97814],[16.02279,42.97694],[16.02305,42.97522],[16.0221,42.97479],[16.02243,42.97237],[16.01889,42.96009],[16.00917,42.9622]]],[[[16.2601,42.39359],[16.2656,42.3905],[16.25849,42.39135],[16.25932,42.3936],[16.2601,42.39359]]]]}},{"type":"Feature","properties":{"id":"HRV:ADM2:41942358B1484132319361","name":"Općina Kraljevec na Sutli","countryCode":"HRV","adminLevel":2,"sourceCode":"41942358B1484132319361","parentId":"HRV:ADM1:HRV-1582"},"geometry":{"type":"Polygon","coordinates":[[[15.78049,46.01268],[15.76285,46.01336],[15.75081,46.0007],[15.74737,46.00072],[15.74212,46.00324],[15.74444,46.00605],[15.7415,46.00795],[15.73129,46.00704],[15.72877,46.01581],[15.71549,46.02051],[15.71158,46.01909],[15.71326,46.01723],[15.70593,46.01435],[15.71177,46.01453],[15.7103,46.01161],[15.71542,46.01003],[15.71147,46.00936],[15.71229,46.00433],[15.70798,46.00364],[15.70542,45.99901],[15.70207,46.00091],[15.69985,45.99703],[15.70616,45.99419],[15.70065,45.9952],[15.70699,45.98947],[15.70059,45.989],[15.70541,45.98519],[15.70418,45.97912],[15.70663,45.97535],[15.71272,45.97663],[15.71554,45.9702],[15.72095,45.96753],[15.74832,45.97436],[15.76055,45.97411],[15.7693,45.97186],[15.77005,45.96492],[15.77478,45.96228],[15.77977,45.97594],[15.79087,45.98607],[15.78006,45.99839],[15.78049,46.01268]]]}},{"type":"Feature","properties":{"id":"HRV:ADM2:41942358B14914879185307","name":"Općina Lopar","countryCode":"HRV","adminLevel":2,"sourceCode":"41942358B14914879185307","parentId":"HRV:ADM1:HRV-1586"},"geometry":{"type":"MultiPolygon","coordinates":[[[[14.72905,44.85321],[14.72611,44.85259],[14.72698,44.85417],[14.72905,44.85321]]],[[[14.73745,44.82087],[14.74373,44.81417],[14.74003,44.80866],[14.73241,44.81157],[14.73124,44.81498],[14.71748,44.81322],[14.71412,44.81843],[14.70582,44.82685],[14.69207,44.83348],[14.68979,44.83674],[14.687,44.84402],[14.68965,44.84601],[14.69215,44.8417],[14.70075,44.84375],[14.69986,44.84136],[14.70985,44.84054],[14.71449,44.83797],[14.71275,44.8361],[14.72364,44.8319],[14.72566,44.83487],[14.71817,44.84146],[14.7211,44.84161],[14.72682,44.84028],[14.72413,44.84443],[14.72131,44.85137],[14.726,44.85256],[14.72512,44.84985],[14.73035,44.84832],[14.7355,44.85066],[14.73176,44.84657],[14.738,44.84781],[14.73921,44.84517],[14.74224,44.84898],[14.746,44.84971],[14.74825,44.84852],[14.74586,44.84701],[14.7531,44.84424],[14.75045,44.84061],[14.75447,44.84155],[14.75599,44.83613],[14.75491,44.83564],[14.7548,44.83492],[14.74049,44.82665],[14.74049,44.82288],[14.73745,44.82087]]]]}},{"type":"Feature","properties":{"id":"HRV:ADM2:41942358B15048547422283","name":"Općina Tompojevci","countryCode":"HRV","adminLevel":2,"sourceCode":"41942358B15048547422283","parentId":"HRV:ADM1:HRV-1605"},"geometry":{"type":"Polygon","coordinates":[[[19.0151,45.19981],[19.0421,45.19156],[19.04439,45.20268],[19.03926,45.20395],[19.04768,45.21482],[19.07085,45.21322],[19.0713,45.20936],[19.09185,45.20724],[19.14308,45.21724],[19.1375,45.22745],[19.1381,45.23743],[19.13363,45.24695],[19.11313,45.27381],[19.09177,45.26783],[19.08379,45.27204],[19.07484,45.27008],[19.08119,45.28129],[19.07012,45.29026],[19.04682,45.28282],[19.03939,45.27495],[19.03695,45.26356],[19.03167,45.26474],[19.00748,45.25287],[18.99426,45.22451],[19.01751,45.20932],[19.0151,45.19981]]]}},{"type":"Feature","properties":{"id":"HRV:ADM2:41942358B15513479001073","name":"Grad Donji Miholjac","countryCode":"HRV","adminLevel":2,"sourceCode":"41942358B15513479001073","parentId":"HRV:ADM1:HRV-1603"},"geometry":{"type":"Polygon","coordinates":[[[18.12343,45.68061],[18.13939,45.67501],[18.14297,45.67912],[18.15678,45.6736],[18.16169,45.6641],[18.17367,45.66185],[18.17569,45.66889],[18.18929,45.66716],[18.19308,45.68107],[18.20331,45.67935],[18.20491,45.68323],[18.21436,45.68249],[18.2116,45.67558],[18.23214,45.67129],[18.23147,45.6741],[18.24531,45.67486],[18.24431,45.67961],[18.24948,45.67901],[18.24481,45.68229],[18.24505,45.68581],[18.2384,45.6866],[18.24036,45.69632],[18.23685,45.70175],[18.23765,45.70555],[18.24677,45.70524],[18.24592,45.72176],[18.25435,45.7156],[18.27206,45.71529],[18.27891,45.71148],[18.28626,45.71632],[18.28209,45.71979],[18.29399,45.72622],[18.30015,45.73429],[18.30705,45.73034],[18.30938,45.73357],[18.31899,45.73009],[18.31816,45.73703],[18.31183,45.73915],[18.32086,45.75158],[18.32841,45.75442],[18.29539,45.7609],[18.2759,45.75547],[18.25956,45.76117],[18.24372,45.76102],[18.23031,45.77878],[18.20496,45.78136],[18.19074,45.78743],[18.16955,45.77584],[18.15049,45.78727],[18.12298,45.78895],[18.10792,45.77165],[18.09489,45.7659],[18.09676,45.74993],[18.11153,45.7489],[18.11395,45.74362],[18.13442,45.73916],[18.13113,45.7325],[18.14328,45.72983],[18.13125,45.70499],[18.16342,45.69745],[18.1555,45.69443],[18.15687,45.69077],[18.15406,45.68778],[18.14678,45.69153],[18.1406,45.68677],[18.133,45.68926],[18.13034,45.68383],[18.12615,45.6856],[18.12343,45.68061]]]}},{"type":"Feature","properties":{"id":"HRV:ADM2:41942358B15575297558867","name":"Grad Otok","countryCode":"HRV","adminLevel":2,"sourceCode":"41942358B15575297558867","parentId":"HRV:ADM1:HRV-1605"},"geometry":{"type":"Polygon","coordinates":[[[18.81205,45.14154],[18.79207,45.12756],[18.7938,45.09059],[18.80426,45.0901],[18.82012,45.08402],[18.82597,45.08846],[18.86022,45.07531],[18.85846,45.07355],[18.87194,45.06361],[18.87885,45.06341],[18.89865,45.07408],[18.90331,45.07213],[18.90078,45.07663],[18.90279,45.08016],[18.92189,45.09496],[18.93849,45.12192],[18.95092,45.11391],[18.96643,45.11907],[18.9709,45.1265],[18.96944,45.13123],[18.97856,45.13839],[18.97718,45.14915],[18.98631,45.15408],[18.99397,45.17245],[18.94781,45.17878],[18.91406,45.19025],[18.89678,45.18916],[18.8784,45.19228],[18.87232,45.17792],[18.85252,45.17078],[18.849,45.17145],[18.84846,45.17503],[18.83124,45.17217],[18.82057,45.15319],[18.82295,45.14954],[18.81687,45.14652],[18.82354,45.14582],[18.82281,45.14253],[18.81205,45.14154]]]}},{"type":"Feature","properties":{"id":"HRV:ADM2:41942358B15833040511263","name":"Općina Goričan","countryCode":"HRV","adminLevel":2,"sourceCode":"41942358B15833040511263","parentId":"HRV:ADM1:HRV-1609"},"geometry":{"type":"Polygon","coordinates":[[[16.74162,46.38577],[16.73898,46.38971],[16.73995,46.39812],[16.73594,46.40081],[16.72608,46.40007],[16.7222,46.39209],[16.71759,46.39222],[16.71561,46.39814],[16.70443,46.40591],[16.68568,46.43121],[16.67403,46.4298],[16.6751,46.42619],[16.68225,46.42265],[16.67862,46.41901],[16.68632,46.41611],[16.68448,46.4128],[16.68873,46.41165],[16.68517,46.40525],[16.6789,46.40521],[16.67866,46.39774],[16.65656,46.39815],[16.64935,46.39265],[16.66055,46.38226],[16.64081,46.37817],[16.70506,46.38155],[16.7033,46.37477],[16.66885,46.35792],[16.67107,46.35522],[16.69069,46.35572],[16.6936,46.3613],[16.70033,46.36328],[16.69577,46.36659],[16.70689,46.36779],[16.70401,46.37528],[16.71211,46.38431],[16.73536,46.38206],[16.74162,46.38577]]]}},{"type":"Feature","properties":{"id":"HRV:ADM2:41942358B15837732806851","name":"Općina Šenkovec","countryCode":"HRV","adminLevel":2,"sourceCode":"41942358B15837732806851","parentId":"HRV:ADM1:HRV-1609"},"geometry":{"type":"Polygon","coordinates":[[[16.38754,46.40452],[16.38572,46.4022],[16.3902,46.40157],[16.39196,46.39684],[16.40799,46.39411],[16.43343,46.40176],[16.43214,46.40547],[16.42599,46.40646],[16.42568,46.41925],[16.42285,46.42292],[16.42819,46.44419],[16.41655,46.44404],[16.40868,46.43723],[16.40954,46.42452],[16.4022,46.417],[16.40613,46.41435],[16.40091,46.40715],[16.40224,46.40501],[16.38754,46.40452]]]}},{"type":"Feature","properties":{"id":"HRV:ADM2:41942358B15886751744680","name":"Grad Garešnica","countryCode":"HRV","adminLevel":2,"sourceCode":"41942358B15886751744680","parentId":"HRV:ADM1:HRV-1607"},"geometry":{"type":"Polygon","coordinates":[[[16.79729,45.62414],[16.79432,45.62139],[16.79881,45.61614],[16.8033,45.59979],[16.80224,45.58661],[16.80459,45.58231],[16.80799,45.58499],[16.80409,45.5805],[16.81148,45.57777],[16.80565,45.57609],[16.8157,45.56484],[16.83062,45.5696],[16.83358,45.55298],[16.85692,45.54813],[16.8594,45.5347],[16.87405,45.52394],[16.85546,45.51633],[16.86122,45.51109],[16.84887,45.50757],[16.87629,45.51046],[16.89009,45.50065],[16.89679,45.49957],[16.89638,45.49504],[16.90196,45.49286],[16.89992,45.48828],[16.90832,45.48007],[16.90941,45.46724],[16.92261,45.46655],[16.92388,45.46942],[16.92975,45.46821],[16.93199,45.47121],[16.92767,45.47137],[16.92948,45.47333],[16.92527,45.47431],[16.92829,45.47535],[16.92478,45.47597],[16.93562,45.4871],[16.93086,45.49372],[16.93287,45.50314],[16.92808,45.50817],[16.9289,45.51442],[16.94936,45.5457],[16.96206,45.54466],[16.96358,45.54205],[16.95999,45.54121],[16.96251,45.53138],[16.97066,45.52132],[16.99448,45.51405],[16.99289,45.51116],[17.00452,45.50707],[17.00778,45.51182],[17.00795,45.50677],[17.02797,45.50814],[17.03091,45.51627],[17.04735,45.51817],[17.07584,45.53545],[17.07284,45.55198],[17.06881,45.55547],[17.0404,45.5479],[16.99701,45.5572],[16.99864,45.56376],[16.99302,45.57114],[16.97937,45.56773],[16.9615,45.57464],[16.97343,45.5832],[16.98265,45.58221],[16.99398,45.59156],[17.00478,45.59569],[17.00748,45.60194],[17.01621,45.60066],[17.03241,45.60817],[17.03171,45.61365],[17.03694,45.61609],[17.01383,45.63217],[17.00649,45.63316],[17.00675,45.63712],[17.00164,45.63799],[16.99632,45.62944],[16.99551,45.63178],[16.98555,45.62157],[16.9719,45.62958],[16.97371,45.63319],[16.96079,45.63121],[16.95856,45.63532],[16.95564,45.63457],[16.95577,45.64126],[16.93607,45.64243],[16.93525,45.64915],[16.90847,45.64705],[16.90538,45.64471],[16.90727,45.6418],[16.89822,45.64198],[16.89096,45.64783],[16.88912,45.65536],[16.87886,45.65995],[16.85148,45.65833],[16.83741,45.64561],[16.82264,45.64129],[16.80894,45.62578],[16.79729,45.62414]]]}},{"type":"Feature","properties":{"id":"HRV:ADM2:41942358B15965971514853","name":"Općina Bogdanovci","countryCode":"HRV","adminLevel":2,"sourceCode":"41942358B15965971514853","parentId":"HRV:ADM1:HRV-1605"},"geometry":{"type":"Polygon","coordinates":[[[18.99426,45.22451],[19.00748,45.25287],[18.99184,45.26352],[18.98461,45.26171],[18.97133,45.26631],[18.97003,45.28959],[18.97808,45.28961],[18.97945,45.29921],[18.96623,45.30077],[18.97022,45.30379],[18.96641,45.30893],[18.97051,45.31162],[18.96279,45.31807],[18.95697,45.35449],[18.93774,45.35509],[18.93391,45.34917],[18.91718,45.34202],[18.90904,45.34273],[18.9071,45.33077],[18.92228,45.31565],[18.92971,45.31432],[18.90136,45.30241],[18.89258,45.28761],[18.95382,45.26335],[18.95854,45.25217],[18.95963,45.23721],[18.99426,45.22451]]]}},{"type":"Feature","properties":{"id":"HRV:ADM2:41942358B16061485605575","name":"Općina Ražanac","countryCode":"HRV","adminLevel":2,"sourceCode":"41942358B16061485605575","parentId":"HRV:ADM1:HRV-1493"},"geometry":{"type":"Polygon","coordinates":[[[15.3214,44.30441],[15.33255,44.29963],[15.32922,44.29184],[15.33858,44.29013],[15.34377,44.28451],[15.36823,44.27674],[15.40789,44.25643],[15.4014,44.24004],[15.38995,44.23121],[15.37644,44.22778],[15.35387,44.21046],[15.31387,44.22088],[15.30258,44.23204],[15.28628,44.23572],[15.27749,44.24407],[15.28155,44.24844],[15.29119,44.24535],[15.30053,44.2511],[15.30003,44.25649],[15.29183,44.26011],[15.29332,44.26232],[15.28976,44.26479],[15.28799,44.26934],[15.28826,44.27119],[15.28597,44.27455],[15.28375,44.28023],[15.30086,44.27848],[15.30753,44.28464],[15.29936,44.29401],[15.29843,44.29461],[15.30274,44.29914],[15.28932,44.30219],[15.27817,44.3098],[15.26889,44.32046],[15.26461,44.32725],[15.26578,44.3314],[15.26645,44.33122],[15.26725,44.32927],[15.27179,44.32919],[15.27257,44.32962],[15.27619,44.32868],[15.27546,44.32645],[15.27961,44.32365],[15.29599,44.31748],[15.3086,44.30927],[15.3215,44.30581],[15.3214,44.30441]]]}},{"type":"Feature","properties":{"id":"HRV:ADM2:41942358B1609268830463","name":"Općina Kloštar Podravski","countryCode":"HRV","adminLevel":2,"sourceCode":"41942358B1609268830463","parentId":"HRV:ADM1:HRV-1608"},"geometry":{"type":"Polygon","coordinates":[[[17.11997,45.88418],[17.11695,45.90103],[17.13147,45.90355],[17.12663,45.9086],[17.11392,45.90944],[17.11513,45.91576],[17.14296,45.92922],[17.14538,45.93764],[17.18107,45.96834],[17.19015,45.98138],[17.20907,45.97729],[17.2123,45.98166],[17.20804,45.98945],[17.20302,45.98875],[17.20163,45.99452],[17.19465,45.99957],[17.18738,45.99337],[17.16485,45.99979],[17.15983,45.99964],[17.15798,45.99622],[17.14768,45.99798],[17.14792,46.00155],[17.14318,46.00425],[17.13692,46.00384],[17.12628,45.98655],[17.10653,45.9797],[17.09991,45.9545],[17.10901,45.95416],[17.11638,45.94302],[17.10966,45.93438],[17.09975,45.93412],[17.09612,45.92569],[17.10209,45.92314],[17.09038,45.90467],[17.09293,45.89384],[17.10735,45.89069],[17.10735,45.88617],[17.11997,45.88418]]]}},{"type":"Feature","properties":{"id":"HRV:ADM2:41942358B1611585125577","name":"Općina Kapela","countryCode":"HRV","adminLevel":2,"sourceCode":"41942358B1611585125577","parentId":"HRV:ADM1:HRV-1607"},"geometry":{"type":"Polygon","coordinates":[[[16.84532,46.08673],[16.83149,46.08582],[16.8328,46.07583],[16.83058,46.07378],[16.83302,46.06665],[16.83593,46.06635],[16.83271,46.06046],[16.82939,46.06213],[16.81565,46.05494],[16.81126,46.05666],[16.807,46.05049],[16.79676,46.04593],[16.77477,46.06227],[16.76799,46.05795],[16.75384,46.05775],[16.74677,46.04951],[16.73207,46.04794],[16.72896,46.04284],[16.72076,46.04009],[16.72358,46.03008],[16.71991,46.0236],[16.72302,46.01849],[16.71284,46.00788],[16.70153,45.97606],[16.69757,45.97193],[16.70237,45.95817],[16.69842,45.93555],[16.70294,45.92926],[16.69813,45.91982],[16.69704,45.90115],[16.70541,45.89944],[16.71533,45.908],[16.71792,45.91713],[16.72485,45.91643],[16.7296,45.91509],[16.72704,45.91102],[16.72843,45.90375],[16.73751,45.9029],[16.73788,45.90057],[16.72418,45.89749],[16.72388,45.89336],[16.7387,45.89275],[16.74901,45.89821],[16.73998,45.90749],[16.74876,45.90823],[16.74949,45.91577],[16.75701,45.90795],[16.75994,45.90933],[16.76486,45.91566],[16.7649,45.92136],[16.77629,45.92238],[16.77728,45.92999],[16.78342,45.93232],[16.78509,45.92715],[16.79569,45.92321],[16.79284,45.91983],[16.80104,45.91278],[16.81119,45.9087],[16.81356,45.91283],[16.80505,45.92238],[16.81204,45.92492],[16.81082,45.93124],[16.8199,45.93686],[16.81931,45.94226],[16.83342,45.93957],[16.89174,45.96395],[16.89846,45.98872],[16.89609,45.99174],[16.91037,46.00779],[16.90575,46.01552],[16.90858,46.01877],[16.90247,46.02193],[16.90612,46.02514],[16.90538,46.03161],[16.91445,46.02898],[16.90882,46.03757],[16.90135,46.03584],[16.88926,46.04314],[16.89214,46.04473],[16.88938,46.04645],[16.88359,46.0458],[16.88651,46.05538],[16.88117,46.06129],[16.87015,46.06028],[16.87292,46.06593],[16.86991,46.06964],[16.87776,46.07873],[16.87113,46.07872],[16.867,46.08382],[16.84645,46.0839],[16.84532,46.08673]]]}},{"type":"Feature","properties":{"id":"HRV:ADM2:41942358B16349558507884","name":"Općina Donja Dubrava","countryCode":"HRV","adminLevel":2,"sourceCode":"41942358B16349558507884","parentId":"HRV:ADM1:HRV-1609"},"geometry":{"type":"Polygon","coordinates":[[[16.84728,46.34133],[16.84314,46.34263],[16.83317,46.33768],[16.82844,46.34118],[16.8103,46.34322],[16.80362,46.34009],[16.80488,46.33715],[16.80028,46.32906],[16.79402,46.32628],[16.78844,46.31652],[16.77651,46.3084],[16.79925,46.3084],[16.80582,46.29161],[16.81305,46.2907],[16.83144,46.31067],[16.83407,46.32111],[16.84444,46.32189],[16.85801,46.3306],[16.84673,46.33541],[16.84728,46.34133]]]}},{"type":"Feature","properties":{"id":"HRV:ADM2:41942358B16590455349788","name":"Općina Lovran","countryCode":"HRV","adminLevel":2,"sourceCode":"41942358B16590455349788","parentId":"HRV:ADM1:HRV-1586"},"geometry":{"type":"Polygon","coordinates":[[[14.25997,45.26118],[14.25047,45.26081],[14.23384,45.26517],[14.22696,45.27127],[14.20424,45.26906],[14.19704,45.27592],[14.20129,45.27961],[14.20397,45.29761],[14.21065,45.30276],[14.21988,45.30274],[14.22709,45.30032],[14.22923,45.29517],[14.24255,45.29339],[14.26273,45.29509],[14.27047,45.30423],[14.27945,45.30219],[14.27198,45.29011],[14.26083,45.26175],[14.25997,45.26118]]]}},{"type":"Feature","properties":{"id":"HRV:ADM2:41942358B16662645858011","name":"Grad Slatina","countryCode":"HRV","adminLevel":2,"sourceCode":"41942358B16662645858011","parentId":"HRV:ADM1:HRV-1606"},"geometry":{"type":"Polygon","coordinates":[[[17.73262,45.63442],[17.74097,45.62851],[17.74629,45.63262],[17.74635,45.65209],[17.74361,45.65413],[17.75137,45.6582],[17.75371,45.6714],[17.75898,45.6727],[17.75325,45.67532],[17.75544,45.67809],[17.75268,45.68203],[17.77017,45.68574],[17.78378,45.69409],[17.76761,45.706],[17.79042,45.72153],[17.78634,45.72262],[17.78581,45.75654],[17.78287,45.76282],[17.74751,45.74674],[17.7279,45.73282],[17.72139,45.73537],[17.71597,45.76824],[17.67767,45.76869],[17.68091,45.78626],[17.67113,45.78854],[17.66527,45.78452],[17.66364,45.77813],[17.64281,45.77869],[17.65041,45.76181],[17.65322,45.76174],[17.65256,45.75478],[17.64736,45.74735],[17.63769,45.74472],[17.62677,45.74602],[17.6156,45.74931],[17.61659,45.75278],[17.5995,45.75543],[17.59267,45.74441],[17.57641,45.73641],[17.57649,45.73383],[17.59147,45.7259],[17.60868,45.72417],[17.61995,45.70178],[17.61894,45.69479],[17.62203,45.69127],[17.61297,45.68857],[17.60719,45.69268],[17.59909,45.69256],[17.58642,45.68277],[17.57941,45.68106],[17.5774,45.67665],[17.59958,45.66757],[17.6055,45.66889],[17.64791,45.63751],[17.65134,45.63781],[17.65657,45.64912],[17.66747,45.63322],[17.67726,45.63344],[17.68041,45.62913],[17.68545,45.62849],[17.68908,45.6415],[17.69711,45.65043],[17.69555,45.65909],[17.69947,45.66136],[17.71005,45.65023],[17.71357,45.64142],[17.73262,45.63442]]]}},{"type":"Feature","properties":{"id":"HRV:ADM2:41942358B16708212460166","name":"Općina Donji Kraljevec","countryCode":"HRV","adminLevel":2,"sourceCode":"41942358B16708212460166","parentId":"HRV:ADM1:HRV-1609"},"geometry":{"type":"Polygon","coordinates":[[[16.66885,46.35792],[16.7033,46.37477],[16.70506,46.38155],[16.64081,46.37817],[16.66055,46.38226],[16.64935,46.39265],[16.65656,46.39815],[16.67866,46.39774],[16.6789,46.40521],[16.68517,46.40525],[16.68873,46.41165],[16.68448,46.4128],[16.68632,46.41611],[16.67383,46.41996],[16.67048,46.41087],[16.62208,46.41901],[16.61,46.41095],[16.60811,46.40616],[16.59734,46.40341],[16.5879,46.40605],[16.58996,46.40315],[16.58154,46.39306],[16.58961,46.3817],[16.58092,46.37847],[16.58077,46.37233],[16.58415,46.36893],[16.59643,46.36647],[16.59589,46.3697],[16.60179,46.36838],[16.61633,46.37378],[16.62753,46.36831],[16.62691,46.36371],[16.6372,46.35611],[16.64885,46.35949],[16.65703,46.3549],[16.65863,46.35778],[16.66885,46.35792]]]}},{"type":"Feature","properties":{"id":"HRV:ADM2:41942358B16839252431518","name":"Općina Magdenovac","countryCode":"HRV","adminLevel":2,"sourceCode":"41942358B16839252431518","parentId":"HRV:ADM1:HRV-1603"},"geometry":{"type":"Polygon","coordinates":[[[18.01352,45.66868],[18.01669,45.66469],[18.01641,45.65523],[18.02342,45.65695],[18.03396,45.64236],[18.04511,45.6452],[18.0671,45.64316],[18.06738,45.63022],[18.08839,45.62802],[18.12103,45.61651],[18.1213,45.61414],[18.155,45.61155],[18.16486,45.61677],[18.16916,45.61581],[18.17091,45.61029],[18.17727,45.60794],[18.174,45.60149],[18.1816,45.60164],[18.21164,45.58795],[18.21578,45.58237],[18.21274,45.57963],[18.21612,45.57676],[18.22103,45.57837],[18.2249,45.58455],[18.23634,45.58904],[18.24829,45.58644],[18.25378,45.59095],[18.24919,45.59572],[18.25537,45.62379],[18.25348,45.62886],[18.264,45.6282],[18.25859,45.64219],[18.24932,45.64093],[18.23911,45.64615],[18.23455,45.66573],[18.24067,45.6683],[18.2116,45.67558],[18.21436,45.68249],[18.20491,45.68323],[18.20331,45.67935],[18.19308,45.68107],[18.18929,45.66716],[18.17569,45.66889],[18.17367,45.66185],[18.16169,45.6641],[18.15678,45.6736],[18.14297,45.67912],[18.13939,45.67501],[18.12343,45.68061],[18.11939,45.67475],[18.10868,45.67846],[18.10386,45.67421],[18.09968,45.67926],[18.09451,45.67553],[18.09432,45.66937],[18.01352,45.66868]]]}},{"type":"Feature","properties":{"id":"HRV:ADM2:41942358B17087088866920","name":"Općina Mošćenička Draga","countryCode":"HRV","adminLevel":2,"sourceCode":"41942358B17087088866920","parentId":"HRV:ADM1:HRV-1586"},"geometry":{"type":"Polygon","coordinates":[[[14.25482,45.23746],[14.25004,45.21605],[14.24454,45.21102],[14.2421,45.19824],[14.2458,45.19432],[14.24298,45.18502],[14.24499,45.18403],[14.23623,45.17701],[14.23492,45.17272],[14.23764,45.16899],[14.22634,45.15379],[14.21809,45.15568],[14.21055,45.16303],[14.1956,45.16502],[14.20195,45.17251],[14.20572,45.18509],[14.2069,45.21372],[14.18879,45.25623],[14.19232,45.27392],[14.19704,45.27592],[14.20424,45.26906],[14.22696,45.27127],[14.23384,45.26517],[14.25047,45.26081],[14.25997,45.26118],[14.26112,45.2625],[14.25847,45.25576],[14.25582,45.23862],[14.25482,45.23746]]]}},{"type":"Feature","properties":{"id":"HRV:ADM2:41942358B17184307011848","name":"Općina Domašinec","countryCode":"HRV","adminLevel":2,"sourceCode":"41942358B17184307011848","parentId":"HRV:ADM1:HRV-1609"},"geometry":{"type":"Polygon","coordinates":[[[16.67862,46.41901],[16.68225,46.42265],[16.6751,46.42619],[16.67403,46.4298],[16.68568,46.43121],[16.67329,46.44881],[16.65747,46.44614],[16.66571,46.45272],[16.66377,46.45946],[16.64558,46.46419],[16.63644,46.46474],[16.6303,46.46169],[16.62651,46.46767],[16.61845,46.45453],[16.61116,46.45566],[16.60163,46.44513],[16.59305,46.44543],[16.58472,46.43892],[16.57459,46.43685],[16.57725,46.42094],[16.5879,46.40605],[16.59251,46.40399],[16.60811,46.40616],[16.61,46.41095],[16.62208,46.41901],[16.67048,46.41087],[16.67383,46.41996],[16.67862,46.41901]]]}},{"type":"Feature","properties":{"id":"HRV:ADM2:41942358B17187424143828","name":"Općina Đurmanec","countryCode":"HRV","adminLevel":2,"sourceCode":"41942358B17187424143828","parentId":"HRV:ADM1:HRV-1582"},"geometry":{"type":"Polygon","coordinates":[[[15.87972,46.23761],[15.87178,46.27831],[15.8667,46.27595],[15.86771,46.2708],[15.86332,46.26763],[15.79148,46.25933],[15.80158,46.24262],[15.79944,46.23756],[15.79382,46.23641],[15.79433,46.22794],[15.78859,46.21909],[15.77453,46.21128],[15.77362,46.20294],[15.76636,46.19993],[15.78389,46.19662],[15.7816,46.19359],[15.78398,46.19235],[15.78319,46.17763],[15.7928,46.17716],[15.79731,46.1723],[15.83468,46.18167],[15.84892,46.18897],[15.84564,46.19132],[15.86357,46.19415],[15.86718,46.20324],[15.87516,46.2055],[15.86919,46.20594],[15.87456,46.21072],[15.86876,46.22085],[15.86615,46.21975],[15.86426,46.23127],[15.87063,46.23716],[15.87421,46.23525],[15.87972,46.23761]]]}},{"type":"Feature","properties":{"id":"HRV:ADM2:41942358B17224032463848","name":"Općina Topusko","countryCode":"HRV","adminLevel":2,"sourceCode":"41942358B17224032463848","parentId":"HRV:ADM1:HRV-1587"},"geometry":{"type":"Polygon","coordinates":[[[15.84004,45.22439],[15.84746,45.22441],[15.85667,45.21693],[15.88077,45.22067],[15.88192,45.21831],[15.88991,45.21867],[15.88954,45.21604],[15.89492,45.21903],[15.88739,45.22562],[15.89182,45.22916],[15.91024,45.22434],[15.91909,45.22835],[15.91609,45.2305],[15.92131,45.23078],[15.92643,45.22374],[15.92113,45.21249],[15.92687,45.21475],[15.92779,45.21086],[15.94038,45.21472],[15.94459,45.21329],[15.95721,45.22078],[15.96601,45.22181],[15.99019,45.24267],[15.98954,45.24618],[15.99989,45.24481],[16.00509,45.25286],[16.00053,45.25708],[16.01604,45.27107],[16.00903,45.27213],[16.009,45.27649],[16.0174,45.27751],[16.022,45.28295],[16.01439,45.28486],[16.01648,45.29017],[16.01429,45.29488],[16.02424,45.30237],[16.02917,45.30223],[16.027,45.30714],[16.03213,45.31223],[16.03091,45.31559],[16.03367,45.31527],[16.03097,45.31644],[16.04392,45.32391],[16.04437,45.32647],[16.04095,45.32697],[16.04339,45.33005],[16.04016,45.33074],[16.04812,45.33393],[16.04278,45.33594],[16.04676,45.33835],[16.02963,45.33739],[16.02828,45.3322],[16.02288,45.33268],[16.01486,45.32699],[15.99496,45.32984],[15.99615,45.33824],[15.98875,45.3468],[15.98658,45.35786],[15.9796,45.36345],[15.98319,45.37485],[15.9794,45.38293],[15.97151,45.38107],[15.96856,45.37575],[15.96235,45.37772],[15.96337,45.37329],[15.95514,45.37753],[15.95651,45.37419],[15.94733,45.37183],[15.94185,45.37549],[15.93478,45.37429],[15.92926,45.36857],[15.91999,45.36982],[15.92248,45.35552],[15.92838,45.35428],[15.93158,45.35759],[15.93345,45.35113],[15.94004,45.34804],[15.95989,45.34811],[15.96427,45.34182],[15.96371,45.33555],[15.93872,45.33452],[15.93601,45.34164],[15.92546,45.34054],[15.90486,45.34522],[15.90041,45.33858],[15.8886,45.34512],[15.8976,45.33826],[15.898,45.33282],[15.90644,45.33425],[15.91137,45.32841],[15.91618,45.32752],[15.91189,45.32105],[15.91398,45.31837],[15.9254,45.31727],[15.92318,45.3133],[15.92626,45.3126],[15.89694,45.29833],[15.89087,45.29113],[15.8705,45.29879],[15.86621,45.30438],[15.85353,45.30305],[15.83952,45.31332],[15.82363,45.31921],[15.80876,45.31732],[15.80573,45.31419],[15.80629,45.30796],[15.79011,45.29961],[15.79383,45.29741],[15.78958,45.29562],[15.7786,45.27063],[15.79275,45.26099],[15.80063,45.2449],[15.81441,45.24697],[15.83263,45.2394],[15.83339,45.23092],[15.84004,45.22439]]]}},{"type":"Feature","properties":{"id":"HRV:ADM2:41942358B17333803192546","name":"Grad Pag","countryCode":"HRV","adminLevel":2,"sourceCode":"41942358B17333803192546","parentId":"HRV:ADM1:HRV-1584"},"geometry":{"type":"MultiPolygon","coordinates":[[[[15.18122,44.35692],[15.17735,44.35869],[15.18287,44.35786],[15.18339,44.35761],[15.18122,44.35692]]],[[[15.24998,44.33916],[15.23512,44.33625],[15.21176,44.34614],[15.18735,44.35981],[15.16505,44.36738],[15.16505,44.36054],[15.16557,44.36046],[15.16287,44.35766],[15.1296,44.36582],[15.11676,44.37228],[15.11621,44.37855],[15.11312,44.38104],[15.1172,44.38719],[15.09164,44.39936],[15.08302,44.40152],[15.07358,44.40046],[15.06889,44.3986],[15.06627,44.39879],[15.06537,44.3972],[15.05779,44.39419],[15.049,44.39468],[15.03887,44.40284],[15.0373,44.40886],[15.03419,44.40958],[15.02076,44.43],[14.99659,44.44433],[14.99354,44.44728],[14.97215,44.46086],[14.97013,44.46001],[14.96839,44.46104],[14.96873,44.46259],[14.96382,44.46484],[14.96222,44.4647],[14.95883,44.4667],[14.958,44.46683],[14.95946,44.46788],[14.95378,44.47207],[14.95592,44.46817],[14.95481,44.46731],[14.94972,44.46809],[14.93904,44.47275],[14.94647,44.4773],[14.95468,44.47357],[14.98431,44.48887],[14.97002,44.49991],[14.97671,44.50308],[14.97856,44.49851],[14.98926,44.49344],[14.99763,44.48208],[15.02767,44.45966],[15.04336,44.44242],[15.04506,44.44249],[15.04803,44.43944],[15.0593,44.43382],[15.07849,44.4193],[15.08124,44.42119],[15.07208,44.42446],[15.064,44.43148],[15.09669,44.41519],[15.08082,44.42455],[15.06495,44.43793],[15.05104,44.45527],[15.045,44.4688],[15.0437,44.47586],[15.05461,44.472],[15.05434,44.47159],[15.07663,44.46214],[15.07813,44.45819],[15.09646,44.44561],[15.10739,44.44362],[15.11152,44.4405],[15.11171,44.44024],[15.11182,44.44027],[15.1257,44.42978],[15.12359,44.42778],[15.13022,44.4262],[15.1415,44.41675],[15.13948,44.41044],[15.15242,44.40516],[15.15645,44.40654],[15.17343,44.3937],[15.17223,44.39333],[15.18161,44.38496],[15.18589,44.37602],[15.20227,44.37803],[15.20425,44.37528],[15.20161,44.3735],[15.2104,44.37142],[15.20858,44.36847],[15.21529,44.36788],[15.24138,44.35106],[15.24824,44.34526],[15.24998,44.33916]]],[[[14.92165,44.42233],[14.91214,44.4317],[14.89627,44.43926],[14.89377,44.44118],[14.89239,44.44267],[14.88689,44.4514],[14.88818,44.45565],[14.88922,44.45569],[14.91597,44.43856],[14.91722,44.43415],[14.93295,44.42765],[14.93994,44.42094],[14.94517,44.41986],[14.9463,44.41913],[14.9526,44.41503],[14.95305,44.41456],[14.94976,44.41197],[14.9544,44.41315],[14.95599,44.41236],[14.96258,44.40436],[14.96135,44.40129],[14.95968,44.40121],[14.95921,44.40167],[14.95781,44.40684],[14.95341,44.40888],[14.94493,44.40791],[14.94148,44.40875],[14.92165,44.42233]]],[[[15.21661,44.31346],[15.1989,44.31704],[15.17609,44.32422],[15.20083,44.34513],[15.22605,44.32636],[15.20655,44.32636],[15.20826,44.32075],[15.20934,44.31937],[15.20741,44.3199],[15.21078,44.31754],[15.21095,44.31733],[15.21184,44.3168],[15.21661,44.31346]]]]}},{"type":"Feature","properties":{"id":"HRV:ADM2:41942358B1743176018928","name":"Općina Velika","countryCode":"HRV","adminLevel":2,"sourceCode":"41942358B1743176018928","parentId":"HRV:ADM1:HRV-1604"},"geometry":{"type":"Polygon","coordinates":[[[17.68842,45.40246],[17.6899,45.40608],[17.68421,45.40606],[17.68754,45.42281],[17.68481,45.42288],[17.68644,45.43636],[17.68257,45.44008],[17.68666,45.44872],[17.68653,45.48589],[17.69623,45.48354],[17.70859,45.49732],[17.70537,45.50341],[17.68985,45.51278],[17.62451,45.51872],[17.60878,45.52508],[17.56624,45.51169],[17.5607,45.50263],[17.54931,45.49606],[17.5548,45.4937],[17.55135,45.47945],[17.55598,45.47115],[17.54847,45.46239],[17.51294,45.44411],[17.52515,45.43317],[17.52165,45.42159],[17.52628,45.424],[17.52682,45.43246],[17.53285,45.43352],[17.54002,45.4246],[17.54045,45.4184],[17.54729,45.41466],[17.54391,45.40949],[17.54667,45.4093],[17.5487,45.40079],[17.57108,45.40204],[17.58216,45.38346],[17.58817,45.37994],[17.5893,45.3841],[17.59747,45.38621],[17.59581,45.39497],[17.61696,45.40452],[17.631,45.39121],[17.63707,45.39339],[17.641,45.38829],[17.6549,45.39544],[17.65702,45.39266],[17.66331,45.39309],[17.66499,45.38658],[17.67298,45.38841],[17.67097,45.39567],[17.67801,45.39752],[17.67702,45.40226],[17.68842,45.40246]]]}},{"type":"Feature","properties":{"id":"HRV:ADM2:41942358B17483768714043","name":"Općina Stara Gradiška","countryCode":"HRV","adminLevel":2,"sourceCode":"41942358B17483768714043","parentId":"HRV:ADM1:HRV-1602"},"geometry":{"type":"Polygon","coordinates":[[[17.12118,45.19438],[17.11875,45.19003],[17.12717,45.18546],[17.14419,45.16575],[17.1413,45.16338],[17.16845,45.14997],[17.18314,45.14643],[17.20399,45.14953],[17.21759,45.14583],[17.24406,45.14588],[17.24989,45.14864],[17.27165,45.18909],[17.27616,45.18818],[17.28712,45.17558],[17.30627,45.17679],[17.30364,45.18104],[17.28922,45.18676],[17.28433,45.18555],[17.27772,45.19159],[17.2589,45.19507],[17.25605,45.2113],[17.2501,45.21134],[17.23103,45.22114],[17.2312,45.21708],[17.21542,45.21684],[17.21686,45.22083],[17.19133,45.23371],[17.15841,45.21328],[17.13026,45.21279],[17.13708,45.19776],[17.12118,45.19438]]]}},{"type":"Feature","properties":{"id":"HRV:ADM2:41942358B17623158783730","name":"Općina Zmijavci","countryCode":"HRV","adminLevel":2,"sourceCode":"41942358B17623158783730","parentId":"HRV:ADM1:HRV-1492"},"geometry":{"type":"Polygon","coordinates":[[[17.20395,43.42963],[17.19011,43.38353],[17.19892,43.38166],[17.20723,43.38327],[17.21899,43.39579],[17.22221,43.39445],[17.22957,43.39875],[17.22914,43.40142],[17.24497,43.40661],[17.23978,43.40932],[17.24394,43.4204],[17.23521,43.42344],[17.23125,43.42025],[17.22608,43.42781],[17.21311,43.43154],[17.20395,43.42963]]]}},{"type":"Feature","properties":{"id":"HRV:ADM2:41942358B18432931227109","name":"Općina Sveti Ilija","countryCode":"HRV","adminLevel":2,"sourceCode":"41942358B18432931227109","parentId":"HRV:ADM1:HRV-1610"},"geometry":{"type":"Polygon","coordinates":[[[16.34446,46.26092],[16.33643,46.2616],[16.33407,46.2576],[16.32963,46.26187],[16.32046,46.25823],[16.31639,46.25199],[16.31737,46.23759],[16.31078,46.23536],[16.29481,46.24098],[16.28484,46.23585],[16.2848,46.23031],[16.29622,46.22799],[16.29525,46.21381],[16.3065,46.21051],[16.31507,46.21321],[16.32186,46.2115],[16.33642,46.22419],[16.34103,46.21821],[16.34551,46.22288],[16.34431,46.2272],[16.34857,46.23194],[16.3495,46.23994],[16.3584,46.25022],[16.35417,46.25071],[16.35469,46.25952],[16.34446,46.26092]]]}},{"type":"Feature","properties":{"id":"HRV:ADM2:41942358B18437886938892","name":"Grad Gospić","countryCode":"HRV","adminLevel":2,"sourceCode":"41942358B18437886938892","parentId":"HRV:ADM1:HRV-1584"},"geometry":{"type":"Polygon","coordinates":[[[15.51493,44.70374],[15.49515,44.69309],[15.48771,44.675],[15.47395,44.67022],[15.45224,44.65039],[15.44847,44.65137],[15.43321,44.64314],[15.41976,44.64043],[15.41036,44.63435],[15.41063,44.62769],[15.40245,44.62039],[15.34189,44.64009],[15.33867,44.63718],[15.32077,44.64269],[15.30858,44.64966],[15.3008,44.64963],[15.29722,44.65609],[15.28633,44.66261],[15.27535,44.66256],[15.27284,44.67495],[15.28047,44.68487],[15.24503,44.6884],[15.23099,44.69376],[15.20472,44.68862],[15.17484,44.69262],[15.1641,44.69715],[15.14695,44.69424],[15.12446,44.69524],[15.11475,44.70377],[15.09807,44.70223],[15.06708,44.70584],[15.07094,44.67724],[15.08214,44.65338],[15.07994,44.64082],[15.09268,44.62098],[15.12395,44.60704],[15.17012,44.59449],[15.18042,44.59399],[15.19281,44.5997],[15.18066,44.5836],[15.21345,44.53905],[15.2297,44.52789],[15.20555,44.52124],[15.20209,44.51555],[15.18935,44.52046],[15.18502,44.507],[15.18085,44.50341],[15.1827,44.4978],[15.19261,44.49673],[15.20248,44.48851],[15.22981,44.47721],[15.28161,44.47075],[15.31161,44.44855],[15.33706,44.4376],[15.3461,44.43844],[15.33993,44.43254],[15.33906,44.41668],[15.34187,44.41194],[15.39007,44.38588],[15.4863,44.36452],[15.54163,44.33917],[15.55072,44.34695],[15.5277,44.35806],[15.52832,44.36406],[15.56235,44.38984],[15.56979,44.39229],[15.57038,44.39499],[15.56633,44.39715],[15.57423,44.40316],[15.61053,44.41201],[15.62075,44.41875],[15.61128,44.42229],[15.61364,44.42808],[15.61053,44.43392],[15.59645,44.43881],[15.59555,44.45652],[15.65092,44.48669],[15.63644,44.50324],[15.62854,44.50789],[15.63196,44.51269],[15.62748,44.52593],[15.61977,44.52789],[15.60703,44.54118],[15.58733,44.55211],[15.5747,44.57659],[15.54942,44.58707],[15.55712,44.60174],[15.55693,44.61644],[15.55005,44.62492],[15.55355,44.6334],[15.54426,44.64065],[15.52912,44.64563],[15.5233,44.6552],[15.52393,44.66317],[15.53321,44.67125],[15.53022,44.68149],[15.53502,44.68985],[15.51493,44.70374]]]}},{"type":"Feature","properties":{"id":"HRV:ADM2:41942358B18726828740882","name":"Općina Vrpolje","countryCode":"HRV","adminLevel":2,"sourceCode":"41942358B18726828740882","parentId":"HRV:ADM1:HRV-1602"},"geometry":{"type":"Polygon","coordinates":[[[18.39231,45.24026],[18.37551,45.23823],[18.35711,45.24697],[18.34457,45.24389],[18.30251,45.24457],[18.2852,45.23958],[18.2911,45.23363],[18.28728,45.23205],[18.29202,45.22519],[18.30226,45.22573],[18.29887,45.21134],[18.30786,45.20944],[18.31434,45.21226],[18.32758,45.20557],[18.32695,45.20085],[18.33098,45.19479],[18.32985,45.17137],[18.33281,45.17024],[18.37572,45.18],[18.38401,45.18765],[18.41553,45.1847],[18.43096,45.19708],[18.43731,45.19674],[18.44091,45.20245],[18.45166,45.20604],[18.45135,45.2087],[18.44345,45.20952],[18.43889,45.21446],[18.43058,45.21536],[18.42518,45.22301],[18.39646,45.22529],[18.38771,45.23337],[18.39345,45.23768],[18.39231,45.24026]]]}},{"type":"Feature","properties":{"id":"HRV:ADM2:41942358B18856261551372","name":"Općina Mihovljan","countryCode":"HRV","adminLevel":2,"sourceCode":"41942358B18856261551372","parentId":"HRV:ADM1:HRV-1582"},"geometry":{"type":"Polygon","coordinates":[[[16.00887,46.13242],[16.00359,46.13505],[16.00348,46.14003],[15.99789,46.1453],[16.00721,46.15254],[16.00442,46.15847],[16.00725,46.15877],[16.00683,46.16164],[15.98258,46.16141],[15.97558,46.15822],[15.96835,46.14946],[15.97197,46.15677],[15.96927,46.1569],[15.96865,46.16231],[15.9732,46.16221],[15.97618,46.16845],[15.9669,46.17998],[15.96858,46.17712],[15.9647,46.17069],[15.94996,46.16288],[15.95266,46.1625],[15.95361,46.15654],[15.95278,46.15009],[15.94669,46.14684],[15.94878,46.14121],[15.93759,46.13697],[15.93852,46.13334],[15.94769,46.13339],[15.94994,46.12953],[15.94139,46.12098],[15.94706,46.11778],[15.94206,46.11208],[15.94684,46.11127],[15.99429,46.11542],[16.00379,46.11194],[16.00281,46.11466],[16.01122,46.11287],[16.01417,46.11512],[16.00887,46.13242]]]}},{"type":"Feature","properties":{"id":"HRV:ADM2:41942358B19079753676718","name":"Općina Donji Lapac","countryCode":"HRV","adminLevel":2,"sourceCode":"41942358B19079753676718","parentId":"HRV:ADM1:HRV-1493"},"geometry":{"type":"Polygon","coordinates":[[[16.13269,44.46083],[16.13747,44.463],[16.13553,44.47083],[16.14095,44.47993],[16.12975,44.48667],[16.13144,44.49139],[16.12337,44.50196],[16.12053,44.51553],[16.10837,44.52637],[16.09245,44.53267],[16.06841,44.5352],[16.01893,44.56281],[16.01717,44.58526],[16.02381,44.58944],[16.04746,44.58806],[16.05264,44.59267],[16.0436,44.59915],[16.04666,44.60871],[16.0521,44.6096],[16.05534,44.60633],[16.05804,44.60848],[16.05468,44.61273],[16.05475,44.62564],[16.04837,44.62463],[16.04377,44.62829],[16.04253,44.63599],[16.03218,44.64762],[16.03157,44.65365],[16.02098,44.65693],[16.01201,44.6547],[15.97289,44.67296],[15.96745,44.67873],[15.96593,44.69058],[15.9592,44.69242],[15.95317,44.69926],[15.95643,44.70426],[15.95455,44.71117],[15.93801,44.711],[15.93238,44.70756],[15.92651,44.71764],[15.9014,44.74168],[15.9023,44.74577],[15.89413,44.74941],[15.88306,44.74241],[15.88426,44.7346],[15.88087,44.72865],[15.87422,44.73087],[15.87097,44.72685],[15.86495,44.7292],[15.86463,44.73364],[15.8528,44.73637],[15.84973,44.73397],[15.84925,44.72984],[15.83489,44.71379],[15.93979,44.52148],[15.93468,44.50423],[15.97439,44.50423],[15.99945,44.49587],[16.0001,44.49076],[16.01931,44.48148],[16.03005,44.46452],[16.03363,44.44291],[16.03916,44.43525],[16.05218,44.43106],[16.05641,44.43106],[16.05771,44.43501],[16.05023,44.46289],[16.05153,44.46801],[16.05771,44.4701],[16.06292,44.46708],[16.06845,44.45709],[16.07757,44.45128],[16.09547,44.45081],[16.11499,44.45546],[16.12216,44.46197],[16.12411,44.45918],[16.13269,44.46083]]]}},{"type":"Feature","properties":{"id":"HRV:ADM2:41942358B19243079676848","name":"Grad Vis","countryCode":"HRV","adminLevel":2,"sourceCode":"41942358B19243079676848","parentId":"HRV:ADM1:HRV-1492"},"geometry":{"type":"Polygon","coordinates":[[[16.24882,43.06596],[16.25359,43.06565],[16.25213,43.0624],[16.24545,43.05777],[16.23373,43.0515],[16.22193,43.04027],[16.2103,43.03327],[16.14828,43.0194],[16.14708,43.02078],[16.14364,43.03542],[16.13835,43.03987],[16.14012,43.04203],[16.1324,43.04646],[16.1426,43.05533],[16.13758,43.05519],[16.13602,43.06273],[16.12949,43.06663],[16.13273,43.07622],[16.13708,43.07573],[16.13694,43.07875],[16.17277,43.07872],[16.18561,43.08165],[16.18794,43.07874],[16.1779,43.0784],[16.18952,43.07335],[16.19475,43.07449],[16.19467,43.07441],[16.19288,43.07197],[16.19762,43.07345],[16.19411,43.06727],[16.18869,43.06864],[16.18916,43.06172],[16.18402,43.06194],[16.19577,43.05757],[16.20351,43.06403],[16.20398,43.06933],[16.21843,43.07402],[16.2223,43.07145],[16.22877,43.07569],[16.22885,43.07145],[16.23324,43.07555],[16.23408,43.07565],[16.2386,43.07332],[16.23722,43.07228],[16.24045,43.07237],[16.24122,43.07197],[16.24163,43.07239],[16.24297,43.07243],[16.23993,43.07037],[16.24202,43.06454],[16.24718,43.07265],[16.25413,43.07338],[16.2543,43.07229],[16.24882,43.06596]]]}},{"type":"Feature","properties":{"id":"HRV:ADM2:41942358B19579748364970","name":"Općina Legrad","countryCode":"HRV","adminLevel":2,"sourceCode":"41942358B19579748364970","parentId":"HRV:ADM1:HRV-1608"},"geometry":{"type":"MultiPolygon","coordinates":[[[[16.80121,46.24776],[16.80627,46.25949],[16.8147,46.25772],[16.81614,46.26331],[16.82307,46.26613],[16.82457,46.27046],[16.82857,46.2693],[16.82997,46.27368],[16.83352,46.26872],[16.83938,46.27211],[16.83775,46.26608],[16.84101,46.26638],[16.84148,46.27086],[16.84981,46.27037],[16.85998,46.27836],[16.85794,46.28218],[16.86273,46.28363],[16.8626,46.27994],[16.86989,46.27985],[16.87414,46.2818],[16.87573,46.28762],[16.88216,46.28928],[16.88638,46.28703],[16.88515,46.30117],[16.87724,46.30703],[16.87702,46.31937],[16.87306,46.32468],[16.87983,46.33638],[16.87218,46.33635],[16.87348,46.34317],[16.86179,46.3465],[16.86692,46.35129],[16.86584,46.35462],[16.8532,46.35346],[16.84721,46.3447],[16.84673,46.33541],[16.85801,46.3306],[16.84444,46.32189],[16.83407,46.32111],[16.83144,46.31067],[16.81305,46.2907],[16.80582,46.29161],[16.79925,46.3084],[16.76837,46.3084],[16.76772,46.31249],[16.76115,46.3134],[16.75225,46.30462],[16.75886,46.30038],[16.7619,46.28163],[16.75388,46.27723],[16.75194,46.27245],[16.75498,46.26613],[16.7599,46.26415],[16.7574,46.25732],[16.78121,46.25505],[16.78067,46.25206],[16.79355,46.24475],[16.79977,46.24401],[16.80271,46.24536],[16.80121,46.24776]]],[[[16.93386,46.25416],[16.92615,46.25977],[16.91379,46.26188],[16.90261,46.27452],[16.89088,46.27854],[16.89255,46.2742],[16.88858,46.27179],[16.8783,46.27638],[16.87084,46.27313],[16.86957,46.26634],[16.87283,46.2582],[16.86999,46.25287],[16.87615,46.24964],[16.88601,46.25497],[16.89736,46.2543],[16.89807,46.24822],[16.88882,46.23869],[16.87594,46.24133],[16.8759,46.23902],[16.88642,46.23584],[16.92143,46.24018],[16.93386,46.25416]]]]}},{"type":"Feature","properties":{"id":"HRV:ADM2:41942358B19627945050716","name":"Općina Proložac","countryCode":"HRV","adminLevel":2,"sourceCode":"41942358B19627945050716","parentId":"HRV:ADM1:HRV-1492"},"geometry":{"type":"Polygon","coordinates":[[[17.20555,43.49682],[17.19257,43.498],[17.17711,43.49146],[17.17185,43.49394],[17.15522,43.49257],[17.14896,43.49509],[17.14229,43.50548],[17.12425,43.51785],[17.08516,43.53704],[17.08378,43.52674],[17.0725,43.51719],[17.06872,43.50922],[17.09473,43.49116],[17.10232,43.47963],[17.10606,43.47935],[17.10689,43.47385],[17.10091,43.47106],[17.10243,43.4641],[17.1149,43.45336],[17.14022,43.4494],[17.13382,43.43996],[17.13547,43.43307],[17.1506,43.43114],[17.14891,43.43516],[17.15796,43.44597],[17.17491,43.44277],[17.17798,43.44963],[17.17361,43.45563],[17.18444,43.46828],[17.18951,43.46729],[17.19586,43.47225],[17.19807,43.48058],[17.2015,43.47955],[17.19981,43.48658],[17.20555,43.49682]]]}},{"type":"Feature","properties":{"id":"HRV:ADM2:41942358B19770836868193","name":"Općina Rugvica","countryCode":"HRV","adminLevel":2,"sourceCode":"41942358B19770836868193","parentId":"HRV:ADM1:HRV-1588"},"geometry":{"type":"Polygon","coordinates":[[[16.12347,45.7876],[16.1379,45.78311],[16.15326,45.76467],[16.16722,45.75812],[16.18033,45.74731],[16.19688,45.74798],[16.20128,45.75321],[16.21301,45.74672],[16.22919,45.7481],[16.22983,45.74556],[16.20896,45.72169],[16.22662,45.70975],[16.22896,45.70451],[16.2268,45.69424],[16.24867,45.68968],[16.24725,45.66776],[16.26534,45.66676],[16.30886,45.67588],[16.27526,45.70909],[16.27555,45.71201],[16.29306,45.71689],[16.29158,45.72153],[16.30234,45.72241],[16.31634,45.73202],[16.32847,45.7507],[16.32768,45.76517],[16.30132,45.7668],[16.30103,45.76431],[16.29266,45.76292],[16.27978,45.7677],[16.26817,45.76286],[16.25834,45.77807],[16.24796,45.77566],[16.24201,45.77959],[16.21294,45.78355],[16.20002,45.79649],[16.19785,45.77746],[16.1641,45.79277],[16.12585,45.8016],[16.12893,45.79702],[16.12347,45.7876]]]}},{"type":"Feature","properties":{"id":"HRV:ADM2:41942358B2077636467277","name":"Općina Vinica","countryCode":"HRV","adminLevel":2,"sourceCode":"41942358B2077636467277","parentId":"HRV:ADM1:HRV-1610"},"geometry":{"type":"Polygon","coordinates":[[[16.12855,46.2875],[16.13617,46.29124],[16.15042,46.2886],[16.1596,46.30994],[16.1935,46.32013],[16.19093,46.32399],[16.1832,46.32346],[16.18363,46.32731],[16.19179,46.33087],[16.18956,46.33241],[16.19578,46.34008],[16.19162,46.34234],[16.19728,46.35196],[16.17095,46.35679],[16.17385,46.36532],[16.16707,46.36612],[16.16333,46.35857],[16.16634,46.35647],[16.16076,46.35687],[16.1528,46.35213],[16.14789,46.35589],[16.14662,46.35349],[16.13484,46.35827],[16.1251,46.35756],[16.11842,46.34426],[16.10785,46.33982],[16.11085,46.33766],[16.10688,46.3277],[16.1119,46.32635],[16.10679,46.32153],[16.11179,46.31839],[16.12724,46.321],[16.12686,46.31297],[16.13512,46.30148],[16.12128,46.29017],[16.12855,46.2875]]]}},{"type":"Feature","properties":{"id":"HRV:ADM2:41942358B21153558344658","name":"Grad Duga Resa","countryCode":"HRV","adminLevel":2,"sourceCode":"41942358B21153558344658","parentId":"HRV:ADM1:HRV-1583"},"geometry":{"type":"Polygon","coordinates":[[[15.47531,45.38293],[15.48173,45.38681],[15.49406,45.38395],[15.49378,45.3928],[15.50285,45.39399],[15.50056,45.40209],[15.51169,45.40642],[15.52114,45.40542],[15.52778,45.41427],[15.52182,45.41809],[15.52334,45.42089],[15.53761,45.42857],[15.53353,45.43401],[15.54102,45.43644],[15.52514,45.4446],[15.5232,45.45839],[15.52597,45.45898],[15.52585,45.46407],[15.51367,45.46496],[15.51171,45.46968],[15.5043,45.46915],[15.50717,45.47117],[15.50448,45.47633],[15.50666,45.47817],[15.4987,45.47654],[15.49679,45.48303],[15.47772,45.4793],[15.47177,45.46465],[15.46038,45.466],[15.4401,45.4603],[15.45313,45.44821],[15.45118,45.44149],[15.41489,45.42587],[15.42408,45.42385],[15.41707,45.4158],[15.40914,45.4155],[15.41167,45.41261],[15.41998,45.41392],[15.42753,45.40622],[15.41344,45.39041],[15.42392,45.38899],[15.41641,45.37988],[15.41897,45.37747],[15.4246,45.37967],[15.42853,45.39093],[15.4368,45.39556],[15.43657,45.40017],[15.45051,45.40486],[15.47531,45.38293]]]}},{"type":"Feature","properties":{"id":"HRV:ADM2:41942358B21205176996341","name":"Općina Jakovlje","countryCode":"HRV","adminLevel":2,"sourceCode":"41942358B21205176996341","parentId":"HRV:ADM1:HRV-1588"},"geometry":{"type":"Polygon","coordinates":[[[15.8463,45.97549],[15.84286,45.96379],[15.82678,45.95772],[15.82484,45.95365],[15.826,45.94924],[15.81695,45.93205],[15.8227,45.9253],[15.84652,45.9203],[15.84723,45.92358],[15.85815,45.92328],[15.87095,45.92867],[15.90508,45.93124],[15.92588,45.9255],[15.93421,45.92686],[15.94202,45.92192],[15.9528,45.92865],[15.93101,45.94726],[15.89146,45.96645],[15.875,45.96786],[15.87045,45.9741],[15.8463,45.97549]]]}},{"type":"Feature","properties":{"id":"HRV:ADM2:41942358B21588594102697","name":"Općina Sunja","countryCode":"HRV","adminLevel":2,"sourceCode":"41942358B21588594102697","parentId":"HRV:ADM1:HRV-1587"},"geometry":{"type":"Polygon","coordinates":[[[16.79573,45.29362],[16.79468,45.30133],[16.7817,45.30712],[16.77958,45.31096],[16.7877,45.31982],[16.79074,45.33241],[16.77571,45.33131],[16.7637,45.33845],[16.77513,45.34769],[16.75477,45.34839],[16.75235,45.35297],[16.75763,45.36181],[16.74254,45.3643],[16.72246,45.36219],[16.72447,45.35251],[16.71363,45.34639],[16.7098,45.34771],[16.70945,45.35136],[16.71885,45.35703],[16.72139,45.36216],[16.69531,45.35205],[16.68935,45.35239],[16.66998,45.36514],[16.67954,45.37499],[16.66378,45.38132],[16.66642,45.38715],[16.6643,45.39044],[16.64627,45.39108],[16.64322,45.38458],[16.63708,45.38213],[16.64012,45.39091],[16.62521,45.39243],[16.62149,45.39932],[16.62245,45.40842],[16.60175,45.40109],[16.59863,45.40321],[16.59656,45.41459],[16.58327,45.42135],[16.56788,45.41071],[16.53477,45.39976],[16.52733,45.40143],[16.52021,45.40892],[16.50069,45.4144],[16.4895,45.40772],[16.49148,45.40619],[16.4824,45.40629],[16.47632,45.40105],[16.46755,45.40298],[16.46231,45.39977],[16.45424,45.40003],[16.42985,45.40519],[16.42244,45.39719],[16.41473,45.39534],[16.41978,45.39176],[16.41626,45.38991],[16.41497,45.38341],[16.41862,45.37548],[16.42756,45.37774],[16.42691,45.37496],[16.4317,45.37556],[16.43045,45.37188],[16.43574,45.37047],[16.43808,45.37299],[16.44214,45.36843],[16.44885,45.37839],[16.45849,45.37031],[16.45478,45.36233],[16.43788,45.35247],[16.41946,45.35055],[16.41235,45.34491],[16.40078,45.34189],[16.39481,45.33599],[16.3957,45.33101],[16.41516,45.32194],[16.41531,45.31792],[16.42681,45.31731],[16.4304,45.31971],[16.44536,45.31919],[16.45896,45.32415],[16.4642,45.3308],[16.4761,45.32861],[16.50397,45.33482],[16.51181,45.33346],[16.51058,45.32269],[16.50698,45.31879],[16.52434,45.31824],[16.53111,45.31442],[16.53699,45.3189],[16.53338,45.32688],[16.53782,45.32964],[16.53659,45.33294],[16.54829,45.33031],[16.5459,45.32665],[16.54824,45.32387],[16.55987,45.31966],[16.55625,45.31712],[16.56146,45.31319],[16.55987,45.3116],[16.56303,45.31264],[16.57202,45.3073],[16.57751,45.30017],[16.58138,45.3062],[16.59272,45.30881],[16.58708,45.30216],[16.60474,45.29262],[16.59848,45.28631],[16.60437,45.27912],[16.60529,45.27121],[16.61291,45.27119],[16.62231,45.26581],[16.63318,45.26839],[16.63993,45.2656],[16.64457,45.27216],[16.65768,45.27865],[16.66067,45.27297],[16.65275,45.2703],[16.65532,45.26313],[16.65221,45.25346],[16.66201,45.24494],[16.66894,45.24647],[16.67948,45.25816],[16.68558,45.25714],[16.68787,45.26188],[16.70307,45.26699],[16.71181,45.27873],[16.7252,45.27898],[16.72502,45.28947],[16.73107,45.28774],[16.73091,45.2927],[16.79573,45.29362]]]}},{"type":"Feature","properties":{"id":"HRV:ADM2:41942358B21672924283440","name":"Grad Lobor","countryCode":"HRV","adminLevel":2,"sourceCode":"41942358B21672924283440","parentId":"HRV:ADM1:HRV-1582"},"geometry":{"type":"Polygon","coordinates":[[[16.01347,46.13543],[16.01785,46.13545],[16.04785,46.11226],[16.05356,46.1168],[16.07464,46.11414],[16.08353,46.14171],[16.0799,46.15428],[16.0852,46.15329],[16.08684,46.15787],[16.08288,46.15745],[16.085,46.15986],[16.08135,46.16235],[16.08371,46.16988],[16.10292,46.17857],[16.10842,46.18332],[16.10871,46.18966],[16.10243,46.1968],[16.09555,46.19447],[16.07678,46.19707],[16.04573,46.19457],[16.02829,46.18715],[16.01404,46.19009],[16.01618,46.17632],[16.00665,46.1705],[16.01236,46.15418],[16.01347,46.13543]]]}},{"type":"Feature","properties":{"id":"HRV:ADM2:41942358B21746312732266","name":"Općina Smokvica","countryCode":"HRV","adminLevel":2,"sourceCode":"41942358B21746312732266","parentId":"HRV:ADM1:HRV-1490"},"geometry":{"type":"Polygon","coordinates":[[[16.8601,42.90327],[16.86086,42.90634],[16.85606,42.90386],[16.85283,42.90619],[16.8575,42.90982],[16.83853,42.9026],[16.83699,42.90283],[16.83558,42.91308],[16.84013,42.91398],[16.84028,42.91687],[16.83696,42.92169],[16.84118,42.9235],[16.83763,42.92576],[16.84093,42.92574],[16.83455,42.93346],[16.83097,42.93322],[16.84041,42.94138],[16.85102,42.95759],[16.86909,42.95811],[16.88219,42.96292],[16.88861,42.9644],[16.89902,42.96329],[16.90725,42.96618],[16.91304,42.95575],[16.91815,42.95341],[16.9126,42.94841],[16.9149,42.93686],[16.92242,42.93118],[16.92002,42.9296],[16.92321,42.92552],[16.92017,42.91871],[16.92049,42.91196],[16.89869,42.90583],[16.85612,42.90121],[16.8601,42.90327]]]}},{"type":"Feature","properties":{"id":"HRV:ADM2:41942358B22029023665965","name":"Općina Gvozd","countryCode":"HRV","adminLevel":2,"sourceCode":"41942358B22029023665965","parentId":"HRV:ADM1:HRV-1587"},"geometry":{"type":"Polygon","coordinates":[[[15.80573,45.31419],[15.80876,45.31732],[15.82363,45.31921],[15.83952,45.31332],[15.85353,45.30305],[15.86621,45.30438],[15.8705,45.29879],[15.89087,45.29113],[15.89694,45.29833],[15.92626,45.3126],[15.92318,45.3133],[15.9254,45.31727],[15.91398,45.31837],[15.91189,45.32105],[15.91618,45.32752],[15.91137,45.32841],[15.90644,45.33425],[15.898,45.33282],[15.8976,45.33826],[15.8886,45.34512],[15.90041,45.33858],[15.90486,45.34522],[15.92546,45.34054],[15.93601,45.34164],[15.93872,45.33452],[15.96371,45.33555],[15.96427,45.34182],[15.95989,45.34811],[15.94004,45.34804],[15.93345,45.35113],[15.93158,45.35759],[15.92838,45.35428],[15.92248,45.35552],[15.91999,45.36982],[15.92926,45.36857],[15.93478,45.37429],[15.94185,45.37549],[15.94733,45.37183],[15.95651,45.37419],[15.95514,45.37753],[15.95939,45.37322],[15.96337,45.37329],[15.96235,45.37772],[15.96856,45.37575],[15.97151,45.38107],[15.9794,45.38293],[15.97695,45.38517],[15.97946,45.39378],[15.97754,45.39921],[15.98176,45.41036],[15.99018,45.41024],[15.99354,45.41518],[15.98155,45.41893],[15.9757,45.4243],[15.96367,45.42632],[15.95477,45.43455],[15.94619,45.43633],[15.94606,45.44137],[15.93585,45.44535],[15.93499,45.4499],[15.92795,45.45554],[15.93027,45.46124],[15.92398,45.46611],[15.92782,45.46826],[15.92666,45.47442],[15.92211,45.47859],[15.90765,45.48238],[15.89978,45.49432],[15.88811,45.49457],[15.88443,45.50126],[15.87849,45.50368],[15.86915,45.50318],[15.86289,45.49884],[15.85348,45.49999],[15.8546,45.4943],[15.85269,45.49885],[15.84821,45.49805],[15.84479,45.48998],[15.83822,45.49406],[15.8303,45.49417],[15.8296,45.46099],[15.84908,45.46374],[15.8542,45.45835],[15.84779,45.45405],[15.83643,45.43164],[15.84343,45.42665],[15.84112,45.42324],[15.83034,45.41591],[15.82964,45.40969],[15.82239,45.40972],[15.81601,45.40531],[15.82552,45.40293],[15.82146,45.39524],[15.8271,45.39686],[15.82768,45.38934],[15.82111,45.38965],[15.80839,45.38261],[15.79472,45.38041],[15.78621,45.38347],[15.78496,45.38907],[15.77585,45.38799],[15.7773,45.38288],[15.77267,45.37776],[15.77319,45.37327],[15.7662,45.36802],[15.76748,45.35617],[15.77753,45.35658],[15.77923,45.34946],[15.78942,45.34409],[15.78538,45.33847],[15.79297,45.33349],[15.79433,45.32086],[15.80573,45.31419]]]}},{"type":"Feature","properties":{"id":"HRV:ADM2:41942358B22173332197812","name":"Općina Mače","countryCode":"HRV","adminLevel":2,"sourceCode":"41942358B22173332197812","parentId":"HRV:ADM1:HRV-1582"},"geometry":{"type":"Polygon","coordinates":[[[16.00379,46.11194],[16.00191,46.10872],[16.01135,46.07942],[16.00862,46.07368],[16.02588,46.06579],[16.03784,46.06449],[16.05045,46.06388],[16.05874,46.07009],[16.0633,46.09247],[16.04725,46.09817],[16.05643,46.11597],[16.04785,46.11226],[16.01785,46.13545],[16.01347,46.13543],[16.00887,46.13242],[16.01417,46.11512],[16.01122,46.11287],[16.00281,46.11466],[16.00379,46.11194]]]}},{"type":"Feature","properties":{"id":"HRV:ADM2:41942358B22178609594619","name":"Općina Čeminac","countryCode":"HRV","adminLevel":2,"sourceCode":"41942358B22178609594619","parentId":"HRV:ADM1:HRV-1603"},"geometry":{"type":"Polygon","coordinates":[[[18.76424,45.6926],[18.75433,45.69484],[18.75175,45.70049],[18.74718,45.69769],[18.73599,45.70279],[18.72889,45.73349],[18.70343,45.72407],[18.70157,45.73054],[18.68048,45.72719],[18.6816,45.7289],[18.67438,45.72872],[18.67591,45.73639],[18.66974,45.73534],[18.66857,45.729],[18.66562,45.73124],[18.64649,45.72681],[18.64637,45.71997],[18.62531,45.70726],[18.61852,45.70711],[18.6238,45.69842],[18.61741,45.6917],[18.63245,45.68216],[18.62661,45.67546],[18.6174,45.67408],[18.61346,45.66989],[18.61408,45.6648],[18.60659,45.65963],[18.60951,45.6554],[18.60452,45.65198],[18.61793,45.64805],[18.62737,45.6561],[18.63235,45.65294],[18.63844,45.67134],[18.64982,45.6671],[18.65876,45.67071],[18.65791,45.66804],[18.66127,45.66646],[18.71,45.66943],[18.70752,45.67687],[18.72026,45.67919],[18.71938,45.68248],[18.76296,45.67619],[18.76424,45.6926]]]}},{"type":"Feature","properties":{"id":"HRV:ADM2:41942358B22825608568168","name":"Općina Lokve","countryCode":"HRV","adminLevel":2,"sourceCode":"41942358B22825608568168","parentId":"HRV:ADM1:HRV-1586"},"geometry":{"type":"Polygon","coordinates":[[[14.66186,45.35097],[14.69724,45.35595],[14.71929,45.35462],[14.75612,45.3401],[14.78319,45.35654],[14.77823,45.36523],[14.7592,45.37213],[14.74669,45.37306],[14.72908,45.38155],[14.71007,45.38115],[14.69038,45.38802],[14.68821,45.3917],[14.64289,45.40484],[14.62146,45.43141],[14.62589,45.38844],[14.61954,45.38447],[14.61782,45.37539],[14.65919,45.36529],[14.66186,45.35097]]]}},{"type":"Feature","properties":{"id":"HRV:ADM2:41942358B23081288637883","name":"Otok Susak","countryCode":"HRV","adminLevel":2,"sourceCode":"41942358B23081288637883"},"geometry":{"type":"Polygon","coordinates":[[[14.31747,44.50986],[14.32081,44.50918],[14.30877,44.50507],[14.30444,44.49838],[14.29022,44.50871],[14.28798,44.51383],[14.2901,44.51669],[14.28479,44.51839],[14.2878,44.52181],[14.30205,44.51813],[14.30787,44.51089],[14.31036,44.50983],[14.31048,44.50888],[14.31236,44.50914],[14.31552,44.50825],[14.31601,44.50965],[14.31747,44.50986]]]}},{"type":"Feature","properties":{"id":"HRV:ADM2:41942358B23367184011785","name":"Općina Orebić","countryCode":"HRV","adminLevel":2,"sourceCode":"41942358B23367184011785","parentId":"HRV:ADM1:HRV-1490"},"geometry":{"type":"Polygon","coordinates":[[[17.05497,43.02827],[17.07154,43.02385],[17.06748,43.02091],[17.08445,43.0194],[17.1216,43.02274],[17.13751,43.01538],[17.13696,43.00904],[17.16264,42.99889],[17.1818,43.00433],[17.18985,43.00331],[17.24193,42.99134],[17.23978,42.98693],[17.27428,42.9791],[17.2851,42.99247],[17.30235,42.98694],[17.30924,42.99787],[17.31292,42.9985],[17.32647,42.99348],[17.3261,42.99084],[17.33142,42.99228],[17.3552,42.98388],[17.38321,42.97217],[17.37222,42.95715],[17.38578,42.94945],[17.37943,42.9443],[17.41264,42.91781],[17.40877,42.91417],[17.40125,42.91766],[17.39943,42.91404],[17.35092,42.92178],[17.34471,42.92502],[17.3433,42.92699],[17.33461,42.93172],[17.32772,42.9339],[17.27133,42.96337],[17.23748,42.97138],[17.22153,42.9798],[17.21388,42.98261],[17.20191,42.98432],[17.09622,42.98444],[17.09575,42.9848],[17.09349,42.98477],[17.06251,42.99006],[17.05358,42.99279],[17.03827,43.00278],[17.02846,43.00314],[17.02752,43.00357],[17.01944,43.01219],[17.01957,43.0128],[17.02386,43.01611],[17.02165,43.01759],[17.02733,43.02331],[17.03506,43.02425],[17.02844,43.02883],[17.02938,43.03117],[17.02765,43.03116],[17.01881,43.03408],[17.01612,43.03644],[17.01818,43.03698],[17.0126,43.03991],[17.01579,43.04145],[17.00932,43.04374],[17.00807,43.04532],[17.00712,43.04623],[17.02947,43.04423],[17.03652,43.04008],[17.03354,43.03751],[17.04417,43.03592],[17.04721,43.03408],[17.04713,43.03264],[17.05045,43.03212],[17.05413,43.02989],[17.05497,43.02827]]]}},{"type":"Feature","properties":{"id":"HRV:ADM2:41942358B23713088644074","name":"Grad Otočac","countryCode":"HRV","adminLevel":2,"sourceCode":"41942358B23713088644074","parentId":"HRV:ADM1:HRV-1584"},"geometry":{"type":"Polygon","coordinates":[[[15.3669,45.01615],[15.34688,45.02471],[15.33207,45.0113],[15.33232,44.99521],[15.33125,44.99103],[15.32301,44.98969],[15.32554,44.98499],[15.30842,44.98908],[15.29374,44.98544],[15.28027,44.98751],[15.26533,44.98241],[15.24436,44.96391],[15.20748,44.96601],[15.18139,44.97476],[15.15032,44.97038],[15.12208,44.9716],[15.10397,44.94949],[15.09659,44.95353],[15.08869,44.95347],[15.10118,44.94278],[15.09049,44.94481],[15.08217,44.94245],[15.08122,44.93436],[15.07633,44.93005],[15.09135,44.92601],[15.08921,44.92543],[15.09461,44.90465],[15.09122,44.90016],[15.07135,44.89297],[15.07462,44.88653],[15.07968,44.8844],[15.09727,44.85523],[15.11513,44.83956],[15.12023,44.82979],[15.11839,44.81923],[15.12441,44.80985],[15.1556,44.80486],[15.17663,44.80696],[15.21529,44.79725],[15.28524,44.78878],[15.32644,44.77684],[15.34927,44.76441],[15.37004,44.75929],[15.37708,44.76441],[15.38841,44.75527],[15.42017,44.75575],[15.45776,44.73259],[15.46549,44.75301],[15.43734,44.77745],[15.41656,44.80812],[15.37562,44.82903],[15.36301,44.84151],[15.32391,44.85776],[15.3234,44.86207],[15.33679,44.86734],[15.33659,44.87093],[15.33945,44.86866],[15.34198,44.87146],[15.35009,44.87],[15.3584,44.86225],[15.36247,44.86886],[15.3709,44.86655],[15.37803,44.87059],[15.37341,44.87708],[15.37754,44.88413],[15.3985,44.88643],[15.39983,44.87941],[15.40146,44.8889],[15.41862,44.88817],[15.43107,44.87871],[15.43566,44.88145],[15.43038,44.88683],[15.43189,44.89188],[15.44077,44.89632],[15.43449,44.9191],[15.44163,44.92835],[15.42163,44.95345],[15.41387,44.97544],[15.3966,44.9846],[15.39258,44.99497],[15.3828,45.00108],[15.37992,45.00901],[15.3669,45.01615]]]}},{"type":"Feature","properties":{"id":"HRV:ADM2:41942358B23722142725163","name":"Grad Obrovac","countryCode":"HRV","adminLevel":2,"sourceCode":"41942358B23722142725163","parentId":"HRV:ADM1:HRV-1493"},"geometry":{"type":"Polygon","coordinates":[[[15.96376,44.19032],[15.92777,44.21273],[15.91953,44.22577],[15.91352,44.22195],[15.87816,44.22773],[15.84967,44.22454],[15.735,44.25633],[15.70985,44.21503],[15.71247,44.20348],[15.70296,44.20618],[15.69604,44.19871],[15.6852,44.19909],[15.68351,44.20182],[15.67641,44.20004],[15.65139,44.2098],[15.64652,44.21729],[15.63787,44.21533],[15.62128,44.22195],[15.61612,44.21835],[15.60964,44.2206],[15.59658,44.21552],[15.59708,44.2119],[15.58871,44.21042],[15.58819,44.20179],[15.59571,44.19173],[15.60602,44.18492],[15.59658,44.18017],[15.59941,44.17006],[15.60574,44.16994],[15.60903,44.16173],[15.63243,44.14431],[15.62742,44.14151],[15.63066,44.13811],[15.62956,44.13454],[15.61919,44.13245],[15.61821,44.12916],[15.67955,44.09819],[15.70942,44.09202],[15.72041,44.0808],[15.73551,44.08339],[15.73989,44.09252],[15.71362,44.10885],[15.72049,44.11427],[15.7289,44.10897],[15.74444,44.11717],[15.76813,44.1407],[15.7774,44.15647],[15.78649,44.14797],[15.80143,44.14354],[15.80795,44.13356],[15.81928,44.1269],[15.86846,44.10575],[15.8771,44.10851],[15.87806,44.11333],[15.89439,44.13039],[15.91743,44.13901],[15.92463,44.149],[15.92631,44.16122],[15.94024,44.16794],[15.96376,44.19032]]]}},{"type":"Feature","properties":{"id":"HRV:ADM2:41942358B24073410923734","name":"Općina Kijevo","countryCode":"HRV","adminLevel":2,"sourceCode":"41942358B24073410923734","parentId":"HRV:ADM1:HRV-1493"},"geometry":{"type":"Polygon","coordinates":[[[16.32932,43.96312],[16.33547,43.94784],[16.35423,43.94464],[16.39328,43.96623],[16.39435,43.9749],[16.40351,43.98451],[16.40763,43.99791],[16.40565,44.00038],[16.41227,44.00245],[16.41654,43.99819],[16.43207,44.01263],[16.43353,44.01884],[16.44177,44.02814],[16.43629,44.03136],[16.43689,44.05123],[16.44243,44.06764],[16.42851,44.06872],[16.3827,44.06207],[16.38234,44.05855],[16.34259,44.02563],[16.33201,44.02499],[16.34268,44.01739],[16.34079,44.00022],[16.32932,43.96312]]]}},{"type":"Feature","properties":{"id":"HRV:ADM2:41942358B24164746489600","name":"Općina Špišić Bukovica","countryCode":"HRV","adminLevel":2,"sourceCode":"41942358B24164746489600","parentId":"HRV:ADM1:HRV-1606"},"geometry":{"type":"Polygon","coordinates":[[[17.24763,45.81625],[17.25428,45.81255],[17.27619,45.81116],[17.27977,45.80771],[17.28523,45.81775],[17.29691,45.82177],[17.30036,45.83046],[17.29783,45.83454],[17.30331,45.83832],[17.30704,45.84843],[17.30557,45.85938],[17.31203,45.86726],[17.3166,45.86534],[17.32458,45.87302],[17.34114,45.87838],[17.33984,45.8751],[17.35147,45.86707],[17.3584,45.86817],[17.36271,45.87441],[17.36902,45.87386],[17.38782,45.91792],[17.38129,45.91839],[17.38629,45.91962],[17.38127,45.92207],[17.38749,45.9288],[17.38299,45.93339],[17.38792,45.9417],[17.38666,45.94591],[17.37304,45.9472],[17.36429,45.94214],[17.35152,45.94126],[17.33467,45.92321],[17.31175,45.93205],[17.31123,45.9252],[17.3048,45.91647],[17.29589,45.91133],[17.29145,45.90322],[17.24484,45.90234],[17.22565,45.8799],[17.22206,45.88236],[17.22133,45.87748],[17.2088,45.86739],[17.20219,45.8494],[17.19626,45.84919],[17.19324,45.84428],[17.1968,45.83615],[17.21798,45.83278],[17.24763,45.81625]]]}},{"type":"Feature","properties":{"id":"HRV:ADM2:41942358B2418052653219","name":"Grad Koprivnica","countryCode":"HRV","adminLevel":2,"sourceCode":"41942358B2418052653219","parentId":"HRV:ADM1:HRV-1608"},"geometry":{"type":"Polygon","coordinates":[[[16.84532,46.08673],[16.84638,46.10273],[16.85467,46.11452],[16.86702,46.11742],[16.86932,46.12558],[16.87722,46.12059],[16.88692,46.12639],[16.87814,46.13228],[16.85475,46.13806],[16.85637,46.14071],[16.85172,46.1477],[16.86574,46.15163],[16.87994,46.14828],[16.88333,46.15252],[16.89573,46.15446],[16.89691,46.15651],[16.8871,46.1581],[16.88217,46.16366],[16.86445,46.16948],[16.87841,46.17832],[16.88981,46.17606],[16.89513,46.17727],[16.89367,46.17974],[16.88114,46.17995],[16.87918,46.18399],[16.86544,46.18111],[16.85208,46.19564],[16.83011,46.19522],[16.83208,46.19036],[16.82397,46.18808],[16.80627,46.19203],[16.81054,46.19522],[16.80393,46.19789],[16.79973,46.19534],[16.79577,46.17926],[16.79152,46.18022],[16.79188,46.18488],[16.74964,46.19724],[16.74308,46.17008],[16.77552,46.15582],[16.77604,46.14583],[16.7514,46.1532],[16.74707,46.14716],[16.74801,46.13206],[16.75497,46.13316],[16.75624,46.1288],[16.74996,46.12668],[16.75531,46.12033],[16.75181,46.11929],[16.7543,46.11413],[16.75058,46.10617],[16.75864,46.10688],[16.76095,46.11422],[16.76784,46.11385],[16.76266,46.11069],[16.76868,46.104],[16.76685,46.09518],[16.77166,46.09033],[16.78235,46.10342],[16.78657,46.10344],[16.78537,46.11384],[16.78205,46.11416],[16.78637,46.11965],[16.78348,46.1264],[16.79234,46.12911],[16.79426,46.12588],[16.78973,46.11581],[16.7943,46.11061],[16.79887,46.11307],[16.79469,46.10162],[16.79812,46.08933],[16.80634,46.08728],[16.81179,46.09094],[16.82546,46.08523],[16.83028,46.0881],[16.84532,46.08673]]]}},{"type":"Feature","properties":{"id":"HRV:ADM2:41942358B24260279509820","name":"Općina Feričanci","countryCode":"HRV","adminLevel":2,"sourceCode":"41942358B24260279509820","parentId":"HRV:ADM1:HRV-1604"},"geometry":{"type":"Polygon","coordinates":[[[18.03447,45.52609],[18.02971,45.52677],[18.03191,45.53158],[18.02297,45.53342],[18.02233,45.54193],[17.99114,45.55364],[17.98976,45.56251],[17.98532,45.55849],[17.97624,45.55722],[17.97823,45.54825],[17.96702,45.54798],[17.95965,45.53504],[17.9461,45.53218],[17.95411,45.52764],[17.95523,45.52056],[17.94947,45.51683],[17.94063,45.49983],[17.89306,45.48401],[17.88563,45.4739],[17.88454,45.46113],[17.89388,45.45832],[17.89776,45.45338],[17.90594,45.45368],[17.92591,45.47265],[17.94977,45.47386],[17.9523,45.47954],[17.98359,45.48875],[17.97734,45.5055],[17.97926,45.50726],[17.98869,45.51019],[17.99213,45.50957],[17.99035,45.50689],[18.00752,45.51766],[18.01395,45.51543],[18.03447,45.52609]]]}},{"type":"Feature","properties":{"id":"HRV:ADM2:41942358B24722251168103","name":"Grad Vodice","countryCode":"HRV","adminLevel":2,"sourceCode":"41942358B24722251168103","parentId":"HRV:ADM1:HRV-1491"},"geometry":{"type":"Polygon","coordinates":[[[15.778,43.75883],[15.77752,43.75827],[15.77101,43.75995],[15.75267,43.76094],[15.74867,43.76836],[15.73917,43.77531],[15.73548,43.78698],[15.76385,43.81792],[15.77111,43.84013],[15.7578,43.85101],[15.73517,43.86068],[15.74269,43.86429],[15.75868,43.88888],[15.74898,43.89638],[15.73643,43.89785],[15.74468,43.90232],[15.74867,43.89992],[15.76212,43.90079],[15.76644,43.91047],[15.7749,43.91446],[15.78888,43.89868],[15.78956,43.8943],[15.80096,43.89071],[15.81838,43.87219],[15.80445,43.85898],[15.80802,43.85923],[15.82203,43.84654],[15.80984,43.83502],[15.81808,43.82734],[15.81688,43.82363],[15.80418,43.82326],[15.80812,43.81806],[15.80109,43.80808],[15.8073,43.79791],[15.80585,43.78402],[15.82488,43.75953],[15.85938,43.73947],[15.85594,43.7332],[15.852,43.73496],[15.84623,43.73131],[15.84127,43.73311],[15.8382,43.73229],[15.80348,43.74641],[15.79217,43.75446],[15.78432,43.7565],[15.78237,43.75816],[15.78081,43.75741],[15.77967,43.75771],[15.778,43.75883]]]}},{"type":"Feature","properties":{"id":"HRV:ADM2:41942358B24774966075284","name":"Općina Cernik","countryCode":"HRV","adminLevel":2,"sourceCode":"41942358B24774966075284","parentId":"HRV:ADM1:HRV-1602"},"geometry":{"type":"Polygon","coordinates":[[[17.50968,45.30956],[17.49416,45.32126],[17.48531,45.34853],[17.46942,45.35018],[17.45276,45.35732],[17.42437,45.38293],[17.39616,45.39289],[17.37144,45.38272],[17.33749,45.38409],[17.33488,45.3673],[17.30141,45.33827],[17.31205,45.32427],[17.30227,45.29765],[17.32205,45.28979],[17.33879,45.29254],[17.36464,45.28987],[17.36369,45.28379],[17.38269,45.26949],[17.39526,45.28156],[17.40358,45.27974],[17.40625,45.28313],[17.43492,45.28943],[17.44442,45.29854],[17.45416,45.30055],[17.45858,45.3085],[17.46634,45.30751],[17.47202,45.31356],[17.4845,45.30975],[17.50968,45.30956]]]}},{"type":"Feature","properties":{"id":"HRV:ADM2:41942358B24847699776979","name":"Grad Kaštela","countryCode":"HRV","adminLevel":2,"sourceCode":"41942358B24847699776979","parentId":"HRV:ADM1:HRV-1492"},"geometry":{"type":"Polygon","coordinates":[[[16.29205,43.53754],[16.29056,43.55023],[16.28545,43.54965],[16.28466,43.55444],[16.26394,43.55195],[16.25628,43.54654],[16.2521,43.55101],[16.24698,43.55022],[16.2525,43.55541],[16.26099,43.556],[16.27229,43.56769],[16.27689,43.57936],[16.2881,43.58729],[16.3441,43.57933],[16.34198,43.58659],[16.34436,43.59807],[16.37193,43.59833],[16.37588,43.59719],[16.37591,43.58641],[16.37159,43.57778],[16.39776,43.57067],[16.43052,43.56966],[16.44678,43.56299],[16.44506,43.5578],[16.45894,43.55209],[16.45766,43.54548],[16.4568,43.54588],[16.43385,43.54975],[16.35345,43.55093],[16.34922,43.55119],[16.34859,43.551],[16.33676,43.55117],[16.32496,43.54853],[16.30633,43.53994],[16.29933,43.53815],[16.29227,43.53733],[16.29205,43.53754]]]}},{"type":"Feature","properties":{"id":"HRV:ADM2:41942358B24975499368578","name":"Općina Nuštar","countryCode":"HRV","adminLevel":2,"sourceCode":"41942358B24975499368578","parentId":"HRV:ADM1:HRV-1605"},"geometry":{"type":"Polygon","coordinates":[[[18.87455,45.28616],[18.89258,45.28761],[18.90136,45.30241],[18.92971,45.31432],[18.92228,45.31565],[18.9071,45.33077],[18.90904,45.34273],[18.91718,45.34202],[18.92546,45.34655],[18.91386,45.35552],[18.90654,45.35738],[18.90204,45.355],[18.90195,45.34844],[18.8967,45.34264],[18.8681,45.33592],[18.86325,45.33984],[18.8671,45.34587],[18.85777,45.35163],[18.83836,45.35807],[18.83748,45.36121],[18.82705,45.35987],[18.82962,45.34946],[18.82664,45.34884],[18.8273,45.34238],[18.81939,45.3362],[18.81705,45.32513],[18.82071,45.32108],[18.83036,45.32659],[18.84134,45.3134],[18.84573,45.3156],[18.84312,45.30428],[18.84717,45.30137],[18.8414,45.29259],[18.84424,45.28993],[18.86124,45.28438],[18.87316,45.28826],[18.87455,45.28616]]]}},{"type":"Feature","properties":{"id":"HRV:ADM2:41942358B25193862971737","name":"Općina Pučišća","countryCode":"HRV","adminLevel":2,"sourceCode":"41942358B25193862971737","parentId":"HRV:ADM1:HRV-1492"},"geometry":{"type":"Polygon","coordinates":[[[16.79122,43.33979],[16.79851,43.33827],[16.79948,43.33526],[16.80032,43.34024],[16.80496,43.339],[16.80436,43.32602],[16.79816,43.32365],[16.80539,43.31669],[16.77265,43.30338],[16.78784,43.28336],[16.78453,43.28152],[16.78496,43.27792],[16.79063,43.27892],[16.79507,43.27367],[16.78069,43.26982],[16.74426,43.2685],[16.71252,43.27077],[16.70171,43.27508],[16.6752,43.27349],[16.64822,43.28309],[16.67265,43.31721],[16.67424,43.32444],[16.66727,43.33594],[16.67536,43.34037],[16.68096,43.36627],[16.68648,43.36944],[16.6944,43.36608],[16.70237,43.36711],[16.70349,43.364],[16.71049,43.36636],[16.72017,43.36313],[16.72019,43.35895],[16.72392,43.36323],[16.73584,43.36199],[16.73766,43.3505],[16.7323,43.34793],[16.73505,43.34689],[16.74358,43.34669],[16.74023,43.35474],[16.74272,43.36192],[16.74735,43.35857],[16.75043,43.36087],[16.76864,43.35851],[16.7708,43.35552],[16.77311,43.35805],[16.78145,43.35731],[16.78208,43.34906],[16.78551,43.35481],[16.79567,43.35116],[16.79852,43.35456],[16.80643,43.35006],[16.80983,43.35113],[16.80983,43.34638],[16.79615,43.34638],[16.80609,43.34274],[16.79122,43.33979]]]}},{"type":"Feature","properties":{"id":"HRV:ADM2:41942358B25260827937370","name":"Općina Čačinci","countryCode":"HRV","adminLevel":2,"sourceCode":"41942358B25260827937370","parentId":"HRV:ADM1:HRV-1606"},"geometry":{"type":"Polygon","coordinates":[[[17.72796,45.50261],[17.72644,45.50953],[17.75288,45.51615],[17.74927,45.52854],[17.75901,45.53676],[17.77532,45.54178],[17.77343,45.54467],[17.77719,45.54851],[17.79819,45.54893],[17.80069,45.55784],[17.81158,45.55661],[17.81405,45.55355],[17.82186,45.55672],[17.86037,45.55104],[17.86132,45.55517],[17.87476,45.56406],[17.87956,45.55878],[17.87896,45.5701],[17.88278,45.5735],[17.88392,45.58194],[17.89051,45.5804],[17.89587,45.58823],[17.88998,45.5909],[17.91801,45.60635],[17.93145,45.62735],[17.91883,45.64858],[17.90745,45.65786],[17.89454,45.66247],[17.8923,45.65543],[17.88601,45.65336],[17.87911,45.64502],[17.86268,45.64003],[17.86252,45.63283],[17.84925,45.62787],[17.84885,45.62075],[17.8419,45.61723],[17.84512,45.61271],[17.84259,45.60937],[17.82223,45.59319],[17.81661,45.59228],[17.80992,45.59616],[17.79816,45.58972],[17.78661,45.58846],[17.77097,45.59759],[17.76389,45.59712],[17.75634,45.6023],[17.74773,45.60293],[17.73854,45.59988],[17.74026,45.59176],[17.72341,45.59036],[17.72183,45.58598],[17.71552,45.58422],[17.71601,45.56716],[17.70936,45.5709],[17.69164,45.56572],[17.66889,45.56851],[17.67342,45.56562],[17.66402,45.56325],[17.67222,45.56374],[17.65554,45.5503],[17.65524,45.53936],[17.64125,45.53605],[17.64355,45.52233],[17.63662,45.51989],[17.63654,45.5172],[17.68985,45.51278],[17.71223,45.49964],[17.72433,45.49922],[17.72796,45.50261]]]}},{"type":"Feature","properties":{"id":"HRV:ADM2:41942358B25315941129808","name":"Općina Žakanje","countryCode":"HRV","adminLevel":2,"sourceCode":"41942358B25315941129808","parentId":"HRV:ADM1:HRV-1583"},"geometry":{"type":"Polygon","coordinates":[[[15.38627,45.60251],[15.37378,45.60998],[15.36687,45.60938],[15.36176,45.62391],[15.36228,45.64452],[15.35233,45.64666],[15.34334,45.64586],[15.34292,45.64194],[15.35247,45.6383],[15.34779,45.63509],[15.30542,45.63206],[15.30166,45.62944],[15.30164,45.62347],[15.30808,45.61415],[15.29249,45.61241],[15.27705,45.60445],[15.29895,45.58365],[15.29907,45.547],[15.30208,45.53562],[15.307,45.54426],[15.31958,45.55451],[15.3158,45.5628],[15.31777,45.58828],[15.32777,45.5947],[15.33391,45.59017],[15.35056,45.59716],[15.3667,45.58607],[15.38223,45.59386],[15.3879,45.59206],[15.39554,45.59614],[15.38627,45.60251]]]}},{"type":"Feature","properties":{"id":"HRV:ADM2:41942358B25965451539763","name":"Grad Ivanec","countryCode":"HRV","adminLevel":2,"sourceCode":"41942358B25965451539763","parentId":"HRV:ADM1:HRV-1610"},"geometry":{"type":"Polygon","coordinates":[[[16.10842,46.18332],[16.11487,46.17957],[16.12485,46.18225],[16.14771,46.17926],[16.1538,46.1889],[16.16414,46.19083],[16.16477,46.20108],[16.18186,46.20384],[16.18865,46.21037],[16.19768,46.21216],[16.20348,46.20793],[16.20649,46.20039],[16.1964,46.19709],[16.19737,46.19239],[16.21396,46.18828],[16.2357,46.19037],[16.24374,46.18719],[16.24831,46.19034],[16.24764,46.19477],[16.25347,46.19953],[16.25357,46.20464],[16.24558,46.20548],[16.24681,46.20889],[16.24213,46.21067],[16.24377,46.21304],[16.24938,46.21198],[16.25065,46.21956],[16.25622,46.21931],[16.25431,46.22391],[16.27078,46.22327],[16.27647,46.23183],[16.25961,46.25291],[16.23934,46.24739],[16.23741,46.24284],[16.22963,46.24428],[16.23188,46.25297],[16.22863,46.2524],[16.22402,46.25787],[16.22834,46.26467],[16.22111,46.26326],[16.21817,46.25773],[16.21144,46.26168],[16.2077,46.25515],[16.19337,46.25048],[16.19374,46.24728],[16.18078,46.24799],[16.16934,46.241],[16.15423,46.24667],[16.14102,46.24311],[16.13611,46.24632],[16.13565,46.24386],[16.13288,46.25318],[16.11871,46.26271],[16.10993,46.26174],[16.10673,46.25569],[16.11223,46.24896],[16.11077,46.2442],[16.10301,46.24353],[16.09374,46.24839],[16.08319,46.24405],[16.07618,46.24506],[16.07248,46.24905],[16.07578,46.25283],[16.07302,46.25697],[16.05685,46.25773],[16.05521,46.25236],[16.0485,46.24832],[16.05033,46.23437],[16.05541,46.23084],[16.05223,46.22729],[16.07184,46.22375],[16.07544,46.22786],[16.08125,46.22686],[16.08106,46.22066],[16.08687,46.21324],[16.07958,46.20566],[16.07678,46.19707],[16.09555,46.19447],[16.10243,46.1968],[16.10871,46.18966],[16.10842,46.18332]]]}},{"type":"Feature","properties":{"id":"HRV:ADM2:41942358B26001092776755","name":"Općina Jarmina","countryCode":"HRV","adminLevel":2,"sourceCode":"41942358B26001092776755","parentId":"HRV:ADM1:HRV-1605"},"geometry":{"type":"Polygon","coordinates":[[[18.73496,45.30819],[18.76706,45.31712],[18.76147,45.3285],[18.76353,45.33845],[18.74568,45.33978],[18.74568,45.33369],[18.72851,45.33359],[18.72469,45.33685],[18.70088,45.33459],[18.6992,45.33806],[18.6962,45.33694],[18.70173,45.32681],[18.69221,45.32723],[18.69434,45.32426],[18.71023,45.32163],[18.71738,45.31066],[18.73239,45.31079],[18.73496,45.30819]]]}},{"type":"Feature","properties":{"id":"HRV:ADM2:41942358B26041090574045","name":"Grad Županja","countryCode":"HRV","adminLevel":2,"sourceCode":"41942358B26041090574045","parentId":"HRV:ADM1:HRV-1605"},"geometry":{"type":"Polygon","coordinates":[[[18.6782,45.11415],[18.67139,45.10735],[18.66895,45.09475],[18.67961,45.09193],[18.68789,45.07848],[18.6861,45.07381],[18.67061,45.0671],[18.66791,45.0621],[18.69403,45.03958],[18.71084,45.03853],[18.72306,45.06411],[18.74106,45.07634],[18.75854,45.08094],[18.76331,45.08785],[18.7938,45.09059],[18.79207,45.12756],[18.77619,45.1218],[18.77373,45.11568],[18.76585,45.11153],[18.74135,45.11593],[18.71707,45.11417],[18.72475,45.1134],[18.71939,45.11133],[18.68568,45.11657],[18.6782,45.11415]]]}},{"type":"Feature","properties":{"id":"HRV:ADM2:41942358B26219558260549","name":"Općina Preseka","countryCode":"HRV","adminLevel":2,"sourceCode":"41942358B26219558260549","parentId":"HRV:ADM1:HRV-1588"},"geometry":{"type":"Polygon","coordinates":[[[16.35203,46.01735],[16.35916,45.99888],[16.35633,45.99528],[16.35008,45.9964],[16.34038,45.95982],[16.35075,45.94599],[16.36302,45.949],[16.3674,45.94399],[16.37928,45.93957],[16.38698,45.92953],[16.3995,45.93754],[16.40018,45.94527],[16.4205,45.94726],[16.42745,45.94402],[16.41433,45.9519],[16.41238,45.9581],[16.40602,45.95892],[16.40079,45.96441],[16.40187,45.96958],[16.41313,45.96739],[16.41954,45.9703],[16.4252,45.96796],[16.42646,45.96346],[16.43138,45.96452],[16.43632,45.96994],[16.43351,45.97548],[16.43674,45.98467],[16.43218,45.98925],[16.43164,45.99792],[16.42132,46.00619],[16.41258,46.00785],[16.40544,46.00123],[16.37841,46.01498],[16.37709,46.01989],[16.35625,46.02157],[16.3578,46.01888],[16.35203,46.01735]]]}},{"type":"Feature","properties":{"id":"HRV:ADM2:41942358B26362140952560","name":"Općina Karojba","countryCode":"HRV","adminLevel":2,"sourceCode":"41942358B26362140952560","parentId":"HRV:ADM1:HRV-1592"},"geometry":{"type":"Polygon","coordinates":[[[13.78759,45.29955],[13.799,45.29604],[13.80098,45.26807],[13.79276,45.26227],[13.7938,45.25794],[13.8208,45.26339],[13.82833,45.26178],[13.8271,45.25877],[13.83907,45.25833],[13.84793,45.26802],[13.87764,45.28396],[13.88788,45.30237],[13.86699,45.30306],[13.85731,45.29949],[13.83898,45.30875],[13.83265,45.31595],[13.82747,45.31722],[13.82432,45.31135],[13.81625,45.3113],[13.79831,45.32338],[13.78422,45.32747],[13.77883,45.32352],[13.78351,45.31423],[13.77723,45.30812],[13.78759,45.29955]]]}},{"type":"Feature","properties":{"id":"HRV:ADM2:41942358B26503200948525","name":"Općina Škabrnja","countryCode":"HRV","adminLevel":2,"sourceCode":"41942358B26503200948525","parentId":"HRV:ADM1:HRV-1493"},"geometry":{"type":"Polygon","coordinates":[[[15.44193,44.10734],[15.41626,44.09435],[15.39922,44.08935],[15.40642,44.07732],[15.41817,44.07017],[15.42813,44.06926],[15.43647,44.05888],[15.44758,44.05571],[15.47295,44.06952],[15.48159,44.07774],[15.47162,44.08797],[15.44193,44.10734]]]}},{"type":"Feature","properties":{"id":"HRV:ADM2:41942358B26597912264168","name":"Općina Dubrovačko primorje","countryCode":"HRV","adminLevel":2,"sourceCode":"41942358B26597912264168","parentId":"HRV:ADM1:HRV-1490"},"geometry":{"type":"Polygon","coordinates":[[[17.84356,42.80415],[17.84133,42.80355],[17.83497,42.8072],[17.80665,42.81192],[17.80006,42.81098],[17.79233,42.80854],[17.78565,42.80516],[17.78012,42.79694],[17.77377,42.79857],[17.76775,42.80231],[17.76539,42.80443],[17.7588,42.8076],[17.75234,42.81152],[17.76828,42.83274],[17.7034,42.86812],[17.709,42.87369],[17.71859,42.87628],[17.71313,42.88028],[17.71363,42.88081],[17.70737,42.88703],[17.67872,42.87938],[17.65333,42.89094],[17.65284,42.89118],[17.65165,42.89172],[17.6784,42.92068],[17.70884,42.92104],[17.75128,42.91301],[17.76486,42.90801],[17.78577,42.89177],[17.79134,42.89169],[17.80905,42.91718],[17.84425,42.90247],[17.8588,42.88458],[17.8543,42.87889],[17.85659,42.86856],[17.86992,42.84682],[17.87886,42.83749],[17.90023,42.83252],[17.88746,42.81462],[17.89094,42.81019],[17.90958,42.81074],[17.95014,42.79903],[17.97458,42.78046],[17.96789,42.77469],[17.94121,42.76295],[17.92154,42.74437],[17.90162,42.7519],[17.88071,42.76874],[17.88327,42.77342],[17.88382,42.77344],[17.88389,42.77454],[17.88732,42.78079],[17.88943,42.78205],[17.88895,42.78377],[17.89283,42.79084],[17.86508,42.78994],[17.84404,42.802],[17.84356,42.80415]]]}},{"type":"Feature","properties":{"id":"HRV:ADM2:41942358B26709106096571","name":"Općina Krašić","countryCode":"HRV","adminLevel":2,"sourceCode":"41942358B26709106096571","parentId":"HRV:ADM1:HRV-1588"},"geometry":{"type":"Polygon","coordinates":[[[15.55003,45.60052],[15.55451,45.61093],[15.54495,45.61622],[15.56077,45.62559],[15.55026,45.62988],[15.5443,45.63824],[15.55278,45.64181],[15.55369,45.66913],[15.54971,45.6772],[15.53965,45.68275],[15.53969,45.69445],[15.52524,45.69978],[15.52902,45.70732],[15.52898,45.71802],[15.52222,45.72279],[15.51276,45.72404],[15.53465,45.74006],[15.54273,45.74188],[15.53675,45.74417],[15.53724,45.74781],[15.52643,45.75567],[15.51097,45.75666],[15.49701,45.76174],[15.48523,45.74293],[15.49502,45.73226],[15.49494,45.72214],[15.49097,45.71382],[15.49761,45.70701],[15.49901,45.70206],[15.49483,45.69979],[15.49692,45.69536],[15.49265,45.69618],[15.48643,45.7047],[15.48641,45.69984],[15.46054,45.69415],[15.45714,45.69083],[15.44793,45.69243],[15.44639,45.68423],[15.4537,45.68029],[15.4438,45.67508],[15.45965,45.66999],[15.46374,45.66112],[15.46179,45.65717],[15.46901,45.65963],[15.47783,45.65084],[15.51108,45.64228],[15.51795,45.636],[15.51244,45.63002],[15.51348,45.62054],[15.50578,45.61411],[15.51774,45.60782],[15.52556,45.61122],[15.53533,45.60676],[15.53626,45.60214],[15.54405,45.60376],[15.55003,45.60052]]]}},{"type":"Feature","properties":{"id":"HRV:ADM2:41942358B26721827783031","name":"Općina Grožnjan","countryCode":"HRV","adminLevel":2,"sourceCode":"41942358B26721827783031","parentId":"HRV:ADM1:HRV-1592"},"geometry":{"type":"Polygon","coordinates":[[[13.80307,45.44405],[13.78874,45.44022],[13.78396,45.45218],[13.78145,45.45165],[13.76475,45.43963],[13.75154,45.43445],[13.74982,45.42355],[13.74012,45.41391],[13.72012,45.41553],[13.7086,45.4107],[13.70127,45.37247],[13.69135,45.35538],[13.68177,45.35122],[13.6779,45.35406],[13.68197,45.35917],[13.67485,45.35945],[13.66751,45.3539],[13.66444,45.35625],[13.66429,45.36245],[13.6597,45.35777],[13.66004,45.35312],[13.66894,45.34507],[13.67433,45.3488],[13.69222,45.34335],[13.70254,45.35177],[13.7206,45.35266],[13.73655,45.35797],[13.75512,45.35066],[13.77386,45.35232],[13.79065,45.34675],[13.7963,45.35433],[13.7939,45.35375],[13.79394,45.36103],[13.79797,45.36302],[13.79419,45.37352],[13.78946,45.37589],[13.78,45.37088],[13.7764,45.37653],[13.77775,45.37969],[13.78869,45.38007],[13.78924,45.39224],[13.80185,45.40691],[13.80013,45.41319],[13.80918,45.43226],[13.81476,45.43434],[13.81423,45.44114],[13.80307,45.44405]]]}},{"type":"Feature","properties":{"id":"HRV:ADM2:41942358B26972445831709","name":"Grad Vodnjan","countryCode":"HRV","adminLevel":2,"sourceCode":"41942358B26972445831709","parentId":"HRV:ADM1:HRV-1592"},"geometry":{"type":"Polygon","coordinates":[[[13.74891,44.99634],[13.74847,44.9989],[13.7681,45.00501],[13.80061,45.02164],[13.81543,45.01878],[13.82369,45.01917],[13.82593,45.01497],[13.83073,45.01676],[13.84027,45.0131],[13.84807,45.01386],[13.84807,45.0004],[13.85519,44.99353],[13.88186,44.99186],[13.88614,44.99591],[13.88964,44.99526],[13.89694,45.00386],[13.91043,45.00166],[13.90282,44.99005],[13.89192,44.98279],[13.89035,44.97543],[13.90439,44.97862],[13.90048,44.96843],[13.92095,44.97291],[13.92338,44.96725],[13.91701,44.96019],[13.92541,44.95682],[13.92194,44.94558],[13.91258,44.94026],[13.91145,44.92949],[13.89444,44.91852],[13.89409,44.91478],[13.88496,44.90796],[13.89528,44.90752],[13.88959,44.90269],[13.88261,44.90425],[13.8835,44.90151],[13.87473,44.90008],[13.87413,44.90879],[13.8568,44.90977],[13.85538,44.90637],[13.83974,44.90572],[13.83547,44.92257],[13.84256,44.92387],[13.84626,44.93827],[13.82877,44.94273],[13.83141,44.94776],[13.82944,44.95609],[13.82045,44.95868],[13.81637,44.94633],[13.81128,44.94387],[13.80899,44.93856],[13.80599,44.94115],[13.79092,44.93962],[13.78865,44.9458],[13.78165,44.95144],[13.7853,44.95624],[13.7673,44.97076],[13.76096,44.98308],[13.76355,44.98578],[13.74501,44.98571],[13.74011,44.9894],[13.74891,44.99634]]]}},{"type":"Feature","properties":{"id":"HRV:ADM2:41942358B27040282046651","name":"Grad Solin","countryCode":"HRV","adminLevel":2,"sourceCode":"41942358B27040282046651","parentId":"HRV:ADM1:HRV-1492"},"geometry":{"type":"Polygon","coordinates":[[[16.47724,43.53209],[16.47604,43.53453],[16.46938,43.53604],[16.4734,43.53815],[16.45766,43.54548],[16.45894,43.55209],[16.44506,43.5578],[16.44678,43.56299],[16.43052,43.56966],[16.4135,43.57108],[16.43927,43.59063],[16.49224,43.5846],[16.49762,43.56819],[16.50818,43.56327],[16.5048,43.56135],[16.50654,43.55787],[16.49886,43.55688],[16.49867,43.54863],[16.49167,43.53793],[16.52199,43.54296],[16.54018,43.54102],[16.55466,43.54678],[16.53025,43.52015],[16.49946,43.52883],[16.4731,43.52743],[16.46193,43.53212],[16.46246,43.53241],[16.47724,43.53209]]]}},{"type":"Feature","properties":{"id":"HRV:ADM2:41942358B27131449987537","name":"Općina Gračac","countryCode":"HRV","adminLevel":2,"sourceCode":"41942358B27131449987537","parentId":"HRV:ADM1:HRV-1493"},"geometry":{"type":"Polygon","coordinates":[[[15.93468,44.50423],[15.92687,44.50098],[15.91027,44.48449],[15.88977,44.47381],[15.88065,44.47195],[15.87675,44.47567],[15.8634,44.46963],[15.86275,44.46406],[15.85201,44.45174],[15.82825,44.44663],[15.81556,44.4378],[15.79798,44.43757],[15.78301,44.42827],[15.7765,44.42758],[15.77845,44.40154],[15.78919,44.39712],[15.79245,44.38921],[15.78334,44.37595],[15.76902,44.37014],[15.76804,44.36455],[15.7726,44.36246],[15.78125,44.36547],[15.79107,44.36317],[15.79756,44.36616],[15.80802,44.36485],[15.8167,44.35824],[15.81216,44.34969],[15.82161,44.32467],[15.82862,44.31779],[15.82746,44.30665],[15.81141,44.29691],[15.80125,44.28279],[15.7785,44.27541],[15.78193,44.27121],[15.68653,44.27562],[15.75148,44.24987],[15.7925,44.242],[15.84967,44.22454],[15.87816,44.22773],[15.91352,44.22195],[15.91953,44.22577],[15.92777,44.21273],[15.98081,44.17965],[15.99137,44.15227],[16.00385,44.15227],[16.00841,44.14572],[16.01681,44.14176],[16.05234,44.13608],[16.05282,44.13125],[16.06026,44.12539],[16.07563,44.11798],[16.08619,44.11816],[16.09387,44.12901],[16.10515,44.12919],[16.13252,44.13901],[16.13396,44.15571],[16.13828,44.15933],[16.13756,44.17362],[16.12853,44.19453],[16.13636,44.199],[16.13953,44.21397],[16.14612,44.21348],[16.14706,44.21014],[16.15935,44.21325],[16.16188,44.21039],[16.1718,44.20998],[16.18244,44.21515],[16.21241,44.21694],[16.21902,44.22713],[16.21581,44.24269],[16.20974,44.2499],[16.20106,44.25024],[16.20001,44.25706],[16.19306,44.26425],[16.19107,44.29051],[16.18724,44.2956],[16.18885,44.30946],[16.195,44.31577],[16.19952,44.33007],[16.21795,44.34617],[16.20543,44.36052],[16.18345,44.36466],[16.15463,44.38013],[16.14414,44.3754],[16.13139,44.37809],[16.12746,44.39472],[16.14653,44.39268],[16.16733,44.40407],[16.17222,44.40247],[16.16693,44.4057],[16.16452,44.4136],[16.15311,44.42265],[16.14583,44.41945],[16.14317,44.42177],[16.14555,44.42319],[16.14095,44.42726],[16.13844,44.44087],[16.14263,44.44325],[16.14336,44.4483],[16.13967,44.45376],[16.13132,44.45522],[16.13269,44.46083],[16.12411,44.45918],[16.12216,44.46197],[16.11499,44.45546],[16.09547,44.45081],[16.07757,44.45128],[16.06845,44.45709],[16.06292,44.46708],[16.05771,44.4701],[16.05153,44.46801],[16.05023,44.46289],[16.05771,44.43501],[16.05641,44.43106],[16.05218,44.43106],[16.03916,44.43525],[16.03363,44.44291],[16.03005,44.46452],[16.01931,44.48148],[16.0001,44.49076],[15.99945,44.49587],[15.97439,44.50423],[15.93468,44.50423]]]}},{"type":"Feature","properties":{"id":"HRV:ADM2:41942358B27365842198437","name":"Općina Vratišinec","countryCode":"HRV","adminLevel":2,"sourceCode":"41942358B27365842198437","parentId":"HRV:ADM1:HRV-1609"},"geometry":{"type":"Polygon","coordinates":[[[16.49084,46.47642],[16.47713,46.4767],[16.47327,46.48303],[16.46031,46.48899],[16.44019,46.49022],[16.43642,46.48281],[16.44037,46.48219],[16.44005,46.47588],[16.43519,46.46255],[16.46736,46.45329],[16.46323,46.44482],[16.49294,46.44392],[16.50277,46.4708],[16.49152,46.47178],[16.49084,46.47642]]]}},{"type":"Feature","properties":{"id":"HRV:ADM2:41942358B27406443785919","name":"Općina Zagvozd","countryCode":"HRV","adminLevel":2,"sourceCode":"41942358B27406443785919","parentId":"HRV:ADM1:HRV-1492"},"geometry":{"type":"Polygon","coordinates":[[[17.02091,43.43472],[17.00993,43.42057],[17.00177,43.41415],[16.99645,43.4144],[16.98465,43.39663],[16.98538,43.38072],[16.98155,43.37868],[17.0028,43.37069],[17.01532,43.3698],[17.03306,43.35556],[17.07378,43.33311],[17.07181,43.32543],[17.06932,43.32627],[17.07607,43.31396],[17.11653,43.30063],[17.13957,43.28414],[17.15429,43.29283],[17.1567,43.33279],[17.19146,43.35614],[17.17918,43.36182],[17.18253,43.3677],[17.1167,43.40985],[17.09943,43.41702],[17.09833,43.41209],[17.08657,43.41256],[17.02091,43.43472]]]}},{"type":"Feature","properties":{"id":"HRV:ADM2:41942358B27785188555823","name":"Grad Buje","countryCode":"HRV","adminLevel":2,"sourceCode":"41942358B27785188555823","parentId":"HRV:ADM1:HRV-1592"},"geometry":{"type":"Polygon","coordinates":[[[13.80307,45.44405],[13.80812,45.45514],[13.80477,45.45908],[13.78643,45.46646],[13.77655,45.46395],[13.76681,45.46741],[13.75906,45.46225],[13.72651,45.45992],[13.72511,45.45565],[13.70805,45.45249],[13.70823,45.45711],[13.70343,45.45693],[13.67532,45.44257],[13.65038,45.45644],[13.60902,45.4648],[13.55556,45.49066],[13.5534,45.48852],[13.57432,45.47294],[13.58314,45.47067],[13.58165,45.46669],[13.61109,45.45764],[13.60989,45.45168],[13.61226,45.44967],[13.6075,45.44552],[13.61251,45.44328],[13.61579,45.43466],[13.59818,45.4336],[13.61206,45.41879],[13.61039,45.41017],[13.61373,45.40751],[13.60959,45.3977],[13.59295,45.39893],[13.59206,45.39599],[13.59918,45.39284],[13.59689,45.39114],[13.59856,45.38819],[13.61108,45.39355],[13.63752,45.38566],[13.63969,45.38104],[13.65238,45.37545],[13.65438,45.36763],[13.66333,45.36515],[13.65856,45.35567],[13.66004,45.35312],[13.6597,45.35777],[13.66429,45.36245],[13.66444,45.35625],[13.66751,45.3539],[13.67485,45.35945],[13.68197,45.35917],[13.6779,45.35406],[13.68177,45.35122],[13.69135,45.35538],[13.70127,45.37247],[13.7086,45.4107],[13.72012,45.41553],[13.74012,45.41391],[13.74982,45.42355],[13.75154,45.43445],[13.76475,45.43963],[13.78145,45.45165],[13.78396,45.45218],[13.78874,45.44022],[13.80307,45.44405]]]}},{"type":"Feature","properties":{"id":"HRV:ADM2:41942358B28058180655743","name":"Općina Lasinja","countryCode":"HRV","adminLevel":2,"sourceCode":"41942358B28058180655743","parentId":"HRV:ADM1:HRV-1583"},"geometry":{"type":"Polygon","coordinates":[[[15.9028,45.53012],[15.87278,45.528],[15.86604,45.53363],[15.87211,45.53968],[15.87061,45.54406],[15.84854,45.54884],[15.82439,45.53976],[15.81419,45.52477],[15.80488,45.52576],[15.79613,45.52055],[15.78566,45.52117],[15.78612,45.51633],[15.79537,45.51308],[15.79393,45.5089],[15.78712,45.5055],[15.77812,45.50402],[15.76554,45.51064],[15.75386,45.50375],[15.75287,45.48991],[15.76055,45.48037],[15.7715,45.48054],[15.76787,45.479],[15.77029,45.47413],[15.76683,45.47237],[15.76379,45.45685],[15.76879,45.4561],[15.77285,45.44876],[15.78147,45.44362],[15.79599,45.4457],[15.81031,45.43508],[15.83347,45.42971],[15.84779,45.45405],[15.8542,45.45835],[15.84908,45.46374],[15.8296,45.46099],[15.8303,45.49417],[15.83822,45.49406],[15.84479,45.48998],[15.84821,45.49805],[15.85269,45.49885],[15.8546,45.4943],[15.85348,45.49999],[15.86289,45.49884],[15.86915,45.50318],[15.87849,45.50368],[15.88443,45.50126],[15.88811,45.49457],[15.89978,45.49432],[15.90765,45.48238],[15.92211,45.47859],[15.91656,45.48678],[15.92487,45.49861],[15.9208,45.51302],[15.9028,45.53012]]]}},{"type":"Feature","properties":{"id":"HRV:ADM2:41942358B28076069343861","name":"Općina Preko","countryCode":"HRV","adminLevel":2,"sourceCode":"41942358B28076069343861","parentId":"HRV:ADM1:HRV-1493"},"geometry":{"type":"MultiPolygon","coordinates":[[[[15.18538,44.08937],[15.18332,44.08421],[15.19264,44.07964],[15.19817,44.07105],[15.17373,44.0564],[15.17017,44.05839],[15.17009,44.05864],[15.16964,44.0587],[15.14877,44.07636],[15.12724,44.08905],[15.11725,44.10657],[15.10916,44.10878],[15.11089,44.10438],[15.10428,44.10814],[15.08709,44.12373],[15.0687,44.13398],[15.06914,44.13476],[15.06956,44.13474],[15.07271,44.13912],[15.07265,44.13918],[15.07553,44.14082],[15.07146,44.14639],[15.06522,44.15722],[15.08416,44.14396],[15.09728,44.14008],[15.09808,44.13579],[15.10504,44.13575],[15.10717,44.13377],[15.1045,44.13422],[15.10514,44.12884],[15.11279,44.12893],[15.11737,44.12488],[15.11982,44.127],[15.12047,44.12352],[15.12482,44.1254],[15.12937,44.12274],[15.13575,44.11502],[15.14459,44.11249],[15.15302,44.10247],[15.15402,44.1078],[15.15754,44.10622],[15.16593,44.10131],[15.16487,44.09656],[15.17085,44.0968],[15.168,44.0963],[15.17258,44.09289],[15.1706,44.09857],[15.18464,44.09033],[15.18538,44.08937]]],[[[15.18999,44.08514],[15.18706,44.08496],[15.18828,44.0859],[15.18999,44.08514]]],[[[15.21204,44.07177],[15.20648,44.07633],[15.20735,44.07702],[15.21282,44.07381],[15.21204,44.07177]]]]}},{"type":"Feature","properties":{"id":"HRV:ADM2:41942358B28112698356135","name":"Općina Vrhovine","countryCode":"HRV","adminLevel":2,"sourceCode":"41942358B28112698356135","parentId":"HRV:ADM1:HRV-1584"},"geometry":{"type":"Polygon","coordinates":[[[15.43257,44.94083],[15.44163,44.92835],[15.43449,44.9191],[15.44077,44.89632],[15.43189,44.89188],[15.43038,44.88683],[15.43566,44.88145],[15.43107,44.87871],[15.41862,44.88817],[15.40146,44.8889],[15.39983,44.87941],[15.3985,44.88643],[15.37754,44.88413],[15.37341,44.87708],[15.37803,44.87059],[15.3709,44.86655],[15.36247,44.86886],[15.3584,44.86225],[15.35009,44.87],[15.34198,44.87146],[15.33945,44.86866],[15.33659,44.87093],[15.33679,44.86734],[15.3234,44.86207],[15.32391,44.85776],[15.36301,44.84151],[15.37562,44.82903],[15.41656,44.80812],[15.43734,44.77745],[15.46549,44.75301],[15.51673,44.75088],[15.58634,44.7861],[15.59715,44.80206],[15.52437,44.84419],[15.5678,44.87813],[15.54279,44.89926],[15.5422,44.90521],[15.51916,44.91904],[15.51801,44.93268],[15.51398,44.93268],[15.51168,44.92881],[15.50133,44.92861],[15.49902,44.93268],[15.49241,44.93268],[15.48982,44.928],[15.4832,44.93126],[15.48061,44.92861],[15.46997,44.92861],[15.4481,44.93248],[15.43257,44.94083]]]}},{"type":"Feature","properties":{"id":"HRV:ADM2:41942358B29011539679612","name":"Općina Jasenovac","countryCode":"HRV","adminLevel":2,"sourceCode":"41942358B29011539679612","parentId":"HRV:ADM1:HRV-1587"},"geometry":{"type":"Polygon","coordinates":[[[16.86556,45.23212],[16.87651,45.23197],[16.87595,45.22629],[16.88107,45.22468],[16.8834,45.22774],[16.88085,45.23471],[16.88393,45.24035],[16.88002,45.24292],[16.8714,45.24144],[16.87743,45.24589],[16.88986,45.24617],[16.89459,45.24909],[16.88283,45.25704],[16.89147,45.2582],[16.89698,45.25095],[16.90534,45.2509],[16.9122,45.25462],[16.92049,45.27384],[16.93484,45.27584],[16.93895,45.27342],[16.94082,45.26449],[16.95428,45.25571],[16.93632,45.24428],[16.93778,45.22783],[16.95707,45.23232],[16.97154,45.22713],[16.97609,45.22881],[16.97747,45.23311],[16.97456,45.23823],[16.9614,45.24376],[16.97064,45.25142],[16.9766,45.24984],[16.98337,45.24467],[16.98504,45.23886],[16.98242,45.22988],[16.98589,45.22509],[17.0001,45.22171],[17.00565,45.22575],[17.00324,45.23517],[17.00547,45.23787],[17.02211,45.23591],[17.00806,45.21931],[17.01056,45.21418],[17.0201,45.21387],[17.03696,45.22583],[17.04279,45.20859],[17.05192,45.20069],[17.06359,45.1988],[17.07244,45.18996],[17.1121,45.17637],[17.12664,45.16804],[17.1413,45.16338],[17.14419,45.16575],[17.12717,45.18546],[17.11875,45.19003],[17.12099,45.19609],[17.09309,45.20884],[17.09559,45.21458],[17.07985,45.21251],[17.07428,45.21689],[17.08168,45.22143],[17.08148,45.23127],[17.08827,45.23461],[17.079,45.24639],[17.07089,45.24318],[17.06312,45.24609],[17.06622,45.24913],[17.05698,45.24742],[17.05475,45.25181],[17.05022,45.25073],[17.04889,45.25531],[17.06228,45.25632],[17.06261,45.26171],[17.05275,45.2598],[17.05152,45.26419],[17.04274,45.2657],[17.03897,45.27048],[17.03385,45.26911],[17.03128,45.27163],[17.03465,45.2731],[17.02498,45.27813],[17.0193,45.27723],[17.01791,45.27964],[17.01772,45.27666],[17.01318,45.27877],[17.00337,45.27582],[16.96398,45.28414],[16.95644,45.28753],[16.95378,45.29673],[16.93085,45.29819],[16.92043,45.30561],[16.89133,45.30709],[16.87601,45.29984],[16.86223,45.29926],[16.85336,45.30066],[16.84718,45.30686],[16.83578,45.30585],[16.82673,45.31139],[16.83074,45.3163],[16.82692,45.32249],[16.81956,45.32728],[16.81384,45.32527],[16.80871,45.33684],[16.81216,45.34046],[16.82221,45.34135],[16.82133,45.34587],[16.82724,45.3499],[16.80512,45.36645],[16.80738,45.37029],[16.78717,45.37623],[16.77788,45.37046],[16.78365,45.36725],[16.77971,45.36262],[16.78115,45.36022],[16.77342,45.35516],[16.77535,45.34554],[16.7637,45.33845],[16.77571,45.33131],[16.79074,45.33241],[16.7877,45.31982],[16.77958,45.31096],[16.7817,45.30712],[16.79468,45.30133],[16.79573,45.29362],[16.80849,45.29472],[16.80909,45.30757],[16.8183,45.30524],[16.82723,45.2981],[16.82056,45.285],[16.8064,45.28132],[16.79722,45.27446],[16.79921,45.26996],[16.79296,45.26516],[16.80723,45.2412],[16.8558,45.2484],[16.86178,45.23942],[16.85809,45.238],[16.86292,45.23827],[16.86556,45.23212]]]}},{"type":"Feature","properties":{"id":"HRV:ADM2:41942358B29212836137116","name":"Općina Jasenice","countryCode":"HRV","adminLevel":2,"sourceCode":"41942358B29212836137116","parentId":"HRV:ADM1:HRV-1493"},"geometry":{"type":"Polygon","coordinates":[[[15.57067,44.29339],[15.5477,44.29056],[15.53767,44.25936],[15.54158,44.25844],[15.53373,44.25572],[15.53641,44.24679],[15.52215,44.24795],[15.52477,44.24494],[15.52291,44.23761],[15.52817,44.22699],[15.54132,44.21924],[15.58819,44.20179],[15.58871,44.21042],[15.59708,44.2119],[15.59658,44.21552],[15.60964,44.2206],[15.61612,44.21835],[15.62128,44.22195],[15.63787,44.21533],[15.64652,44.21729],[15.65139,44.2098],[15.67641,44.20004],[15.68351,44.20182],[15.6852,44.19909],[15.69604,44.19871],[15.70296,44.20618],[15.71247,44.20348],[15.70985,44.21503],[15.735,44.25633],[15.69038,44.27222],[15.67749,44.27108],[15.66486,44.28422],[15.6483,44.29081],[15.63659,44.28519],[15.61672,44.29113],[15.59748,44.29158],[15.57899,44.29996],[15.57067,44.29339]]]}},{"type":"Feature","properties":{"id":"HRV:ADM2:41942358B29255129304529","name":"Općina Bilje","countryCode":"HRV","adminLevel":2,"sourceCode":"41942358B29255129304529","parentId":"HRV:ADM1:HRV-1603"},"geometry":{"type":"MultiPolygon","coordinates":[[[[18.86782,45.72194],[18.86832,45.72352],[18.86112,45.72353],[18.86246,45.71858],[18.86941,45.71791],[18.86782,45.72194]]],[[[18.69989,45.66881],[18.70048,45.65968],[18.70533,45.65979],[18.71521,45.65147],[18.71896,45.63529],[18.74065,45.61964],[18.73051,45.6154],[18.72544,45.60418],[18.71106,45.60153],[18.70761,45.57388],[18.7273,45.57574],[18.72531,45.56966],[18.73656,45.56888],[18.73547,45.56319],[18.75033,45.55834],[18.76007,45.54615],[18.76776,45.54253],[18.81298,45.5517],[18.82072,45.55029],[18.83508,45.55887],[18.83879,45.54948],[18.87254,45.55274],[18.89321,45.54649],[18.92707,45.54384],[18.92339,45.54977],[18.93208,45.55529],[18.93208,45.56297],[18.92639,45.56635],[18.8995,45.5704],[18.89713,45.57787],[18.89968,45.58533],[18.91264,45.60091],[18.9311,45.59794],[18.94484,45.60379],[18.94332,45.62103],[18.92793,45.61426],[18.91398,45.61432],[18.9161,45.62171],[18.92491,45.62584],[18.93932,45.62125],[18.95218,45.62534],[18.94521,45.6342],[18.93659,45.63129],[18.93388,45.64364],[18.96731,45.64885],[18.97576,45.65688],[18.97135,45.66469],[18.95793,45.66946],[18.95734,45.68077],[18.95058,45.68536],[18.93335,45.68812],[18.9298,45.68624],[18.92932,45.69005],[18.91611,45.70328],[18.90655,45.69448],[18.90532,45.68219],[18.90049,45.68189],[18.90107,45.68454],[18.87156,45.68393],[18.86267,45.67427],[18.86007,45.66618],[18.85339,45.66896],[18.84954,45.66651],[18.84618,45.67042],[18.84774,45.67735],[18.85472,45.68129],[18.85516,45.68498],[18.84132,45.69475],[18.83812,45.70207],[18.81873,45.6963],[18.81373,45.69],[18.806,45.68916],[18.79266,45.68965],[18.77677,45.6978],[18.76801,45.69674],[18.76424,45.6926],[18.76296,45.67619],[18.71938,45.68248],[18.72026,45.67919],[18.70752,45.67687],[18.71,45.66943],[18.69989,45.66881]]]]}},{"type":"Feature","properties":{"id":"HRV:ADM2:41942358B29602339177060","name":"Općina Dubrava","countryCode":"HRV","adminLevel":2,"sourceCode":"41942358B29602339177060","parentId":"HRV:ADM1:HRV-1588"},"geometry":{"type":"Polygon","coordinates":[[[16.60263,45.81779],[16.60315,45.82521],[16.61703,45.8431],[16.62178,45.84521],[16.61997,45.84812],[16.62348,45.84761],[16.62125,45.8514],[16.60523,45.85619],[16.61048,45.86023],[16.60689,45.86371],[16.60482,45.86406],[16.60723,45.85901],[16.5985,45.85962],[16.59998,45.86276],[16.60303,45.86134],[16.60022,45.86872],[16.60584,45.87435],[16.60142,45.88103],[16.61383,45.88441],[16.62338,45.89113],[16.61747,45.89172],[16.61594,45.89618],[16.60793,45.89929],[16.60914,45.90232],[16.59997,45.90033],[16.59987,45.90299],[16.58943,45.90279],[16.59129,45.88912],[16.58342,45.88662],[16.57193,45.89118],[16.57181,45.89378],[16.56357,45.8947],[16.56311,45.90108],[16.55751,45.90189],[16.55873,45.89507],[16.54162,45.8869],[16.53602,45.8735],[16.5432,45.87132],[16.53994,45.86716],[16.53462,45.86807],[16.53283,45.87241],[16.52585,45.87284],[16.50586,45.86887],[16.48817,45.87275],[16.47697,45.86719],[16.47112,45.84967],[16.46572,45.84895],[16.46623,45.84157],[16.45905,45.82553],[16.4345,45.81412],[16.44952,45.81397],[16.44604,45.8048],[16.44799,45.80159],[16.49505,45.77402],[16.5129,45.78213],[16.51092,45.79357],[16.51375,45.79968],[16.52025,45.79357],[16.52506,45.79317],[16.55306,45.80594],[16.55722,45.80562],[16.56344,45.79832],[16.57553,45.79955],[16.57607,45.79365],[16.58818,45.78763],[16.60543,45.79119],[16.60894,45.79432],[16.6032,45.79642],[16.60377,45.80062],[16.60027,45.80217],[16.60482,45.80747],[16.60263,45.81779]]]}},{"type":"Feature","properties":{"id":"HRV:ADM2:41942358B29732866084637","name":"Općina Zažablje","countryCode":"HRV","adminLevel":2,"sourceCode":"41942358B29732866084637","parentId":"HRV:ADM1:HRV-1490"},"geometry":{"type":"Polygon","coordinates":[[[17.58995,43.00032],[17.57933,43.0023],[17.57418,42.99994],[17.58257,42.9788],[17.58125,42.96092],[17.61286,42.94749],[17.61586,42.94227],[17.67743,42.96774],[17.71034,42.9732],[17.68815,43.00726],[17.64589,43.02159],[17.63128,43.0166],[17.62165,43.02185],[17.61413,43.02112],[17.61791,43.01591],[17.61445,43.01808],[17.60937,43.01466],[17.60272,43.00452],[17.60357,43.00132],[17.58995,43.00032]]]}},{"type":"Feature","properties":{"id":"HRV:ADM2:41942358B30030645114958","name":"Općina Podgorač","countryCode":"HRV","adminLevel":2,"sourceCode":"41942358B30030645114958","parentId":"HRV:ADM1:HRV-1604"},"geometry":{"type":"Polygon","coordinates":[[[18.29288,45.45125],[18.31696,45.44717],[18.33652,45.45179],[18.34884,45.44996],[18.38888,45.46561],[18.39807,45.46475],[18.40519,45.45888],[18.43852,45.46554],[18.42058,45.49784],[18.42575,45.50158],[18.42212,45.50803],[18.41871,45.50528],[18.40897,45.50955],[18.40266,45.51832],[18.39678,45.51606],[18.39115,45.52336],[18.36624,45.51457],[18.37313,45.50755],[18.3676,45.49034],[18.34361,45.49046],[18.3449,45.49504],[18.20544,45.50429],[18.19443,45.49007],[18.18546,45.49251],[18.17053,45.4877],[18.1707,45.4827],[18.16576,45.47774],[18.16795,45.4685],[18.17293,45.4641],[18.13508,45.44339],[18.13345,45.43797],[18.14143,45.43689],[18.14006,45.43056],[18.15302,45.42906],[18.15817,45.41993],[18.17938,45.42713],[18.17946,45.42053],[18.21465,45.41936],[18.23027,45.43064],[18.23868,45.43373],[18.24039,45.43111],[18.24885,45.43779],[18.26222,45.43865],[18.26992,45.44896],[18.29288,45.45125]]]}},{"type":"Feature","properties":{"id":"HRV:ADM2:41942358B30078557493978","name":"Općina Lumbarda","countryCode":"HRV","adminLevel":2,"sourceCode":"41942358B30078557493978","parentId":"HRV:ADM1:HRV-1490"},"geometry":{"type":"Polygon","coordinates":[[[17.1882,42.9166],[17.18546,42.91825],[17.18483,42.91776],[17.17433,42.92202],[17.15309,42.92113],[17.13735,42.91877],[17.13486,42.92418],[17.13775,42.93409],[17.14318,42.94122],[17.14886,42.9412],[17.15335,42.94642],[17.1645,42.93506],[17.16071,42.92769],[17.16703,42.93005],[17.16748,42.9246],[17.17073,42.92278],[17.17234,42.92534],[17.18173,42.92528],[17.18481,42.92183],[17.1967,42.92216],[17.1988,42.92024],[17.19337,42.91429],[17.18815,42.91641],[17.1882,42.9166]]]}},{"type":"Feature","properties":{"id":"HRV:ADM2:41942358B3051457735690","name":"Općina Šolta","countryCode":"HRV","adminLevel":2,"sourceCode":"41942358B3051457735690","parentId":"HRV:ADM1:HRV-1492"},"geometry":{"type":"MultiPolygon","coordinates":[[[[16.36172,43.36451],[16.36891,43.35931],[16.3637,43.35635],[16.36972,43.35632],[16.37105,43.35271],[16.37422,43.35293],[16.3717,43.35039],[16.37869,43.34825],[16.38381,43.34152],[16.3858,43.34391],[16.38738,43.34298],[16.37611,43.33355],[16.37574,43.33463],[16.37534,43.33357],[16.36642,43.33528],[16.36623,43.3409],[16.36273,43.3393],[16.36258,43.33602],[16.35041,43.33835],[16.34871,43.34147],[16.33604,43.34447],[16.31513,43.35406],[16.31516,43.35413],[16.31493,43.35415],[16.30947,43.35666],[16.31093,43.35743],[16.30789,43.35907],[16.30912,43.36194],[16.30393,43.3592],[16.30151,43.36031],[16.30039,43.36297],[16.29671,43.36251],[16.29508,43.36325],[16.2934,43.36775],[16.29204,43.36465],[16.28809,43.36646],[16.28945,43.37149],[16.28534,43.36996],[16.28525,43.37295],[16.2811,43.37262],[16.28132,43.3695],[16.26763,43.37368],[16.26776,43.3743],[16.26673,43.37395],[16.26167,43.3755],[16.26112,43.37668],[16.2603,43.37592],[16.25749,43.37677],[16.25727,43.37759],[16.25652,43.37707],[16.25308,43.37812],[16.25211,43.37935],[16.25144,43.37862],[16.24723,43.3799],[16.24695,43.3803],[16.24648,43.38013],[16.24162,43.38161],[16.24156,43.38198],[16.24088,43.38184],[16.23227,43.38447],[16.23172,43.38453],[16.23101,43.38576],[16.23002,43.38472],[16.20704,43.38727],[16.20681,43.38887],[16.21122,43.39028],[16.21171,43.39365],[16.2122,43.3938],[16.21658,43.39397],[16.21243,43.39458],[16.20686,43.3979],[16.20757,43.39822],[16.20578,43.39854],[16.20338,43.39997],[16.20272,43.40155],[16.20361,43.40361],[16.20829,43.40389],[16.20236,43.40923],[16.20558,43.41291],[16.21008,43.41363],[16.21469,43.41179],[16.24604,43.41373],[16.26253,43.41277],[16.26516,43.41245],[16.26734,43.40867],[16.27751,43.41025],[16.297,43.40283],[16.29316,43.39954],[16.29964,43.39843],[16.29983,43.39772],[16.29771,43.3956],[16.30089,43.3925],[16.30125,43.39265],[16.30275,43.38727],[16.31474,43.38835],[16.31613,43.38702],[16.31018,43.38652],[16.31357,43.38462],[16.30984,43.38369],[16.31358,43.3796],[16.32051,43.38586],[16.32429,43.3837],[16.32822,43.389],[16.32796,43.38955],[16.32984,43.38972],[16.33575,43.38613],[16.33928,43.38151],[16.34982,43.3772],[16.35016,43.37689],[16.3491,43.37396],[16.35271,43.36962],[16.35364,43.37354],[16.35368,43.37354],[16.36145,43.36615],[16.36172,43.36451]]],[[[16.20774,43.39188],[16.20683,43.39221],[16.20777,43.39313],[16.2096,43.39319],[16.20774,43.39188]]]]}},{"type":"Feature","properties":{"id":"HRV:ADM2:41942358B3075374378428","name":"Općina Stubičke Toplice","countryCode":"HRV","adminLevel":2,"sourceCode":"41942358B3075374378428","parentId":"HRV:ADM1:HRV-1582"},"geometry":{"type":"Polygon","coordinates":[[[16.01004,45.93195],[16.00127,45.94467],[15.98674,45.94906],[15.98237,45.94761],[15.9841,45.94285],[15.95896,45.94319],[15.95861,45.94967],[15.9447,45.96592],[15.94368,45.9746],[15.94774,45.97616],[15.94551,45.9815],[15.95096,45.98542],[15.92901,45.98196],[15.92954,45.97839],[15.90182,45.97638],[15.89393,45.97232],[15.8983,45.9643],[15.90222,45.96382],[15.89993,45.96098],[15.93101,45.94726],[15.9528,45.92865],[15.95463,45.90384],[15.971,45.91383],[15.9849,45.91554],[15.98647,45.92069],[16.01004,45.93195]]]}},{"type":"Feature","properties":{"id":"HRV:ADM2:41942358B3086402539521","name":"Općina Primorski Dolac","countryCode":"HRV","adminLevel":2,"sourceCode":"41942358B3086402539521","parentId":"HRV:ADM1:HRV-1492"},"geometry":{"type":"Polygon","coordinates":[[[16.12025,43.63522],[16.16901,43.61345],[16.21215,43.61134],[16.22895,43.6224],[16.22264,43.62827],[16.2169,43.64343],[16.22129,43.65254],[16.1344,43.6571],[16.12025,43.63522]]]}},{"type":"Feature","properties":{"id":"HRV:ADM2:41942358B30950584266052","name":"Općina Otok","countryCode":"HRV","adminLevel":2,"sourceCode":"41942358B30950584266052","parentId":"HRV:ADM1:HRV-1492"},"geometry":{"type":"Polygon","coordinates":[[[16.89949,43.68565],[16.89394,43.69364],[16.87886,43.69524],[16.86419,43.71161],[16.83206,43.72741],[16.78599,43.72684],[16.77054,43.7222],[16.74026,43.7266],[16.72769,43.7381],[16.73823,43.75244],[16.74037,43.76084],[16.69859,43.72664],[16.7092,43.71975],[16.71422,43.70811],[16.7121,43.70359],[16.71625,43.69979],[16.71313,43.69172],[16.71672,43.67801],[16.7132,43.67644],[16.71569,43.6725],[16.71292,43.66995],[16.71429,43.66065],[16.71862,43.65916],[16.72386,43.64535],[16.73404,43.65238],[16.74559,43.65423],[16.74636,43.65935],[16.75577,43.66179],[16.75536,43.66674],[16.76723,43.66751],[16.77057,43.66422],[16.80519,43.65865],[16.81878,43.6602],[16.81818,43.66638],[16.82178,43.66828],[16.83041,43.66657],[16.89949,43.68565]]]}},{"type":"Feature","properties":{"id":"HRV:ADM2:41942358B30982903361189","name":"Općina Konavle","countryCode":"HRV","adminLevel":2,"sourceCode":"41942358B30982903361189","parentId":"HRV:ADM1:HRV-1490"},"geometry":{"type":"Polygon","coordinates":[[[18.2232,42.58173],[18.22699,42.58983],[18.22363,42.59245],[18.23016,42.59954],[18.2388,42.6007],[18.2401,42.60514],[18.24603,42.60724],[18.25005,42.60352],[18.26947,42.60987],[18.27586,42.60904],[18.27998,42.61728],[18.29211,42.61467],[18.33248,42.61547],[18.33727,42.61917],[18.34717,42.6192],[18.36609,42.61605],[18.39381,42.58705],[18.41902,42.57621],[18.42177,42.57036],[18.42916,42.56669],[18.4347,42.56757],[18.43835,42.56125],[18.43593,42.55237],[18.43903,42.54343],[18.43342,42.52111],[18.44498,42.50988],[18.43816,42.48811],[18.43376,42.48415],[18.47275,42.46538],[18.4935,42.4416],[18.51755,42.42506],[18.51642,42.42111],[18.51389,42.42132],[18.50976,42.41464],[18.51097,42.4065],[18.51483,42.40412],[18.51027,42.40526],[18.50856,42.40663],[18.50864,42.40756],[18.50319,42.41092],[18.49643,42.41633],[18.47446,42.44135],[18.46095,42.44794],[18.45258,42.44978],[18.4504,42.45089],[18.44949,42.45046],[18.42758,42.45527],[18.42521,42.45635],[18.42475,42.46049],[18.4203,42.46455],[18.41251,42.46865],[18.41188,42.47602],[18.23894,42.55907],[18.22055,42.57917],[18.22063,42.58149],[18.2232,42.58173]]]}},{"type":"Feature","properties":{"id":"HRV:ADM2:41942358B31177094298422","name":"Općina Budinšćina","countryCode":"HRV","adminLevel":2,"sourceCode":"41942358B31177094298422","parentId":"HRV:ADM1:HRV-1582"},"geometry":{"type":"Polygon","coordinates":[[[16.24439,46.14525],[16.24391,46.14802],[16.25297,46.1508],[16.2531,46.15387],[16.24039,46.164],[16.23519,46.1734],[16.22941,46.17251],[16.2365,46.18058],[16.24845,46.18339],[16.24831,46.19034],[16.24374,46.18719],[16.2357,46.19037],[16.21396,46.18828],[16.20054,46.19072],[16.1964,46.19709],[16.20649,46.20039],[16.20348,46.20793],[16.19768,46.21216],[16.18865,46.21037],[16.18186,46.20384],[16.16477,46.20108],[16.16414,46.19083],[16.1538,46.1889],[16.14703,46.17742],[16.13687,46.17182],[16.16249,46.15724],[16.16371,46.11556],[16.16738,46.10389],[16.18097,46.0993],[16.20051,46.10515],[16.20018,46.11356],[16.20987,46.12839],[16.23004,46.14122],[16.24439,46.14525]]]}},{"type":"Feature","properties":{"id":"HRV:ADM2:41942358B31180606920583","name":"Općina Brdovec","countryCode":"HRV","adminLevel":2,"sourceCode":"41942358B31180606920583","parentId":"HRV:ADM1:HRV-1588"},"geometry":{"type":"Polygon","coordinates":[[[15.77888,45.88677],[15.75377,45.88771],[15.73564,45.90032],[15.72029,45.89951],[15.71821,45.8964],[15.70345,45.8921],[15.69314,45.89436],[15.69862,45.90435],[15.70595,45.90562],[15.69204,45.91229],[15.67947,45.9045],[15.68413,45.8921],[15.68026,45.89035],[15.68601,45.88563],[15.68711,45.88763],[15.69211,45.88518],[15.6885,45.88366],[15.68912,45.88007],[15.68125,45.88256],[15.68461,45.87805],[15.67954,45.87709],[15.68284,45.87012],[15.67752,45.86888],[15.68498,45.8626],[15.69797,45.8587],[15.70932,45.84652],[15.71484,45.84467],[15.71324,45.84846],[15.71934,45.84767],[15.72702,45.85152],[15.74229,45.84845],[15.74473,45.83901],[15.74832,45.83709],[15.75598,45.84516],[15.77492,45.85136],[15.77076,45.8623],[15.77427,45.8662],[15.77218,45.87012],[15.77888,45.88677]]]}},{"type":"Feature","properties":{"id":"HRV:ADM2:41942358B31216963896423","name":"Općina Gunja","countryCode":"HRV","adminLevel":2,"sourceCode":"41942358B31216963896423","parentId":"HRV:ADM1:HRV-1605"},"geometry":{"type":"Polygon","coordinates":[[[18.90952,44.85185],[18.90863,44.86288],[18.90009,44.86592],[18.89952,44.8699],[18.90587,44.86988],[18.90554,44.87337],[18.88993,44.88036],[18.88659,44.88965],[18.87652,44.89084],[18.87166,44.90187],[18.857,44.90926],[18.85539,44.90647],[18.84516,44.91068],[18.83602,44.90682],[18.82579,44.90823],[18.82394,44.89469],[18.81653,44.89191],[18.81802,44.88526],[18.81351,44.8854],[18.81102,44.88094],[18.82215,44.87686],[18.84983,44.85449],[18.90952,44.85185]]]}},{"type":"Feature","properties":{"id":"HRV:ADM2:41942358B31355504326698","name":"Općina Dugi Rat","countryCode":"HRV","adminLevel":2,"sourceCode":"41942358B31355504326698","parentId":"HRV:ADM1:HRV-1492"},"geometry":{"type":"Polygon","coordinates":[[[16.58906,43.47159],[16.59019,43.47685],[16.60538,43.47223],[16.67727,43.44631],[16.68109,43.44197],[16.67953,43.44056],[16.62671,43.4489],[16.62318,43.45298],[16.61254,43.45606],[16.58639,43.46989],[16.58906,43.47159]]]}},{"type":"Feature","properties":{"id":"HRV:ADM2:41942358B3136007807850","name":"Općina Ivankovo","countryCode":"HRV","adminLevel":2,"sourceCode":"41942358B3136007807850","parentId":"HRV:ADM1:HRV-1605"},"geometry":{"type":"Polygon","coordinates":[[[18.56521,45.19405],[18.59695,45.20836],[18.61146,45.19972],[18.62301,45.20423],[18.63011,45.21715],[18.63522,45.21926],[18.64118,45.20949],[18.64805,45.21129],[18.65622,45.20674],[18.66968,45.20978],[18.67348,45.21158],[18.67232,45.21413],[18.69223,45.21648],[18.69545,45.22002],[18.69294,45.22632],[18.70088,45.22907],[18.7071,45.26064],[18.73695,45.26242],[18.73959,45.2772],[18.745,45.28543],[18.74035,45.28727],[18.74166,45.29036],[18.73496,45.30819],[18.73239,45.31079],[18.71738,45.31066],[18.71023,45.32163],[18.65451,45.33058],[18.63313,45.33034],[18.63461,45.31861],[18.63154,45.31451],[18.64102,45.31356],[18.63953,45.30507],[18.65198,45.29192],[18.63187,45.28436],[18.63861,45.27915],[18.64089,45.26009],[18.62415,45.25727],[18.64161,45.24308],[18.62792,45.23627],[18.60554,45.23119],[18.60185,45.23163],[18.59572,45.23991],[18.57846,45.23624],[18.57909,45.23264],[18.56885,45.22881],[18.57363,45.22019],[18.5677,45.21581],[18.57445,45.21065],[18.56839,45.2084],[18.56521,45.19405]]]}},{"type":"Feature","properties":{"id":"HRV:ADM2:41942358B31858684565742","name":"Općina Donja Motičina","countryCode":"HRV","adminLevel":2,"sourceCode":"41942358B31858684565742","parentId":"HRV:ADM1:HRV-1604"},"geometry":{"type":"Polygon","coordinates":[[[18.0506,45.52272],[18.03447,45.52609],[18.01395,45.51543],[18.00752,45.51766],[17.99035,45.50689],[17.99213,45.50957],[17.98869,45.51019],[17.97926,45.50726],[17.97734,45.5055],[17.98359,45.48875],[17.9523,45.47954],[17.94977,45.47386],[17.92591,45.47265],[17.90594,45.45368],[17.93703,45.45192],[17.95119,45.4378],[17.96027,45.43657],[17.97243,45.44228],[17.98827,45.44237],[17.99232,45.44884],[18.00106,45.45348],[18.0103,45.45161],[18.02465,45.46732],[18.03801,45.47439],[18.04228,45.48245],[18.04945,45.48581],[18.03468,45.49047],[18.04619,45.49804],[18.05305,45.50929],[18.0506,45.52272]]]}},{"type":"Feature","properties":{"id":"HRV:ADM2:41942358B32081341063434","name":"Grad Umag","countryCode":"HRV","adminLevel":2,"sourceCode":"41942358B32081341063434","parentId":"HRV:ADM1:HRV-1592"},"geometry":{"type":"MultiPolygon","coordinates":[[[[13.50908,45.50538],[13.55556,45.49066],[13.55415,45.48672],[13.57432,45.47294],[13.58314,45.47067],[13.58165,45.46669],[13.61109,45.45764],[13.60989,45.45168],[13.61226,45.44967],[13.6075,45.44552],[13.61251,45.44328],[13.61579,45.43466],[13.59818,45.4336],[13.61206,45.41879],[13.61039,45.41017],[13.61373,45.40751],[13.60959,45.3977],[13.59295,45.39893],[13.59206,45.39599],[13.59918,45.39284],[13.59689,45.39114],[13.59856,45.38819],[13.5549,45.37255],[13.54628,45.37382],[13.54314,45.37617],[13.54256,45.37735],[13.54535,45.37807],[13.5407,45.38109],[13.53672,45.38911],[13.54046,45.39121],[13.53418,45.39423],[13.53253,45.39756],[13.53683,45.40206],[13.5307,45.40261],[13.52953,45.4036],[13.52015,45.42253],[13.52032,45.4225],[13.52403,45.42574],[13.51814,45.42791],[13.51997,45.43247],[13.51353,45.43589],[13.51345,45.43603],[13.52007,45.43359],[13.5242,45.43721],[13.51799,45.43994],[13.51857,45.44033],[13.52076,45.44302],[13.51618,45.44726],[13.51905,45.44942],[13.51778,45.44974],[13.51783,45.44977],[13.52076,45.45726],[13.50457,45.48387],[13.50147,45.4986],[13.50152,45.49871],[13.50566,45.49969],[13.50241,45.50081],[13.50297,45.50214],[13.50908,45.50538]]],[[[13.51775,45.43845],[13.51675,45.43908],[13.51711,45.43933],[13.51775,45.43845]]]]}},{"type":"Feature","properties":{"id":"HRV:ADM2:41942358B32082098314835","name":"Grad Makarska","countryCode":"HRV","adminLevel":2,"sourceCode":"41942358B32082098314835","parentId":"HRV:ADM1:HRV-1492"},"geometry":{"type":"Polygon","coordinates":[[[17.01265,43.29982],[17.01091,43.30061],[16.98713,43.32316],[17.00958,43.33067],[17.03306,43.35556],[17.07378,43.33311],[17.07181,43.32543],[17.06932,43.32627],[17.07607,43.31396],[17.04969,43.27755],[17.04949,43.27802],[17.04509,43.27977],[17.0324,43.28238],[17.02817,43.28425],[17.02007,43.29192],[17.02032,43.29189],[17.01889,43.29436],[17.01735,43.29451],[17.01269,43.29892],[17.01265,43.29982]]]}},{"type":"Feature","properties":{"id":"HRV:ADM2:41942358B32339090930363","name":"Općina Kula Norinska","countryCode":"HRV","adminLevel":2,"sourceCode":"41942358B32339090930363","parentId":"HRV:ADM1:HRV-1490"},"geometry":{"type":"Polygon","coordinates":[[[17.55933,43.03439],[17.57999,43.02815],[17.57748,43.02473],[17.58018,43.0188],[17.58516,43.02047],[17.58995,43.00032],[17.60357,43.00132],[17.60272,43.00452],[17.60937,43.01466],[17.61445,43.01808],[17.61791,43.01591],[17.60508,43.0271],[17.61146,43.03256],[17.60351,43.04221],[17.60458,43.0462],[17.59368,43.05505],[17.59495,43.06121],[17.58184,43.07521],[17.58087,43.08945],[17.57186,43.10844],[17.57705,43.11881],[17.54522,43.13343],[17.53959,43.12335],[17.52233,43.11803],[17.51736,43.11358],[17.5092,43.11389],[17.50929,43.10488],[17.50446,43.0979],[17.51088,43.09406],[17.50843,43.07284],[17.51457,43.04891],[17.53641,43.05446],[17.56551,43.03922],[17.55933,43.03439]]]}},{"type":"Feature","properties":{"id":"HRV:ADM2:41942358B32410067293519","name":"Općina Vođinci","countryCode":"HRV","adminLevel":2,"sourceCode":"41942358B32410067293519","parentId":"HRV:ADM1:HRV-1605"},"geometry":{"type":"Polygon","coordinates":[[[18.61495,45.31476],[18.6205,45.30617],[18.61636,45.29861],[18.61757,45.29513],[18.59683,45.28039],[18.58578,45.25679],[18.59207,45.24771],[18.59177,45.24044],[18.59572,45.23991],[18.60185,45.23163],[18.62792,45.23627],[18.64161,45.24308],[18.62415,45.25727],[18.64089,45.26009],[18.63861,45.27915],[18.63187,45.28436],[18.65198,45.29192],[18.63953,45.30507],[18.64102,45.31356],[18.61495,45.31476]]]}},{"type":"Feature","properties":{"id":"HRV:ADM2:41942358B32539035720445","name":"Grad Supetar","countryCode":"HRV","adminLevel":2,"sourceCode":"41942358B32539035720445","parentId":"HRV:ADM1:HRV-1492"},"geometry":{"type":"Polygon","coordinates":[[[16.61627,43.37759],[16.61011,43.37346],[16.62476,43.36307],[16.6121,43.3516],[16.59671,43.34942],[16.59631,43.34483],[16.58082,43.34617],[16.57652,43.3492],[16.5693,43.34655],[16.56503,43.35542],[16.55583,43.35396],[16.54441,43.35715],[16.53888,43.36808],[16.52621,43.35223],[16.51866,43.35605],[16.50844,43.36087],[16.51404,43.36626],[16.50893,43.36713],[16.50922,43.38189],[16.5988,43.37945],[16.59674,43.37708],[16.60311,43.37915],[16.60602,43.37586],[16.60702,43.37922],[16.6155,43.37899],[16.61627,43.37759]]]}},{"type":"Feature","properties":{"id":"HRV:ADM2:41942358B32667290541658","name":"Grad Ozalj","countryCode":"HRV","adminLevel":2,"sourceCode":"41942358B32667290541658","parentId":"HRV:ADM1:HRV-1583"},"geometry":{"type":"MultiPolygon","coordinates":[[[[15.44611,45.68666],[15.42229,45.69548],[15.4201,45.69542],[15.41955,45.68742],[15.41335,45.68727],[15.4046,45.6924],[15.40337,45.70119],[15.38568,45.71159],[15.37754,45.71202],[15.36815,45.72864],[15.34749,45.74044],[15.33371,45.74306],[15.32432,45.74852],[15.32275,45.75311],[15.32971,45.76255],[15.29996,45.75429],[15.29487,45.74772],[15.27478,45.74005],[15.27553,45.73703],[15.25752,45.72453],[15.25675,45.71884],[15.2674,45.71695],[15.26954,45.70722],[15.28331,45.71025],[15.28805,45.70507],[15.28811,45.69247],[15.29976,45.68601],[15.30275,45.68796],[15.29637,45.68977],[15.30071,45.69145],[15.29764,45.69377],[15.30039,45.69325],[15.29915,45.69722],[15.31091,45.6976],[15.30882,45.69013],[15.30565,45.68878],[15.3108,45.68625],[15.31816,45.67444],[15.32279,45.67385],[15.32608,45.67695],[15.31873,45.69522],[15.33259,45.70191],[15.33976,45.71456],[15.35711,45.71397],[15.35995,45.70878],[15.35732,45.69891],[15.36376,45.69857],[15.36447,45.69297],[15.36024,45.68488],[15.3553,45.68653],[15.35009,45.68332],[15.34814,45.67114],[15.35135,45.66923],[15.35545,45.67343],[15.35388,45.67654],[15.3629,45.67806],[15.3627,45.6872],[15.36878,45.69016],[15.36922,45.69338],[15.37197,45.69146],[15.36868,45.68545],[15.39164,45.66728],[15.39531,45.65357],[15.40599,45.65033],[15.4064,45.64785],[15.41542,45.64869],[15.41133,45.64363],[15.42433,45.63178],[15.40978,45.62747],[15.41242,45.62471],[15.4073,45.61938],[15.3961,45.61726],[15.40009,45.61296],[15.38627,45.60251],[15.39227,45.60005],[15.39751,45.5893],[15.40558,45.58329],[15.4127,45.56286],[15.44373,45.55866],[15.42017,45.55289],[15.42609,45.54733],[15.42317,45.54585],[15.44412,45.5289],[15.44144,45.5249],[15.44388,45.52042],[15.45594,45.52074],[15.46973,45.51534],[15.47529,45.52216],[15.47419,45.52625],[15.48632,45.53489],[15.46766,45.54615],[15.46949,45.54973],[15.47675,45.55145],[15.48575,45.55931],[15.50127,45.55645],[15.51038,45.56002],[15.51675,45.55821],[15.52408,45.54935],[15.52553,45.55574],[15.51848,45.56172],[15.52377,45.5712],[15.52071,45.57858],[15.53938,45.58157],[15.54983,45.58951],[15.56403,45.58992],[15.55414,45.59964],[15.54405,45.60376],[15.53626,45.60214],[15.53533,45.60676],[15.52556,45.61122],[15.51774,45.60782],[15.50578,45.61411],[15.51348,45.62054],[15.51244,45.63002],[15.51795,45.636],[15.51108,45.64228],[15.47783,45.65084],[15.46901,45.65963],[15.46179,45.65717],[15.46374,45.66112],[15.45965,45.66999],[15.4438,45.67508],[15.4537,45.68029],[15.44611,45.68666]],[[15.41889,45.64775],[15.42232,45.64588],[15.4162,45.64638],[15.41889,45.64775]]],[[[15.30094,45.69266],[15.30545,45.69334],[15.30397,45.69651],[15.30428,45.69485],[15.30094,45.69266]]]]}},{"type":"Feature","properties":{"id":"HRV:ADM2:41942358B3290816141888","name":"Općina Stari Jankovci","countryCode":"HRV","adminLevel":2,"sourceCode":"41942358B3290816141888","parentId":"HRV:ADM1:HRV-1605"},"geometry":{"type":"Polygon","coordinates":[[[18.8784,45.19228],[18.89678,45.18916],[18.91406,45.19025],[18.94781,45.17878],[18.97013,45.17608],[18.98343,45.18972],[18.99193,45.18645],[18.98961,45.19153],[18.99349,45.1909],[19.00133,45.18576],[19.0173,45.19021],[19.02033,45.19474],[19.01369,45.19805],[19.01751,45.20932],[19.00023,45.22191],[18.95963,45.23721],[18.95854,45.25217],[18.95382,45.26335],[18.89258,45.28761],[18.87455,45.28616],[18.86767,45.26117],[18.87148,45.25929],[18.86665,45.25728],[18.87052,45.25586],[18.86962,45.25263],[18.87487,45.25203],[18.87274,45.24949],[18.87546,45.24806],[18.84804,45.23159],[18.85266,45.2248],[18.85249,45.21796],[18.86946,45.19799],[18.8784,45.19228]]]}},{"type":"Feature","properties":{"id":"HRV:ADM2:41942358B32929341461785","name":"Općina Stari Mikanovci","countryCode":"HRV","adminLevel":2,"sourceCode":"41942358B32929341461785","parentId":"HRV:ADM1:HRV-1605"},"geometry":{"type":"Polygon","coordinates":[[[18.56885,45.22881],[18.57909,45.23264],[18.57846,45.23624],[18.58475,45.23584],[18.59177,45.24044],[18.59207,45.24771],[18.58578,45.25679],[18.59683,45.28039],[18.61757,45.29513],[18.61636,45.29861],[18.6205,45.30617],[18.61495,45.31476],[18.59802,45.31772],[18.5843,45.31552],[18.58352,45.30681],[18.57866,45.30107],[18.56412,45.2947],[18.54449,45.30248],[18.51045,45.29054],[18.51327,45.24866],[18.50748,45.24799],[18.50818,45.23979],[18.52134,45.23246],[18.53299,45.23414],[18.54889,45.22946],[18.55371,45.23249],[18.55711,45.22347],[18.56885,45.22881]]]}},{"type":"Feature","properties":{"id":"HRV:ADM2:41942358B33340702216756","name":"Grad Vrgorac","countryCode":"HRV","adminLevel":2,"sourceCode":"41942358B33340702216756","parentId":"HRV:ADM1:HRV-1492"},"geometry":{"type":"Polygon","coordinates":[[[17.43156,43.15749],[17.44121,43.16243],[17.44901,43.17748],[17.42998,43.18066],[17.4271,43.1887],[17.43267,43.20428],[17.42777,43.21764],[17.39814,43.23931],[17.37773,43.24939],[17.34229,43.25967],[17.33405,43.27684],[17.29718,43.32008],[17.28491,43.33935],[17.24064,43.35589],[17.21446,43.34759],[17.20922,43.34191],[17.19146,43.35614],[17.1567,43.33279],[17.15429,43.29283],[17.13957,43.28414],[17.15773,43.27064],[17.15223,43.26008],[17.15507,43.25302],[17.17669,43.24714],[17.18837,43.23826],[17.18978,43.22879],[17.20296,43.222],[17.20227,43.21487],[17.22656,43.20167],[17.23751,43.20765],[17.24124,43.19288],[17.33917,43.1652],[17.33806,43.15932],[17.36529,43.15818],[17.36765,43.16112],[17.3728,43.16061],[17.37432,43.15777],[17.40268,43.15047],[17.41713,43.15068],[17.43156,43.15749]]]}},{"type":"Feature","properties":{"id":"HRV:ADM2:41942358B33368752769838","name":"Općina Sveti Đurđ","countryCode":"HRV","adminLevel":2,"sourceCode":"41942358B33368752769838","parentId":"HRV:ADM1:HRV-1610"},"geometry":{"type":"Polygon","coordinates":[[[16.56491,46.32849],[16.55381,46.32696],[16.53877,46.31396],[16.55219,46.30258],[16.55583,46.2839],[16.54906,46.28122],[16.54844,46.27756],[16.58504,46.28003],[16.58805,46.2785],[16.58421,46.26881],[16.59041,46.26632],[16.59525,46.27374],[16.60882,46.27151],[16.6103,46.27418],[16.62973,46.27714],[16.63297,46.27281],[16.65277,46.27561],[16.65626,46.27012],[16.6793,46.26993],[16.68044,46.27483],[16.67298,46.28513],[16.6792,46.29349],[16.66726,46.29979],[16.67124,46.31226],[16.67945,46.32121],[16.66533,46.31937],[16.6475,46.32232],[16.63769,46.31431],[16.63157,46.31581],[16.62877,46.3216],[16.62315,46.31991],[16.62395,46.31232],[16.62137,46.31024],[16.60918,46.30858],[16.6026,46.31265],[16.60351,46.3173],[16.58972,46.32146],[16.58157,46.32068],[16.56491,46.32849]]]}},{"type":"Feature","properties":{"id":"HRV:ADM2:41942358B33538839459147","name":"Općina Cetingrad","countryCode":"HRV","adminLevel":2,"sourceCode":"41942358B33538839459147","parentId":"HRV:ADM1:HRV-1583"},"geometry":{"type":"Polygon","coordinates":[[[15.74119,45.06186],[15.75384,45.06575],[15.77095,45.07651],[15.769,45.08132],[15.77446,45.08389],[15.76939,45.09132],[15.77336,45.09512],[15.77889,45.09514],[15.78099,45.10675],[15.79099,45.11499],[15.79026,45.12006],[15.77761,45.1309],[15.78182,45.13586],[15.77513,45.13937],[15.77592,45.14626],[15.76975,45.15076],[15.76462,45.16628],[15.77766,45.17641],[15.77656,45.1839],[15.78494,45.19186],[15.79636,45.19546],[15.79633,45.19903],[15.79207,45.20343],[15.77408,45.20615],[15.77629,45.20945],[15.75858,45.2116],[15.75315,45.20715],[15.74588,45.2153],[15.73949,45.21061],[15.73989,45.20746],[15.73538,45.20821],[15.73427,45.21377],[15.72148,45.20876],[15.70708,45.21479],[15.70963,45.20945],[15.69977,45.20328],[15.6894,45.20707],[15.682,45.20699],[15.68205,45.20368],[15.67054,45.20402],[15.64518,45.21517],[15.63818,45.20905],[15.63578,45.21121],[15.64118,45.21602],[15.63134,45.21271],[15.63635,45.21708],[15.62865,45.21675],[15.63092,45.22075],[15.629,45.22235],[15.62345,45.21516],[15.62687,45.21284],[15.62462,45.20345],[15.62763,45.20076],[15.63443,45.20262],[15.63241,45.19573],[15.64191,45.1925],[15.63499,45.19073],[15.63822,45.18905],[15.63401,45.18516],[15.64629,45.18848],[15.65046,45.18356],[15.64922,45.17897],[15.65529,45.17761],[15.64975,45.17267],[15.64883,45.16648],[15.65189,45.16196],[15.64986,45.15855],[15.65705,45.14658],[15.64748,45.13996],[15.6492,45.13002],[15.64623,45.12135],[15.64246,45.11934],[15.65194,45.1179],[15.6655,45.12204],[15.66796,45.12088],[15.66482,45.11682],[15.66713,45.11432],[15.67331,45.11998],[15.6804,45.11386],[15.68322,45.11893],[15.70566,45.11229],[15.70822,45.10736],[15.70306,45.10119],[15.70992,45.09729],[15.69863,45.09313],[15.694,45.0853],[15.69617,45.08004],[15.7078,45.07671],[15.71509,45.07797],[15.71648,45.07165],[15.72099,45.07238],[15.72532,45.06711],[15.74119,45.06186]]]}},{"type":"Feature","properties":{"id":"HRV:ADM2:41942358B33816063922018","name":"Općina Netretić","countryCode":"HRV","adminLevel":2,"sourceCode":"41942358B33816063922018","parentId":"HRV:ADM1:HRV-1583"},"geometry":{"type":"Polygon","coordinates":[[[15.38582,45.43357],[15.41489,45.42587],[15.45118,45.44149],[15.45313,45.44821],[15.4401,45.4603],[15.46038,45.466],[15.47177,45.46465],[15.47772,45.4793],[15.48317,45.4806],[15.48856,45.49052],[15.47596,45.49872],[15.46994,45.49584],[15.4529,45.49834],[15.46027,45.50432],[15.45843,45.51292],[15.46897,45.51372],[15.47782,45.51952],[15.47529,45.52216],[15.46973,45.51534],[15.45594,45.52074],[15.44388,45.52042],[15.44144,45.5249],[15.44412,45.5289],[15.42317,45.54585],[15.42609,45.54733],[15.42017,45.55289],[15.44373,45.55866],[15.4127,45.56286],[15.40129,45.55589],[15.39202,45.54453],[15.38876,45.50815],[15.37846,45.51513],[15.37562,45.5215],[15.37107,45.5203],[15.3618,45.53714],[15.34035,45.5393],[15.34189,45.55325],[15.31958,45.55451],[15.307,45.54426],[15.30208,45.53562],[15.31395,45.53175],[15.31496,45.5229],[15.32521,45.52034],[15.33173,45.51078],[15.36251,45.4948],[15.37062,45.49769],[15.37334,45.49368],[15.38584,45.48842],[15.35985,45.47714],[15.34581,45.45635],[15.33723,45.45665],[15.32892,45.45258],[15.32195,45.45494],[15.32988,45.43412],[15.3471,45.43488],[15.35644,45.43827],[15.35756,45.44201],[15.37271,45.44442],[15.38582,45.43357]]]}},{"type":"Feature","properties":{"id":"HRV:ADM2:41942358B34140987939107","name":"Grad Zlatar","countryCode":"HRV","adminLevel":2,"sourceCode":"41942358B34140987939107","parentId":"HRV:ADM1:HRV-1582"},"geometry":{"type":"Polygon","coordinates":[[[16.05643,46.11597],[16.04725,46.09817],[16.0633,46.09247],[16.06407,46.08651],[16.05841,46.0764],[16.0614,46.06407],[16.06635,46.06614],[16.08367,46.06013],[16.08442,46.064],[16.08752,46.06075],[16.09515,46.06071],[16.10311,46.06888],[16.10734,46.08282],[16.10072,46.08855],[16.10227,46.0911],[16.12296,46.0916],[16.13394,46.08272],[16.14388,46.08484],[16.14046,46.0907],[16.14653,46.09332],[16.14969,46.09079],[16.15395,46.09993],[16.16421,46.1004],[16.16738,46.10389],[16.16371,46.11556],[16.16249,46.15724],[16.13842,46.16932],[16.13839,46.17425],[16.14771,46.17926],[16.12485,46.18225],[16.11487,46.17957],[16.10842,46.18332],[16.08371,46.16988],[16.08135,46.16235],[16.085,46.15986],[16.08288,46.15745],[16.08684,46.15787],[16.0852,46.15329],[16.0799,46.15428],[16.08353,46.14171],[16.07464,46.11414],[16.05643,46.11597]]]}},{"type":"Feature","properties":{"id":"HRV:ADM2:41942358B34157892911636","name":"Općina Pojezerje","countryCode":"HRV","adminLevel":2,"sourceCode":"41942358B34157892911636","parentId":"HRV:ADM1:HRV-1490"},"geometry":{"type":"Polygon","coordinates":[[[17.50811,43.10523],[17.5092,43.11389],[17.51736,43.11358],[17.52233,43.11803],[17.53959,43.12335],[17.54522,43.13343],[17.47594,43.16116],[17.44901,43.17748],[17.44121,43.16243],[17.43156,43.15749],[17.45659,43.12605],[17.45934,43.12498],[17.46011,43.12849],[17.46217,43.12366],[17.46732,43.12235],[17.46989,43.12586],[17.50811,43.10523]]]}},{"type":"Feature","properties":{"id":"HRV:ADM2:41942358B34182532474510","name":"Općina Sveti Petar u Šumi","countryCode":"HRV","adminLevel":2,"sourceCode":"41942358B34182532474510","parentId":"HRV:ADM1:HRV-1592"},"geometry":{"type":"Polygon","coordinates":[[[13.84964,45.16333],[13.86772,45.16154],[13.88421,45.16559],[13.88076,45.16915],[13.88653,45.18097],[13.88565,45.18589],[13.87224,45.20104],[13.85414,45.21422],[13.84593,45.20705],[13.84012,45.1944],[13.84466,45.18614],[13.84114,45.17773],[13.85002,45.17508],[13.84712,45.16532],[13.84964,45.16333]]]}},{"type":"Feature","properties":{"id":"HRV:ADM2:41942358B34203868969139","name":"Grad Novi Vinodolski","countryCode":"HRV","adminLevel":2,"sourceCode":"41942358B34203868969139","parentId":"HRV:ADM1:HRV-1586"},"geometry":{"type":"Polygon","coordinates":[[[14.76071,45.14327],[14.78075,45.14792],[14.80437,45.18681],[14.81502,45.19711],[14.83082,45.20479],[14.86651,45.24734],[14.88847,45.2427],[14.89087,45.23676],[14.91224,45.22924],[14.93486,45.23224],[14.96171,45.22762],[14.99123,45.20505],[14.97945,45.1876],[14.97542,45.17413],[14.97714,45.15425],[14.98952,45.14918],[14.99124,45.14188],[15.01081,45.13254],[15.01718,45.12289],[15.01253,45.11947],[15.02002,45.11269],[15.02023,45.10495],[15.02446,45.10203],[15.02387,45.09075],[15.01405,45.07806],[15.01279,45.0731],[15.0159,45.06936],[15.00821,45.06968],[15.00069,45.07436],[14.98363,45.07052],[14.96532,45.07538],[14.94304,45.06462],[14.93646,45.06614],[14.94306,45.07017],[14.93653,45.08047],[14.9275,45.08357],[14.92588,45.07819],[14.91984,45.07953],[14.92193,45.07566],[14.90795,45.07121],[14.91332,45.06545],[14.89927,45.06636],[14.89698,45.0603],[14.88763,45.06183],[14.88329,45.05767],[14.8905,45.0443],[14.88785,45.04186],[14.88117,45.04314],[14.88666,45.03919],[14.88274,45.0333],[14.88145,45.03542],[14.88149,45.03653],[14.88042,45.03712],[14.8765,45.04355],[14.87702,45.04517],[14.87351,45.04846],[14.87115,45.05234],[14.8711,45.05544],[14.86566,45.06136],[14.85646,45.07648],[14.85601,45.07858],[14.8562,45.07977],[14.85567,45.08018],[14.85279,45.09365],[14.84419,45.10362],[14.84457,45.10419],[14.84004,45.10827],[14.84517,45.11034],[14.84708,45.11557],[14.83617,45.10908],[14.83147,45.1117],[14.83398,45.11666],[14.82847,45.11336],[14.8274,45.11396],[14.80836,45.12121],[14.80813,45.12148],[14.80748,45.12155],[14.76596,45.13736],[14.75823,45.14159],[14.76071,45.14327]]]}},{"type":"Feature","properties":{"id":"HRV:ADM2:41942358B34627954975511","name":"Općina Kamanje","countryCode":"HRV","adminLevel":2,"sourceCode":"41942358B34627954975511","parentId":"HRV:ADM1:HRV-1583"},"geometry":{"type":"MultiPolygon","coordinates":[[[[15.4064,45.64785],[15.38997,45.63747],[15.37239,45.64215],[15.37107,45.64597],[15.36228,45.64452],[15.36176,45.62391],[15.36687,45.60938],[15.37378,45.60998],[15.38627,45.60251],[15.40009,45.61296],[15.3961,45.61726],[15.4073,45.61938],[15.41242,45.62471],[15.40978,45.62747],[15.42433,45.63178],[15.41133,45.64363],[15.41542,45.64869],[15.4064,45.64785]]],[[[15.41889,45.64775],[15.4162,45.64638],[15.42232,45.64588],[15.41889,45.64775]]]]}},{"type":"Feature","properties":{"id":"HRV:ADM2:41942358B34927547742350","name":"Općina Cerna","countryCode":"HRV","adminLevel":2,"sourceCode":"41942358B34927547742350","parentId":"HRV:ADM1:HRV-1605"},"geometry":{"type":"Polygon","coordinates":[[[18.56428,45.19381],[18.6105,45.18062],[18.60367,45.17635],[18.60264,45.16573],[18.58771,45.15535],[18.59603,45.15438],[18.59037,45.15372],[18.58986,45.14862],[18.60612,45.14863],[18.61578,45.13304],[18.62146,45.12915],[18.62728,45.13583],[18.6262,45.14491],[18.65132,45.14578],[18.6659,45.14058],[18.67852,45.14197],[18.68079,45.14822],[18.72499,45.16988],[18.73122,45.17859],[18.76448,45.179],[18.7707,45.18477],[18.76542,45.18895],[18.77048,45.19668],[18.76267,45.20108],[18.74843,45.18818],[18.72521,45.18225],[18.71761,45.19159],[18.70624,45.19628],[18.70254,45.2066],[18.69641,45.20984],[18.68813,45.20841],[18.68661,45.21033],[18.69223,45.21648],[18.67232,45.21413],[18.67348,45.21158],[18.66968,45.20978],[18.65622,45.20674],[18.64805,45.21129],[18.64118,45.20949],[18.63522,45.21926],[18.63011,45.21715],[18.62301,45.20423],[18.61146,45.19972],[18.59695,45.20836],[18.56428,45.19381]]]}},{"type":"Feature","properties":{"id":"HRV:ADM2:41942358B35075150352147","name":"Općina Donji Kukuzari","countryCode":"HRV","adminLevel":2,"sourceCode":"41942358B35075150352147","parentId":"HRV:ADM1:HRV-1587"},"geometry":{"type":"Polygon","coordinates":[[[16.38848,45.33739],[16.37985,45.33153],[16.37914,45.32629],[16.37449,45.32261],[16.37743,45.32097],[16.37229,45.3031],[16.37604,45.29788],[16.37007,45.28913],[16.35322,45.28143],[16.33964,45.26616],[16.33962,45.25222],[16.33198,45.23884],[16.3343,45.23538],[16.34394,45.23438],[16.34051,45.23069],[16.34582,45.22676],[16.35243,45.23019],[16.35416,45.23538],[16.36522,45.23596],[16.37066,45.2414],[16.38743,45.23462],[16.39416,45.22608],[16.41019,45.22656],[16.42214,45.23179],[16.44075,45.22162],[16.45611,45.21907],[16.45837,45.21464],[16.46723,45.2189],[16.46582,45.2212],[16.46992,45.22501],[16.49142,45.2298],[16.49997,45.2374],[16.50952,45.23974],[16.50977,45.24526],[16.51315,45.24747],[16.51135,45.2511],[16.51638,45.25237],[16.51411,45.26075],[16.508,45.25941],[16.51654,45.26274],[16.51871,45.26939],[16.51536,45.2765],[16.51111,45.27434],[16.49445,45.29078],[16.48914,45.28878],[16.47982,45.2917],[16.47627,45.29646],[16.45919,45.30199],[16.4573,45.30776],[16.44457,45.31355],[16.44536,45.31919],[16.41531,45.31792],[16.41516,45.32194],[16.38848,45.33739]]]}},{"type":"Feature","properties":{"id":"HRV:ADM2:41942358B35560680928281","name":"Općina Rakovica","countryCode":"HRV","adminLevel":2,"sourceCode":"41942358B35560680928281","parentId":"HRV:ADM1:HRV-1583"},"geometry":{"type":"Polygon","coordinates":[[[15.74082,45.06341],[15.73496,45.06172],[15.73514,45.05441],[15.72556,45.03399],[15.72324,45.03957],[15.71071,45.04199],[15.69307,45.05151],[15.68689,45.05215],[15.66625,45.04457],[15.66389,45.04584],[15.67007,45.05257],[15.66616,45.05615],[15.65429,45.05653],[15.65067,45.06616],[15.62767,45.06697],[15.60966,45.07759],[15.60331,45.07623],[15.59994,45.07002],[15.59547,45.07073],[15.58632,45.06349],[15.57368,45.06591],[15.56928,45.06594],[15.57012,45.06338],[15.55235,45.06406],[15.53656,45.06816],[15.52763,45.05726],[15.52205,45.05955],[15.51061,45.04757],[15.49858,45.01937],[15.55132,44.98484],[15.56042,44.96577],[15.54017,44.9416],[15.55553,44.92929],[15.57203,44.92551],[15.57655,44.92894],[15.58955,44.92585],[15.58873,44.93261],[15.60417,44.92729],[15.59858,44.93723],[15.60576,44.94234],[15.60714,44.93667],[15.61039,44.93594],[15.60911,44.93329],[15.61391,44.9336],[15.61756,44.93787],[15.62125,44.93471],[15.62085,44.92953],[15.61584,44.92784],[15.62086,44.92496],[15.62985,44.93834],[15.63548,44.93963],[15.63972,44.9455],[15.66057,44.94858],[15.66693,44.94634],[15.67159,44.93699],[15.67838,44.93234],[15.69152,44.92843],[15.69058,44.92444],[15.69686,44.92254],[15.70206,44.92519],[15.70268,44.92105],[15.70898,44.91765],[15.71254,44.92424],[15.72671,44.92573],[15.7434,44.94189],[15.75025,44.95119],[15.74552,44.95484],[15.7493,44.96764],[15.77076,44.97162],[15.77685,44.96887],[15.78222,44.97034],[15.78054,44.9837],[15.78394,44.98833],[15.78216,44.99306],[15.786,44.99434],[15.77919,45.00161],[15.78224,45.00181],[15.77918,45.00716],[15.77298,45.00632],[15.76822,45.01809],[15.76453,45.01952],[15.76632,45.02372],[15.76173,45.02678],[15.76479,45.02961],[15.75642,45.0362],[15.75912,45.03795],[15.75321,45.04742],[15.75148,45.05312],[15.75378,45.05407],[15.74531,45.05684],[15.74626,45.0591],[15.74202,45.05956],[15.74082,45.06341]]]}},{"type":"Feature","properties":{"id":"HRV:ADM2:41942358B35782586004968","name":"Općina Medulin","countryCode":"HRV","adminLevel":2,"sourceCode":"41942358B35782586004968","parentId":"HRV:ADM1:HRV-1592"},"geometry":{"type":"MultiPolygon","coordinates":[[[[13.85323,44.84156],[13.85292,44.84716],[13.86973,44.84879],[13.88363,44.84299],[13.88123,44.84098],[13.88357,44.83716],[13.89561,44.83589],[13.90386,44.84229],[13.90642,44.85317],[13.91415,44.85762],[13.92232,44.85597],[13.92133,44.84706],[13.94296,44.83712],[13.94258,44.83132],[13.94804,44.82971],[13.94689,44.82624],[13.95915,44.82087],[13.96084,44.81473],[13.96598,44.8141],[13.96595,44.8119],[13.96388,44.81184],[13.9463,44.81379],[13.93165,44.8205],[13.93102,44.81916],[13.92974,44.82],[13.92763,44.81651],[13.92354,44.81639],[13.92224,44.8198],[13.92223,44.82014],[13.92833,44.82143],[13.91979,44.82623],[13.91871,44.82905],[13.90968,44.83096],[13.89959,44.82905],[13.89015,44.83348],[13.88315,44.82665],[13.89389,44.82339],[13.90185,44.81873],[13.90129,44.8177],[13.88948,44.82448],[13.88416,44.82401],[13.88319,44.8203],[13.88672,44.81794],[13.86004,44.82567],[13.84913,44.82665],[13.84976,44.82764],[13.86131,44.82831],[13.86072,44.83326],[13.85212,44.83239],[13.85385,44.83706],[13.85597,44.84028],[13.85279,44.84077],[13.8478,44.84034],[13.85323,44.84156]]],[[[13.90344,44.77909],[13.9072,44.78588],[13.90215,44.78572],[13.90361,44.78944],[13.90092,44.79081],[13.90498,44.79738],[13.90191,44.79878],[13.90424,44.80151],[13.90257,44.80836],[13.89775,44.80897],[13.89698,44.81306],[13.89058,44.81658],[13.90635,44.81393],[13.90935,44.80899],[13.90447,44.79877],[13.91342,44.78242],[13.91726,44.77893],[13.9144,44.77685],[13.90557,44.77336],[13.90344,44.77909]]]]}},{"type":"Feature","properties":{"id":"HRV:ADM2:41942358B35810574170279","name":"Grad Opatija","countryCode":"HRV","adminLevel":2,"sourceCode":"41942358B35810574170279","parentId":"HRV:ADM1:HRV-1586"},"geometry":{"type":"Polygon","coordinates":[[[14.27047,45.30423],[14.26273,45.29509],[14.24255,45.29339],[14.22923,45.29517],[14.22709,45.30032],[14.21988,45.30274],[14.21065,45.30276],[14.20397,45.29761],[14.20129,45.27961],[14.19232,45.27392],[14.18756,45.28562],[14.18899,45.29041],[14.18293,45.28993],[14.18323,45.3068],[14.19366,45.31851],[14.19381,45.32508],[14.20297,45.32955],[14.21531,45.32732],[14.20405,45.34662],[14.2024,45.37036],[14.18632,45.37697],[14.18249,45.38551],[14.18841,45.39264],[14.20618,45.39063],[14.21214,45.38272],[14.22257,45.37692],[14.23054,45.37711],[14.27845,45.36001],[14.28287,45.35404],[14.28157,45.34884],[14.29666,45.33826],[14.30478,45.34896],[14.30302,45.35167],[14.30952,45.35793],[14.32003,45.35646],[14.32712,45.3607],[14.33746,45.35498],[14.32725,45.35577],[14.32475,45.35124],[14.32463,45.35117],[14.32138,45.35125],[14.32161,45.34951],[14.31153,45.34398],[14.29078,45.3205],[14.28188,45.30611],[14.28097,45.30591],[14.28119,45.305],[14.27945,45.30219],[14.27047,45.30423]]]}},{"type":"Feature","properties":{"id":"HRV:ADM2:41942358B36014567941090","name":"Općina Kanfanar","countryCode":"HRV","adminLevel":2,"sourceCode":"41942358B36014567941090","parentId":"HRV:ADM1:HRV-1592"},"geometry":{"type":"Polygon","coordinates":[[[13.79765,45.1627],[13.77636,45.14638],[13.74712,45.13833],[13.73423,45.1315],[13.74,45.12895],[13.73149,45.129],[13.73286,45.1079],[13.72409,45.09044],[13.73355,45.08713],[13.755,45.09199],[13.77305,45.09026],[13.78829,45.09373],[13.81208,45.08907],[13.82337,45.09002],[13.85602,45.10737],[13.85384,45.11976],[13.84175,45.14569],[13.84425,45.16031],[13.82033,45.15781],[13.79765,45.1627]]]}},{"type":"Feature","properties":{"id":"HRV:ADM2:41942358B3609022368687","name":"Općina Žminj","countryCode":"HRV","adminLevel":2,"sourceCode":"41942358B3609022368687","parentId":"HRV:ADM1:HRV-1592"},"geometry":{"type":"Polygon","coordinates":[[[13.84425,45.16031],[13.84175,45.14569],[13.85384,45.11976],[13.85602,45.10737],[13.87979,45.10808],[13.91379,45.10229],[13.93382,45.0896],[13.98109,45.10318],[13.9899,45.1032],[13.99064,45.13051],[13.98652,45.13087],[13.9439,45.16352],[13.91343,45.16789],[13.90759,45.16491],[13.88942,45.16684],[13.86772,45.16154],[13.84964,45.16333],[13.84425,45.16031]]]}},{"type":"Feature","properties":{"id":"HRV:ADM2:41942358B36185360982273","name":"Općina Viljevo","countryCode":"HRV","adminLevel":2,"sourceCode":"41942358B36185360982273","parentId":"HRV:ADM1:HRV-1603"},"geometry":{"type":"Polygon","coordinates":[[[18.09489,45.7659],[18.08189,45.76452],[18.05617,45.77305],[18.02724,45.77774],[18.02466,45.76964],[18.01018,45.77157],[17.99422,45.7676],[18.00193,45.7567],[18,45.74785],[17.99353,45.74793],[17.99333,45.74334],[17.98797,45.74345],[17.98775,45.73681],[17.9805,45.73691],[17.98013,45.72279],[17.99999,45.72063],[18.00783,45.68377],[18.00167,45.68166],[18.01352,45.66868],[18.09432,45.66937],[18.09451,45.67553],[18.09968,45.67926],[18.10386,45.67421],[18.10868,45.67846],[18.11939,45.67475],[18.12615,45.6856],[18.13034,45.68383],[18.133,45.68926],[18.1406,45.68677],[18.14678,45.69153],[18.15406,45.68778],[18.15687,45.69077],[18.1555,45.69443],[18.16342,45.69745],[18.13125,45.70499],[18.14328,45.72983],[18.13113,45.7325],[18.13442,45.73916],[18.11395,45.74362],[18.11153,45.7489],[18.09676,45.74993],[18.09489,45.7659]]]}},{"type":"Feature","properties":{"id":"HRV:ADM2:41942358B36294050215639","name":"Općina Vojnić","countryCode":"HRV","adminLevel":2,"sourceCode":"41942358B36294050215639","parentId":"HRV:ADM1:HRV-1587"},"geometry":{"type":"Polygon","coordinates":[[[15.63092,45.22075],[15.62865,45.21675],[15.63635,45.21708],[15.63134,45.21271],[15.64118,45.21602],[15.63578,45.21121],[15.63818,45.20905],[15.64518,45.21517],[15.67054,45.20402],[15.68205,45.20368],[15.682,45.20699],[15.6894,45.20707],[15.69977,45.20328],[15.70963,45.20945],[15.70708,45.21479],[15.72148,45.20876],[15.73427,45.21377],[15.73538,45.20821],[15.73989,45.20746],[15.73949,45.21061],[15.74588,45.2153],[15.75315,45.20715],[15.76225,45.21195],[15.77629,45.20945],[15.77408,45.20615],[15.79207,45.20343],[15.79636,45.19546],[15.80155,45.1981],[15.80375,45.20425],[15.80946,45.20546],[15.80513,45.20876],[15.81512,45.21099],[15.81743,45.20821],[15.82698,45.20761],[15.83207,45.21273],[15.82735,45.21902],[15.83252,45.21807],[15.84004,45.22439],[15.83339,45.23092],[15.83423,45.23796],[15.81441,45.24697],[15.80063,45.2449],[15.79275,45.26099],[15.7786,45.27063],[15.78958,45.29562],[15.79383,45.29741],[15.79011,45.29961],[15.80792,45.31107],[15.80301,45.31767],[15.79433,45.32086],[15.79297,45.33349],[15.78538,45.33847],[15.78942,45.34409],[15.77923,45.34946],[15.77753,45.35658],[15.76748,45.35617],[15.7662,45.36802],[15.77319,45.37327],[15.77267,45.37776],[15.7773,45.38288],[15.77585,45.38799],[15.75238,45.39706],[15.73784,45.3966],[15.72974,45.39127],[15.72001,45.39795],[15.72201,45.40656],[15.71928,45.40816],[15.71381,45.41039],[15.70341,45.40561],[15.69717,45.40663],[15.68298,45.41675],[15.67659,45.4163],[15.67097,45.41142],[15.66436,45.41263],[15.65749,45.40549],[15.66198,45.40101],[15.66897,45.40008],[15.67805,45.38905],[15.66672,45.38374],[15.67562,45.38023],[15.67569,45.37562],[15.6639,45.37022],[15.66475,45.36601],[15.66147,45.36644],[15.67298,45.33951],[15.66067,45.34099],[15.65908,45.33604],[15.65797,45.33914],[15.65127,45.33673],[15.656,45.33583],[15.65698,45.33257],[15.64983,45.33292],[15.65792,45.323],[15.65854,45.31276],[15.65144,45.31077],[15.64899,45.30574],[15.65722,45.30678],[15.64951,45.30444],[15.657,45.3004],[15.65466,45.29868],[15.66298,45.29786],[15.66007,45.29439],[15.65552,45.29629],[15.65423,45.29448],[15.65814,45.29282],[15.65466,45.29125],[15.65577,45.28908],[15.64994,45.28917],[15.65372,45.27782],[15.65174,45.27371],[15.65942,45.26867],[15.65208,45.26527],[15.63934,45.26685],[15.64011,45.25255],[15.63185,45.25061],[15.62859,45.24662],[15.63813,45.23856],[15.63141,45.23546],[15.63204,45.2266],[15.63465,45.22507],[15.63092,45.22075]]]}},{"type":"Feature","properties":{"id":"HRV:ADM2:41942358B36331075965296","name":"Općina Konjščina","countryCode":"HRV","adminLevel":2,"sourceCode":"41942358B36331075965296","parentId":"HRV:ADM1:HRV-1582"},"geometry":{"type":"Polygon","coordinates":[[[16.20051,46.10515],[16.18097,46.0993],[16.16738,46.10389],[16.16421,46.1004],[16.15395,46.09993],[16.14969,46.09079],[16.14653,46.09332],[16.14046,46.0907],[16.14388,46.08484],[16.13394,46.08272],[16.13031,46.07869],[16.13733,46.07699],[16.13674,46.0729],[16.142,46.07288],[16.13389,46.06301],[16.14178,46.05843],[16.13443,46.04935],[16.15189,46.03837],[16.15705,46.02926],[16.16534,46.03322],[16.17144,46.03227],[16.1765,46.01988],[16.20836,46.02096],[16.2143,46.02435],[16.21825,46.01964],[16.22161,46.02707],[16.20761,46.03637],[16.20757,46.04332],[16.22073,46.05305],[16.22595,46.06085],[16.23275,46.06155],[16.22925,46.06474],[16.21608,46.06236],[16.207,46.06721],[16.19335,46.06549],[16.206,46.07942],[16.20051,46.10515]]]}},{"type":"Feature","properties":{"id":"HRV:ADM2:41942358B36448464890668","name":"Općina Rešetari","countryCode":"HRV","adminLevel":2,"sourceCode":"41942358B36448464890668","parentId":"HRV:ADM1:HRV-1602"},"geometry":{"type":"Polygon","coordinates":[[[17.50968,45.30956],[17.4845,45.30975],[17.47202,45.31356],[17.46634,45.30751],[17.45858,45.3085],[17.45416,45.30055],[17.44442,45.29854],[17.43492,45.28943],[17.40625,45.28313],[17.40134,45.27299],[17.40479,45.26443],[17.40447,45.24584],[17.39978,45.23466],[17.39416,45.23393],[17.39471,45.22656],[17.45777,45.22942],[17.4444,45.21241],[17.46121,45.21166],[17.46663,45.22851],[17.46975,45.22818],[17.4703,45.23577],[17.47578,45.23452],[17.48039,45.24172],[17.47385,45.24318],[17.47672,45.24646],[17.48626,45.24435],[17.50403,45.26069],[17.50189,45.26266],[17.50783,45.27735],[17.50238,45.28844],[17.49707,45.29209],[17.50585,45.30465],[17.51595,45.30578],[17.50968,45.30956]]]}},{"type":"Feature","properties":{"id":"HRV:ADM2:41942358B36762241378453","name":"Grad Jastrebarsko","countryCode":"HRV","adminLevel":2,"sourceCode":"41942358B36762241378453","parentId":"HRV:ADM1:HRV-1588"},"geometry":{"type":"Polygon","coordinates":[[[15.56403,45.58992],[15.56861,45.58962],[15.56952,45.59344],[15.57745,45.59841],[15.5772,45.60209],[15.58748,45.60624],[15.59098,45.61222],[15.60567,45.61288],[15.60508,45.61907],[15.61526,45.62026],[15.65007,45.60701],[15.6503,45.60392],[15.66144,45.5974],[15.66965,45.59771],[15.6739,45.60182],[15.68295,45.59778],[15.69019,45.59852],[15.6896,45.60361],[15.69624,45.60233],[15.72652,45.58432],[15.7261,45.57251],[15.73213,45.56936],[15.73807,45.57222],[15.73615,45.57391],[15.74037,45.57745],[15.73159,45.58743],[15.73884,45.59152],[15.74597,45.6012],[15.75044,45.60367],[15.75036,45.57328],[15.75848,45.57273],[15.77541,45.58275],[15.7724,45.59041],[15.77695,45.60087],[15.77617,45.60982],[15.762,45.59806],[15.75754,45.59849],[15.75393,45.60578],[15.73863,45.6158],[15.74412,45.62031],[15.74456,45.62535],[15.74247,45.63228],[15.73786,45.63514],[15.7238,45.62339],[15.71352,45.62435],[15.71555,45.64216],[15.72398,45.64885],[15.72155,45.65179],[15.72818,45.66106],[15.72715,45.66992],[15.72085,45.67677],[15.71861,45.6893],[15.71257,45.69436],[15.71479,45.70202],[15.7072,45.7188],[15.69181,45.73763],[15.67435,45.73653],[15.67273,45.7437],[15.66825,45.74464],[15.66089,45.73968],[15.66158,45.7428],[15.65733,45.74236],[15.65942,45.7388],[15.65567,45.7366],[15.65103,45.73929],[15.63766,45.73448],[15.63458,45.74777],[15.63107,45.75027],[15.62622,45.74382],[15.62137,45.74688],[15.61585,45.74361],[15.61001,45.74675],[15.6091,45.7514],[15.60085,45.75505],[15.57929,45.75828],[15.5729,45.75557],[15.56964,45.75796],[15.57302,45.74903],[15.56833,45.75092],[15.55838,45.74568],[15.55315,45.74972],[15.54495,45.74987],[15.54273,45.74188],[15.53465,45.74006],[15.51276,45.72404],[15.52222,45.72279],[15.52898,45.71802],[15.52902,45.70732],[15.52524,45.69978],[15.53969,45.69445],[15.53965,45.68275],[15.54971,45.6772],[15.55369,45.66913],[15.55278,45.64181],[15.5443,45.63824],[15.55026,45.62988],[15.56077,45.62559],[15.54495,45.61622],[15.55451,45.61093],[15.55003,45.60052],[15.56403,45.58992]]]}},{"type":"Feature","properties":{"id":"HRV:ADM2:41942358B36932740896564","name":"Grad Rijeka","countryCode":"HRV","adminLevel":2,"sourceCode":"41942358B36932740896564","parentId":"HRV:ADM1:HRV-1586"},"geometry":{"type":"Polygon","coordinates":[[[14.33232,45.35517],[14.33746,45.35498],[14.33651,45.36086],[14.35675,45.35305],[14.35625,45.35893],[14.37144,45.36269],[14.36852,45.3675],[14.37674,45.36588],[14.37565,45.36328],[14.38107,45.36001],[14.39068,45.35821],[14.40334,45.36118],[14.40216,45.36745],[14.4103,45.3678],[14.41156,45.37411],[14.41896,45.37419],[14.43268,45.38405],[14.44069,45.37513],[14.44752,45.35798],[14.45461,45.36145],[14.4612,45.35683],[14.46885,45.35843],[14.47359,45.35231],[14.47462,45.34452],[14.4828,45.33967],[14.48524,45.33457],[14.52203,45.315],[14.53097,45.31539],[14.52378,45.30744],[14.52127,45.31121],[14.51214,45.31139],[14.48734,45.31992],[14.47582,45.31632],[14.47587,45.31262],[14.47487,45.31256],[14.46938,45.31453],[14.46083,45.32031],[14.45178,45.32085],[14.44457,45.32344],[14.44767,45.32687],[14.44402,45.32364],[14.4406,45.32487],[14.43781,45.32707],[14.43524,45.3268],[14.40235,45.33861],[14.36362,45.34463],[14.34588,45.35163],[14.33299,45.35352],[14.33232,45.35517]]]}},{"type":"Feature","properties":{"id":"HRV:ADM2:41942358B37019412799713","name":"Općina Levanjska Varoš","countryCode":"HRV","adminLevel":2,"sourceCode":"41942358B37019412799713","parentId":"HRV:ADM1:HRV-1603"},"geometry":{"type":"Polygon","coordinates":[[[18.13611,45.25598],[18.15122,45.26951],[18.17568,45.28274],[18.18164,45.28259],[18.1834,45.27936],[18.20744,45.27936],[18.22649,45.27277],[18.24469,45.27785],[18.24554,45.27537],[18.27009,45.27815],[18.26576,45.28527],[18.25829,45.28624],[18.2546,45.29655],[18.2462,45.30588],[18.22269,45.32027],[18.21235,45.32186],[18.19572,45.33061],[18.18273,45.34833],[18.19636,45.35067],[18.19729,45.36618],[18.20184,45.36875],[18.20413,45.37621],[18.19057,45.38007],[18.18471,45.37845],[18.15459,45.38838],[18.14903,45.39349],[18.10787,45.36186],[18.09894,45.36217],[18.0755,45.35263],[18.06743,45.34422],[18.07217,45.34],[18.08363,45.33952],[18.09224,45.3355],[18.09286,45.33112],[18.10062,45.32476],[18.10128,45.31389],[18.11126,45.31012],[18.11466,45.30537],[18.11391,45.29759],[18.10075,45.29528],[18.09742,45.28811],[18.08357,45.27914],[18.07214,45.26572],[18.11011,45.25282],[18.11523,45.2557],[18.13086,45.2532],[18.13611,45.25598]]]}},{"type":"Feature","properties":{"id":"HRV:ADM2:41942358B37092031882174","name":"Općina Donja Voća","countryCode":"HRV","adminLevel":2,"sourceCode":"41942358B37092031882174","parentId":"HRV:ADM1:HRV-1610"},"geometry":{"type":"Polygon","coordinates":[[[16.06908,46.33984],[16.06152,46.34188],[16.05316,46.33513],[16.03645,46.33713],[16.02759,46.33153],[16.03305,46.31591],[16.03845,46.31464],[16.04723,46.2996],[16.08079,46.29304],[16.0924,46.28283],[16.09997,46.28278],[16.10754,46.27435],[16.11282,46.27724],[16.1207,46.26912],[16.13226,46.27267],[16.12855,46.2875],[16.12128,46.29017],[16.13512,46.30148],[16.12686,46.31297],[16.12724,46.321],[16.11179,46.31839],[16.10679,46.32153],[16.1119,46.32635],[16.10688,46.3277],[16.10763,46.33011],[16.07115,46.33371],[16.07225,46.33685],[16.06908,46.33984]]]}},{"type":"Feature","properties":{"id":"HRV:ADM2:41942358B37178214757115","name":"Općina Novo Virje","countryCode":"HRV","adminLevel":2,"sourceCode":"41942358B37178214757115","parentId":"HRV:ADM1:HRV-1608"},"geometry":{"type":"Polygon","coordinates":[[[17.17508,46.11212],[17.17253,46.12433],[17.16871,46.12141],[17.15241,46.12284],[17.14768,46.12781],[17.14288,46.12763],[17.1367,46.12146],[17.13766,46.11534],[17.13127,46.10953],[17.10603,46.11869],[17.10008,46.10695],[17.08578,46.11009],[17.09324,46.10415],[17.08606,46.0999],[17.07423,46.09951],[17.06779,46.09388],[17.06729,46.08869],[17.07231,46.07984],[17.08571,46.09402],[17.09968,46.08485],[17.10724,46.0901],[17.11595,46.08762],[17.11976,46.08049],[17.14518,46.08095],[17.15098,46.08585],[17.15586,46.07776],[17.16618,46.08316],[17.16974,46.08204],[17.16818,46.08447],[17.17121,46.0859],[17.17584,46.08453],[17.17635,46.08133],[17.18663,46.07947],[17.18757,46.08489],[17.19365,46.08764],[17.20094,46.07984],[17.20624,46.0832],[17.2191,46.0827],[17.21818,46.08669],[17.22335,46.09426],[17.23342,46.09793],[17.20948,46.09932],[17.21841,46.10908],[17.21297,46.11386],[17.20982,46.10742],[17.20082,46.11142],[17.18122,46.10627],[17.17593,46.10846],[17.17508,46.11212]]]}},{"type":"Feature","properties":{"id":"HRV:ADM2:41942358B37296056589464","name":"Općina Promina","countryCode":"HRV","adminLevel":2,"sourceCode":"41942358B37296056589464","parentId":"HRV:ADM1:HRV-1491"},"geometry":{"type":"Polygon","coordinates":[[[16.03767,44.00949],[16.02582,44.016],[16.02418,44.0137],[16.02847,44.00485],[16.01772,44.00087],[16.01594,43.99088],[16.02815,43.97912],[16.01701,43.97279],[16.0018,43.97311],[15.99195,43.96593],[15.9929,43.95859],[15.99712,43.95721],[15.99827,43.95225],[15.99279,43.94747],[15.98412,43.92601],[16.01279,43.91913],[16.01317,43.91629],[16.03257,43.91341],[16.0315,43.91076],[16.04339,43.90927],[16.07094,43.89381],[16.15625,43.93298],[16.15265,43.94648],[16.15471,43.95946],[16.16664,43.9809],[16.15728,43.98577],[16.15231,43.99257],[16.15232,44.00714],[16.14411,44.00899],[16.14668,44.01856],[16.15273,44.01905],[16.1357,44.03844],[16.12737,44.02772],[16.09599,44.01074],[16.08277,44.00942],[16.07989,44.01273],[16.06304,44.01348],[16.05375,44.00703],[16.03767,44.00949]]]}},{"type":"Feature","properties":{"id":"HRV:ADM2:41942358B37329292620196","name":"Općina Plitvička Jezera","countryCode":"HRV","adminLevel":2,"sourceCode":"41942358B37329292620196","parentId":"HRV:ADM1:HRV-1493"},"geometry":{"type":"Polygon","coordinates":[[[15.54017,44.9416],[15.53014,44.93772],[15.52775,44.92242],[15.55139,44.91169],[15.557,44.9012],[15.57251,44.89706],[15.57347,44.89393],[15.57156,44.88742],[15.55497,44.88818],[15.5678,44.87813],[15.52437,44.84419],[15.59715,44.80206],[15.58634,44.7861],[15.51673,44.75088],[15.46549,44.75301],[15.45776,44.73259],[15.47227,44.72667],[15.49931,44.70862],[15.5331,44.69348],[15.53647,44.6876],[15.53501,44.68495],[15.53805,44.68395],[15.54179,44.68769],[15.55801,44.69062],[15.57047,44.69003],[15.58325,44.68139],[15.58621,44.68732],[15.59778,44.68388],[15.59964,44.68467],[15.58407,44.69886],[15.58272,44.7049],[15.6027,44.69951],[15.61994,44.70301],[15.63928,44.6995],[15.64915,44.7048],[15.65236,44.71056],[15.67085,44.71157],[15.68556,44.70387],[15.6925,44.6957],[15.71113,44.69959],[15.74344,44.69581],[15.76966,44.68323],[15.80064,44.69896],[15.78977,44.71223],[15.77975,44.71279],[15.78797,44.72082],[15.79681,44.72019],[15.79555,44.72465],[15.79862,44.72987],[15.8125,44.73725],[15.78079,44.75021],[15.77906,44.75713],[15.74079,44.80073],[15.74277,44.80924],[15.72874,44.82532],[15.76209,44.82952],[15.79343,44.8466],[15.76023,44.86964],[15.76061,44.88737],[15.73889,44.9349],[15.73641,44.93583],[15.72671,44.92573],[15.71254,44.92424],[15.70898,44.91765],[15.70268,44.92105],[15.70206,44.92519],[15.69686,44.92254],[15.69058,44.92444],[15.69152,44.92843],[15.67838,44.93234],[15.67159,44.93699],[15.66693,44.94634],[15.66057,44.94858],[15.63972,44.9455],[15.63548,44.93963],[15.62985,44.93834],[15.62086,44.92496],[15.61584,44.92784],[15.62085,44.92953],[15.62125,44.93471],[15.61756,44.93787],[15.61391,44.9336],[15.60911,44.93329],[15.61039,44.93594],[15.60714,44.93667],[15.60576,44.94234],[15.59858,44.93723],[15.60417,44.92729],[15.58873,44.93261],[15.58955,44.92585],[15.57655,44.92894],[15.57203,44.92551],[15.55553,44.92929],[15.54017,44.9416]]]}},{"type":"Feature","properties":{"id":"HRV:ADM2:41942358B37333491936279","name":"Grad Omiš","countryCode":"HRV","adminLevel":2,"sourceCode":"41942358B37333491936279","parentId":"HRV:ADM1:HRV-1492"},"geometry":{"type":"Polygon","coordinates":[[[16.68109,43.44197],[16.67727,43.44631],[16.60538,43.47223],[16.62096,43.4808],[16.61287,43.49618],[16.6402,43.52598],[16.63849,43.54277],[16.65847,43.55279],[16.6655,43.56147],[16.69046,43.56886],[16.70746,43.5699],[16.71353,43.56639],[16.73712,43.54584],[16.74485,43.53294],[16.75934,43.52254],[16.78391,43.54197],[16.79174,43.54174],[16.79762,43.53934],[16.79329,43.5381],[16.82539,43.52123],[16.84256,43.51818],[16.83994,43.49702],[16.85291,43.48009],[16.85037,43.4622],[16.87414,43.46158],[16.87397,43.45117],[16.89466,43.44077],[16.88466,43.43154],[16.87654,43.43196],[16.88966,43.41886],[16.88436,43.40937],[16.88826,43.40608],[16.88309,43.40544],[16.8834,43.40428],[16.88063,43.40595],[16.75245,43.4195],[16.70172,43.43578],[16.69441,43.44255],[16.6894,43.439],[16.67953,43.44056],[16.68109,43.44197]]]}},{"type":"Feature","properties":{"id":"HRV:ADM2:41942358B37400713872492","name":"Općina Perušić","countryCode":"HRV","adminLevel":2,"sourceCode":"41942358B37400713872492","parentId":"HRV:ADM1:HRV-1584"},"geometry":{"type":"Polygon","coordinates":[[[15.45776,44.73259],[15.42017,44.75575],[15.38841,44.75527],[15.37708,44.76441],[15.37004,44.75929],[15.34927,44.76441],[15.32644,44.77684],[15.28524,44.78878],[15.21529,44.79725],[15.17663,44.80696],[15.1556,44.80486],[15.12441,44.80985],[15.11839,44.80449],[15.12217,44.7956],[15.11238,44.79219],[15.11084,44.78327],[15.10174,44.77014],[15.10242,44.75624],[15.09109,44.74344],[15.09127,44.72954],[15.07668,44.72186],[15.06708,44.70584],[15.09807,44.70223],[15.11475,44.70377],[15.12446,44.69524],[15.14695,44.69424],[15.1641,44.69715],[15.17484,44.69262],[15.20472,44.68862],[15.23099,44.69376],[15.24503,44.6884],[15.28047,44.68487],[15.27284,44.67495],[15.27535,44.66256],[15.28633,44.66261],[15.29722,44.65609],[15.3008,44.64963],[15.30858,44.64966],[15.32077,44.64269],[15.33867,44.63718],[15.34189,44.64009],[15.40245,44.62039],[15.41063,44.62769],[15.41036,44.63435],[15.41976,44.64043],[15.43321,44.64314],[15.44847,44.65137],[15.45224,44.65039],[15.47395,44.67022],[15.48771,44.675],[15.49515,44.69309],[15.51493,44.70374],[15.49931,44.70862],[15.47227,44.72667],[15.45776,44.73259]]]}},{"type":"Feature","properties":{"id":"HRV:ADM2:41942358B37540360196284","name":"Općina Bedekovčina","countryCode":"HRV","adminLevel":2,"sourceCode":"41942358B37540360196284","parentId":"HRV:ADM1:HRV-1582"},"geometry":{"type":"Polygon","coordinates":[[[15.94206,46.11208],[15.94198,46.10195],[15.94653,46.10564],[15.95159,46.10029],[15.94644,46.09749],[15.94711,46.09038],[15.95139,46.08253],[15.95756,46.08186],[15.94614,46.07844],[15.94872,46.07109],[15.93441,46.05919],[15.93846,46.05454],[15.93712,46.05182],[15.95212,46.04984],[15.94749,46.04612],[15.96277,46.042],[15.97421,46.02718],[15.96816,46.02668],[15.97282,46.02376],[15.99454,46.02908],[16.01631,46.04181],[16.03988,46.04449],[16.05048,46.0498],[16.05045,46.06388],[16.02588,46.06579],[16.00862,46.07368],[16.01135,46.07942],[16.00191,46.10872],[16.00379,46.11194],[15.99429,46.11542],[15.95672,46.11101],[15.94206,46.11208]]]}},{"type":"Feature","properties":{"id":"HRV:ADM2:41942358B37606323031941","name":"Otok Unije","countryCode":"HRV","adminLevel":2,"sourceCode":"41942358B37606323031941","parentId":"HRV:ADM1:HRV-1586"},"geometry":{"type":"Polygon","coordinates":[[[14.25083,44.64949],[14.25637,44.64227],[14.25668,44.63703],[14.25904,44.6341],[14.2658,44.62539],[14.27117,44.61254],[14.2662,44.61186],[14.25361,44.61947],[14.24345,44.61897],[14.23976,44.61986],[14.23259,44.62604],[14.23305,44.63011],[14.23396,44.63141],[14.24769,44.63567],[14.23996,44.64334],[14.23949,44.65097],[14.24415,44.66144],[14.24718,44.66398],[14.25151,44.6659],[14.25488,44.6704],[14.2658,44.67951],[14.28045,44.67756],[14.28004,44.66779],[14.27418,44.66169],[14.2677,44.66062],[14.26352,44.66643],[14.26032,44.66594],[14.26324,44.65988],[14.26092,44.65949],[14.25945,44.65819],[14.2589,44.6578],[14.25453,44.65938],[14.25729,44.65642],[14.25685,44.65306],[14.25847,44.64785],[14.25743,44.64515],[14.25083,44.64949]]]}},{"type":"Feature","properties":{"id":"HRV:ADM2:41942358B37615937628467","name":"Općina Visoko","countryCode":"HRV","adminLevel":2,"sourceCode":"41942358B37615937628467","parentId":"HRV:ADM1:HRV-1610"},"geometry":{"type":"Polygon","coordinates":[[[16.36242,46.09359],[16.34957,46.10212],[16.34658,46.11671],[16.31446,46.10933],[16.29809,46.08646],[16.29118,46.08823],[16.28601,46.08041],[16.29648,46.07099],[16.29721,46.06623],[16.29213,46.05571],[16.30828,46.05523],[16.31972,46.05994],[16.32811,46.05536],[16.35082,46.06061],[16.34982,46.06909],[16.34629,46.07105],[16.34783,46.08492],[16.35743,46.08514],[16.36212,46.08813],[16.36242,46.09359]]]}},{"type":"Feature","properties":{"id":"HRV:ADM2:41942358B37624902897340","name":"Grad Trilj","countryCode":"HRV","adminLevel":2,"sourceCode":"41942358B37624902897340","parentId":"HRV:ADM1:HRV-1492"},"geometry":{"type":"Polygon","coordinates":[[[16.97332,43.60914],[16.96332,43.6208],[16.93364,43.63621],[16.93216,43.64793],[16.91623,43.66241],[16.89949,43.68565],[16.83041,43.66657],[16.82178,43.66828],[16.81818,43.66638],[16.81878,43.6602],[16.80519,43.65865],[16.77057,43.66422],[16.76723,43.66751],[16.75536,43.66674],[16.75577,43.66179],[16.74636,43.65935],[16.74559,43.65423],[16.73404,43.65238],[16.72386,43.64535],[16.71399,43.66509],[16.69241,43.65683],[16.70166,43.64984],[16.69056,43.63839],[16.6879,43.63976],[16.68763,43.63497],[16.6689,43.62952],[16.66866,43.63559],[16.66117,43.63738],[16.65671,43.63586],[16.65049,43.62641],[16.658,43.615],[16.67051,43.60899],[16.67521,43.60289],[16.65792,43.58909],[16.66957,43.58551],[16.66208,43.56792],[16.6655,43.56147],[16.69046,43.56886],[16.70746,43.5699],[16.73712,43.54584],[16.74485,43.53294],[16.75934,43.52254],[16.77484,43.53657],[16.79402,43.54519],[16.79479,43.55144],[16.79981,43.55679],[16.80928,43.56141],[16.82872,43.56265],[16.89165,43.57567],[16.90388,43.56948],[16.92607,43.57787],[16.93667,43.57558],[16.93622,43.57246],[16.9725,43.57038],[16.95967,43.59519],[16.96212,43.59581],[16.96096,43.60168],[16.97332,43.60914]]]}},{"type":"Feature","properties":{"id":"HRV:ADM2:41942358B37637194079543","name":"Općina Drnje","countryCode":"HRV","adminLevel":2,"sourceCode":"41942358B37637194079543","parentId":"HRV:ADM1:HRV-1608"},"geometry":{"type":"Polygon","coordinates":[[[16.97365,46.23664],[16.97321,46.24271],[16.95482,46.23918],[16.93386,46.25416],[16.92143,46.24018],[16.90199,46.23964],[16.88822,46.23089],[16.87835,46.23109],[16.87313,46.22737],[16.85678,46.22959],[16.85736,46.23274],[16.85127,46.23452],[16.8476,46.2199],[16.85592,46.2139],[16.86002,46.21396],[16.86599,46.22018],[16.87285,46.21907],[16.88131,46.21019],[16.9027,46.20557],[16.90207,46.20037],[16.90796,46.19982],[16.91804,46.19103],[16.92405,46.19133],[16.93203,46.19599],[16.93143,46.20089],[16.93723,46.20256],[16.94268,46.2101],[16.95723,46.20229],[16.96954,46.20682],[16.94787,46.22397],[16.94662,46.23274],[16.97365,46.23664]]]}},{"type":"Feature","properties":{"id":"HRV:ADM2:41942358B37663074839207","name":"Grad Novalja","countryCode":"HRV","adminLevel":2,"sourceCode":"41942358B37663074839207","parentId":"HRV:ADM1:HRV-1584"},"geometry":{"type":"MultiPolygon","coordinates":[[[[14.91486,44.54221],[14.91549,44.53842],[14.89923,44.52837],[14.87762,44.55134],[14.8775,44.55281],[14.88344,44.55173],[14.8821,44.55678],[14.87987,44.55573],[14.88187,44.5572],[14.87702,44.55907],[14.87696,44.55976],[14.8659,44.56635],[14.8652,44.56697],[14.86649,44.56762],[14.8596,44.57569],[14.85408,44.5768],[14.84837,44.58185],[14.8484,44.58196],[14.84812,44.58206],[14.83429,44.59429],[14.83418,44.59678],[14.82851,44.59939],[14.81399,44.61223],[14.81452,44.61323],[14.81262,44.61344],[14.80919,44.61648],[14.80946,44.61746],[14.80756,44.61791],[14.79863,44.6258],[14.7982,44.6266],[14.79754,44.62677],[14.77958,44.64264],[14.77999,44.64438],[14.77792,44.64411],[14.77166,44.64964],[14.77306,44.65268],[14.76027,44.66012],[14.75604,44.66531],[14.75647,44.66624],[14.75513,44.66643],[14.74952,44.6733],[14.74671,44.6788],[14.74307,44.68184],[14.73381,44.70283],[14.76517,44.68176],[14.76746,44.67986],[14.77913,44.66526],[14.80397,44.64345],[14.80294,44.64087],[14.81278,44.63461],[14.81344,44.62929],[14.81657,44.63027],[14.82348,44.62121],[14.82757,44.61919],[14.84082,44.60519],[14.84001,44.60483],[14.8413,44.60468],[14.84522,44.60053],[14.86559,44.58951],[14.8789,44.57536],[14.88997,44.57207],[14.88866,44.57814],[14.8831,44.5853],[14.88014,44.6092],[14.88872,44.60949],[14.90465,44.60769],[14.90493,44.60961],[14.91487,44.60499],[14.90699,44.6024],[14.91589,44.60396],[14.91312,44.60046],[14.91928,44.60295],[14.91937,44.60291],[14.917,44.59939],[14.92239,44.60118],[14.92567,44.59438],[14.93025,44.59776],[14.93664,44.59073],[14.93588,44.58804],[14.94289,44.5868],[14.94505,44.57998],[14.95439,44.58048],[14.96109,44.57436],[14.95766,44.57278],[14.96307,44.57198],[14.959,44.56846],[14.96331,44.56725],[14.96085,44.56447],[14.96413,44.56421],[14.96379,44.55926],[14.9846,44.54099],[14.98403,44.53461],[14.9895,44.53621],[14.99008,44.5318],[14.99851,44.53234],[15.00136,44.53066],[15.0003,44.52788],[15.00489,44.52949],[15.00346,44.52667],[15.00991,44.5277],[15.02784,44.52077],[15.02892,44.52436],[15.0386,44.52102],[15.03753,44.5182],[15.04219,44.51922],[15.0447,44.51691],[15.03932,44.51666],[15.04362,44.51255],[15.05043,44.51383],[15.05366,44.51049],[15.05293,44.50434],[15.05544,44.50382],[15.05078,44.50229],[15.05938,44.50074],[15.06045,44.4951],[15.06368,44.49535],[15.06224,44.49356],[15.07066,44.48508],[15.07027,44.48465],[15.05592,44.48623],[15.05023,44.48971],[15.05238,44.49279],[15.05006,44.49677],[15.04468,44.49395],[15.04166,44.49493],[15.02817,44.50316],[15.00733,44.50454],[15.00848,44.50724],[15.01051,44.50809],[15.00923,44.50899],[15.01173,44.51488],[15.01417,44.51874],[14.97291,44.53612],[14.95289,44.54149],[14.94207,44.54743],[14.92856,44.55231],[14.91114,44.55231],[14.91114,44.54548],[14.91738,44.54302],[14.91486,44.54221]]],[[[14.96567,44.5236],[14.96509,44.52423],[14.96599,44.52387],[14.96639,44.52346],[14.96567,44.5236]]]]}},{"type":"Feature","properties":{"id":"HRV:ADM2:41942358B37675439121682","name":"Općina Župa dubrovačka","countryCode":"HRV","adminLevel":2,"sourceCode":"41942358B37675439121682","parentId":"HRV:ADM1:HRV-1490"},"geometry":{"type":"Polygon","coordinates":[[[18.13705,42.64429],[18.14946,42.6433],[18.15717,42.64686],[18.15857,42.65541],[18.16246,42.65871],[18.17535,42.6576],[18.17823,42.6613],[18.18303,42.65606],[18.1929,42.65621],[18.20472,42.6397],[18.22774,42.61716],[18.23765,42.61434],[18.24603,42.60724],[18.2401,42.60514],[18.2388,42.6007],[18.23016,42.59954],[18.22372,42.61149],[18.2234,42.61156],[18.22348,42.61469],[18.21754,42.6201],[18.20746,42.62144],[18.20711,42.62196],[18.19912,42.62366],[18.1988,42.62259],[18.16603,42.62694],[18.13919,42.63845],[18.13705,42.64429]]]}},{"type":"Feature","properties":{"id":"HRV:ADM2:41942358B37680111509626","name":"Grad Petrinja","countryCode":"HRV","adminLevel":2,"sourceCode":"41942358B37680111509626","parentId":"HRV:ADM1:HRV-1587"},"geometry":{"type":"Polygon","coordinates":[[[16.25719,45.49788],[16.24854,45.49441],[16.24654,45.48743],[16.23632,45.4802],[16.23384,45.48324],[16.23963,45.50252],[16.22804,45.50144],[16.20292,45.50862],[16.1997,45.50679],[16.20213,45.49735],[16.19177,45.49187],[16.18383,45.47888],[16.17527,45.47882],[16.16758,45.48441],[16.15518,45.48268],[16.1429,45.48612],[16.14002,45.48392],[16.14835,45.4785],[16.14854,45.47347],[16.13755,45.47852],[16.11701,45.48056],[16.0971,45.47209],[16.09164,45.46508],[16.10909,45.45365],[16.10999,45.44253],[16.1285,45.43269],[16.12072,45.42705],[16.13505,45.42535],[16.13691,45.42072],[16.13029,45.41533],[16.13113,45.41236],[16.12651,45.41163],[16.13179,45.40726],[16.12717,45.40776],[16.12615,45.40454],[16.13355,45.40358],[16.13082,45.40296],[16.13108,45.39841],[16.13775,45.40124],[16.14276,45.39594],[16.14859,45.39667],[16.14625,45.4005],[16.14951,45.4022],[16.14971,45.39877],[16.15537,45.39724],[16.15133,45.39205],[16.15517,45.39055],[16.14963,45.38932],[16.15236,45.38546],[16.15066,45.37808],[16.15583,45.37355],[16.15795,45.37793],[16.18552,45.37498],[16.18819,45.37593],[16.18581,45.38251],[16.1913,45.38371],[16.19889,45.38032],[16.19683,45.37209],[16.19142,45.37245],[16.20356,45.35803],[16.19544,45.3566],[16.19623,45.35324],[16.20931,45.33698],[16.21151,45.32818],[16.22642,45.32371],[16.2194,45.31757],[16.22845,45.31536],[16.22687,45.31253],[16.23828,45.30179],[16.2516,45.30645],[16.25069,45.30824],[16.2779,45.29656],[16.28026,45.29308],[16.28449,45.29388],[16.28526,45.29075],[16.28068,45.28824],[16.2858,45.28169],[16.28413,45.27703],[16.28669,45.27282],[16.28405,45.26949],[16.28663,45.25745],[16.27548,45.24441],[16.27538,45.22404],[16.26697,45.2115],[16.26584,45.19919],[16.26194,45.19306],[16.27047,45.19477],[16.2778,45.20148],[16.28948,45.19872],[16.28311,45.20348],[16.29458,45.21395],[16.30115,45.22501],[16.30925,45.21334],[16.31886,45.21298],[16.33029,45.22195],[16.32645,45.229],[16.32754,45.23418],[16.33962,45.25222],[16.33964,45.26616],[16.34525,45.27474],[16.37007,45.28913],[16.37604,45.29788],[16.37229,45.3031],[16.37743,45.32097],[16.37449,45.32261],[16.37914,45.32629],[16.37985,45.33153],[16.38848,45.33739],[16.38739,45.34468],[16.39442,45.3477],[16.37536,45.36691],[16.38742,45.37295],[16.38297,45.38005],[16.39568,45.39386],[16.38703,45.39923],[16.37839,45.39099],[16.37444,45.3956],[16.36543,45.39389],[16.36346,45.40433],[16.36633,45.409],[16.3601,45.4186],[16.36105,45.42396],[16.36658,45.4275],[16.36279,45.44081],[16.36739,45.44237],[16.36509,45.44692],[16.34948,45.44677],[16.34581,45.4535],[16.33599,45.45782],[16.33133,45.47036],[16.32653,45.47326],[16.3125,45.46401],[16.29806,45.46556],[16.27288,45.46198],[16.27074,45.46709],[16.27404,45.48205],[16.26992,45.48471],[16.26618,45.4944],[16.25719,45.49788]]]}},{"type":"Feature","properties":{"id":"HRV:ADM2:41942358B37924728027747","name":"Općina Marčana","countryCode":"HRV","adminLevel":2,"sourceCode":"41942358B37924728027747","parentId":"HRV:ADM1:HRV-1592"},"geometry":{"type":"Polygon","coordinates":[[[13.98252,44.90284],[13.98458,44.90667],[13.97511,44.91797],[13.97461,44.92515],[13.94138,44.93068],[13.92912,44.92056],[13.93117,44.91798],[13.92671,44.9082],[13.92033,44.90963],[13.91622,44.90647],[13.90562,44.90605],[13.90546,44.89715],[13.88922,44.89334],[13.88922,44.89642],[13.88584,44.89716],[13.89528,44.90752],[13.88496,44.90796],[13.89409,44.91478],[13.89444,44.91852],[13.91145,44.92949],[13.91258,44.94026],[13.92194,44.94558],[13.92541,44.95682],[13.91701,44.96019],[13.92338,44.96725],[13.92095,44.97291],[13.90048,44.96843],[13.90439,44.97862],[13.89035,44.97543],[13.89192,44.98279],[13.90282,44.99005],[13.91086,45.00056],[13.89694,45.00386],[13.92688,45.0206],[13.95896,45.01147],[13.96811,45.00356],[13.97746,45.00253],[13.9807,45.00804],[13.97261,45.01294],[13.97391,45.01608],[13.99241,45.02974],[13.99687,45.03658],[14.00296,45.0347],[13.99779,45.01999],[14.00373,45.02451],[14.00375,45.01353],[14.00984,45.01326],[14.01439,45.00565],[14.02983,45.00752],[14.03818,45.00461],[14.03782,45.00036],[14.049,44.99863],[14.04856,44.99551],[14.07022,44.99268],[14.07259,44.98156],[14.06613,44.97707],[14.06358,44.97771],[14.06495,44.97625],[14.06479,44.97614],[14.05636,44.9643],[14.05228,44.96289],[14.05423,44.96132],[14.05079,44.95649],[14.04444,44.9514],[14.04029,44.95637],[14.03468,44.95637],[14.03689,44.95259],[14.03143,44.95431],[14.03112,44.95153],[14.03906,44.94762],[14.03945,44.94541],[14.03853,44.94442],[14.03962,44.94444],[14.04021,44.94107],[14.03907,44.93183],[14.03468,44.92231],[14.02954,44.92343],[14.02732,44.92646],[14.0279,44.92378],[14.02662,44.92406],[14.02247,44.92349],[14.02263,44.9206],[14.02505,44.91821],[14.01899,44.91621],[14.02784,44.91336],[14.02784,44.91161],[14.0256,44.91021],[14.02592,44.9085],[14.02272,44.90827],[14.02149,44.90738],[14.02174,44.9051],[14.021,44.90269],[14.01957,44.90224],[14.01919,44.90167],[14.01059,44.90526],[13.98846,44.90078],[13.9851,44.90085],[13.98252,44.90284]]]}},{"type":"Feature","properties":{"id":"HRV:ADM2:41942358B38005833033203","name":"Općina Plaški","countryCode":"HRV","adminLevel":2,"sourceCode":"41942358B38005833033203","parentId":"HRV:ADM1:HRV-1583"},"geometry":{"type":"Polygon","coordinates":[[[15.51061,45.04757],[15.49611,45.05985],[15.46403,45.0694],[15.45957,45.07916],[15.44621,45.08545],[15.44338,45.09427],[15.45489,45.0954],[15.43965,45.10661],[15.41515,45.1179],[15.40249,45.13543],[15.40654,45.13829],[15.40253,45.14117],[15.39706,45.13975],[15.38925,45.14575],[15.39453,45.14749],[15.38852,45.14836],[15.34229,45.12397],[15.33754,45.12419],[15.33721,45.11999],[15.33022,45.11435],[15.31036,45.11571],[15.30574,45.11838],[15.30585,45.12351],[15.2911,45.12484],[15.29164,45.12122],[15.27911,45.11705],[15.28624,45.1076],[15.27544,45.10411],[15.26478,45.0907],[15.24283,45.08482],[15.24475,45.07674],[15.25329,45.07561],[15.254,45.0705],[15.27244,45.06842],[15.27376,45.06268],[15.30152,45.04958],[15.31496,45.033],[15.34019,45.01841],[15.34688,45.02471],[15.3669,45.01615],[15.37657,45.02118],[15.37322,45.02026],[15.36465,45.0256],[15.35656,45.03706],[15.35742,45.04036],[15.38135,45.04178],[15.38571,45.04861],[15.39619,45.05209],[15.41334,45.04424],[15.41348,45.03179],[15.41736,45.02999],[15.45141,45.02889],[15.45725,45.03326],[15.47304,45.0335],[15.49858,45.01937],[15.51061,45.04757]]]}},{"type":"Feature","properties":{"id":"HRV:ADM2:41942358B38008088244386","name":"Općina Gradište","countryCode":"HRV","adminLevel":2,"sourceCode":"41942358B38008088244386","parentId":"HRV:ADM1:HRV-1605"},"geometry":{"type":"Polygon","coordinates":[[[18.7707,45.18477],[18.76448,45.179],[18.73122,45.17859],[18.72499,45.16988],[18.68079,45.14822],[18.67852,45.14197],[18.6659,45.14058],[18.6743,45.11475],[18.68568,45.11657],[18.71939,45.11133],[18.72475,45.1134],[18.71707,45.11417],[18.74135,45.11593],[18.76585,45.11153],[18.77373,45.11568],[18.77619,45.1218],[18.79207,45.12756],[18.81205,45.14154],[18.76793,45.16446],[18.77252,45.1669],[18.77924,45.16467],[18.77748,45.17021],[18.77087,45.16972],[18.76847,45.17475],[18.77403,45.17895],[18.7707,45.18477]]]}},{"type":"Feature","properties":{"id":"HRV:ADM2:41942358B38569390414051","name":"Općina Drenje","countryCode":"HRV","adminLevel":2,"sourceCode":"41942358B38569390414051","parentId":"HRV:ADM1:HRV-1603"},"geometry":{"type":"Polygon","coordinates":[[[18.20413,45.37621],[18.23361,45.37585],[18.23001,45.35938],[18.28395,45.34859],[18.28915,45.35435],[18.31713,45.35643],[18.31884,45.34828],[18.32992,45.34816],[18.33022,45.35649],[18.34481,45.36403],[18.33871,45.37247],[18.34423,45.38104],[18.32123,45.42559],[18.30968,45.42566],[18.3105,45.42932],[18.29525,45.42924],[18.29288,45.45125],[18.26992,45.44896],[18.26222,45.43865],[18.24885,45.43779],[18.24039,45.43111],[18.23868,45.43373],[18.23027,45.43064],[18.21465,45.41936],[18.17946,45.42053],[18.17938,45.42713],[18.15817,45.41993],[18.15515,45.4161],[18.15641,45.41101],[18.15104,45.40571],[18.14903,45.39349],[18.15459,45.38838],[18.18471,45.37845],[18.19057,45.38007],[18.20413,45.37621]]]}},{"type":"Feature","properties":{"id":"HRV:ADM2:41942358B38745704960780","name":"Općina Motovun","countryCode":"HRV","adminLevel":2,"sourceCode":"41942358B38745704960780","parentId":"HRV:ADM1:HRV-1592"},"geometry":{"type":"Polygon","coordinates":[[[13.7886,45.3471],[13.78834,45.33768],[13.7826,45.32757],[13.79831,45.32338],[13.81625,45.3113],[13.82432,45.31135],[13.82747,45.31722],[13.83265,45.31595],[13.83898,45.30875],[13.85731,45.29949],[13.86699,45.30306],[13.88788,45.30237],[13.86652,45.32323],[13.87441,45.3297],[13.89566,45.33308],[13.89659,45.33695],[13.90781,45.3366],[13.91971,45.33127],[13.91286,45.33806],[13.88354,45.34117],[13.8563,45.3534],[13.85536,45.36051],[13.85367,45.35685],[13.84556,45.35686],[13.83536,45.35079],[13.82445,45.35245],[13.7886,45.3471]]]}},{"type":"Feature","properties":{"id":"HRV:ADM2:41942358B38899044180024","name":"Općina Nerežišća","countryCode":"HRV","adminLevel":2,"sourceCode":"41942358B38899044180024","parentId":"HRV:ADM1:HRV-1492"},"geometry":{"type":"Polygon","coordinates":[[[16.48331,43.29647],[16.48,43.29369],[16.48892,43.30889],[16.50153,43.30957],[16.50675,43.32139],[16.51014,43.32172],[16.51774,43.33177],[16.51158,43.33677],[16.51878,43.34031],[16.51789,43.34814],[16.51077,43.35273],[16.51694,43.35281],[16.51866,43.35605],[16.52621,43.35223],[16.53888,43.36808],[16.54441,43.35715],[16.55583,43.35396],[16.56503,43.35542],[16.5693,43.34655],[16.57652,43.3492],[16.58082,43.34617],[16.59631,43.34483],[16.59671,43.34942],[16.60581,43.34909],[16.60085,43.3282],[16.6023,43.31759],[16.60674,43.31731],[16.59998,43.3131],[16.6015,43.30511],[16.60902,43.292],[16.6179,43.28739],[16.62188,43.28152],[16.60955,43.27683],[16.61167,43.26577],[16.61084,43.26546],[16.59644,43.26688],[16.59657,43.26709],[16.58574,43.26925],[16.58546,43.26797],[16.56397,43.27009],[16.50845,43.28252],[16.50876,43.28318],[16.50782,43.28266],[16.50083,43.28423],[16.5012,43.28614],[16.49792,43.28544],[16.49589,43.2863],[16.49432,43.28816],[16.49717,43.2929],[16.49297,43.29211],[16.49215,43.28788],[16.48594,43.2905],[16.48331,43.29647]]]}},{"type":"Feature","properties":{"id":"HRV:ADM2:41942358B38954624880770","name":"Općina Nova Kapela","countryCode":"HRV","adminLevel":2,"sourceCode":"41942358B38954624880770","parentId":"HRV:ADM1:HRV-1602"},"geometry":{"type":"Polygon","coordinates":[[[17.57535,45.11622],[17.58218,45.11497],[17.59271,45.10686],[17.60278,45.10688],[17.61153,45.11442],[17.6234,45.11569],[17.63407,45.12591],[17.62293,45.12643],[17.62175,45.12926],[17.62692,45.13132],[17.62364,45.13394],[17.6275,45.13655],[17.6428,45.13249],[17.65836,45.13985],[17.65953,45.14343],[17.64396,45.15391],[17.65084,45.15555],[17.65696,45.16202],[17.6629,45.16134],[17.67386,45.16623],[17.67509,45.17061],[17.68325,45.17163],[17.69123,45.18548],[17.68845,45.18997],[17.69351,45.19288],[17.6942,45.19674],[17.68958,45.2005],[17.69114,45.20309],[17.70893,45.20505],[17.71378,45.20877],[17.71665,45.21402],[17.70823,45.22446],[17.70466,45.23809],[17.70802,45.23914],[17.70968,45.24962],[17.6941,45.27049],[17.6722,45.26971],[17.66111,45.27236],[17.63919,45.27094],[17.63819,45.26777],[17.59988,45.27062],[17.60076,45.26601],[17.59443,45.26334],[17.60094,45.26442],[17.60796,45.25808],[17.5989,45.24607],[17.60141,45.228],[17.59477,45.2229],[17.5981,45.21282],[17.58701,45.19477],[17.59209,45.19323],[17.58606,45.18149],[17.58897,45.17856],[17.58764,45.15566],[17.58021,45.15672],[17.57898,45.14851],[17.56525,45.15317],[17.5619,45.14865],[17.55263,45.14825],[17.55253,45.14467],[17.56594,45.13793],[17.56774,45.12929],[17.56515,45.12183],[17.57535,45.11622]]]}},{"type":"Feature","properties":{"id":"HRV:ADM2:41942358B38972340019198","name":"Općina Skrad","countryCode":"HRV","adminLevel":2,"sourceCode":"41942358B38972340019198","parentId":"HRV:ADM1:HRV-1586"},"geometry":{"type":"Polygon","coordinates":[[[14.98089,45.43147],[14.95308,45.43773],[14.91875,45.46859],[14.91413,45.46532],[14.90248,45.46811],[14.86244,45.44676],[14.86613,45.44508],[14.86373,45.44147],[14.86751,45.40243],[14.85077,45.39375],[14.86424,45.39043],[14.87815,45.39562],[14.8969,45.41219],[14.91403,45.40207],[14.92291,45.41294],[14.92887,45.40707],[14.91626,45.39767],[14.91447,45.38452],[14.94213,45.38332],[14.95191,45.38672],[14.96664,45.40014],[14.98089,45.43147]]]}},{"type":"Feature","properties":{"id":"HRV:ADM2:41942358B39006440291220","name":"Općina Brestovac","countryCode":"HRV","adminLevel":2,"sourceCode":"41942358B39006440291220","parentId":"HRV:ADM1:HRV-1604"},"geometry":{"type":"Polygon","coordinates":[[[17.429,45.52431],[17.43213,45.51188],[17.43985,45.51814],[17.46517,45.5215],[17.46843,45.51934],[17.46586,45.46784],[17.45865,45.45628],[17.46414,45.44905],[17.45968,45.43821],[17.44389,45.42352],[17.4408,45.41171],[17.43462,45.41412],[17.40842,45.38828],[17.42437,45.38293],[17.45276,45.35732],[17.46942,45.35018],[17.48531,45.34853],[17.49416,45.32126],[17.50968,45.30956],[17.51595,45.30578],[17.55171,45.29965],[17.55484,45.2925],[17.56777,45.2824],[17.5725,45.28174],[17.58602,45.2889],[17.59323,45.28521],[17.61724,45.29927],[17.61649,45.31607],[17.62918,45.32379],[17.6339,45.3234],[17.63883,45.32778],[17.63747,45.33264],[17.63399,45.3347],[17.62283,45.33212],[17.60306,45.33812],[17.60203,45.34349],[17.60714,45.35552],[17.5989,45.36575],[17.58838,45.37054],[17.58615,45.37594],[17.59031,45.3788],[17.58216,45.38346],[17.57108,45.40204],[17.5487,45.40079],[17.54667,45.4093],[17.54391,45.40949],[17.54729,45.41466],[17.54045,45.4184],[17.54002,45.4246],[17.53285,45.43352],[17.52682,45.43246],[17.52628,45.424],[17.52165,45.42159],[17.52515,45.43317],[17.51294,45.44411],[17.54847,45.46239],[17.55598,45.47115],[17.55135,45.47945],[17.5548,45.4937],[17.54931,45.49606],[17.5607,45.50263],[17.56624,45.51169],[17.60878,45.52508],[17.60576,45.5361],[17.58096,45.55304],[17.56946,45.55262],[17.55676,45.55897],[17.54829,45.56999],[17.53377,45.57422],[17.5259,45.581],[17.51562,45.58142],[17.50654,45.57634],[17.50654,45.56956],[17.5017,45.56236],[17.48719,45.56024],[17.4763,45.57168],[17.46541,45.57168],[17.45149,45.57973],[17.43516,45.57888],[17.44379,45.57468],[17.44782,45.56715],[17.44043,45.55586],[17.43707,45.53185],[17.429,45.52431]]]}},{"type":"Feature","properties":{"id":"HRV:ADM2:41942358B39376409459817","name":"Općina Stupnik","countryCode":"HRV","adminLevel":2,"sourceCode":"41942358B39376409459817","parentId":"HRV:ADM1:HRV-1589"},"geometry":{"type":"Polygon","coordinates":[[[15.82553,45.77512],[15.82074,45.77411],[15.81911,45.76489],[15.81207,45.76453],[15.80928,45.75803],[15.81435,45.75473],[15.80187,45.74275],[15.80248,45.73633],[15.80944,45.73764],[15.80957,45.73136],[15.81656,45.72542],[15.82362,45.7233],[15.83544,45.72849],[15.83817,45.72449],[15.85373,45.71749],[15.87019,45.72953],[15.87015,45.73227],[15.86615,45.73255],[15.87768,45.73868],[15.88541,45.75074],[15.87958,45.75558],[15.86649,45.75756],[15.866,45.76517],[15.84095,45.7657],[15.83823,45.7678],[15.84185,45.77032],[15.82553,45.77512]]]}},{"type":"Feature","properties":{"id":"HRV:ADM2:41942358B39404743089423","name":"Općina Bebrina","countryCode":"HRV","adminLevel":2,"sourceCode":"41942358B39404743089423","parentId":"HRV:ADM1:HRV-1602"},"geometry":{"type":"Polygon","coordinates":[[[17.93847,45.13429],[17.91698,45.13643],[17.88319,45.13185],[17.87149,45.13896],[17.78738,45.13268],[17.78899,45.12479],[17.77841,45.11625],[17.77974,45.1116],[17.77714,45.10996],[17.78697,45.11074],[17.78592,45.10152],[17.79262,45.0985],[17.7915,45.09613],[17.798,45.09497],[17.79797,45.08498],[17.81315,45.07858],[17.8106,45.07279],[17.79276,45.07473],[17.80711,45.06301],[17.83488,45.04783],[17.8515,45.04429],[17.8651,45.04511],[17.90041,45.05929],[17.93709,45.08189],[17.93774,45.08546],[17.93019,45.09749],[17.93071,45.10429],[17.9369,45.11046],[17.94791,45.11183],[17.94194,45.12842],[17.9367,45.13037],[17.93847,45.13429]]]}},{"type":"Feature","properties":{"id":"HRV:ADM2:41942358B39782614127677","name":"Grad Varaždin","countryCode":"HRV","adminLevel":2,"sourceCode":"41942358B39782614127677","parentId":"HRV:ADM1:HRV-1610"},"geometry":{"type":"Polygon","coordinates":[[[16.32664,46.35713],[16.31675,46.35173],[16.30351,46.35178],[16.30985,46.34706],[16.31337,46.33896],[16.31712,46.33983],[16.317,46.33187],[16.30897,46.33441],[16.30145,46.32848],[16.29046,46.32938],[16.2918,46.32671],[16.28909,46.32701],[16.29208,46.32527],[16.2878,46.32366],[16.28541,46.31636],[16.29039,46.31199],[16.29953,46.31076],[16.29937,46.29536],[16.30482,46.29145],[16.29577,46.2884],[16.29993,46.27381],[16.30356,46.27305],[16.28755,46.27264],[16.28506,46.26714],[16.28963,46.25772],[16.29979,46.25864],[16.31105,46.26487],[16.32046,46.25823],[16.32963,46.26187],[16.33407,46.2576],[16.33643,46.2616],[16.35419,46.26255],[16.3566,46.26982],[16.37489,46.27096],[16.38389,46.26818],[16.38714,46.2718],[16.39333,46.26957],[16.40487,46.27258],[16.41897,46.2717],[16.42177,46.27558],[16.43855,46.27707],[16.44396,46.28128],[16.43367,46.28448],[16.42349,46.28118],[16.40816,46.2849],[16.40354,46.28229],[16.38555,46.29134],[16.38111,46.30407],[16.37729,46.30557],[16.37706,46.31183],[16.39538,46.31138],[16.39289,46.3202],[16.38212,46.3209],[16.3774,46.32607],[16.35971,46.32094],[16.35395,46.32476],[16.34954,46.33939],[16.32664,46.35713]]]}},{"type":"Feature","properties":{"id":"HRV:ADM2:41942358B39809076686132","name":"Općina Podravske Sesvete","countryCode":"HRV","adminLevel":2,"sourceCode":"41942358B39809076686132","parentId":"HRV:ADM1:HRV-1608"},"geometry":{"type":"Polygon","coordinates":[[[17.17026,45.99888],[17.18738,45.99337],[17.19465,45.99957],[17.20163,45.99452],[17.20302,45.98875],[17.20804,45.98945],[17.21317,45.98461],[17.25686,45.98022],[17.27918,45.98452],[17.28657,45.98119],[17.30624,46.0001],[17.29819,46.00363],[17.28632,46.00017],[17.25797,46.01103],[17.24551,46.00678],[17.22821,46.01085],[17.22769,46.01675],[17.21714,46.0165],[17.21297,46.01933],[17.21081,46.02282],[17.21272,46.02636],[17.20935,46.0259],[17.20912,46.02863],[17.19231,46.02839],[17.18755,46.02629],[17.18569,46.02096],[17.17948,46.02075],[17.17634,46.00767],[17.17026,45.99888]]]}},{"type":"Feature","properties":{"id":"HRV:ADM2:41942358B40031909993405","name":"Općina Šodolovci","countryCode":"HRV","adminLevel":2,"sourceCode":"41942358B40031909993405","parentId":"HRV:ADM1:HRV-1603"},"geometry":{"type":"MultiPolygon","coordinates":[[[[18.63948,45.45331],[18.64019,45.45959],[18.59709,45.46164],[18.59953,45.45029],[18.59196,45.44379],[18.61195,45.44349],[18.61116,45.42911],[18.61389,45.42904],[18.61301,45.42365],[18.61601,45.4194],[18.60721,45.4147],[18.59198,45.41392],[18.59092,45.40931],[18.58105,45.40404],[18.58369,45.40225],[18.57936,45.39951],[18.59114,45.39701],[18.58646,45.39234],[18.59691,45.38295],[18.60142,45.38283],[18.60193,45.37579],[18.6262,45.36792],[18.62172,45.35785],[18.62129,45.34578],[18.65183,45.35378],[18.64524,45.36656],[18.64907,45.37402],[18.64285,45.38777],[18.64436,45.393],[18.65703,45.39004],[18.68881,45.39612],[18.68763,45.40072],[18.6965,45.40367],[18.69516,45.41326],[18.6877,45.41359],[18.67595,45.4083],[18.6637,45.41233],[18.65941,45.42931],[18.63822,45.44156],[18.63948,45.45331]]],[[[18.70797,45.40919],[18.72999,45.40926],[18.73097,45.41292],[18.75442,45.41649],[18.7553,45.41369],[18.76947,45.41262],[18.76817,45.40324],[18.77131,45.40182],[18.78543,45.40738],[18.79143,45.40557],[18.80275,45.40872],[18.80361,45.41212],[18.79949,45.41266],[18.80168,45.42151],[18.78642,45.43442],[18.79663,45.44734],[18.81054,45.44619],[18.80338,45.45373],[18.79461,45.45663],[18.78632,45.44677],[18.76041,45.44486],[18.72984,45.44837],[18.72733,45.43461],[18.70797,45.40919]]]]}},{"type":"Feature","properties":{"id":"HRV:ADM2:41942358B40338487230246","name":"Grad Split","countryCode":"HRV","adminLevel":2,"sourceCode":"41942358B40338487230246","parentId":"HRV:ADM1:HRV-1492"},"geometry":{"type":"MultiPolygon","coordinates":[[[[16.46091,43.52718],[16.4834,43.5295],[16.49946,43.52883],[16.53025,43.52015],[16.55466,43.54678],[16.56989,43.55184],[16.60279,43.54307],[16.6038,43.53979],[16.63412,43.52877],[16.64052,43.53595],[16.6402,43.52598],[16.61287,43.49618],[16.62096,43.4808],[16.60538,43.47223],[16.59019,43.47685],[16.58123,43.48786],[16.54448,43.51889],[16.53677,43.50851],[16.53177,43.50573],[16.53004,43.50877],[16.52467,43.51081],[16.51856,43.50971],[16.50953,43.50507],[16.5044,43.50397],[16.46656,43.51081],[16.39356,43.51081],[16.40259,43.51583],[16.42588,43.51622],[16.42822,43.52076],[16.42812,43.52079],[16.43426,43.52188],[16.4439,43.52503],[16.44415,43.52366],[16.44476,43.52531],[16.45164,43.52756],[16.46091,43.52718]]],[[[16.30218,43.48551],[16.30869,43.50794],[16.31031,43.50776],[16.32983,43.50266],[16.35242,43.4927],[16.37524,43.49016],[16.37078,43.48432],[16.34517,43.48232],[16.32523,43.48243],[16.30341,43.48521],[16.30218,43.48551]]]]}},{"type":"Feature","properties":{"id":"HRV:ADM2:41942358B4044939312269","name":"Općina Funtana","countryCode":"HRV","adminLevel":2,"sourceCode":"41942358B4044939312269","parentId":"HRV:ADM1:HRV-1592"},"geometry":{"type":"Polygon","coordinates":[[[13.60027,45.17685],[13.59866,45.17837],[13.60342,45.17797],[13.60342,45.18072],[13.59465,45.18693],[13.59435,45.18688],[13.59441,45.18732],[13.59059,45.1918],[13.58229,45.1966],[13.58229,45.19764],[13.59259,45.19594],[13.59908,45.1988],[13.61848,45.18833],[13.6265,45.18235],[13.63372,45.1668],[13.61401,45.16643],[13.5995,45.17059],[13.59938,45.17129],[13.58912,45.17548],[13.58948,45.176],[13.60027,45.17685]]]}},{"type":"Feature","properties":{"id":"HRV:ADM2:41942358B40512359926955","name":"Grad Čazma","countryCode":"HRV","adminLevel":2,"sourceCode":"41942358B40512359926955","parentId":"HRV:ADM1:HRV-1607"},"geometry":{"type":"Polygon","coordinates":[[[16.76239,45.75218],[16.74205,45.74794],[16.72008,45.75297],[16.72252,45.78713],[16.71656,45.78746],[16.71484,45.78288],[16.70804,45.78446],[16.70765,45.78834],[16.703,45.79052],[16.70046,45.7884],[16.70379,45.78524],[16.70012,45.78099],[16.68291,45.79552],[16.69132,45.80391],[16.69132,45.81079],[16.68394,45.82252],[16.6745,45.82653],[16.6707,45.83417],[16.65373,45.83181],[16.65006,45.82846],[16.64129,45.82924],[16.64094,45.84357],[16.63507,45.84518],[16.63281,45.84054],[16.62621,45.83872],[16.62188,45.82899],[16.61817,45.82875],[16.61959,45.82515],[16.60263,45.81779],[16.60482,45.80747],[16.60027,45.80217],[16.60377,45.80062],[16.6032,45.79642],[16.60894,45.79432],[16.60543,45.79119],[16.58818,45.78763],[16.57607,45.79365],[16.57553,45.79955],[16.56344,45.79832],[16.55722,45.80562],[16.55306,45.80594],[16.52506,45.79317],[16.52025,45.79357],[16.51375,45.79968],[16.5112,45.7981],[16.5129,45.78213],[16.49505,45.77402],[16.52247,45.76045],[16.51193,45.75213],[16.50126,45.74923],[16.50647,45.74017],[16.49472,45.73179],[16.48903,45.72332],[16.49808,45.72533],[16.49515,45.72962],[16.49707,45.73065],[16.50069,45.72629],[16.50696,45.72424],[16.50927,45.72626],[16.50839,45.72308],[16.52143,45.7253],[16.52886,45.71925],[16.5261,45.71443],[16.53411,45.70958],[16.54677,45.70764],[16.56841,45.71401],[16.57762,45.69942],[16.58675,45.70001],[16.58834,45.69406],[16.58512,45.68671],[16.58988,45.68281],[16.58804,45.67723],[16.59115,45.67696],[16.59944,45.6864],[16.61053,45.67508],[16.60804,45.67347],[16.60992,45.67036],[16.62472,45.66394],[16.64267,45.66307],[16.64848,45.66769],[16.65737,45.66691],[16.66214,45.66974],[16.66837,45.66461],[16.66795,45.65125],[16.67489,45.65407],[16.68188,45.65192],[16.70222,45.6575],[16.69441,45.6813],[16.71437,45.70468],[16.72149,45.70516],[16.7248,45.71022],[16.74806,45.72083],[16.76829,45.71445],[16.76893,45.71703],[16.75867,45.71936],[16.75808,45.72636],[16.75143,45.73205],[16.75939,45.73641],[16.76239,45.75218]]]}},{"type":"Feature","properties":{"id":"HRV:ADM2:41942358B40529434284591","name":"Grad Prelog","countryCode":"HRV","adminLevel":2,"sourceCode":"41942358B40529434284591","parentId":"HRV:ADM1:HRV-1609"},"geometry":{"type":"Polygon","coordinates":[[[16.74043,46.38466],[16.73536,46.38206],[16.71211,46.38431],[16.70401,46.37528],[16.70689,46.36779],[16.69577,46.36659],[16.70033,46.36328],[16.6936,46.3613],[16.69069,46.35572],[16.67107,46.35522],[16.66241,46.35816],[16.65703,46.3549],[16.64885,46.35949],[16.6372,46.35611],[16.62691,46.36371],[16.62753,46.36831],[16.61633,46.37378],[16.60179,46.36838],[16.59589,46.3697],[16.59404,46.36614],[16.58077,46.37233],[16.5773,46.3616],[16.56895,46.36323],[16.56337,46.36079],[16.5603,46.35558],[16.56184,46.35221],[16.55319,46.3489],[16.55937,46.33869],[16.56245,46.33872],[16.56491,46.32849],[16.58157,46.32068],[16.58972,46.32146],[16.60351,46.3173],[16.6026,46.31265],[16.60918,46.30858],[16.62137,46.31024],[16.62395,46.31232],[16.62315,46.31991],[16.62877,46.3216],[16.63157,46.31581],[16.63769,46.31431],[16.6475,46.32232],[16.66533,46.31937],[16.69482,46.32321],[16.71746,46.30867],[16.71548,46.31641],[16.70179,46.32518],[16.70572,46.3317],[16.69686,46.33557],[16.69647,46.34088],[16.69276,46.3437],[16.69905,46.34136],[16.71312,46.34551],[16.74522,46.37706],[16.74043,46.38466]]]}},{"type":"Feature","properties":{"id":"HRV:ADM2:41942358B40584791004020","name":"Općina Bale","countryCode":"HRV","adminLevel":2,"sourceCode":"41942358B40584791004020","parentId":"HRV:ADM1:HRV-1592"},"geometry":{"type":"Polygon","coordinates":[[[13.71514,45.02015],[13.71323,45.02202],[13.71993,45.02748],[13.73187,45.05192],[13.72948,45.06427],[13.73385,45.06761],[13.73355,45.08713],[13.755,45.09199],[13.77305,45.09026],[13.78829,45.09373],[13.81208,45.08907],[13.82337,45.09002],[13.8365,45.08542],[13.85769,45.05658],[13.8495,45.04457],[13.82675,45.0271],[13.81781,45.02389],[13.81543,45.01878],[13.80061,45.02164],[13.7681,45.00501],[13.74847,44.9989],[13.74891,44.99634],[13.74011,44.9894],[13.73276,44.99494],[13.72038,45.00732],[13.72064,45.00763],[13.71988,45.00782],[13.71229,45.01541],[13.71514,45.02015]]]}},{"type":"Feature","properties":{"id":"HRV:ADM2:41942358B40832061130519","name":"Općina Veliki Grđevac","countryCode":"HRV","adminLevel":2,"sourceCode":"41942358B40832061130519","parentId":"HRV:ADM1:HRV-1607"},"geometry":{"type":"Polygon","coordinates":[[[17.00961,45.79788],[17.00905,45.79552],[17.00658,45.79908],[17.00275,45.79197],[16.9827,45.78684],[16.97401,45.78865],[16.95577,45.78185],[16.95401,45.77713],[16.95787,45.77453],[16.95437,45.77083],[16.95849,45.76582],[16.97755,45.77676],[16.98296,45.7764],[16.98143,45.77167],[16.98797,45.76392],[16.99252,45.76439],[16.9995,45.77135],[17.00902,45.76839],[17.0054,45.76032],[16.98413,45.75333],[16.97551,45.73728],[16.94991,45.73216],[16.95289,45.72413],[16.96195,45.72065],[16.96635,45.7122],[16.97334,45.71406],[16.97471,45.70963],[16.9789,45.71081],[16.97675,45.70315],[16.9804,45.70108],[17.00289,45.71067],[17.0143,45.71157],[17.06153,45.68825],[17.07473,45.68724],[17.08758,45.69302],[17.09832,45.68781],[17.0997,45.69521],[17.1182,45.69593],[17.10041,45.70333],[17.09747,45.70117],[17.09722,45.70471],[17.10129,45.70516],[17.08853,45.71619],[17.09146,45.71939],[17.07666,45.71649],[17.07546,45.72378],[17.05167,45.72594],[17.06293,45.73205],[17.09175,45.7349],[17.09541,45.74399],[17.10687,45.75022],[17.10546,45.75231],[17.09829,45.7486],[17.09657,45.75555],[17.10116,45.76031],[17.11761,45.75901],[17.12134,45.75713],[17.1188,45.75518],[17.12349,45.75479],[17.12695,45.76401],[17.13938,45.77163],[17.14339,45.76966],[17.14504,45.76027],[17.17549,45.76317],[17.18228,45.76909],[17.18159,45.77303],[17.20752,45.77327],[17.20571,45.77092],[17.20823,45.77049],[17.21396,45.77291],[17.21992,45.76731],[17.22556,45.7676],[17.23193,45.77647],[17.23656,45.77641],[17.23426,45.78176],[17.24345,45.78271],[17.24763,45.81625],[17.21798,45.83278],[17.1968,45.83615],[17.19015,45.85133],[17.18168,45.86144],[17.16777,45.86354],[17.16353,45.87323],[17.14391,45.87744],[17.1379,45.87317],[17.14721,45.8624],[17.13893,45.85762],[17.14211,45.85101],[17.1361,45.8432],[17.13876,45.83436],[17.14275,45.8343],[17.14956,45.82369],[17.14904,45.8138],[17.13673,45.81249],[17.11786,45.79479],[17.10039,45.79367],[17.09651,45.7913],[17.09445,45.78303],[17.07005,45.77967],[17.05569,45.76737],[17.04867,45.76561],[17.03647,45.77019],[17.00961,45.79788]]]}},{"type":"Feature","properties":{"id":"HRV:ADM2:41942358B4088713136666","name":"Općina Povljana","countryCode":"HRV","adminLevel":2,"sourceCode":"41942358B4088713136666","parentId":"HRV:ADM1:HRV-1584"},"geometry":{"type":"Polygon","coordinates":[[[15.18122,44.35692],[15.20083,44.34513],[15.17609,44.32422],[15.15455,44.331],[15.13637,44.33222],[15.13624,44.33223],[15.13623,44.33223],[15.13087,44.33259],[15.13087,44.32636],[15.13245,44.32556],[15.13287,44.32412],[15.1571,44.30574],[15.16854,44.29981],[15.14926,44.30317],[15.12875,44.312],[15.11118,44.32461],[15.09669,44.34003],[15.09669,44.34014],[15.10362,44.33802],[15.10688,44.34112],[15.10646,44.34626],[15.11036,44.34626],[15.11036,44.3537],[15.10231,44.35716],[15.09718,44.36131],[15.09276,44.36846],[15.09591,44.37052],[15.11284,44.36927],[15.11676,44.37228],[15.14526,44.36014],[15.15749,44.36098],[15.16287,44.35766],[15.16557,44.36046],[15.17735,44.35869],[15.18122,44.35692]]]}},{"type":"Feature","properties":{"id":"HRV:ADM2:41942358B40908600410241","name":"Općina Zlatar Bistrica","countryCode":"HRV","adminLevel":2,"sourceCode":"41942358B40908600410241","parentId":"HRV:ADM1:HRV-1582"},"geometry":{"type":"Polygon","coordinates":[[[16.13394,46.08272],[16.12296,46.0916],[16.10227,46.0911],[16.10072,46.08855],[16.10734,46.08282],[16.10311,46.06888],[16.09515,46.06071],[16.08752,46.06075],[16.08442,46.064],[16.08367,46.06013],[16.06635,46.06614],[16.0614,46.06407],[16.05874,46.07009],[16.05045,46.06388],[16.05048,46.0498],[16.03988,46.04449],[16.02532,46.04228],[16.03618,46.03837],[16.07176,46.04401],[16.09024,46.03935],[16.10189,46.04332],[16.12319,46.04094],[16.13929,46.04477],[16.13443,46.04935],[16.14178,46.05843],[16.13389,46.06301],[16.142,46.07288],[16.13674,46.0729],[16.13733,46.07699],[16.13031,46.07869],[16.13394,46.08272]]]}},{"type":"Feature","properties":{"id":"HRV:ADM2:41942358B41124787035973","name":"Grad Knin","countryCode":"HRV","adminLevel":2,"sourceCode":"41942358B41124787035973","parentId":"HRV:ADM1:HRV-1493"},"geometry":{"type":"Polygon","coordinates":[[[16.12066,44.02363],[16.1357,44.03844],[16.15273,44.01905],[16.1878,44.03322],[16.19636,44.01582],[16.21174,44.01566],[16.21678,44.01254],[16.21857,44.01879],[16.21617,44.0245],[16.22312,44.02669],[16.22651,44.0336],[16.25368,44.03189],[16.27979,44.00703],[16.27406,43.998],[16.27848,43.9846],[16.2723,43.97929],[16.2926,43.97246],[16.29899,43.9623],[16.31066,43.95526],[16.32932,43.96312],[16.34079,44.00022],[16.34268,44.01739],[16.33201,44.02499],[16.34259,44.02563],[16.38234,44.05855],[16.3827,44.06207],[16.42851,44.06872],[16.44243,44.06764],[16.42997,44.08336],[16.40458,44.08151],[16.38449,44.08453],[16.37834,44.10376],[16.38092,44.1071],[16.37915,44.11066],[16.35502,44.11605],[16.32105,44.11639],[16.30851,44.12682],[16.30969,44.14428],[16.29199,44.15642],[16.28885,44.16392],[16.26118,44.17813],[16.24401,44.19728],[16.23164,44.2027],[16.22641,44.20995],[16.2074,44.21596],[16.17277,44.2088],[16.15935,44.21325],[16.14706,44.21014],[16.14612,44.21348],[16.13953,44.21397],[16.13636,44.199],[16.12853,44.19453],[16.1283,44.19103],[16.13756,44.17362],[16.13828,44.15933],[16.13396,44.15571],[16.13252,44.13901],[16.14241,44.13364],[16.14271,44.1278],[16.14801,44.12099],[16.13578,44.11435],[16.14355,44.10065],[16.14295,44.0927],[16.14853,44.09082],[16.14368,44.08623],[16.14149,44.08808],[16.12488,44.07128],[16.10746,44.06394],[16.11342,44.06125],[16.08798,44.05262],[16.12066,44.02363]]]}},{"type":"Feature","properties":{"id":"HRV:ADM2:41942358B41528643481489","name":"Općina Suhopolje","countryCode":"HRV","adminLevel":2,"sourceCode":"41942358B41528643481489","parentId":"HRV:ADM1:HRV-1606"},"geometry":{"type":"Polygon","coordinates":[[[17.48658,45.68041],[17.50079,45.69287],[17.51869,45.69689],[17.52716,45.70269],[17.52319,45.72919],[17.56116,45.73738],[17.57641,45.73641],[17.59267,45.74441],[17.60189,45.76459],[17.60741,45.76454],[17.61658,45.77602],[17.6069,45.77918],[17.61538,45.79871],[17.6215,45.80388],[17.60164,45.81787],[17.61465,45.82014],[17.61486,45.82997],[17.62454,45.83602],[17.62057,45.83965],[17.60658,45.84058],[17.58684,45.8491],[17.56993,45.84221],[17.54735,45.84943],[17.54905,45.83541],[17.54012,45.83563],[17.53916,45.82853],[17.53609,45.82947],[17.53283,45.82566],[17.52954,45.82866],[17.51131,45.83004],[17.47699,45.82342],[17.47612,45.82735],[17.45558,45.8306],[17.4482,45.81],[17.44273,45.80677],[17.43742,45.80798],[17.43116,45.80115],[17.43525,45.79991],[17.42496,45.78454],[17.42292,45.76439],[17.42427,45.7624],[17.44637,45.7668],[17.44895,45.75363],[17.46367,45.72104],[17.44777,45.71323],[17.44769,45.70886],[17.48716,45.70421],[17.48915,45.70213],[17.48593,45.6987],[17.49434,45.69877],[17.48997,45.69725],[17.49379,45.69616],[17.49209,45.69135],[17.49601,45.69407],[17.49896,45.69149],[17.49603,45.69293],[17.48863,45.68854],[17.48658,45.68041]]]}},{"type":"Feature","properties":{"id":"HRV:ADM2:41942358B41584880694978","name":"Općina Milna","countryCode":"HRV","adminLevel":2,"sourceCode":"41942358B41584880694978","parentId":"HRV:ADM1:HRV-1492"},"geometry":{"type":"Polygon","coordinates":[[[16.44589,43.35149],[16.45351,43.35104],[16.4548,43.35341],[16.46389,43.34961],[16.45993,43.35198],[16.463,43.35312],[16.47425,43.35035],[16.49235,43.35431],[16.50292,43.35089],[16.51077,43.35273],[16.51789,43.34814],[16.51878,43.34031],[16.51158,43.33677],[16.51774,43.33177],[16.51014,43.32172],[16.50675,43.32139],[16.50153,43.30957],[16.48892,43.30889],[16.48,43.29369],[16.47508,43.29509],[16.46932,43.29753],[16.471,43.30353],[16.46633,43.30241],[16.46563,43.30802],[16.46135,43.3046],[16.46489,43.30014],[16.46456,43.29954],[16.46197,43.30063],[16.46147,43.30159],[16.46053,43.30124],[16.45471,43.3037],[16.45889,43.30729],[16.45588,43.30967],[16.45206,43.30674],[16.45182,43.31161],[16.44958,43.3089],[16.44756,43.31295],[16.44299,43.31053],[16.44686,43.30712],[16.44684,43.30703],[16.43604,43.31159],[16.43723,43.3139],[16.43525,43.31588],[16.43276,43.31297],[16.42189,43.31757],[16.40904,43.32964],[16.40915,43.33109],[16.41383,43.32884],[16.41944,43.32518],[16.42259,43.32518],[16.42438,43.32274],[16.43192,43.32308],[16.4332,43.32672],[16.44929,43.32527],[16.44815,43.3286],[16.43444,43.33031],[16.43423,43.33175],[16.43434,43.33173],[16.43979,43.33271],[16.43426,43.33991],[16.43469,43.34427],[16.44589,43.35149]]]}},{"type":"Feature","properties":{"id":"HRV:ADM2:41942358B41964845768137","name":"Općina Satnica Đakovačka","countryCode":"HRV","adminLevel":2,"sourceCode":"41942358B41964845768137","parentId":"HRV:ADM1:HRV-1603"},"geometry":{"type":"Polygon","coordinates":[[[18.2462,45.30588],[18.26061,45.30749],[18.29129,45.30103],[18.3185,45.31498],[18.32649,45.32656],[18.32683,45.3332],[18.33322,45.33221],[18.33695,45.33694],[18.35395,45.33133],[18.35695,45.33556],[18.39347,45.33228],[18.39197,45.33655],[18.40167,45.33767],[18.40682,45.33133],[18.41888,45.33643],[18.40787,45.34356],[18.41512,45.3513],[18.39412,45.3662],[18.38858,45.37422],[18.34082,45.37663],[18.33871,45.37247],[18.34481,45.36403],[18.33022,45.35649],[18.32992,45.34816],[18.31884,45.34828],[18.31713,45.35643],[18.28915,45.35435],[18.28395,45.34859],[18.23001,45.35938],[18.23361,45.37585],[18.20413,45.37621],[18.20184,45.36875],[18.19729,45.36618],[18.19636,45.35067],[18.18273,45.34833],[18.19572,45.33061],[18.21235,45.32186],[18.22269,45.32027],[18.2462,45.30588]]]}},{"type":"Feature","properties":{"id":"HRV:ADM2:41942358B42043584359745","name":"Općina Gorjani","countryCode":"HRV","adminLevel":2,"sourceCode":"41942358B42043584359745","parentId":"HRV:ADM1:HRV-1603"},"geometry":{"type":"Polygon","coordinates":[[[18.43188,45.40591],[18.42078,45.40646],[18.41598,45.41572],[18.39961,45.4093],[18.38828,45.40906],[18.40473,45.42242],[18.38026,45.44128],[18.35618,45.44216],[18.35644,45.43757],[18.33427,45.4365],[18.33489,45.43217],[18.32472,45.43135],[18.32123,45.42559],[18.34423,45.38104],[18.34309,45.37678],[18.38858,45.37422],[18.40274,45.38673],[18.40845,45.38004],[18.42678,45.38094],[18.43394,45.37416],[18.43502,45.36783],[18.44931,45.37355],[18.45368,45.38386],[18.46233,45.39036],[18.45482,45.39325],[18.45667,45.39497],[18.45338,45.39634],[18.45733,45.40083],[18.45476,45.40366],[18.44504,45.40238],[18.43188,45.40591]]]}},{"type":"Feature","properties":{"id":"HRV:ADM2:41942358B42364716774689","name":"Grad Velika Gorica","countryCode":"HRV","adminLevel":2,"sourceCode":"41942358B42364716774689","parentId":"HRV:ADM1:HRV-1588"},"geometry":{"type":"Polygon","coordinates":[[[15.91875,45.61463],[15.92303,45.60862],[15.92968,45.6076],[15.9335,45.61124],[15.93759,45.60888],[15.93564,45.59629],[15.93788,45.58336],[15.92957,45.57608],[15.93043,45.56969],[15.94568,45.5674],[15.95478,45.56945],[15.97679,45.55854],[15.98354,45.56858],[15.98245,45.57806],[15.99476,45.60111],[16.00397,45.59817],[16.0097,45.602],[16.04081,45.60078],[16.04046,45.60555],[16.04611,45.60949],[16.04838,45.59994],[16.06086,45.60055],[16.06876,45.61145],[16.09969,45.62432],[16.10708,45.61457],[16.12567,45.6169],[16.13201,45.61475],[16.14715,45.62779],[16.15118,45.63617],[16.16466,45.63916],[16.17813,45.6375],[16.17883,45.63985],[16.18465,45.63643],[16.19471,45.61952],[16.19622,45.60879],[16.20433,45.60395],[16.2027,45.60977],[16.2335,45.6081],[16.24357,45.59607],[16.23891,45.59341],[16.24291,45.59133],[16.25088,45.59561],[16.25331,45.60276],[16.26244,45.60203],[16.26653,45.60539],[16.25175,45.61617],[16.25431,45.62208],[16.24948,45.63065],[16.24183,45.62755],[16.2397,45.63064],[16.22551,45.62976],[16.22904,45.6343],[16.22673,45.64058],[16.22888,45.64267],[16.22339,45.64814],[16.2221,45.65542],[16.21469,45.65527],[16.20824,45.66377],[16.19984,45.66473],[16.19519,45.68065],[16.19181,45.68147],[16.197,45.68521],[16.19274,45.68756],[16.19109,45.6932],[16.18375,45.69728],[16.17792,45.70834],[16.16893,45.7067],[16.16597,45.70925],[16.17575,45.71714],[16.17325,45.72264],[16.16886,45.72418],[16.17452,45.72403],[16.18143,45.73303],[16.18633,45.73232],[16.19041,45.74085],[16.19905,45.741],[16.19549,45.73749],[16.20229,45.73646],[16.2123,45.73852],[16.21969,45.73442],[16.22919,45.7481],[16.21301,45.74672],[16.20128,45.75321],[16.19688,45.74798],[16.18033,45.74731],[16.16722,45.75812],[16.15326,45.76467],[16.1379,45.78311],[16.12347,45.7876],[16.10687,45.7881],[16.10485,45.79162],[16.10031,45.78773],[16.10191,45.7861],[16.08443,45.77981],[16.05827,45.75952],[16.04857,45.75835],[16.03927,45.76193],[16.03802,45.75503],[16.02518,45.75448],[16.01594,45.74349],[16.01994,45.74159],[16.01507,45.7275],[16.01872,45.72515],[16.01785,45.72102],[15.98323,45.71671],[15.98774,45.71439],[15.98169,45.7052],[15.96532,45.6953],[15.96759,45.6913],[15.96469,45.68872],[15.9677,45.68209],[15.96599,45.67057],[15.9588,45.66473],[15.95655,45.65607],[15.94875,45.65148],[15.95129,45.63756],[15.94752,45.62943],[15.93875,45.62988],[15.93511,45.62349],[15.91875,45.61463]]]}},{"type":"Feature","properties":{"id":"HRV:ADM2:41942358B42627450656332","name":"Grad Rovinj","countryCode":"HRV","adminLevel":2,"sourceCode":"41942358B42627450656332","parentId":"HRV:ADM1:HRV-1592"},"geometry":{"type":"MultiPolygon","coordinates":[[[[13.73344,45.13048],[13.73286,45.1079],[13.72409,45.09044],[13.73355,45.08713],[13.73385,45.06761],[13.72948,45.06427],[13.73187,45.05192],[13.71993,45.02748],[13.71323,45.02202],[13.7051,45.0226],[13.69124,45.03645],[13.69142,45.03876],[13.68615,45.04155],[13.68253,45.04517],[13.68914,45.05036],[13.67002,45.05616],[13.67328,45.05917],[13.67057,45.06078],[13.65339,45.06528],[13.64381,45.0705],[13.63558,45.07153],[13.63305,45.07615],[13.63522,45.07436],[13.63879,45.07906],[13.62996,45.08363],[13.63035,45.08436],[13.64035,45.08643],[13.64093,45.0965],[13.63541,45.09807],[13.63367,45.09679],[13.63162,45.09884],[13.63185,45.09957],[13.63084,45.09962],[13.61368,45.11675],[13.61621,45.11683],[13.61576,45.11936],[13.61702,45.11996],[13.62403,45.11632],[13.62443,45.12155],[13.62748,45.12221],[13.62333,45.12291],[13.63852,45.13003],[13.64753,45.13049],[13.68582,45.12895],[13.70127,45.13323],[13.71232,45.1338],[13.73344,45.13048]]],[[[13.63317,45.07862],[13.62802,45.07618],[13.62653,45.07776],[13.62714,45.07863],[13.63317,45.07862]]],[[[13.67963,45.0476],[13.67944,45.04749],[13.6791,45.04769],[13.67963,45.0476]]]]}},{"type":"Feature","properties":{"id":"HRV:ADM2:41942358B430428956442","name":"Općina Dežanovac","countryCode":"HRV","adminLevel":2,"sourceCode":"41942358B430428956442","parentId":"HRV:ADM1:HRV-1607"},"geometry":{"type":"Polygon","coordinates":[[[17.05392,45.52196],[17.07207,45.51065],[17.0882,45.505],[17.10568,45.52337],[17.13324,45.52055],[17.13794,45.51395],[17.15945,45.50971],[17.16416,45.51301],[17.15878,45.51819],[17.17491,45.53938],[17.17129,45.53906],[17.17695,45.54736],[17.18605,45.5521],[17.18399,45.55787],[17.1691,45.5643],[17.17163,45.5665],[17.1691,45.57151],[17.16146,45.56974],[17.15768,45.57987],[17.14442,45.58311],[17.15112,45.59134],[17.14837,45.59825],[17.14985,45.60628],[17.12897,45.58689],[17.11271,45.59032],[17.10777,45.59767],[17.10174,45.60002],[17.05851,45.58506],[17.04271,45.58966],[17.04383,45.59158],[17.03265,45.59801],[17.03507,45.6112],[17.03162,45.61131],[17.03007,45.60631],[17.01621,45.60066],[17.00748,45.60194],[17.00478,45.59569],[16.99398,45.59156],[16.98265,45.58221],[16.97343,45.5832],[16.9615,45.57464],[16.97937,45.56773],[16.99302,45.57114],[16.99864,45.56376],[16.99701,45.5572],[17.0404,45.5479],[17.06881,45.55547],[17.07284,45.55198],[17.07584,45.53545],[17.05392,45.52196]]]}},{"type":"Feature","properties":{"id":"HRV:ADM2:41942358B43077810410693","name":"Općina Velika Kopanica","countryCode":"HRV","adminLevel":2,"sourceCode":"41942358B43077810410693","parentId":"HRV:ADM1:HRV-1602"},"geometry":{"type":"Polygon","coordinates":[[[18.32985,45.17137],[18.30803,45.16755],[18.30545,45.16422],[18.30751,45.15892],[18.31069,45.15845],[18.30895,45.1563],[18.31738,45.15366],[18.31309,45.14906],[18.32232,45.14324],[18.32322,45.12841],[18.35206,45.13562],[18.3518,45.11799],[18.35695,45.11593],[18.37103,45.12096],[18.37051,45.11509],[18.37927,45.11739],[18.37768,45.11497],[18.38931,45.11497],[18.38269,45.10724],[18.40419,45.10996],[18.4024,45.12214],[18.41901,45.12687],[18.42909,45.12603],[18.42974,45.12932],[18.4453,45.13542],[18.4442,45.13935],[18.4483,45.13966],[18.45419,45.14595],[18.44974,45.15242],[18.45253,45.15571],[18.4524,45.16511],[18.45741,45.16908],[18.45501,45.17702],[18.47518,45.19078],[18.47729,45.19341],[18.46763,45.19531],[18.46802,45.19752],[18.47694,45.19607],[18.48026,45.20788],[18.4748,45.20683],[18.46653,45.21458],[18.45481,45.21152],[18.44731,45.20276],[18.44091,45.20245],[18.43731,45.19674],[18.43096,45.19708],[18.41553,45.1847],[18.38401,45.18765],[18.37572,45.18],[18.32985,45.17137]]]}},{"type":"Feature","properties":{"id":"HRV:ADM2:41942358B43166278652034","name":"Općina Vinodolska općina","countryCode":"HRV","adminLevel":2,"sourceCode":"41942358B43166278652034","parentId":"HRV:ADM1:HRV-1586"},"geometry":{"type":"Polygon","coordinates":[[[14.63842,45.25382],[14.63339,45.25244],[14.62794,45.24239],[14.65267,45.22655],[14.6678,45.21189],[14.68012,45.21125],[14.68971,45.19955],[14.69005,45.1927],[14.70467,45.19284],[14.71399,45.18438],[14.73129,45.17605],[14.72795,45.17284],[14.74005,45.1585],[14.76071,45.14327],[14.78075,45.14792],[14.80437,45.18681],[14.81502,45.19711],[14.83082,45.20479],[14.86651,45.24734],[14.81197,45.28364],[14.79075,45.29266],[14.79275,45.27358],[14.78978,45.27279],[14.78734,45.26541],[14.76734,45.26295],[14.74585,45.25303],[14.71448,45.25513],[14.67366,45.28875],[14.65675,45.26873],[14.64177,45.26068],[14.63842,45.25382]]]}},{"type":"Feature","properties":{"id":"HRV:ADM2:41942358B43178780205592","name":"Općina Gornja Vrba","countryCode":"HRV","adminLevel":2,"sourceCode":"41942358B43178780205592","parentId":"HRV:ADM1:HRV-1602"},"geometry":{"type":"Polygon","coordinates":[[[18.09948,45.17468],[18.06076,45.17981],[18.05545,45.17013],[18.05562,45.15222],[18.05245,45.15182],[18.06056,45.14624],[18.06431,45.14985],[18.08771,45.15319],[18.08599,45.14993],[18.08824,45.14803],[18.11104,45.14542],[18.11861,45.14037],[18.13794,45.13553],[18.14036,45.1513],[18.13433,45.15036],[18.13518,45.16545],[18.12579,45.1659],[18.1221,45.17231],[18.11528,45.17415],[18.09948,45.17468]]]}},{"type":"Feature","properties":{"id":"HRV:ADM2:41942358B43548041333920","name":"Općina Čađavica","countryCode":"HRV","adminLevel":2,"sourceCode":"41942358B43548041333920","parentId":"HRV:ADM1:HRV-1606"},"geometry":{"type":"Polygon","coordinates":[[[17.91197,45.79093],[17.9007,45.79175],[17.88454,45.78396],[17.87219,45.77621],[17.8691,45.76819],[17.86531,45.76701],[17.85655,45.76996],[17.85245,45.78324],[17.83987,45.78615],[17.8332,45.7918],[17.83129,45.80472],[17.82792,45.80925],[17.82082,45.81032],[17.81495,45.80492],[17.81742,45.79379],[17.81219,45.79042],[17.80506,45.79213],[17.80153,45.78266],[17.80509,45.78178],[17.80416,45.76529],[17.78287,45.76282],[17.78581,45.75654],[17.78634,45.72262],[17.81321,45.71558],[17.82505,45.72361],[17.82914,45.72015],[17.8278,45.70687],[17.83449,45.70001],[17.83154,45.69403],[17.84058,45.69271],[17.83733,45.68442],[17.84522,45.6833],[17.8451,45.68006],[17.87648,45.67957],[17.88033,45.68894],[17.88186,45.70754],[17.90114,45.72782],[17.91593,45.72751],[17.93213,45.73156],[17.93254,45.75326],[17.92561,45.75333],[17.91334,45.77305],[17.90899,45.78618],[17.91197,45.79093]]]}},{"type":"Feature","properties":{"id":"HRV:ADM2:41942358B43833873401555","name":"Općina Karlobag","countryCode":"HRV","adminLevel":2,"sourceCode":"41942358B43833873401555","parentId":"HRV:ADM1:HRV-1584"},"geometry":{"type":"Polygon","coordinates":[[[15.16134,44.46245],[15.16101,44.46232],[15.15504,44.4667],[15.10808,44.51386],[15.08009,44.53608],[15.05201,44.54548],[15.04786,44.55036],[15.01531,44.56908],[15.00733,44.56973],[15.00131,44.57852],[14.99251,44.58835],[14.99539,44.59022],[15.01608,44.63562],[15.02483,44.63202],[15.05505,44.65315],[15.07994,44.64082],[15.09268,44.62098],[15.12395,44.60704],[15.17012,44.59449],[15.18042,44.59399],[15.19281,44.5997],[15.18066,44.5836],[15.21345,44.53905],[15.2297,44.52789],[15.20555,44.52124],[15.20209,44.51555],[15.18935,44.52046],[15.18502,44.507],[15.18085,44.50341],[15.1827,44.4978],[15.19261,44.49673],[15.20248,44.48851],[15.22981,44.47721],[15.28161,44.47075],[15.31161,44.44855],[15.33706,44.4376],[15.3461,44.43844],[15.33993,44.43254],[15.33906,44.41668],[15.34187,44.41194],[15.31934,44.42012],[15.29847,44.38351],[15.29066,44.3753],[15.28986,44.3677],[15.22526,44.41514],[15.21421,44.42631],[15.20518,44.42988],[15.18692,44.44329],[15.18742,44.44314],[15.18561,44.44609],[15.1793,44.4502],[15.17841,44.44954],[15.17078,44.45514],[15.17086,44.45539],[15.17014,44.45562],[15.16126,44.46214],[15.16134,44.46245]]]}},{"type":"Feature","properties":{"id":"HRV:ADM2:41942358B43892763772063","name":"Općina Bilice","countryCode":"HRV","adminLevel":2,"sourceCode":"41942358B43892763772063","parentId":"HRV:ADM1:HRV-1491"},"geometry":{"type":"Polygon","coordinates":[[[15.91316,43.80781],[15.87672,43.80842],[15.86302,43.78983],[15.87561,43.77685],[15.87323,43.77459],[15.88086,43.77029],[15.87873,43.76837],[15.89932,43.75317],[15.90504,43.75526],[15.91483,43.75149],[15.9452,43.76632],[15.9276,43.77769],[15.92189,43.78683],[15.92425,43.79034],[15.92023,43.80121],[15.91316,43.80781]]]}},{"type":"Feature","properties":{"id":"HRV:ADM2:41942358B44165772001796","name":"Grad Drniš","countryCode":"HRV","adminLevel":2,"sourceCode":"41942358B44165772001796","parentId":"HRV:ADM1:HRV-1491"},"geometry":{"type":"Polygon","coordinates":[[[16.20415,43.78677],[16.18475,43.80951],[16.18657,43.81357],[16.22556,43.80421],[16.23668,43.81403],[16.23573,43.82806],[16.24163,43.83604],[16.2376,43.83947],[16.23859,43.84347],[16.24959,43.84575],[16.27011,43.8583],[16.29006,43.86535],[16.34324,43.87816],[16.33604,43.89049],[16.3361,43.89632],[16.34327,43.89965],[16.35456,43.92443],[16.35423,43.94464],[16.33547,43.94784],[16.31813,43.94506],[16.30208,43.9387],[16.28792,43.92714],[16.26183,43.92776],[16.22749,43.92127],[16.1978,43.90655],[16.15625,43.93298],[16.07094,43.89381],[16.04339,43.90927],[16.0315,43.91076],[16.03257,43.91341],[16.01317,43.91629],[16.01279,43.91913],[15.98412,43.92601],[15.97404,43.90239],[15.97822,43.88346],[15.96893,43.86625],[15.9721,43.86077],[15.98189,43.85663],[15.98813,43.84647],[15.98822,43.8324],[15.98416,43.82945],[15.98678,43.82326],[15.97434,43.81843],[15.97697,43.80746],[15.97395,43.80466],[15.97947,43.80203],[16.00054,43.80963],[16.01409,43.81883],[16.01943,43.82651],[16.02448,43.82577],[16.03597,43.83317],[16.04045,43.83378],[16.0436,43.82964],[16.05605,43.82508],[16.05966,43.81813],[16.03789,43.80578],[16.0427,43.80252],[16.03828,43.79469],[16.0398,43.78624],[16.0534,43.77985],[16.05019,43.77658],[16.03266,43.7746],[16.02326,43.76115],[16.05405,43.74509],[16.06012,43.7454],[16.06828,43.73991],[16.07248,43.73202],[16.07836,43.74165],[16.06154,43.76214],[16.06338,43.76722],[16.07313,43.76511],[16.07626,43.76911],[16.08197,43.76768],[16.09609,43.78417],[16.09688,43.78918],[16.13153,43.797],[16.13325,43.8074],[16.19616,43.78095],[16.20415,43.78677]]]}},{"type":"Feature","properties":{"id":"HRV:ADM2:41942358B44296742675796","name":"Općina Vladislavci","countryCode":"HRV","adminLevel":2,"sourceCode":"41942358B44296742675796","parentId":"HRV:ADM1:HRV-1603"},"geometry":{"type":"Polygon","coordinates":[[[18.58105,45.40404],[18.59092,45.40931],[18.59198,45.41392],[18.60721,45.4147],[18.61601,45.4194],[18.61301,45.42365],[18.61389,45.42904],[18.61116,45.42911],[18.61195,45.44349],[18.59196,45.44379],[18.59953,45.45029],[18.59709,45.46164],[18.5779,45.46336],[18.57837,45.47064],[18.56993,45.47048],[18.57295,45.47872],[18.56926,45.48236],[18.55746,45.4789],[18.55474,45.48235],[18.55228,45.48122],[18.55474,45.47608],[18.54815,45.47447],[18.55114,45.46812],[18.54616,45.46589],[18.52838,45.46621],[18.52719,45.46846],[18.51838,45.46209],[18.5187,45.45601],[18.52397,45.45182],[18.52249,45.44989],[18.54223,45.44686],[18.53708,45.43603],[18.54408,45.43811],[18.5658,45.43412],[18.57121,45.43031],[18.56975,45.4271],[18.57365,45.41876],[18.56516,45.4151],[18.56383,45.41136],[18.57095,45.39964],[18.58105,45.40404]]]}},{"type":"Feature","properties":{"id":"HRV:ADM2:41942358B44405743339218","name":"Općina Sokolovac","countryCode":"HRV","adminLevel":2,"sourceCode":"41942358B44405743339218","parentId":"HRV:ADM1:HRV-1608"},"geometry":{"type":"Polygon","coordinates":[[[16.83554,46.08807],[16.82546,46.08523],[16.81179,46.09094],[16.80634,46.08728],[16.79812,46.08933],[16.79469,46.10162],[16.79887,46.11307],[16.7943,46.11061],[16.78973,46.11581],[16.79426,46.12588],[16.79234,46.12911],[16.78348,46.1264],[16.78637,46.11965],[16.78205,46.11416],[16.78537,46.11384],[16.78657,46.10344],[16.78235,46.10342],[16.77166,46.09033],[16.76685,46.09518],[16.76868,46.104],[16.76266,46.11069],[16.76784,46.11385],[16.76095,46.11422],[16.75864,46.10688],[16.75058,46.10617],[16.7543,46.11413],[16.75181,46.11929],[16.75531,46.12033],[16.74996,46.12668],[16.75624,46.1288],[16.75497,46.13316],[16.74801,46.13206],[16.74707,46.14716],[16.7514,46.1532],[16.77604,46.14583],[16.77552,46.15582],[16.74308,46.17008],[16.7181,46.17074],[16.70943,46.15956],[16.70102,46.16277],[16.67278,46.14648],[16.66326,46.1507],[16.61399,46.13738],[16.59213,46.14909],[16.59862,46.12894],[16.65321,46.12114],[16.67364,46.10157],[16.66265,46.08716],[16.67725,46.08329],[16.70815,46.05316],[16.71218,46.04381],[16.72076,46.03498],[16.72076,46.04009],[16.72896,46.04284],[16.73207,46.04794],[16.74677,46.04951],[16.75384,46.05775],[16.76799,46.05795],[16.77788,46.06207],[16.79676,46.04593],[16.807,46.05049],[16.81126,46.05666],[16.81565,46.05494],[16.82939,46.06213],[16.83271,46.06046],[16.83593,46.06635],[16.83302,46.06665],[16.83058,46.07378],[16.8328,46.07583],[16.83149,46.08582],[16.83554,46.08807]]]}},{"type":"Feature","properties":{"id":"HRV:ADM2:41942358B44612214737799","name":"Općina Beretinec","countryCode":"HRV","adminLevel":2,"sourceCode":"41942358B44612214737799","parentId":"HRV:ADM1:HRV-1610"},"geometry":{"type":"Polygon","coordinates":[[[16.2848,46.23031],[16.28484,46.23585],[16.29481,46.24098],[16.31078,46.23536],[16.31737,46.23759],[16.31639,46.25199],[16.32168,46.25948],[16.31105,46.26487],[16.29979,46.25864],[16.28963,46.25772],[16.28506,46.26714],[16.26972,46.26493],[16.2659,46.2608],[16.25466,46.25804],[16.25356,46.25256],[16.26278,46.25017],[16.27916,46.22896],[16.2848,46.23031]]]}},{"type":"Feature","properties":{"id":"HRV:ADM2:41942358B44648318365963","name":"Općina Jakšić","countryCode":"HRV","adminLevel":2,"sourceCode":"41942358B44648318365963","parentId":"HRV:ADM1:HRV-1604"},"geometry":{"type":"Polygon","coordinates":[[[17.75006,45.33683],[17.77916,45.33301],[17.78193,45.34651],[17.78682,45.35052],[17.79219,45.34928],[17.82912,45.35822],[17.82876,45.3614],[17.82617,45.36145],[17.81815,45.37863],[17.81169,45.37851],[17.8114,45.38224],[17.78571,45.38157],[17.78828,45.38986],[17.78373,45.38964],[17.78461,45.39281],[17.76101,45.39536],[17.76251,45.40121],[17.74944,45.39809],[17.7418,45.39966],[17.74281,45.39503],[17.73627,45.39514],[17.73734,45.38707],[17.72032,45.38471],[17.71721,45.36644],[17.71962,45.36119],[17.70695,45.35223],[17.71628,45.34491],[17.73483,45.34536],[17.74175,45.33894],[17.75006,45.33683]]]}},{"type":"Feature","properties":{"id":"HRV:ADM2:41942358B44898918819613","name":"Općina Oriovac","countryCode":"HRV","adminLevel":2,"sourceCode":"41942358B44898918819613","parentId":"HRV:ADM1:HRV-1602"},"geometry":{"type":"Polygon","coordinates":[[[17.78738,45.13268],[17.78031,45.19085],[17.76561,45.18743],[17.75955,45.18238],[17.75342,45.18656],[17.743,45.18421],[17.74025,45.18669],[17.72379,45.18707],[17.72096,45.18995],[17.72344,45.19444],[17.70402,45.1982],[17.7007,45.20317],[17.69496,45.20427],[17.68958,45.2005],[17.6942,45.19674],[17.69351,45.19288],[17.68845,45.18997],[17.69123,45.18548],[17.68325,45.17163],[17.67509,45.17061],[17.67386,45.16623],[17.6629,45.16134],[17.65696,45.16202],[17.65084,45.15555],[17.64396,45.15391],[17.65953,45.14343],[17.65836,45.13985],[17.6428,45.13249],[17.6275,45.13655],[17.62364,45.13394],[17.62692,45.13132],[17.62194,45.12756],[17.63407,45.12591],[17.6234,45.11569],[17.61153,45.11442],[17.60186,45.10844],[17.61161,45.11297],[17.62417,45.11382],[17.62972,45.12111],[17.64773,45.13036],[17.66968,45.13371],[17.67969,45.12934],[17.6937,45.11623],[17.71616,45.11126],[17.75956,45.08497],[17.77727,45.08476],[17.78392,45.0831],[17.79276,45.07473],[17.8127,45.07328],[17.81075,45.07526],[17.81315,45.07858],[17.79797,45.08498],[17.798,45.09497],[17.7915,45.09613],[17.79262,45.0985],[17.78592,45.10152],[17.78697,45.11074],[17.77714,45.10996],[17.77974,45.1116],[17.77841,45.11625],[17.78899,45.12479],[17.78738,45.13268]]]}},{"type":"Feature","properties":{"id":"HRV:ADM2:41942358B4499165766860","name":"Općina Posedarje","countryCode":"HRV","adminLevel":2,"sourceCode":"41942358B4499165766860","parentId":"HRV:ADM1:HRV-1493"},"geometry":{"type":"Polygon","coordinates":[[[15.48902,44.16423],[15.50652,44.18388],[15.47911,44.20175],[15.47066,44.20343],[15.46958,44.20832],[15.50814,44.21364],[15.51723,44.22068],[15.53626,44.21919],[15.52537,44.22652],[15.51897,44.24606],[15.5076,44.24974],[15.50508,44.24808],[15.50302,44.25083],[15.49338,44.24969],[15.4906,44.25347],[15.47808,44.25229],[15.47891,44.25534],[15.47109,44.25457],[15.46427,44.25885],[15.46262,44.25597],[15.45575,44.26051],[15.44224,44.26308],[15.42761,44.26069],[15.41754,44.25422],[15.40789,44.25643],[15.4014,44.24004],[15.36737,44.22031],[15.4017,44.20144],[15.4227,44.18368],[15.4291,44.17456],[15.44787,44.18443],[15.47014,44.16989],[15.48902,44.16423]]]}},{"type":"Feature","properties":{"id":"HRV:ADM2:41942358B4506197395448","name":"Općina Babina Greda","countryCode":"HRV","adminLevel":2,"sourceCode":"41942358B4506197395448","parentId":"HRV:ADM1:HRV-1605"},"geometry":{"type":"Polygon","coordinates":[[[18.51218,45.09689],[18.53122,45.09361],[18.5307,45.08975],[18.54013,45.09399],[18.54814,45.09269],[18.56958,45.07733],[18.57123,45.06803],[18.57511,45.06664],[18.58175,45.07182],[18.58047,45.0821],[18.56892,45.08944],[18.56791,45.09346],[18.59436,45.09291],[18.6035,45.10845],[18.59953,45.12364],[18.61251,45.12241],[18.62146,45.12915],[18.61578,45.13304],[18.60612,45.14863],[18.58986,45.14862],[18.59037,45.15372],[18.59603,45.15438],[18.58771,45.15535],[18.60264,45.16573],[18.60367,45.17635],[18.6105,45.18062],[18.56428,45.19381],[18.54634,45.19076],[18.54167,45.18294],[18.53648,45.18242],[18.53009,45.17204],[18.52705,45.17248],[18.52462,45.1654],[18.50678,45.14814],[18.50468,45.13956],[18.50158,45.13849],[18.50512,45.13622],[18.49967,45.13262],[18.50122,45.12936],[18.48934,45.12349],[18.49573,45.12084],[18.49367,45.11788],[18.49742,45.11662],[18.49591,45.11156],[18.50507,45.10956],[18.50615,45.10337],[18.51218,45.09689]]]}},{"type":"Feature","properties":{"id":"HRV:ADM2:41942358B45168798602767","name":"Općina Fažana","countryCode":"HRV","adminLevel":2,"sourceCode":"41942358B45168798602767","parentId":"HRV:ADM1:HRV-1592"},"geometry":{"type":"Polygon","coordinates":[[[13.80169,44.93062],[13.79092,44.93962],[13.80599,44.94115],[13.80899,44.93856],[13.81128,44.94387],[13.81637,44.94633],[13.82045,44.95868],[13.82944,44.95609],[13.83141,44.94776],[13.82877,44.94273],[13.84626,44.93827],[13.84256,44.92387],[13.83547,44.92257],[13.83783,44.91953],[13.83575,44.9145],[13.8297,44.90113],[13.82321,44.90546],[13.81064,44.90578],[13.8131,44.90805],[13.80941,44.91179],[13.8146,44.9144],[13.80927,44.91195],[13.80625,44.9135],[13.80812,44.91543],[13.80283,44.91981],[13.80169,44.93062]]]}},{"type":"Feature","properties":{"id":"HRV:ADM2:41942358B45590159504357","name":"Grad Glina","countryCode":"HRV","adminLevel":2,"sourceCode":"41942358B45590159504357","parentId":"HRV:ADM1:HRV-1587"},"geometry":{"type":"Polygon","coordinates":[[[16.26697,45.2115],[16.27538,45.22404],[16.27548,45.24441],[16.28663,45.25745],[16.28405,45.26949],[16.28669,45.27282],[16.28413,45.27703],[16.2858,45.28169],[16.28068,45.28824],[16.28526,45.29075],[16.28449,45.29388],[16.28026,45.29308],[16.2779,45.29656],[16.25069,45.30824],[16.2516,45.30645],[16.23828,45.30179],[16.22687,45.31253],[16.22845,45.31536],[16.2194,45.31757],[16.22642,45.32371],[16.21151,45.32818],[16.20931,45.33698],[16.19623,45.35324],[16.19544,45.3566],[16.20356,45.35803],[16.19142,45.37245],[16.19683,45.37209],[16.19889,45.38032],[16.1913,45.38371],[16.18581,45.38251],[16.18819,45.37593],[16.18552,45.37498],[16.15795,45.37793],[16.15583,45.37355],[16.15066,45.37808],[16.15236,45.38546],[16.14963,45.38932],[16.15517,45.39055],[16.15133,45.39205],[16.15537,45.39724],[16.14971,45.39877],[16.14951,45.4022],[16.14625,45.4005],[16.14859,45.39667],[16.14276,45.39594],[16.13775,45.40124],[16.13108,45.39841],[16.13082,45.40296],[16.13355,45.40358],[16.12615,45.40454],[16.12717,45.40776],[16.13179,45.40726],[16.12651,45.41163],[16.13113,45.41236],[16.13029,45.41533],[16.13691,45.42072],[16.13505,45.42535],[16.12072,45.42705],[16.1285,45.43269],[16.12145,45.43529],[16.10371,45.42737],[16.07984,45.43646],[16.07646,45.44876],[16.03984,45.48438],[16.02268,45.48535],[16.01707,45.48886],[16.00859,45.48675],[15.9982,45.47639],[15.97452,45.46956],[15.94529,45.47006],[15.92666,45.47442],[15.92782,45.46826],[15.92398,45.46611],[15.93027,45.46124],[15.92795,45.45554],[15.93499,45.4499],[15.93585,45.44535],[15.9436,45.44361],[15.94619,45.43633],[15.95477,45.43455],[15.96367,45.42632],[15.9757,45.4243],[15.98155,45.41893],[15.99354,45.41518],[15.99018,45.41024],[15.98176,45.41036],[15.97754,45.39921],[15.97946,45.39378],[15.97695,45.38517],[15.98088,45.38283],[15.98319,45.37485],[15.9796,45.36345],[15.98658,45.35786],[15.98875,45.3468],[15.99615,45.33824],[15.99496,45.32984],[16.01486,45.32699],[16.02288,45.33268],[16.02828,45.3322],[16.02963,45.33739],[16.03546,45.33572],[16.03708,45.33898],[16.04676,45.33835],[16.04278,45.33594],[16.04812,45.33393],[16.04016,45.33074],[16.04339,45.33005],[16.04095,45.32697],[16.04437,45.32647],[16.04392,45.32391],[16.03097,45.31644],[16.03367,45.31527],[16.03091,45.31559],[16.03213,45.31223],[16.027,45.30714],[16.02917,45.30223],[16.02424,45.30237],[16.01429,45.29488],[16.01648,45.29017],[16.01439,45.28486],[16.022,45.28295],[16.0174,45.27751],[16.009,45.27649],[16.00903,45.27213],[16.01604,45.27107],[16.00053,45.25708],[16.00509,45.25286],[15.99989,45.24481],[15.98954,45.24618],[15.99019,45.24267],[15.97577,45.23139],[15.99384,45.22115],[16.00027,45.22188],[16.0043,45.21734],[16.01468,45.21799],[16.02175,45.20203],[16.03045,45.20112],[16.01467,45.18328],[16.01566,45.17989],[16.04651,45.17916],[16.04848,45.18475],[16.05992,45.18702],[16.07941,45.18325],[16.08503,45.19455],[16.08791,45.19434],[16.08616,45.18095],[16.09186,45.17576],[16.08618,45.17138],[16.09881,45.15758],[16.10478,45.16116],[16.1134,45.15843],[16.11865,45.16108],[16.12525,45.15803],[16.13584,45.1592],[16.14086,45.15495],[16.13956,45.16135],[16.14514,45.16777],[16.16434,45.16462],[16.17401,45.17619],[16.17358,45.18059],[16.20009,45.18175],[16.21837,45.19285],[16.23431,45.20843],[16.23898,45.20624],[16.24695,45.21482],[16.25723,45.2157],[16.26697,45.2115]]]}},{"type":"Feature","properties":{"id":"HRV:ADM2:41942358B45790635822188","name":"Otok Krk","countryCode":"HRV","adminLevel":2,"sourceCode":"41942358B45790635822188","parentId":"HRV:ADM1:HRV-1586"},"geometry":{"type":"MultiPolygon","coordinates":[[[[14.43501,45.09312],[14.46917,45.09866],[14.47148,45.10334],[14.4774,45.10369],[14.49091,45.09622],[14.4944,45.09843],[14.50238,45.09636],[14.50095,45.09101],[14.50396,45.08312],[14.51954,45.08331],[14.53227,45.07686],[14.5554,45.0764],[14.56705,45.08685],[14.5657,45.08978],[14.5725,45.09338],[14.57295,45.09713],[14.5599,45.10299],[14.55417,45.11072],[14.55769,45.11294],[14.55625,45.11608],[14.55245,45.11859],[14.55761,45.1205],[14.55784,45.13005],[14.56926,45.13723],[14.56869,45.14429],[14.56342,45.14779],[14.57868,45.15428],[14.58178,45.15843],[14.58358,45.16513],[14.57645,45.1742],[14.58592,45.1811],[14.61311,45.18723],[14.61898,45.18377],[14.62136,45.17967],[14.62089,45.17856],[14.62192,45.17871],[14.62379,45.17548],[14.60995,45.17074],[14.60779,45.17114],[14.60718,45.16979],[14.59742,45.16645],[14.60577,45.16248],[14.5979,45.15582],[14.59693,45.15124],[14.60349,45.14893],[14.61963,45.15429],[14.62104,45.15851],[14.62129,45.15856],[14.64373,45.15681],[14.64829,45.15786],[14.65,45.15756],[14.6505,45.1516],[14.66767,45.14698],[14.66842,45.15158],[14.67091,45.14346],[14.66499,45.12609],[14.66473,45.12604],[14.66487,45.12573],[14.6634,45.12141],[14.65824,45.12154],[14.66182,45.11677],[14.65895,45.10834],[14.66134,45.10043],[14.66106,45.10039],[14.66151,45.09988],[14.66313,45.09451],[14.66232,45.0939],[14.66333,45.09383],[14.66395,45.0918],[14.66324,45.09134],[14.6644,45.0903],[14.66529,45.08735],[14.67392,45.08067],[14.67177,45.07809],[14.67588,45.07868],[14.67794,45.07756],[14.67807,45.07746],[14.67817,45.07744],[14.70143,45.06484],[14.70951,45.065],[14.71491,45.07181],[14.72325,45.06889],[14.7269,45.06299],[14.72979,45.06454],[14.72868,45.06813],[14.7381,45.06789],[14.7363,45.06584],[14.7392,45.06354],[14.73344,45.05736],[14.73869,45.05763],[14.74021,45.05647],[14.74,45.04434],[14.74073,45.04386],[14.74052,45.04337],[14.74477,45.03327],[14.75938,45.01846],[14.76883,45.01537],[14.77006,45.01058],[14.78389,45.00804],[14.79864,45.00011],[14.79517,44.9951],[14.79932,44.99019],[14.8015,44.99104],[14.79837,44.9952],[14.80433,44.99562],[14.8055,44.99478],[14.81495,44.97748],[14.80972,44.97748],[14.79956,44.98412],[14.8064,44.97622],[14.79721,44.97134],[14.78468,44.96931],[14.77223,44.97134],[14.76092,44.97748],[14.74724,44.97004],[14.74724,44.96381],[14.7485,44.96301],[14.74669,44.95871],[14.75707,44.94909],[14.75685,44.94872],[14.74203,44.94473],[14.7234,44.94335],[14.70639,44.94672],[14.68841,44.95537],[14.68852,44.95606],[14.67787,44.96471],[14.66475,44.96674],[14.65789,44.97004],[14.62892,44.97818],[14.62452,44.9855],[14.62442,44.98769],[14.62806,44.98982],[14.62691,45.00018],[14.62402,45.00471],[14.62461,45.0131],[14.62757,45.01745],[14.62907,45.03402],[14.62631,45.03723],[14.62631,45.03726],[14.62086,45.0456],[14.60328,45.03897],[14.60328,45.03217],[14.60838,45.02936],[14.60694,45.02732],[14.61391,45.02448],[14.59106,45.02328],[14.5884,45.02469],[14.57845,45.025],[14.5788,45.02745],[14.57326,45.0252],[14.51051,45.03217],[14.48536,45.03803],[14.46013,45.05239],[14.44982,45.06112],[14.45032,45.06154],[14.44948,45.06141],[14.43873,45.0705],[14.43131,45.07965],[14.43501,45.09312]]],[[[14.76825,44.92886],[14.77282,44.93322],[14.78194,44.93193],[14.78377,44.9311],[14.78736,44.92701],[14.79208,44.92731],[14.79649,44.9253],[14.80075,44.92179],[14.80849,44.91935],[14.81517,44.9141],[14.81519,44.91404],[14.81523,44.91405],[14.82273,44.90815],[14.82328,44.90721],[14.82444,44.9068],[14.82851,44.90361],[14.82596,44.90159],[14.83182,44.89718],[14.83578,44.88683],[14.8318,44.88686],[14.79111,44.90427],[14.78838,44.90436],[14.77858,44.90847],[14.768,44.91779],[14.76792,44.92713],[14.76825,44.92886]]]]}},{"type":"Feature","properties":{"id":"HRV:ADM2:41942358B45908620030529","name":"Grad Bakar","countryCode":"HRV","adminLevel":2,"sourceCode":"41942358B45908620030529","parentId":"HRV:ADM1:HRV-1586"},"geometry":{"type":"Polygon","coordinates":[[[14.53589,45.30696],[14.53706,45.30283],[14.5531,45.29068],[14.55298,45.2904],[14.52378,45.30744],[14.53097,45.31539],[14.52203,45.315],[14.48524,45.33457],[14.50369,45.34168],[14.52736,45.35757],[14.56324,45.36324],[14.59873,45.37425],[14.59757,45.37796],[14.62146,45.43141],[14.62589,45.38844],[14.61954,45.38447],[14.61782,45.37539],[14.65919,45.36529],[14.66049,45.34057],[14.64965,45.32539],[14.68657,45.29871],[14.67722,45.2873],[14.67366,45.28875],[14.66838,45.28552],[14.65675,45.26873],[14.64177,45.26068],[14.63842,45.25382],[14.61761,45.26277],[14.58276,45.2873],[14.5784,45.28877],[14.57802,45.28839],[14.57081,45.29365],[14.53435,45.31269],[14.54699,45.30209],[14.53589,45.30696]]]}},{"type":"Feature","properties":{"id":"HRV:ADM2:41942358B46096847751345","name":"Općina Marija Bistrica","countryCode":"HRV","adminLevel":2,"sourceCode":"41942358B46096847751345","parentId":"HRV:ADM1:HRV-1582"},"geometry":{"type":"Polygon","coordinates":[[[16.15517,45.96902],[16.15792,45.98673],[16.16134,45.98982],[16.15683,45.99468],[16.17979,46.00039],[16.20441,45.99566],[16.20179,45.99986],[16.18693,46.00502],[16.18577,46.00939],[16.17816,46.01301],[16.17518,46.02771],[16.17144,46.03227],[16.16534,46.03322],[16.15705,46.02926],[16.15189,46.03837],[16.13929,46.04477],[16.12319,46.04094],[16.10189,46.04332],[16.09024,46.03935],[16.07176,46.04401],[16.03618,46.03837],[16.02636,46.04228],[16.02557,46.03686],[16.02957,46.0311],[16.04456,46.02563],[16.04974,46.02069],[16.06266,46.01863],[16.07755,46.0031],[16.07793,45.9935],[16.08647,45.98846],[16.08733,45.9836],[16.08115,45.9822],[16.08081,45.97516],[16.09192,45.96211],[16.08448,45.9561],[16.09598,45.95349],[16.10781,45.9559],[16.11364,45.96199],[16.11399,45.96846],[16.1336,45.96476],[16.13968,45.96805],[16.15517,45.96902]]]}},{"type":"Feature","properties":{"id":"HRV:ADM2:41942358B46214263288807","name":"Općina Dvor","countryCode":"HRV","adminLevel":2,"sourceCode":"41942358B46214263288807","parentId":"HRV:ADM1:HRV-1587"},"geometry":{"type":"Polygon","coordinates":[[[16.46567,45.2182],[16.45837,45.21464],[16.45611,45.21907],[16.44075,45.22162],[16.42214,45.23179],[16.41019,45.22656],[16.39416,45.22608],[16.38743,45.23462],[16.37066,45.2414],[16.36522,45.23596],[16.35416,45.23538],[16.35243,45.23019],[16.34582,45.22676],[16.34051,45.23069],[16.34394,45.23438],[16.3343,45.23538],[16.33198,45.23884],[16.32645,45.229],[16.33029,45.22195],[16.32814,45.21873],[16.31886,45.21298],[16.30925,45.21334],[16.30115,45.22501],[16.29458,45.21395],[16.28311,45.20348],[16.28948,45.19872],[16.2778,45.20148],[16.27047,45.19477],[16.26194,45.19306],[16.26584,45.19919],[16.26697,45.2115],[16.25723,45.2157],[16.24695,45.21482],[16.23898,45.20624],[16.23431,45.20843],[16.21837,45.19285],[16.20009,45.18175],[16.17358,45.18059],[16.17401,45.17619],[16.16434,45.16462],[16.14514,45.16777],[16.13956,45.16135],[16.14086,45.15495],[16.13584,45.1592],[16.12525,45.15803],[16.11865,45.16108],[16.1134,45.15843],[16.10478,45.16116],[16.09881,45.15758],[16.08618,45.17138],[16.09186,45.17576],[16.08616,45.18095],[16.08791,45.19434],[16.08503,45.19455],[16.07941,45.18325],[16.05992,45.18702],[16.04848,45.18475],[16.04641,45.17269],[16.05161,45.17158],[16.05665,45.15796],[16.07809,45.14224],[16.08581,45.13183],[16.0844,45.11061],[16.08995,45.10435],[16.1028,45.09962],[16.10892,45.0927],[16.12175,45.09305],[16.1317,45.08661],[16.13862,45.09082],[16.14408,45.08537],[16.15553,45.08281],[16.17223,45.07252],[16.17393,45.07037],[16.17014,45.06671],[16.17548,45.06236],[16.17595,45.05263],[16.18613,45.04626],[16.19368,45.03104],[16.20908,45.03257],[16.21142,45.02928],[16.22922,45.02455],[16.22982,45.0172],[16.23635,45.01466],[16.25318,45.0143],[16.25757,45.01109],[16.26205,45.01689],[16.26912,45.01685],[16.27299,45.01409],[16.27374,45.00623],[16.28431,45.0083],[16.28948,44.9957],[16.29301,44.99925],[16.30707,45.0007],[16.31184,44.99804],[16.32111,45.00223],[16.33945,45.00034],[16.35432,45.00305],[16.35853,45.01151],[16.35588,45.01759],[16.35878,45.02515],[16.35552,45.03122],[16.36053,45.03822],[16.37097,45.04301],[16.37457,45.05142],[16.38335,45.05166],[16.38768,45.07241],[16.38656,45.08204],[16.39568,45.08967],[16.39517,45.09397],[16.40287,45.0985],[16.39298,45.10428],[16.39444,45.11271],[16.40969,45.12064],[16.43727,45.12676],[16.44469,45.13364],[16.46332,45.14246],[16.47342,45.15926],[16.4786,45.16073],[16.47433,45.18262],[16.4847,45.19105],[16.49121,45.20779],[16.49718,45.21179],[16.4873,45.21797],[16.46567,45.2182]]]}},{"type":"Feature","properties":{"id":"HRV:ADM2:41942358B464961087858","name":"Općina Udbina","countryCode":"HRV","adminLevel":2,"sourceCode":"41942358B464961087858","parentId":"HRV:ADM1:HRV-1493"},"geometry":{"type":"Polygon","coordinates":[[[15.53502,44.68985],[15.53022,44.68149],[15.53321,44.67125],[15.52393,44.66317],[15.5233,44.6552],[15.52912,44.64563],[15.54426,44.64065],[15.55355,44.6334],[15.55005,44.62492],[15.55693,44.61644],[15.55712,44.60174],[15.54942,44.58707],[15.5747,44.57659],[15.58733,44.55211],[15.60703,44.54118],[15.61977,44.52789],[15.62748,44.52593],[15.63196,44.51269],[15.62854,44.50789],[15.63644,44.50324],[15.65092,44.48669],[15.7765,44.42758],[15.78301,44.42827],[15.79798,44.43757],[15.81556,44.4378],[15.82825,44.44663],[15.85201,44.45174],[15.86275,44.46406],[15.8634,44.46963],[15.87675,44.47567],[15.88065,44.47195],[15.88977,44.47381],[15.91027,44.48449],[15.92687,44.50098],[15.93468,44.50423],[15.93979,44.52148],[15.83489,44.71379],[15.8169,44.72445],[15.8125,44.73725],[15.79862,44.72987],[15.79555,44.72465],[15.79681,44.72019],[15.78797,44.72082],[15.77975,44.71279],[15.78977,44.71223],[15.80064,44.69896],[15.76966,44.68323],[15.74344,44.69581],[15.72956,44.69837],[15.71113,44.69959],[15.6925,44.6957],[15.68556,44.70387],[15.67085,44.71157],[15.65236,44.71056],[15.64915,44.7048],[15.63928,44.6995],[15.61994,44.70301],[15.6027,44.69951],[15.58272,44.7049],[15.58407,44.69886],[15.59964,44.68467],[15.58621,44.68732],[15.58325,44.68139],[15.57047,44.69003],[15.54179,44.68769],[15.53805,44.68395],[15.53501,44.68495],[15.53502,44.68985]]]}},{"type":"Feature","properties":{"id":"HRV:ADM2:41942358B46601787133135","name":"Općina Tounj","countryCode":"HRV","adminLevel":2,"sourceCode":"41942358B46601787133135","parentId":"HRV:ADM1:HRV-1583"},"geometry":{"type":"Polygon","coordinates":[[[15.43755,45.23185],[15.43858,45.23419],[15.4257,45.23962],[15.42783,45.24401],[15.42253,45.24759],[15.42414,45.2502],[15.41971,45.25262],[15.42204,45.25442],[15.41875,45.25747],[15.4079,45.25912],[15.3879,45.27404],[15.33751,45.28636],[15.34266,45.29101],[15.31486,45.29089],[15.30974,45.27846],[15.30072,45.2749],[15.29714,45.27626],[15.29618,45.28154],[15.29134,45.28084],[15.28597,45.28477],[15.26765,45.27732],[15.26876,45.27418],[15.28061,45.27344],[15.30258,45.24806],[15.31311,45.23022],[15.32324,45.2276],[15.3248,45.22099],[15.3379,45.21173],[15.38464,45.19619],[15.39442,45.17441],[15.40232,45.16443],[15.41311,45.15851],[15.43244,45.15844],[15.45349,45.16808],[15.45133,45.17857],[15.43505,45.19039],[15.42851,45.19902],[15.4329,45.19987],[15.43148,45.2024],[15.43463,45.20511],[15.43141,45.21656],[15.43682,45.22201],[15.4397,45.22958],[15.43755,45.23185]]]}},{"type":"Feature","properties":{"id":"HRV:ADM2:41942358B46644525673604","name":"Općina Civljane","countryCode":"HRV","adminLevel":2,"sourceCode":"41942358B46644525673604","parentId":"HRV:ADM1:HRV-1493"},"geometry":{"type":"Polygon","coordinates":[[[16.35423,43.94464],[16.35456,43.92443],[16.36734,43.91661],[16.38631,43.91477],[16.39661,43.91871],[16.40737,43.91673],[16.41272,43.92304],[16.39931,43.92881],[16.39847,43.93193],[16.41385,43.94808],[16.41851,43.94479],[16.42364,43.94933],[16.43834,43.94543],[16.45044,43.95276],[16.45623,43.96216],[16.48622,43.97279],[16.54109,43.97411],[16.54877,43.96764],[16.54225,43.98604],[16.51359,44.00654],[16.50515,44.02612],[16.46788,44.03023],[16.44177,44.02814],[16.43353,44.01884],[16.43207,44.01263],[16.41654,43.99819],[16.41227,44.00245],[16.40565,44.00038],[16.40763,43.99791],[16.40351,43.98451],[16.39435,43.9749],[16.39328,43.96623],[16.35423,43.94464]]]}},{"type":"Feature","properties":{"id":"HRV:ADM2:41942358B46715016084825","name":"Općina Hrvace","countryCode":"HRV","adminLevel":2,"sourceCode":"41942358B46715016084825","parentId":"HRV:ADM1:HRV-1492"},"geometry":{"type":"Polygon","coordinates":[[[16.71885,43.82128],[16.72187,43.82648],[16.7168,43.85136],[16.69919,43.86227],[16.66684,43.87504],[16.66537,43.87944],[16.64571,43.88802],[16.62331,43.9061],[16.52009,43.84802],[16.5329,43.83521],[16.51979,43.83233],[16.50387,43.83604],[16.48491,43.79056],[16.50151,43.78202],[16.50377,43.77157],[16.51728,43.756],[16.52987,43.75409],[16.59433,43.75739],[16.56961,43.74039],[16.59888,43.73207],[16.63068,43.73672],[16.64776,43.74456],[16.64208,43.74769],[16.65229,43.75724],[16.65329,43.7623],[16.65646,43.7627],[16.6469,43.76879],[16.6453,43.7729],[16.64869,43.77664],[16.71885,43.82128]]]}},{"type":"Feature","properties":{"id":"HRV:ADM2:41942358B46819111733019","name":"Grad Novska","countryCode":"HRV","adminLevel":2,"sourceCode":"41942358B46819111733019","parentId":"HRV:ADM1:HRV-1587"},"geometry":{"type":"Polygon","coordinates":[[[17.17597,45.3486],[17.1647,45.35383],[17.15828,45.34873],[17.13649,45.34365],[17.12879,45.34981],[17.13404,45.3555],[17.131,45.36434],[17.11831,45.37269],[17.07657,45.38222],[17.07305,45.38815],[17.06059,45.39307],[17.05339,45.39249],[17.05425,45.39599],[17.04682,45.39195],[17.04365,45.39486],[17.05552,45.40499],[17.05447,45.40969],[17.06057,45.41297],[17.0569,45.41894],[17.07118,45.42129],[17.06711,45.43104],[17.07003,45.43522],[17.05868,45.43868],[17.05115,45.43827],[17.04614,45.4195],[17.04245,45.42319],[17.039,45.42035],[17.03165,45.42297],[17.0308,45.41779],[17.02629,45.42162],[17.02685,45.42572],[17.02159,45.42285],[17.0207,45.40039],[17.01347,45.40217],[17.01258,45.40849],[17.00093,45.40504],[16.98407,45.40912],[16.98286,45.40634],[16.97827,45.40751],[16.96214,45.40108],[16.93592,45.40046],[16.93286,45.39822],[16.93531,45.39319],[16.91172,45.39044],[16.90932,45.38466],[16.9124,45.38136],[16.90689,45.38179],[16.91175,45.37801],[16.89974,45.37659],[16.89024,45.36847],[16.87826,45.37352],[16.87359,45.37184],[16.87516,45.36925],[16.86735,45.36953],[16.86299,45.37361],[16.82133,45.34587],[16.82221,45.34135],[16.81216,45.34046],[16.80871,45.33684],[16.81384,45.32527],[16.81956,45.32728],[16.82692,45.32249],[16.83074,45.3163],[16.82673,45.31139],[16.83578,45.30585],[16.84718,45.30686],[16.85336,45.30066],[16.86223,45.29926],[16.87601,45.29984],[16.89133,45.30709],[16.92043,45.30561],[16.93085,45.29819],[16.95378,45.29673],[16.95644,45.28753],[16.96398,45.28414],[17.00337,45.27582],[17.01318,45.27877],[17.01772,45.27666],[17.01791,45.27964],[17.0193,45.27723],[17.02498,45.27813],[17.03465,45.2731],[17.03128,45.27163],[17.03385,45.26911],[17.03897,45.27048],[17.04274,45.2657],[17.05152,45.26419],[17.05275,45.2598],[17.06261,45.26171],[17.06228,45.25632],[17.04889,45.25531],[17.05022,45.25073],[17.05475,45.25181],[17.05698,45.24742],[17.06622,45.24913],[17.06312,45.24609],[17.07089,45.24318],[17.079,45.24639],[17.08472,45.23835],[17.08625,45.24099],[17.09203,45.23934],[17.09035,45.24405],[17.09755,45.24952],[17.13618,45.26285],[17.15402,45.28703],[17.16196,45.2928],[17.17226,45.29658],[17.18886,45.29351],[17.18156,45.30389],[17.16877,45.31382],[17.17696,45.31609],[17.17586,45.32547],[17.18509,45.32304],[17.18573,45.32672],[17.19452,45.32737],[17.1929,45.33422],[17.18524,45.33926],[17.1788,45.33626],[17.18039,45.3421],[17.17597,45.3486]]]}},{"type":"Feature","properties":{"id":"HRV:ADM2:41942358B46895953999476","name":"Općina Zdenci","countryCode":"HRV","adminLevel":2,"sourceCode":"41942358B46895953999476","parentId":"HRV:ADM1:HRV-1606"},"geometry":{"type":"Polygon","coordinates":[[[17.98976,45.56251],[17.99167,45.57349],[18.002,45.58064],[18.00119,45.58596],[18.01336,45.5911],[18.04751,45.63468],[18.06738,45.63022],[18.0671,45.64316],[18.04511,45.6452],[18.03396,45.64236],[18.02342,45.65695],[17.99273,45.64604],[17.98682,45.6396],[17.96798,45.63197],[17.96063,45.65248],[17.9646,45.65294],[17.96261,45.66307],[17.93949,45.6604],[17.9471,45.64457],[17.9357,45.64675],[17.93106,45.64474],[17.92821,45.65066],[17.91883,45.64858],[17.93145,45.62735],[17.91801,45.60635],[17.88998,45.5909],[17.91798,45.57636],[17.90985,45.57098],[17.92408,45.56096],[17.92506,45.55626],[17.95496,45.56025],[17.95842,45.55373],[17.97767,45.55073],[17.97624,45.55722],[17.98532,45.55849],[17.98976,45.56251]]]}},{"type":"Feature","properties":{"id":"HRV:ADM2:41942358B47266893011476","name":"Općina Lokvičići","countryCode":"HRV","adminLevel":2,"sourceCode":"41942358B47266893011476","parentId":"HRV:ADM1:HRV-1492"},"geometry":{"type":"Polygon","coordinates":[[[17.10219,43.43279],[17.10829,43.4355],[17.11331,43.44298],[17.1149,43.45336],[17.10243,43.4641],[17.10091,43.47106],[17.10689,43.47385],[17.10606,43.47935],[17.10232,43.47963],[17.09473,43.49116],[17.06872,43.50922],[17.03782,43.49988],[17.04559,43.48986],[17.04147,43.48687],[17.04821,43.47908],[17.05009,43.46999],[17.09346,43.4348],[17.10219,43.43279]]]}},{"type":"Feature","properties":{"id":"HRV:ADM2:41942358B47625090696764","name":"Grad Senj","countryCode":"HRV","adminLevel":2,"sourceCode":"41942358B47625090696764","parentId":"HRV:ADM1:HRV-1584"},"geometry":{"type":"Polygon","coordinates":[[[14.88666,45.03919],[14.88117,45.04314],[14.88785,45.04186],[14.8905,45.0443],[14.88329,45.05767],[14.88763,45.06183],[14.89698,45.0603],[14.89927,45.06636],[14.91332,45.06545],[14.90795,45.07121],[14.92193,45.07566],[14.91984,45.07953],[14.92588,45.07819],[14.9275,45.08357],[14.93653,45.08047],[14.94306,45.07017],[14.93646,45.06614],[14.94304,45.06462],[14.96532,45.07538],[14.98363,45.07052],[15.00069,45.07436],[15.0132,45.0659],[15.01865,45.05824],[15.01024,45.05179],[15.00715,45.04368],[15.00256,45.0419],[15.01848,45.02795],[15.0341,44.98569],[15.08869,44.95347],[15.10118,44.94278],[15.09049,44.94481],[15.08217,44.94245],[15.08122,44.93436],[15.07633,44.93005],[15.09135,44.92601],[15.08921,44.92543],[15.09461,44.90465],[15.09122,44.90016],[15.07135,44.89297],[15.07462,44.88653],[15.07968,44.8844],[15.09727,44.85523],[15.11513,44.83956],[15.12023,44.82979],[15.11839,44.81923],[15.12441,44.80985],[15.11839,44.80449],[15.12217,44.7956],[15.11238,44.79219],[15.11084,44.78327],[15.10174,44.77014],[15.10242,44.75624],[15.09109,44.74344],[15.09127,44.72954],[15.07668,44.72186],[15.06708,44.70584],[15.07094,44.67724],[15.08281,44.64734],[15.07994,44.64082],[15.05505,44.65315],[15.02483,44.63202],[15.01608,44.63562],[14.99539,44.59022],[14.99251,44.58835],[14.96348,44.62078],[14.96325,44.62462],[14.95843,44.62861],[14.96193,44.63079],[14.95424,44.63164],[14.95265,44.63698],[14.94805,44.63803],[14.94487,44.64158],[14.94512,44.64259],[14.94385,44.64272],[14.92636,44.66226],[14.92657,44.66352],[14.93093,44.66357],[14.92573,44.66724],[14.92805,44.66961],[14.921,44.67092],[14.9197,44.67601],[14.91307,44.67971],[14.91434,44.6818],[14.90866,44.68373],[14.91216,44.6895],[14.90361,44.68813],[14.90451,44.69109],[14.89907,44.69456],[14.89771,44.69716],[14.90355,44.70009],[14.89624,44.69995],[14.89543,44.7015],[14.89788,44.70594],[14.89192,44.70851],[14.89393,44.71173],[14.88915,44.71672],[14.89168,44.71941],[14.88973,44.72127],[14.8987,44.72001],[14.8965,44.72317],[14.8983,44.72709],[14.89269,44.72602],[14.89216,44.72884],[14.89401,44.73485],[14.89444,44.73533],[14.89811,44.73438],[14.89898,44.7427],[14.89423,44.74715],[14.89389,44.75096],[14.88746,44.76837],[14.88847,44.76876],[14.88728,44.76937],[14.88502,44.782],[14.8874,44.78434],[14.88463,44.78412],[14.8838,44.78876],[14.88322,44.80199],[14.88402,44.80193],[14.88319,44.80265],[14.88263,44.81534],[14.88534,44.81745],[14.88252,44.81783],[14.88224,44.82403],[14.88467,44.82576],[14.8818,44.83407],[14.88172,44.83577],[14.88656,44.83635],[14.88156,44.83952],[14.88156,44.83959],[14.88207,44.84446],[14.88521,44.84359],[14.88711,44.84747],[14.88416,44.84903],[14.88488,44.85913],[14.88887,44.85415],[14.89434,44.86011],[14.8958,44.86743],[14.89246,44.87957],[14.89824,44.88252],[14.89572,44.88613],[14.9024,44.89673],[14.90678,44.89648],[14.9033,44.89859],[14.90661,44.90723],[14.91142,44.90347],[14.91396,44.92024],[14.91666,44.92231],[14.91414,44.92577],[14.91986,44.92891],[14.92518,44.94531],[14.92328,44.94703],[14.92795,44.95139],[14.92507,44.95956],[14.92109,44.96178],[14.92171,44.96791],[14.91746,44.97175],[14.9194,44.97371],[14.91608,44.97599],[14.91432,44.98143],[14.88274,45.0333],[14.88666,45.03919]]]}},{"type":"Feature","properties":{"id":"HRV:ADM2:41942358B47754940543673","name":"Općina Zemunik Donji","countryCode":"HRV","adminLevel":2,"sourceCode":"41942358B47754940543673","parentId":"HRV:ADM1:HRV-1493"},"geometry":{"type":"Polygon","coordinates":[[[15.41898,44.14113],[15.39259,44.14496],[15.35715,44.1614],[15.34465,44.15398],[15.32905,44.13799],[15.29807,44.12918],[15.3292,44.11079],[15.3401,44.09766],[15.35739,44.0912],[15.36131,44.09414],[15.37627,44.09098],[15.38515,44.0825],[15.38996,44.08858],[15.41626,44.09435],[15.43185,44.10347],[15.43602,44.1031],[15.45164,44.11447],[15.42198,44.1318],[15.41898,44.14113]]]}},{"type":"Feature","properties":{"id":"HRV:ADM2:41942358B47782710704848","name":"Grad Rab","countryCode":"HRV","adminLevel":2,"sourceCode":"41942358B47782710704848","parentId":"HRV:ADM1:HRV-1586"},"geometry":{"type":"Polygon","coordinates":[[[14.73124,44.81498],[14.73241,44.81157],[14.74003,44.80866],[14.74373,44.81417],[14.81806,44.76093],[14.8273,44.75787],[14.84699,44.73491],[14.85308,44.73263],[14.85906,44.71735],[14.84962,44.70319],[14.82146,44.72065],[14.80838,44.73135],[14.8083,44.73262],[14.80621,44.73312],[14.77296,44.76032],[14.74049,44.77827],[14.74049,44.77049],[14.7417,44.76816],[14.7411,44.76842],[14.73371,44.76738],[14.73646,44.7653],[14.72495,44.76765],[14.70997,44.76789],[14.69947,44.7652],[14.66011,44.79698],[14.66156,44.79897],[14.66166,44.79899],[14.6698,44.79947],[14.67582,44.79571],[14.68296,44.79794],[14.70641,44.7849],[14.70864,44.79011],[14.69979,44.79468],[14.70574,44.79255],[14.70574,44.79877],[14.70232,44.80215],[14.70143,44.80435],[14.70134,44.80732],[14.70116,44.80788],[14.70635,44.80511],[14.70928,44.80713],[14.7093,44.80712],[14.708,44.80418],[14.7123,44.80163],[14.71878,44.80005],[14.71998,44.79877],[14.72397,44.79877],[14.72719,44.79798],[14.72645,44.79877],[14.72682,44.79877],[14.72627,44.79962],[14.72978,44.79923],[14.72099,44.8078],[14.71748,44.81322],[14.73124,44.81498]]]}},{"type":"Feature","properties":{"id":"HRV:ADM2:41942358B47856715850966","name":"Općina Kolan","countryCode":"HRV","adminLevel":2,"sourceCode":"41942358B47856715850966","parentId":"HRV:ADM1:HRV-1584"},"geometry":{"type":"Polygon","coordinates":[[[14.9006,44.49213],[14.89976,44.49739],[14.90723,44.49544],[14.91833,44.49722],[14.92109,44.50064],[14.91487,44.51513],[14.90503,44.5222],[14.89923,44.52837],[14.91549,44.53842],[14.9246,44.53485],[14.93262,44.536],[14.9423,44.52818],[14.94798,44.51865],[14.96222,44.51332],[14.97671,44.50308],[14.97002,44.49991],[14.98431,44.48887],[14.95468,44.47357],[14.94647,44.4773],[14.93904,44.47275],[14.90386,44.48812],[14.9006,44.49213]]]}},{"type":"Feature","properties":{"id":"HRV:ADM2:41942358B47909655537025","name":"Općina Barilović","countryCode":"HRV","adminLevel":2,"sourceCode":"41942358B47909655537025","parentId":"HRV:ADM1:HRV-1583"},"geometry":{"type":"Polygon","coordinates":[[[15.54041,45.28413],[15.52061,45.30315],[15.49909,45.30659],[15.50405,45.31342],[15.51911,45.32027],[15.51701,45.33117],[15.5119,45.33313],[15.50717,45.34252],[15.52217,45.336],[15.52312,45.33163],[15.54248,45.32667],[15.54797,45.32997],[15.54568,45.32323],[15.56756,45.31781],[15.56947,45.33857],[15.55939,45.34382],[15.55158,45.35426],[15.5699,45.36565],[15.56196,45.37045],[15.56518,45.37331],[15.56433,45.37785],[15.57685,45.37943],[15.58642,45.37618],[15.59213,45.379],[15.59456,45.38618],[15.60811,45.38786],[15.61086,45.39698],[15.59966,45.39326],[15.58843,45.39939],[15.57788,45.4112],[15.57292,45.42304],[15.56332,45.42693],[15.56202,45.43078],[15.568,45.4353],[15.56813,45.43926],[15.55596,45.44373],[15.56624,45.44896],[15.56052,45.45031],[15.56194,45.45514],[15.55627,45.45567],[15.54874,45.44804],[15.52514,45.4446],[15.54102,45.43644],[15.53353,45.43401],[15.53761,45.42857],[15.52334,45.42089],[15.52182,45.41809],[15.52778,45.41427],[15.52114,45.40542],[15.51169,45.40642],[15.50056,45.40209],[15.50285,45.39399],[15.49378,45.3928],[15.49406,45.38395],[15.48173,45.38681],[15.47175,45.37649],[15.45155,45.36465],[15.44838,45.3661],[15.44025,45.36207],[15.43983,45.35044],[15.44755,45.34153],[15.44386,45.33453],[15.44901,45.33085],[15.43605,45.31679],[15.40944,45.31637],[15.39696,45.32372],[15.39159,45.31845],[15.39579,45.30593],[15.39682,45.26619],[15.41344,45.25651],[15.4209,45.25605],[15.41971,45.25262],[15.42414,45.2502],[15.42253,45.24759],[15.42783,45.24401],[15.4257,45.23962],[15.43858,45.23419],[15.43755,45.23185],[15.44946,45.23947],[15.46463,45.23966],[15.48282,45.23071],[15.50171,45.22591],[15.50345,45.22768],[15.49727,45.22998],[15.50345,45.22993],[15.50287,45.23279],[15.49681,45.23539],[15.50143,45.25269],[15.49991,45.26097],[15.5228,45.27021],[15.54173,45.26904],[15.54116,45.27431],[15.54671,45.27813],[15.54041,45.28413]]]}},{"type":"Feature","properties":{"id":"HRV:ADM2:41942358B48015914691685","name":"Općina Sveti Ivan Žabno","countryCode":"HRV","adminLevel":2,"sourceCode":"41942358B48015914691685","parentId":"HRV:ADM1:HRV-1608"},"geometry":{"type":"Polygon","coordinates":[[[16.71099,46.00159],[16.70669,46.00131],[16.68772,46.01687],[16.66901,46.01592],[16.64824,46.04107],[16.63656,46.03594],[16.6357,46.04274],[16.63038,46.04131],[16.63313,46.03261],[16.62523,46.03392],[16.62918,46.02903],[16.62729,46.02534],[16.62128,46.02975],[16.62214,46.02188],[16.62068,46.02584],[16.61442,46.01628],[16.61304,46.02081],[16.60944,46.02128],[16.61442,46.02343],[16.60463,46.02319],[16.61562,46.02689],[16.60446,46.02647],[16.60369,46.03112],[16.59656,46.02683],[16.6036,46.0065],[16.59399,46.00114],[16.57477,45.97032],[16.5588,45.9681],[16.55348,45.97167],[16.53385,45.95896],[16.54201,45.95764],[16.569,45.94053],[16.57774,45.93942],[16.57853,45.93224],[16.59759,45.92175],[16.59918,45.92727],[16.61109,45.92893],[16.61982,45.92285],[16.63649,45.92175],[16.65873,45.92506],[16.66428,45.93114],[16.6754,45.93114],[16.6889,45.92783],[16.69813,45.91982],[16.70294,45.92926],[16.69842,45.93555],[16.70237,45.95817],[16.69757,45.97193],[16.71099,46.00159]]]}},{"type":"Feature","properties":{"id":"HRV:ADM2:41942358B48067545354715","name":"Općina Kneževi Vinogradi","countryCode":"HRV","adminLevel":2,"sourceCode":"41942358B48067545354715","parentId":"HRV:ADM1:HRV-1603"},"geometry":{"type":"Polygon","coordinates":[[[18.65649,45.77687],[18.64509,45.7731],[18.64713,45.76924],[18.64131,45.75509],[18.62886,45.74725],[18.63475,45.74519],[18.64649,45.72681],[18.66562,45.73124],[18.66857,45.729],[18.66974,45.73534],[18.67591,45.73639],[18.67438,45.72872],[18.68244,45.72715],[18.70157,45.73054],[18.70343,45.72407],[18.72889,45.73349],[18.73599,45.70279],[18.74718,45.69769],[18.75175,45.70049],[18.75433,45.69484],[18.76424,45.6926],[18.76801,45.69674],[18.77677,45.6978],[18.79266,45.68965],[18.81373,45.69],[18.81873,45.6963],[18.83812,45.70207],[18.84132,45.69475],[18.85516,45.68498],[18.85472,45.68129],[18.84774,45.67735],[18.84618,45.67042],[18.84954,45.66651],[18.85339,45.66896],[18.86007,45.66618],[18.86267,45.67427],[18.87156,45.68393],[18.90107,45.68454],[18.90049,45.68189],[18.90532,45.68219],[18.90655,45.69448],[18.91611,45.70328],[18.9128,45.70819],[18.9468,45.70384],[18.95333,45.6969],[18.96663,45.69477],[18.9742,45.70036],[18.9777,45.71283],[18.97166,45.72118],[18.91199,45.71183],[18.90847,45.71862],[18.91272,45.72476],[18.92707,45.72866],[18.94543,45.72368],[18.95874,45.72431],[18.97101,45.73141],[18.97663,45.73689],[18.97808,45.74433],[18.97349,45.75019],[18.96993,45.75019],[18.97106,45.76326],[18.96362,45.76698],[18.95358,45.76549],[18.92646,45.74802],[18.9129,45.74472],[18.86863,45.7594],[18.85226,45.76979],[18.85234,45.77418],[18.87027,45.78405],[18.87948,45.78495],[18.89204,45.77896],[18.91481,45.7841],[18.92011,45.79023],[18.92303,45.80566],[18.91495,45.8204],[18.89967,45.82571],[18.89374,45.82632],[18.8821,45.82115],[18.87866,45.80652],[18.8603,45.79701],[18.85922,45.7917],[18.84643,45.78818],[18.83786,45.78961],[18.83022,45.79545],[18.82814,45.80828],[18.83849,45.81656],[18.83321,45.81858],[18.83681,45.82062],[18.8227,45.82683],[18.8186,45.82166],[18.80723,45.82576],[18.8043,45.82222],[18.78586,45.81999],[18.77716,45.81515],[18.7724,45.81531],[18.76569,45.82096],[18.76319,45.81425],[18.73722,45.80752],[18.7369,45.80438],[18.72317,45.80715],[18.70146,45.80029],[18.69482,45.79506],[18.69708,45.79044],[18.69467,45.78711],[18.69125,45.78444],[18.68633,45.78606],[18.68511,45.78079],[18.67782,45.77894],[18.67791,45.77598],[18.65649,45.77687]],[[18.86782,45.72194],[18.86941,45.71791],[18.86246,45.71858],[18.86112,45.72353],[18.86782,45.72194]]]}},{"type":"Feature","properties":{"id":"HRV:ADM2:41942358B48192613940111","name":"Općina Galovac","countryCode":"HRV","adminLevel":2,"sourceCode":"41942358B48192613940111","parentId":"HRV:ADM1:HRV-1493"},"geometry":{"type":"Polygon","coordinates":[[[15.39922,44.08935],[15.38996,44.08858],[15.38552,44.07985],[15.37897,44.08198],[15.3779,44.07808],[15.38283,44.07758],[15.37796,44.06796],[15.38588,44.05308],[15.38912,44.05186],[15.40328,44.0621],[15.4231,44.06027],[15.42905,44.05526],[15.43647,44.05888],[15.42813,44.06926],[15.41817,44.07017],[15.40642,44.07732],[15.39922,44.08935]]]}},{"type":"Feature","properties":{"id":"HRV:ADM2:41942358B4835385905305","name":"Općina Pićan","countryCode":"HRV","adminLevel":2,"sourceCode":"41942358B4835385905305","parentId":"HRV:ADM1:HRV-1592"},"geometry":{"type":"Polygon","coordinates":[[[14.02776,45.14597],[14.03732,45.15332],[14.05076,45.15054],[14.05547,45.15873],[14.06722,45.16234],[14.06992,45.16885],[14.06725,45.17483],[14.0782,45.18735],[14.09715,45.19733],[14.10617,45.20973],[14.10222,45.20741],[14.10055,45.2097],[14.10392,45.21473],[14.08967,45.23085],[14.0978,45.23292],[14.09587,45.23657],[14.10309,45.24874],[14.11855,45.24648],[14.12172,45.25243],[14.10315,45.25266],[14.08765,45.2593],[14.09129,45.25109],[14.08401,45.23926],[14.0638,45.24249],[14.049,45.22888],[14.04563,45.2196],[14.03112,45.21832],[14.01785,45.19949],[14.00971,45.19344],[14.01036,45.15475],[14.02776,45.14597]]]}},{"type":"Feature","properties":{"id":"HRV:ADM2:41942358B48584796905591","name":"Grad Šibenik","countryCode":"HRV","adminLevel":2,"sourceCode":"41942358B48584796905591","parentId":"HRV:ADM1:HRV-1491"},"geometry":{"type":"MultiPolygon","coordinates":[[[[15.84127,43.73311],[15.84623,43.73131],[15.852,43.73496],[15.85594,43.7332],[15.85938,43.73947],[15.82488,43.75953],[15.80585,43.78402],[15.8073,43.79791],[15.80109,43.80808],[15.80812,43.81806],[15.80418,43.82326],[15.81688,43.82363],[15.81808,43.82734],[15.80984,43.83502],[15.82203,43.84654],[15.82795,43.8433],[15.84424,43.8256],[15.87672,43.80842],[15.86302,43.78983],[15.87561,43.77685],[15.87323,43.77459],[15.88086,43.77029],[15.87873,43.76837],[15.89765,43.75384],[15.90504,43.75526],[15.91483,43.75149],[15.9452,43.76632],[15.9276,43.77769],[15.92189,43.78683],[15.92425,43.79034],[15.92023,43.80121],[15.91316,43.80781],[15.92126,43.81481],[15.942,43.82163],[15.94828,43.81954],[15.96547,43.80344],[15.97395,43.80466],[15.97947,43.80203],[16.00054,43.80963],[16.01409,43.81883],[16.01943,43.82651],[16.02448,43.82577],[16.04045,43.83378],[16.0436,43.82964],[16.05605,43.82508],[16.05966,43.81813],[16.03789,43.80578],[16.0427,43.80252],[16.03828,43.79469],[16.0398,43.78624],[16.0534,43.77985],[16.05019,43.77658],[16.03266,43.7746],[16.02326,43.76115],[16.05405,43.74509],[16.06012,43.7454],[16.06828,43.73991],[16.07248,43.73202],[16.08072,43.72823],[16.09482,43.73108],[16.10027,43.7283],[16.10689,43.71232],[16.11309,43.70791],[16.11754,43.69874],[16.13104,43.70031],[16.15382,43.69579],[16.14019,43.66525],[16.12025,43.63522],[16.10861,43.63029],[16.1022,43.61076],[16.08263,43.61725],[16.06895,43.60917],[16.05603,43.60593],[15.97788,43.62315],[15.92252,43.62893],[15.92103,43.62981],[15.92522,43.63198],[15.97456,43.63056],[15.96142,43.6338],[15.96632,43.63373],[15.96632,43.64118],[15.9481,43.644],[15.94705,43.6456],[15.94922,43.64986],[15.95297,43.65087],[15.95143,43.65742],[15.94264,43.66429],[15.93927,43.66562],[15.93925,43.66591],[15.93736,43.66638],[15.93214,43.66844],[15.94262,43.67137],[15.94755,43.67102],[15.94733,43.67388],[15.95131,43.67849],[15.95766,43.68121],[15.9574,43.68599],[15.94659,43.6912],[15.93897,43.69644],[15.93971,43.67764],[15.93116,43.6765],[15.90675,43.69147],[15.89291,43.70051],[15.886,43.70034],[15.8768,43.70165],[15.87078,43.70319],[15.86451,43.70816],[15.857,43.71678],[15.86013,43.71943],[15.85897,43.72412],[15.8861,43.72764],[15.8905,43.71824],[15.89971,43.71333],[15.90568,43.71608],[15.89417,43.72358],[15.90625,43.72012],[15.89959,43.72429],[15.90172,43.72494],[15.89956,43.72845],[15.89473,43.72888],[15.88851,43.73518],[15.88869,43.74013],[15.85122,43.76257],[15.84749,43.76255],[15.84868,43.75943],[15.86906,43.74606],[15.87624,43.73852],[15.8798,43.7292],[15.86057,43.72734],[15.85616,43.73221],[15.85572,43.72495],[15.84691,43.72735],[15.844,43.72993],[15.8382,43.73229],[15.84127,43.73311]]],[[[15.94291,43.64512],[15.94316,43.64477],[15.94246,43.64488],[15.94291,43.64512]]],[[[15.93876,43.64793],[15.93983,43.64528],[15.92246,43.64797],[15.93122,43.64968],[15.92892,43.65213],[15.93483,43.64985],[15.93565,43.64965],[15.93876,43.64793]]],[[[15.91938,43.65044],[15.92078,43.64813],[15.9133,43.64808],[15.91938,43.65044]]],[[[15.6875,43.70445],[15.68085,43.71071],[15.68089,43.71548],[15.67582,43.71403],[15.67412,43.7161],[15.67449,43.71707],[15.67985,43.7173],[15.68847,43.71508],[15.68856,43.71588],[15.68922,43.71572],[15.69104,43.71403],[15.68941,43.71355],[15.69676,43.70426],[15.69768,43.70631],[15.70719,43.69961],[15.70408,43.69886],[15.70955,43.69683],[15.71355,43.69196],[15.71465,43.69179],[15.71531,43.69042],[15.72091,43.69084],[15.72633,43.69001],[15.72472,43.68679],[15.72256,43.68639],[15.72297,43.68329],[15.72202,43.68138],[15.72108,43.68031],[15.71671,43.68041],[15.7195,43.67539],[15.71982,43.6728],[15.71759,43.67364],[15.70961,43.67952],[15.69701,43.68147],[15.6967,43.68676],[15.69856,43.68796],[15.71149,43.68508],[15.6815,43.70244],[15.68124,43.70289],[15.6875,43.70445]]],[[[15.83496,43.69648],[15.83508,43.70516],[15.83668,43.70649],[15.84,43.70703],[15.84277,43.70631],[15.85816,43.69286],[15.86132,43.6899],[15.86194,43.68929],[15.86551,43.68251],[15.86376,43.68074],[15.86671,43.67941],[15.86753,43.67583],[15.86657,43.67478],[15.86796,43.67399],[15.86808,43.67347],[15.86279,43.67368],[15.86864,43.66805],[15.86842,43.66258],[15.86558,43.66263],[15.86133,43.66509],[15.85972,43.67186],[15.82571,43.69346],[15.82407,43.70002],[15.82555,43.70048],[15.83496,43.69648]]],[[[15.73077,43.62964],[15.73071,43.62961],[15.71804,43.63236],[15.71409,43.63409],[15.71167,43.63374],[15.70843,43.63445],[15.70161,43.63828],[15.7033,43.63556],[15.68133,43.64033],[15.67205,43.63744],[15.6631,43.6457],[15.61964,43.66893],[15.60643,43.67374],[15.60446,43.67538],[15.60557,43.67647],[15.62389,43.66889],[15.62234,43.67198],[15.63772,43.67162],[15.65843,43.66044],[15.65629,43.665],[15.66094,43.66585],[15.6618,43.66527],[15.6678,43.65803],[15.66578,43.65599],[15.6694,43.6561],[15.66969,43.65575],[15.67888,43.64802],[15.6856,43.64578],[15.68475,43.64356],[15.69225,43.64356],[15.72168,43.63375],[15.73077,43.62964]]],[[[15.73808,43.62828],[15.74041,43.62751],[15.73783,43.62807],[15.73808,43.62828]]]]}},{"type":"Feature","properties":{"id":"HRV:ADM2:41942358B48811452522993","name":"Općina Petlovac","countryCode":"HRV","adminLevel":2,"sourceCode":"41942358B48811452522993","parentId":"HRV:ADM1:HRV-1603"},"geometry":{"type":"Polygon","coordinates":[[[18.57496,45.80035],[18.55982,45.80367],[18.55544,45.79464],[18.53259,45.79378],[18.52121,45.78801],[18.52235,45.78269],[18.51019,45.7848],[18.5021,45.7944],[18.49067,45.79472],[18.4827,45.77602],[18.48219,45.7655],[18.4638,45.76624],[18.45628,45.76952],[18.44508,45.76052],[18.44906,45.75796],[18.45007,45.74578],[18.44685,45.73713],[18.4275,45.74149],[18.40763,45.73971],[18.39791,45.74465],[18.39687,45.74946],[18.40014,45.75524],[18.39717,45.75314],[18.39189,45.7617],[18.38073,45.76367],[18.36423,45.77294],[18.36668,45.76672],[18.35643,45.76688],[18.32905,45.73224],[18.33152,45.71974],[18.33872,45.71548],[18.36611,45.72618],[18.37265,45.72295],[18.36892,45.7165],[18.3867,45.70056],[18.40711,45.70247],[18.41636,45.69833],[18.41998,45.70677],[18.42619,45.70937],[18.43023,45.70589],[18.42948,45.69867],[18.41877,45.69266],[18.43105,45.6845],[18.43474,45.68447],[18.44023,45.69078],[18.43836,45.70452],[18.45047,45.7101],[18.46074,45.70484],[18.46212,45.69978],[18.45615,45.6915],[18.46501,45.68624],[18.4691,45.69364],[18.46852,45.71122],[18.4766,45.71671],[18.48063,45.72485],[18.47479,45.72817],[18.4756,45.73176],[18.48093,45.73491],[18.48026,45.73862],[18.48441,45.74289],[18.49233,45.74212],[18.49392,45.74726],[18.50238,45.74911],[18.53733,45.74635],[18.54541,45.74238],[18.55979,45.74496],[18.56696,45.74282],[18.56724,45.74746],[18.57446,45.74727],[18.57452,45.75023],[18.56211,45.75004],[18.56346,45.76575],[18.57387,45.76673],[18.5735,45.76924],[18.5628,45.77185],[18.54896,45.78067],[18.55608,45.78103],[18.56255,45.79226],[18.57537,45.79718],[18.57496,45.80035]]]}},{"type":"Feature","properties":{"id":"HRV:ADM2:41942358B48972691086636","name":"Općina Polača","countryCode":"HRV","adminLevel":2,"sourceCode":"41942358B48972691086636","parentId":"HRV:ADM1:HRV-1493"},"geometry":{"type":"Polygon","coordinates":[[[15.47681,43.99918],[15.51454,43.97775],[15.54533,43.98165],[15.55441,43.99227],[15.5658,43.99459],[15.54282,44.0182],[15.53429,44.02241],[15.5386,44.02581],[15.53156,44.0327],[15.50967,44.04274],[15.50407,44.04177],[15.49854,44.03546],[15.48933,44.03675],[15.48729,44.03053],[15.48937,44.02296],[15.48658,44.02072],[15.49428,44.01256],[15.47681,43.99918]]]}},{"type":"Feature","properties":{"id":"HRV:ADM2:41942358B49003275948554","name":"Općina Gradina","countryCode":"HRV","adminLevel":2,"sourceCode":"41942358B49003275948554","parentId":"HRV:ADM1:HRV-1606"},"geometry":{"type":"Polygon","coordinates":[[[17.66067,45.83996],[17.65143,45.84879],[17.64779,45.86661],[17.6348,45.88817],[17.61794,45.90747],[17.56527,45.93733],[17.53181,45.93403],[17.5202,45.93776],[17.51442,45.9215],[17.50877,45.92047],[17.50922,45.9109],[17.49783,45.90661],[17.48813,45.89837],[17.50556,45.89285],[17.48654,45.88099],[17.48423,45.87576],[17.47403,45.87249],[17.4613,45.86055],[17.46541,45.85694],[17.46617,45.85091],[17.47167,45.84983],[17.47355,45.84384],[17.46018,45.84043],[17.4581,45.83306],[17.45321,45.83209],[17.47612,45.82735],[17.47699,45.82342],[17.51131,45.83004],[17.52954,45.82866],[17.53283,45.82566],[17.53609,45.82947],[17.53916,45.82853],[17.54012,45.83563],[17.54905,45.83541],[17.54735,45.84943],[17.56993,45.84221],[17.58684,45.8491],[17.60658,45.84058],[17.62057,45.83965],[17.62454,45.83602],[17.6419,45.83964],[17.64795,45.83009],[17.66067,45.83996]]]}},{"type":"Feature","properties":{"id":"HRV:ADM2:41942358B49071142298261","name":"Općina Omišalj","countryCode":"HRV","adminLevel":2,"sourceCode":"41942358B49071142298261","parentId":"HRV:ADM1:HRV-1586"},"geometry":{"type":"MultiPolygon","coordinates":[[[[14.56902,45.24539],[14.56447,45.24571],[14.56073,45.24956],[14.56332,45.24974],[14.56694,45.24838],[14.56902,45.24539]]],[[[14.61311,45.18723],[14.58592,45.1811],[14.57645,45.1742],[14.58358,45.16513],[14.57868,45.15428],[14.572,45.15463],[14.5686,45.16449],[14.55904,45.16618],[14.55063,45.1632],[14.54683,45.15811],[14.54738,45.14815],[14.52325,45.15089],[14.52341,45.15105],[14.53357,45.15137],[14.53505,45.15909],[14.54641,45.16854],[14.54075,45.175],[14.54176,45.1789],[14.5394,45.18684],[14.5359,45.19416],[14.53682,45.20129],[14.53954,45.2034],[14.54677,45.20092],[14.5418,45.2055],[14.54797,45.21023],[14.55077,45.20719],[14.55167,45.22337],[14.54938,45.22529],[14.54884,45.23017],[14.5439,45.23563],[14.5515,45.23524],[14.55174,45.24276],[14.55532,45.24088],[14.55414,45.24568],[14.56317,45.24382],[14.57686,45.23427],[14.57927,45.23541],[14.57705,45.24142],[14.591,45.23877],[14.59202,45.23766],[14.58546,45.23786],[14.58221,45.23754],[14.58391,45.23051],[14.58153,45.22998],[14.61109,45.19738],[14.61517,45.19035],[14.61311,45.18723]]]]}},{"type":"Feature","properties":{"id":"HRV:ADM2:41942358B49513223272085","name":"Općina Drenovci","countryCode":"HRV","adminLevel":2,"sourceCode":"41942358B49513223272085","parentId":"HRV:ADM1:HRV-1605"},"geometry":{"type":"Polygon","coordinates":[[[18.90952,44.85185],[18.97346,44.84975],[19.01911,44.85524],[19.01438,44.8691],[18.99239,44.89388],[18.98924,44.90579],[18.99798,44.91556],[18.98922,44.91875],[18.99139,44.9265],[18.97991,44.92795],[18.97631,44.93303],[18.95624,44.93169],[18.94682,44.93664],[18.94399,44.94061],[18.94657,44.94424],[18.93223,44.9549],[18.90807,44.94807],[18.8982,44.95346],[18.89625,44.9573],[18.89878,44.95803],[18.89236,44.96695],[18.88064,44.97113],[18.89251,44.99723],[18.87627,45.03854],[18.84147,45.04706],[18.84469,45.00926],[18.78857,44.99846],[18.7876,44.99554],[18.79389,44.99443],[18.79649,44.99021],[18.78492,44.97523],[18.78635,44.96381],[18.79085,44.95541],[18.80414,44.94604],[18.80463,44.93943],[18.79739,44.93526],[18.78578,44.93439],[18.75923,44.94467],[18.75257,44.94184],[18.75101,44.93749],[18.75808,44.92802],[18.7726,44.92052],[18.76304,44.91065],[18.76432,44.90507],[18.79167,44.8883],[18.81102,44.88094],[18.81351,44.8854],[18.81802,44.88526],[18.81653,44.89191],[18.82394,44.89469],[18.82579,44.90823],[18.83602,44.90682],[18.84516,44.91068],[18.84964,44.90762],[18.86184,44.90721],[18.87166,44.90187],[18.87652,44.89084],[18.88659,44.88965],[18.88993,44.88036],[18.90554,44.87337],[18.90587,44.86988],[18.89952,44.8699],[18.90009,44.86592],[18.90863,44.86288],[18.90952,44.85185]]]}},{"type":"Feature","properties":{"id":"HRV:ADM2:41942358B4953229938014","name":"Općina Gornji Bogićevci","countryCode":"HRV","adminLevel":2,"sourceCode":"41942358B4953229938014","parentId":"HRV:ADM1:HRV-1602"},"geometry":{"type":"Polygon","coordinates":[[[17.19133,45.23371],[17.21686,45.22083],[17.21542,45.21684],[17.2312,45.21708],[17.23171,45.23093],[17.22721,45.24365],[17.24583,45.2406],[17.28025,45.25293],[17.27986,45.26009],[17.28609,45.26039],[17.28746,45.27268],[17.29892,45.27646],[17.30844,45.28814],[17.29948,45.29249],[17.29433,45.29053],[17.23721,45.30037],[17.21477,45.26395],[17.21553,45.25995],[17.21019,45.25057],[17.206,45.25227],[17.19133,45.23371]]]}},{"type":"Feature","properties":{"id":"HRV:ADM2:41942358B49733107643194","name":"Općina Slivno","countryCode":"HRV","adminLevel":2,"sourceCode":"41942358B49733107643194","parentId":"HRV:ADM1:HRV-1490"},"geometry":{"type":"Polygon","coordinates":[[[17.48069,43.00859],[17.49009,43.0014],[17.50947,42.99698],[17.52368,43.0057],[17.53414,43.00276],[17.54452,43.00847],[17.56155,43.00939],[17.56809,43.01335],[17.57604,43.01018],[17.575,43.00163],[17.58257,42.9788],[17.58125,42.96092],[17.61286,42.94749],[17.61586,42.94227],[17.58756,42.93915],[17.58066,42.94208],[17.58009,42.94233],[17.54965,42.95531],[17.53452,42.95063],[17.51564,42.95889],[17.50814,42.96471],[17.50882,42.96479],[17.50737,42.9672],[17.5041,42.96784],[17.49855,42.97215],[17.48829,42.98261],[17.47849,42.99592],[17.47896,42.99596],[17.47913,43.00249],[17.48257,43.00151],[17.47362,43.00442],[17.47239,43.00845],[17.48069,43.00859]]]}},{"type":"Feature","properties":{"id":"HRV:ADM2:41942358B4975861556846","name":"Općina Ružić","countryCode":"HRV","adminLevel":2,"sourceCode":"41942358B4975861556846","parentId":"HRV:ADM1:HRV-1491"},"geometry":{"type":"Polygon","coordinates":[[[16.33517,43.73225],[16.3497,43.74776],[16.36071,43.75011],[16.35341,43.75877],[16.33896,43.76811],[16.37604,43.78144],[16.37971,43.78585],[16.38701,43.78576],[16.41974,43.80838],[16.43942,43.8138],[16.42936,43.82592],[16.3983,43.84998],[16.40389,43.85044],[16.37042,43.87036],[16.34324,43.87816],[16.27011,43.8583],[16.24959,43.84575],[16.23859,43.84347],[16.2376,43.83947],[16.24163,43.83604],[16.23573,43.82806],[16.23668,43.81403],[16.22556,43.80421],[16.18657,43.81357],[16.18475,43.80951],[16.20415,43.78677],[16.24762,43.77034],[16.25568,43.77556],[16.26351,43.77339],[16.28043,43.76091],[16.29899,43.75251],[16.30203,43.75663],[16.32122,43.74853],[16.33517,43.73225]]]}},{"type":"Feature","properties":{"id":"HRV:ADM2:41942358B4982254885732","name":"Općina Cerovlje","countryCode":"HRV","adminLevel":2,"sourceCode":"41942358B4982254885732","parentId":"HRV:ADM1:HRV-1592"},"geometry":{"type":"Polygon","coordinates":[[[14.08765,45.2593],[14.11445,45.26627],[14.12084,45.27219],[14.11531,45.27315],[14.11905,45.27523],[14.11588,45.27813],[14.1159,45.28408],[14.11264,45.28411],[14.10783,45.29316],[14.10147,45.29471],[14.10249,45.29852],[14.08956,45.31425],[14.07578,45.31625],[14.06053,45.32514],[14.04084,45.33031],[14.04119,45.33445],[14.02498,45.33875],[14.02775,45.34263],[14.01941,45.3559],[13.98786,45.34147],[13.96981,45.34013],[13.95193,45.32904],[13.93671,45.32549],[13.95633,45.31657],[13.9641,45.30483],[13.98433,45.29737],[13.97862,45.28639],[13.96787,45.28325],[13.96358,45.27213],[13.97746,45.25639],[14.0044,45.24278],[14.02544,45.24631],[14.0478,45.23926],[14.05393,45.23157],[14.0638,45.24249],[14.08401,45.23926],[14.09129,45.25109],[14.08765,45.2593]]]}},{"type":"Feature","properties":{"id":"HRV:ADM2:41942358B50201848606001","name":"Općina Pakoštane","countryCode":"HRV","adminLevel":2,"sourceCode":"41942358B50201848606001","parentId":"HRV:ADM1:HRV-1493"},"geometry":{"type":"Polygon","coordinates":[[[15.49081,43.92838],[15.49699,43.93026],[15.50437,43.92544],[15.50819,43.92834],[15.50188,43.93425],[15.50724,43.94074],[15.51231,43.97616],[15.50956,43.98104],[15.51454,43.97775],[15.54533,43.98165],[15.57479,43.97923],[15.57119,43.97534],[15.60183,43.9543],[15.60166,43.93762],[15.61046,43.93372],[15.6011,43.93483],[15.59788,43.93082],[15.59518,43.93295],[15.59033,43.93088],[15.57345,43.91702],[15.59235,43.89343],[15.61614,43.88081],[15.61859,43.87662],[15.62441,43.8762],[15.62513,43.87266],[15.64396,43.8616],[15.6316,43.85565],[15.62534,43.85985],[15.62715,43.85417],[15.63125,43.85492],[15.63726,43.84914],[15.63366,43.84783],[15.60163,43.86493],[15.58346,43.88299],[15.57453,43.88542],[15.56746,43.87762],[15.55485,43.87157],[15.54689,43.87657],[15.54681,43.87662],[15.54445,43.87845],[15.5345,43.88966],[15.5357,43.8903],[15.53117,43.89341],[15.52491,43.90046],[15.51222,43.91108],[15.49773,43.91551],[15.48397,43.91698],[15.49081,43.92838]]]}},{"type":"Feature","properties":{"id":"HRV:ADM2:41942358B50291981536642","name":"Općina Radoboj","countryCode":"HRV","adminLevel":2,"sourceCode":"41942358B50291981536642","parentId":"HRV:ADM1:HRV-1582"},"geometry":{"type":"Polygon","coordinates":[[[15.9669,46.17998],[15.9621,46.18787],[15.93561,46.19283],[15.89353,46.18693],[15.88767,46.17865],[15.89658,46.16934],[15.88944,46.15019],[15.89108,46.14187],[15.90034,46.13866],[15.89925,46.13419],[15.90506,46.13241],[15.90525,46.12729],[15.91339,46.12167],[15.92306,46.13022],[15.93141,46.1313],[15.92934,46.13795],[15.93759,46.13697],[15.94878,46.14121],[15.94669,46.14684],[15.95278,46.15009],[15.95361,46.15654],[15.95266,46.1625],[15.94996,46.16288],[15.9647,46.17069],[15.96858,46.17712],[15.9669,46.17998]]]}},{"type":"Feature","properties":{"id":"HRV:ADM2:41942358B50404874796697","name":"Općina Pisarovina","countryCode":"HRV","adminLevel":2,"sourceCode":"41942358B50404874796697","parentId":"HRV:ADM1:HRV-1588"},"geometry":{"type":"Polygon","coordinates":[[[15.82825,45.67064],[15.82883,45.64813],[15.81831,45.63848],[15.81405,45.63938],[15.80366,45.63321],[15.79102,45.61695],[15.77617,45.60982],[15.77695,45.60087],[15.7724,45.59041],[15.77541,45.58275],[15.75848,45.57273],[15.75036,45.57328],[15.73433,45.56016],[15.74946,45.55554],[15.75474,45.55739],[15.7559,45.55286],[15.75985,45.55383],[15.765,45.54952],[15.76083,45.54918],[15.7617,45.5461],[15.77063,45.54375],[15.7705,45.53991],[15.7751,45.53908],[15.77303,45.53704],[15.78016,45.53492],[15.7803,45.53794],[15.78712,45.53835],[15.79074,45.53413],[15.78917,45.53077],[15.78532,45.53159],[15.78462,45.52677],[15.78947,45.5242],[15.78566,45.52117],[15.79613,45.52055],[15.80488,45.52576],[15.81419,45.52477],[15.82439,45.53976],[15.84854,45.54884],[15.87061,45.54406],[15.87211,45.53968],[15.86604,45.53363],[15.87278,45.528],[15.9028,45.53012],[15.90273,45.53588],[15.90907,45.53969],[15.90645,45.54769],[15.92732,45.56434],[15.9264,45.56695],[15.93043,45.56969],[15.92957,45.57608],[15.93788,45.58336],[15.93564,45.59629],[15.93759,45.60888],[15.9335,45.61124],[15.92968,45.6076],[15.92303,45.60862],[15.91689,45.61618],[15.89986,45.61973],[15.89767,45.62206],[15.90778,45.63263],[15.89477,45.6359],[15.87493,45.65567],[15.86336,45.65678],[15.86123,45.66148],[15.85193,45.65976],[15.82825,45.67064]]]}},{"type":"Feature","properties":{"id":"HRV:ADM2:41942358B5058073366135","name":"Općina Cestica","countryCode":"HRV","adminLevel":2,"sourceCode":"41942358B5058073366135","parentId":"HRV:ADM1:HRV-1610"},"geometry":{"type":"Polygon","coordinates":[[[16.10763,46.33011],[16.11085,46.33766],[16.10785,46.33982],[16.11842,46.34426],[16.1251,46.35756],[16.13484,46.35827],[16.14662,46.35349],[16.14789,46.35589],[16.1528,46.35213],[16.16076,46.35687],[16.16634,46.35647],[16.16333,46.35857],[16.16775,46.3631],[16.1652,46.36854],[16.17582,46.37802],[16.17737,46.385],[16.17396,46.39057],[16.14601,46.40514],[16.13602,46.40437],[16.08839,46.38855],[16.05812,46.39357],[16.05037,46.3821],[16.07271,46.36455],[16.07752,46.34595],[16.06908,46.33984],[16.07225,46.33685],[16.06974,46.33441],[16.10763,46.33011]]]}},{"type":"Feature","properties":{"id":"HRV:ADM2:41942358B50649855239129","name":"Općina Cista Provo","countryCode":"HRV","adminLevel":2,"sourceCode":"41942358B50649855239129","parentId":"HRV:ADM1:HRV-1492"},"geometry":{"type":"Polygon","coordinates":[[[17.02898,43.5643],[17.00798,43.57576],[16.97332,43.60914],[16.96096,43.60168],[16.96212,43.59581],[16.95967,43.59519],[16.9725,43.57038],[16.93622,43.57246],[16.93667,43.57558],[16.92607,43.57787],[16.90388,43.56948],[16.89165,43.57567],[16.82872,43.56265],[16.80928,43.56141],[16.79981,43.55679],[16.79479,43.55144],[16.79402,43.54519],[16.78391,43.54197],[16.79655,43.54136],[16.79762,43.53934],[16.79329,43.5381],[16.82539,43.52123],[16.84916,43.5147],[16.95027,43.49948],[16.95068,43.5038],[16.98624,43.52578],[16.98703,43.54597],[16.99016,43.545],[16.98806,43.54668],[17.02898,43.5643]]]}},{"type":"Feature","properties":{"id":"HRV:ADM2:41942358B51317462978185","name":"Općina Mljet","countryCode":"HRV","adminLevel":2,"sourceCode":"41942358B51317462978185","parentId":"HRV:ADM1:HRV-1490"},"geometry":{"type":"MultiPolygon","coordinates":[[[[17.74414,42.69706],[17.74668,42.69682],[17.74887,42.69457],[17.74075,42.69627],[17.74133,42.69642],[17.73768,42.70061],[17.73485,42.69752],[17.64848,42.71569],[17.64546,42.71738],[17.64115,42.71723],[17.38592,42.77094],[17.38207,42.76747],[17.37718,42.76757],[17.37437,42.76896],[17.37637,42.77238],[17.36868,42.77614],[17.36644,42.77324],[17.36166,42.77469],[17.36107,42.7788],[17.35053,42.78497],[17.34345,42.78169],[17.35046,42.7781],[17.34875,42.78221],[17.35089,42.78307],[17.35114,42.7812],[17.35779,42.77891],[17.35187,42.77514],[17.36013,42.76714],[17.37398,42.76877],[17.38027,42.76584],[17.37467,42.76079],[17.36694,42.76435],[17.35101,42.76862],[17.33448,42.78034],[17.33269,42.7821],[17.33381,42.7857],[17.34396,42.78735],[17.36228,42.79934],[17.36435,42.79993],[17.36845,42.7998],[17.36813,42.80102],[17.37021,42.80161],[17.37006,42.79946],[17.37387,42.79707],[17.37817,42.80242],[17.39234,42.8017],[17.38738,42.80024],[17.38201,42.79784],[17.37159,42.79084],[17.38266,42.79165],[17.38603,42.7915],[17.38475,42.79037],[17.37042,42.79087],[17.378,42.78586],[17.3921,42.78774],[17.41229,42.78409],[17.41245,42.784],[17.4125,42.78405],[17.41418,42.78374],[17.43099,42.78547],[17.43686,42.78262],[17.44012,42.78259],[17.44019,42.78176],[17.44841,42.77848],[17.45396,42.78082],[17.46792,42.7754],[17.49966,42.77154],[17.51226,42.76573],[17.57819,42.7541],[17.59623,42.74897],[17.59441,42.74775],[17.59352,42.74722],[17.59067,42.74299],[17.59709,42.74249],[17.59913,42.73721],[17.62196,42.7372],[17.62008,42.7402],[17.63863,42.73817],[17.64539,42.73608],[17.64945,42.72967],[17.65538,42.7346],[17.6684,42.7364],[17.674,42.72743],[17.67001,42.72859],[17.669,42.7256],[17.68138,42.72924],[17.71001,42.72003],[17.71098,42.71768],[17.71686,42.71783],[17.71906,42.71712],[17.719,42.71554],[17.73163,42.71227],[17.74226,42.70135],[17.74414,42.69706]]],[[[17.3286,42.7878],[17.33289,42.78936],[17.33004,42.78665],[17.33066,42.78407],[17.32418,42.79041],[17.32512,42.79104],[17.32743,42.79137],[17.3286,42.7878]]],[[[17.34559,42.79137],[17.33801,42.79124],[17.34047,42.7924],[17.34056,42.79326],[17.34156,42.7934],[17.3439,42.79407],[17.34396,42.79403],[17.34406,42.79412],[17.34615,42.79472],[17.34559,42.79137]]],[[[17.39852,42.78924],[17.39561,42.79061],[17.39562,42.79062],[17.39883,42.78987],[17.39852,42.78924]]],[[[17.33363,42.7916],[17.33655,42.79165],[17.33501,42.79135],[17.33363,42.7916]]],[[[17.416,42.78725],[17.41856,42.78958],[17.42402,42.78886],[17.42659,42.7876],[17.416,42.78725]]],[[[17.65212,42.73984],[17.65226,42.73775],[17.65056,42.73798],[17.65001,42.73926],[17.65146,42.73987],[17.65212,42.73984]]],[[[17.64867,42.73485],[17.65066,42.73595],[17.65213,42.73475],[17.65012,42.7335],[17.64867,42.73485]]]]}},{"type":"Feature","properties":{"id":"HRV:ADM2:41942358B5140071635244","name":"Općina Lovinac","countryCode":"HRV","adminLevel":2,"sourceCode":"41942358B5140071635244","parentId":"HRV:ADM1:HRV-1493"},"geometry":{"type":"Polygon","coordinates":[[[15.65092,44.48669],[15.59555,44.45652],[15.59645,44.43881],[15.61053,44.43392],[15.61364,44.42808],[15.61128,44.42229],[15.62024,44.42024],[15.6189,44.41595],[15.59853,44.408],[15.57423,44.40316],[15.56633,44.39715],[15.57038,44.39499],[15.56979,44.39229],[15.56235,44.38984],[15.52832,44.36406],[15.5277,44.35806],[15.55072,44.34695],[15.54163,44.33917],[15.57067,44.29339],[15.57899,44.29996],[15.59748,44.29158],[15.61672,44.29113],[15.63659,44.28519],[15.6483,44.29081],[15.66486,44.28422],[15.67749,44.27108],[15.69305,44.27311],[15.68653,44.27562],[15.68869,44.27718],[15.70678,44.27298],[15.71204,44.27597],[15.71896,44.27297],[15.78193,44.27121],[15.7785,44.27541],[15.80125,44.28279],[15.81141,44.29691],[15.82746,44.30665],[15.82862,44.31779],[15.82161,44.32467],[15.81216,44.34969],[15.8167,44.35824],[15.80802,44.36485],[15.79756,44.36616],[15.79107,44.36317],[15.78125,44.36547],[15.7726,44.36246],[15.76804,44.36455],[15.76902,44.37014],[15.78334,44.37595],[15.79245,44.38921],[15.78919,44.39712],[15.77845,44.40154],[15.7765,44.42758],[15.65092,44.48669]]]}},{"type":"Feature","properties":{"id":"HRV:ADM2:41942358B51534731539958","name":"Općina Vir","countryCode":"HRV","adminLevel":2,"sourceCode":"41942358B51534731539958"},"geometry":{"type":"Polygon","coordinates":[[[15.11702,44.28494],[15.11911,44.29116],[15.09569,44.29818],[15.09221,44.2975],[15.08782,44.29894],[15.08131,44.29776],[15.07634,44.29442],[15.07374,44.28897],[15.06935,44.28587],[15.05812,44.28563],[15.04347,44.28966],[15.03487,44.29525],[15.02997,44.29974],[15.02548,44.31509],[15.03093,44.32673],[15.03209,44.32664],[15.03589,44.32359],[15.04592,44.32535],[15.04965,44.32245],[15.05132,44.32209],[15.05615,44.31691],[15.0633,44.32068],[15.06736,44.32014],[15.07187,44.31847],[15.0783,44.31293],[15.07915,44.31248],[15.07802,44.31071],[15.08555,44.30908],[15.08611,44.30878],[15.0867,44.30883],[15.0918,44.30773],[15.09608,44.30961],[15.09734,44.30972],[15.10155,44.30772],[15.10243,44.30668],[15.10795,44.30468],[15.11183,44.30284],[15.1198,44.29621],[15.12135,44.29544],[15.12209,44.29508],[15.12428,44.29182],[15.13521,44.29024],[15.13528,44.29018],[15.12927,44.28415],[15.12517,44.28278],[15.11954,44.28204],[15.11702,44.28494]]]}},{"type":"Feature","properties":{"id":"HRV:ADM2:41942358B51730819474103","name":"Općina Sveti Petar Orehovec","countryCode":"HRV","adminLevel":2,"sourceCode":"41942358B51730819474103","parentId":"HRV:ADM1:HRV-1608"},"geometry":{"type":"Polygon","coordinates":[[[16.34959,46.04472],[16.34997,46.03916],[16.34661,46.03589],[16.34874,46.03226],[16.3417,46.02716],[16.35203,46.01735],[16.3578,46.01888],[16.35625,46.02157],[16.37709,46.01989],[16.37841,46.01498],[16.39697,46.00487],[16.41074,46.01127],[16.45563,46.01747],[16.4602,46.02961],[16.46599,46.02934],[16.47031,46.04792],[16.47646,46.04294],[16.49348,46.04303],[16.5079,46.07052],[16.5195,46.07159],[16.52343,46.08634],[16.52091,46.09704],[16.51269,46.0982],[16.51305,46.09591],[16.50882,46.09875],[16.50915,46.10377],[16.51649,46.11133],[16.49292,46.11427],[16.49409,46.10226],[16.4902,46.10039],[16.48787,46.10256],[16.48612,46.09758],[16.47655,46.10329],[16.47005,46.1016],[16.46662,46.10668],[16.45459,46.10323],[16.45246,46.10794],[16.44768,46.10882],[16.4455,46.1061],[16.44206,46.11143],[16.43992,46.10774],[16.43384,46.10883],[16.4354,46.10138],[16.43227,46.09999],[16.42771,46.10953],[16.4329,46.11716],[16.42188,46.11629],[16.4117,46.12153],[16.41057,46.11403],[16.41699,46.11032],[16.41441,46.10207],[16.41888,46.09295],[16.41405,46.08718],[16.41823,46.08276],[16.41542,46.07995],[16.4255,46.0751],[16.3933,46.06863],[16.38052,46.0565],[16.36892,46.05895],[16.359,46.04798],[16.34959,46.04472]]]}},{"type":"Feature","properties":{"id":"HRV:ADM2:41942358B52023204988517","name":"Općina Petrijanec","countryCode":"HRV","adminLevel":2,"sourceCode":"41942358B52023204988517","parentId":"HRV:ADM1:HRV-1610"},"geometry":{"type":"Polygon","coordinates":[[[16.1935,46.32013],[16.2041,46.31263],[16.20917,46.3141],[16.21099,46.31252],[16.20784,46.309],[16.21149,46.30759],[16.22314,46.30753],[16.22702,46.31051],[16.23232,46.30748],[16.24018,46.30843],[16.24344,46.31304],[16.24957,46.31334],[16.24878,46.31577],[16.27269,46.3135],[16.25953,46.3245],[16.25065,46.32328],[16.26127,46.34626],[16.26631,46.35029],[16.26607,46.35849],[16.27367,46.36547],[16.26835,46.37712],[16.23879,46.37875],[16.23462,46.38609],[16.23008,46.38776],[16.22541,46.38667],[16.21984,46.37868],[16.21539,46.38519],[16.18903,46.37781],[16.19005,46.38627],[16.17737,46.385],[16.17582,46.37802],[16.1652,46.36854],[16.17385,46.36532],[16.17095,46.35679],[16.19728,46.35196],[16.19162,46.34234],[16.19578,46.34008],[16.18956,46.33241],[16.19179,46.33087],[16.18363,46.32731],[16.1832,46.32346],[16.19093,46.32399],[16.1935,46.32013]]]}},{"type":"Feature","properties":{"id":"HRV:ADM2:41942358B52219867753366","name":"Općina Kravarsko","countryCode":"HRV","adminLevel":2,"sourceCode":"41942358B52219867753366","parentId":"HRV:ADM1:HRV-1588"},"geometry":{"type":"Polygon","coordinates":[[[16.10708,45.61457],[16.09969,45.62432],[16.06876,45.61145],[16.06086,45.60055],[16.04838,45.59994],[16.04611,45.60949],[16.04046,45.60555],[16.04081,45.60078],[16.0097,45.602],[16.00397,45.59817],[15.99476,45.60111],[15.98245,45.57806],[15.98189,45.57058],[15.98839,45.57048],[15.99409,45.57906],[16.00725,45.58311],[16.00242,45.57875],[16.00227,45.56056],[15.99927,45.55368],[16.0145,45.55263],[16.01678,45.54753],[16.02108,45.54773],[16.0208,45.54467],[16.02461,45.54385],[16.03984,45.5449],[16.04427,45.54102],[16.05444,45.54014],[16.06008,45.54484],[16.05688,45.52935],[16.06946,45.5172],[16.07348,45.50672],[16.08957,45.51016],[16.10743,45.50202],[16.09959,45.51069],[16.09706,45.52489],[16.10455,45.53534],[16.07291,45.55368],[16.07016,45.55946],[16.06181,45.56143],[16.06563,45.56918],[16.07575,45.57621],[16.08042,45.57358],[16.0848,45.57835],[16.09618,45.5806],[16.09937,45.5849],[16.09272,45.58757],[16.09369,45.59374],[16.08657,45.59332],[16.09693,45.60378],[16.10982,45.60659],[16.10708,45.61457]]]}},{"type":"Feature","properties":{"id":"HRV:ADM2:41942358B52246209641187","name":"Općina Velika Trnovitica","countryCode":"HRV","adminLevel":2,"sourceCode":"41942358B52246209641187","parentId":"HRV:ADM1:HRV-1607"},"geometry":{"type":"Polygon","coordinates":[[[16.88912,45.65536],[16.89096,45.64783],[16.89822,45.64198],[16.90727,45.6418],[16.90538,45.64471],[16.90847,45.64705],[16.93525,45.64915],[16.93607,45.64243],[16.95577,45.64126],[16.95117,45.64771],[16.95727,45.64651],[16.95967,45.65098],[16.97027,45.65311],[16.98315,45.65245],[16.98289,45.65575],[16.97559,45.65629],[16.97512,45.67248],[16.99203,45.67329],[17.00812,45.66945],[17.00982,45.67332],[17.00169,45.67986],[16.9913,45.67821],[16.98894,45.68166],[16.99448,45.68253],[16.9925,45.68634],[16.98576,45.68457],[16.99031,45.68709],[16.98465,45.69077],[16.98864,45.69355],[16.97675,45.70315],[16.9789,45.71081],[16.97471,45.70963],[16.97334,45.71406],[16.96635,45.7122],[16.96195,45.72065],[16.95289,45.72413],[16.94991,45.73216],[16.93311,45.73371],[16.93113,45.74147],[16.91071,45.74968],[16.89783,45.74237],[16.89202,45.7321],[16.90071,45.69791],[16.90974,45.69358],[16.90785,45.69155],[16.91141,45.68824],[16.91159,45.67472],[16.90676,45.66912],[16.90873,45.66457],[16.89706,45.65674],[16.88912,45.65536]]]}},{"type":"Feature","properties":{"id":"HRV:ADM2:41942358B52907632095617","name":"Općina Klana","countryCode":"HRV","adminLevel":2,"sourceCode":"41942358B52907632095617","parentId":"HRV:ADM1:HRV-1586"},"geometry":{"type":"Polygon","coordinates":[[[14.47603,45.52114],[14.48841,45.53681],[14.47566,45.53377],[14.45762,45.52113],[14.44169,45.51646],[14.43514,45.50948],[14.42743,45.50693],[14.41552,45.50994],[14.39842,45.50287],[14.40021,45.50077],[14.39434,45.49405],[14.36086,45.48404],[14.35034,45.48555],[14.33839,45.47958],[14.32277,45.47041],[14.33143,45.46169],[14.32599,45.457],[14.31995,45.43314],[14.30925,45.43613],[14.30319,45.42565],[14.31928,45.41767],[14.31402,45.40978],[14.32264,45.39896],[14.32815,45.40018],[14.33962,45.3854],[14.34358,45.39351],[14.34876,45.39171],[14.35334,45.3937],[14.35363,45.39901],[14.36951,45.40083],[14.37599,45.40994],[14.38346,45.41312],[14.37861,45.42156],[14.39597,45.41528],[14.42071,45.4168],[14.41908,45.42195],[14.42415,45.42538],[14.42078,45.42958],[14.43706,45.43701],[14.42958,45.4478],[14.4323,45.45652],[14.45938,45.47945],[14.46015,45.49985],[14.46505,45.49997],[14.46547,45.51576],[14.47603,45.52114]]]}},{"type":"Feature","properties":{"id":"HRV:ADM2:41942358B52937699579834","name":"Općina Tovarnik","countryCode":"HRV","adminLevel":2,"sourceCode":"41942358B52937699579834","parentId":"HRV:ADM1:HRV-1605"},"geometry":{"type":"Polygon","coordinates":[[[19.08656,45.14542],[19.11998,45.13373],[19.14196,45.12989],[19.18724,45.166],[19.19454,45.17892],[19.16602,45.18978],[19.15919,45.18766],[19.15421,45.20345],[19.14308,45.21724],[19.12338,45.21394],[19.12022,45.21092],[19.09185,45.20724],[19.0775,45.20871],[19.07694,45.20257],[19.07042,45.20284],[19.06826,45.19392],[19.0758,45.18409],[19.07221,45.18421],[19.06527,45.17345],[19.06465,45.16425],[19.0686,45.16431],[19.06229,45.15278],[19.08656,45.14542]]]}},{"type":"Feature","properties":{"id":"HRV:ADM2:41942358B52972755512061","name":"Općina Vuka","countryCode":"HRV","adminLevel":2,"sourceCode":"41942358B52972755512061","parentId":"HRV:ADM1:HRV-1603"},"geometry":{"type":"Polygon","coordinates":[[[18.49415,45.41109],[18.50583,45.41106],[18.50814,45.4146],[18.51475,45.41514],[18.52514,45.4112],[18.53569,45.41475],[18.54518,45.41355],[18.54788,45.41592],[18.5464,45.42571],[18.55417,45.42587],[18.55479,45.4346],[18.55745,45.43574],[18.54408,45.43811],[18.53708,45.43603],[18.54223,45.44686],[18.52249,45.44989],[18.52397,45.45182],[18.5187,45.45601],[18.51838,45.46209],[18.51415,45.46541],[18.50299,45.47009],[18.50033,45.46145],[18.51812,45.46193],[18.50844,45.45614],[18.49233,45.45469],[18.49514,45.45147],[18.48416,45.44675],[18.4794,45.43776],[18.45807,45.44107],[18.46999,45.42008],[18.47789,45.41888],[18.48368,45.42287],[18.48458,45.41981],[18.49866,45.41852],[18.49415,45.41109]]]}},{"type":"Feature","properties":{"id":"HRV:ADM2:41942358B53177152827993","name":"Općina Veliki Bukovec","countryCode":"HRV","adminLevel":2,"sourceCode":"41942358B53177152827993","parentId":"HRV:ADM1:HRV-1610"},"geometry":{"type":"Polygon","coordinates":[[[16.71334,46.31768],[16.71746,46.30867],[16.69482,46.32321],[16.67945,46.32121],[16.67124,46.31226],[16.66726,46.29979],[16.6792,46.29349],[16.67298,46.28513],[16.68044,46.27483],[16.67903,46.2676],[16.67381,46.26559],[16.67693,46.26278],[16.68934,46.26273],[16.69209,46.26797],[16.69685,46.26522],[16.70065,46.26792],[16.70932,46.26709],[16.71119,46.27666],[16.73531,46.28163],[16.72195,46.28551],[16.73251,46.29054],[16.73145,46.29361],[16.74078,46.29933],[16.73428,46.30609],[16.72856,46.30479],[16.72608,46.30751],[16.72365,46.32399],[16.71778,46.32333],[16.71334,46.31768]]]}},{"type":"Feature","properties":{"id":"HRV:ADM2:41942358B53183839297552","name":"Općina Gornja Rijeka","countryCode":"HRV","adminLevel":2,"sourceCode":"41942358B53183839297552","parentId":"HRV:ADM1:HRV-1608"},"geometry":{"type":"Polygon","coordinates":[[[16.4117,46.12153],[16.4083,46.13045],[16.42342,46.13579],[16.41827,46.13691],[16.41389,46.14347],[16.3973,46.13589],[16.39871,46.13027],[16.39378,46.12789],[16.37529,46.12724],[16.38065,46.10921],[16.37444,46.10774],[16.37092,46.10098],[16.36486,46.10014],[16.36212,46.08813],[16.34783,46.08492],[16.34629,46.07105],[16.35159,46.06389],[16.34576,46.0585],[16.34534,46.04748],[16.34959,46.04472],[16.359,46.04798],[16.36892,46.05895],[16.38052,46.0565],[16.3933,46.06863],[16.4255,46.0751],[16.41542,46.07995],[16.41823,46.08276],[16.41405,46.08718],[16.41888,46.09295],[16.41441,46.10207],[16.41699,46.11032],[16.41057,46.11403],[16.4117,46.12153]]]}},{"type":"Feature","properties":{"id":"HRV:ADM2:41942358B5342757734737","name":"Općina Klakar","countryCode":"HRV","adminLevel":2,"sourceCode":"41942358B5342757734737","parentId":"HRV:ADM1:HRV-1602"},"geometry":{"type":"Polygon","coordinates":[[[18.06056,45.14624],[18.06005,45.14344],[18.07305,45.13937],[18.08562,45.11985],[18.08449,45.11635],[18.07164,45.10995],[18.07173,45.10687],[18.09409,45.09874],[18.10835,45.0842],[18.11616,45.08105],[18.14378,45.08587],[18.17202,45.07724],[18.18809,45.07682],[18.21008,45.08537],[18.22135,45.09689],[18.22113,45.10092],[18.21176,45.1079],[18.19649,45.10791],[18.19409,45.10957],[18.19585,45.11139],[18.18319,45.11957],[18.15126,45.11321],[18.14594,45.12343],[18.15078,45.13119],[18.11861,45.14037],[18.11104,45.14542],[18.08824,45.14803],[18.08599,45.14993],[18.08771,45.15319],[18.06431,45.14985],[18.06056,45.14624]]]}},{"type":"Feature","properties":{"id":"HRV:ADM2:41942358B53944082586664","name":"Općina Vižinada","countryCode":"HRV","adminLevel":2,"sourceCode":"41942358B53944082586664","parentId":"HRV:ADM1:HRV-1592"},"geometry":{"type":"Polygon","coordinates":[[[13.68623,45.34473],[13.68757,45.33827],[13.70031,45.33301],[13.69807,45.32802],[13.70604,45.32975],[13.7104,45.32672],[13.71284,45.31878],[13.7103,45.31432],[13.71408,45.31179],[13.70585,45.30305],[13.74718,45.30631],[13.74769,45.29776],[13.75118,45.29634],[13.78759,45.29955],[13.77723,45.30812],[13.78351,45.31423],[13.77883,45.32352],[13.78422,45.32747],[13.78203,45.3299],[13.78834,45.33768],[13.7886,45.3471],[13.77386,45.35232],[13.75512,45.35066],[13.73655,45.35797],[13.7206,45.35266],[13.70254,45.35177],[13.69222,45.34335],[13.68623,45.34473]]]}},{"type":"Feature","properties":{"id":"HRV:ADM2:41942358B54061913174641","name":"Grad Imotski","countryCode":"HRV","adminLevel":2,"sourceCode":"41942358B54061913174641","parentId":"HRV:ADM1:HRV-1492"},"geometry":{"type":"Polygon","coordinates":[[[17.25607,43.4055],[17.27033,43.41565],[17.28488,43.44029],[17.28785,43.4402],[17.28935,43.44346],[17.28293,43.44991],[17.28751,43.45595],[17.28634,43.46318],[17.26871,43.47941],[17.22909,43.49707],[17.20555,43.49682],[17.19981,43.48658],[17.2015,43.47955],[17.19807,43.48058],[17.19586,43.47225],[17.18951,43.46729],[17.18444,43.46828],[17.17361,43.45563],[17.17798,43.44963],[17.17507,43.44779],[17.17598,43.43814],[17.18019,43.43581],[17.1802,43.43203],[17.20097,43.42925],[17.21311,43.43154],[17.22608,43.42781],[17.23125,43.42025],[17.23521,43.42344],[17.24394,43.4204],[17.23978,43.40932],[17.24684,43.40759],[17.25214,43.41089],[17.25607,43.4055]]]}},{"type":"Feature","properties":{"id":"HRV:ADM2:41942358B54667126156533","name":"Općina Kotoriba","countryCode":"HRV","adminLevel":2,"sourceCode":"41942358B54667126156533","parentId":"HRV:ADM1:HRV-1609"},"geometry":{"type":"Polygon","coordinates":[[[16.8532,46.35346],[16.8507,46.35465],[16.85072,46.3613],[16.83607,46.36501],[16.8374,46.37409],[16.83308,46.37439],[16.82787,46.36741],[16.82222,46.37341],[16.81413,46.37115],[16.8109,46.37694],[16.80354,46.37742],[16.80079,46.38529],[16.78804,46.38595],[16.77779,46.37676],[16.77348,46.37942],[16.77448,46.3845],[16.77193,46.38694],[16.76082,46.37764],[16.75678,46.37925],[16.75777,46.38567],[16.75444,46.38896],[16.74043,46.38466],[16.75009,46.3703],[16.74497,46.36702],[16.74846,46.36326],[16.75808,46.36247],[16.77072,46.35409],[16.78578,46.35443],[16.79794,46.34166],[16.80362,46.34009],[16.81569,46.34373],[16.83852,46.33848],[16.84314,46.34263],[16.84728,46.34133],[16.8532,46.35346]]]}},{"type":"Feature","properties":{"id":"HRV:ADM2:41942358B54914345410648","name":"Općina Voćin","countryCode":"HRV","adminLevel":2,"sourceCode":"41942358B54914345410648","parentId":"HRV:ADM1:HRV-1606"},"geometry":{"type":"Polygon","coordinates":[[[17.43516,45.57888],[17.45149,45.57973],[17.46541,45.57168],[17.4763,45.57168],[17.48719,45.56024],[17.5017,45.56236],[17.50654,45.56956],[17.50654,45.57634],[17.51562,45.58142],[17.5259,45.581],[17.53377,45.57422],[17.54829,45.56999],[17.55676,45.55897],[17.56946,45.55262],[17.58096,45.55304],[17.59124,45.54796],[17.60576,45.5361],[17.60878,45.52508],[17.63654,45.5172],[17.63662,45.51989],[17.64355,45.52233],[17.64125,45.53605],[17.65524,45.53936],[17.65554,45.5503],[17.67222,45.56374],[17.66402,45.56325],[17.67342,45.56562],[17.66889,45.56851],[17.69164,45.56572],[17.70936,45.5709],[17.71601,45.56716],[17.71552,45.58422],[17.72183,45.58598],[17.72341,45.59036],[17.74026,45.59176],[17.74105,45.59604],[17.73715,45.60252],[17.71784,45.60143],[17.71552,45.6081],[17.72194,45.61652],[17.7195,45.61821],[17.7256,45.61828],[17.72694,45.62499],[17.72978,45.62443],[17.73571,45.63154],[17.72052,45.64081],[17.71357,45.64142],[17.71005,45.65023],[17.69947,45.66136],[17.69555,45.65909],[17.69711,45.65043],[17.68908,45.6415],[17.68545,45.62849],[17.68041,45.62913],[17.67726,45.63344],[17.66747,45.63322],[17.65657,45.64912],[17.65134,45.63781],[17.64791,45.63751],[17.6055,45.66889],[17.59958,45.66757],[17.5774,45.67665],[17.57941,45.68106],[17.58642,45.68277],[17.59909,45.69256],[17.60719,45.69268],[17.61297,45.68857],[17.62203,45.69127],[17.61894,45.69479],[17.61995,45.70178],[17.60868,45.72417],[17.59147,45.7259],[17.57649,45.73383],[17.57641,45.73641],[17.56116,45.73738],[17.52319,45.72919],[17.52716,45.70269],[17.51869,45.69689],[17.50079,45.69287],[17.47569,45.67449],[17.47872,45.65927],[17.44786,45.63178],[17.44968,45.61655],[17.45391,45.61063],[17.42064,45.59751],[17.41943,45.58904],[17.42427,45.58057],[17.43516,45.57888]]]}},{"type":"Feature","properties":{"id":"HRV:ADM2:41942358B55009736004667","name":"Grad Beli Manastir","countryCode":"HRV","adminLevel":2,"sourceCode":"41942358B55009736004667","parentId":"HRV:ADM1:HRV-1603"},"geometry":{"type":"Polygon","coordinates":[[[18.60351,45.828],[18.59248,45.81975],[18.57282,45.81359],[18.57537,45.79718],[18.56255,45.79226],[18.55608,45.78103],[18.54896,45.78067],[18.5628,45.77185],[18.5735,45.76924],[18.57387,45.76673],[18.56346,45.76575],[18.56211,45.75004],[18.57452,45.75023],[18.57446,45.74727],[18.56724,45.74746],[18.56696,45.74282],[18.5928,45.72606],[18.60428,45.72622],[18.60868,45.72205],[18.61018,45.71158],[18.61852,45.70711],[18.62531,45.70726],[18.64637,45.71997],[18.64526,45.7302],[18.63931,45.73515],[18.63475,45.74519],[18.62886,45.74725],[18.64131,45.75509],[18.64713,45.76924],[18.64509,45.7731],[18.65649,45.77687],[18.6576,45.78088],[18.63311,45.7946],[18.6355,45.80035],[18.63295,45.80152],[18.63802,45.80226],[18.6334,45.80853],[18.60351,45.828]]]}},{"type":"Feature","properties":{"id":"HRV:ADM2:41942358B55109175702825","name":"Općina Runovići","countryCode":"HRV","adminLevel":2,"sourceCode":"41942358B55109175702825","parentId":"HRV:ADM1:HRV-1492"},"geometry":{"type":"Polygon","coordinates":[[[17.23978,43.40932],[17.24497,43.40661],[17.22914,43.40142],[17.22957,43.39875],[17.22221,43.39445],[17.21899,43.39579],[17.20723,43.38327],[17.19011,43.38353],[17.17918,43.36182],[17.19146,43.35614],[17.20922,43.34191],[17.21446,43.34759],[17.24064,43.35589],[17.28491,43.33935],[17.26538,43.37301],[17.26119,43.39309],[17.25072,43.40302],[17.25607,43.4055],[17.25481,43.41008],[17.24684,43.40759],[17.23978,43.40932]]]}},{"type":"Feature","properties":{"id":"HRV:ADM2:41942358B55122966384569","name":"Grad Krapina","countryCode":"HRV","adminLevel":2,"sourceCode":"41942358B55122966384569","parentId":"HRV:ADM1:HRV-1582"},"geometry":{"type":"Polygon","coordinates":[[[15.93759,46.13697],[15.92934,46.13795],[15.93141,46.1313],[15.92306,46.13022],[15.91339,46.12167],[15.90525,46.12729],[15.90506,46.13241],[15.89925,46.13419],[15.90034,46.13866],[15.89108,46.14187],[15.88944,46.15019],[15.89658,46.16934],[15.88767,46.17865],[15.89353,46.18693],[15.88421,46.19804],[15.8846,46.20437],[15.87516,46.2055],[15.86718,46.20324],[15.86357,46.19415],[15.84564,46.19132],[15.84892,46.18897],[15.83468,46.18167],[15.85233,46.16259],[15.85207,46.1532],[15.83469,46.1394],[15.81739,46.13111],[15.86377,46.10485],[15.86368,46.10227],[15.87615,46.11246],[15.88412,46.10776],[15.89244,46.10827],[15.89094,46.11345],[15.89864,46.11512],[15.90003,46.11884],[15.91168,46.11738],[15.90734,46.11494],[15.90708,46.10816],[15.94206,46.11208],[15.94706,46.11778],[15.94139,46.12098],[15.94994,46.12953],[15.94769,46.13339],[15.93852,46.13334],[15.93759,46.13697]]]}},{"type":"Feature","properties":{"id":"HRV:ADM2:41942358B55180713207397","name":"Općina Sveta Marija","countryCode":"HRV","adminLevel":2,"sourceCode":"41942358B55180713207397","parentId":"HRV:ADM1:HRV-1609"},"geometry":{"type":"Polygon","coordinates":[[[16.76097,46.35979],[16.74497,46.36702],[16.75009,46.3703],[16.74522,46.37706],[16.71312,46.34551],[16.69319,46.34176],[16.69647,46.34088],[16.69686,46.33557],[16.70572,46.3317],[16.70179,46.32518],[16.71334,46.31768],[16.71778,46.32333],[16.72365,46.32399],[16.72608,46.31398],[16.74285,46.31817],[16.74436,46.31547],[16.73792,46.30675],[16.74865,46.30017],[16.76097,46.35979]]]}},{"type":"Feature","properties":{"id":"HRV:ADM2:41942358B5538119360308","name":"Općina Jalžabet","countryCode":"HRV","adminLevel":2,"sourceCode":"41942358B5538119360308","parentId":"HRV:ADM1:HRV-1610"},"geometry":{"type":"Polygon","coordinates":[[[16.5072,46.27473],[16.50374,46.27322],[16.49472,46.27782],[16.48997,46.27049],[16.47259,46.27299],[16.45055,46.28216],[16.43855,46.27707],[16.42589,46.27697],[16.41897,46.2717],[16.40487,46.27258],[16.39333,46.26957],[16.39728,46.25662],[16.4019,46.25217],[16.40398,46.23378],[16.4142,46.23087],[16.41908,46.23827],[16.4312,46.23297],[16.4378,46.22608],[16.44398,46.22891],[16.44213,46.22968],[16.46052,46.22643],[16.47001,46.22961],[16.4762,46.23582],[16.47359,46.24011],[16.4754,46.24176],[16.48342,46.2422],[16.48561,46.23454],[16.49465,46.23723],[16.5029,46.25383],[16.50786,46.25562],[16.51009,46.26479],[16.50642,46.2646],[16.50914,46.27278],[16.5072,46.27473]]]}},{"type":"Feature","properties":{"id":"HRV:ADM2:41942358B55576861905827","name":"Općina Trnava","countryCode":"HRV","adminLevel":2,"sourceCode":"41942358B55576861905827","parentId":"HRV:ADM1:HRV-1603"},"geometry":{"type":"Polygon","coordinates":[[[18.32969,45.24436],[18.32597,45.26981],[18.29129,45.30103],[18.26061,45.30749],[18.2462,45.30588],[18.2546,45.29655],[18.25829,45.28624],[18.26576,45.28527],[18.27009,45.27815],[18.24554,45.27537],[18.24469,45.27785],[18.22649,45.27277],[18.20744,45.27936],[18.1834,45.27936],[18.18164,45.28259],[18.17568,45.28274],[18.15122,45.26951],[18.13611,45.25598],[18.14249,45.25023],[18.1431,45.24355],[18.15119,45.24284],[18.1514,45.24682],[18.17761,45.24381],[18.19006,45.23601],[18.19335,45.22364],[18.21603,45.21686],[18.2711,45.22635],[18.2852,45.23958],[18.30251,45.24457],[18.32969,45.24436]]]}},{"type":"Feature","properties":{"id":"HRV:ADM2:41942358B55591310034328","name":"Grad Bjelovar","countryCode":"HRV","adminLevel":2,"sourceCode":"41942358B55591310034328","parentId":"HRV:ADM1:HRV-1607"},"geometry":{"type":"Polygon","coordinates":[[[16.69704,45.90115],[16.69502,45.88065],[16.71086,45.86057],[16.69785,45.84442],[16.70158,45.84199],[16.70857,45.84333],[16.70947,45.85003],[16.71819,45.84725],[16.73055,45.84961],[16.73694,45.84489],[16.73827,45.84835],[16.74213,45.84865],[16.74368,45.8584],[16.75389,45.86276],[16.76145,45.86019],[16.76436,45.8479],[16.7705,45.84345],[16.78973,45.83947],[16.8038,45.84216],[16.81127,45.83947],[16.81977,45.84369],[16.83779,45.83565],[16.83769,45.8329],[16.86151,45.8192],[16.88873,45.81732],[16.9062,45.83897],[16.91041,45.83753],[16.91706,45.84103],[16.93497,45.83778],[16.96014,45.85535],[16.95448,45.85989],[16.96483,45.88632],[16.95371,45.88932],[16.94991,45.88285],[16.94306,45.88766],[16.95026,45.89182],[16.94729,45.89244],[16.95102,45.90284],[16.94019,45.89904],[16.92959,45.91139],[16.91967,45.91108],[16.91483,45.91466],[16.88925,45.90487],[16.87766,45.905],[16.89644,45.91528],[16.89278,45.91698],[16.90813,45.92745],[16.91448,45.93748],[16.90217,45.94333],[16.90173,45.9564],[16.9053,45.9567],[16.89607,45.9641],[16.87401,45.95849],[16.86813,45.95315],[16.83342,45.93957],[16.81931,45.94226],[16.8199,45.93686],[16.81082,45.93124],[16.81204,45.92492],[16.80505,45.92238],[16.81356,45.91283],[16.81119,45.9087],[16.80104,45.91278],[16.79284,45.91983],[16.79569,45.92321],[16.78509,45.92715],[16.78342,45.93232],[16.77728,45.92999],[16.77629,45.92238],[16.7649,45.92136],[16.76486,45.91566],[16.75994,45.90933],[16.75701,45.90795],[16.74949,45.91577],[16.74876,45.90823],[16.73998,45.90749],[16.74901,45.89821],[16.7387,45.89275],[16.72388,45.89336],[16.72418,45.89749],[16.73788,45.90057],[16.73751,45.9029],[16.72843,45.90375],[16.72704,45.91102],[16.7296,45.91509],[16.72485,45.91643],[16.71792,45.91713],[16.71533,45.908],[16.70541,45.89944],[16.69704,45.90115]]]}},{"type":"Feature","properties":{"id":"HRV:ADM2:41942358B55665753142928","name":"Grad Ilok","countryCode":"HRV","adminLevel":2,"sourceCode":"41942358B55665753142928","parentId":"HRV:ADM1:HRV-1605"},"geometry":{"type":"Polygon","coordinates":[[[19.20582,45.19239],[19.22724,45.18476],[19.23775,45.17537],[19.24752,45.17777],[19.25005,45.17279],[19.27227,45.17585],[19.27771,45.17156],[19.2965,45.17122],[19.29405,45.17861],[19.28129,45.19315],[19.28909,45.19548],[19.28283,45.2069],[19.28831,45.20505],[19.31813,45.20799],[19.32839,45.18532],[19.33259,45.18188],[19.33003,45.17706],[19.34792,45.17237],[19.34942,45.16477],[19.35455,45.16477],[19.3542,45.16922],[19.36,45.17017],[19.359,45.17285],[19.36354,45.17532],[19.3723,45.17034],[19.38732,45.17322],[19.41863,45.16579],[19.42564,45.16779],[19.43592,45.17294],[19.42799,45.18762],[19.43346,45.18905],[19.43534,45.19307],[19.44727,45.19591],[19.42744,45.2175],[19.4207,45.23343],[19.34182,45.23182],[19.28948,45.23636],[19.2607,45.24261],[19.26016,45.25329],[19.27511,45.27118],[19.27409,45.27612],[19.26077,45.28139],[19.2264,45.26548],[19.19641,45.26488],[19.19475,45.25696],[19.18524,45.24737],[19.19299,45.24078],[19.1952,45.24291],[19.21032,45.22966],[19.21157,45.20602],[19.21032,45.19613],[19.20582,45.19239]]]}},{"type":"Feature","properties":{"id":"HRV:ADM2:41942358B55699892689153","name":"Grad Daruvar","countryCode":"HRV","adminLevel":2,"sourceCode":"41942358B55699892689153","parentId":"HRV:ADM1:HRV-1607"},"geometry":{"type":"Polygon","coordinates":[[[17.14985,45.60628],[17.14837,45.59825],[17.15112,45.59134],[17.14442,45.58311],[17.16026,45.57755],[17.1906,45.57722],[17.21309,45.56968],[17.21191,45.56492],[17.20807,45.56516],[17.20043,45.5573],[17.19519,45.55609],[17.21558,45.54639],[17.22008,45.55192],[17.22274,45.55123],[17.22227,45.54008],[17.2312,45.5512],[17.2433,45.55263],[17.25085,45.56653],[17.25763,45.57163],[17.26124,45.5685],[17.2742,45.56916],[17.27978,45.56536],[17.2893,45.56974],[17.29639,45.5796],[17.30879,45.57632],[17.31761,45.59511],[17.296,45.60006],[17.25794,45.59945],[17.25555,45.60409],[17.26017,45.60634],[17.25846,45.60809],[17.23427,45.60761],[17.23684,45.61698],[17.23068,45.61741],[17.20782,45.63019],[17.21382,45.62436],[17.17738,45.62625],[17.14985,45.60628]]]}},{"type":"Feature","properties":{"id":"HRV:ADM2:41942358B55937535966272","name":"Grad Našice","countryCode":"HRV","adminLevel":2,"sourceCode":"41942358B55937535966272","parentId":"HRV:ADM1:HRV-1604"},"geometry":{"type":"Polygon","coordinates":[[[17.96027,45.43657],[17.96379,45.4302],[17.98132,45.42402],[17.98314,45.41636],[17.98709,45.41422],[17.99972,45.41263],[18.00755,45.41759],[18.0164,45.41696],[18.02354,45.40752],[18.02294,45.40183],[18.03478,45.3952],[18.05049,45.39426],[18.05827,45.39564],[18.06126,45.40013],[18.07681,45.40125],[18.08447,45.39723],[18.09323,45.40093],[18.10142,45.38469],[18.10958,45.38354],[18.11355,45.36852],[18.14903,45.39349],[18.15104,45.40571],[18.15641,45.41101],[18.15515,45.4161],[18.15817,45.41993],[18.15302,45.42906],[18.14006,45.43056],[18.14143,45.43689],[18.13345,45.43797],[18.13508,45.44339],[18.17293,45.4641],[18.16795,45.4685],[18.16576,45.47774],[18.1707,45.4827],[18.17053,45.4877],[18.18546,45.49251],[18.19443,45.49007],[18.20544,45.50429],[18.20765,45.51627],[18.20078,45.51853],[18.19263,45.51426],[18.17731,45.51943],[18.17988,45.52406],[18.17175,45.52854],[18.1792,45.53563],[18.18894,45.53732],[18.18666,45.55003],[18.19113,45.55192],[18.19229,45.55652],[18.18804,45.56007],[18.20848,45.55797],[18.21563,45.57667],[18.21164,45.57932],[18.20526,45.57704],[18.2008,45.58071],[18.19211,45.57834],[18.18272,45.58158],[18.16163,45.58182],[18.15072,45.57572],[18.14603,45.55738],[18.11459,45.5629],[18.11207,45.55677],[18.1039,45.55446],[18.09675,45.52621],[18.09032,45.52683],[18.08696,45.51806],[18.07601,45.52523],[18.05727,45.51611],[18.0506,45.52272],[18.05305,45.50929],[18.04619,45.49804],[18.03468,45.49047],[18.04945,45.48581],[18.04228,45.48245],[18.03801,45.47439],[18.02465,45.46732],[18.0103,45.45161],[18.00106,45.45348],[17.99232,45.44884],[17.98827,45.44237],[17.97243,45.44228],[17.96027,45.43657]]]}},{"type":"Feature","properties":{"id":"HRV:ADM2:41942358B56064565121242","name":"Opicina Pirovac","countryCode":"HRV","adminLevel":2,"sourceCode":"41942358B56064565121242","parentId":"HRV:ADM1:HRV-1491"},"geometry":{"type":"MultiPolygon","coordinates":[[[[15.57453,43.88542],[15.58346,43.88299],[15.60163,43.86493],[15.63366,43.84783],[15.63726,43.84914],[15.63125,43.85492],[15.62715,43.85417],[15.62534,43.85985],[15.6316,43.85565],[15.65252,43.86308],[15.67353,43.88338],[15.68231,43.88736],[15.70241,43.87254],[15.73517,43.86068],[15.7578,43.85101],[15.77111,43.84013],[15.76385,43.81792],[15.73548,43.78698],[15.73917,43.77531],[15.74867,43.76836],[15.75267,43.76094],[15.72935,43.76218],[15.7312,43.76211],[15.72962,43.76468],[15.71991,43.76269],[15.718,43.76279],[15.69997,43.7686],[15.69264,43.7746],[15.68214,43.79719],[15.68095,43.79758],[15.68279,43.80259],[15.67776,43.81192],[15.67888,43.81184],[15.67888,43.81442],[15.68345,43.81676],[15.67888,43.81667],[15.67888,43.81928],[15.67303,43.82123],[15.66896,43.82099],[15.66676,43.81997],[15.66578,43.81928],[15.63884,43.83613],[15.62802,43.84004],[15.62495,43.84377],[15.61354,43.84527],[15.58201,43.85666],[15.58128,43.85749],[15.57891,43.85777],[15.57477,43.85927],[15.5779,43.86371],[15.57541,43.86706],[15.57017,43.86197],[15.56773,43.8635],[15.56778,43.86383],[15.56746,43.86367],[15.55859,43.86923],[15.57453,43.88542]]],[[[15.66725,43.80719],[15.67469,43.8072],[15.68031,43.7978],[15.65846,43.80508],[15.63299,43.81045],[15.63191,43.81149],[15.63771,43.81766],[15.64331,43.81435],[15.6488,43.81559],[15.65542,43.81438],[15.66725,43.80719]]],[[[15.62748,43.81599],[15.62771,43.81556],[15.62702,43.81623],[15.62748,43.81599]]]]}},{"type":"Feature","properties":{"id":"HRV:ADM2:41942358B56130242537338","name":"Općina Tuhelj","countryCode":"HRV","adminLevel":2,"sourceCode":"41942358B56130242537338","parentId":"HRV:ADM1:HRV-1582"},"geometry":{"type":"Polygon","coordinates":[[[15.79385,46.07254],[15.76799,46.10407],[15.746,46.10723],[15.74363,46.0955],[15.73679,46.10015],[15.72005,46.09496],[15.69689,46.09705],[15.69167,46.09072],[15.69365,46.092],[15.69848,46.08663],[15.70872,46.08943],[15.73508,46.06236],[15.75216,46.05566],[15.79466,46.06572],[15.79385,46.07254]]]}},{"type":"Feature","properties":{"id":"HRV:ADM2:41942358B56245481834825","name":"Općina Slavonski Šamac","countryCode":"HRV","adminLevel":2,"sourceCode":"41942358B56245481834825","parentId":"HRV:ADM1:HRV-1602"},"geometry":{"type":"Polygon","coordinates":[[[18.457,45.0775],[18.47875,45.06167],[18.49385,45.06156],[18.50745,45.05719],[18.52801,45.05992],[18.53074,45.05498],[18.52983,45.04538],[18.53386,45.04365],[18.5372,45.04791],[18.53737,45.06349],[18.55101,45.07492],[18.54602,45.08047],[18.52995,45.08649],[18.53122,45.09361],[18.51218,45.09689],[18.48234,45.09268],[18.47031,45.08822],[18.47051,45.08192],[18.457,45.0775]]]}},{"type":"Feature","properties":{"id":"HRV:ADM2:41942358B56822315108776","name":"Otok Losinj","countryCode":"HRV","adminLevel":2,"sourceCode":"41942358B56822315108776","parentId":"HRV:ADM1:HRV-1586"},"geometry":{"type":"MultiPolygon","coordinates":[[[[14.45557,44.55345],[14.46006,44.54499],[14.45857,44.54559],[14.44781,44.55556],[14.45557,44.55345]]],[[[14.41593,44.58833],[14.42275,44.58562],[14.42767,44.57538],[14.43378,44.57392],[14.43286,44.56799],[14.43913,44.5676],[14.44539,44.56279],[14.44435,44.55876],[14.438,44.56464],[14.42262,44.57388],[14.40406,44.57966],[14.39698,44.56916],[14.38657,44.56562],[14.37468,44.56757],[14.36969,44.57009],[14.36974,44.57044],[14.37645,44.57574],[14.37148,44.58396],[14.37261,44.58961],[14.38028,44.59426],[14.38122,44.58987],[14.38482,44.58942],[14.38528,44.59831],[14.39267,44.59821],[14.39307,44.60339],[14.38369,44.61122],[14.38181,44.62664],[14.36856,44.63243],[14.36779,44.63679],[14.36441,44.63709],[14.3621,44.63989],[14.3616,44.64445],[14.35773,44.6452],[14.35366,44.65014],[14.35485,44.65288],[14.34693,44.66205],[14.34457,44.66852],[14.33853,44.69366],[14.3414,44.70074],[14.3387,44.70635],[14.34025,44.71254],[14.34675,44.71146],[14.34937,44.71019],[14.34824,44.70712],[14.35388,44.706],[14.35392,44.70138],[14.36138,44.69705],[14.36717,44.69749],[14.36889,44.70094],[14.36976,44.69531],[14.37201,44.69888],[14.37677,44.70008],[14.38111,44.69864],[14.38437,44.69605],[14.38343,44.69437],[14.38736,44.69366],[14.39337,44.68888],[14.39434,44.68556],[14.3972,44.6847],[14.39039,44.66218],[14.39519,44.65339],[14.39686,44.64738],[14.39639,44.6457],[14.39735,44.64559],[14.39959,44.63752],[14.39962,44.6373],[14.39938,44.63533],[14.39381,44.63567],[14.39269,44.6298],[14.39556,44.61961],[14.40296,44.61706],[14.40312,44.61604],[14.40041,44.61328],[14.4037,44.61256],[14.40406,44.61034],[14.40506,44.60876],[14.40462,44.60778],[14.40812,44.60394],[14.41,44.60098],[14.41342,44.59762],[14.41593,44.58833]]],[[[14.52106,44.50784],[14.52334,44.50177],[14.52696,44.50286],[14.53435,44.48408],[14.51197,44.48224],[14.50956,44.48389],[14.5078,44.48829],[14.50592,44.48638],[14.50088,44.48982],[14.50448,44.49204],[14.49607,44.4931],[14.49416,44.49441],[14.4963,44.5006],[14.48918,44.49818],[14.48774,44.50217],[14.49121,44.50487],[14.48459,44.50568],[14.48284,44.51106],[14.47472,44.51138],[14.47137,44.5166],[14.46738,44.5173],[14.45575,44.52827],[14.45975,44.53044],[14.4529,44.53333],[14.45212,44.53169],[14.45191,44.53189],[14.4475,44.53405],[14.44752,44.53408],[14.44144,44.53733],[14.44192,44.54176],[14.4445,44.54176],[14.44197,44.5447],[14.44652,44.54377],[14.46806,44.53219],[14.4633,44.53967],[14.46608,44.53864],[14.4609,44.54343],[14.46023,44.54449],[14.46351,44.54615],[14.47224,44.53707],[14.47939,44.53712],[14.47614,44.53421],[14.47837,44.53222],[14.48629,44.53218],[14.4803,44.52708],[14.48752,44.52805],[14.49141,44.52356],[14.49208,44.52576],[14.49865,44.52522],[14.52116,44.50792],[14.52106,44.50784]]]]}},{"type":"Feature","properties":{"id":"HRV:ADM2:41942358B56865136958043","name":"Grad Ludbreg","countryCode":"HRV","adminLevel":2,"sourceCode":"41942358B56865136958043","parentId":"HRV:ADM1:HRV-1610"},"geometry":{"type":"Polygon","coordinates":[[[16.70396,46.22672],[16.68466,46.23002],[16.67346,46.24676],[16.67882,46.25483],[16.67927,46.26349],[16.67381,46.26559],[16.6793,46.26993],[16.65626,46.27012],[16.65277,46.27561],[16.63297,46.27281],[16.62973,46.27714],[16.6103,46.27418],[16.60882,46.27151],[16.59525,46.27374],[16.59041,46.26632],[16.58421,46.26881],[16.58805,46.2785],[16.58504,46.28003],[16.54844,46.27756],[16.55641,46.27593],[16.55702,46.27],[16.56533,46.26677],[16.5628,46.25013],[16.56687,46.25057],[16.56466,46.24464],[16.56707,46.24149],[16.56463,46.23726],[16.56635,46.21031],[16.55892,46.19058],[16.58804,46.20447],[16.60105,46.19987],[16.61905,46.19853],[16.64452,46.19872],[16.65531,46.20505],[16.67636,46.2016],[16.68411,46.20524],[16.68605,46.21271],[16.69574,46.21367],[16.70396,46.22672]]]}},{"type":"Feature","properties":{"id":"HRV:ADM2:41942358B56882345771400","name":"Općina Hercegovac","countryCode":"HRV","adminLevel":2,"sourceCode":"41942358B56882345771400","parentId":"HRV:ADM1:HRV-1607"},"geometry":{"type":"Polygon","coordinates":[[[16.9804,45.70108],[16.98864,45.69355],[16.98465,45.69077],[16.99031,45.68709],[16.98576,45.68457],[16.9925,45.68634],[16.99448,45.68253],[16.98894,45.68166],[16.9913,45.67821],[17.00169,45.67986],[17.00982,45.67332],[17.00812,45.66945],[16.99203,45.67329],[16.97512,45.67248],[16.97559,45.65629],[16.98289,45.65575],[16.98315,45.65245],[16.97027,45.65311],[16.95967,45.65098],[16.95727,45.64651],[16.95117,45.64771],[16.95577,45.64126],[16.95564,45.63457],[16.95856,45.63532],[16.96079,45.63121],[16.97371,45.63319],[16.9719,45.62958],[16.98555,45.62157],[16.99551,45.63178],[16.99632,45.62944],[17.00164,45.63799],[17.00675,45.63712],[17.00649,45.63316],[17.01383,45.63217],[17.03694,45.61609],[17.04121,45.62676],[17.07093,45.62754],[17.05348,45.63358],[17.0475,45.64151],[17.04087,45.63967],[17.03368,45.64507],[17.03314,45.65074],[17.04696,45.66415],[17.04512,45.67803],[17.04971,45.68349],[17.05464,45.68178],[17.06153,45.68825],[17.0143,45.71157],[17.00289,45.71067],[16.9804,45.70108]]]}},{"type":"Feature","properties":{"id":"HRV:ADM2:41942358B5698398635039","name":"Grad Varaždinske Toplice","countryCode":"HRV","adminLevel":2,"sourceCode":"41942358B5698398635039","parentId":"HRV:ADM1:HRV-1610"},"geometry":{"type":"Polygon","coordinates":[[[16.54111,46.18179],[16.53793,46.1868],[16.54193,46.19987],[16.53684,46.2147],[16.52958,46.21696],[16.51978,46.23429],[16.49465,46.23723],[16.48561,46.23454],[16.48342,46.2422],[16.4754,46.24176],[16.47359,46.24011],[16.4762,46.23582],[16.47001,46.22961],[16.45361,46.22643],[16.44213,46.22968],[16.44398,46.22891],[16.4378,46.22608],[16.4312,46.23297],[16.41908,46.23827],[16.4142,46.23087],[16.40265,46.23409],[16.40072,46.224],[16.38101,46.22131],[16.37866,46.21804],[16.38388,46.20939],[16.37791,46.19791],[16.38072,46.17874],[16.37679,46.17571],[16.37227,46.16019],[16.37995,46.14554],[16.37642,46.13698],[16.38126,46.12949],[16.37892,46.12755],[16.39378,46.12789],[16.39871,46.13027],[16.3973,46.13589],[16.4276,46.15028],[16.4319,46.138],[16.44392,46.13115],[16.46297,46.13362],[16.49301,46.14676],[16.48892,46.15597],[16.48228,46.1577],[16.48228,46.16249],[16.49252,46.16422],[16.49806,46.16882],[16.52159,46.17093],[16.53765,46.16326],[16.54706,46.16326],[16.54789,46.17706],[16.54461,46.17664],[16.54111,46.18179]]]}},{"type":"Feature","properties":{"id":"HRV:ADM2:41942358B57070467356768","name":"Općina Brela","countryCode":"HRV","adminLevel":2,"sourceCode":"41942358B57070467356768","parentId":"HRV:ADM1:HRV-1492"},"geometry":{"type":"Polygon","coordinates":[[[16.89163,43.40212],[16.89813,43.41318],[16.90478,43.41809],[16.9436,43.42447],[16.94873,43.41551],[16.95362,43.39307],[16.96521,43.38999],[16.97403,43.38335],[16.94573,43.36809],[16.94314,43.36487],[16.93393,43.3736],[16.90602,43.38727],[16.89861,43.39257],[16.89163,43.40212]]]}},{"type":"Feature","properties":{"id":"HRV:ADM2:41942358B57078948587956","name":"Općina Tinjan","countryCode":"HRV","adminLevel":2,"sourceCode":"41942358B57078948587956","parentId":"HRV:ADM1:HRV-1592"},"geometry":{"type":"Polygon","coordinates":[[[13.78554,45.21843],[13.78731,45.21409],[13.7789,45.19915],[13.78026,45.19165],[13.78883,45.17962],[13.78874,45.16745],[13.82033,45.15781],[13.84964,45.16333],[13.84712,45.16532],[13.85002,45.17508],[13.84114,45.17773],[13.84466,45.18614],[13.84012,45.1944],[13.84593,45.20705],[13.85414,45.21422],[13.85585,45.22047],[13.8518,45.22561],[13.85469,45.23197],[13.85084,45.23194],[13.84779,45.23829],[13.84922,45.24491],[13.8315,45.23639],[13.83266,45.24748],[13.83907,45.25833],[13.8271,45.25877],[13.82833,45.26178],[13.8208,45.26339],[13.80825,45.25905],[13.8049,45.2622],[13.7938,45.25794],[13.78929,45.2508],[13.78071,45.24944],[13.78198,45.24316],[13.77422,45.23549],[13.77607,45.22964],[13.77007,45.22596],[13.78343,45.22276],[13.78554,45.21843]]]}},{"type":"Feature","properties":{"id":"HRV:ADM2:41942358B57122337341822","name":"Grad Lipik","countryCode":"HRV","adminLevel":2,"sourceCode":"41942358B57122337341822","parentId":"HRV:ADM1:HRV-1604"},"geometry":{"type":"Polygon","coordinates":[[[16.92996,45.48165],[16.93878,45.47698],[16.95409,45.45676],[16.96436,45.45257],[16.96879,45.45486],[16.98292,45.45221],[17.00351,45.4584],[17.0004,45.45502],[17.02238,45.44159],[17.01105,45.43587],[17.01517,45.43193],[17.01519,45.42638],[17.02174,45.42653],[17.02159,45.42285],[17.02685,45.42572],[17.02629,45.42162],[17.0308,45.41779],[17.03165,45.42297],[17.039,45.42035],[17.04245,45.42319],[17.04614,45.4195],[17.05115,45.43827],[17.06738,45.43718],[17.07003,45.43522],[17.06711,45.43104],[17.07118,45.42129],[17.0569,45.41894],[17.06057,45.41297],[17.05447,45.40969],[17.05552,45.40499],[17.04365,45.39486],[17.04958,45.3919],[17.05425,45.39599],[17.05339,45.39249],[17.06059,45.39307],[17.07305,45.38815],[17.07657,45.38222],[17.11831,45.37269],[17.131,45.36434],[17.13404,45.3555],[17.12879,45.34981],[17.13649,45.34365],[17.15828,45.34873],[17.1647,45.35383],[17.17597,45.3486],[17.21552,45.38074],[17.23427,45.39025],[17.2478,45.39051],[17.21381,45.42447],[17.19992,45.42185],[17.19433,45.42554],[17.18529,45.42117],[17.18797,45.41599],[17.1827,45.40474],[17.17082,45.4044],[17.17307,45.40718],[17.16715,45.41067],[17.16831,45.41376],[17.18472,45.42698],[17.1684,45.42713],[17.17039,45.43121],[17.15112,45.45321],[17.13575,45.45026],[17.08486,45.49045],[17.08663,45.50555],[17.05392,45.52196],[17.04735,45.51817],[17.03091,45.51627],[17.02797,45.50814],[17.02336,45.50878],[17.0231,45.50647],[17.00795,45.50677],[17.00778,45.51182],[17.00452,45.50707],[16.99289,45.51116],[16.99448,45.51405],[16.97066,45.52132],[16.96251,45.53138],[16.95999,45.54121],[16.96358,45.54205],[16.96206,45.54466],[16.94936,45.5457],[16.9289,45.51442],[16.92808,45.50817],[16.93287,45.50314],[16.93086,45.49372],[16.93562,45.4871],[16.92996,45.48165]]]}},{"type":"Feature","properties":{"id":"HRV:ADM2:41942358B57149227016444","name":"Općina Negoslavci","countryCode":"HRV","adminLevel":2,"sourceCode":"41942358B57149227016444","parentId":"HRV:ADM1:HRV-1605"},"geometry":{"type":"Polygon","coordinates":[[[18.97894,45.29451],[18.97808,45.28961],[18.97003,45.28959],[18.97133,45.26631],[18.98461,45.26171],[18.99184,45.26352],[19.00748,45.25287],[19.03167,45.26474],[19.03695,45.26356],[19.03939,45.27495],[19.04682,45.28282],[19.04162,45.28928],[19.03702,45.28811],[19.03528,45.29131],[19.02622,45.28875],[19.01813,45.29506],[19.01255,45.29352],[19.01366,45.29663],[19.00903,45.30159],[18.99565,45.30057],[18.97894,45.29451]]]}},{"type":"Feature","properties":{"id":"HRV:ADM2:41942358B57349305695919","name":"Općina Brtonigla","countryCode":"HRV","adminLevel":2,"sourceCode":"41942358B57349305695919","parentId":"HRV:ADM1:HRV-1592"},"geometry":{"type":"Polygon","coordinates":[[[13.5549,45.37255],[13.61108,45.39355],[13.63279,45.38844],[13.63969,45.38104],[13.65238,45.37545],[13.65438,45.36763],[13.66333,45.36515],[13.65856,45.35567],[13.66004,45.35312],[13.66894,45.34507],[13.65315,45.33556],[13.63167,45.33588],[13.63207,45.34051],[13.62706,45.34216],[13.61593,45.33952],[13.6134,45.35083],[13.60959,45.35419],[13.60291,45.35397],[13.5893,45.36003],[13.55569,45.35672],[13.55436,45.35958],[13.5512,45.35995],[13.55494,45.36107],[13.55494,45.36734],[13.54802,45.37252],[13.5549,45.37255]]]}},{"type":"Feature","properties":{"id":"HRV:ADM2:41942358B57794033999299","name":"Općina Staro Petrovo Selo","countryCode":"HRV","adminLevel":2,"sourceCode":"41942358B57794033999299","parentId":"HRV:ADM1:HRV-1602"},"geometry":{"type":"Polygon","coordinates":[[[17.45741,45.21117],[17.45656,45.18499],[17.47483,45.18266],[17.47628,45.1858],[17.47951,45.18509],[17.4759,45.17823],[17.47545,45.16606],[17.50102,45.16078],[17.51096,45.15251],[17.55263,45.14825],[17.5619,45.14865],[17.56525,45.15317],[17.56925,45.15296],[17.57898,45.14851],[17.58021,45.15672],[17.58764,45.15566],[17.58897,45.17856],[17.58606,45.18149],[17.59209,45.19323],[17.58701,45.19477],[17.5981,45.21282],[17.59477,45.2229],[17.60141,45.228],[17.5989,45.24607],[17.60796,45.25808],[17.60094,45.26442],[17.59443,45.26334],[17.60076,45.26601],[17.59988,45.27062],[17.58114,45.28078],[17.5689,45.28151],[17.55484,45.2925],[17.55171,45.29965],[17.52286,45.30596],[17.50585,45.30465],[17.49707,45.29209],[17.50238,45.28844],[17.50783,45.27735],[17.50189,45.26266],[17.50403,45.26069],[17.48626,45.24435],[17.47672,45.24646],[17.47385,45.24318],[17.48039,45.24172],[17.4781,45.23735],[17.47578,45.23452],[17.4703,45.23577],[17.46975,45.22818],[17.46663,45.22851],[17.46121,45.21166],[17.45741,45.21117]]]}},{"type":"Feature","properties":{"id":"HRV:ADM2:41942358B58087706082188","name":"Općina Selnica","countryCode":"HRV","adminLevel":2,"sourceCode":"41942358B58087706082188","parentId":"HRV:ADM1:HRV-1609"},"geometry":{"type":"Polygon","coordinates":[[[16.38182,46.5142],[16.37504,46.51214],[16.36441,46.49608],[16.36735,46.48539],[16.36179,46.48719],[16.34819,46.48331],[16.3409,46.48747],[16.3317,46.4876],[16.33413,46.47825],[16.34623,46.47433],[16.3475,46.46471],[16.37041,46.46615],[16.37675,46.46293],[16.39081,46.46321],[16.40263,46.45769],[16.41029,46.45699],[16.41465,46.46102],[16.43025,46.45806],[16.42561,46.46355],[16.41836,46.46481],[16.4093,46.47175],[16.41777,46.47729],[16.41873,46.48124],[16.42395,46.48153],[16.42601,46.49156],[16.41753,46.49524],[16.42187,46.50053],[16.41071,46.50304],[16.40648,46.50777],[16.40337,46.50419],[16.39839,46.50503],[16.3945,46.49944],[16.38182,46.5142]]]}},{"type":"Feature","properties":{"id":"HRV:ADM2:41942358B5836347330991","name":"Općina Malinska - Dubašnica","countryCode":"HRV","adminLevel":2,"sourceCode":"41942358B5836347330991","parentId":"HRV:ADM1:HRV-1586"},"geometry":{"type":"Polygon","coordinates":[[[14.54738,45.14815],[14.54683,45.15811],[14.55415,45.16546],[14.5686,45.16449],[14.57459,45.15348],[14.56342,45.14779],[14.56869,45.14429],[14.56926,45.13723],[14.55784,45.13005],[14.55761,45.1205],[14.55245,45.11859],[14.55625,45.11608],[14.55769,45.11294],[14.55417,45.11072],[14.5599,45.10299],[14.57295,45.09713],[14.5725,45.09338],[14.5657,45.08978],[14.56705,45.08685],[14.56396,45.0829],[14.5554,45.0764],[14.53227,45.07686],[14.51954,45.08331],[14.50396,45.08312],[14.50095,45.09101],[14.50238,45.09636],[14.4944,45.09843],[14.49091,45.09622],[14.4774,45.10369],[14.47148,45.10334],[14.46592,45.11539],[14.46644,45.11935],[14.47784,45.12839],[14.47818,45.1284],[14.47949,45.12596],[14.48345,45.12748],[14.49403,45.124],[14.50464,45.11577],[14.52264,45.11987],[14.52518,45.12498],[14.52821,45.12416],[14.5237,45.1262],[14.5267,45.12953],[14.52733,45.13383],[14.53012,45.13483],[14.52797,45.13823],[14.52908,45.14581],[14.52286,45.15049],[14.52325,45.15089],[14.54738,45.14815]]]}},{"type":"Feature","properties":{"id":"HRV:ADM2:41942358B58381248159279","name":"Grad Pazin","countryCode":"HRV","adminLevel":2,"sourceCode":"41942358B58381248159279","parentId":"HRV:ADM1:HRV-1592"},"geometry":{"type":"Polygon","coordinates":[[[13.88788,45.30237],[13.87764,45.28396],[13.84049,45.26221],[13.83266,45.24748],[13.8315,45.23639],[13.84922,45.24491],[13.84779,45.23829],[13.85084,45.23194],[13.85469,45.23197],[13.8518,45.22561],[13.85585,45.22047],[13.85414,45.21422],[13.87224,45.20104],[13.88565,45.18589],[13.88653,45.18097],[13.88076,45.16915],[13.88421,45.16559],[13.93541,45.1664],[13.94189,45.17489],[13.92005,45.18735],[13.9305,45.20702],[13.97325,45.2079],[13.97477,45.21567],[13.98077,45.21734],[13.97647,45.21844],[13.98883,45.23446],[14.00585,45.24137],[13.97746,45.25639],[13.9659,45.26771],[13.96371,45.27715],[13.96787,45.28325],[13.97862,45.28639],[13.98433,45.29737],[13.9641,45.30483],[13.95633,45.31657],[13.94529,45.32283],[13.92184,45.32895],[13.90781,45.3366],[13.89659,45.33695],[13.89566,45.33308],[13.87441,45.3297],[13.86709,45.32505],[13.88788,45.30237]]]}},{"type":"Feature","properties":{"id":"HRV:ADM2:41942358B58405997999475","name":"Općina Bošnjaci","countryCode":"HRV","adminLevel":2,"sourceCode":"41942358B58405997999475","parentId":"HRV:ADM1:HRV-1605"},"geometry":{"type":"Polygon","coordinates":[[[18.71084,45.03853],[18.71925,45.03423],[18.72167,45.02532],[18.73843,45.01603],[18.73724,45.00991],[18.72779,44.99907],[18.72918,44.99394],[18.73475,44.99217],[18.74371,44.9926],[18.75668,44.99959],[18.7876,44.99554],[18.78857,44.99846],[18.84469,45.00926],[18.84147,45.04706],[18.87627,45.03854],[18.87194,45.06361],[18.85846,45.07355],[18.86022,45.07531],[18.82597,45.08846],[18.82012,45.08402],[18.80426,45.0901],[18.7938,45.09059],[18.76331,45.08785],[18.75854,45.08094],[18.74106,45.07634],[18.72306,45.06411],[18.71084,45.03853]]]}},{"type":"Feature","properties":{"id":"HRV:ADM2:41942358B58556709967524","name":"Općina Rogoznica","countryCode":"HRV","adminLevel":2,"sourceCode":"41942358B58556709967524","parentId":"HRV:ADM1:HRV-1491"},"geometry":{"type":"Polygon","coordinates":[[[15.95822,43.56513],[15.96736,43.57106],[15.97685,43.56804],[15.99683,43.56947],[16.01561,43.57749],[16.04082,43.57253],[16.04602,43.56814],[16.05348,43.57103],[16.06198,43.56401],[16.07029,43.56272],[16.07298,43.54666],[16.09023,43.54504],[16.09143,43.53792],[16.08329,43.53766],[16.08158,43.53225],[16.06977,43.53382],[16.06425,43.53876],[16.03879,43.53611],[16.03598,43.52973],[16.06234,43.5192],[16.06104,43.51019],[16.05194,43.50542],[16.02063,43.5088],[16.01668,43.50229],[16.01401,43.50397],[16.00782,43.50397],[16.00782,43.49714],[15.99578,43.50336],[15.98701,43.50327],[15.98672,43.50661],[15.98309,43.5035],[15.98314,43.50322],[15.97384,43.50312],[15.97325,43.50593],[15.97179,43.50494],[15.96632,43.51081],[15.96551,43.5091],[15.96559,43.50617],[15.96437,43.50389],[15.95948,43.50397],[15.96022,43.50851],[15.96447,43.50905],[15.96063,43.51109],[15.96121,43.51463],[15.97475,43.50936],[15.97339,43.5131],[15.99046,43.51798],[15.98447,43.5226],[15.98699,43.52729],[15.98422,43.53205],[15.98294,43.53551],[15.99465,43.53802],[15.98417,43.54017],[15.98732,43.54491],[15.97096,43.54352],[15.9651,43.54194],[15.95948,43.53815],[15.95947,43.5382],[15.96077,43.5403],[15.95877,43.5403],[15.95623,43.54792],[15.94809,43.55288],[15.92543,43.55855],[15.92564,43.55861],[15.9389,43.55975],[15.94603,43.55833],[15.94257,43.56196],[15.94346,43.56458],[15.95822,43.56513]]]}},{"type":"Feature","properties":{"id":"HRV:ADM2:41942358B58636386184746","name":"Općina Jelsa","countryCode":"HRV","adminLevel":2,"sourceCode":"41942358B58636386184746","parentId":"HRV:ADM1:HRV-1492"},"geometry":{"type":"MultiPolygon","coordinates":[[[[16.89886,43.15428],[16.89486,43.15221],[16.89837,43.15079],[16.91013,43.15325],[16.91742,43.15052],[16.92087,43.15323],[16.96869,43.15045],[16.97054,43.13666],[16.97619,43.13112],[16.97137,43.12954],[16.97588,43.1285],[16.97568,43.12727],[16.94325,43.12727],[16.7844,43.12727],[16.78404,43.12731],[16.77211,43.12727],[16.69313,43.12727],[16.67018,43.12547],[16.62826,43.13212],[16.62913,43.13427],[16.62629,43.13747],[16.60616,43.14133],[16.58748,43.14969],[16.589,43.15515],[16.60571,43.15868],[16.61486,43.1569],[16.62249,43.1618],[16.65078,43.16086],[16.65896,43.17076],[16.65422,43.1714],[16.65549,43.17799],[16.6505,43.18018],[16.66001,43.19949],[16.66305,43.19638],[16.66858,43.1988],[16.66747,43.19634],[16.67721,43.1932],[16.67275,43.18896],[16.68147,43.19111],[16.68414,43.18395],[16.69342,43.18385],[16.69223,43.18281],[16.68946,43.18281],[16.68629,43.18183],[16.68937,43.18009],[16.68585,43.1773],[16.66728,43.18177],[16.67936,43.17861],[16.6836,43.17242],[16.69591,43.16976],[16.69786,43.1661],[16.69262,43.16166],[16.6982,43.16204],[16.70271,43.16661],[16.70605,43.16479],[16.70341,43.16132],[16.70922,43.16248],[16.71266,43.15874],[16.71424,43.16139],[16.71946,43.15661],[16.74297,43.16048],[16.74573,43.16256],[16.74795,43.16231],[16.74774,43.15834],[16.75342,43.16194],[16.75924,43.16197],[16.75985,43.16126],[16.77539,43.16041],[16.77835,43.15677],[16.78093,43.16055],[16.81093,43.15842],[16.81338,43.15592],[16.81371,43.15868],[16.82339,43.16159],[16.8264,43.15924],[16.83798,43.16013],[16.84137,43.15873],[16.84001,43.15508],[16.85289,43.15825],[16.86369,43.15613],[16.86236,43.16036],[16.8748,43.16143],[16.87735,43.15961],[16.87369,43.15678],[16.87965,43.15857],[16.88212,43.15802],[16.87988,43.156],[16.88577,43.15212],[16.8848,43.14792],[16.89334,43.15553],[16.89674,43.15477],[16.89787,43.15473],[16.89886,43.15428]]],[[[16.69026,43.18948],[16.69089,43.18976],[16.6917,43.18937],[16.69026,43.18948]]],[[[16.71457,43.08409],[16.71596,43.08261],[16.71624,43.08181],[16.7006,43.08264],[16.70014,43.08347],[16.67309,43.08458],[16.66111,43.08905],[16.66935,43.09012],[16.66767,43.09338],[16.67299,43.0917],[16.67245,43.09681],[16.67692,43.09453],[16.68708,43.09912],[16.69173,43.09865],[16.69203,43.09567],[16.69626,43.09758],[16.69777,43.09573],[16.69817,43.09579],[16.69867,43.09311],[16.69606,43.0917],[16.69845,43.09006],[16.70337,43.0924],[16.70198,43.09624],[16.70491,43.09639],[16.70684,43.09307],[16.70919,43.09656],[16.71038,43.09692],[16.71676,43.09392],[16.72989,43.09504],[16.7317,43.09444],[16.73815,43.09059],[16.73854,43.08682],[16.73208,43.08507],[16.7273,43.08623],[16.7268,43.08451],[16.72617,43.08446],[16.72352,43.08339],[16.72,43.08462],[16.72057,43.08219],[16.71974,43.08185],[16.71852,43.08214],[16.71457,43.08409]]]]}},{"type":"Feature","properties":{"id":"HRV:ADM2:41942358B58725433500450","name":"Općina Raša","countryCode":"HRV","adminLevel":2,"sourceCode":"41942358B58725433500450","parentId":"HRV:ADM1:HRV-1592"},"geometry":{"type":"MultiPolygon","coordinates":[[[[14.03908,45.0314],[14.03438,45.03923],[14.03998,45.04177],[14.04368,45.05252],[14.03443,45.06163],[14.03435,45.06779],[14.01884,45.07044],[14.0288,45.0772],[14.02052,45.08194],[14.02097,45.08485],[14.03231,45.08684],[14.03798,45.0836],[14.0472,45.08709],[14.04469,45.09143],[14.04708,45.09479],[14.06577,45.09241],[14.07151,45.09362],[14.07128,45.09831],[14.0807,45.09561],[14.09715,45.09661],[14.09716,45.08904],[14.10796,45.09398],[14.10287,45.08865],[14.08866,45.08473],[14.08767,45.07985],[14.08152,45.07756],[14.06862,45.06074],[14.06883,45.05353],[14.08303,45.05014],[14.07987,45.04824],[14.07888,45.03909],[14.09533,45.02367],[14.09732,45.02475],[14.09664,45.02012],[14.10269,45.01259],[14.1064,45.01937],[14.11562,45.01206],[14.12239,45.01664],[14.13166,45.00819],[14.13893,45.01228],[14.13793,45.03303],[14.13518,45.03162],[14.13006,45.04035],[14.13387,45.04159],[14.13014,45.04764],[14.13624,45.05472],[14.14202,45.05394],[14.16088,45.03292],[14.15461,45.03356],[14.15493,45.02789],[14.16097,45.02318],[14.15892,45.02055],[14.1643,45.01982],[14.16207,45.01452],[14.16574,45.01469],[14.16375,44.99575],[14.15138,44.97748],[14.1399,44.97134],[14.13185,44.97207],[14.1242,44.97541],[14.11329,44.97748],[14.10133,44.97427],[14.09996,44.97336],[14.08975,44.97587],[14.08776,44.98516],[14.08316,44.98505],[14.08383,44.9864],[14.07702,45.00182],[14.07789,45.00554],[14.07585,45.00447],[14.07569,45.00483],[14.05854,45.01588],[14.05933,45.01863],[14.05326,45.02185],[14.05376,45.02703],[14.05216,45.02895],[14.05307,45.03315],[14.05193,45.03803],[14.04029,45.03897],[14.04258,45.0319],[14.03908,45.0314]]],[[[14.07378,44.96464],[14.07257,44.96921],[14.07845,44.9713],[14.08635,44.96857],[14.09362,44.97206],[14.09535,44.97028],[14.08969,44.9665],[14.08041,44.95726],[14.07569,44.94953],[14.069,44.94953],[14.06982,44.95038],[14.06935,44.95299],[14.07061,44.96187],[14.07378,44.96464]]]]}},{"type":"Feature","properties":{"id":"HRV:ADM2:41942358B5873204091997","name":"Grad Donja Stubica","countryCode":"HRV","adminLevel":2,"sourceCode":"41942358B5873204091997","parentId":"HRV:ADM1:HRV-1582"},"geometry":{"type":"Polygon","coordinates":[[[16.05218,45.94303],[16.04305,45.94355],[16.01261,45.95749],[16.01468,45.96353],[15.99732,45.98055],[15.99429,45.98817],[15.99632,45.99386],[15.99125,45.99937],[16.01307,46.00217],[16.01108,46.00708],[16.00473,46.00979],[16.01602,46.01447],[16.01536,46.02498],[16.00751,46.03723],[15.99454,46.02908],[15.97985,46.02741],[15.96059,46.01475],[15.95381,46.01471],[15.95075,46.00933],[15.96161,46.00081],[15.96514,45.99398],[15.96139,45.98875],[15.94551,45.9815],[15.94774,45.97616],[15.94368,45.9746],[15.9447,45.96592],[15.95861,45.94967],[15.95896,45.94319],[15.9841,45.94285],[15.98237,45.94761],[15.98674,45.94906],[16.00127,45.94467],[16.01004,45.93195],[16.03199,45.93738],[16.05088,45.93666],[16.05218,45.94303]]]}},{"type":"Feature","properties":{"id":"HRV:ADM2:41942358B58981584171637","name":"Općina Lupoglav","countryCode":"HRV","adminLevel":2,"sourceCode":"41942358B58981584171637","parentId":"HRV:ADM1:HRV-1592"},"geometry":{"type":"Polygon","coordinates":[[[14.06053,45.32514],[14.07578,45.31625],[14.08956,45.31425],[14.10249,45.29852],[14.10147,45.29471],[14.10783,45.29316],[14.11264,45.28411],[14.1159,45.28408],[14.11588,45.27813],[14.11905,45.27523],[14.11531,45.27315],[14.12454,45.2719],[14.12748,45.26721],[14.13586,45.26544],[14.17333,45.27721],[14.19231,45.27436],[14.18756,45.28562],[14.18899,45.29041],[14.18293,45.28993],[14.18323,45.3068],[14.19366,45.31851],[14.19381,45.32508],[14.20297,45.32955],[14.21531,45.32732],[14.20405,45.34662],[14.2024,45.37036],[14.18632,45.37697],[14.18214,45.36662],[14.17615,45.36215],[14.15214,45.35368],[14.13524,45.36298],[14.12829,45.37344],[14.10999,45.38613],[14.0881,45.38334],[14.08519,45.37944],[14.09416,45.37137],[14.0714,45.35047],[14.07987,45.34529],[14.08035,45.33946],[14.07072,45.32716],[14.06053,45.32514]]]}},{"type":"Feature","properties":{"id":"HRV:ADM2:41942358B5918306245963","name":"Grad Mursko Središće","countryCode":"HRV","adminLevel":2,"sourceCode":"41942358B5918306245963","parentId":"HRV:ADM1:HRV-1609"},"geometry":{"type":"Polygon","coordinates":[[[16.49084,46.47642],[16.49061,46.47973],[16.49888,46.48779],[16.50675,46.49022],[16.50882,46.49533],[16.48746,46.50075],[16.48535,46.50316],[16.48823,46.50826],[16.48076,46.50888],[16.47842,46.5127],[16.47022,46.51109],[16.4703,46.51762],[16.46553,46.5163],[16.46659,46.51266],[16.4617,46.51447],[16.46409,46.52141],[16.45954,46.51632],[16.45095,46.51793],[16.44063,46.51501],[16.4376,46.51944],[16.44079,46.52554],[16.43681,46.52864],[16.43158,46.52723],[16.42941,46.53253],[16.42492,46.53255],[16.42542,46.52781],[16.42306,46.52787],[16.40866,46.53388],[16.41241,46.53021],[16.4079,46.52654],[16.40164,46.53225],[16.40378,46.535],[16.40067,46.53957],[16.38685,46.51873],[16.38249,46.51744],[16.38811,46.5041],[16.3945,46.49944],[16.39839,46.50503],[16.40337,46.50419],[16.40648,46.50777],[16.41071,46.50304],[16.42187,46.50053],[16.41753,46.49524],[16.42601,46.49156],[16.42395,46.48153],[16.41873,46.48124],[16.41777,46.47729],[16.4093,46.47175],[16.41836,46.46481],[16.42561,46.46355],[16.4303,46.4579],[16.43519,46.46255],[16.44005,46.47588],[16.44037,46.48219],[16.43642,46.48281],[16.44019,46.49022],[16.46031,46.48899],[16.47327,46.48303],[16.47713,46.4767],[16.49084,46.47642]]]}},{"type":"Feature","properties":{"id":"HRV:ADM2:41942358B59276498124373","name":"Općina Đelekovec","countryCode":"HRV","adminLevel":2,"sourceCode":"41942358B59276498124373","parentId":"HRV:ADM1:HRV-1608"},"geometry":{"type":"Polygon","coordinates":[[[16.89611,46.23678],[16.88642,46.23584],[16.8759,46.23902],[16.87594,46.24133],[16.88882,46.23869],[16.89807,46.24822],[16.89736,46.2543],[16.88601,46.25497],[16.87615,46.24964],[16.86999,46.25287],[16.87283,46.2582],[16.86957,46.26634],[16.87084,46.27313],[16.8783,46.27638],[16.88275,46.27251],[16.89255,46.2742],[16.88544,46.28192],[16.88638,46.28703],[16.88216,46.28928],[16.87573,46.28762],[16.87414,46.2818],[16.86989,46.27985],[16.8626,46.27994],[16.86273,46.28363],[16.85794,46.28218],[16.85998,46.27836],[16.84981,46.27037],[16.84148,46.27086],[16.84101,46.26638],[16.83775,46.26608],[16.83938,46.27211],[16.83352,46.26872],[16.82997,46.27368],[16.82857,46.2693],[16.82457,46.27046],[16.82307,46.26613],[16.81614,46.26331],[16.8147,46.25772],[16.80627,46.25949],[16.80121,46.24776],[16.80801,46.24588],[16.80058,46.23388],[16.80769,46.2366],[16.81271,46.23466],[16.81747,46.24101],[16.8211,46.23828],[16.81973,46.23539],[16.85127,46.23452],[16.85736,46.23274],[16.85678,46.22959],[16.87313,46.22737],[16.87835,46.23109],[16.88822,46.23089],[16.89611,46.23678]]]}},{"type":"Feature","properties":{"id":"HRV:ADM2:41942358B5927757605636","name":"Općina Selca","countryCode":"HRV","adminLevel":2,"sourceCode":"41942358B5927757605636","parentId":"HRV:ADM1:HRV-1492"},"geometry":{"type":"Polygon","coordinates":[[[16.81328,43.26917],[16.81255,43.26775],[16.79034,43.26727],[16.79024,43.27116],[16.79507,43.27367],[16.79063,43.27892],[16.78496,43.27792],[16.78453,43.28152],[16.78784,43.28336],[16.77265,43.30338],[16.80539,43.31669],[16.79816,43.32365],[16.80436,43.32602],[16.8063,43.34004],[16.81521,43.34002],[16.81078,43.33554],[16.81601,43.33517],[16.8226,43.34032],[16.82468,43.33492],[16.82684,43.33797],[16.83105,43.33522],[16.82979,43.33047],[16.83367,43.33484],[16.83698,43.33267],[16.83134,43.34062],[16.83883,43.33838],[16.83957,43.34072],[16.85816,43.32518],[16.86899,43.32258],[16.8777,43.32343],[16.8794,43.32309],[16.88674,43.31975],[16.89234,43.3122],[16.88878,43.3071],[16.88544,43.3078],[16.88776,43.30564],[16.88086,43.29578],[16.88048,43.29569],[16.88063,43.29545],[16.87957,43.29393],[16.87233,43.28799],[16.86443,43.29169],[16.86103,43.28828],[16.86069,43.28833],[16.86087,43.28811],[16.8462,43.27338],[16.84215,43.27269],[16.84076,43.27355],[16.84095,43.27249],[16.81907,43.26877],[16.81328,43.26917]]]}},{"type":"Feature","properties":{"id":"HRV:ADM2:41942358B59356492227203","name":"Općina Nova Bukovica","countryCode":"HRV","adminLevel":2,"sourceCode":"41942358B59356492227203","parentId":"HRV:ADM1:HRV-1606"},"geometry":{"type":"Polygon","coordinates":[[[17.89454,45.66247],[17.87953,45.66785],[17.87472,45.67897],[17.85761,45.68169],[17.85677,45.67872],[17.8451,45.68006],[17.84522,45.6833],[17.83733,45.68442],[17.84058,45.69271],[17.83154,45.69403],[17.83449,45.70001],[17.8278,45.70687],[17.82914,45.72015],[17.82505,45.72361],[17.81321,45.71558],[17.79042,45.72153],[17.76761,45.706],[17.78378,45.69409],[17.77017,45.68574],[17.75268,45.68203],[17.75544,45.67809],[17.75325,45.67532],[17.75898,45.6727],[17.75371,45.6714],[17.75137,45.6582],[17.74451,45.65659],[17.74629,45.63262],[17.74097,45.62851],[17.75526,45.62709],[17.77062,45.63277],[17.77665,45.63118],[17.77968,45.62658],[17.78455,45.62799],[17.79605,45.62173],[17.80318,45.62255],[17.80844,45.62452],[17.806,45.63618],[17.81544,45.63303],[17.82331,45.64724],[17.82056,45.64756],[17.82191,45.65163],[17.82472,45.65121],[17.82612,45.65512],[17.83334,45.66016],[17.83094,45.65554],[17.83609,45.65312],[17.83137,45.64984],[17.82532,45.63337],[17.84925,45.62787],[17.86252,45.63283],[17.86268,45.64003],[17.87911,45.64502],[17.88601,45.65336],[17.8923,45.65543],[17.89454,45.66247]]]}},{"type":"Feature","properties":{"id":"HRV:ADM2:41942358B59928403334518","name":"Grad Poreč","countryCode":"HRV","adminLevel":2,"sourceCode":"41942358B59928403334518","parentId":"HRV:ADM1:HRV-1592"},"geometry":{"type":"Polygon","coordinates":[[[13.59677,45.27706],[13.59862,45.27431],[13.60457,45.27645],[13.67135,45.26573],[13.66993,45.26234],[13.68427,45.25379],[13.68775,45.24237],[13.70276,45.22855],[13.73375,45.23001],[13.78554,45.21843],[13.78731,45.21409],[13.7789,45.19915],[13.78026,45.19165],[13.75734,45.1931],[13.74601,45.18891],[13.74151,45.19648],[13.73063,45.19772],[13.73646,45.18696],[13.72288,45.18352],[13.70028,45.18515],[13.69689,45.17793],[13.69914,45.17563],[13.69504,45.17336],[13.67793,45.17433],[13.67242,45.17032],[13.65483,45.16646],[13.65416,45.1615],[13.63372,45.1668],[13.6265,45.18235],[13.61848,45.18833],[13.59908,45.1988],[13.59259,45.19594],[13.58229,45.19764],[13.58229,45.19819],[13.59054,45.19868],[13.58754,45.20516],[13.58779,45.20528],[13.5907,45.20256],[13.59892,45.20365],[13.59563,45.20805],[13.59183,45.20854],[13.59449,45.21263],[13.59445,45.21403],[13.59474,45.21405],[13.59444,45.21452],[13.59425,45.22077],[13.59339,45.22243],[13.59419,45.22484],[13.59605,45.22355],[13.59451,45.22607],[13.59099,45.22708],[13.59059,45.22786],[13.59818,45.22837],[13.59471,45.23803],[13.60082,45.24367],[13.59545,45.24617],[13.59522,45.2508],[13.59482,45.25131],[13.59519,45.25147],[13.59401,45.25502],[13.59179,45.25512],[13.58823,45.25959],[13.58074,45.26269],[13.58228,45.26493],[13.57567,45.26479],[13.57545,45.26488],[13.57652,45.26683],[13.58003,45.26896],[13.581,45.27304],[13.58424,45.27607],[13.58796,45.27752],[13.59677,45.27706]]]}},{"type":"Feature","properties":{"id":"HRV:ADM2:41942358B60411505919616","name":"Grad Križevci","countryCode":"HRV","adminLevel":2,"sourceCode":"41942358B60411505919616","parentId":"HRV:ADM1:HRV-1608"},"geometry":{"type":"Polygon","coordinates":[[[16.72076,46.03498],[16.71218,46.04381],[16.70815,46.05316],[16.67725,46.08329],[16.66265,46.08716],[16.67364,46.10157],[16.65321,46.12114],[16.59862,46.12894],[16.58989,46.15386],[16.59281,46.15805],[16.58547,46.16448],[16.56977,46.1687],[16.54921,46.18054],[16.54409,46.17874],[16.54789,46.17706],[16.54706,46.16326],[16.53765,46.16326],[16.52159,46.17093],[16.49806,46.16882],[16.49252,46.16422],[16.48228,46.16249],[16.48228,46.1577],[16.48892,46.15597],[16.49301,46.14676],[16.51333,46.1375],[16.51544,46.13342],[16.51038,46.12215],[16.51469,46.11991],[16.51337,46.11147],[16.51642,46.10963],[16.50915,46.10377],[16.50882,46.09875],[16.51305,46.09591],[16.51269,46.0982],[16.52091,46.09704],[16.52343,46.08634],[16.5195,46.07159],[16.5079,46.07052],[16.49348,46.04303],[16.47646,46.04294],[16.47031,46.04792],[16.46599,46.02934],[16.4602,46.02961],[16.45563,46.01747],[16.41074,46.01127],[16.39697,46.00487],[16.40544,46.00123],[16.41258,46.00785],[16.42132,46.00619],[16.43164,45.99792],[16.43218,45.98925],[16.43674,45.98467],[16.45072,45.98298],[16.46263,45.97746],[16.4666,45.96863],[16.46184,45.95539],[16.46408,45.94705],[16.47473,45.9496],[16.50076,45.96879],[16.51439,45.96856],[16.5171,45.95942],[16.51428,45.95452],[16.52218,45.96091],[16.53385,45.95896],[16.55348,45.97167],[16.5588,45.9681],[16.57477,45.97032],[16.59399,46.00114],[16.6036,46.0065],[16.59656,46.02683],[16.60369,46.03112],[16.60446,46.02647],[16.61562,46.02689],[16.60463,46.02319],[16.61442,46.02343],[16.60944,46.02128],[16.61304,46.02081],[16.61442,46.01628],[16.62068,46.02584],[16.62214,46.02188],[16.62128,46.02975],[16.62729,46.02534],[16.62918,46.02903],[16.62523,46.03392],[16.63313,46.03261],[16.63038,46.04131],[16.6357,46.04274],[16.63656,46.03594],[16.64824,46.04107],[16.66901,46.01592],[16.68772,46.01687],[16.70669,46.00131],[16.71099,46.00159],[16.71284,46.00788],[16.72302,46.01849],[16.71991,46.0236],[16.72358,46.03008],[16.72076,46.03498]]]}},{"type":"Feature","properties":{"id":"HRV:ADM2:41942358B60516813250107","name":"Općina Strizivojna","countryCode":"HRV","adminLevel":2,"sourceCode":"41942358B60516813250107","parentId":"HRV:ADM1:HRV-1603"},"geometry":{"type":"Polygon","coordinates":[[[18.45135,45.2087],[18.46653,45.21458],[18.4748,45.20683],[18.48994,45.2107],[18.51713,45.20406],[18.51988,45.20999],[18.52757,45.20846],[18.53699,45.23104],[18.52401,45.22758],[18.51608,45.21046],[18.50057,45.21348],[18.50792,45.22583],[18.52134,45.23246],[18.50613,45.24329],[18.50748,45.24799],[18.51327,45.24866],[18.51319,45.25872],[18.50353,45.25523],[18.50778,45.2486],[18.48823,45.24788],[18.46366,45.25316],[18.39231,45.24026],[18.39345,45.23768],[18.38771,45.23337],[18.39646,45.22529],[18.42518,45.22301],[18.43058,45.21536],[18.45135,45.2087]]]}},{"type":"Feature","properties":{"id":"HRV:ADM2:41942358B6051759172794","name":"Općina Nijemci","countryCode":"HRV","adminLevel":2,"sourceCode":"41942358B6051759172794","parentId":"HRV:ADM1:HRV-1605"},"geometry":{"type":"Polygon","coordinates":[[[18.97013,45.17608],[18.99397,45.17245],[18.98631,45.15408],[18.97718,45.14915],[18.97856,45.13839],[18.96944,45.13123],[18.9709,45.1265],[18.96643,45.11907],[18.95092,45.11391],[18.93849,45.12192],[18.92189,45.09496],[18.90279,45.08016],[18.90078,45.07663],[18.90331,45.07213],[18.89865,45.07408],[18.87885,45.06341],[18.87194,45.06361],[18.87627,45.03854],[18.99017,45.06631],[18.99613,45.06076],[18.99588,45.05746],[18.99244,45.05503],[18.98697,45.05641],[18.9904,45.05223],[18.9877,45.04924],[18.99133,45.04622],[18.98547,45.03532],[19.00764,45.01882],[19.00113,45.01404],[19.00259,45.01163],[19.01407,45.00647],[19.01832,45.00917],[19.03261,45.00926],[19.04059,45.00638],[19.04514,44.99764],[19.04491,44.99109],[19.0495,44.98611],[19.04761,44.98385],[19.05336,44.97914],[19.09272,44.99513],[19.09672,45.00528],[19.10272,45.0107],[19.09736,45.0225],[19.09876,45.03286],[19.09416,45.03745],[19.10589,45.05153],[19.09523,45.05854],[19.10586,45.07916],[19.09278,45.09065],[19.09351,45.10155],[19.08374,45.10737],[19.08428,45.1114],[19.0768,45.11374],[19.0779,45.12728],[19.08123,45.13433],[19.08755,45.13836],[19.08656,45.14542],[19.06229,45.15278],[19.0686,45.16431],[19.06465,45.16425],[19.06527,45.17345],[19.07221,45.18421],[19.0758,45.18409],[19.06826,45.19392],[19.07042,45.20284],[19.07694,45.20257],[19.0775,45.20871],[19.0713,45.20936],[19.07085,45.21322],[19.04768,45.21482],[19.03926,45.20395],[19.04439,45.20268],[19.0421,45.19156],[19.0151,45.19981],[19.01369,45.19805],[19.02033,45.19474],[19.0173,45.19021],[19.00133,45.18576],[18.99349,45.1909],[18.98961,45.19153],[18.99193,45.18645],[18.98343,45.18972],[18.97013,45.17608]]]}},{"type":"Feature","properties":{"id":"HRV:ADM2:41942358B60551938195766","name":"Općina Zagorska sela","countryCode":"HRV","adminLevel":2,"sourceCode":"41942358B60551938195766","parentId":"HRV:ADM1:HRV-1582"},"geometry":{"type":"Polygon","coordinates":[[[15.61747,46.17146],[15.60808,46.16754],[15.60935,46.16544],[15.60389,46.16162],[15.61442,46.15323],[15.59612,46.14679],[15.61394,46.13322],[15.60939,46.12701],[15.61066,46.12331],[15.6071,46.12325],[15.61021,46.12163],[15.60455,46.11225],[15.61016,46.10646],[15.61441,46.10705],[15.61277,46.10279],[15.61547,46.09931],[15.62533,46.09985],[15.61885,46.09173],[15.62115,46.08943],[15.6327,46.08354],[15.64109,46.08419],[15.64252,46.08798],[15.64855,46.08719],[15.66749,46.10091],[15.66481,46.10573],[15.66009,46.1041],[15.65989,46.1132],[15.65476,46.11388],[15.65689,46.1229],[15.66005,46.1236],[15.65498,46.12388],[15.65263,46.1361],[15.64989,46.13619],[15.64739,46.14255],[15.63545,46.14222],[15.63004,46.13717],[15.62095,46.14504],[15.61946,46.15267],[15.62404,46.16725],[15.6187,46.16782],[15.61747,46.17146]]]}},{"type":"Feature","properties":{"id":"HRV:ADM2:41942358B60776691719392","name":"Općina Dekanovec","countryCode":"HRV","adminLevel":2,"sourceCode":"41942358B60776691719392","parentId":"HRV:ADM1:HRV-1609"},"geometry":{"type":"Polygon","coordinates":[[[16.62651,46.46767],[16.60601,46.46302],[16.5982,46.45625],[16.59416,46.45749],[16.57897,46.45199],[16.56785,46.44417],[16.56635,46.43882],[16.57459,46.43685],[16.58472,46.43892],[16.59305,46.44543],[16.60163,46.44513],[16.61116,46.45566],[16.61845,46.45453],[16.62651,46.46767]]]}},{"type":"Feature","properties":{"id":"HRV:ADM2:41942358B60869083390102","name":"Općina Breznički Hum","countryCode":"HRV","adminLevel":2,"sourceCode":"41942358B60869083390102","parentId":"HRV:ADM1:HRV-1610"},"geometry":{"type":"Polygon","coordinates":[[[16.2488,46.08683],[16.25526,46.0877],[16.26165,46.08392],[16.26118,46.09091],[16.26665,46.09215],[16.2751,46.08855],[16.2757,46.09354],[16.28137,46.0925],[16.2823,46.08814],[16.28567,46.0873],[16.28601,46.08041],[16.29118,46.08823],[16.29809,46.08646],[16.31446,46.10933],[16.28725,46.12198],[16.28891,46.13331],[16.28524,46.13985],[16.25624,46.14237],[16.24583,46.13748],[16.24294,46.13391],[16.24509,46.1311],[16.23862,46.12278],[16.24095,46.12078],[16.23834,46.1169],[16.24507,46.10791],[16.23958,46.10688],[16.2356,46.08701],[16.2488,46.08683]]]}},{"type":"Feature","properties":{"id":"HRV:ADM2:41942358B6089837574629","name":"Grad Kastav","countryCode":"HRV","adminLevel":2,"sourceCode":"41942358B6089837574629","parentId":"HRV:ADM1:HRV-1586"},"geometry":{"type":"Polygon","coordinates":[[[14.36951,45.40083],[14.35363,45.39901],[14.35334,45.3937],[14.34876,45.39171],[14.34358,45.39351],[14.33962,45.3854],[14.32782,45.37691],[14.32459,45.37003],[14.34421,45.36745],[14.33802,45.36528],[14.33651,45.36086],[14.35675,45.35305],[14.35625,45.35893],[14.37144,45.36269],[14.36809,45.36538],[14.36829,45.37539],[14.3637,45.38125],[14.37308,45.38515],[14.36965,45.38745],[14.3728,45.39108],[14.36951,45.40083]]]}},{"type":"Feature","properties":{"id":"HRV:ADM2:41942358B61145138123050","name":"Općina Đurđenovac","countryCode":"HRV","adminLevel":2,"sourceCode":"41942358B61145138123050","parentId":"HRV:ADM1:HRV-1604"},"geometry":{"type":"Polygon","coordinates":[[[18.0506,45.52272],[18.05727,45.51611],[18.07601,45.52523],[18.08696,45.51806],[18.09032,45.52683],[18.09675,45.52621],[18.1039,45.55446],[18.11207,45.55677],[18.11459,45.5629],[18.14603,45.55738],[18.15072,45.57572],[18.16163,45.58182],[18.18272,45.58158],[18.19211,45.57834],[18.2008,45.58071],[18.20526,45.57704],[18.21164,45.57932],[18.21563,45.57667],[18.21274,45.57963],[18.21578,45.58237],[18.19988,45.59436],[18.1816,45.60164],[18.174,45.60149],[18.17727,45.60794],[18.17091,45.61029],[18.16727,45.6165],[18.155,45.61155],[18.1213,45.61414],[18.12103,45.61651],[18.08839,45.62802],[18.04751,45.63468],[18.01336,45.5911],[18.00119,45.58596],[18.002,45.58064],[17.99167,45.57349],[17.98846,45.55795],[17.99839,45.549],[18.02233,45.54193],[18.02297,45.53342],[18.03191,45.53158],[18.02971,45.52677],[18.0506,45.52272]]]}},{"type":"Feature","properties":{"id":"HRV:ADM2:41942358B61207176090747","name":"Općina Oprisavci","countryCode":"HRV","adminLevel":2,"sourceCode":"41942358B61207176090747","parentId":"HRV:ADM1:HRV-1602"},"geometry":{"type":"Polygon","coordinates":[[[18.14641,45.13391],[18.15078,45.13119],[18.14594,45.12343],[18.15126,45.11321],[18.18319,45.11957],[18.19585,45.11139],[18.19409,45.10957],[18.19649,45.10791],[18.20917,45.10645],[18.21176,45.1079],[18.20918,45.12129],[18.2125,45.12486],[18.23173,45.13427],[18.25548,45.13931],[18.27536,45.13452],[18.28103,45.11519],[18.28954,45.11324],[18.30623,45.11583],[18.31915,45.1016],[18.38269,45.10724],[18.38931,45.11333],[18.37768,45.11497],[18.37927,45.11739],[18.37051,45.11509],[18.37103,45.12096],[18.35695,45.11593],[18.3518,45.11799],[18.35206,45.13562],[18.32322,45.12841],[18.32232,45.14324],[18.31309,45.14906],[18.31738,45.15366],[18.30895,45.1563],[18.3067,45.15538],[18.30865,45.15269],[18.2943,45.15151],[18.29679,45.14468],[18.30417,45.13995],[18.30339,45.13668],[18.28782,45.12772],[18.28349,45.12992],[18.2843,45.13713],[18.2758,45.14606],[18.26997,45.14671],[18.2752,45.15783],[18.26252,45.16192],[18.26153,45.16886],[18.25016,45.16832],[18.24024,45.1747],[18.22915,45.16844],[18.22748,45.16289],[18.22248,45.15977],[18.21104,45.15992],[18.18778,45.147],[18.17512,45.14857],[18.17276,45.14203],[18.16508,45.14218],[18.1601,45.13645],[18.14641,45.13391]]]}},{"type":"Feature","properties":{"id":"HRV:ADM2:41942358B61227700521917","name":"Općina Vrbanja","countryCode":"HRV","adminLevel":2,"sourceCode":"41942358B61227700521917","parentId":"HRV:ADM1:HRV-1605"},"geometry":{"type":"Polygon","coordinates":[[[18.87627,45.03854],[18.89251,44.99723],[18.88064,44.97113],[18.89236,44.96695],[18.89878,44.95803],[18.89625,44.9573],[18.8982,44.95346],[18.90807,44.94807],[18.93223,44.9549],[18.94657,44.94424],[18.94399,44.94061],[18.94682,44.93664],[18.95624,44.93169],[18.97631,44.93303],[18.97991,44.92795],[18.99139,44.9265],[18.98922,44.91875],[18.99798,44.91556],[19.01459,44.92118],[19.03229,44.9225],[19.04411,44.91258],[19.06858,44.90115],[19.08704,44.91049],[19.0805,44.91345],[19.08773,44.91642],[19.08419,44.91977],[19.08737,44.92537],[19.12435,44.93905],[19.1431,44.94121],[19.14309,44.94681],[19.15649,44.95294],[19.15429,44.95768],[19.14743,44.95769],[19.14741,44.9754],[19.13833,44.98071],[19.11868,44.97572],[19.11108,44.96986],[19.0843,44.97434],[19.07524,44.97114],[19.05251,44.97676],[19.05366,44.98124],[19.04761,44.98385],[19.0495,44.98611],[19.04491,44.99109],[19.04514,44.99764],[19.04059,45.00638],[19.03261,45.00926],[19.01832,45.00917],[19.01407,45.00647],[19.00259,45.01163],[19.00113,45.01404],[19.00764,45.01882],[18.98547,45.03532],[18.99133,45.04622],[18.9877,45.04924],[18.9904,45.05223],[18.98697,45.05641],[18.99244,45.05503],[18.99588,45.05746],[18.99613,45.06076],[18.99017,45.06631],[18.87627,45.03854]]]}},{"type":"Feature","properties":{"id":"HRV:ADM2:41942358B61257805943236","name":"Općina Gradac","countryCode":"HRV","adminLevel":2,"sourceCode":"41942358B61257805943236","parentId":"HRV:ADM1:HRV-1492"},"geometry":{"type":"Polygon","coordinates":[[[17.22579,43.19692],[17.22656,43.20167],[17.23751,43.20765],[17.24124,43.19288],[17.33917,43.1652],[17.33806,43.15932],[17.34125,43.15919],[17.33777,43.15372],[17.34027,43.15068],[17.37335,43.14763],[17.38155,43.13303],[17.39837,43.11579],[17.39892,43.11061],[17.38364,43.10736],[17.37961,43.10046],[17.36098,43.0963],[17.35425,43.09012],[17.35243,43.0919],[17.3455,43.1031],[17.33987,43.10417],[17.33876,43.10526],[17.33587,43.11213],[17.3273,43.11646],[17.31625,43.12727],[17.26163,43.14798],[17.26044,43.15103],[17.25434,43.15075],[17.25187,43.15168],[17.24828,43.15542],[17.24487,43.15434],[17.22964,43.16011],[17.22876,43.16174],[17.21186,43.16685],[17.20109,43.17094],[17.22579,43.19692]]]}},{"type":"Feature","properties":{"id":"HRV:ADM2:41942358B61718235725154","name":"Grad Ploče","countryCode":"HRV","adminLevel":2,"sourceCode":"41942358B61718235725154","parentId":"HRV:ADM1:HRV-1490"},"geometry":{"type":"Polygon","coordinates":[[[17.36098,43.0963],[17.37961,43.10046],[17.38364,43.10736],[17.39892,43.11061],[17.39837,43.11579],[17.38155,43.13303],[17.37335,43.14763],[17.34027,43.15068],[17.33777,43.15372],[17.34125,43.15919],[17.36529,43.15818],[17.36765,43.16112],[17.39531,43.15129],[17.41713,43.15068],[17.43156,43.15749],[17.45659,43.12605],[17.45934,43.12498],[17.46011,43.12849],[17.46217,43.12366],[17.46732,43.12235],[17.46989,43.12586],[17.49598,43.11379],[17.49332,43.11215],[17.49485,43.11012],[17.50929,43.10488],[17.50446,43.0979],[17.51088,43.09406],[17.50843,43.07284],[17.51457,43.04891],[17.53641,43.05446],[17.56551,43.03922],[17.54482,43.02304],[17.52191,43.031],[17.50006,43.03358],[17.49686,43.03244],[17.48797,43.03498],[17.47169,43.03046],[17.45338,43.02277],[17.44597,43.02076],[17.44628,43.02176],[17.44507,43.02244],[17.44514,43.02248],[17.44656,43.0217],[17.45149,43.02607],[17.46022,43.03099],[17.45045,43.03115],[17.44068,43.03229],[17.4323,43.0362],[17.42621,43.04449],[17.43033,43.04635],[17.42791,43.04627],[17.4336,43.0515],[17.43355,43.05159],[17.4359,43.05237],[17.43208,43.05469],[17.43177,43.05428],[17.42742,43.06086],[17.42612,43.06517],[17.40455,43.0515],[17.37224,43.07296],[17.36816,43.07939],[17.36203,43.085],[17.35981,43.08468],[17.35425,43.09012],[17.36098,43.0963]]]}},{"type":"Feature","properties":{"id":"HRV:ADM2:41942358B6176778623677","name":"Grad Biograd na Moru","countryCode":"HRV","adminLevel":2,"sourceCode":"41942358B6176778623677","parentId":"HRV:ADM1:HRV-1493"},"geometry":{"type":"Polygon","coordinates":[[[15.44395,43.94728],[15.4346,43.95409],[15.4445,43.95721],[15.45493,43.9749],[15.4627,43.97983],[15.45523,43.9886],[15.46008,43.99215],[15.46266,43.99025],[15.47514,44.00021],[15.50956,43.98104],[15.51231,43.97616],[15.50724,43.94074],[15.50188,43.93425],[15.50819,43.92834],[15.50437,43.92544],[15.49699,43.93026],[15.49081,43.92838],[15.48397,43.91698],[15.48243,43.91714],[15.47812,43.91812],[15.47821,43.91872],[15.47722,43.91832],[15.47364,43.91913],[15.46608,43.9217],[15.45509,43.92805],[15.44972,43.93439],[15.44565,43.94135],[15.44424,43.94304],[15.44395,43.94728]]]}},{"type":"Feature","properties":{"id":"HRV:ADM2:41942358B61952995987887","name":"Grad Trogir","countryCode":"HRV","adminLevel":2,"sourceCode":"41942358B61952995987887","parentId":"HRV:ADM1:HRV-1492"},"geometry":{"type":"MultiPolygon","coordinates":[[[[16.23489,43.52904],[16.23627,43.54874],[16.2521,43.55101],[16.25628,43.54654],[16.26394,43.55195],[16.28466,43.55444],[16.28545,43.54965],[16.29056,43.55023],[16.29205,43.53754],[16.29225,43.53733],[16.2811,43.53604],[16.23959,43.52656],[16.23635,43.5265],[16.23489,43.52904]]],[[[16.30531,43.48949],[16.30218,43.48551],[16.29716,43.48697],[16.28452,43.49281],[16.27771,43.5053],[16.27194,43.50795],[16.2638,43.50465],[16.25397,43.50995],[16.26441,43.51288],[16.30901,43.5079],[16.30531,43.48949]]],[[[16.1349,43.43144],[16.12907,43.42807],[16.11568,43.42936],[16.11497,43.42948],[16.11272,43.43346],[16.12068,43.44315],[16.12234,43.43966],[16.12725,43.44176],[16.12157,43.44702],[16.12259,43.44854],[16.12574,43.45059],[16.13738,43.44975],[16.14547,43.44856],[16.14553,43.45153],[16.13535,43.45437],[16.13429,43.456],[16.13754,43.45852],[16.13936,43.4586],[16.15187,43.45759],[16.16538,43.44973],[16.16952,43.4385],[16.16916,43.43538],[16.16481,43.43301],[16.15968,43.43435],[16.15336,43.43883],[16.15136,43.43586],[16.15014,43.43567],[16.1448,43.43585],[16.147,43.43383],[16.14511,43.43126],[16.14315,43.43026],[16.1349,43.43144]]]]}},{"type":"Feature","properties":{"id":"HRV:ADM2:41942358B62049760899595","name":"Grad Zagreb","countryCode":"HRV","adminLevel":2,"sourceCode":"41942358B62049760899595","parentId":"HRV:ADM1:HRV-1589"},"geometry":{"type":"Polygon","coordinates":[[[16.15517,45.96902],[16.13968,45.96805],[16.1336,45.96476],[16.11399,45.96846],[16.11364,45.96199],[16.10781,45.9559],[16.09598,45.95349],[16.0771,45.95592],[16.06261,45.9464],[16.05245,45.94443],[16.05088,45.93666],[16.03199,45.93738],[16.01293,45.93379],[15.99365,45.92537],[15.98647,45.92069],[15.9849,45.91554],[15.971,45.91383],[15.93715,45.89317],[15.91774,45.89287],[15.90339,45.88758],[15.88567,45.87025],[15.88314,45.86349],[15.87744,45.86531],[15.87895,45.86327],[15.87392,45.86115],[15.87667,45.85814],[15.87356,45.85777],[15.8735,45.85467],[15.85195,45.85294],[15.84563,45.84108],[15.8294,45.84204],[15.82276,45.83926],[15.82452,45.82241],[15.83341,45.81088],[15.83067,45.80762],[15.83423,45.80356],[15.83547,45.79317],[15.84271,45.78944],[15.82173,45.77855],[15.84185,45.77032],[15.83823,45.7678],[15.84095,45.7657],[15.866,45.76517],[15.86649,45.75756],[15.87958,45.75558],[15.88541,45.75074],[15.87768,45.73868],[15.86615,45.73255],[15.87015,45.73227],[15.87019,45.72953],[15.85373,45.71749],[15.83817,45.72449],[15.83544,45.72849],[15.82362,45.7233],[15.81656,45.72542],[15.80957,45.73136],[15.80944,45.73764],[15.79404,45.73175],[15.78919,45.73372],[15.77335,45.7082],[15.77726,45.68997],[15.81238,45.67891],[15.81675,45.67062],[15.82825,45.67064],[15.85193,45.65976],[15.86123,45.66148],[15.86336,45.65678],[15.87273,45.65688],[15.89477,45.6359],[15.90778,45.63263],[15.89767,45.62206],[15.89986,45.61973],[15.91875,45.61463],[15.93511,45.62349],[15.93875,45.62988],[15.94752,45.62943],[15.95129,45.63756],[15.94875,45.65148],[15.95655,45.65607],[15.9588,45.66473],[15.96599,45.67057],[15.9677,45.68209],[15.96469,45.68872],[15.96759,45.6913],[15.96532,45.6953],[15.98169,45.7052],[15.98774,45.71439],[15.98323,45.71671],[16.01785,45.72102],[16.01872,45.72515],[16.01507,45.7275],[16.01994,45.74159],[16.01594,45.74349],[16.02518,45.75448],[16.03802,45.75503],[16.03927,45.76193],[16.04857,45.75835],[16.05827,45.75952],[16.08443,45.77981],[16.10191,45.7861],[16.10031,45.78773],[16.10485,45.79162],[16.10687,45.7881],[16.12347,45.7876],[16.12893,45.79702],[16.12585,45.8016],[16.1641,45.79277],[16.19785,45.77746],[16.20253,45.81042],[16.19983,45.81866],[16.20469,45.82924],[16.2163,45.83855],[16.2406,45.83642],[16.22694,45.84171],[16.21991,45.85276],[16.2204,45.86369],[16.20058,45.88874],[16.17839,45.89228],[16.1838,45.89881],[16.18453,45.90816],[16.17883,45.91178],[16.18029,45.91547],[16.1731,45.91885],[16.17307,45.94084],[16.1671,45.94492],[16.16577,45.95551],[16.15626,45.96055],[16.15517,45.96902]]]}},{"type":"Feature","properties":{"id":"HRV:ADM2:41942358B62120265702523","name":"Općina Gola","countryCode":"HRV","adminLevel":2,"sourceCode":"41942358B62120265702523","parentId":"HRV:ADM1:HRV-1608"},"geometry":{"type":"Polygon","coordinates":[[[17.17508,46.11212],[17.18218,46.11905],[17.17434,46.12876],[17.18652,46.13323],[17.17764,46.14461],[17.1811,46.15055],[17.16875,46.15673],[17.16142,46.15526],[17.15623,46.15858],[17.15929,46.16968],[17.13989,46.17295],[17.13371,46.16823],[17.1261,46.16845],[17.12274,46.17898],[17.11142,46.17652],[17.10221,46.18588],[17.08998,46.18961],[17.083,46.18598],[17.07525,46.18895],[17.06582,46.19733],[17.06629,46.2021],[17.05303,46.20273],[17.006,46.2228],[16.99593,46.22023],[16.99,46.22483],[16.98373,46.22204],[16.97309,46.22479],[16.97119,46.23428],[16.97365,46.23664],[16.94662,46.23274],[16.94787,46.22397],[16.96954,46.20682],[16.97774,46.21067],[16.98572,46.20835],[16.98864,46.18946],[16.99748,46.18423],[17.00632,46.18362],[17.02012,46.17374],[17.02598,46.17719],[17.03924,46.1702],[17.04306,46.15629],[17.05087,46.15335],[17.05812,46.16427],[17.05715,46.15687],[17.06336,46.15252],[17.07376,46.1579],[17.0802,46.15558],[17.08297,46.15304],[17.08117,46.14847],[17.08365,46.14193],[17.07988,46.13939],[17.08747,46.13662],[17.09584,46.14172],[17.09713,46.129],[17.10224,46.12629],[17.11393,46.13051],[17.12082,46.12668],[17.1311,46.12981],[17.13953,46.1255],[17.14768,46.12781],[17.15241,46.12284],[17.16871,46.12141],[17.17253,46.12433],[17.17508,46.11212]]]}},{"type":"Feature","properties":{"id":"HRV:ADM2:41942358B62283028492252","name":"Grad Vrbovec","countryCode":"HRV","adminLevel":2,"sourceCode":"41942358B62283028492252","parentId":"HRV:ADM1:HRV-1588"},"geometry":{"type":"Polygon","coordinates":[[[16.43674,45.98467],[16.43351,45.97548],[16.43632,45.96994],[16.43138,45.96452],[16.42646,45.96346],[16.4252,45.96796],[16.41954,45.9703],[16.41313,45.96739],[16.40187,45.96958],[16.40079,45.96441],[16.40602,45.95892],[16.41238,45.9581],[16.41433,45.9519],[16.42745,45.94402],[16.4205,45.94726],[16.40018,45.94527],[16.3995,45.93754],[16.38958,45.93001],[16.38263,45.9322],[16.34877,45.91835],[16.34641,45.91265],[16.34233,45.91313],[16.3368,45.89921],[16.33083,45.90067],[16.33109,45.89565],[16.30895,45.90321],[16.28944,45.8897],[16.29175,45.87795],[16.29753,45.86868],[16.30895,45.86168],[16.31118,45.85188],[16.32126,45.84366],[16.32264,45.83744],[16.32663,45.83629],[16.33442,45.82246],[16.36482,45.82266],[16.38804,45.8067],[16.4237,45.7999],[16.42928,45.80786],[16.42764,45.81334],[16.43502,45.81309],[16.45905,45.82553],[16.46623,45.84157],[16.46572,45.84895],[16.47112,45.84967],[16.47452,45.86398],[16.46817,45.8711],[16.45552,45.87756],[16.45684,45.89124],[16.45155,45.89604],[16.45679,45.90555],[16.45383,45.91072],[16.45437,45.92665],[16.45046,45.92906],[16.45595,45.94563],[16.46408,45.94705],[16.46184,45.95539],[16.4666,45.96863],[16.46263,45.97746],[16.45072,45.98298],[16.43674,45.98467]]]}},{"type":"Feature","properties":{"id":"HRV:ADM2:41942358B62293063163489","name":"Općina Kukljica","countryCode":"HRV","adminLevel":2,"sourceCode":"41942358B62293063163489","parentId":"HRV:ADM1:HRV-1493"},"geometry":{"type":"Polygon","coordinates":[[[15.25166,44.02006],[15.24187,44.02778],[15.23227,44.04145],[15.22332,44.05028],[15.22039,44.04888],[15.22614,44.05596],[15.22516,44.054],[15.23609,44.04631],[15.24369,44.04594],[15.24731,44.03875],[15.24914,44.0386],[15.24984,44.03583],[15.24838,44.03629],[15.24668,44.03379],[15.25048,44.03333],[15.25372,44.02058],[15.25166,44.02006]]]}},{"type":"Feature","properties":{"id":"HRV:ADM2:41942358B62336327656145","name":"Grad Požega","countryCode":"HRV","adminLevel":2,"sourceCode":"41942358B62336327656145","parentId":"HRV:ADM1:HRV-1604"},"geometry":{"type":"Polygon","coordinates":[[[17.59988,45.27062],[17.63819,45.26777],[17.63919,45.27094],[17.66111,45.27236],[17.6722,45.26971],[17.6941,45.27049],[17.71334,45.28232],[17.74146,45.29155],[17.74923,45.29817],[17.75416,45.30743],[17.74911,45.33847],[17.74175,45.33894],[17.73483,45.34536],[17.71628,45.34491],[17.70695,45.35223],[17.71962,45.36119],[17.71721,45.36644],[17.72118,45.39119],[17.68752,45.3915],[17.68842,45.40246],[17.67702,45.40226],[17.67801,45.39752],[17.67097,45.39567],[17.67298,45.38841],[17.66499,45.38658],[17.66331,45.39309],[17.65702,45.39266],[17.6549,45.39544],[17.641,45.38829],[17.63707,45.39339],[17.631,45.39121],[17.61696,45.40452],[17.59581,45.39497],[17.59747,45.38621],[17.58752,45.38272],[17.59031,45.3788],[17.58615,45.37594],[17.58838,45.37054],[17.5989,45.36575],[17.60714,45.35552],[17.60203,45.34349],[17.60306,45.33812],[17.62283,45.33212],[17.63399,45.3347],[17.63883,45.32778],[17.61649,45.31607],[17.61724,45.29927],[17.59323,45.28521],[17.58602,45.2889],[17.5725,45.28174],[17.56777,45.2824],[17.5689,45.28151],[17.58114,45.28078],[17.59988,45.27062]]]}},{"type":"Feature","properties":{"id":"HRV:ADM2:41942358B62485319232197","name":"Općina Orehovica","countryCode":"HRV","adminLevel":2,"sourceCode":"41942358B62485319232197","parentId":"HRV:ADM1:HRV-1609"},"geometry":{"type":"Polygon","coordinates":[[[16.55937,46.33869],[16.54268,46.33688],[16.54341,46.33435],[16.52584,46.33416],[16.5297,46.34029],[16.5223,46.33957],[16.52133,46.34493],[16.52471,46.35103],[16.51431,46.35407],[16.50988,46.34306],[16.4987,46.34103],[16.49457,46.34684],[16.49306,46.34211],[16.4879,46.34492],[16.48415,46.34051],[16.46825,46.33958],[16.46973,46.33737],[16.46379,46.32977],[16.46841,46.31779],[16.48059,46.31918],[16.48111,46.31569],[16.48794,46.31737],[16.49126,46.31396],[16.51541,46.30847],[16.53877,46.31396],[16.55381,46.32696],[16.56491,46.32849],[16.56245,46.33872],[16.55937,46.33869]]]}},{"type":"Feature","properties":{"id":"HRV:ADM2:41942358B62489498403929","name":"Općina Viškovci","countryCode":"HRV","adminLevel":2,"sourceCode":"41942358B62489498403929","parentId":"HRV:ADM1:HRV-1603"},"geometry":{"type":"Polygon","coordinates":[[[18.46233,45.39036],[18.45368,45.38386],[18.44931,45.37355],[18.43502,45.36783],[18.43739,45.35987],[18.42883,45.35726],[18.42422,45.34066],[18.43845,45.32747],[18.45817,45.31922],[18.47909,45.31614],[18.47881,45.3089],[18.50251,45.30617],[18.49915,45.31192],[18.50859,45.31163],[18.50917,45.31721],[18.51497,45.31691],[18.5208,45.32666],[18.5196,45.33311],[18.51128,45.33779],[18.5147,45.34226],[18.51024,45.34273],[18.50479,45.34863],[18.50717,45.35386],[18.50078,45.35576],[18.50061,45.36276],[18.49703,45.36407],[18.49437,45.37878],[18.49684,45.39346],[18.49099,45.39371],[18.48422,45.38787],[18.47752,45.38707],[18.46233,45.39036]]]}},{"type":"Feature","properties":{"id":"HRV:ADM2:41942358B62838788989755","name":"Općina Sutivan","countryCode":"HRV","adminLevel":2,"sourceCode":"41942358B62838788989755","parentId":"HRV:ADM1:HRV-1492"},"geometry":{"type":"Polygon","coordinates":[[[16.4409,43.39257],[16.47859,43.38551],[16.48376,43.38527],[16.49391,43.38231],[16.50922,43.38189],[16.50893,43.36713],[16.51404,43.36626],[16.50844,43.36087],[16.51866,43.35605],[16.51694,43.35281],[16.50292,43.35089],[16.49235,43.35431],[16.47425,43.35035],[16.4511,43.35623],[16.4467,43.3619],[16.44915,43.36358],[16.44524,43.3652],[16.45057,43.36808],[16.44382,43.37107],[16.44153,43.37664],[16.44074,43.37366],[16.43739,43.37493],[16.42899,43.38943],[16.4409,43.39257]]]}},{"type":"Feature","properties":{"id":"HRV:ADM2:41942358B62866677577766","name":"Općina Baška Voda","countryCode":"HRV","adminLevel":2,"sourceCode":"41942358B62866677577766","parentId":"HRV:ADM1:HRV-1492"},"geometry":{"type":"Polygon","coordinates":[[[16.94573,43.36809],[16.97403,43.38335],[17.0028,43.37069],[17.01532,43.3698],[17.03306,43.35556],[17.00958,43.33067],[16.98571,43.3245],[16.94314,43.36487],[16.94573,43.36809]]]}},{"type":"Feature","properties":{"id":"HRV:ADM2:41942358B62937262200482","name":"Općina Dubravica","countryCode":"HRV","adminLevel":2,"sourceCode":"41942358B62937262200482","parentId":"HRV:ADM1:HRV-1588"},"geometry":{"type":"Polygon","coordinates":[[[15.70663,45.97535],[15.71002,45.96201],[15.70838,45.94349],[15.71193,45.93961],[15.70777,45.93883],[15.7092,45.93139],[15.721,45.93639],[15.72795,45.93037],[15.74044,45.93218],[15.74674,45.93134],[15.74659,45.92896],[15.76081,45.93527],[15.76641,45.94035],[15.76488,45.9448],[15.77294,45.95033],[15.77478,45.96228],[15.77005,45.96492],[15.7693,45.97186],[15.74832,45.97436],[15.72095,45.96753],[15.71554,45.9702],[15.71272,45.97663],[15.70663,45.97535]]]}},{"type":"Feature","properties":{"id":"HRV:ADM2:41942358B62939793201908","name":"Općina Lekenik","countryCode":"HRV","adminLevel":2,"sourceCode":"41942358B62939793201908","parentId":"HRV:ADM1:HRV-1587"},"geometry":{"type":"Polygon","coordinates":[[[16.29738,45.57591],[16.30151,45.58115],[16.29259,45.58471],[16.29654,45.58715],[16.29527,45.5901],[16.2884,45.59081],[16.29222,45.59689],[16.27882,45.59971],[16.27993,45.60535],[16.26653,45.60539],[16.26244,45.60203],[16.25479,45.6035],[16.25086,45.60083],[16.25088,45.59561],[16.24291,45.59133],[16.23891,45.59341],[16.24357,45.59607],[16.2335,45.6081],[16.2027,45.60977],[16.20433,45.60395],[16.19622,45.60879],[16.19074,45.62762],[16.18465,45.63643],[16.17883,45.63985],[16.17813,45.6375],[16.16466,45.63916],[16.15118,45.63617],[16.14715,45.62779],[16.13201,45.61475],[16.12567,45.6169],[16.10708,45.61457],[16.10982,45.60659],[16.09693,45.60378],[16.08657,45.59332],[16.09369,45.59374],[16.09272,45.58757],[16.09937,45.5849],[16.09618,45.5806],[16.0848,45.57835],[16.08042,45.57358],[16.07575,45.57621],[16.06563,45.56918],[16.06181,45.56143],[16.07016,45.55946],[16.07291,45.55368],[16.10455,45.53534],[16.09706,45.52489],[16.09959,45.51069],[16.1082,45.50346],[16.08957,45.51016],[16.07891,45.50988],[16.06291,45.50174],[16.07307,45.48853],[16.05635,45.48312],[16.05484,45.47942],[16.05871,45.46714],[16.06531,45.45737],[16.07646,45.44876],[16.07984,45.43646],[16.10371,45.42737],[16.12145,45.43529],[16.11908,45.4399],[16.10999,45.44253],[16.10909,45.45365],[16.09164,45.46508],[16.0971,45.47209],[16.11701,45.48056],[16.13755,45.47852],[16.14854,45.47347],[16.14835,45.4785],[16.14002,45.48392],[16.1429,45.48612],[16.15518,45.48268],[16.16758,45.48441],[16.17527,45.47882],[16.18383,45.47888],[16.19177,45.49187],[16.20213,45.49735],[16.1997,45.50679],[16.20292,45.50862],[16.22804,45.50144],[16.23963,45.50252],[16.23384,45.48324],[16.23632,45.4802],[16.24654,45.48743],[16.24854,45.49441],[16.26068,45.50251],[16.24451,45.5196],[16.24446,45.53134],[16.25381,45.54114],[16.26806,45.54905],[16.2749,45.54787],[16.29004,45.55184],[16.29119,45.55527],[16.28399,45.56958],[16.28593,45.57302],[16.29738,45.57591]]]}},{"type":"Feature","properties":{"id":"HRV:ADM2:41942358B62948971523920","name":"Grad Hvar","countryCode":"HRV","adminLevel":2,"sourceCode":"41942358B62948971523920","parentId":"HRV:ADM1:HRV-1492"},"geometry":{"type":"MultiPolygon","coordinates":[[[[16.3799,43.19872],[16.38342,43.1951],[16.39181,43.19799],[16.39663,43.19622],[16.39615,43.19121],[16.40099,43.19447],[16.41721,43.18832],[16.41284,43.19792],[16.42131,43.19246],[16.42066,43.19606],[16.42529,43.19881],[16.42734,43.18999],[16.42959,43.19438],[16.4347,43.19118],[16.43013,43.20002],[16.43928,43.19421],[16.43908,43.20247],[16.44856,43.19762],[16.44997,43.20535],[16.45736,43.20154],[16.45374,43.20701],[16.45547,43.20826],[16.4628,43.20598],[16.46476,43.20821],[16.46815,43.20334],[16.4694,43.20994],[16.48244,43.20675],[16.49904,43.2079],[16.49999,43.20386],[16.50451,43.20749],[16.51189,43.20412],[16.51546,43.20561],[16.52177,43.2018],[16.52669,43.20308],[16.52724,43.19931],[16.53098,43.20071],[16.53905,43.19361],[16.53955,43.18962],[16.54574,43.18905],[16.55036,43.18437],[16.55789,43.1847],[16.56745,43.17744],[16.55719,43.16729],[16.56797,43.15682],[16.5656,43.15394],[16.56795,43.15217],[16.56138,43.14954],[16.56593,43.14618],[16.57241,43.14955],[16.59107,43.14757],[16.62629,43.13747],[16.62913,43.13427],[16.62826,43.13212],[16.567,43.14183],[16.56553,43.1422],[16.56512,43.14213],[16.55983,43.14297],[16.47535,43.16649],[16.44516,43.1708],[16.42726,43.17988],[16.41603,43.18183],[16.41014,43.18364],[16.41032,43.18437],[16.40775,43.18438],[16.37159,43.1955],[16.37289,43.19686],[16.3799,43.19872]]],[[[16.40645,43.19718],[16.40641,43.19591],[16.40508,43.19671],[16.40645,43.19718]]]]}},{"type":"Feature","properties":{"id":"HRV:ADM2:41942358B63351390978471","name":"Općina Breznica","countryCode":"HRV","adminLevel":2,"sourceCode":"41942358B63351390978471","parentId":"HRV:ADM1:HRV-1610"},"geometry":{"type":"Polygon","coordinates":[[[16.34576,46.0585],[16.32811,46.05536],[16.31972,46.05994],[16.30828,46.05523],[16.29213,46.05571],[16.29721,46.06623],[16.29648,46.07099],[16.28601,46.08041],[16.28567,46.0873],[16.2823,46.08814],[16.28137,46.0925],[16.2757,46.09354],[16.2751,46.08855],[16.26665,46.09215],[16.26118,46.09091],[16.26165,46.08392],[16.25526,46.0877],[16.2488,46.08683],[16.25277,46.0805],[16.24928,46.07518],[16.26028,46.05882],[16.26071,46.04686],[16.26653,46.04355],[16.27693,46.04483],[16.27551,46.02136],[16.27815,46.02019],[16.30625,46.01946],[16.3171,46.02194],[16.31713,46.02634],[16.32186,46.02826],[16.32821,46.02322],[16.33017,46.02594],[16.3417,46.02716],[16.34874,46.03226],[16.34661,46.03589],[16.34997,46.03916],[16.34959,46.04472],[16.34534,46.04748],[16.34576,46.0585]]]}},{"type":"Feature","properties":{"id":"HRV:ADM2:41942358B63893464410920","name":"Općina Okućani","countryCode":"HRV","adminLevel":2,"sourceCode":"41942358B63893464410920","parentId":"HRV:ADM1:HRV-1587"},"geometry":{"type":"Polygon","coordinates":[[[17.33488,45.3673],[17.32673,45.36974],[17.31971,45.36582],[17.30209,45.36644],[17.28895,45.37525],[17.2788,45.37616],[17.26239,45.39079],[17.23427,45.39025],[17.21552,45.38074],[17.17597,45.3486],[17.18039,45.3421],[17.1788,45.33626],[17.18524,45.33926],[17.1929,45.33422],[17.19452,45.32737],[17.18573,45.32672],[17.18509,45.32304],[17.17586,45.32547],[17.17696,45.31609],[17.16877,45.31382],[17.18156,45.30389],[17.18886,45.29351],[17.17226,45.29658],[17.16196,45.2928],[17.15402,45.28703],[17.13618,45.26285],[17.09755,45.24952],[17.09035,45.24405],[17.09203,45.23934],[17.08625,45.24099],[17.08472,45.23835],[17.08827,45.23461],[17.08148,45.23127],[17.08168,45.22143],[17.07428,45.21689],[17.07985,45.21251],[17.09559,45.21458],[17.09309,45.20884],[17.11559,45.19973],[17.12118,45.19438],[17.13708,45.19776],[17.13026,45.21279],[17.15841,45.21328],[17.18777,45.23026],[17.206,45.25227],[17.21019,45.25057],[17.21553,45.25995],[17.21477,45.26395],[17.23721,45.30037],[17.29433,45.29053],[17.29948,45.29249],[17.31205,45.32427],[17.30141,45.33827],[17.33488,45.3673]]]}},{"type":"Feature","properties":{"id":"HRV:ADM2:41942358B63952753399274","name":"Općina Kalinovac","countryCode":"HRV","adminLevel":2,"sourceCode":"41942358B63952753399274","parentId":"HRV:ADM1:HRV-1608"},"geometry":{"type":"Polygon","coordinates":[[[17.19231,46.02839],[17.18086,46.03692],[17.17829,46.05105],[17.17217,46.05656],[17.16627,46.05422],[17.16968,46.0514],[17.16391,46.05254],[17.15427,46.04358],[17.15107,46.0471],[17.14374,46.04695],[17.14516,46.05141],[17.12419,46.04954],[17.12452,46.04734],[17.11462,46.04497],[17.11362,46.04025],[17.0999,46.04071],[17.10327,46.02926],[17.10153,46.02255],[17.09625,46.01279],[17.08629,46.00904],[17.08805,46.00546],[17.09719,46.00355],[17.09133,45.99737],[17.09213,45.99438],[17.12075,46.00002],[17.13498,45.99842],[17.13335,46.00023],[17.13692,46.00384],[17.14318,46.00425],[17.14792,46.00155],[17.14768,45.99798],[17.15798,45.99622],[17.15983,45.99964],[17.17026,45.99888],[17.17634,46.00767],[17.17948,46.02075],[17.18569,46.02096],[17.18755,46.02629],[17.19231,46.02839]]]}},{"type":"Feature","properties":{"id":"HRV:ADM2:41942358B63954772467188","name":"Općina Trpanj","countryCode":"HRV","adminLevel":2,"sourceCode":"41942358B63954772467188","parentId":"HRV:ADM1:HRV-1490"},"geometry":{"type":"Polygon","coordinates":[[[17.30924,42.99787],[17.28962,43.00554],[17.28365,43.0037],[17.28089,43.00789],[17.2708,43.01085],[17.26395,43.00862],[17.23412,43.01554],[17.20171,43.0169],[17.17472,43.02158],[17.17078,43.02503],[17.1216,43.02274],[17.13751,43.01538],[17.13696,43.00904],[17.16264,42.99889],[17.1818,43.00433],[17.18985,43.00331],[17.24193,42.99134],[17.23978,42.98693],[17.27428,42.9791],[17.2851,42.99247],[17.30235,42.98694],[17.30924,42.99787]]]}},{"type":"Feature","properties":{"id":"HRV:ADM2:41942358B6406776425998","name":"Grad Ivanić Grad","countryCode":"HRV","adminLevel":2,"sourceCode":"41942358B6406776425998","parentId":"HRV:ADM1:HRV-1587"},"geometry":{"type":"Polygon","coordinates":[[[16.49472,45.73179],[16.47085,45.74066],[16.46833,45.73701],[16.4718,45.73309],[16.4648,45.73345],[16.4699,45.73467],[16.46659,45.73574],[16.46045,45.73178],[16.45981,45.72632],[16.45222,45.71906],[16.44827,45.72166],[16.44029,45.71635],[16.42631,45.72438],[16.40857,45.72001],[16.39643,45.7267],[16.37911,45.72308],[16.3779,45.73011],[16.36712,45.73971],[16.36837,45.74283],[16.36047,45.74106],[16.35947,45.73749],[16.33267,45.73879],[16.33373,45.73586],[16.32443,45.7428],[16.31634,45.73202],[16.30234,45.72241],[16.29433,45.72269],[16.29158,45.72153],[16.29306,45.71689],[16.27555,45.71201],[16.27526,45.70909],[16.30886,45.67588],[16.2882,45.67226],[16.28582,45.65945],[16.29337,45.64913],[16.29426,45.63845],[16.30189,45.63458],[16.31145,45.64124],[16.34072,45.64706],[16.34532,45.64406],[16.33577,45.62777],[16.33439,45.62137],[16.33682,45.62037],[16.34181,45.62474],[16.34743,45.62399],[16.36264,45.63069],[16.36963,45.62691],[16.38038,45.62632],[16.39101,45.62942],[16.39219,45.62192],[16.39838,45.62131],[16.39868,45.61848],[16.40801,45.61428],[16.40958,45.60294],[16.41603,45.60122],[16.42619,45.60505],[16.42864,45.59775],[16.44381,45.59904],[16.44466,45.59332],[16.44946,45.59292],[16.45328,45.58782],[16.45123,45.58603],[16.46757,45.57864],[16.46134,45.56901],[16.46508,45.56697],[16.47119,45.57559],[16.43668,45.62924],[16.4528,45.66241],[16.46095,45.6738],[16.47898,45.67197],[16.48636,45.67586],[16.48245,45.67977],[16.49152,45.68565],[16.48795,45.6908],[16.4903,45.69226],[16.48466,45.69337],[16.48791,45.69907],[16.48558,45.70437],[16.5038,45.70811],[16.50279,45.70519],[16.52617,45.69922],[16.52886,45.70621],[16.54498,45.70416],[16.54677,45.70764],[16.53411,45.70958],[16.5261,45.71443],[16.52886,45.71925],[16.52143,45.7253],[16.50839,45.72308],[16.50927,45.72626],[16.50696,45.72424],[16.50069,45.72629],[16.49707,45.73065],[16.49515,45.72962],[16.49808,45.72533],[16.48903,45.72332],[16.49472,45.73179]]]}},{"type":"Feature","properties":{"id":"HRV:ADM2:41942358B64219746721264","name":"Općina Dugopolje","countryCode":"HRV","adminLevel":2,"sourceCode":"41942358B64219746721264","parentId":"HRV:ADM1:HRV-1492"},"geometry":{"type":"Polygon","coordinates":[[[16.6655,43.56147],[16.66208,43.56792],[16.66957,43.58551],[16.64982,43.59213],[16.63439,43.58254],[16.62379,43.58668],[16.62167,43.59911],[16.61709,43.60577],[16.60041,43.60657],[16.58218,43.61323],[16.57474,43.60858],[16.566,43.61969],[16.55657,43.62467],[16.53209,43.62358],[16.53347,43.61975],[16.52471,43.61417],[16.53087,43.59298],[16.54596,43.5865],[16.55177,43.57971],[16.55458,43.58078],[16.56989,43.55184],[16.60279,43.54307],[16.6038,43.53979],[16.63412,43.52877],[16.64052,43.53595],[16.63849,43.54277],[16.65847,43.55279],[16.6655,43.56147]]]}},{"type":"Feature","properties":{"id":"HRV:ADM2:41942358B64447432667276","name":"Grad Đurđevac","countryCode":"HRV","adminLevel":2,"sourceCode":"41942358B64447432667276","parentId":"HRV:ADM1:HRV-1608"},"geometry":{"type":"Polygon","coordinates":[[[17.09038,45.90467],[17.10209,45.92314],[17.09612,45.92569],[17.09975,45.93412],[17.10966,45.93438],[17.11638,45.94302],[17.10901,45.95416],[17.09991,45.9545],[17.10359,45.9733],[17.11074,45.98285],[17.12628,45.98655],[17.13223,45.99796],[17.12075,46.00002],[17.09213,45.99438],[17.09133,45.99737],[17.09719,46.00355],[17.08805,46.00546],[17.08629,46.00904],[17.09625,46.01279],[17.10153,46.02255],[17.10327,46.02926],[17.0999,46.04071],[17.11362,46.04025],[17.11462,46.04497],[17.12452,46.04734],[17.12419,46.04954],[17.15445,46.05168],[17.15971,46.05856],[17.15451,46.06287],[17.15771,46.07415],[17.14518,46.08095],[17.11976,46.08049],[17.11595,46.08762],[17.10724,46.0901],[17.09968,46.08485],[17.08571,46.09402],[17.07231,46.07984],[17.05691,46.07679],[17.03694,46.08697],[17.03574,46.08392],[17.04494,46.07005],[17.03722,46.07058],[17.03809,46.06792],[17.03366,46.06726],[17.03473,46.06075],[17.0195,46.04807],[17.0331,46.04101],[17.02915,46.03934],[17.0224,46.02717],[17.01113,46.02125],[17.00213,46.00588],[16.99527,46.00962],[16.98582,46.00627],[16.98238,46.01387],[16.9795,46.01396],[16.97953,46.01978],[16.96707,46.00827],[16.97362,46.01718],[16.96545,46.01588],[16.96249,46.01252],[16.9644,46.0109],[16.95979,46.01106],[16.95791,46.00734],[16.95485,45.98715],[16.96397,45.98409],[16.97027,45.98584],[16.97407,45.97947],[16.98672,45.97459],[16.99338,45.96348],[16.98772,45.95836],[16.98574,45.93536],[16.99621,45.93477],[17.00922,45.94047],[17.01233,45.93378],[17.02562,45.933],[17.04089,45.9444],[17.05135,45.94401],[17.06153,45.92847],[17.05701,45.92237],[17.05814,45.91765],[17.06606,45.90801],[17.07228,45.90506],[17.09038,45.90467]]]}},{"type":"Feature","properties":{"id":"HRV:ADM2:41942358B64532067594520","name":"Općina Hlebine","countryCode":"HRV","adminLevel":2,"sourceCode":"41942358B64532067594520","parentId":"HRV:ADM1:HRV-1608"},"geometry":{"type":"Polygon","coordinates":[[[16.9309,46.16275],[16.93191,46.15546],[16.92427,46.14606],[16.93585,46.13777],[16.94525,46.13667],[16.94487,46.13307],[16.95521,46.13283],[16.95844,46.14123],[16.99014,46.13167],[17.00046,46.13609],[17.03292,46.13872],[17.04568,46.13654],[17.05263,46.13989],[17.05087,46.15335],[17.04044,46.15947],[17.03924,46.1702],[17.02598,46.17719],[17.0097,46.16284],[16.98661,46.17289],[16.94313,46.16109],[16.9309,46.16275]]]}},{"type":"Feature","properties":{"id":"HRV:ADM2:41942358B64631398606645","name":"Općina Antunovac","countryCode":"HRV","adminLevel":2,"sourceCode":"41942358B64631398606645","parentId":"HRV:ADM1:HRV-1603"},"geometry":{"type":"Polygon","coordinates":[[[18.72984,45.44837],[18.76041,45.44486],[18.75088,45.45431],[18.7531,45.45544],[18.71533,45.48841],[18.72574,45.49375],[18.697,45.5213],[18.69143,45.51786],[18.62179,45.50967],[18.60106,45.4615],[18.64019,45.45959],[18.63948,45.45331],[18.65379,45.45825],[18.66319,45.47875],[18.67056,45.47912],[18.68487,45.45435],[18.72984,45.44837]]]}},{"type":"Feature","properties":{"id":"HRV:ADM2:41942358B6465181675011","name":"Općina Brodski Stupnik","countryCode":"HRV","adminLevel":2,"sourceCode":"41942358B6465181675011","parentId":"HRV:ADM1:HRV-1602"},"geometry":{"type":"Polygon","coordinates":[[[17.87149,45.13896],[17.86888,45.15641],[17.86485,45.15627],[17.86792,45.16587],[17.86536,45.18745],[17.873,45.1879],[17.88411,45.19544],[17.87686,45.20802],[17.86776,45.21325],[17.85377,45.21376],[17.85031,45.21037],[17.8346,45.22318],[17.83106,45.217],[17.82091,45.21527],[17.81199,45.20895],[17.79496,45.21273],[17.79306,45.21938],[17.78263,45.21746],[17.78917,45.21044],[17.7839,45.20559],[17.78858,45.20454],[17.78837,45.20692],[17.79131,45.20126],[17.77586,45.20265],[17.77749,45.1989],[17.772,45.19622],[17.77389,45.19249],[17.76965,45.1919],[17.78031,45.19085],[17.78738,45.13268],[17.87149,45.13896]]]}},{"type":"Feature","properties":{"id":"HRV:ADM2:41942358B64830075520803","name":"Općina Ernestinovo","countryCode":"HRV","adminLevel":2,"sourceCode":"41942358B64830075520803","parentId":"HRV:ADM1:HRV-1603"},"geometry":{"type":"Polygon","coordinates":[[[18.72984,45.44837],[18.68487,45.45435],[18.67056,45.47912],[18.66319,45.47875],[18.65379,45.45825],[18.63948,45.45331],[18.63822,45.44156],[18.65941,45.42931],[18.6637,45.41233],[18.67595,45.4083],[18.6877,45.41359],[18.69516,45.41326],[18.6965,45.40367],[18.68763,45.40072],[18.6902,45.39758],[18.69721,45.39832],[18.71641,45.41814],[18.72194,45.43065],[18.72733,45.43461],[18.72984,45.44837]]]}},{"type":"Feature","properties":{"id":"HRV:ADM2:41942358B64929327524461","name":"Grad Buzet","countryCode":"HRV","adminLevel":2,"sourceCode":"41942358B64929327524461","parentId":"HRV:ADM1:HRV-1592"},"geometry":{"type":"Polygon","coordinates":[[[13.85536,45.36051],[13.8563,45.3534],[13.88354,45.34117],[13.91286,45.33806],[13.92184,45.32895],[13.93671,45.32549],[13.95193,45.32904],[13.96981,45.34013],[13.98786,45.34147],[14.01728,45.35642],[14.02775,45.34263],[14.02498,45.33875],[14.04119,45.33445],[14.04084,45.33031],[14.04439,45.32854],[14.06053,45.32514],[14.07072,45.32716],[14.08035,45.33946],[14.07987,45.34529],[14.0714,45.35047],[14.09416,45.37137],[14.08519,45.37944],[14.0881,45.38334],[14.09948,45.38501],[14.06825,45.40125],[14.05502,45.41275],[14.03569,45.41845],[14.03573,45.42233],[14.02525,45.42966],[14.01299,45.42208],[13.99078,45.42517],[13.96932,45.44272],[13.97073,45.44762],[13.957,45.45555],[13.91467,45.45355],[13.89753,45.44176],[13.89796,45.43826],[13.89285,45.43784],[13.88714,45.42982],[13.88711,45.42583],[13.89251,45.42568],[13.8869,45.41411],[13.89816,45.40794],[13.89644,45.40101],[13.89881,45.39765],[13.89017,45.39075],[13.88716,45.38399],[13.8892,45.3791],[13.878,45.36983],[13.85536,45.36051]]]}},{"type":"Feature","properties":{"id":"HRV:ADM2:41942358B65119240177861","name":"Grad Kraljevica","countryCode":"HRV","adminLevel":2,"sourceCode":"41942358B65119240177861","parentId":"HRV:ADM1:HRV-1586"},"geometry":{"type":"Polygon","coordinates":[[[14.58123,45.279],[14.57836,45.28269],[14.58221,45.28535],[14.57802,45.28839],[14.5784,45.28877],[14.58276,45.2873],[14.61761,45.26277],[14.63842,45.25382],[14.63339,45.25244],[14.62794,45.24239],[14.616,45.23569],[14.6067,45.24437],[14.59278,45.24982],[14.57602,45.26227],[14.56861,45.27595],[14.57489,45.28029],[14.58123,45.279]]]}},{"type":"Feature","properties":{"id":"HRV:ADM2:41942358B65505055615012","name":"Općina Popovac","countryCode":"HRV","adminLevel":2,"sourceCode":"41942358B65505055615012","parentId":"HRV:ADM1:HRV-1603"},"geometry":{"type":"Polygon","coordinates":[[[18.65492,45.8742],[18.63762,45.86809],[18.63156,45.87682],[18.62777,45.87338],[18.62355,45.85432],[18.61484,45.85314],[18.62367,45.83985],[18.60109,45.83379],[18.60351,45.828],[18.6334,45.80853],[18.63802,45.80226],[18.63295,45.80152],[18.6355,45.80035],[18.63311,45.7946],[18.65458,45.78379],[18.6576,45.78088],[18.65649,45.77687],[18.67791,45.77598],[18.67782,45.77894],[18.68511,45.78079],[18.68633,45.78606],[18.69125,45.78444],[18.69467,45.78711],[18.69708,45.79044],[18.69482,45.79506],[18.70146,45.80029],[18.71441,45.80239],[18.71687,45.80594],[18.71194,45.81715],[18.7159,45.81927],[18.7162,45.82472],[18.72278,45.82397],[18.70966,45.83128],[18.72071,45.83589],[18.71851,45.84736],[18.71378,45.84728],[18.70912,45.85366],[18.69674,45.8504],[18.67998,45.86174],[18.67458,45.87039],[18.65492,45.8742]]]}},{"type":"Feature","properties":{"id":"HRV:ADM2:41942358B6560721693792","name":"Općina Gradec","countryCode":"HRV","adminLevel":2,"sourceCode":"41942358B6560721693792","parentId":"HRV:ADM1:HRV-1588"},"geometry":{"type":"Polygon","coordinates":[[[16.46408,45.94705],[16.45595,45.94563],[16.45046,45.92906],[16.45437,45.92665],[16.45383,45.91072],[16.45679,45.90555],[16.45155,45.89604],[16.45684,45.89124],[16.45552,45.87756],[16.46817,45.8711],[16.47452,45.86398],[16.48817,45.87275],[16.50586,45.86887],[16.53283,45.87241],[16.53462,45.86807],[16.53994,45.86716],[16.5432,45.87132],[16.53602,45.8735],[16.54162,45.8869],[16.55873,45.89507],[16.55751,45.90189],[16.56311,45.90108],[16.56357,45.8947],[16.57181,45.89378],[16.57193,45.89118],[16.58342,45.88662],[16.59129,45.88912],[16.58943,45.90279],[16.59987,45.90299],[16.60312,45.91491],[16.59759,45.92175],[16.57853,45.93224],[16.57774,45.93942],[16.569,45.94053],[16.54201,45.95764],[16.52218,45.96091],[16.51287,45.95492],[16.5171,45.95942],[16.51439,45.96856],[16.50076,45.96879],[16.47473,45.9496],[16.46408,45.94705]]]}},{"type":"Feature","properties":{"id":"HRV:ADM2:41942358B65618644238266","name":"Općina Križ","countryCode":"HRV","adminLevel":2,"sourceCode":"41942358B65618644238266","parentId":"HRV:ADM1:HRV-1587"},"geometry":{"type":"Polygon","coordinates":[[[16.54677,45.70764],[16.54498,45.70416],[16.52886,45.70621],[16.52617,45.69922],[16.50279,45.70519],[16.5038,45.70811],[16.48558,45.70437],[16.48791,45.69907],[16.48466,45.69337],[16.4903,45.69226],[16.48795,45.6908],[16.49152,45.68565],[16.48245,45.67977],[16.48636,45.67586],[16.47898,45.67197],[16.46095,45.6738],[16.4528,45.66241],[16.43668,45.62924],[16.47119,45.57559],[16.47637,45.574],[16.47464,45.56961],[16.48078,45.56986],[16.48148,45.58201],[16.49417,45.58685],[16.50051,45.59611],[16.49989,45.60112],[16.5173,45.6085],[16.53489,45.61006],[16.54629,45.62393],[16.55836,45.62668],[16.56387,45.62215],[16.58027,45.62447],[16.59398,45.63316],[16.58998,45.6391],[16.59254,45.64798],[16.60687,45.65032],[16.61018,45.6622],[16.60804,45.67347],[16.61053,45.67508],[16.59944,45.6864],[16.59115,45.67696],[16.58804,45.67723],[16.58988,45.68281],[16.58512,45.68671],[16.58834,45.69406],[16.58675,45.70001],[16.57762,45.69942],[16.57338,45.70898],[16.5658,45.71456],[16.54677,45.70764]]]}},{"type":"Feature","properties":{"id":"HRV:ADM2:41942358B65689335315967","name":"Općina Blato","countryCode":"HRV","adminLevel":2,"sourceCode":"41942358B65689335315967","parentId":"HRV:ADM1:HRV-1490"},"geometry":{"type":"Polygon","coordinates":[[[16.67423,42.92766],[16.67762,42.93857],[16.6861,42.94083],[16.70194,42.93931],[16.7203,42.93242],[16.73922,42.93207],[16.73487,42.93955],[16.75133,42.94299],[16.74464,42.94601],[16.74435,42.95019],[16.7564,42.95026],[16.75321,42.96268],[16.74527,42.96873],[16.74737,42.97837],[16.76278,42.97381],[16.76292,42.97398],[16.76856,42.97223],[16.77334,42.97136],[16.77484,42.97036],[16.77574,42.97093],[16.78456,42.96932],[16.78365,42.96644],[16.78947,42.96842],[16.82407,42.9621],[16.83232,42.9621],[16.85102,42.95759],[16.84041,42.94138],[16.83097,42.93322],[16.83455,42.93346],[16.84093,42.92574],[16.83763,42.92576],[16.84118,42.9235],[16.83696,42.92169],[16.84028,42.91687],[16.84013,42.91398],[16.83558,42.91308],[16.83699,42.90283],[16.73976,42.91718],[16.69142,42.92821],[16.67479,42.9269],[16.67423,42.92766]]]}},{"type":"Feature","properties":{"id":"HRV:ADM2:41942358B65728796130854","name":"Općina Sračinec","countryCode":"HRV","adminLevel":2,"sourceCode":"41942358B65728796130854","parentId":"HRV:ADM1:HRV-1610"},"geometry":{"type":"Polygon","coordinates":[[[16.29965,46.37829],[16.26835,46.37712],[16.27367,46.36547],[16.26607,46.35849],[16.26631,46.35029],[16.26127,46.34626],[16.25065,46.32328],[16.25953,46.3245],[16.27269,46.3135],[16.29039,46.31199],[16.28541,46.31636],[16.2878,46.32366],[16.29208,46.32527],[16.28909,46.32701],[16.2918,46.32671],[16.29046,46.32938],[16.30145,46.32848],[16.30897,46.33441],[16.317,46.33187],[16.31712,46.33983],[16.31337,46.33896],[16.30985,46.34706],[16.30351,46.35178],[16.31675,46.35173],[16.32664,46.35713],[16.3082,46.37547],[16.29965,46.37829]]]}},{"type":"Feature","properties":{"id":"HRV:ADM2:41942358B65793072334868","name":"Općina Podgora","countryCode":"HRV","adminLevel":2,"sourceCode":"41942358B65793072334868","parentId":"HRV:ADM1:HRV-1492"},"geometry":{"type":"Polygon","coordinates":[[[17.06142,43.25526],[17.08707,43.262],[17.11696,43.27596],[17.13066,43.28807],[17.15773,43.27064],[17.15223,43.26008],[17.15507,43.25302],[17.17669,43.24714],[17.18837,43.23826],[17.18978,43.22879],[17.20296,43.222],[17.20227,43.21487],[17.22656,43.20167],[17.22579,43.19692],[17.20109,43.17094],[17.17237,43.18183],[17.13803,43.20234],[17.12135,43.20881],[17.11394,43.2132],[17.10776,43.22639],[17.10027,43.23168],[17.09018,43.23517],[17.08009,43.23652],[17.07656,43.23783],[17.07597,43.24126],[17.06394,43.24805],[17.06226,43.25002],[17.06142,43.25526]]]}},{"type":"Feature","properties":{"id":"HRV:ADM2:41942358B65879216122628","name":"Općina Dragalić","countryCode":"HRV","adminLevel":2,"sourceCode":"41942358B65879216122628","parentId":"HRV:ADM1:HRV-1602"},"geometry":{"type":"Polygon","coordinates":[[[17.33879,45.29254],[17.32205,45.28979],[17.30227,45.29765],[17.29948,45.29249],[17.30844,45.28814],[17.30649,45.2828],[17.29892,45.27646],[17.28746,45.27268],[17.28609,45.26039],[17.27986,45.26009],[17.28025,45.25293],[17.24583,45.2406],[17.22721,45.24365],[17.23171,45.23093],[17.23103,45.22114],[17.2501,45.21134],[17.25605,45.2113],[17.2589,45.19507],[17.27772,45.19159],[17.28433,45.18555],[17.2948,45.18444],[17.29391,45.18744],[17.29977,45.19132],[17.31556,45.19408],[17.31734,45.19863],[17.32366,45.19804],[17.32746,45.20145],[17.32581,45.20483],[17.33434,45.23264],[17.34494,45.25358],[17.33984,45.25434],[17.34634,45.26467],[17.34089,45.26706],[17.33768,45.27718],[17.33628,45.29077],[17.33879,45.29254]]]}},{"type":"Feature","properties":{"id":"HRV:ADM2:41942358B65936081062166","name":"Općina Tkon","countryCode":"HRV","adminLevel":2,"sourceCode":"41942358B65936081062166","parentId":"HRV:ADM1:HRV-1493"},"geometry":{"type":"Polygon","coordinates":[[[15.39732,43.90973],[15.39034,43.91011],[15.38622,43.91399],[15.40102,43.93157],[15.42584,43.91976],[15.43354,43.91038],[15.43715,43.90835],[15.44272,43.89908],[15.44451,43.89287],[15.44159,43.89588],[15.43636,43.89136],[15.43141,43.89277],[15.42368,43.89399],[15.41982,43.89419],[15.40331,43.90434],[15.40167,43.90448],[15.40154,43.90477],[15.39772,43.90811],[15.39692,43.90829],[15.39732,43.90973]]]}},{"type":"Feature","properties":{"id":"HRV:ADM2:41942358B65976264535285","name":"Grad Karlovac","countryCode":"HRV","adminLevel":2,"sourceCode":"41942358B65976264535285","parentId":"HRV:ADM1:HRV-1583"},"geometry":{"type":"Polygon","coordinates":[[[15.47529,45.52216],[15.47782,45.51952],[15.47336,45.51538],[15.45843,45.51292],[15.46027,45.50432],[15.4529,45.49834],[15.46994,45.49584],[15.47596,45.49872],[15.48856,45.49052],[15.48453,45.48227],[15.49679,45.48303],[15.4987,45.47654],[15.50666,45.47817],[15.50448,45.47633],[15.50717,45.47117],[15.5043,45.46915],[15.51171,45.46968],[15.51367,45.46496],[15.52585,45.46407],[15.52597,45.45898],[15.5232,45.45839],[15.52514,45.4446],[15.54874,45.44804],[15.55627,45.45567],[15.56194,45.45514],[15.56052,45.45031],[15.56624,45.44896],[15.55596,45.44373],[15.56813,45.43926],[15.568,45.4353],[15.56202,45.43078],[15.56332,45.42693],[15.57292,45.42304],[15.57788,45.4112],[15.58843,45.39939],[15.59966,45.39326],[15.61086,45.39698],[15.60791,45.39388],[15.61009,45.39132],[15.60789,45.37989],[15.61036,45.37403],[15.61579,45.37441],[15.61581,45.37195],[15.64757,45.37655],[15.65094,45.37554],[15.65205,45.36917],[15.66475,45.36601],[15.6639,45.37022],[15.67569,45.37562],[15.67562,45.38023],[15.66672,45.38374],[15.67805,45.38905],[15.66897,45.40008],[15.66198,45.40101],[15.65749,45.40549],[15.66436,45.41263],[15.67097,45.41142],[15.67983,45.41699],[15.69717,45.40663],[15.70341,45.40561],[15.71381,45.41039],[15.71928,45.40816],[15.72201,45.40656],[15.72001,45.39795],[15.72974,45.39127],[15.73784,45.3966],[15.75238,45.39706],[15.77585,45.38799],[15.78496,45.38907],[15.78621,45.38347],[15.79472,45.38041],[15.80839,45.38261],[15.82111,45.38965],[15.82768,45.38934],[15.8271,45.39686],[15.82146,45.39524],[15.82552,45.40293],[15.81601,45.40531],[15.82239,45.40972],[15.82964,45.40969],[15.83034,45.41591],[15.84343,45.42665],[15.83643,45.43164],[15.83347,45.42971],[15.81031,45.43508],[15.79599,45.4457],[15.78147,45.44362],[15.77285,45.44876],[15.76879,45.4561],[15.76379,45.45685],[15.76683,45.47237],[15.77029,45.47413],[15.76787,45.479],[15.7715,45.48054],[15.76055,45.48037],[15.75287,45.48991],[15.75386,45.50375],[15.76554,45.51064],[15.77812,45.50402],[15.78712,45.5055],[15.79393,45.5089],[15.79537,45.51308],[15.78405,45.51952],[15.78947,45.5242],[15.78462,45.52677],[15.78532,45.53159],[15.78917,45.53077],[15.79074,45.53413],[15.78712,45.53835],[15.7803,45.53794],[15.78016,45.53492],[15.77303,45.53704],[15.7751,45.53908],[15.7705,45.53991],[15.77063,45.54375],[15.7617,45.5461],[15.76083,45.54918],[15.765,45.54952],[15.75985,45.55383],[15.7559,45.55286],[15.75474,45.55739],[15.74946,45.55554],[15.73433,45.56016],[15.75029,45.57189],[15.75044,45.60367],[15.73159,45.58743],[15.74037,45.57745],[15.73615,45.57391],[15.73807,45.57222],[15.73213,45.56936],[15.73251,45.56356],[15.69602,45.56772],[15.66502,45.55682],[15.65586,45.55899],[15.65219,45.55494],[15.64083,45.55346],[15.62288,45.54407],[15.60756,45.52639],[15.59975,45.52869],[15.58296,45.54301],[15.5683,45.54429],[15.56725,45.55884],[15.56208,45.56329],[15.5648,45.56754],[15.57444,45.56924],[15.56724,45.57541],[15.56861,45.58962],[15.54983,45.58951],[15.53938,45.58157],[15.52071,45.57858],[15.52377,45.5712],[15.51848,45.56172],[15.52553,45.55574],[15.52408,45.54935],[15.51675,45.55821],[15.51038,45.56002],[15.50127,45.55645],[15.48575,45.55931],[15.47675,45.55145],[15.46949,45.54973],[15.46766,45.54615],[15.48632,45.53489],[15.47419,45.52625],[15.47529,45.52216]]]}},{"type":"Feature","properties":{"id":"HRV:ADM2:41942358B66089922837763","name":"Općina Trnovec Bartolovečki","countryCode":"HRV","adminLevel":2,"sourceCode":"41942358B66089922837763","parentId":"HRV:ADM1:HRV-1610"},"geometry":{"type":"Polygon","coordinates":[[[16.46658,46.32525],[16.45686,46.32462],[16.45626,46.31966],[16.44841,46.31762],[16.40786,46.3252],[16.3774,46.32607],[16.38212,46.3209],[16.39289,46.3202],[16.39538,46.31138],[16.37706,46.31183],[16.37729,46.30557],[16.38111,46.30407],[16.38555,46.29134],[16.40354,46.28229],[16.40816,46.2849],[16.42349,46.28118],[16.43367,46.28448],[16.48997,46.27049],[16.49472,46.27782],[16.50374,46.27322],[16.5072,46.27473],[16.50522,46.27421],[16.50507,46.27927],[16.51142,46.28393],[16.50322,46.29245],[16.50271,46.29859],[16.51037,46.31032],[16.49126,46.31396],[16.48794,46.31737],[16.48111,46.31569],[16.48059,46.31918],[16.46841,46.31779],[16.46658,46.32525]]]}},{"type":"Feature","properties":{"id":"HRV:ADM2:41942358B66323588033278","name":"Općina Veliko Trgovišće","countryCode":"HRV","adminLevel":2,"sourceCode":"41942358B66323588033278","parentId":"HRV:ADM1:HRV-1582"},"geometry":{"type":"Polygon","coordinates":[[[15.86041,45.99777],[15.85324,46.03515],[15.8567,46.05127],[15.83121,46.05286],[15.79758,46.07306],[15.79385,46.07254],[15.79466,46.06572],[15.76749,46.06116],[15.78186,46.05096],[15.7796,46.03717],[15.77568,46.03757],[15.78049,46.01268],[15.78006,45.99839],[15.79087,45.98607],[15.80006,45.98629],[15.80101,45.99187],[15.80967,45.99279],[15.81173,45.98887],[15.82007,45.98948],[15.82769,45.98159],[15.84104,45.98002],[15.8463,45.97549],[15.84633,45.98585],[15.86041,45.99777]]]}},{"type":"Feature","properties":{"id":"HRV:ADM2:41942358B66440865242644","name":"Općina Peteranec","countryCode":"HRV","adminLevel":2,"sourceCode":"41942358B66440865242644","parentId":"HRV:ADM1:HRV-1608"},"geometry":{"type":"Polygon","coordinates":[[[16.8476,46.2199],[16.84818,46.1962],[16.85208,46.19564],[16.8571,46.18776],[16.86544,46.18111],[16.87918,46.18399],[16.88114,46.17995],[16.89367,46.17974],[16.89513,46.17727],[16.88981,46.17606],[16.87841,46.17832],[16.86445,46.16948],[16.88217,46.16366],[16.8871,46.1581],[16.90268,46.15638],[16.92401,46.16019],[16.92521,46.16349],[16.94313,46.16109],[16.98661,46.17289],[17.0097,46.16284],[17.02079,46.1702],[17.02012,46.17374],[17.00632,46.18362],[16.99748,46.18423],[16.98864,46.18946],[16.98572,46.20835],[16.97774,46.21067],[16.95723,46.20229],[16.94268,46.2101],[16.93723,46.20256],[16.93143,46.20089],[16.93203,46.19599],[16.91804,46.19103],[16.90796,46.19982],[16.90207,46.20037],[16.9027,46.20557],[16.88131,46.21019],[16.87285,46.21907],[16.86599,46.22018],[16.86002,46.21396],[16.85592,46.2139],[16.8476,46.2199]]]}},{"type":"Feature","properties":{"id":"HRV:ADM2:41942358B66479585284218","name":"Grad Delnice","countryCode":"HRV","adminLevel":2,"sourceCode":"41942358B66479585284218","parentId":"HRV:ADM1:HRV-1586"},"geometry":{"type":"Polygon","coordinates":[[[14.91138,45.481],[14.90326,45.47562],[14.89189,45.4763],[14.87461,45.47208],[14.86875,45.46602],[14.81762,45.4595],[14.81601,45.47166],[14.80509,45.47893],[14.80545,45.48638],[14.79901,45.49196],[14.80359,45.49585],[14.7956,45.50333],[14.78964,45.50005],[14.78679,45.50106],[14.78914,45.50363],[14.7864,45.5067],[14.7684,45.50598],[14.76885,45.5122],[14.75958,45.51042],[14.73869,45.52401],[14.73506,45.52987],[14.7305,45.52888],[14.72063,45.53414],[14.70331,45.53453],[14.70011,45.52544],[14.70347,45.51102],[14.69946,45.50368],[14.70153,45.49805],[14.68945,45.48989],[14.68529,45.47596],[14.70314,45.46844],[14.69825,45.46368],[14.70022,45.45706],[14.71067,45.45447],[14.71201,45.4507],[14.69928,45.45134],[14.66701,45.44147],[14.644,45.43942],[14.62146,45.43141],[14.64289,45.40484],[14.68821,45.3917],[14.69038,45.38802],[14.70318,45.38345],[14.72908,45.38155],[14.74669,45.37306],[14.7592,45.37213],[14.77823,45.36523],[14.78085,45.35846],[14.8188,45.35702],[14.85523,45.35022],[14.87025,45.37072],[14.88175,45.37313],[14.87828,45.38165],[14.86742,45.38145],[14.86424,45.39043],[14.85077,45.39375],[14.86751,45.40243],[14.86373,45.44147],[14.86613,45.44508],[14.86244,45.44676],[14.90248,45.46811],[14.91413,45.46532],[14.91875,45.46859],[14.91935,45.47894],[14.91138,45.481]]]}},{"type":"Feature","properties":{"id":"HRV:ADM2:41942358B66523854826517","name":"Općina Lovas","countryCode":"HRV","adminLevel":2,"sourceCode":"41942358B66523854826517","parentId":"HRV:ADM1:HRV-1605"},"geometry":{"type":"Polygon","coordinates":[[[19.12003,45.26353],[19.13363,45.24695],[19.1381,45.23743],[19.1375,45.22745],[19.15421,45.20345],[19.15919,45.18766],[19.16526,45.18781],[19.16915,45.19741],[19.17654,45.20254],[19.19091,45.20118],[19.20582,45.19239],[19.21032,45.19613],[19.21032,45.22966],[19.1952,45.24291],[19.19299,45.24078],[19.18524,45.24737],[19.19475,45.25696],[19.19641,45.26488],[19.14195,45.28125],[19.12823,45.26673],[19.12003,45.26353]]]}},{"type":"Feature","properties":{"id":"HRV:ADM2:41942358B6726726376933","name":"Općina Sveti Martin na Muri","countryCode":"HRV","adminLevel":2,"sourceCode":"41942358B6726726376933","parentId":"HRV:ADM1:HRV-1609"},"geometry":{"type":"Polygon","coordinates":[[[16.39635,46.53605],[16.38695,46.5361],[16.38452,46.5421],[16.37919,46.54065],[16.37043,46.54365],[16.3697,46.54687],[16.38225,46.55058],[16.36835,46.555],[16.36556,46.55281],[16.3659,46.54665],[16.35747,46.54492],[16.35267,46.54901],[16.35159,46.54578],[16.35872,46.54268],[16.35908,46.5386],[16.35525,46.53848],[16.35315,46.54382],[16.33733,46.54266],[16.34529,46.53961],[16.34069,46.53461],[16.34145,46.52948],[16.33621,46.52718],[16.33304,46.53003],[16.32393,46.52915],[16.31795,46.52595],[16.32111,46.52324],[16.32047,46.51695],[16.33142,46.51297],[16.31951,46.49723],[16.32481,46.49329],[16.33079,46.49598],[16.3317,46.4876],[16.3409,46.48747],[16.34266,46.48431],[16.36179,46.48719],[16.36735,46.48539],[16.36441,46.49608],[16.37504,46.51214],[16.38685,46.51873],[16.39635,46.53605]]]}},{"type":"Feature","properties":{"id":"HRV:ADM2:41942358B67321750216915","name":"Općina Podturen","countryCode":"HRV","adminLevel":2,"sourceCode":"41942358B67321750216915","parentId":"HRV:ADM1:HRV-1609"},"geometry":{"type":"Polygon","coordinates":[[[16.49294,46.44392],[16.49192,46.44211],[16.49864,46.44051],[16.49766,46.43523],[16.50998,46.4386],[16.51051,46.44211],[16.53424,46.44033],[16.53947,46.44331],[16.56635,46.43882],[16.56785,46.44417],[16.57897,46.45199],[16.59416,46.45749],[16.5982,46.45625],[16.60601,46.46302],[16.61663,46.4649],[16.60586,46.47643],[16.57508,46.47138],[16.56441,46.47346],[16.56126,46.47763],[16.53827,46.47583],[16.53427,46.48136],[16.52234,46.47928],[16.51563,46.48138],[16.51737,46.49157],[16.50755,46.49213],[16.49061,46.47973],[16.49152,46.47178],[16.50277,46.4708],[16.49294,46.44392]]]}},{"type":"Feature","properties":{"id":"HRV:ADM2:41942358B67510256757416","name":"Otok Plavnik","countryCode":"HRV","adminLevel":2,"sourceCode":"41942358B67510256757416"},"geometry":{"type":"Polygon","coordinates":[[[14.53142,44.97859],[14.53979,44.97401],[14.54583,44.96804],[14.54754,44.96088],[14.54298,44.95543],[14.53476,44.95567],[14.52576,44.9592],[14.52656,44.96137],[14.51988,44.9615],[14.51869,44.96197],[14.51332,44.96835],[14.49949,44.9731],[14.49117,44.9773],[14.48923,44.97915],[14.48671,44.98241],[14.50718,44.9796],[14.51582,44.98214],[14.51882,44.98549],[14.52318,44.98574],[14.52575,44.98321],[14.53126,44.98245],[14.53242,44.9813],[14.53142,44.97859]]]}},{"type":"Feature","properties":{"id":"HRV:ADM2:41942358B6783725556911","name":"Grad Skradin","countryCode":"HRV","adminLevel":2,"sourceCode":"41942358B6783725556911","parentId":"HRV:ADM1:HRV-1491"},"geometry":{"type":"Polygon","coordinates":[[[15.91316,43.80781],[15.92126,43.81481],[15.942,43.82163],[15.94828,43.81954],[15.96547,43.80344],[15.97395,43.80466],[15.97697,43.80746],[15.97434,43.81843],[15.98678,43.82326],[15.98416,43.82945],[15.98822,43.8324],[15.98813,43.84647],[15.98189,43.85663],[15.9721,43.86077],[15.96893,43.86625],[15.97822,43.88346],[15.97404,43.90239],[15.98908,43.935],[15.97126,43.94384],[15.94859,43.94135],[15.92958,43.92911],[15.89132,43.9133],[15.88436,43.916],[15.87304,43.92913],[15.8501,43.93372],[15.83886,43.94616],[15.82213,43.9492],[15.82381,43.94142],[15.81733,43.93399],[15.80221,43.93347],[15.79404,43.94211],[15.77182,43.9501],[15.76337,43.9353],[15.7843,43.92623],[15.77248,43.91969],[15.7749,43.91446],[15.78888,43.89868],[15.78956,43.8943],[15.80096,43.89071],[15.81838,43.87219],[15.80445,43.85898],[15.80802,43.85923],[15.83377,43.83929],[15.8347,43.83465],[15.84006,43.83253],[15.84424,43.8256],[15.87672,43.80842],[15.91316,43.80781]]]}},{"type":"Feature","properties":{"id":"HRV:ADM2:41942358B67958087170818","name":"Općina Sukošan","countryCode":"HRV","adminLevel":2,"sourceCode":"41942358B67958087170818","parentId":"HRV:ADM1:HRV-1493"},"geometry":{"type":"Polygon","coordinates":[[[15.30628,44.06839],[15.34058,44.08448],[15.34264,44.09059],[15.35739,44.0912],[15.36131,44.09414],[15.37627,44.09098],[15.38515,44.0825],[15.38552,44.07985],[15.37897,44.08198],[15.3779,44.07808],[15.38283,44.07758],[15.37796,44.06796],[15.38588,44.05308],[15.38912,44.05186],[15.40328,44.0621],[15.4231,44.06027],[15.42905,44.05526],[15.43647,44.05888],[15.44758,44.05571],[15.4618,44.05027],[15.45545,44.04136],[15.44504,44.04347],[15.43504,44.03843],[15.42577,44.03802],[15.41778,44.03003],[15.39221,44.01651],[15.38666,44.02518],[15.38274,44.02614],[15.3647,44.01849],[15.35808,44.0257],[15.33961,44.03937],[15.31951,44.04523],[15.29948,44.06297],[15.30628,44.06839]]]}},{"type":"Feature","properties":{"id":"HRV:ADM2:41942358B68132263738750","name":"Općina Kalnik","countryCode":"HRV","adminLevel":2,"sourceCode":"41942358B68132263738750","parentId":"HRV:ADM1:HRV-1608"},"geometry":{"type":"Polygon","coordinates":[[[16.4117,46.12153],[16.42188,46.11629],[16.4329,46.11716],[16.42771,46.10953],[16.43227,46.09999],[16.4354,46.10138],[16.43384,46.10883],[16.43992,46.10774],[16.44206,46.11143],[16.4455,46.1061],[16.44768,46.10882],[16.45246,46.10794],[16.45459,46.10323],[16.46662,46.10668],[16.47005,46.1016],[16.47655,46.10329],[16.48612,46.09758],[16.48787,46.10256],[16.4902,46.10039],[16.49409,46.10226],[16.49292,46.11427],[16.51395,46.10996],[16.51558,46.1174],[16.51038,46.12215],[16.51544,46.13342],[16.51333,46.1375],[16.49301,46.14676],[16.46297,46.13362],[16.44392,46.13115],[16.4319,46.138],[16.4276,46.15028],[16.41389,46.14347],[16.41827,46.13691],[16.42342,46.13579],[16.4083,46.13045],[16.4117,46.12153]]]}},{"type":"Feature","properties":{"id":"HRV:ADM2:41942358B68392533115070","name":"Općina Marija Gorica","countryCode":"HRV","adminLevel":2,"sourceCode":"41942358B68392533115070","parentId":"HRV:ADM1:HRV-1588"},"geometry":{"type":"Polygon","coordinates":[[[15.7092,45.93139],[15.70505,45.93045],[15.70666,45.92699],[15.70335,45.92704],[15.70731,45.92556],[15.70594,45.91989],[15.70003,45.91988],[15.70061,45.9158],[15.68995,45.91313],[15.70595,45.90562],[15.69862,45.90435],[15.69314,45.89436],[15.70345,45.8921],[15.71821,45.8964],[15.72029,45.89951],[15.73564,45.90032],[15.75377,45.88771],[15.76711,45.88738],[15.76637,45.89685],[15.74979,45.91304],[15.7543,45.91435],[15.75042,45.91574],[15.75359,45.92143],[15.73803,45.92264],[15.74674,45.93134],[15.72795,45.93037],[15.721,45.93639],[15.7092,45.93139]]]}},{"type":"Feature","properties":{"id":"HRV:ADM2:41942358B68392687471832","name":"Općina Bosiljevo","countryCode":"HRV","adminLevel":2,"sourceCode":"41942358B68392687471832","parentId":"HRV:ADM1:HRV-1583"},"geometry":{"type":"Polygon","coordinates":[[[15.32195,45.45494],[15.27717,45.46591],[15.24309,45.45268],[15.22858,45.43656],[15.2274,45.42828],[15.23265,45.42287],[15.22634,45.41863],[15.22368,45.4148],[15.22719,45.41171],[15.22192,45.40764],[15.22795,45.40036],[15.22334,45.39375],[15.2142,45.391],[15.22345,45.39176],[15.25366,45.38513],[15.25477,45.36041],[15.23538,45.35402],[15.21529,45.35347],[15.20954,45.34991],[15.21529,45.34038],[15.2334,45.34093],[15.24199,45.33465],[15.26854,45.33465],[15.26894,45.33037],[15.27582,45.32955],[15.2786,45.32478],[15.28458,45.32659],[15.28426,45.33191],[15.29372,45.34298],[15.28889,45.3458],[15.30524,45.3576],[15.3461,45.34868],[15.34567,45.3516],[15.32359,45.36475],[15.34541,45.3964],[15.36043,45.40857],[15.36429,45.41761],[15.38582,45.43357],[15.37271,45.44442],[15.35756,45.44201],[15.35644,45.43827],[15.3471,45.43488],[15.32988,45.43412],[15.32195,45.45494]]]}},{"type":"Feature","properties":{"id":"HRV:ADM2:41942358B68698174579367","name":"Općina Vidovec","countryCode":"HRV","adminLevel":2,"sourceCode":"41942358B68698174579367","parentId":"HRV:ADM1:HRV-1610"},"geometry":{"type":"Polygon","coordinates":[[[16.29039,46.31199],[16.24878,46.31577],[16.24957,46.31334],[16.24344,46.31304],[16.23417,46.30286],[16.23054,46.30412],[16.22801,46.30092],[16.22741,46.2789],[16.22934,46.27125],[16.23513,46.27001],[16.22402,46.25787],[16.22863,46.2524],[16.23188,46.25297],[16.22963,46.24428],[16.23741,46.24284],[16.23934,46.24739],[16.25184,46.25071],[16.25466,46.25804],[16.2659,46.2608],[16.26972,46.26493],[16.28506,46.26714],[16.28755,46.27264],[16.30356,46.27305],[16.29993,46.27381],[16.29953,46.2815],[16.29584,46.28444],[16.29577,46.2884],[16.30482,46.29145],[16.29937,46.29536],[16.29953,46.31076],[16.29039,46.31199]]]}},{"type":"Feature","properties":{"id":"HRV:ADM2:41942358B68731238698366","name":"Grad Pleternica","countryCode":"HRV","adminLevel":2,"sourceCode":"41942358B68731238698366","parentId":"HRV:ADM1:HRV-1604"},"geometry":{"type":"Polygon","coordinates":[[[17.7007,45.20317],[17.70402,45.1982],[17.72344,45.19444],[17.72096,45.18995],[17.72379,45.18707],[17.74025,45.18669],[17.743,45.18421],[17.75342,45.18656],[17.75955,45.18238],[17.76561,45.18743],[17.78031,45.19085],[17.76965,45.1919],[17.77389,45.19249],[17.772,45.19622],[17.77749,45.1989],[17.77586,45.20265],[17.79131,45.20126],[17.78837,45.20692],[17.78858,45.20454],[17.7839,45.20559],[17.78917,45.21044],[17.78263,45.21746],[17.79306,45.21938],[17.79496,45.21273],[17.81199,45.20895],[17.82091,45.21527],[17.83106,45.217],[17.84121,45.23412],[17.85064,45.23478],[17.85446,45.24135],[17.86769,45.25128],[17.88313,45.25718],[17.88224,45.27363],[17.89371,45.28884],[17.92608,45.28989],[17.92173,45.30099],[17.91604,45.30158],[17.92213,45.30846],[17.91707,45.31932],[17.92085,45.32337],[17.91561,45.32783],[17.9166,45.33266],[17.89437,45.35106],[17.88239,45.35263],[17.88222,45.36513],[17.87759,45.36737],[17.87482,45.35774],[17.86714,45.35744],[17.86291,45.3447],[17.86834,45.33049],[17.87415,45.32403],[17.85677,45.32171],[17.85074,45.32601],[17.84712,45.35555],[17.84029,45.36431],[17.84102,45.36746],[17.83499,45.35789],[17.79219,45.34928],[17.78682,45.35052],[17.78193,45.34651],[17.77916,45.33301],[17.75006,45.33683],[17.75416,45.30743],[17.74923,45.29817],[17.74146,45.29155],[17.71334,45.28232],[17.6941,45.27049],[17.70968,45.24962],[17.70802,45.23914],[17.70466,45.23809],[17.70823,45.22446],[17.71665,45.21402],[17.70893,45.20505],[17.7007,45.20317]]]}},{"type":"Feature","properties":{"id":"HRV:ADM2:41942358B68906359196574","name":"Općina Bibinje","countryCode":"HRV","adminLevel":2,"sourceCode":"41942358B68906359196574","parentId":"HRV:ADM1:HRV-1493"},"geometry":{"type":"Polygon","coordinates":[[[15.28714,44.09226],[15.29401,44.08632],[15.29929,44.08709],[15.2946,44.09113],[15.30173,44.09507],[15.32163,44.08629],[15.32469,44.08838],[15.31692,44.09341],[15.3401,44.09766],[15.35739,44.0912],[15.34264,44.09059],[15.34058,44.08448],[15.30628,44.06839],[15.29948,44.06297],[15.2776,44.08234],[15.27833,44.0856],[15.27495,44.08825],[15.28714,44.09226]]]}},{"type":"Feature","properties":{"id":"HRV:ADM2:41942358B69296662731202","name":"Općina Viškovo","countryCode":"HRV","adminLevel":2,"sourceCode":"41942358B69296662731202","parentId":"HRV:ADM1:HRV-1586"},"geometry":{"type":"Polygon","coordinates":[[[14.39597,45.41528],[14.37861,45.42156],[14.38346,45.41312],[14.37599,45.40994],[14.36951,45.40083],[14.3728,45.39108],[14.36965,45.38745],[14.37308,45.38515],[14.3637,45.38125],[14.36829,45.37539],[14.36852,45.3675],[14.37674,45.36588],[14.37565,45.36328],[14.38107,45.36001],[14.39068,45.35821],[14.40334,45.36118],[14.40216,45.36745],[14.4103,45.3678],[14.41156,45.37411],[14.41896,45.37419],[14.42733,45.38015],[14.42282,45.38588],[14.40814,45.39381],[14.39597,45.41528]]]}},{"type":"Feature","properties":{"id":"HRV:ADM2:41942358B69309879064099","name":"Grad Stari Grad","countryCode":"HRV","adminLevel":2,"sourceCode":"41942358B69309879064099","parentId":"HRV:ADM1:HRV-1492"},"geometry":{"type":"Polygon","coordinates":[[[16.66631,43.20278],[16.66169,43.20168],[16.66467,43.20008],[16.66001,43.19949],[16.6505,43.18018],[16.65549,43.17799],[16.65422,43.1714],[16.65896,43.17076],[16.65078,43.16086],[16.62249,43.1618],[16.61486,43.1569],[16.60571,43.15868],[16.589,43.15515],[16.58748,43.14969],[16.59107,43.14757],[16.57241,43.14955],[16.56593,43.14618],[16.56138,43.14954],[16.56795,43.15217],[16.5656,43.15394],[16.56797,43.15682],[16.55719,43.16729],[16.5707,43.18103],[16.59904,43.18468],[16.5801,43.18858],[16.58326,43.18867],[16.57056,43.19848],[16.57487,43.20171],[16.56695,43.20127],[16.56398,43.20356],[16.56413,43.20436],[16.56323,43.20414],[16.56088,43.20595],[16.56143,43.20756],[16.55566,43.21044],[16.5615,43.21365],[16.55699,43.21597],[16.55771,43.21969],[16.55336,43.21682],[16.55013,43.21951],[16.55041,43.21563],[16.54669,43.21628],[16.54822,43.21343],[16.54662,43.21392],[16.52931,43.22163],[16.52326,43.22669],[16.52682,43.22844],[16.53118,43.22806],[16.53539,43.2231],[16.53425,43.22683],[16.5369,43.22782],[16.53739,43.22784],[16.54055,43.22463],[16.54248,43.22807],[16.54272,43.22808],[16.54926,43.22327],[16.55072,43.22561],[16.5469,43.22734],[16.54673,43.22826],[16.56275,43.22899],[16.57117,43.22365],[16.5667,43.21855],[16.5714,43.21737],[16.56829,43.2141],[16.58247,43.21368],[16.57842,43.20863],[16.58011,43.20501],[16.58754,43.21204],[16.60495,43.21746],[16.60586,43.22063],[16.6092,43.21334],[16.61313,43.21439],[16.61592,43.21104],[16.61922,43.21413],[16.62248,43.21134],[16.63392,43.21438],[16.64021,43.21215],[16.63792,43.21707],[16.6427,43.21896],[16.6446,43.21194],[16.65031,43.21856],[16.65422,43.21682],[16.65366,43.21282],[16.65797,43.21573],[16.65687,43.213],[16.66063,43.21455],[16.66323,43.21064],[16.66628,43.21083],[16.66793,43.20877],[16.66631,43.20278]]]}},{"type":"Feature","properties":{"id":"HRV:ADM2:41942358B69612549435300","name":"Općina Mali Bukovec","countryCode":"HRV","adminLevel":2,"sourceCode":"41942358B69612549435300","parentId":"HRV:ADM1:HRV-1610"},"geometry":{"type":"Polygon","coordinates":[[[16.7574,46.25732],[16.7599,46.26415],[16.75498,46.26613],[16.75194,46.27245],[16.75388,46.27723],[16.7619,46.28163],[16.75886,46.30038],[16.75225,46.30462],[16.74865,46.30017],[16.7453,46.30053],[16.73792,46.30675],[16.74436,46.31547],[16.74285,46.31817],[16.73543,46.31837],[16.72608,46.31398],[16.72608,46.30751],[16.72856,46.30479],[16.73428,46.30609],[16.74078,46.29933],[16.73145,46.29361],[16.73251,46.29054],[16.72195,46.28551],[16.73531,46.28163],[16.71119,46.27666],[16.70932,46.26709],[16.70065,46.26792],[16.69685,46.26522],[16.69209,46.26797],[16.68934,46.26273],[16.67927,46.26349],[16.67882,46.25483],[16.67346,46.24676],[16.68466,46.23002],[16.70396,46.22672],[16.7165,46.22803],[16.72924,46.23914],[16.72896,46.24469],[16.7356,46.2491],[16.7469,46.24893],[16.7574,46.25732]]]}},{"type":"Feature","properties":{"id":"HRV:ADM2:41942358B69700869537663","name":"Općina Saborsko","countryCode":"HRV","adminLevel":2,"sourceCode":"41942358B69700869537663","parentId":"HRV:ADM1:HRV-1583"},"geometry":{"type":"Polygon","coordinates":[[[15.49858,45.01937],[15.47304,45.0335],[15.45725,45.03326],[15.45141,45.02889],[15.41736,45.02999],[15.41348,45.03179],[15.41334,45.04424],[15.39619,45.05209],[15.38571,45.04861],[15.38135,45.04178],[15.36008,45.04126],[15.35656,45.03706],[15.36465,45.0256],[15.37322,45.02026],[15.37657,45.02118],[15.3669,45.01615],[15.37992,45.00901],[15.3828,45.00108],[15.39258,44.99497],[15.3966,44.9846],[15.41387,44.97544],[15.42163,44.95345],[15.43257,44.94083],[15.4481,44.93248],[15.46997,44.92861],[15.48061,44.92861],[15.4832,44.93126],[15.48982,44.928],[15.49241,44.93268],[15.49902,44.93268],[15.50133,44.92861],[15.51168,44.92881],[15.51398,44.93268],[15.51801,44.93268],[15.51916,44.91904],[15.5422,44.90521],[15.54279,44.89926],[15.55103,44.89106],[15.56058,44.88674],[15.57156,44.88742],[15.57251,44.89706],[15.557,44.9012],[15.55139,44.91169],[15.52775,44.92242],[15.53014,44.93772],[15.54017,44.9416],[15.56042,44.96577],[15.55132,44.98484],[15.49858,45.01937]]]}},{"type":"Feature","properties":{"id":"HRV:ADM2:41942358B69762243971062","name":"Općina Tordinci","countryCode":"HRV","adminLevel":2,"sourceCode":"41942358B69762243971062","parentId":"HRV:ADM1:HRV-1605"},"geometry":{"type":"Polygon","coordinates":[[[18.70813,45.40754],[18.71315,45.39685],[18.73195,45.38935],[18.72379,45.3838],[18.70633,45.38362],[18.70234,45.38106],[18.70585,45.37705],[18.72774,45.37467],[18.7262,45.36556],[18.72094,45.36011],[18.72787,45.35411],[18.75924,45.36],[18.76793,45.36703],[18.7683,45.37792],[18.77823,45.3739],[18.77349,45.36464],[18.77868,45.35481],[18.7918,45.35447],[18.79849,45.3648],[18.8072,45.36357],[18.80368,45.34801],[18.82962,45.34946],[18.82705,45.35987],[18.83241,45.36204],[18.85777,45.35163],[18.86404,45.35447],[18.85953,45.35902],[18.84031,45.36279],[18.84428,45.36719],[18.83814,45.37452],[18.83719,45.38391],[18.83174,45.38555],[18.82232,45.39762],[18.80286,45.40526],[18.79561,45.40319],[18.79657,45.40525],[18.78543,45.40738],[18.77131,45.40182],[18.76817,45.40324],[18.76947,45.41262],[18.7553,45.41369],[18.75442,45.41649],[18.73097,45.41292],[18.72999,45.40926],[18.70813,45.40754]]]}},{"type":"Feature","properties":{"id":"HRV:ADM2:41942358B69896257239961","name":"Grad Slunj","countryCode":"HRV","adminLevel":2,"sourceCode":"41942358B69896257239961","parentId":"HRV:ADM1:HRV-1583"},"geometry":{"type":"Polygon","coordinates":[[[15.74082,45.06341],[15.72532,45.06711],[15.72099,45.07238],[15.71648,45.07165],[15.71509,45.07797],[15.7078,45.07671],[15.69617,45.08004],[15.694,45.0853],[15.69863,45.09313],[15.70992,45.09729],[15.70306,45.10119],[15.70822,45.10736],[15.70566,45.11229],[15.68322,45.11893],[15.6804,45.11386],[15.67331,45.11998],[15.66713,45.11432],[15.66482,45.11682],[15.66796,45.12088],[15.6655,45.12204],[15.65194,45.1179],[15.64246,45.11934],[15.64623,45.12135],[15.6492,45.13002],[15.64748,45.13996],[15.65705,45.14658],[15.64986,45.15855],[15.65189,45.16196],[15.64883,45.16648],[15.6551,45.17877],[15.64922,45.17897],[15.65046,45.18356],[15.64629,45.18848],[15.63401,45.18516],[15.63822,45.18905],[15.63499,45.19073],[15.64191,45.1925],[15.63241,45.19573],[15.63443,45.20262],[15.62763,45.20076],[15.62462,45.20345],[15.62687,45.21284],[15.62345,45.21516],[15.63465,45.22507],[15.63204,45.2266],[15.63141,45.23546],[15.63813,45.23856],[15.62624,45.2464],[15.62525,45.25337],[15.62113,45.25694],[15.61456,45.25407],[15.61245,45.25989],[15.61466,45.26336],[15.60323,45.26182],[15.59211,45.26489],[15.58625,45.26265],[15.58389,45.26814],[15.57685,45.26972],[15.57389,45.27721],[15.57638,45.28247],[15.57386,45.28483],[15.56427,45.28141],[15.56422,45.28625],[15.55887,45.28843],[15.55013,45.28982],[15.54041,45.28413],[15.54671,45.27813],[15.54116,45.27431],[15.54173,45.26904],[15.5228,45.27021],[15.49991,45.26097],[15.50143,45.25269],[15.49681,45.23539],[15.50287,45.23279],[15.50345,45.22993],[15.49727,45.22998],[15.50345,45.22768],[15.50171,45.22591],[15.48282,45.23071],[15.46463,45.23966],[15.44946,45.23947],[15.43755,45.23185],[15.4397,45.22958],[15.43682,45.22201],[15.43141,45.21656],[15.43463,45.20511],[15.43148,45.2024],[15.4329,45.19987],[15.42851,45.19902],[15.43505,45.19039],[15.45133,45.17857],[15.45349,45.16808],[15.43244,45.15844],[15.39481,45.16162],[15.39807,45.15932],[15.39528,45.1585],[15.39742,45.15481],[15.39416,45.15208],[15.39453,45.14749],[15.38925,45.14575],[15.39706,45.13975],[15.40253,45.14117],[15.40654,45.13829],[15.40249,45.13543],[15.41515,45.1179],[15.43965,45.10661],[15.45489,45.0954],[15.44338,45.09427],[15.44621,45.08545],[15.45957,45.07916],[15.46403,45.0694],[15.49611,45.05985],[15.51061,45.04757],[15.52205,45.05955],[15.52763,45.05726],[15.53656,45.06816],[15.55235,45.06406],[15.57012,45.06338],[15.56928,45.06594],[15.57368,45.06591],[15.58632,45.06349],[15.59547,45.07073],[15.59994,45.07002],[15.60331,45.07623],[15.60966,45.07759],[15.62767,45.06697],[15.65067,45.06616],[15.65429,45.05653],[15.66616,45.05615],[15.67007,45.05257],[15.66389,45.04584],[15.66625,45.04457],[15.68689,45.05215],[15.69307,45.05151],[15.71071,45.04199],[15.72324,45.03957],[15.72556,45.03399],[15.73514,45.05441],[15.73496,45.06172],[15.74082,45.06341]]]}},{"type":"Feature","properties":{"id":"HRV:ADM2:41942358B70013854828466","name":"Općina Novi Golubovec","countryCode":"HRV","adminLevel":2,"sourceCode":"41942358B70013854828466","parentId":"HRV:ADM1:HRV-1582"},"geometry":{"type":"Polygon","coordinates":[[[16.00887,46.13242],[16.01347,46.13543],[16.01236,46.15418],[16.00665,46.1705],[16.01618,46.17632],[16.01404,46.19009],[15.9934,46.18698],[15.98693,46.19077],[15.9802,46.20181],[15.9765,46.20197],[15.9621,46.18787],[15.97618,46.16845],[15.9732,46.16221],[15.96865,46.16231],[15.96927,46.1569],[15.97197,46.15677],[15.96835,46.14946],[15.97558,46.15822],[15.98258,46.16141],[16.00683,46.16164],[16.00725,46.15877],[16.00442,46.15847],[16.00721,46.15254],[15.99789,46.1453],[16.00348,46.14003],[16.00359,46.13505],[16.00887,46.13242]]]}},{"type":"Feature","properties":{"id":"HRV:ADM2:41942358B70056994658196","name":"Grad Slavonski Brod","countryCode":"HRV","adminLevel":2,"sourceCode":"41942358B70056994658196","parentId":"HRV:ADM1:HRV-1602"},"geometry":{"type":"Polygon","coordinates":[[[17.94791,45.11183],[17.96028,45.11195],[17.96754,45.11566],[17.97461,45.1236],[17.9782,45.13666],[17.98807,45.14563],[18.00016,45.15107],[18.01881,45.14949],[18.03004,45.13026],[18.03476,45.12588],[18.03985,45.12648],[18.0447,45.13959],[18.06005,45.14344],[18.05813,45.14946],[18.05245,45.15182],[18.05562,45.15222],[18.05545,45.17013],[18.06076,45.17981],[18.04037,45.18537],[18.0422,45.19789],[18.03396,45.205],[18.01872,45.20412],[18.01096,45.19997],[17.9996,45.20117],[17.99039,45.19695],[17.96868,45.20056],[17.96765,45.19137],[17.97124,45.18858],[17.96418,45.18609],[17.96669,45.17589],[17.96261,45.1745],[17.96385,45.17002],[17.95835,45.1709],[17.9563,45.16525],[17.95284,45.16589],[17.96329,45.15594],[17.94621,45.1456],[17.94738,45.14162],[17.9426,45.14003],[17.9462,45.13615],[17.93847,45.13429],[17.9367,45.13037],[17.94194,45.12842],[17.94791,45.11183]]]}},{"type":"Feature","properties":{"id":"HRV:ADM2:41942358B70116790987857","name":"Općina Tučepi","countryCode":"HRV","adminLevel":2,"sourceCode":"41942358B70116790987857","parentId":"HRV:ADM1:HRV-1492"},"geometry":{"type":"Polygon","coordinates":[[[17.07607,43.31396],[17.11653,43.30063],[17.13066,43.28807],[17.11696,43.27596],[17.08707,43.262],[17.06142,43.25526],[17.05501,43.26803],[17.05236,43.26937],[17.05112,43.27424],[17.04969,43.27755],[17.07607,43.31396]]]}},{"type":"Feature","properties":{"id":"HRV:ADM2:41942358B70187141193283","name":"Općina Ervenik","countryCode":"HRV","adminLevel":2,"sourceCode":"41942358B70187141193283","parentId":"HRV:ADM1:HRV-1493"},"geometry":{"type":"Polygon","coordinates":[[[16.13252,44.13901],[16.10515,44.12919],[16.09387,44.12901],[16.08619,44.11816],[16.07563,44.11798],[16.06026,44.12539],[16.05282,44.13125],[16.05234,44.13608],[16.01681,44.14176],[16.00841,44.14572],[16.00385,44.15227],[15.99137,44.15227],[15.98081,44.17965],[15.96376,44.19032],[15.94024,44.16794],[15.92631,44.16122],[15.92463,44.149],[15.91743,44.13901],[15.89439,44.13039],[15.87806,44.11333],[15.8771,44.10851],[15.91721,44.07969],[15.93704,44.08419],[15.95086,44.07797],[15.97326,44.04664],[15.98785,44.04947],[15.99489,44.06021],[16.01704,44.04935],[16.03678,44.03417],[16.04472,44.01597],[16.03767,44.00949],[16.05375,44.00703],[16.06304,44.01348],[16.09343,44.01016],[16.12066,44.02363],[16.08798,44.05262],[16.11342,44.06125],[16.10746,44.06394],[16.12488,44.07128],[16.14149,44.08808],[16.14368,44.08623],[16.14853,44.09082],[16.14295,44.0927],[16.14355,44.10065],[16.13578,44.11435],[16.14801,44.12099],[16.14271,44.1278],[16.14241,44.13364],[16.13252,44.13901]]]}},{"type":"Feature","properties":{"id":"HRV:ADM2:41942358B70320563062881","name":"Općina Vrsi","countryCode":"HRV","adminLevel":2,"sourceCode":"41942358B70320563062881","parentId":"HRV:ADM1:HRV-1493"},"geometry":{"type":"MultiPolygon","coordinates":[[[[15.2075,44.29181],[15.2037,44.29184],[15.20224,44.29512],[15.2075,44.29181]]],[[[15.21356,44.28013],[15.21587,44.28444],[15.20641,44.2911],[15.21063,44.29223],[15.2283,44.28097],[15.23301,44.28174],[15.24076,44.27233],[15.26051,44.25877],[15.28155,44.24844],[15.27749,44.24407],[15.28628,44.23572],[15.30258,44.23204],[15.31387,44.22088],[15.2906,44.20827],[15.27846,44.2101],[15.27075,44.20094],[15.26078,44.20553],[15.26294,44.20801],[15.25511,44.21328],[15.25185,44.21204],[15.25267,44.20852],[15.24624,44.21344],[15.24885,44.21644],[15.23912,44.21989],[15.24118,44.22272],[15.24654,44.21985],[15.24295,44.22977],[15.24433,44.23588],[15.21441,44.24087],[15.21508,44.24472],[15.20557,44.24928],[15.21353,44.25793],[15.20547,44.26564],[15.20488,44.26823],[15.20777,44.27277],[15.19141,44.282],[15.19676,44.28673],[15.1979,44.28628],[15.19907,44.28539],[15.20017,44.28539],[15.21356,44.28013]]]]}},{"type":"Feature","properties":{"id":"HRV:ADM2:41942358B70473186758662","name":"Općina Sućuraj","countryCode":"HRV","adminLevel":2,"sourceCode":"41942358B70473186758662","parentId":"HRV:ADM1:HRV-1492"},"geometry":{"type":"Polygon","coordinates":[[[17.1921,43.12727],[16.97568,43.12727],[16.97588,43.1285],[16.97137,43.12954],[16.97619,43.13112],[16.97054,43.13666],[16.96869,43.15045],[16.96953,43.15033],[17.01185,43.14215],[17.01437,43.14014],[17.01683,43.14119],[17.01856,43.14086],[17.0255,43.14108],[17.02651,43.13994],[17.03146,43.14127],[17.03302,43.14132],[17.03387,43.13804],[17.03856,43.14098],[17.05021,43.14003],[17.05803,43.13644],[17.06199,43.13796],[17.0634,43.13507],[17.06716,43.13793],[17.09435,43.13755],[17.10401,43.13579],[17.1052,43.13303],[17.10892,43.13607],[17.13177,43.13593],[17.1447,43.13948],[17.17195,43.13461],[17.18984,43.12847],[17.1921,43.12727]]]}},{"type":"Feature","properties":{"id":"HRV:ADM2:41942358B70626061375791","name":"Općina Andrijaševci","countryCode":"HRV","adminLevel":2,"sourceCode":"41942358B70626061375791","parentId":"HRV:ADM1:HRV-1605"},"geometry":{"type":"Polygon","coordinates":[[[18.76273,45.21745],[18.75878,45.21994],[18.76022,45.2244],[18.75583,45.22302],[18.75274,45.22611],[18.76827,45.23743],[18.76404,45.24472],[18.77281,45.24936],[18.77131,45.25306],[18.76112,45.26286],[18.74965,45.26049],[18.7174,45.26211],[18.7071,45.26064],[18.70088,45.22907],[18.69294,45.22632],[18.69545,45.22002],[18.68661,45.21033],[18.70254,45.2066],[18.70624,45.19628],[18.71761,45.19159],[18.72521,45.18225],[18.73014,45.18228],[18.75624,45.19259],[18.76267,45.20108],[18.76261,45.20876],[18.76682,45.2109],[18.76273,45.21745]]]}},{"type":"Feature","properties":{"id":"HRV:ADM2:41942358B70634803465556","name":"Općina Hvratska Dubica","countryCode":"HRV","adminLevel":2,"sourceCode":"41942358B70634803465556","parentId":"HRV:ADM1:HRV-1587"},"geometry":{"type":"Polygon","coordinates":[[[16.86556,45.23212],[16.86292,45.23827],[16.85809,45.238],[16.86178,45.23942],[16.8558,45.2484],[16.80723,45.2412],[16.79296,45.26516],[16.79921,45.26996],[16.79722,45.27446],[16.8064,45.28132],[16.82056,45.285],[16.82723,45.2981],[16.8183,45.30524],[16.80909,45.30757],[16.80849,45.29472],[16.73091,45.2927],[16.73107,45.28774],[16.72502,45.28947],[16.7252,45.27898],[16.71181,45.27873],[16.70307,45.26699],[16.68787,45.26188],[16.68558,45.25714],[16.67948,45.25816],[16.66894,45.24647],[16.66201,45.24494],[16.68305,45.23023],[16.68255,45.22667],[16.65797,45.23081],[16.65658,45.22358],[16.64039,45.22581],[16.62811,45.21833],[16.63242,45.21483],[16.63044,45.21364],[16.63682,45.21382],[16.64836,45.20778],[16.69735,45.19654],[16.71274,45.20383],[16.73242,45.20747],[16.75482,45.20259],[16.77498,45.19276],[16.81917,45.18476],[16.83472,45.18831],[16.84366,45.19417],[16.84415,45.20623],[16.83398,45.21571],[16.83512,45.21924],[16.84307,45.22114],[16.85472,45.21462],[16.85516,45.21138],[16.85007,45.20723],[16.85325,45.20446],[16.8619,45.21208],[16.86495,45.2193],[16.87939,45.21993],[16.87767,45.22388],[16.86702,45.22392],[16.86274,45.22857],[16.86556,45.23212]]]}},{"type":"Feature","properties":{"id":"HRV:ADM2:41942358B70660483130226","name":"Općina Janjina","countryCode":"HRV","adminLevel":2,"sourceCode":"41942358B70660483130226","parentId":"HRV:ADM1:HRV-1490"},"geometry":{"type":"Polygon","coordinates":[[[17.40877,42.91417],[17.41264,42.91781],[17.37943,42.9443],[17.38578,42.94945],[17.37222,42.95715],[17.38321,42.97217],[17.39001,42.96638],[17.4378,42.953],[17.44384,42.94904],[17.44378,42.94619],[17.45134,42.94022],[17.44806,42.93312],[17.4497,42.9277],[17.45907,42.92352],[17.46022,42.92178],[17.46485,42.92072],[17.46523,42.92078],[17.47078,42.9183],[17.46771,42.91663],[17.46998,42.91485],[17.45303,42.90198],[17.44932,42.89409],[17.44256,42.89684],[17.44272,42.89863],[17.4201,42.90979],[17.41905,42.91101],[17.41802,42.91082],[17.41725,42.9112],[17.4097,42.9124],[17.40877,42.91417]]]}},{"type":"Feature","properties":{"id":"HRV:ADM2:41942358B70775371213679","name":"Općina Sali","countryCode":"HRV","adminLevel":2,"sourceCode":"41942358B70775371213679","parentId":"HRV:ADM1:HRV-1493"},"geometry":{"type":"MultiPolygon","coordinates":[[[[15.1735,43.88696],[15.18936,43.87848],[15.19551,43.88065],[15.19879,43.87869],[15.19907,43.87763],[15.19451,43.87263],[15.18458,43.8771],[15.17514,43.88426],[15.17237,43.88752],[15.1603,43.89274],[15.16366,43.89694],[15.16601,43.89688],[15.16969,43.89496],[15.17325,43.89252],[15.1735,43.88696]]],[[[15.15266,43.90055],[15.14891,43.89964],[15.15375,43.89557],[15.13724,43.9027],[15.11298,43.91989],[15.10662,43.92544],[15.06691,43.96955],[15.06284,43.97308],[15.06302,43.9734],[15.0625,43.97337],[15.05824,43.97706],[15.05745,43.98016],[15.05102,43.98331],[15.04887,43.98518],[15.0367,44.00303],[15.03296,44.00578],[15.02699,44.01508],[15.02697,44.0168],[15.02505,44.01812],[15.0031,44.05231],[14.98308,44.06631],[14.96411,44.0726],[14.95029,44.07927],[14.92963,44.09513],[14.9222,44.10377],[14.88802,44.12833],[14.88439,44.12987],[14.87085,44.14026],[14.87977,44.13895],[14.87754,44.14581],[14.86752,44.15265],[14.86583,44.15576],[14.8612,44.16691],[14.85685,44.16771],[14.85595,44.1687],[14.85392,44.17314],[14.85621,44.17639],[14.85884,44.1761],[14.86086,44.17482],[14.86031,44.17184],[14.87233,44.16768],[14.87,44.16405],[14.87673,44.1643],[14.88151,44.16027],[14.88078,44.15975],[14.88304,44.15904],[14.88921,44.15553],[14.8899,44.15192],[14.89501,44.15224],[14.9079,44.14491],[14.91163,44.14227],[14.90508,44.1399],[14.91422,44.13154],[14.91355,44.12883],[14.91947,44.12765],[14.92106,44.12294],[14.92927,44.11867],[14.93546,44.11906],[14.93278,44.12174],[14.93493,44.12305],[14.94434,44.11922],[14.94528,44.11808],[14.94615,44.11634],[14.93943,44.11017],[14.94724,44.10774],[14.9461,44.10294],[14.96162,44.09762],[14.97049,44.08929],[14.98704,44.0863],[14.99818,44.07842],[14.99542,44.08797],[15.00353,44.08478],[15.00278,44.08316],[15.0005,44.07941],[15.0096,44.07846],[15.00959,44.07374],[15.00128,44.07493],[15.00505,44.07178],[15.00407,44.06881],[15.01445,44.07129],[15.01934,44.06208],[15.02395,44.06366],[15.02183,44.05726],[15.02819,44.0476],[15.02831,44.04724],[15.02466,44.04592],[15.02814,44.04329],[15.02932,44.03605],[15.06076,43.99979],[15.06938,43.99991],[15.07694,43.98996],[15.08009,43.99081],[15.09581,43.97864],[15.10016,43.98352],[15.09939,43.98507],[15.11049,43.98408],[15.11481,43.98218],[15.11695,43.97883],[15.12078,43.97479],[15.11539,43.96976],[15.12498,43.96601],[15.12805,43.95961],[15.13728,43.95733],[15.144,43.95022],[15.14399,43.95022],[15.14592,43.94685],[15.14768,43.94805],[15.15482,43.94441],[15.15874,43.94185],[15.15929,43.93808],[15.16197,43.94076],[15.1696,43.93687],[15.16972,43.93667],[15.165,43.93736],[15.17709,43.92666],[15.17351,43.92542],[15.18433,43.92324],[15.19425,43.91428],[15.19608,43.91722],[15.20992,43.91357],[15.21819,43.90811],[15.22022,43.90119],[15.19549,43.89521],[15.19294,43.89667],[15.1889,43.90511],[15.18862,43.89915],[15.14706,43.92301],[15.14648,43.92407],[15.13781,43.92869],[15.13854,43.92485],[15.13421,43.92629],[15.12902,43.92163],[15.13589,43.91656],[15.1331,43.91429],[15.13942,43.91468],[15.14031,43.91303],[15.14454,43.90811],[15.15051,43.90499],[15.15266,43.90055]]],[[[14.86397,44.14257],[14.86578,44.14101],[14.86911,44.14052],[14.86203,44.13853],[14.86289,44.14082],[14.84576,44.14833],[14.84566,44.14976],[14.84806,44.15101],[14.8558,44.14748],[14.85573,44.15172],[14.86528,44.14601],[14.86657,44.14419],[14.86397,44.14257]]],[[[14.82458,44.15666],[14.83375,44.15087],[14.83419,44.14598],[14.8525,44.14204],[14.8555,44.13701],[14.83522,44.14167],[14.82088,44.15225],[14.81992,44.15352],[14.82061,44.1577],[14.82482,44.1623],[14.8253,44.16247],[14.82693,44.15893],[14.82458,44.15666]]],[[[14.92896,44.12662],[14.92679,44.12816],[14.9288,44.12916],[14.92896,44.12662]]],[[[14.98622,44.08972],[14.9871,44.09026],[14.9891,44.08954],[14.98622,44.08972]]],[[[15.13993,43.92402],[15.14164,43.92304],[15.13899,43.92246],[15.13993,43.92402]]],[[[15.13571,43.92201],[15.13594,43.92179],[15.13551,43.92169],[15.13571,43.92201]]],[[[15.13634,43.91873],[15.13408,43.91938],[15.13461,43.92023],[15.13644,43.91884],[15.13634,43.91873]]],[[[15.23855,43.87888],[15.23697,43.87755],[15.23639,43.87865],[15.23826,43.87956],[15.23855,43.87888]]],[[[15.24174,43.8794],[15.24323,43.87724],[15.24166,43.87777],[15.24174,43.8794]]]]}},{"type":"Feature","properties":{"id":"HRV:ADM2:41942358B70830817484591","name":"Općina Sveti Juraj na Bregu","countryCode":"HRV","adminLevel":2,"sourceCode":"41942358B70830817484591","parentId":"HRV:ADM1:HRV-1609"},"geometry":{"type":"Polygon","coordinates":[[[16.43025,46.45806],[16.41465,46.46102],[16.41029,46.45699],[16.40263,46.45769],[16.39081,46.46321],[16.35285,46.46633],[16.3475,46.46471],[16.33457,46.4506],[16.33762,46.44779],[16.33606,46.44341],[16.34562,46.44345],[16.34551,46.42743],[16.35547,46.4201],[16.35046,46.4111],[16.35366,46.41085],[16.35439,46.40671],[16.35964,46.40625],[16.36073,46.41797],[16.36658,46.42002],[16.3772,46.41498],[16.38754,46.40452],[16.40224,46.40501],[16.40091,46.40715],[16.40613,46.41435],[16.4022,46.417],[16.40954,46.42452],[16.40868,46.43723],[16.42125,46.44936],[16.42578,46.44954],[16.43025,46.45806]]]}},{"type":"Feature","properties":{"id":"HRV:ADM2:41942358B71283396308015","name":"Općina Severin","countryCode":"HRV","adminLevel":2,"sourceCode":"41942358B71283396308015","parentId":"HRV:ADM1:HRV-1607"},"geometry":{"type":"Polygon","coordinates":[[[16.99745,45.84376],[16.99236,45.84886],[16.99562,45.85086],[16.98771,45.87914],[16.99474,45.8786],[16.98848,45.88993],[16.99857,45.88979],[17.00341,45.89829],[17.00106,45.90627],[16.98871,45.91383],[16.97669,45.90827],[16.97883,45.89863],[16.96483,45.88632],[16.95448,45.85989],[16.96014,45.85535],[16.93497,45.83778],[16.94137,45.83463],[16.94291,45.8256],[16.94915,45.81917],[16.95611,45.8209],[16.95962,45.8185],[16.96611,45.82276],[16.9674,45.82944],[16.98652,45.83545],[16.99745,45.84376]]]}},{"type":"Feature","properties":{"id":"HRV:ADM2:41942358B71514889835827","name":"Općina Žumberak","countryCode":"HRV","adminLevel":2,"sourceCode":"41942358B71514889835827","parentId":"HRV:ADM1:HRV-1588"},"geometry":{"type":"Polygon","coordinates":[[[15.44611,45.68666],[15.44793,45.69243],[15.45714,45.69083],[15.46054,45.69415],[15.48641,45.69984],[15.48643,45.7047],[15.49265,45.69618],[15.49692,45.69536],[15.49483,45.69979],[15.49901,45.70206],[15.49761,45.70701],[15.49097,45.71382],[15.49494,45.72214],[15.49502,45.73226],[15.48523,45.74293],[15.48819,45.75128],[15.49304,45.7536],[15.49972,45.77109],[15.50456,45.77513],[15.5053,45.7871],[15.47902,45.78532],[15.47765,45.78191],[15.47375,45.78206],[15.46965,45.77691],[15.477,45.77031],[15.47336,45.76572],[15.46772,45.77028],[15.46127,45.7695],[15.46263,45.77353],[15.45964,45.77356],[15.463,45.77709],[15.45525,45.77651],[15.46115,45.78455],[15.45592,45.7947],[15.41259,45.79509],[15.40796,45.79119],[15.39945,45.79206],[15.38196,45.77915],[15.37445,45.78077],[15.36837,45.77607],[15.35172,45.77286],[15.32971,45.76255],[15.32275,45.75311],[15.32432,45.74852],[15.33371,45.74306],[15.34749,45.74044],[15.36815,45.72864],[15.37754,45.71202],[15.38568,45.71159],[15.40337,45.70119],[15.4046,45.6924],[15.41335,45.68727],[15.41955,45.68742],[15.4201,45.69542],[15.42229,45.69548],[15.44611,45.68666]]]}},{"type":"Feature","properties":{"id":"HRV:ADM2:41942358B71630573204109","name":"Grad Sveti Ivan Zelina","countryCode":"HRV","adminLevel":2,"sourceCode":"41942358B71630573204109","parentId":"HRV:ADM1:HRV-1588"},"geometry":{"type":"Polygon","coordinates":[[[16.24005,45.83778],[16.23717,45.84412],[16.26133,45.84777],[16.26337,45.85464],[16.26972,45.85861],[16.26689,45.86563],[16.27646,45.86769],[16.27994,45.87411],[16.29175,45.87795],[16.28944,45.8897],[16.28252,45.89447],[16.28465,45.9025],[16.27975,45.90947],[16.28421,45.91709],[16.27733,45.92633],[16.28727,45.92647],[16.29202,45.93598],[16.29762,45.93624],[16.30221,45.94372],[16.30822,45.94617],[16.31427,45.96064],[16.32413,45.96094],[16.32841,45.96875],[16.34288,45.96732],[16.35008,45.9964],[16.35633,45.99528],[16.35916,45.99888],[16.35203,46.01735],[16.3417,46.02716],[16.33017,46.02594],[16.32821,46.02322],[16.32186,46.02826],[16.31713,46.02634],[16.3171,46.02194],[16.30625,46.01946],[16.27551,46.02136],[16.26513,46.01583],[16.25745,46.01821],[16.25447,46.01526],[16.25736,46.01371],[16.25536,46.00641],[16.24243,46.01321],[16.24418,46.01508],[16.23526,46.02224],[16.22496,46.02081],[16.2211,46.02351],[16.21825,46.01964],[16.2143,46.02435],[16.20836,46.02096],[16.1765,46.01988],[16.17816,46.01301],[16.18577,46.00939],[16.18693,46.00502],[16.20179,45.99986],[16.20441,45.99566],[16.17979,46.00039],[16.15683,45.99468],[16.16134,45.98982],[16.15792,45.98673],[16.15626,45.96055],[16.16577,45.95551],[16.1671,45.94492],[16.17307,45.94084],[16.1731,45.91885],[16.18029,45.91547],[16.17883,45.91178],[16.18453,45.90816],[16.1838,45.89881],[16.17839,45.89228],[16.20058,45.88874],[16.2204,45.86369],[16.21991,45.85276],[16.22694,45.84171],[16.24005,45.83778]]]}},{"type":"Feature","properties":{"id":"HRV:ADM2:41942358B71738480637812","name":"Općina Sikirevci","countryCode":"HRV","adminLevel":2,"sourceCode":"41942358B71738480637812","parentId":"HRV:ADM1:HRV-1602"},"geometry":{"type":"Polygon","coordinates":[[[18.40419,45.10996],[18.4183,45.10948],[18.43139,45.10449],[18.43684,45.09987],[18.44438,45.08374],[18.457,45.0775],[18.47051,45.08192],[18.47031,45.08822],[18.48234,45.09268],[18.51218,45.09689],[18.50615,45.10337],[18.50507,45.10956],[18.49591,45.11156],[18.49742,45.11662],[18.49367,45.11788],[18.49573,45.12084],[18.46265,45.13369],[18.4636,45.13761],[18.45553,45.13637],[18.45108,45.13231],[18.44291,45.13584],[18.42974,45.12932],[18.42909,45.12603],[18.41901,45.12687],[18.4024,45.12214],[18.40419,45.10996]]]}},{"type":"Feature","properties":{"id":"HRV:ADM2:41942358B72049313505597","name":"Općina Bizovac","countryCode":"HRV","adminLevel":2,"sourceCode":"41942358B72049313505597","parentId":"HRV:ADM1:HRV-1603"},"geometry":{"type":"Polygon","coordinates":[[[18.37862,45.51901],[18.39115,45.52336],[18.39678,45.51606],[18.40266,45.51832],[18.40897,45.50955],[18.41871,45.50528],[18.42212,45.50803],[18.43378,45.50745],[18.43264,45.51442],[18.43813,45.52022],[18.45666,45.51699],[18.45592,45.52268],[18.47936,45.51985],[18.49347,45.5267],[18.49461,45.52174],[18.5054,45.52273],[18.50647,45.52043],[18.52292,45.53869],[18.52207,45.54411],[18.52655,45.55072],[18.51986,45.55186],[18.53115,45.60287],[18.51939,45.60412],[18.52018,45.60766],[18.50595,45.60779],[18.50514,45.60377],[18.49638,45.6005],[18.4945,45.59191],[18.48448,45.59313],[18.48531,45.59608],[18.46574,45.59798],[18.46735,45.60122],[18.43034,45.59903],[18.43051,45.59602],[18.40231,45.59354],[18.40305,45.58951],[18.38867,45.58496],[18.38898,45.57209],[18.37691,45.56734],[18.38523,45.56348],[18.36866,45.5576],[18.36813,45.53914],[18.36457,45.53781],[18.37862,45.51901]]]}},{"type":"Feature","properties":{"id":"HRV:ADM2:41942358B72101054621020","name":"Općina Pribislavec","countryCode":"HRV","adminLevel":2,"sourceCode":"41942358B72101054621020","parentId":"HRV:ADM1:HRV-1609"},"geometry":{"type":"Polygon","coordinates":[[[16.49033,46.41305],[16.48892,46.4154],[16.472,46.41233],[16.47058,46.41825],[16.46249,46.4132],[16.45965,46.39771],[16.4666,46.39597],[16.45953,46.39162],[16.45923,46.38768],[16.47335,46.38321],[16.47656,46.37591],[16.48682,46.37574],[16.48601,46.38147],[16.50211,46.38042],[16.51239,46.38608],[16.49442,46.40242],[16.4949,46.41264],[16.49033,46.41305]]]}},{"type":"Feature","properties":{"id":"HRV:ADM2:41942358B7221791742916","name":"Općina Ribnik","countryCode":"HRV","adminLevel":2,"sourceCode":"41942358B7221791742916","parentId":"HRV:ADM1:HRV-1583"},"geometry":{"type":"Polygon","coordinates":[[[15.39554,45.59614],[15.3879,45.59206],[15.38223,45.59386],[15.3667,45.58607],[15.35056,45.59716],[15.33391,45.59017],[15.32777,45.5947],[15.31777,45.58828],[15.31563,45.57963],[15.3158,45.5628],[15.31958,45.55451],[15.34189,45.55325],[15.34035,45.5393],[15.3618,45.53714],[15.37107,45.5203],[15.37562,45.5215],[15.37846,45.51513],[15.38876,45.50815],[15.39202,45.54453],[15.40129,45.55589],[15.4127,45.56286],[15.40558,45.58329],[15.39751,45.5893],[15.39554,45.59614]]]}},{"type":"Feature","properties":{"id":"HRV:ADM2:41942358B72448585049503","name":"Općina Belica","countryCode":"HRV","adminLevel":2,"sourceCode":"41942358B72448585049503","parentId":"HRV:ADM1:HRV-1609"},"geometry":{"type":"Polygon","coordinates":[[[16.51239,46.38608],[16.53228,46.39221],[16.57725,46.42094],[16.57459,46.43685],[16.53947,46.44331],[16.53424,46.44033],[16.51051,46.44211],[16.50998,46.4386],[16.49766,46.43523],[16.50074,46.42966],[16.4938,46.43106],[16.49033,46.41305],[16.4949,46.41264],[16.49442,46.40242],[16.51239,46.38608]]]}},{"type":"Feature","properties":{"id":"HRV:ADM2:41942358B7271748669279","name":"Grad Dubrovnik","countryCode":"HRV","adminLevel":2,"sourceCode":"41942358B7271748669279","parentId":"HRV:ADM1:HRV-1490"},"geometry":{"type":"MultiPolygon","coordinates":[[[[18.04476,42.70174],[18.04374,42.70077],[18.04322,42.70205],[18.02833,42.69131],[18.00327,42.70067],[17.96119,42.7294],[17.92154,42.74437],[17.94121,42.76295],[17.96789,42.77469],[17.97458,42.78046],[17.99313,42.77598],[17.99912,42.77381],[18.00004,42.76139],[18.01884,42.75222],[18.04154,42.74892],[18.08651,42.71525],[18.10159,42.71005],[18.10606,42.70311],[18.10713,42.68858],[18.14063,42.68012],[18.15575,42.65478],[18.1626,42.65732],[18.15857,42.65541],[18.15717,42.64686],[18.14946,42.6433],[18.13705,42.64429],[18.13919,42.63845],[18.12485,42.6446],[18.10865,42.64741],[18.09164,42.64826],[18.07602,42.65131],[18.0687,42.65515],[18.0701,42.6556],[18.06558,42.65678],[18.06397,42.65762],[18.06031,42.66335],[18.06133,42.66414],[18.07695,42.66344],[18.08824,42.65332],[18.07861,42.66668],[18.10541,42.67202],[18.13196,42.67029],[18.13494,42.6716],[18.13689,42.67543],[18.13051,42.67167],[18.10036,42.67438],[18.07536,42.6693],[18.05592,42.68301],[18.04786,42.69062],[18.04597,42.69529],[18.04476,42.70174]]],[[[17.86247,42.72761],[17.84247,42.74743],[17.83845,42.74995],[17.83668,42.75308],[17.84824,42.75393],[17.86488,42.74701],[17.86565,42.74443],[17.89737,42.7331],[17.90404,42.72853],[17.91261,42.72146],[17.91586,42.7132],[17.91578,42.71306],[17.90998,42.71096],[17.91327,42.70897],[17.9109,42.70511],[17.90995,42.70431],[17.90806,42.70369],[17.9083,42.70296],[17.90545,42.70059],[17.887,42.71021],[17.87536,42.71839],[17.8696,42.71928],[17.84506,42.73208],[17.84569,42.7334],[17.86247,42.72761]]],[[[18.13456,42.67254],[18.13207,42.6707],[18.13091,42.67168],[18.13456,42.67254]]],[[[18.05897,42.66779],[18.05792,42.66708],[18.05738,42.66791],[18.05883,42.66791],[18.05897,42.66779]]]]}},{"type":"Feature","properties":{"id":"HRV:ADM2:41942358B72735115431411","name":"Grad Pakrac","countryCode":"HRV","adminLevel":2,"sourceCode":"41942358B72735115431411","parentId":"HRV:ADM1:HRV-1604"},"geometry":{"type":"Polygon","coordinates":[[[17.08663,45.50555],[17.08486,45.49045],[17.13575,45.45026],[17.15112,45.45321],[17.17039,45.43121],[17.1684,45.42713],[17.18472,45.42698],[17.16831,45.41376],[17.16715,45.41067],[17.17307,45.40718],[17.17082,45.4044],[17.1827,45.40474],[17.18797,45.41599],[17.18529,45.42117],[17.19433,45.42554],[17.19992,45.42185],[17.21381,45.42447],[17.2478,45.39051],[17.26239,45.39079],[17.2788,45.37616],[17.28895,45.37525],[17.30209,45.36644],[17.31971,45.36582],[17.32673,45.36974],[17.33488,45.3673],[17.33749,45.38409],[17.37144,45.38272],[17.39616,45.39289],[17.40842,45.38828],[17.43462,45.41412],[17.4408,45.41171],[17.44389,45.42352],[17.45968,45.43821],[17.46414,45.44905],[17.45865,45.45628],[17.46586,45.46784],[17.46672,45.49817],[17.46912,45.50093],[17.46843,45.51934],[17.46517,45.5215],[17.43985,45.51814],[17.43213,45.51188],[17.429,45.52431],[17.42295,45.51678],[17.41152,45.51113],[17.3927,45.51065],[17.3685,45.51489],[17.36111,45.51866],[17.35842,45.52667],[17.31943,45.52573],[17.30733,45.52007],[17.2502,45.51301],[17.24079,45.51631],[17.23339,45.5116],[17.2018,45.52667],[17.1971,45.53514],[17.185,45.53938],[17.17491,45.53938],[17.15878,45.51819],[17.16416,45.51301],[17.15945,45.50971],[17.13794,45.51395],[17.13324,45.52055],[17.10568,45.52337],[17.08663,45.50555]]]}},{"type":"Feature","properties":{"id":"HRV:ADM2:41942358B72798442770714","name":"Općina Hum na Sutli","countryCode":"HRV","adminLevel":2,"sourceCode":"41942358B72798442770714","parentId":"HRV:ADM1:HRV-1582"},"geometry":{"type":"Polygon","coordinates":[[[15.77453,46.21128],[15.75655,46.2071],[15.75086,46.20909],[15.75492,46.21696],[15.75297,46.21996],[15.74108,46.22175],[15.73003,46.2162],[15.72604,46.2192],[15.72831,46.22285],[15.70177,46.22238],[15.67486,46.22712],[15.66367,46.21979],[15.64719,46.21717],[15.64115,46.20749],[15.64815,46.2046],[15.64631,46.19885],[15.64891,46.1912],[15.64482,46.18665],[15.63597,46.18579],[15.63797,46.18208],[15.63176,46.17811],[15.63323,46.17671],[15.61747,46.17146],[15.6187,46.16782],[15.62404,46.16725],[15.67369,46.18163],[15.71182,46.18406],[15.71774,46.17729],[15.71523,46.17426],[15.71861,46.17271],[15.72304,46.17671],[15.72259,46.19148],[15.73058,46.2],[15.76636,46.19993],[15.77362,46.20294],[15.77453,46.21128]]]}},{"type":"Feature","properties":{"id":"HRV:ADM2:41942358B72862341717783","name":"Općina Markušica","countryCode":"HRV","adminLevel":2,"sourceCode":"41942358B72862341717783","parentId":"HRV:ADM1:HRV-1605"},"geometry":{"type":"Polygon","coordinates":[[[18.6902,45.39758],[18.65703,45.39004],[18.64436,45.393],[18.64285,45.38777],[18.64907,45.37402],[18.64524,45.36656],[18.65183,45.35378],[18.62129,45.34578],[18.63313,45.33034],[18.65451,45.33058],[18.69132,45.32325],[18.69434,45.32426],[18.69221,45.32723],[18.70173,45.32681],[18.6962,45.33694],[18.6992,45.33806],[18.70088,45.33459],[18.72469,45.33685],[18.72851,45.33359],[18.74568,45.33369],[18.74568,45.33978],[18.76353,45.33845],[18.76147,45.3285],[18.76706,45.31712],[18.78877,45.32434],[18.81339,45.32033],[18.81834,45.32349],[18.81939,45.3362],[18.82837,45.34653],[18.82664,45.34884],[18.80368,45.34801],[18.8072,45.36357],[18.79849,45.3648],[18.7918,45.35447],[18.77868,45.35481],[18.77349,45.36464],[18.77823,45.3739],[18.7683,45.37792],[18.76793,45.36703],[18.75924,45.36],[18.72787,45.35411],[18.72094,45.36011],[18.7262,45.36556],[18.72774,45.37467],[18.70585,45.37705],[18.70234,45.38106],[18.70633,45.38362],[18.72379,45.3838],[18.73195,45.38935],[18.71315,45.39685],[18.70813,45.40754],[18.70265,45.40576],[18.69721,45.39832],[18.6902,45.39758]]]}},{"type":"Feature","properties":{"id":"HRV:ADM2:41942358B7323629852254","name":"Općina Jelenje","countryCode":"HRV","adminLevel":2,"sourceCode":"41942358B7323629852254","parentId":"HRV:ADM1:HRV-1586"},"geometry":{"type":"Polygon","coordinates":[[[14.5533,45.46924],[14.50127,45.50647],[14.47603,45.52114],[14.46865,45.51895],[14.46547,45.51576],[14.46505,45.49997],[14.46015,45.49985],[14.45938,45.47945],[14.4323,45.45652],[14.42958,45.4478],[14.43706,45.43701],[14.42078,45.42958],[14.42415,45.42538],[14.41908,45.42195],[14.42071,45.4168],[14.39597,45.41528],[14.40814,45.39381],[14.42282,45.38588],[14.42733,45.38015],[14.43268,45.38405],[14.44069,45.37513],[14.44176,45.36881],[14.44203,45.37371],[14.45804,45.38117],[14.46761,45.37828],[14.46985,45.3815],[14.4736,45.3742],[14.48971,45.37671],[14.49796,45.38045],[14.49601,45.38829],[14.4836,45.39765],[14.51654,45.41603],[14.518,45.42087],[14.53015,45.4232],[14.53229,45.43888],[14.54663,45.45321],[14.5533,45.46924]]]}},{"type":"Feature","properties":{"id":"HRV:ADM2:41942358B73267213731269","name":"Općina Desinić","countryCode":"HRV","adminLevel":2,"sourceCode":"41942358B73267213731269","parentId":"HRV:ADM1:HRV-1582"},"geometry":{"type":"Polygon","coordinates":[[[15.66106,46.17858],[15.62404,46.16725],[15.61946,46.15267],[15.62095,46.14504],[15.63004,46.13717],[15.63545,46.14222],[15.64739,46.14255],[15.64989,46.13619],[15.65263,46.1361],[15.65498,46.12388],[15.66005,46.1236],[15.65396,46.11751],[15.65476,46.11388],[15.65989,46.1132],[15.66009,46.1041],[15.66481,46.10573],[15.66749,46.10091],[15.68275,46.10658],[15.68938,46.09861],[15.70692,46.09509],[15.72005,46.09496],[15.73679,46.10015],[15.74363,46.0955],[15.746,46.10723],[15.71405,46.15118],[15.687,46.16387],[15.6751,46.16487],[15.67438,46.17516],[15.66106,46.17858]]]}},{"type":"Feature","properties":{"id":"HRV:ADM2:41942358B73432321231896","name":"Općina Kloštar Ivanić","countryCode":"HRV","adminLevel":2,"sourceCode":"41942358B73432321231896","parentId":"HRV:ADM1:HRV-1587"},"geometry":{"type":"Polygon","coordinates":[[[16.49505,45.77402],[16.44799,45.80159],[16.44604,45.8048],[16.44952,45.81397],[16.42764,45.81334],[16.42928,45.80786],[16.4237,45.7999],[16.38804,45.8067],[16.38778,45.79042],[16.37435,45.76797],[16.37628,45.75303],[16.36712,45.73971],[16.3779,45.73011],[16.37911,45.72308],[16.39643,45.7267],[16.40857,45.72001],[16.42631,45.72438],[16.44029,45.71635],[16.44827,45.72166],[16.45222,45.71906],[16.45981,45.72632],[16.46045,45.73178],[16.46659,45.73574],[16.4699,45.73467],[16.4648,45.73345],[16.4718,45.73309],[16.46833,45.73701],[16.47085,45.74066],[16.49472,45.73179],[16.50647,45.74017],[16.50126,45.74923],[16.51193,45.75213],[16.52247,45.76045],[16.49505,45.77402]]]}},{"type":"Feature","properties":{"id":"HRV:ADM2:41942358B73480888178056","name":"Grad Vinkovci","countryCode":"HRV","adminLevel":2,"sourceCode":"41942358B73480888178056","parentId":"HRV:ADM1:HRV-1605"},"geometry":{"type":"Polygon","coordinates":[[[18.85109,45.22254],[18.85266,45.2248],[18.84804,45.23159],[18.87546,45.24806],[18.87274,45.24949],[18.87487,45.25203],[18.86962,45.25263],[18.87052,45.25586],[18.86665,45.25728],[18.87148,45.25929],[18.86767,45.26117],[18.87455,45.28616],[18.87316,45.28826],[18.86124,45.28438],[18.8414,45.29259],[18.84717,45.30137],[18.84312,45.30428],[18.84573,45.3156],[18.84134,45.3134],[18.83036,45.32659],[18.81339,45.32033],[18.78877,45.32434],[18.74224,45.31173],[18.74213,45.30821],[18.73496,45.30819],[18.74166,45.29036],[18.74035,45.28727],[18.745,45.28543],[18.73959,45.2772],[18.73695,45.26242],[18.74965,45.26049],[18.76112,45.26286],[18.77281,45.24936],[18.76404,45.24472],[18.76827,45.23743],[18.75274,45.22611],[18.75583,45.22302],[18.76022,45.2244],[18.75878,45.21994],[18.78683,45.21436],[18.79633,45.20622],[18.80602,45.20282],[18.80642,45.21423],[18.81296,45.2182],[18.80809,45.22296],[18.81892,45.22772],[18.82584,45.23697],[18.83399,45.23697],[18.85109,45.22254]]]}},{"type":"Feature","properties":{"id":"HRV:ADM2:41942358B73644152682265","name":"Otok Kornat","countryCode":"HRV","adminLevel":2,"sourceCode":"41942358B73644152682265","parentId":"HRV:ADM1:HRV-1491"},"geometry":{"type":"Polygon","coordinates":[[[15.26025,43.86615],[15.2584,43.86079],[15.25113,43.86247],[15.27757,43.84421],[15.3284,43.817],[15.33352,43.81056],[15.34182,43.80837],[15.35916,43.78959],[15.37684,43.78019],[15.32797,43.79633],[15.30893,43.80561],[15.30425,43.81015],[15.30531,43.81096],[15.30321,43.81116],[15.28842,43.82551],[15.26124,43.83979],[15.24789,43.84903],[15.24759,43.8493],[15.24778,43.84929],[15.24686,43.84997],[15.23341,43.86221],[15.22779,43.87446],[15.2326,43.8768],[15.23546,43.87719],[15.24053,43.87432],[15.23887,43.86993],[15.2469,43.87275],[15.25314,43.86877],[15.25395,43.87078],[15.25666,43.87015],[15.26124,43.86709],[15.26211,43.86538],[15.26025,43.86615]]]}},{"type":"Feature","properties":{"id":"HRV:ADM2:41942358B73654510513356","name":"Općina Prgomet","countryCode":"HRV","adminLevel":2,"sourceCode":"41942358B73654510513356","parentId":"HRV:ADM1:HRV-1492"},"geometry":{"type":"Polygon","coordinates":[[[16.15382,43.69579],[16.1344,43.6571],[16.22129,43.65254],[16.2169,43.64343],[16.22264,43.62827],[16.22895,43.6224],[16.21215,43.61134],[16.2065,43.59522],[16.22173,43.5697],[16.2423,43.55858],[16.26099,43.556],[16.27229,43.56769],[16.27689,43.57936],[16.2881,43.58729],[16.26207,43.59841],[16.26723,43.60301],[16.26271,43.60905],[16.27213,43.61439],[16.28209,43.62582],[16.28142,43.65087],[16.28628,43.66005],[16.26474,43.65872],[16.18737,43.68267],[16.17988,43.69074],[16.15382,43.69579]]]}},{"type":"Feature","properties":{"id":"HRV:ADM2:41942358B73906003469030","name":"Općina Postira","countryCode":"HRV","adminLevel":2,"sourceCode":"41942358B73906003469030","parentId":"HRV:ADM1:HRV-1492"},"geometry":{"type":"Polygon","coordinates":[[[16.64938,43.37536],[16.65045,43.37219],[16.65397,43.37529],[16.66376,43.37321],[16.66605,43.36912],[16.66955,43.37195],[16.67941,43.37162],[16.68171,43.36888],[16.67536,43.34037],[16.66727,43.33594],[16.67424,43.32444],[16.67265,43.31721],[16.64822,43.28309],[16.63421,43.28579],[16.62188,43.28152],[16.6179,43.28739],[16.60902,43.292],[16.59998,43.3131],[16.60674,43.31731],[16.6023,43.31759],[16.60085,43.3282],[16.60581,43.34909],[16.62476,43.36307],[16.61011,43.37346],[16.61627,43.37759],[16.62133,43.37492],[16.62951,43.37861],[16.62957,43.37861],[16.64938,43.37536]]]}},{"type":"Feature","properties":{"id":"HRV:ADM2:41942358B73938341041035","name":"Općina Draganić","countryCode":"HRV","adminLevel":2,"sourceCode":"41942358B73938341041035","parentId":"HRV:ADM1:HRV-1583"},"geometry":{"type":"Polygon","coordinates":[[[15.73213,45.56936],[15.7261,45.57251],[15.72652,45.58432],[15.69624,45.60233],[15.6896,45.60361],[15.69019,45.59852],[15.68295,45.59778],[15.6739,45.60182],[15.66965,45.59771],[15.66144,45.5974],[15.6503,45.60392],[15.65007,45.60701],[15.61526,45.62026],[15.60508,45.61907],[15.60567,45.61288],[15.59098,45.61222],[15.58748,45.60624],[15.5772,45.60209],[15.57745,45.59841],[15.56952,45.59344],[15.56724,45.57541],[15.57444,45.56924],[15.5648,45.56754],[15.56208,45.56329],[15.56725,45.55884],[15.5683,45.54429],[15.58296,45.54301],[15.59975,45.52869],[15.60756,45.52639],[15.62288,45.54407],[15.64083,45.55346],[15.65219,45.55494],[15.65586,45.55899],[15.66502,45.55682],[15.69602,45.56772],[15.73251,45.56356],[15.73213,45.56936]]]}},{"type":"Feature","properties":{"id":"HRV:ADM2:41942358B74230403119288","name":"Grad Đakovo","countryCode":"HRV","adminLevel":2,"sourceCode":"41942358B74230403119288","parentId":"HRV:ADM1:HRV-1603"},"geometry":{"type":"MultiPolygon","coordinates":[[[[18.49415,45.41109],[18.49866,45.41852],[18.48458,45.41981],[18.48368,45.42287],[18.47789,45.41888],[18.46999,45.42008],[18.46076,45.4358],[18.43188,45.40591],[18.44504,45.40238],[18.45476,45.40366],[18.45733,45.40083],[18.45338,45.39634],[18.45667,45.39497],[18.45482,45.39325],[18.47752,45.38707],[18.48422,45.38787],[18.49099,45.39371],[18.49684,45.39346],[18.49833,45.39962],[18.49415,45.41109]]],[[[18.39231,45.24026],[18.46366,45.25316],[18.48823,45.24788],[18.50778,45.2486],[18.50353,45.25523],[18.51319,45.25872],[18.51045,45.29054],[18.52809,45.29832],[18.51926,45.31513],[18.51973,45.31947],[18.52434,45.32222],[18.5208,45.32666],[18.51497,45.31691],[18.50917,45.31721],[18.50859,45.31163],[18.49915,45.31192],[18.50251,45.30617],[18.47881,45.3089],[18.47909,45.31614],[18.45817,45.31922],[18.43845,45.32747],[18.42422,45.34066],[18.42883,45.35726],[18.43739,45.35987],[18.43394,45.37416],[18.42678,45.38094],[18.40845,45.38004],[18.40274,45.38673],[18.38858,45.37422],[18.39412,45.3662],[18.41512,45.3513],[18.40787,45.34356],[18.41888,45.33643],[18.40682,45.33133],[18.40167,45.33767],[18.39197,45.33655],[18.39347,45.33228],[18.35695,45.33556],[18.35395,45.33133],[18.33695,45.33694],[18.33322,45.33221],[18.32683,45.3332],[18.32649,45.32656],[18.3185,45.31498],[18.29129,45.30103],[18.32597,45.26981],[18.32969,45.24436],[18.35711,45.24697],[18.37551,45.23823],[18.39231,45.24026]]]]}},{"type":"Feature","properties":{"id":"HRV:ADM2:41942358B74400327987198","name":"Općina Pašman","countryCode":"HRV","adminLevel":2,"sourceCode":"41942358B74400327987198","parentId":"HRV:ADM1:HRV-1493"},"geometry":{"type":"MultiPolygon","coordinates":[[[[15.38595,43.94954],[15.38997,43.93768],[15.40102,43.93157],[15.38622,43.91399],[15.37876,43.91339],[15.3798,43.91215],[15.37622,43.91295],[15.37542,43.91469],[15.37042,43.91457],[15.35865,43.91938],[15.35695,43.92129],[15.35704,43.92262],[15.35396,43.92465],[15.35388,43.92473],[15.3572,43.92599],[15.36253,43.92203],[15.36469,43.92405],[15.36013,43.92845],[15.35396,43.93126],[15.35434,43.93146],[15.35678,43.93537],[15.34352,43.93964],[15.33762,43.94251],[15.33803,43.94359],[15.33536,43.94361],[15.32545,43.94843],[15.32469,43.94891],[15.32235,43.9519],[15.32089,43.95131],[15.30958,43.95844],[15.30274,43.96638],[15.29713,43.9781],[15.27019,44.00031],[15.26636,44.00491],[15.26689,44.00593],[15.26546,44.00599],[15.26124,44.01105],[15.28028,44.01081],[15.28904,44.00798],[15.29581,44.00151],[15.31077,43.99774],[15.34858,43.97705],[15.35763,43.96581],[15.36252,43.96474],[15.3661,43.96937],[15.37539,43.96762],[15.38064,43.96184],[15.37955,43.958],[15.38783,43.95698],[15.38827,43.95438],[15.38595,43.94954]]],[[[15.36321,43.97217],[15.3656,43.9724],[15.36567,43.97061],[15.36355,43.9705],[15.36321,43.97217]]]]}},{"type":"Feature","properties":{"id":"HRV:ADM2:41942358B74429209593321","name":"Grad Pula","countryCode":"HRV","adminLevel":2,"sourceCode":"41942358B74429209593321","parentId":"HRV:ADM1:HRV-1592"},"geometry":{"type":"MultiPolygon","coordinates":[[[[13.75124,44.88778],[13.75234,44.8911],[13.74626,44.89214],[13.74626,44.89215],[13.75395,44.89718],[13.74698,44.90443],[13.747,44.90449],[13.75074,44.9077],[13.75074,44.90771],[13.75514,44.90952],[13.75491,44.91704],[13.7498,44.9182],[13.74921,44.9221],[13.74431,44.92014],[13.736,44.92266],[13.7357,44.92402],[13.74098,44.92577],[13.74789,44.92512],[13.75671,44.92115],[13.75559,44.92086],[13.75677,44.92113],[13.75839,44.9204],[13.76165,44.92068],[13.76903,44.91741],[13.76805,44.91654],[13.76978,44.91707],[13.77385,44.91527],[13.77661,44.91252],[13.77335,44.91045],[13.7785,44.91001],[13.77955,44.90501],[13.77907,44.90437],[13.77294,44.90747],[13.77289,44.90438],[13.76752,44.90197],[13.76534,44.90186],[13.76529,44.90682],[13.75756,44.90575],[13.75859,44.89874],[13.75807,44.89407],[13.75758,44.89305],[13.75458,44.89346],[13.75449,44.88875],[13.75385,44.88829],[13.75124,44.88778]]],[[[13.79773,44.8946],[13.80902,44.89884],[13.81064,44.90578],[13.82321,44.90546],[13.8297,44.90113],[13.83575,44.9145],[13.83974,44.90572],[13.85538,44.90637],[13.8568,44.90977],[13.87413,44.90879],[13.87473,44.90008],[13.8835,44.90151],[13.88261,44.90425],[13.88959,44.90269],[13.88584,44.89716],[13.89265,44.89068],[13.88904,44.88978],[13.88693,44.88149],[13.90462,44.87972],[13.89943,44.86759],[13.91682,44.86413],[13.91415,44.85762],[13.90642,44.85317],[13.90386,44.84229],[13.89561,44.83589],[13.88357,44.83716],[13.88123,44.84098],[13.88363,44.84299],[13.86973,44.84879],[13.85292,44.84716],[13.85323,44.84156],[13.84569,44.84137],[13.84535,44.84016],[13.84257,44.84027],[13.84257,44.84056],[13.84913,44.84715],[13.8423,44.85464],[13.83139,44.85273],[13.83021,44.85302],[13.83006,44.85384],[13.82651,44.85393],[13.82505,44.85429],[13.8267,44.85784],[13.82244,44.8566],[13.8185,44.8608],[13.81492,44.86026],[13.81695,44.85628],[13.81568,44.85659],[13.81181,44.85848],[13.81402,44.85974],[13.81211,44.8617],[13.80868,44.86001],[13.80687,44.86089],[13.80687,44.8613],[13.80614,44.86125],[13.79933,44.86457],[13.79592,44.8675],[13.79284,44.87271],[13.79488,44.87647],[13.79764,44.87453],[13.79939,44.8763],[13.80486,44.87059],[13.80715,44.87014],[13.80719,44.86938],[13.81777,44.86533],[13.81557,44.86438],[13.8257,44.86396],[13.82779,44.86654],[13.82865,44.86329],[13.83193,44.86385],[13.84204,44.86785],[13.84095,44.87113],[13.83373,44.87201],[13.83517,44.87487],[13.83896,44.87558],[13.84136,44.87129],[13.8478,44.8734],[13.84582,44.8781],[13.84844,44.88527],[13.84036,44.88478],[13.8423,44.88813],[13.81528,44.88353],[13.80501,44.88538],[13.80606,44.89314],[13.79862,44.89123],[13.79663,44.89308],[13.79773,44.8946]]],[[[13.75015,44.91305],[13.75011,44.91303],[13.7501,44.91305],[13.75015,44.91305]]],[[[13.79806,44.89976],[13.79631,44.89974],[13.79695,44.90178],[13.79985,44.9026],[13.79806,44.89976]]]]}},{"type":"Feature","properties":{"id":"HRV:ADM2:41942358B74644549803644","name":"Grad Orahovica","countryCode":"HRV","adminLevel":2,"sourceCode":"41942358B74644549803644","parentId":"HRV:ADM1:HRV-1606"},"geometry":{"type":"Polygon","coordinates":[[[17.97767,45.55073],[17.95842,45.55373],[17.95496,45.56025],[17.92506,45.55626],[17.92408,45.56096],[17.90985,45.57098],[17.91798,45.57636],[17.89587,45.58823],[17.89051,45.5804],[17.88392,45.58194],[17.88278,45.5735],[17.87896,45.5701],[17.87956,45.55878],[17.87476,45.56406],[17.86132,45.55517],[17.86037,45.55104],[17.82186,45.55672],[17.81405,45.55355],[17.81158,45.55661],[17.80069,45.55784],[17.79819,45.54893],[17.77719,45.54851],[17.77343,45.54467],[17.77532,45.54178],[17.75901,45.53676],[17.74927,45.52854],[17.75288,45.51615],[17.72644,45.50953],[17.72796,45.50261],[17.74006,45.50346],[17.76728,45.49837],[17.78543,45.49201],[17.79821,45.48334],[17.77876,45.47445],[17.79464,45.4763],[17.83017,45.47256],[17.83968,45.48337],[17.8535,45.48868],[17.87123,45.48443],[17.87217,45.47832],[17.88563,45.4739],[17.89306,45.48401],[17.94063,45.49983],[17.94947,45.51683],[17.95523,45.52056],[17.95411,45.52764],[17.9461,45.53218],[17.95965,45.53504],[17.96702,45.54798],[17.97823,45.54825],[17.97767,45.55073]]]}},{"type":"Feature","properties":{"id":"HRV:ADM2:41942358B74696294231319","name":"Grad Čabar","countryCode":"HRV","adminLevel":2,"sourceCode":"41942358B74696294231319","parentId":"HRV:ADM1:HRV-1586"},"geometry":{"type":"Polygon","coordinates":[[[14.5533,45.46924],[14.57602,45.44574],[14.58096,45.4341],[14.60401,45.4302],[14.62146,45.43141],[14.644,45.43942],[14.66701,45.44147],[14.69928,45.45134],[14.71201,45.4507],[14.71067,45.45447],[14.70022,45.45706],[14.69825,45.46368],[14.70314,45.46844],[14.68529,45.47596],[14.68945,45.48989],[14.70153,45.49805],[14.69946,45.50368],[14.70347,45.51102],[14.70011,45.52544],[14.69058,45.52662],[14.68504,45.53506],[14.68855,45.53961],[14.68737,45.5456],[14.69095,45.54875],[14.6899,45.55494],[14.69529,45.55564],[14.70027,45.56287],[14.69681,45.56998],[14.69379,45.5711],[14.69032,45.58068],[14.67765,45.58955],[14.65116,45.5919],[14.64143,45.60287],[14.63081,45.60466],[14.62732,45.61422],[14.61296,45.61677],[14.59573,45.62708],[14.60194,45.6341],[14.60134,45.64367],[14.60971,45.65868],[14.60666,45.65955],[14.60601,45.66587],[14.59894,45.66634],[14.59704,45.66954],[14.58336,45.66466],[14.57845,45.66531],[14.5787,45.66978],[14.57684,45.66823],[14.57511,45.67206],[14.57001,45.67294],[14.56333,45.64714],[14.53502,45.61391],[14.51436,45.60712],[14.50134,45.60783],[14.50729,45.58919],[14.49907,45.57567],[14.5008,45.56837],[14.49787,45.56482],[14.49783,45.55176],[14.50055,45.5494],[14.47603,45.52114],[14.52873,45.48854],[14.5533,45.46924]]]}},{"type":"Feature","properties":{"id":"HRV:ADM2:41942358B74774850995686","name":"Općina Bedenica","countryCode":"HRV","adminLevel":2,"sourceCode":"41942358B74774850995686","parentId":"HRV:ADM1:HRV-1588"},"geometry":{"type":"Polygon","coordinates":[[[16.23275,46.06155],[16.22595,46.06085],[16.22073,46.05305],[16.21102,46.04703],[16.20757,46.04332],[16.20761,46.03637],[16.22161,46.02707],[16.2211,46.02351],[16.22496,46.02081],[16.23526,46.02224],[16.24418,46.01508],[16.24243,46.01321],[16.25536,46.00641],[16.25736,46.01371],[16.25447,46.01526],[16.25745,46.01821],[16.26513,46.01583],[16.27551,46.02136],[16.27693,46.04483],[16.26653,46.04355],[16.26071,46.04686],[16.26028,46.05882],[16.25199,46.0695],[16.23872,46.06103],[16.23275,46.06155]]]}},{"type":"Feature","properties":{"id":"HRV:ADM2:41942358B7490239387637","name":"Grad Metković","countryCode":"HRV","adminLevel":2,"sourceCode":"41942358B7490239387637","parentId":"HRV:ADM1:HRV-1490"},"geometry":{"type":"Polygon","coordinates":[[[17.61413,43.02112],[17.62165,43.02185],[17.63128,43.0166],[17.64589,43.02159],[17.68815,43.00726],[17.68367,43.01914],[17.66877,43.03827],[17.64466,43.08313],[17.6388,43.08906],[17.57421,43.12076],[17.57705,43.11881],[17.57186,43.10844],[17.58087,43.08945],[17.58184,43.07521],[17.59495,43.06121],[17.59368,43.05505],[17.60458,43.0462],[17.60351,43.04221],[17.61146,43.03256],[17.60508,43.0271],[17.61413,43.02112]]]}},{"type":"Feature","properties":{"id":"HRV:ADM2:41942358B75304789353600","name":"Općina Šestanovac","countryCode":"HRV","adminLevel":2,"sourceCode":"41942358B75304789353600","parentId":"HRV:ADM1:HRV-1492"},"geometry":{"type":"Polygon","coordinates":[[[16.94684,43.49982],[16.86564,43.51146],[16.84256,43.51818],[16.83994,43.49702],[16.85291,43.48009],[16.85037,43.4622],[16.87414,43.46158],[16.87397,43.45117],[16.89147,43.44354],[16.92734,43.44631],[16.93276,43.43528],[16.94549,43.42476],[16.95362,43.39307],[16.96521,43.38999],[16.98155,43.37868],[16.98538,43.38072],[16.98465,43.39663],[16.99645,43.4144],[17.00177,43.41415],[17.00993,43.42057],[17.02091,43.43472],[17.02512,43.44638],[17.02211,43.45223],[17.02469,43.46077],[17.01997,43.46183],[17.0149,43.4541],[17.00739,43.45086],[16.98795,43.45242],[16.98023,43.45803],[16.97431,43.47042],[16.95186,43.48459],[16.95006,43.4864],[16.95246,43.48883],[16.94186,43.49263],[16.94684,43.49982]]]}},{"type":"Feature","properties":{"id":"HRV:ADM2:41942358B7564696870619","name":"Općina Dicmo","countryCode":"HRV","adminLevel":2,"sourceCode":"41942358B7564696870619","parentId":"HRV:ADM1:HRV-1492"},"geometry":{"type":"Polygon","coordinates":[[[16.65049,43.62641],[16.63185,43.62734],[16.62785,43.64403],[16.64315,43.65611],[16.60051,43.67883],[16.57529,43.6822],[16.55548,43.67223],[16.52634,43.6473],[16.52531,43.64319],[16.52747,43.63747],[16.52493,43.63129],[16.53209,43.62358],[16.55657,43.62467],[16.566,43.61969],[16.57474,43.60858],[16.58218,43.61323],[16.60041,43.60657],[16.61709,43.60577],[16.62167,43.59911],[16.62379,43.58668],[16.63439,43.58254],[16.63817,43.5826],[16.64763,43.59161],[16.65792,43.58909],[16.67521,43.60289],[16.67051,43.60899],[16.658,43.615],[16.65049,43.62641]]]}},{"type":"Feature","properties":{"id":"HRV:ADM2:41942358B75757991070582","name":"Općina Bistra","countryCode":"HRV","adminLevel":2,"sourceCode":"41942358B75757991070582","parentId":"HRV:ADM1:HRV-1589"},"geometry":{"type":"Polygon","coordinates":[[[15.95463,45.90384],[15.9528,45.92865],[15.94202,45.92192],[15.93421,45.92686],[15.92588,45.9255],[15.90508,45.93124],[15.87095,45.92867],[15.85815,45.92328],[15.84723,45.92358],[15.84652,45.9203],[15.8227,45.9253],[15.81051,45.90774],[15.82164,45.88971],[15.81852,45.87842],[15.85756,45.88372],[15.87001,45.87624],[15.87744,45.86531],[15.88314,45.86349],[15.88567,45.87025],[15.90339,45.88758],[15.91774,45.89287],[15.93715,45.89317],[15.95463,45.90384]]]}},{"type":"Feature","properties":{"id":"HRV:ADM2:41942358B75991316092026","name":"Grad Zabok","countryCode":"HRV","adminLevel":2,"sourceCode":"41942358B75991316092026","parentId":"HRV:ADM1:HRV-1582"},"geometry":{"type":"Polygon","coordinates":[[[15.95193,46.01205],[15.97282,46.02376],[15.96816,46.02668],[15.97421,46.02718],[15.96277,46.042],[15.95532,46.04517],[15.94463,46.04413],[15.94804,46.04199],[15.94744,46.0366],[15.94249,46.03107],[15.93761,46.03497],[15.94133,46.04136],[15.93791,46.0467],[15.92957,46.04582],[15.92075,46.03847],[15.91467,46.04813],[15.9064,46.04622],[15.89917,46.05304],[15.88208,46.04208],[15.88026,46.0438],[15.88682,46.06569],[15.87941,46.06846],[15.8717,46.06051],[15.87361,46.05052],[15.86429,46.04268],[15.85602,46.04531],[15.8536,46.04128],[15.86041,45.99777],[15.8853,46.01143],[15.90237,46.01093],[15.92819,46.01854],[15.93533,46.01146],[15.95193,46.01205]]]}},{"type":"Feature","properties":{"id":"HRV:ADM2:41942358B76274053108570","name":"Općina Erdut","countryCode":"HRV","adminLevel":2,"sourceCode":"41942358B76274053108570","parentId":"HRV:ADM1:HRV-1603"},"geometry":{"type":"Polygon","coordinates":[[[18.85927,45.55086],[18.85799,45.54781],[18.8638,45.54034],[18.86015,45.53489],[18.86317,45.53113],[18.85418,45.51976],[18.84983,45.52018],[18.84892,45.5163],[18.84058,45.5189],[18.81806,45.51395],[18.7984,45.50481],[18.83161,45.47887],[18.88624,45.48571],[18.90751,45.47395],[18.91666,45.47226],[18.91406,45.46549],[18.92444,45.46173],[18.91868,45.45656],[18.93671,45.45136],[18.94099,45.44747],[18.93933,45.4423],[18.94461,45.44218],[18.94601,45.43238],[18.95082,45.43073],[18.97886,45.43731],[18.98405,45.43239],[18.99044,45.43173],[19.00155,45.43201],[19.00476,45.435],[18.99345,45.44261],[18.98867,45.45265],[18.9921,45.48079],[19.00017,45.49382],[19.00597,45.49715],[19.0436,45.48512],[19.08248,45.48784],[19.09178,45.49238],[19.10011,45.50191],[19.10152,45.50969],[19.09581,45.51918],[19.0665,45.53129],[19.03385,45.53454],[19.02641,45.55293],[19.01667,45.55755],[19.00445,45.55685],[18.99515,45.54347],[18.98222,45.53659],[18.94627,45.53432],[18.92707,45.54384],[18.89321,45.54649],[18.87254,45.55274],[18.85927,45.55086]]]}},{"type":"Feature","properties":{"id":"HRV:ADM2:41942358B76380389567485","name":"Općina Kaptol","countryCode":"HRV","adminLevel":2,"sourceCode":"41942358B76380389567485","parentId":"HRV:ADM1:HRV-1604"},"geometry":{"type":"Polygon","coordinates":[[[17.72032,45.38471],[17.73734,45.38707],[17.73627,45.39514],[17.74281,45.39503],[17.7418,45.39966],[17.74944,45.39809],[17.76002,45.40146],[17.75648,45.41388],[17.77639,45.42629],[17.79304,45.45279],[17.79253,45.45664],[17.77571,45.4706],[17.79821,45.48334],[17.78543,45.49201],[17.76728,45.49837],[17.74006,45.50346],[17.72796,45.50261],[17.72433,45.49922],[17.71223,45.49964],[17.70537,45.50341],[17.70859,45.49732],[17.69623,45.48354],[17.68653,45.48589],[17.68666,45.44872],[17.68257,45.44008],[17.68644,45.43636],[17.68481,45.42288],[17.68754,45.42281],[17.68421,45.40606],[17.6899,45.40608],[17.68683,45.39993],[17.68752,45.3915],[17.72118,45.39119],[17.72032,45.38471]]]}},{"type":"Feature","properties":{"id":"HRV:ADM2:41942358B76587563718344","name":"Općina Svetvinčenat","countryCode":"HRV","adminLevel":2,"sourceCode":"41942358B76587563718344","parentId":"HRV:ADM1:HRV-1592"},"geometry":{"type":"Polygon","coordinates":[[[13.82337,45.09002],[13.8365,45.08542],[13.85769,45.05658],[13.8495,45.04457],[13.82675,45.0271],[13.81781,45.02389],[13.81543,45.01878],[13.82369,45.01917],[13.82593,45.01497],[13.83073,45.01676],[13.84027,45.0131],[13.84807,45.01386],[13.84807,45.0004],[13.85519,44.99353],[13.88186,44.99186],[13.88614,44.99591],[13.88964,44.99526],[13.90266,45.00846],[13.92688,45.0206],[13.92943,45.02841],[13.92295,45.04193],[13.93455,45.07612],[13.93552,45.08978],[13.91379,45.10229],[13.86329,45.10942],[13.83705,45.09955],[13.82337,45.09002]]]}},{"type":"Feature","properties":{"id":"HRV:ADM2:41942358B76706993584634","name":"Općina Kistanje","countryCode":"HRV","adminLevel":2,"sourceCode":"41942358B76706993584634","parentId":"HRV:ADM1:HRV-1493"},"geometry":{"type":"Polygon","coordinates":[[[15.8771,44.10851],[15.86006,44.10023],[15.84974,44.10213],[15.84133,44.09816],[15.83677,44.09316],[15.83389,44.08006],[15.82765,44.07609],[15.82213,44.07557],[15.80989,44.08437],[15.80629,44.07971],[15.80029,44.08109],[15.79476,44.08816],[15.78492,44.0804],[15.81373,44.06609],[15.83437,44.06298],[15.85358,44.04797],[15.85382,44.04176],[15.84686,44.03072],[15.82957,44.01812],[15.82957,44.01397],[15.83869,44.00413],[15.83869,43.99861],[15.82237,43.98859],[15.79764,43.98306],[15.7938,43.97322],[15.80557,43.95991],[15.81733,43.95628],[15.82213,43.9492],[15.83886,43.94616],[15.8501,43.93372],[15.87304,43.92913],[15.88436,43.916],[15.89132,43.9133],[15.92958,43.92911],[15.94859,43.94135],[15.97126,43.94384],[15.98908,43.935],[15.99279,43.94747],[15.99859,43.95439],[15.9929,43.95859],[15.99195,43.96593],[16.0018,43.97311],[16.01701,43.97279],[16.02815,43.97912],[16.01594,43.99088],[16.01772,44.00087],[16.02847,44.00485],[16.02418,44.0137],[16.02582,44.016],[16.03767,44.00949],[16.04472,44.01597],[16.03678,44.03417],[16.01704,44.04935],[15.99489,44.06021],[15.98785,44.04947],[15.97326,44.04664],[15.95086,44.07797],[15.93704,44.08419],[15.91721,44.07969],[15.8771,44.10851]]]}},{"type":"Feature","properties":{"id":"HRV:ADM2:41942358B76735856838344","name":"Grad Nin","countryCode":"HRV","adminLevel":2,"sourceCode":"41942358B76735856838344","parentId":"HRV:ADM1:HRV-1493"},"geometry":{"type":"Polygon","coordinates":[[[15.17749,44.25005],[15.17907,44.24703],[15.17138,44.25098],[15.17993,44.24578],[15.17647,44.24372],[15.18313,44.23981],[15.18588,44.23872],[15.18297,44.23999],[15.18728,44.24234],[15.18204,44.24124],[15.18102,44.24385],[15.18453,44.24624],[15.18783,44.24261],[15.1897,44.24715],[15.18017,44.24806],[15.18371,44.24858],[15.20122,44.24684],[15.20557,44.24928],[15.21508,44.24472],[15.21441,44.24087],[15.24433,44.23588],[15.24295,44.22977],[15.24654,44.21985],[15.24118,44.22272],[15.23912,44.21989],[15.24885,44.21644],[15.24624,44.21344],[15.25267,44.20852],[15.25185,44.21204],[15.25511,44.21328],[15.26294,44.20801],[15.26078,44.20553],[15.27075,44.20094],[15.27846,44.2101],[15.2906,44.20827],[15.31387,44.22088],[15.33181,44.21768],[15.2739,44.18574],[15.2534,44.1871],[15.2305,44.17911],[15.2142,44.16715],[15.20753,44.18412],[15.20456,44.20885],[15.18847,44.20223],[15.16918,44.20171],[15.16016,44.20459],[15.15912,44.21176],[15.16041,44.2132],[15.15926,44.2163],[15.16308,44.21902],[15.16704,44.2155],[15.16318,44.22011],[15.16796,44.22751],[15.1524,44.23473],[15.15219,44.2353],[15.14965,44.23767],[15.16185,44.24644],[15.16286,44.25086],[15.1587,44.25338],[15.16509,44.25943],[15.17309,44.25337],[15.17661,44.24994],[15.1773,44.25019],[15.17749,44.25005]]]}},{"type":"Feature","properties":{"id":"HRV:ADM2:41942358B76785528726296","name":"Općina Martinska Ves","countryCode":"HRV","adminLevel":2,"sourceCode":"41942358B76785528726296","parentId":"HRV:ADM1:HRV-1587"},"geometry":{"type":"Polygon","coordinates":[[[16.46283,45.56737],[16.46134,45.56901],[16.46757,45.57864],[16.45123,45.58603],[16.45328,45.58782],[16.44946,45.59292],[16.44466,45.59332],[16.44381,45.59904],[16.42864,45.59775],[16.42619,45.60505],[16.41603,45.60122],[16.40958,45.60294],[16.40801,45.61428],[16.39868,45.61848],[16.39838,45.62131],[16.39219,45.62192],[16.39101,45.62942],[16.38038,45.62632],[16.36963,45.62691],[16.36264,45.63069],[16.33439,45.62137],[16.34532,45.64406],[16.34072,45.64706],[16.31145,45.64124],[16.30189,45.63458],[16.30431,45.6309],[16.28949,45.61323],[16.2791,45.61865],[16.26819,45.61334],[16.27415,45.60593],[16.27993,45.60535],[16.27882,45.59971],[16.29222,45.59689],[16.2884,45.59081],[16.29527,45.5901],[16.29654,45.58715],[16.29259,45.58471],[16.30151,45.58115],[16.29738,45.57591],[16.31012,45.56662],[16.31581,45.5664],[16.32236,45.57406],[16.32806,45.57036],[16.33273,45.57323],[16.33822,45.57096],[16.33609,45.56701],[16.33153,45.5689],[16.32931,45.56649],[16.34558,45.561],[16.33858,45.5547],[16.3461,45.54969],[16.34067,45.5381],[16.34203,45.53176],[16.35653,45.52591],[16.35289,45.52204],[16.36026,45.51315],[16.36494,45.51607],[16.37367,45.50975],[16.39387,45.50449],[16.4093,45.50703],[16.40925,45.50244],[16.39524,45.49769],[16.39981,45.49219],[16.41291,45.493],[16.41531,45.50836],[16.42526,45.51916],[16.4013,45.51674],[16.39861,45.52015],[16.40186,45.52707],[16.4071,45.53061],[16.42354,45.53104],[16.42183,45.53573],[16.42911,45.53733],[16.43196,45.52928],[16.44987,45.53239],[16.45367,45.54595],[16.45235,45.5538],[16.4679,45.56192],[16.46035,45.56481],[16.46283,45.56737]]]}},{"type":"Feature","properties":{"id":"HRV:ADM2:41942358B76804398741212","name":"Općina Lastovo","countryCode":"HRV","adminLevel":2,"sourceCode":"41942358B76804398741212","parentId":"HRV:ADM1:HRV-1490"},"geometry":{"type":"MultiPolygon","coordinates":[[[[16.87955,42.73746],[16.87478,42.7375],[16.87403,42.73762],[16.85816,42.74299],[16.84767,42.73359],[16.83617,42.73131],[16.83504,42.73376],[16.83227,42.73172],[16.82152,42.7358],[16.81973,42.73792],[16.82226,42.74072],[16.82017,42.7431],[16.81464,42.7438],[16.81265,42.74628],[16.8134,42.74829],[16.82481,42.74451],[16.8273,42.74985],[16.82307,42.754],[16.8228,42.75771],[16.82407,42.76407],[16.82231,42.76585],[16.83946,42.77177],[16.83662,42.77514],[16.83212,42.77455],[16.8345,42.77704],[16.8464,42.7749],[16.84641,42.7677],[16.85451,42.77392],[16.85515,42.77804],[16.86601,42.77606],[16.86891,42.77104],[16.87278,42.77416],[16.87553,42.77189],[16.87979,42.77652],[16.88013,42.77026],[16.90719,42.77433],[16.90813,42.77061],[16.91645,42.76951],[16.92408,42.77365],[16.92837,42.76903],[16.93413,42.76965],[16.93625,42.75632],[16.93431,42.7547],[16.93514,42.75403],[16.93136,42.74948],[16.92864,42.74784],[16.9275,42.74483],[16.92465,42.7414],[16.90545,42.73176],[16.88874,42.72983],[16.89216,42.73165],[16.88852,42.73693],[16.88613,42.73647],[16.88565,42.73017],[16.88419,42.7313],[16.88217,42.7364],[16.8792,42.73684],[16.87955,42.73746]]],[[[16.81772,42.77656],[16.81942,42.77288],[16.82622,42.77626],[16.82234,42.77012],[16.82942,42.77287],[16.8318,42.76982],[16.82127,42.76691],[16.81886,42.76935],[16.8105,42.76393],[16.80891,42.76349],[16.80299,42.76349],[16.80951,42.77415],[16.81772,42.77656]]],[[[16.87704,42.77513],[16.8737,42.77422],[16.87552,42.7752],[16.87704,42.77513]]],[[[16.49056,42.74931],[16.48746,42.74965],[16.48733,42.74985],[16.48877,42.75258],[16.48902,42.75267],[16.49187,42.75723],[16.49464,42.7593],[16.49606,42.76101],[16.49884,42.76204],[16.50452,42.76959],[16.50693,42.77159],[16.51435,42.77279],[16.52053,42.77206],[16.52638,42.76789],[16.53419,42.76288],[16.53237,42.76165],[16.52523,42.75841],[16.50831,42.76391],[16.50766,42.75883],[16.50137,42.75974],[16.49873,42.75466],[16.49246,42.75402],[16.49469,42.74991],[16.49461,42.74959],[16.49056,42.74931]]]]}},{"type":"Feature","properties":{"id":"HRV:ADM2:41942358B76805174440442","name":"Općina Hraščina","countryCode":"HRV","adminLevel":2,"sourceCode":"41942358B76805174440442","parentId":"HRV:ADM1:HRV-1582"},"geometry":{"type":"Polygon","coordinates":[[[16.25624,46.14237],[16.24439,46.14525],[16.23004,46.14122],[16.20987,46.12839],[16.20018,46.11356],[16.19924,46.10234],[16.2044,46.09227],[16.206,46.07942],[16.19335,46.06549],[16.207,46.06721],[16.21608,46.06236],[16.22925,46.06474],[16.23872,46.06103],[16.25199,46.0695],[16.24928,46.07518],[16.25277,46.0805],[16.2488,46.08683],[16.2356,46.08701],[16.23958,46.10688],[16.24507,46.10791],[16.23834,46.1169],[16.24085,46.12882],[16.24509,46.1311],[16.24294,46.13391],[16.24583,46.13748],[16.25624,46.14237]]]}},{"type":"Feature","properties":{"id":"HRV:ADM2:41942358B76897538444614","name":"Općina Muć","countryCode":"HRV","adminLevel":2,"sourceCode":"41942358B76897538444614","parentId":"HRV:ADM1:HRV-1492"},"geometry":{"type":"Polygon","coordinates":[[[16.33463,43.69289],[16.36953,43.7008],[16.36657,43.69825],[16.37307,43.69112],[16.39696,43.68595],[16.43558,43.67164],[16.44677,43.66343],[16.44827,43.64536],[16.45407,43.64262],[16.44985,43.63503],[16.48087,43.64067],[16.48389,43.64686],[16.49212,43.64912],[16.50129,43.65839],[16.5064,43.65891],[16.51681,43.64646],[16.52531,43.64319],[16.52634,43.6473],[16.55548,43.67223],[16.57529,43.6822],[16.56961,43.68991],[16.57365,43.69698],[16.55691,43.71172],[16.55665,43.72161],[16.5364,43.73571],[16.54279,43.74286],[16.51728,43.756],[16.50377,43.77157],[16.50151,43.78202],[16.49514,43.78663],[16.45807,43.79888],[16.43942,43.8138],[16.41974,43.80838],[16.38701,43.78576],[16.37971,43.78585],[16.37604,43.78144],[16.33896,43.76811],[16.35341,43.75877],[16.36071,43.75011],[16.3497,43.74776],[16.33517,43.73225],[16.34677,43.72314],[16.35298,43.71314],[16.33463,43.69289]]]}},{"type":"Feature","properties":{"id":"HRV:ADM2:41942358B76899821887034","name":"Grad Osijek","countryCode":"HRV","adminLevel":2,"sourceCode":"41942358B76899821887034","parentId":"HRV:ADM1:HRV-1603"},"geometry":{"type":"Polygon","coordinates":[[[18.70761,45.57388],[18.69798,45.57341],[18.69796,45.5796],[18.69052,45.57668],[18.68516,45.58051],[18.67579,45.57585],[18.65692,45.57708],[18.64842,45.57361],[18.62618,45.58121],[18.60654,45.59634],[18.60127,45.5863],[18.58167,45.58536],[18.57531,45.5963],[18.55701,45.58546],[18.56279,45.58475],[18.55673,45.56425],[18.56268,45.55087],[18.57127,45.55302],[18.57574,45.54486],[18.57844,45.54482],[18.58541,45.55059],[18.58494,45.54637],[18.59572,45.54388],[18.59805,45.53811],[18.61897,45.53547],[18.62176,45.52909],[18.61941,45.52868],[18.62179,45.50967],[18.69143,45.51786],[18.697,45.5213],[18.72574,45.49375],[18.71533,45.48841],[18.7531,45.45544],[18.75088,45.45431],[18.76041,45.44486],[18.78632,45.44677],[18.80258,45.46407],[18.81646,45.45787],[18.83536,45.4683],[18.84293,45.46432],[18.85189,45.47557],[18.84834,45.48165],[18.83161,45.47887],[18.82859,45.48236],[18.8261,45.48113],[18.7984,45.50481],[18.81806,45.51395],[18.84058,45.5189],[18.84892,45.5163],[18.84983,45.52018],[18.85418,45.51976],[18.86317,45.53113],[18.86015,45.53489],[18.8638,45.54034],[18.85799,45.54781],[18.85927,45.55086],[18.83879,45.54948],[18.83508,45.55887],[18.82072,45.55029],[18.81298,45.5517],[18.76776,45.54253],[18.76007,45.54615],[18.75033,45.55834],[18.73547,45.56319],[18.73656,45.56888],[18.72531,45.56966],[18.7273,45.57574],[18.70761,45.57388]]]}},{"type":"Feature","properties":{"id":"HRV:ADM2:41942358B77185317172164","name":"Općina Lovreć","countryCode":"HRV","adminLevel":2,"sourceCode":"41942358B77185317172164","parentId":"HRV:ADM1:HRV-1492"},"geometry":{"type":"Polygon","coordinates":[[[17.02898,43.5643],[16.98806,43.54668],[16.99016,43.545],[16.98703,43.54597],[16.98624,43.52578],[16.95068,43.5038],[16.95027,43.49948],[16.94684,43.49982],[16.94186,43.49263],[16.95246,43.48883],[16.95006,43.4864],[16.95186,43.48459],[16.97431,43.47042],[16.98023,43.45803],[16.98795,43.45242],[17.00739,43.45086],[17.0149,43.4541],[17.01997,43.46183],[17.02469,43.46077],[17.02211,43.45223],[17.02512,43.44638],[17.02091,43.43472],[17.08657,43.41256],[17.09833,43.41209],[17.10219,43.43279],[17.09346,43.4348],[17.05009,43.46999],[17.04821,43.47908],[17.04147,43.48687],[17.04559,43.48986],[17.03782,43.49988],[17.06872,43.50922],[17.0725,43.51719],[17.08378,43.52674],[17.08516,43.53704],[17.08243,43.54301],[17.02898,43.5643]]]}},{"type":"Feature","properties":{"id":"HRV:ADM2:41942358B77437021683980","name":"Općina Rasinja","countryCode":"HRV","adminLevel":2,"sourceCode":"41942358B77437021683980","parentId":"HRV:ADM1:HRV-1608"},"geometry":{"type":"Polygon","coordinates":[[[16.80121,46.24776],[16.80271,46.24536],[16.79977,46.24401],[16.79355,46.24475],[16.78067,46.25206],[16.78121,46.25505],[16.7574,46.25732],[16.7469,46.24893],[16.7356,46.2491],[16.72896,46.24469],[16.72924,46.23914],[16.7165,46.22803],[16.70396,46.22672],[16.69574,46.21367],[16.68605,46.21271],[16.68411,46.20524],[16.67636,46.2016],[16.65531,46.20505],[16.64452,46.19872],[16.61905,46.19853],[16.60105,46.19987],[16.58804,46.20447],[16.55892,46.19058],[16.55175,46.18398],[16.54111,46.18179],[16.58547,46.16448],[16.59281,46.15805],[16.58989,46.15386],[16.59213,46.14909],[16.61399,46.13738],[16.66326,46.1507],[16.67278,46.14648],[16.70102,46.16277],[16.70943,46.15956],[16.7181,46.17074],[16.74308,46.17008],[16.75308,46.2117],[16.75977,46.21744],[16.76256,46.22468],[16.80058,46.23388],[16.80801,46.24588],[16.80121,46.24776]]]}},{"type":"Feature","properties":{"id":"HRV:ADM2:41942358B77992012766050","name":"Općina Koprivnički Ivanec","countryCode":"HRV","adminLevel":2,"sourceCode":"41942358B77992012766050","parentId":"HRV:ADM1:HRV-1608"},"geometry":{"type":"Polygon","coordinates":[[[16.85127,46.23452],[16.81973,46.23539],[16.8211,46.23828],[16.81747,46.24101],[16.81271,46.23466],[16.80769,46.2366],[16.80505,46.23394],[16.79501,46.23442],[16.76256,46.22468],[16.75977,46.21744],[16.75308,46.2117],[16.74964,46.19724],[16.79188,46.18488],[16.79152,46.18022],[16.79577,46.17926],[16.79973,46.19534],[16.80393,46.19789],[16.81054,46.19522],[16.80627,46.19203],[16.82397,46.18808],[16.83208,46.19036],[16.83011,46.19522],[16.84818,46.1962],[16.8476,46.2199],[16.85127,46.23452]]]}},{"type":"Feature","properties":{"id":"HRV:ADM2:41942358B78317909042404","name":"Općina Primošten","countryCode":"HRV","adminLevel":2,"sourceCode":"41942358B78317909042404","parentId":"HRV:ADM1:HRV-1491"},"geometry":{"type":"Polygon","coordinates":[[[15.92252,43.62893],[15.97788,43.62315],[16.05603,43.60593],[16.04595,43.59427],[16.05687,43.57117],[16.05348,43.57103],[16.04602,43.56814],[16.04082,43.57253],[16.01561,43.57749],[15.99683,43.56947],[15.97685,43.56804],[15.96736,43.57106],[15.95822,43.56513],[15.94335,43.56425],[15.94418,43.56672],[15.94086,43.56907],[15.94345,43.57013],[15.94093,43.57147],[15.93949,43.57005],[15.93539,43.57294],[15.91798,43.5729],[15.91798,43.5745],[15.9284,43.57685],[15.93318,43.58647],[15.9313,43.58616],[15.93214,43.58658],[15.92344,43.59128],[15.92622,43.597],[15.9238,43.59828],[15.9253,43.59956],[15.91986,43.60464],[15.91927,43.60736],[15.92588,43.60833],[15.92401,43.61106],[15.92722,43.6123],[15.92526,43.6138],[15.9253,43.61384],[15.92115,43.62359],[15.92241,43.62366],[15.92088,43.62422],[15.91896,43.62873],[15.92103,43.62981],[15.92252,43.62893]]]}},{"type":"Feature","properties":{"id":"HRV:ADM2:41942358B78631541677282","name":"Općina Klinča Sela","countryCode":"HRV","adminLevel":2,"sourceCode":"41942358B78631541677282","parentId":"HRV:ADM1:HRV-1588"},"geometry":{"type":"Polygon","coordinates":[[[15.77739,45.69161],[15.76138,45.68743],[15.75797,45.69148],[15.76082,45.6972],[15.75175,45.69803],[15.75147,45.70383],[15.74318,45.70259],[15.73484,45.70589],[15.73823,45.73182],[15.73461,45.73141],[15.7262,45.74074],[15.69068,45.75013],[15.67273,45.7437],[15.67435,45.73653],[15.69181,45.73763],[15.7072,45.7188],[15.71479,45.70202],[15.71257,45.69436],[15.71861,45.6893],[15.72085,45.67677],[15.72715,45.66992],[15.72818,45.66106],[15.72155,45.65179],[15.72398,45.64885],[15.71555,45.64216],[15.71352,45.62435],[15.7238,45.62339],[15.7352,45.63517],[15.74153,45.63346],[15.74412,45.62031],[15.73863,45.6158],[15.75393,45.60578],[15.75754,45.59849],[15.762,45.59806],[15.7723,45.60799],[15.79102,45.61695],[15.80366,45.63321],[15.81405,45.63938],[15.81831,45.63848],[15.82883,45.64813],[15.82825,45.67064],[15.81675,45.67062],[15.81238,45.67891],[15.79219,45.6832],[15.77739,45.69161]]]}},{"type":"Feature","properties":{"id":"HRV:ADM2:41942358B78751219662143","name":"Općina Tar-Vabriga","countryCode":"HRV","adminLevel":2,"sourceCode":"41942358B78751219662143","parentId":"HRV:ADM1:HRV-1592"},"geometry":{"type":"Polygon","coordinates":[[[13.59019,45.29752],[13.58702,45.30197],[13.59128,45.30589],[13.61449,45.31381],[13.60121,45.31513],[13.60955,45.32014],[13.60611,45.32139],[13.62153,45.32818],[13.64231,45.33251],[13.64479,45.32744],[13.64131,45.32335],[13.64374,45.30585],[13.64759,45.29651],[13.65647,45.29184],[13.65428,45.28177],[13.66106,45.2772],[13.6652,45.26843],[13.65656,45.26998],[13.65414,45.26697],[13.61664,45.27507],[13.60393,45.27456],[13.6062,45.27682],[13.598,45.27912],[13.60271,45.27912],[13.60271,45.28535],[13.60168,45.2857],[13.60168,45.2857],[13.60168,45.2857],[13.59254,45.2888],[13.58465,45.2932],[13.57895,45.29902],[13.57857,45.29981],[13.59019,45.29752]]]}},{"type":"Feature","properties":{"id":"HRV:ADM2:41942358B78830626604095","name":"Općina Brckovljani","countryCode":"HRV","adminLevel":2,"sourceCode":"41942358B78830626604095","parentId":"HRV:ADM1:HRV-1588"},"geometry":{"type":"Polygon","coordinates":[[[16.2406,45.83642],[16.25093,45.83402],[16.26074,45.81706],[16.26619,45.81528],[16.27496,45.81909],[16.27269,45.82414],[16.27768,45.82724],[16.2832,45.80905],[16.29017,45.81283],[16.29484,45.81089],[16.30134,45.80218],[16.29299,45.76441],[16.30103,45.76431],[16.30132,45.7668],[16.32768,45.76517],[16.32847,45.7507],[16.32495,45.74874],[16.32443,45.7428],[16.33373,45.73586],[16.33267,45.73879],[16.35947,45.73749],[16.36047,45.74106],[16.36837,45.74283],[16.37491,45.74893],[16.37435,45.76797],[16.38778,45.79042],[16.38658,45.80903],[16.37611,45.81307],[16.36482,45.82266],[16.33442,45.82246],[16.32663,45.83629],[16.32264,45.83744],[16.32126,45.84366],[16.31118,45.85188],[16.30895,45.86168],[16.29753,45.86868],[16.29175,45.87795],[16.27994,45.87411],[16.27646,45.86769],[16.26689,45.86563],[16.26972,45.85861],[16.26337,45.85464],[16.26133,45.84777],[16.23717,45.84412],[16.2406,45.83642]]]}},{"type":"Feature","properties":{"id":"HRV:ADM2:41942358B7892972817029","name":"Općina Privlaka","countryCode":"HRV","adminLevel":2,"sourceCode":"41942358B7892972817029","parentId":"HRV:ADM1:HRV-1605"},"geometry":{"type":"Polygon","coordinates":[[[18.85109,45.22254],[18.83399,45.23697],[18.82584,45.23697],[18.81892,45.22772],[18.80809,45.22296],[18.81296,45.2182],[18.80642,45.21423],[18.80602,45.20282],[18.79633,45.20622],[18.78683,45.21436],[18.76273,45.21745],[18.76682,45.2109],[18.76261,45.20876],[18.76267,45.20108],[18.77048,45.19668],[18.76542,45.18895],[18.77403,45.17895],[18.76847,45.17475],[18.77087,45.16972],[18.77748,45.17021],[18.77924,45.16467],[18.77252,45.1669],[18.76793,45.16446],[18.81205,45.14154],[18.82281,45.14253],[18.82354,45.14582],[18.81687,45.14652],[18.82295,45.14954],[18.82057,45.15319],[18.83124,45.17217],[18.84846,45.17503],[18.849,45.17145],[18.8564,45.17166],[18.87232,45.17792],[18.87777,45.18777],[18.8784,45.19228],[18.86946,45.19799],[18.85109,45.22254]]]}},{"type":"Feature","properties":{"id":"HRV:ADM2:41942358B79231692090815","name":"Otok Cres","countryCode":"HRV","adminLevel":2,"sourceCode":"41942358B79231692090815","parentId":"HRV:ADM1:HRV-1586"},"geometry":{"type":"MultiPolygon","coordinates":[[[[14.39833,44.70674],[14.39898,44.71341],[14.39512,44.71703],[14.3963,44.73637],[14.39869,44.73634],[14.39819,44.74375],[14.3968,44.74465],[14.39723,44.75161],[14.39275,44.75251],[14.3899,44.75406],[14.38738,44.75581],[14.38356,44.75776],[14.37452,44.75385],[14.37158,44.75719],[14.37234,44.76433],[14.36809,44.77431],[14.37131,44.77664],[14.36604,44.78046],[14.36386,44.78721],[14.36764,44.79077],[14.36903,44.80216],[14.36369,44.80538],[14.36305,44.80648],[14.36305,44.80654],[14.36158,44.81598],[14.35662,44.81977],[14.34604,44.8205],[14.33199,44.83215],[14.32938,44.84506],[14.3337,44.85328],[14.3241,44.8724],[14.31951,44.8733],[14.31925,44.87431],[14.32187,44.88547],[14.31676,44.88837],[14.31807,44.89145],[14.3099,44.90869],[14.29875,44.90599],[14.3013,44.91033],[14.29785,44.913],[14.30464,44.91198],[14.30191,44.93523],[14.30598,44.9414],[14.30885,44.94129],[14.32521,44.93651],[14.33229,44.9322],[14.34041,44.92348],[14.34585,44.91385],[14.34935,44.91389],[14.35027,44.91291],[14.35532,44.9106],[14.35579,44.90821],[14.36305,44.90324],[14.3698,44.90835],[14.37046,44.90833],[14.38454,44.90192],[14.39874,44.90617],[14.39864,44.91074],[14.40225,44.91206],[14.40125,44.92061],[14.39668,44.92714],[14.39723,44.9291],[14.39357,44.93476],[14.39237,44.93885],[14.39242,44.93894],[14.39233,44.93897],[14.3898,44.94765],[14.39116,44.94823],[14.39185,44.95548],[14.3994,44.95321],[14.40406,44.94953],[14.40591,44.95126],[14.40956,44.95016],[14.41394,44.94388],[14.41722,44.94645],[14.41348,44.95542],[14.40765,44.96013],[14.40689,44.95931],[14.39235,44.96883],[14.38954,44.974],[14.38797,44.97356],[14.3809,44.98193],[14.37915,44.98954],[14.37494,44.99049],[14.35987,45.02093],[14.36118,45.02869],[14.35501,45.04687],[14.34932,45.05326],[14.34075,45.05885],[14.33646,45.05933],[14.29649,45.09336],[14.29616,45.09412],[14.29066,45.09934],[14.28942,45.09938],[14.28745,45.10106],[14.27958,45.11186],[14.28016,45.11339],[14.2784,45.11504],[14.27793,45.12345],[14.28487,45.12778],[14.28496,45.13262],[14.29192,45.1363],[14.30016,45.14779],[14.30183,45.16355],[14.30979,45.16698],[14.31019,45.16995],[14.31365,45.17243],[14.32658,45.17486],[14.32547,45.16942],[14.32785,45.16777],[14.34669,45.16954],[14.35961,45.16425],[14.36411,45.15762],[14.36261,45.1409],[14.3626,45.1409],[14.35621,45.12958],[14.35902,45.12138],[14.35509,45.11648],[14.35895,45.11138],[14.35687,45.1029],[14.35997,45.10138],[14.36011,45.08829],[14.36768,45.08089],[14.36964,45.07551],[14.37282,45.0691],[14.37289,45.0622],[14.38298,45.04859],[14.38416,45.04621],[14.38285,45.04532],[14.39655,45.01563],[14.42477,44.9835],[14.43524,44.97777],[14.44324,44.97709],[14.45834,44.98361],[14.4666,44.98285],[14.47348,44.97142],[14.47104,44.95392],[14.46843,44.94839],[14.46064,44.95204],[14.46486,44.94082],[14.46439,44.93983],[14.46146,44.94001],[14.45838,44.9306],[14.45191,44.92231],[14.45753,44.91704],[14.45877,44.91454],[14.44996,44.89802],[14.44935,44.89203],[14.44554,44.87499],[14.44981,44.87113],[14.44984,44.87079],[14.44675,44.86801],[14.45068,44.86276],[14.45191,44.8509],[14.45865,44.83557],[14.45866,44.83455],[14.45927,44.83414],[14.46088,44.83048],[14.45979,44.82943],[14.4613,44.82953],[14.46333,44.82492],[14.46277,44.81867],[14.46565,44.8137],[14.46656,44.80484],[14.45191,44.79877],[14.45357,44.79521],[14.45285,44.79542],[14.44866,44.79327],[14.44753,44.78604],[14.4661,44.77071],[14.46613,44.76737],[14.47046,44.76636],[14.47321,44.76197],[14.47352,44.75858],[14.47235,44.75611],[14.47345,44.75483],[14.47385,44.75496],[14.47389,44.75454],[14.46762,44.74213],[14.46626,44.73131],[14.46362,44.72656],[14.47101,44.71215],[14.47218,44.70795],[14.47465,44.70503],[14.47791,44.69866],[14.47724,44.69327],[14.48729,44.68771],[14.48912,44.6822],[14.49634,44.68021],[14.49361,44.67188],[14.49742,44.67617],[14.4991,44.67329],[14.50474,44.67383],[14.50555,44.67279],[14.50726,44.66989],[14.50357,44.66841],[14.50763,44.66807],[14.51025,44.66171],[14.5131,44.66322],[14.51324,44.66305],[14.50986,44.65747],[14.51044,44.6569],[14.50807,44.65331],[14.5082,44.65116],[14.50501,44.65324],[14.50446,44.64983],[14.50835,44.6487],[14.50843,44.64735],[14.50455,44.6413],[14.50213,44.64264],[14.50336,44.63858],[14.51018,44.64453],[14.51227,44.6435],[14.51373,44.63945],[14.51522,44.64226],[14.51668,44.64293],[14.51718,44.63892],[14.52057,44.64105],[14.51855,44.63084],[14.52223,44.63208],[14.52412,44.63762],[14.52522,44.63449],[14.52629,44.63748],[14.53303,44.63342],[14.52688,44.64164],[14.52981,44.64332],[14.53435,44.63426],[14.52944,44.62927],[14.52807,44.62962],[14.52885,44.62867],[14.52735,44.62714],[14.52136,44.62233],[14.52029,44.62395],[14.51671,44.62416],[14.51835,44.62076],[14.51336,44.61884],[14.50229,44.62027],[14.50042,44.62027],[14.49455,44.62438],[14.49814,44.62027],[14.47299,44.62027],[14.47012,44.62258],[14.47143,44.62428],[14.46805,44.62424],[14.46576,44.62609],[14.46607,44.62976],[14.46235,44.62883],[14.45582,44.63409],[14.45757,44.63528],[14.45538,44.63444],[14.44447,44.64323],[14.4453,44.64654],[14.44148,44.64677],[14.43686,44.65645],[14.41971,44.66996],[14.41986,44.67268],[14.41795,44.67179],[14.41613,44.67457],[14.41709,44.67499],[14.41507,44.67619],[14.39606,44.70526],[14.39833,44.70674]]],[[[14.39098,44.95985],[14.39098,44.95986],[14.39102,44.95984],[14.39098,44.95985]]]]}},{"type":"Feature","properties":{"id":"HRV:ADM2:41942358B79245749905340","name":"Općina Trpinja","countryCode":"HRV","adminLevel":2,"sourceCode":"41942358B79245749905340","parentId":"HRV:ADM1:HRV-1605"},"geometry":{"type":"Polygon","coordinates":[[[18.79392,45.40627],[18.79561,45.40319],[18.80286,45.40526],[18.82232,45.39762],[18.83174,45.38555],[18.83719,45.38391],[18.83814,45.37452],[18.84428,45.36719],[18.84031,45.36279],[18.85953,45.35902],[18.86404,45.35447],[18.85777,45.35163],[18.8671,45.34587],[18.86325,45.33984],[18.8681,45.33592],[18.8967,45.34264],[18.90195,45.34844],[18.90204,45.355],[18.90654,45.35738],[18.91386,45.35552],[18.92546,45.34655],[18.93391,45.34917],[18.93774,45.35509],[18.93303,45.35376],[18.92796,45.36076],[18.92761,45.36637],[18.92158,45.3731],[18.92499,45.37877],[18.92088,45.37639],[18.90586,45.37783],[18.87435,45.39087],[18.88599,45.40198],[18.8981,45.39504],[18.91018,45.39415],[18.92155,45.38592],[18.92332,45.39392],[18.92564,45.39252],[18.94231,45.40907],[18.94284,45.42689],[18.95082,45.43073],[18.94601,45.43238],[18.94461,45.44218],[18.93933,45.4423],[18.94099,45.44747],[18.93671,45.45136],[18.91868,45.45656],[18.92444,45.46173],[18.91406,45.46549],[18.91666,45.47226],[18.90751,45.47395],[18.88624,45.48571],[18.86935,45.48502],[18.84834,45.48165],[18.85189,45.47557],[18.84293,45.46432],[18.83536,45.4683],[18.81646,45.45787],[18.80258,45.46407],[18.79461,45.45663],[18.80338,45.45373],[18.81054,45.44619],[18.79663,45.44734],[18.78642,45.43442],[18.80168,45.42151],[18.79949,45.41266],[18.80361,45.41212],[18.80275,45.40872],[18.79392,45.40627]]]}},{"type":"Feature","properties":{"id":"HRV:ADM2:41942358B79405714793984","name":"Općina Bednja","countryCode":"HRV","adminLevel":2,"sourceCode":"41942358B79405714793984","parentId":"HRV:ADM1:HRV-1610"},"geometry":{"type":"Polygon","coordinates":[[[15.9802,46.20181],[16.00395,46.202],[16.00461,46.20825],[16.01906,46.2091],[16.01506,46.22038],[16.00594,46.2262],[16.00726,46.23007],[16.00387,46.23214],[16.00885,46.2336],[15.99699,46.25356],[15.99673,46.26174],[16.00022,46.26326],[15.98372,46.27118],[15.9814,46.27483],[15.98327,46.2771],[15.96821,46.28226],[15.97579,46.29278],[15.97288,46.29982],[15.91675,46.28538],[15.91287,46.28966],[15.90367,46.28699],[15.90116,46.28931],[15.89748,46.28382],[15.87178,46.27831],[15.87972,46.23761],[15.88377,46.23422],[15.92015,46.22802],[15.93012,46.22336],[15.9361,46.21767],[15.93734,46.20698],[15.94208,46.20181],[15.9802,46.20181]]]}},{"type":"Feature","properties":{"id":"HRV:ADM2:41942358B79571007398516","name":"Općina Sveti Filip i Jakov","countryCode":"HRV","adminLevel":2,"sourceCode":"41942358B79571007398516","parentId":"HRV:ADM1:HRV-1493"},"geometry":{"type":"Polygon","coordinates":[[[15.38274,44.02614],[15.38666,44.02518],[15.39221,44.01651],[15.41778,44.03003],[15.42577,44.03802],[15.43504,44.03843],[15.44504,44.04347],[15.45545,44.04136],[15.45819,44.03743],[15.4451,44.01675],[15.47514,44.00021],[15.46266,43.99025],[15.46008,43.99215],[15.45523,43.9886],[15.4627,43.97983],[15.45493,43.9749],[15.4445,43.95721],[15.4346,43.95409],[15.42721,43.95971],[15.38404,43.99738],[15.3647,44.01849],[15.38274,44.02614]]]}},{"type":"Feature","properties":{"id":"HRV:ADM2:41942358B7992413155148","name":"Općina Petrijevci","countryCode":"HRV","adminLevel":2,"sourceCode":"41942358B7992413155148","parentId":"HRV:ADM1:HRV-1603"},"geometry":{"type":"Polygon","coordinates":[[[18.55673,45.56425],[18.56279,45.58475],[18.55701,45.58546],[18.57531,45.5963],[18.58167,45.58536],[18.60127,45.5863],[18.61106,45.60174],[18.62007,45.6073],[18.62061,45.61171],[18.61584,45.61681],[18.60902,45.61723],[18.60428,45.61251],[18.60183,45.60227],[18.6108,45.60399],[18.61026,45.60176],[18.59756,45.59992],[18.58996,45.59484],[18.58545,45.59646],[18.5868,45.60462],[18.57796,45.59844],[18.57279,45.60097],[18.57217,45.60571],[18.57895,45.61361],[18.57258,45.62032],[18.55869,45.61536],[18.54681,45.61809],[18.54735,45.62418],[18.56308,45.62575],[18.56801,45.63147],[18.55547,45.62892],[18.55042,45.63105],[18.55245,45.63451],[18.5498,45.63813],[18.54279,45.63672],[18.53664,45.6405],[18.54946,45.64912],[18.55045,45.66029],[18.54644,45.66357],[18.53834,45.66278],[18.53242,45.64792],[18.52421,45.6397],[18.51548,45.63898],[18.51657,45.64561],[18.49478,45.64667],[18.4925,45.64205],[18.47757,45.63535],[18.48952,45.63],[18.47447,45.6244],[18.46657,45.62651],[18.46875,45.6159],[18.4675,45.60766],[18.46409,45.60877],[18.46735,45.60122],[18.46574,45.59798],[18.48531,45.59608],[18.48448,45.59313],[18.4945,45.59191],[18.49638,45.6005],[18.50514,45.60377],[18.50595,45.60779],[18.52018,45.60766],[18.51939,45.60412],[18.53115,45.60287],[18.51986,45.55186],[18.52655,45.55072],[18.52453,45.54468],[18.54634,45.55411],[18.55673,45.56425]]]}},{"type":"Feature","properties":{"id":"HRV:ADM2:41942358B80150164579834","name":"Općina Klenovnik","countryCode":"HRV","adminLevel":2,"sourceCode":"41942358B80150164579834","parentId":"HRV:ADM1:HRV-1610"},"geometry":{"type":"Polygon","coordinates":[[[16.04723,46.2996],[16.04249,46.2955],[16.0435,46.28882],[16.0394,46.29247],[16.0336,46.29249],[16.03279,46.28671],[16.02971,46.28575],[16.04079,46.26135],[16.06256,46.25621],[16.07302,46.25697],[16.07578,46.25283],[16.07248,46.24905],[16.07618,46.24506],[16.08319,46.24405],[16.09374,46.24839],[16.10301,46.24353],[16.11077,46.2442],[16.11223,46.24896],[16.10673,46.25569],[16.10993,46.26174],[16.11871,46.26271],[16.12609,46.25816],[16.11282,46.27724],[16.10754,46.27435],[16.09997,46.28278],[16.0924,46.28283],[16.07452,46.29533],[16.06731,46.29387],[16.04723,46.2996]]]}},{"type":"Feature","properties":{"id":"HRV:ADM2:41942358B80658296313095","name":"Općina Krapinske Toplice","countryCode":"HRV","adminLevel":2,"sourceCode":"41942358B80658296313095","parentId":"HRV:ADM1:HRV-1582"},"geometry":{"type":"Polygon","coordinates":[[[15.81242,46.13185],[15.81572,46.12287],[15.80757,46.12192],[15.79225,46.10781],[15.76799,46.10407],[15.79385,46.07254],[15.81053,46.06748],[15.83121,46.05286],[15.8567,46.05127],[15.85602,46.04531],[15.86429,46.04268],[15.87361,46.05052],[15.8717,46.06051],[15.87632,46.06511],[15.86828,46.07778],[15.87294,46.0875],[15.87104,46.09431],[15.86437,46.0976],[15.86702,46.1032],[15.86368,46.10227],[15.86377,46.10485],[15.81982,46.12792],[15.81681,46.13256],[15.81242,46.13185]]]}},{"type":"Feature","properties":{"id":"HRV:ADM2:41942358B80674025677747","name":"Općina Novigrad","countryCode":"HRV","adminLevel":2,"sourceCode":"41942358B80674025677747","parentId":"HRV:ADM1:HRV-1493"},"geometry":{"type":"Polygon","coordinates":[[[15.61153,44.1325],[15.59998,44.14489],[15.60125,44.15559],[15.60581,44.1561],[15.60222,44.16223],[15.60606,44.16216],[15.60509,44.16675],[15.598,44.16938],[15.59328,44.1802],[15.58973,44.17841],[15.5773,44.18257],[15.56103,44.19226],[15.54663,44.19026],[15.54869,44.18457],[15.54679,44.1819],[15.5495,44.17981],[15.54518,44.18198],[15.54606,44.18512],[15.54215,44.18678],[15.52548,44.17599],[15.50652,44.18388],[15.48749,44.16235],[15.53276,44.13958],[15.53671,44.14252],[15.54408,44.13038],[15.56927,44.11163],[15.58517,44.11359],[15.61153,44.1325]]]}},{"type":"Feature","properties":{"id":"HRV:ADM2:41942358B80759559879279","name":"Grad Nova Gradiška","countryCode":"HRV","adminLevel":2,"sourceCode":"41942358B80759559879279","parentId":"HRV:ADM1:HRV-1602"},"geometry":{"type":"Polygon","coordinates":[[[17.40358,45.27974],[17.39526,45.28156],[17.38269,45.26949],[17.36369,45.28379],[17.36464,45.28987],[17.33628,45.29077],[17.34089,45.26706],[17.34634,45.26467],[17.33984,45.25434],[17.34494,45.25358],[17.33434,45.23264],[17.3277,45.20719],[17.33645,45.21154],[17.33183,45.19876],[17.34723,45.19484],[17.35019,45.18854],[17.36592,45.18744],[17.37311,45.19546],[17.38464,45.19867],[17.38363,45.20762],[17.39174,45.2056],[17.39588,45.20816],[17.3954,45.21552],[17.4075,45.21623],[17.41193,45.22722],[17.39471,45.22656],[17.39416,45.23393],[17.39978,45.23466],[17.40447,45.24584],[17.40479,45.26443],[17.40134,45.27299],[17.40358,45.27974]]]}},{"type":"Feature","properties":{"id":"HRV:ADM2:41942358B80983018464300","name":"Općina Pokupsko","countryCode":"HRV","adminLevel":2,"sourceCode":"41942358B80983018464300","parentId":"HRV:ADM1:HRV-1588"},"geometry":{"type":"Polygon","coordinates":[[[15.92211,45.47859],[15.92666,45.47442],[15.94529,45.47006],[15.97452,45.46956],[15.9982,45.47639],[16.00859,45.48675],[16.01707,45.48886],[16.02268,45.48535],[16.03984,45.48438],[16.05871,45.46714],[16.05484,45.47942],[16.05635,45.48312],[16.07307,45.48853],[16.06291,45.50174],[16.07348,45.50672],[16.07272,45.51237],[16.05688,45.52935],[16.06008,45.54484],[16.05444,45.54014],[16.04427,45.54102],[16.03984,45.5449],[16.02461,45.54385],[16.0208,45.54467],[16.02108,45.54773],[16.01678,45.54753],[16.0145,45.55263],[15.99927,45.55368],[16.00227,45.56056],[16.00242,45.57875],[16.00725,45.58311],[15.99409,45.57906],[15.98839,45.57048],[15.97928,45.56565],[15.97679,45.55854],[15.95478,45.56945],[15.94568,45.5674],[15.93043,45.56969],[15.91741,45.55457],[15.90645,45.54769],[15.90907,45.53969],[15.90077,45.53253],[15.9208,45.51302],[15.92487,45.49861],[15.91656,45.48678],[15.92211,45.47859]]]}},{"type":"Feature","properties":{"id":"HRV:ADM2:41942358B81198498025036","name":"Općina Brod Moravice","countryCode":"HRV","adminLevel":2,"sourceCode":"41942358B81198498025036","parentId":"HRV:ADM1:HRV-1586"},"geometry":{"type":"Polygon","coordinates":[[[15.03802,45.48686],[15.02544,45.48608],[15.01225,45.49748],[14.98189,45.4983],[14.9685,45.50957],[14.93113,45.52928],[14.92125,45.52766],[14.91343,45.51832],[14.91309,45.51065],[14.91664,45.5041],[14.91162,45.50104],[14.91579,45.49404],[14.91031,45.48824],[14.91138,45.481],[14.91935,45.47894],[14.91875,45.46859],[14.95308,45.43773],[14.98089,45.43147],[15.00732,45.47422],[15.01728,45.46447],[15.04711,45.4731],[15.03802,45.48686]]]}},{"type":"Feature","properties":{"id":"HRV:ADM2:41942358B81263259444247","name":"Grad Samobor","countryCode":"HRV","adminLevel":2,"sourceCode":"41942358B81263259444247","parentId":"HRV:ADM1:HRV-1588"},"geometry":{"type":"Polygon","coordinates":[[[15.80248,45.73633],[15.80187,45.74275],[15.80678,45.74894],[15.79826,45.74931],[15.78066,45.76278],[15.78056,45.76006],[15.76835,45.76264],[15.76745,45.7704],[15.77023,45.77178],[15.76727,45.77589],[15.75772,45.78185],[15.75083,45.78036],[15.75585,45.78548],[15.7556,45.79548],[15.77245,45.8114],[15.77167,45.81555],[15.77931,45.82247],[15.77962,45.83012],[15.78551,45.83979],[15.77908,45.83811],[15.77374,45.84075],[15.77787,45.84954],[15.77492,45.85136],[15.75598,45.84516],[15.74832,45.83709],[15.74473,45.83901],[15.74229,45.84845],[15.73525,45.85065],[15.71324,45.84846],[15.71484,45.84467],[15.71058,45.84731],[15.70353,45.84496],[15.69626,45.84937],[15.69495,45.8443],[15.6902,45.84225],[15.66523,45.84137],[15.65073,45.8309],[15.64227,45.82042],[15.62909,45.83293],[15.61284,45.83514],[15.61401,45.83735],[15.60892,45.84063],[15.58222,45.84745],[15.57255,45.85357],[15.56294,45.8439],[15.55938,45.83427],[15.55227,45.84014],[15.55102,45.84545],[15.53855,45.8476],[15.53927,45.83616],[15.53613,45.82928],[15.52079,45.82123],[15.50125,45.82202],[15.50291,45.82855],[15.49274,45.83202],[15.4789,45.82749],[15.47839,45.81944],[15.46592,45.81839],[15.47592,45.79805],[15.46289,45.79358],[15.45592,45.7947],[15.46115,45.78455],[15.45525,45.77651],[15.463,45.77709],[15.45964,45.77356],[15.46263,45.77353],[15.46127,45.7695],[15.46772,45.77028],[15.47336,45.76572],[15.477,45.77031],[15.46965,45.77691],[15.47375,45.78206],[15.47765,45.78191],[15.47902,45.78532],[15.5053,45.7871],[15.50456,45.77513],[15.49972,45.77109],[15.49701,45.76174],[15.51097,45.75666],[15.52643,45.75567],[15.53724,45.74781],[15.53675,45.74417],[15.54273,45.74188],[15.54495,45.74987],[15.55315,45.74972],[15.55838,45.74568],[15.56833,45.75092],[15.57302,45.74903],[15.56859,45.75719],[15.5729,45.75557],[15.57929,45.75828],[15.60085,45.75505],[15.6091,45.7514],[15.61001,45.74675],[15.61585,45.74361],[15.62137,45.74688],[15.62622,45.74382],[15.63107,45.75027],[15.63458,45.74777],[15.63766,45.73448],[15.65103,45.73929],[15.65567,45.7366],[15.65942,45.7388],[15.65733,45.74236],[15.66158,45.7428],[15.66089,45.73968],[15.66825,45.74464],[15.68093,45.74583],[15.6835,45.74906],[15.71386,45.74603],[15.7262,45.74074],[15.73461,45.73141],[15.73823,45.73182],[15.73484,45.70589],[15.74318,45.70259],[15.75147,45.70383],[15.75175,45.69803],[15.76082,45.6972],[15.75797,45.69148],[15.76138,45.68743],[15.77739,45.69161],[15.77335,45.7082],[15.78919,45.73372],[15.79404,45.73175],[15.80248,45.73633]]]}},{"type":"Feature","properties":{"id":"HRV:ADM2:41942358B81678189205745","name":"Grad Popovača","countryCode":"HRV","adminLevel":2,"sourceCode":"41942358B81678189205745","parentId":"HRV:ADM1:HRV-1587"},"geometry":{"type":"Polygon","coordinates":[[[16.70794,45.65183],[16.70167,45.64518],[16.69384,45.64499],[16.67848,45.63039],[16.6582,45.61843],[16.65273,45.61164],[16.6567,45.60711],[16.6529,45.60488],[16.65582,45.60114],[16.65372,45.59989],[16.63902,45.5965],[16.6332,45.60406],[16.58251,45.58645],[16.58147,45.58244],[16.5688,45.57512],[16.56193,45.58255],[16.52606,45.5593],[16.51301,45.56542],[16.5114,45.56049],[16.51589,45.55324],[16.48424,45.52904],[16.47872,45.52368],[16.48026,45.52076],[16.48945,45.51616],[16.4944,45.52143],[16.532,45.51933],[16.53701,45.50562],[16.53493,45.50115],[16.54096,45.49463],[16.55528,45.50352],[16.56098,45.49905],[16.56442,45.48759],[16.5952,45.48221],[16.59893,45.47777],[16.60523,45.48115],[16.61664,45.47961],[16.65725,45.46095],[16.66042,45.46338],[16.66529,45.46037],[16.67923,45.46151],[16.68906,45.47525],[16.69999,45.48385],[16.70703,45.49969],[16.72602,45.51094],[16.73113,45.51591],[16.73135,45.52419],[16.73937,45.52767],[16.74704,45.53598],[16.73962,45.53659],[16.74282,45.54032],[16.74066,45.54095],[16.72978,45.53441],[16.71959,45.53426],[16.71697,45.5389],[16.71306,45.53704],[16.70976,45.53885],[16.7131,45.54519],[16.69661,45.56056],[16.70494,45.57058],[16.70748,45.58279],[16.71778,45.59072],[16.71504,45.59742],[16.72061,45.60246],[16.72902,45.60321],[16.72886,45.60867],[16.7403,45.61853],[16.74861,45.6199],[16.74192,45.62513],[16.73569,45.62153],[16.7297,45.62273],[16.72827,45.63248],[16.72046,45.64124],[16.72193,45.64454],[16.70794,45.65183]]]}},{"type":"Feature","properties":{"id":"HRV:ADM2:41942358B81794964480735","name":"Općina Oprtalj","countryCode":"HRV","adminLevel":2,"sourceCode":"41942358B81794964480735","parentId":"HRV:ADM1:HRV-1592"},"geometry":{"type":"Polygon","coordinates":[[[13.79065,45.34675],[13.82445,45.35245],[13.83536,45.35079],[13.878,45.36983],[13.8892,45.3791],[13.88716,45.38399],[13.89017,45.39075],[13.89881,45.39765],[13.89644,45.40101],[13.89816,45.40794],[13.8869,45.41411],[13.89251,45.42568],[13.86182,45.42783],[13.85446,45.42562],[13.85536,45.4284],[13.85108,45.43243],[13.82652,45.43543],[13.80918,45.43226],[13.80013,45.41319],[13.80185,45.40691],[13.78924,45.39224],[13.78869,45.38007],[13.77775,45.37969],[13.7764,45.37653],[13.78,45.37088],[13.78946,45.37589],[13.79419,45.37352],[13.79797,45.36302],[13.79394,45.36103],[13.7939,45.35375],[13.7963,45.35433],[13.79065,45.34675]]]}},{"type":"Feature","properties":{"id":"HRV:ADM2:41942358B81809823510355","name":"Općina Gračišće","countryCode":"HRV","adminLevel":2,"sourceCode":"41942358B81809823510355","parentId":"HRV:ADM1:HRV-1592"},"geometry":{"type":"Polygon","coordinates":[[[13.99064,45.13051],[14.01036,45.15475],[14.00971,45.19344],[14.01785,45.19949],[14.03112,45.21832],[14.04563,45.2196],[14.04885,45.22302],[14.049,45.22888],[14.05393,45.23157],[14.0478,45.23926],[14.02544,45.24631],[14.00731,45.24433],[14.00332,45.23982],[13.98883,45.23446],[13.97647,45.21844],[13.98077,45.21734],[13.97477,45.21567],[13.97325,45.2079],[13.9305,45.20702],[13.92005,45.18735],[13.94189,45.17489],[13.93541,45.1664],[13.95592,45.15606],[13.98652,45.13087],[13.99064,45.13051]]]}},{"type":"Feature","properties":{"id":"HRV:ADM2:41942358B81819772164255","name":"Općina Bol","countryCode":"HRV","adminLevel":2,"sourceCode":"41942358B81819772164255","parentId":"HRV:ADM1:HRV-1492"},"geometry":{"type":"MultiPolygon","coordinates":[[[[16.61167,43.26577],[16.60955,43.27683],[16.63421,43.28579],[16.66277,43.27988],[16.6752,43.27349],[16.70171,43.27508],[16.71252,43.27077],[16.74426,43.2685],[16.78069,43.26982],[16.79507,43.27367],[16.79024,43.27116],[16.79034,43.26727],[16.62827,43.26374],[16.61129,43.26541],[16.61167,43.26577]]],[[[16.58574,43.26925],[16.59657,43.26709],[16.59644,43.26688],[16.58546,43.26797],[16.58574,43.26925]]]]}},{"type":"Feature","properties":{"id":"HRV:ADM2:41942358B82244434300629","name":"Općina Končanica","countryCode":"HRV","adminLevel":2,"sourceCode":"41942358B82244434300629","parentId":"HRV:ADM1:HRV-1607"},"geometry":{"type":"Polygon","coordinates":[[[17.03694,45.61609],[17.03171,45.61365],[17.03507,45.6112],[17.03265,45.59801],[17.04503,45.5887],[17.05851,45.58506],[17.10174,45.60002],[17.10777,45.59767],[17.11271,45.59032],[17.12897,45.58689],[17.15466,45.61207],[17.16009,45.61129],[17.16592,45.61935],[17.17738,45.62625],[17.21382,45.62436],[17.20782,45.63019],[17.21309,45.64066],[17.23096,45.64046],[17.24375,45.66121],[17.2127,45.66263],[17.19798,45.66833],[17.16017,45.67269],[17.12166,45.6668],[17.11045,45.65756],[17.08612,45.64666],[17.08784,45.641],[17.07123,45.63251],[17.07093,45.62754],[17.04121,45.62676],[17.03694,45.61609]]]}},{"type":"Feature","properties":{"id":"HRV:ADM2:41942358B82415776508744","name":"Općina Bukovlje","countryCode":"HRV","adminLevel":2,"sourceCode":"41942358B82415776508744","parentId":"HRV:ADM1:HRV-1602"},"geometry":{"type":"Polygon","coordinates":[[[18.09948,45.17468],[18.09439,45.18495],[18.11519,45.19122],[18.11779,45.19691],[18.12481,45.19586],[18.13281,45.19922],[18.12993,45.20176],[18.13173,45.20678],[18.12409,45.20357],[18.11924,45.2101],[18.12002,45.21409],[18.10967,45.21805],[18.11208,45.22502],[18.1074,45.23646],[18.10457,45.23643],[18.10042,45.25712],[18.08298,45.26025],[18.07624,45.23156],[18.08122,45.22355],[18.07843,45.21835],[18.07446,45.21668],[18.06867,45.22121],[18.06169,45.21651],[18.05526,45.20678],[18.05964,45.2069],[18.05863,45.19916],[18.05392,45.19759],[18.05255,45.1905],[18.04037,45.18537],[18.09948,45.17468]]]}},{"type":"Feature","properties":{"id":"HRV:ADM2:41942358B82555501204175","name":"Općina Molve","countryCode":"HRV","adminLevel":2,"sourceCode":"41942358B82555501204175","parentId":"HRV:ADM1:HRV-1608"},"geometry":{"type":"Polygon","coordinates":[[[17.13953,46.1255],[17.1311,46.12981],[17.12082,46.12668],[17.11393,46.13051],[17.10224,46.12629],[17.09713,46.129],[17.09584,46.14172],[17.08747,46.13662],[17.07988,46.13939],[17.08365,46.14193],[17.08117,46.14847],[17.08297,46.15304],[17.0802,46.15558],[17.07376,46.1579],[17.06336,46.15252],[17.05715,46.15687],[17.05812,46.16427],[17.05059,46.15504],[17.05263,46.13989],[17.04568,46.13654],[17.03292,46.13872],[16.9917,46.13371],[17.00563,46.13053],[17.01257,46.12475],[17.01473,46.11534],[17.01,46.11427],[17.01471,46.10075],[17.02393,46.09722],[17.01679,46.09198],[17.03574,46.08392],[17.03928,46.087],[17.0455,46.08058],[17.05691,46.07679],[17.07231,46.07984],[17.06729,46.08869],[17.06779,46.09388],[17.07423,46.09951],[17.08971,46.10079],[17.09324,46.10415],[17.08578,46.11009],[17.10008,46.10695],[17.10603,46.11869],[17.13127,46.10953],[17.13766,46.11534],[17.1367,46.12146],[17.13953,46.1255]]]}},{"type":"Feature","properties":{"id":"HRV:ADM2:41942358B82710063041984","name":"Općina Martijanec","countryCode":"HRV","adminLevel":2,"sourceCode":"41942358B82710063041984","parentId":"HRV:ADM1:HRV-1610"},"geometry":{"type":"Polygon","coordinates":[[[16.55892,46.19058],[16.56635,46.21031],[16.56463,46.23726],[16.56707,46.24149],[16.56466,46.24464],[16.56687,46.25057],[16.5628,46.25013],[16.56533,46.26677],[16.55702,46.27],[16.55641,46.27593],[16.54844,46.27756],[16.54906,46.28122],[16.55583,46.2839],[16.55219,46.30258],[16.53877,46.31396],[16.51541,46.30847],[16.51037,46.31032],[16.50271,46.29859],[16.50322,46.29245],[16.51142,46.28393],[16.50507,46.27927],[16.50522,46.27421],[16.50914,46.27278],[16.50642,46.2646],[16.51009,46.26479],[16.50786,46.25562],[16.5029,46.25383],[16.49465,46.23723],[16.51978,46.23429],[16.52958,46.21696],[16.53684,46.2147],[16.54193,46.19987],[16.53793,46.1868],[16.54111,46.18179],[16.55175,46.18398],[16.55892,46.19058]]]}},{"type":"Feature","properties":{"id":"HRV:ADM2:41942358B83133172786331","name":"Općina Brinje","countryCode":"HRV","adminLevel":2,"sourceCode":"41942358B83133172786331","parentId":"HRV:ADM1:HRV-1584"},"geometry":{"type":"Polygon","coordinates":[[[15.254,45.0705],[15.2356,45.07771],[15.23227,45.08678],[15.22508,45.09309],[15.20756,45.09853],[15.20283,45.10629],[15.19857,45.10622],[15.19356,45.11225],[15.17968,45.10391],[15.16097,45.10315],[15.14916,45.09503],[15.14571,45.08407],[15.1363,45.09014],[15.13294,45.08877],[15.13442,45.09129],[15.11351,45.08863],[15.05877,45.11174],[15.01718,45.12289],[15.01253,45.11947],[15.02002,45.11269],[15.02023,45.10495],[15.02446,45.10203],[15.02387,45.09075],[15.01405,45.07806],[15.01279,45.0731],[15.0159,45.06936],[15.00821,45.06968],[15.01865,45.05824],[15.01024,45.05179],[15.00715,45.04368],[15.00256,45.0419],[15.01848,45.02795],[15.0341,44.98569],[15.05496,44.97476],[15.07384,44.96024],[15.10397,44.94949],[15.12208,44.9716],[15.15032,44.97038],[15.18139,44.97476],[15.20748,44.96601],[15.24436,44.96391],[15.26533,44.98241],[15.28027,44.98751],[15.29374,44.98544],[15.30842,44.98908],[15.32554,44.98499],[15.32301,44.98969],[15.33125,44.99103],[15.33232,44.99521],[15.33207,45.0113],[15.34324,45.01907],[15.33291,45.02109],[15.31496,45.033],[15.30152,45.04958],[15.27376,45.06268],[15.27244,45.06842],[15.254,45.0705]]]}},{"type":"Feature","properties":{"id":"HRV:ADM2:41942358B83402908252082","name":"Općina Gundinci","countryCode":"HRV","adminLevel":2,"sourceCode":"41942358B83402908252082","parentId":"HRV:ADM1:HRV-1602"},"geometry":{"type":"Polygon","coordinates":[[[18.4453,45.13542],[18.45108,45.13231],[18.45553,45.13637],[18.4636,45.13761],[18.46265,45.13369],[18.48934,45.12349],[18.50122,45.12936],[18.49967,45.13262],[18.50512,45.13622],[18.50158,45.13849],[18.50468,45.13956],[18.50678,45.14814],[18.52462,45.1654],[18.52705,45.17248],[18.53345,45.17609],[18.53217,45.17836],[18.54167,45.18294],[18.54634,45.19076],[18.56521,45.19405],[18.56839,45.2084],[18.57445,45.21065],[18.5677,45.21581],[18.57363,45.22019],[18.56885,45.22881],[18.55711,45.22347],[18.55371,45.23249],[18.54889,45.22946],[18.52405,45.23439],[18.50792,45.22583],[18.50057,45.21348],[18.51608,45.21046],[18.52401,45.22758],[18.53699,45.23104],[18.52757,45.20846],[18.51988,45.20999],[18.51713,45.20406],[18.48994,45.2107],[18.48026,45.20788],[18.47694,45.19607],[18.46802,45.19752],[18.46763,45.19531],[18.47729,45.19341],[18.47518,45.19078],[18.45501,45.17702],[18.45741,45.16908],[18.4524,45.16511],[18.45253,45.15571],[18.44974,45.15242],[18.45419,45.14595],[18.4483,45.13966],[18.4442,45.13935],[18.4453,45.13542]]]}},{"type":"Feature","properties":{"id":"HRV:ADM2:41942358B83553979787526","name":"Grad Pregrada","countryCode":"HRV","adminLevel":2,"sourceCode":"41942358B83553979787526","parentId":"HRV:ADM1:HRV-1582"},"geometry":{"type":"Polygon","coordinates":[[[15.79552,46.17311],[15.7928,46.17716],[15.78319,46.17763],[15.78398,46.19235],[15.7816,46.19359],[15.78389,46.19662],[15.74206,46.20189],[15.73058,46.2],[15.72259,46.19148],[15.72304,46.17671],[15.71861,46.17271],[15.71523,46.17426],[15.71774,46.17729],[15.71182,46.18406],[15.66106,46.17858],[15.67438,46.17516],[15.6751,46.16487],[15.687,46.16387],[15.71405,46.15118],[15.746,46.10723],[15.76799,46.10407],[15.79225,46.10781],[15.80757,46.12192],[15.81572,46.12287],[15.80896,46.14017],[15.79917,46.14322],[15.79741,46.15315],[15.78932,46.15961],[15.78755,46.16835],[15.79552,46.17311]]]}},{"type":"Feature","properties":{"id":"HRV:ADM2:41942358B83840905876894","name":"Općina Darda","countryCode":"HRV","adminLevel":2,"sourceCode":"41942358B83840905876894","parentId":"HRV:ADM1:HRV-1603"},"geometry":{"type":"Polygon","coordinates":[[[18.60618,45.65103],[18.59346,45.64731],[18.59244,45.64245],[18.57578,45.63565],[18.58017,45.63351],[18.56871,45.63245],[18.56554,45.62686],[18.54735,45.62418],[18.5455,45.6205],[18.555,45.61522],[18.57258,45.62032],[18.57895,45.61361],[18.57217,45.60571],[18.57279,45.60097],[18.57796,45.59844],[18.5868,45.60462],[18.58545,45.59646],[18.58996,45.59484],[18.59756,45.59992],[18.61026,45.60176],[18.6108,45.60399],[18.60183,45.60227],[18.60428,45.61251],[18.60902,45.61723],[18.61584,45.61681],[18.62061,45.61171],[18.62007,45.6073],[18.60654,45.59634],[18.62618,45.58121],[18.64842,45.57361],[18.65692,45.57708],[18.67579,45.57585],[18.68516,45.58051],[18.69052,45.57668],[18.69796,45.5796],[18.69798,45.57341],[18.70761,45.57388],[18.71106,45.60153],[18.72544,45.60418],[18.73051,45.6154],[18.74065,45.61964],[18.71896,45.63529],[18.71521,45.65147],[18.70533,45.65979],[18.70048,45.65968],[18.69989,45.66881],[18.66127,45.66646],[18.65791,45.66804],[18.65876,45.67071],[18.64982,45.6671],[18.63844,45.67134],[18.63235,45.65294],[18.62737,45.6561],[18.61793,45.64805],[18.60618,45.65103]]]}},{"type":"Feature","properties":{"id":"HRV:ADM2:41942358B83905043217188","name":"Općina Zadvarje","countryCode":"HRV","adminLevel":2,"sourceCode":"41942358B83905043217188","parentId":"HRV:ADM1:HRV-1492"},"geometry":{"type":"Polygon","coordinates":[[[16.88309,43.40544],[16.88826,43.40608],[16.88436,43.40937],[16.88966,43.41886],[16.87654,43.43196],[16.88466,43.43154],[16.88998,43.43544],[16.89466,43.44077],[16.89147,43.44354],[16.92734,43.44631],[16.93276,43.43528],[16.9436,43.42447],[16.90478,43.41809],[16.89813,43.41318],[16.89163,43.40212],[16.89861,43.39257],[16.89576,43.3946],[16.88852,43.40119],[16.8845,43.40361],[16.88309,43.40544]]]}},{"type":"Feature","properties":{"id":"HRV:ADM2:41942358B83936306331720","name":"Grad Belišće","countryCode":"HRV","adminLevel":2,"sourceCode":"41942358B83936306331720","parentId":"HRV:ADM1:HRV-1603"},"geometry":{"type":"Polygon","coordinates":[[[18.31604,45.60981],[18.32344,45.60759],[18.33567,45.61719],[18.34332,45.61801],[18.34637,45.62414],[18.34417,45.63045],[18.34843,45.63668],[18.3706,45.64502],[18.37111,45.65049],[18.36382,45.64934],[18.36199,45.65339],[18.38363,45.67143],[18.37071,45.67441],[18.37537,45.6808],[18.38653,45.68023],[18.38403,45.68243],[18.38599,45.68356],[18.39036,45.68002],[18.39723,45.68079],[18.39653,45.67843],[18.4097,45.67841],[18.41473,45.66946],[18.42291,45.67046],[18.42478,45.67838],[18.43496,45.67962],[18.41557,45.69253],[18.42948,45.69867],[18.43023,45.70589],[18.42373,45.70954],[18.41636,45.69833],[18.40711,45.70247],[18.3867,45.70056],[18.36892,45.7165],[18.37265,45.72295],[18.36611,45.72618],[18.34832,45.7179],[18.33511,45.71635],[18.33152,45.71974],[18.32905,45.73224],[18.33867,45.747],[18.33502,45.75288],[18.32841,45.75442],[18.32086,45.75158],[18.31183,45.73915],[18.31816,45.73703],[18.31923,45.72755],[18.31516,45.72637],[18.31426,45.72114],[18.30903,45.72169],[18.30268,45.71158],[18.3063,45.70755],[18.31663,45.71095],[18.31182,45.70696],[18.31011,45.69829],[18.30558,45.69748],[18.30397,45.68814],[18.29776,45.68455],[18.30708,45.67019],[18.30273,45.66009],[18.30791,45.65855],[18.30692,45.65573],[18.31663,45.65334],[18.31188,45.62914],[18.30732,45.62688],[18.30694,45.62063],[18.31073,45.61417],[18.31708,45.61194],[18.31604,45.60981]]]}},{"type":"Feature","properties":{"id":"HRV:ADM2:41942358B84243302989703","name":"Općina Marina","countryCode":"HRV","adminLevel":2,"sourceCode":"41942358B84243302989703","parentId":"HRV:ADM1:HRV-1492"},"geometry":{"type":"Polygon","coordinates":[[[16.11047,43.48857],[16.11153,43.48648],[16.11313,43.47891],[16.09848,43.48005],[16.06617,43.48969],[16.03956,43.49079],[16.02833,43.49494],[16.01674,43.50225],[16.02063,43.5088],[16.05194,43.50542],[16.06104,43.51019],[16.06234,43.5192],[16.03598,43.52973],[16.03879,43.53611],[16.06425,43.53876],[16.06977,43.53382],[16.08158,43.53225],[16.08329,43.53766],[16.09143,43.53792],[16.09023,43.54504],[16.07298,43.54666],[16.07029,43.56272],[16.06198,43.56401],[16.05348,43.57103],[16.05687,43.57117],[16.04595,43.59427],[16.05739,43.60725],[16.06895,43.60917],[16.08263,43.61725],[16.1464,43.59867],[16.13459,43.58329],[16.12217,43.57434],[16.11845,43.56313],[16.12854,43.56317],[16.13222,43.55896],[16.16429,43.55337],[16.18274,43.53628],[16.17897,43.52967],[16.17938,43.52553],[16.11769,43.52448],[16.11769,43.51765],[16.11881,43.51743],[16.11583,43.51306],[16.11006,43.51397],[16.12065,43.51014],[16.13023,43.51094],[16.13218,43.50741],[16.1412,43.50534],[16.1506,43.50578],[16.15676,43.5036],[16.15489,43.50187],[16.16654,43.50091],[16.17237,43.48969],[16.11085,43.48969],[16.11113,43.48834],[16.11047,43.48857]]]}},{"type":"Feature","properties":{"id":"HRV:ADM2:41942358B8425747882948","name":"Grad Crikvenica","countryCode":"HRV","adminLevel":2,"sourceCode":"41942358B8425747882948","parentId":"HRV:ADM1:HRV-1586"},"geometry":{"type":"Polygon","coordinates":[[[14.62794,45.24239],[14.63555,45.23578],[14.64031,45.23561],[14.6678,45.21189],[14.68012,45.21125],[14.68971,45.19955],[14.69005,45.1927],[14.70467,45.19284],[14.71399,45.18438],[14.73129,45.17605],[14.72795,45.17284],[14.74005,45.1585],[14.76071,45.14327],[14.75823,45.14159],[14.67236,45.18867],[14.65511,45.20082],[14.65338,45.20081],[14.616,45.23569],[14.62794,45.24239]]]}},{"type":"Feature","properties":{"id":"HRV:ADM2:41942358B84272183032833","name":"Općina Mala Subotica","countryCode":"HRV","adminLevel":2,"sourceCode":"41942358B84272183032833","parentId":"HRV:ADM1:HRV-1609"},"geometry":{"type":"Polygon","coordinates":[[[16.50211,46.38042],[16.50237,46.37447],[16.50846,46.36973],[16.50447,46.36917],[16.50423,46.36439],[16.51346,46.36289],[16.51724,46.35753],[16.51014,46.35497],[16.51198,46.3507],[16.49812,46.34522],[16.49728,46.34158],[16.50988,46.34306],[16.51431,46.35407],[16.52471,46.35103],[16.52133,46.34493],[16.5223,46.33957],[16.5297,46.34029],[16.52584,46.33416],[16.54341,46.33435],[16.54268,46.33688],[16.55937,46.33869],[16.55319,46.3489],[16.56184,46.35221],[16.5603,46.35558],[16.56337,46.36079],[16.56895,46.36323],[16.5773,46.3616],[16.58049,46.36659],[16.58092,46.37847],[16.58961,46.3817],[16.58154,46.39306],[16.58996,46.40315],[16.57725,46.42094],[16.53228,46.39221],[16.50211,46.38042]]]}},{"type":"Feature","properties":{"id":"HRV:ADM2:41942358B8432957809699","name":"Općina Davor","countryCode":"HRV","adminLevel":2,"sourceCode":"41942358B8432957809699","parentId":"HRV:ADM1:HRV-1602"},"geometry":{"type":"Polygon","coordinates":[[[17.55263,45.14825],[17.51096,45.15251],[17.50102,45.16078],[17.47545,45.16606],[17.4759,45.17823],[17.47951,45.18509],[17.47628,45.1858],[17.47483,45.18266],[17.45298,45.18536],[17.45131,45.18022],[17.45732,45.17375],[17.43908,45.17506],[17.44243,45.16668],[17.4355,45.16831],[17.44112,45.15995],[17.44964,45.15998],[17.4538,45.15526],[17.45525,45.14396],[17.4485,45.13011],[17.45106,45.12697],[17.47192,45.12691],[17.486,45.13706],[17.49167,45.13625],[17.49323,45.1259],[17.48013,45.11513],[17.48268,45.11013],[17.50208,45.11494],[17.51339,45.10874],[17.53078,45.10905],[17.5389,45.11411],[17.53978,45.12594],[17.54683,45.13003],[17.5525,45.12894],[17.55713,45.12318],[17.5553,45.10888],[17.56556,45.10958],[17.57535,45.11622],[17.56515,45.12183],[17.56774,45.12929],[17.56594,45.13793],[17.55253,45.14467],[17.55263,45.14825]]]}},{"type":"Feature","properties":{"id":"HRV:ADM2:41942358B84675166182844","name":"Općina Jagodnjak","countryCode":"HRV","adminLevel":2,"sourceCode":"41942358B84675166182844","parentId":"HRV:ADM1:HRV-1603"},"geometry":{"type":"Polygon","coordinates":[[[18.61852,45.70711],[18.61018,45.71158],[18.60868,45.72205],[18.60428,45.72622],[18.5928,45.72606],[18.56696,45.74282],[18.55979,45.74496],[18.54541,45.74238],[18.53733,45.74635],[18.50238,45.74911],[18.49392,45.74726],[18.49233,45.74212],[18.48441,45.74289],[18.48026,45.73862],[18.48093,45.73491],[18.47479,45.72817],[18.48063,45.72485],[18.4766,45.71671],[18.46852,45.71122],[18.48298,45.7146],[18.49173,45.70667],[18.47745,45.69718],[18.47427,45.68638],[18.49746,45.68684],[18.49864,45.69351],[18.50485,45.6962],[18.51202,45.69117],[18.51089,45.68504],[18.50261,45.68172],[18.49205,45.67066],[18.49191,45.66291],[18.52195,45.65787],[18.52668,45.66438],[18.53432,45.66096],[18.53215,45.65715],[18.52463,45.65488],[18.52449,45.6482],[18.51657,45.64561],[18.51548,45.63898],[18.52421,45.6397],[18.53242,45.64792],[18.53834,45.66278],[18.54644,45.66357],[18.55045,45.66029],[18.54946,45.64912],[18.53664,45.6405],[18.54279,45.63672],[18.5498,45.63813],[18.55245,45.63451],[18.55042,45.63105],[18.55547,45.62892],[18.58017,45.63351],[18.57578,45.63565],[18.59244,45.64245],[18.59346,45.64731],[18.60618,45.65103],[18.60951,45.6554],[18.60659,45.65963],[18.61408,45.6648],[18.61346,45.66989],[18.6174,45.67408],[18.62661,45.67546],[18.63245,45.68216],[18.61741,45.6917],[18.6238,45.69842],[18.61852,45.70711]]]}},{"type":"Feature","properties":{"id":"HRV:ADM2:41942358B84704726330345","name":"Grad Zaprešić","countryCode":"HRV","adminLevel":2,"sourceCode":"41942358B84704726330345","parentId":"HRV:ADM1:HRV-1588"},"geometry":{"type":"Polygon","coordinates":[[[15.87744,45.86531],[15.87001,45.87624],[15.85756,45.88372],[15.81852,45.87842],[15.82164,45.88971],[15.81051,45.90774],[15.8227,45.9253],[15.81695,45.93205],[15.82078,45.93925],[15.81205,45.94214],[15.80885,45.95261],[15.79831,45.95463],[15.79738,45.95904],[15.78455,45.96202],[15.77286,45.95496],[15.77605,45.94247],[15.7854,45.94189],[15.79384,45.93721],[15.78356,45.93355],[15.78677,45.93242],[15.78714,45.92676],[15.79461,45.92229],[15.7935,45.91579],[15.79668,45.90902],[15.7933,45.90723],[15.79397,45.90232],[15.78801,45.89916],[15.79502,45.8962],[15.79278,45.89286],[15.78663,45.89283],[15.78848,45.88504],[15.77888,45.88677],[15.77218,45.87012],[15.77427,45.8662],[15.77076,45.8623],[15.77787,45.84954],[15.77374,45.84075],[15.77908,45.83811],[15.78551,45.83979],[15.78362,45.83444],[15.80001,45.83518],[15.82354,45.82684],[15.82276,45.83926],[15.8294,45.84204],[15.84563,45.84108],[15.85195,45.85294],[15.8735,45.85467],[15.87356,45.85777],[15.87667,45.85814],[15.87392,45.86115],[15.87895,45.86327],[15.87744,45.86531]]]}},{"type":"Feature","properties":{"id":"HRV:ADM2:41942358B84751729107979","name":"Općina Podstrana","countryCode":"HRV","adminLevel":2,"sourceCode":"41942358B84751729107979","parentId":"HRV:ADM1:HRV-1492"},"geometry":{"type":"Polygon","coordinates":[[[16.54448,43.51889],[16.58123,43.48786],[16.59019,43.47685],[16.58906,43.47159],[16.58639,43.46989],[16.53556,43.49676],[16.53326,43.50074],[16.53256,43.50434],[16.53173,43.50581],[16.54448,43.51889]]]}},{"type":"Feature","properties":{"id":"HRV:ADM2:41942358B84832969321941","name":"Općina Petrovsko","countryCode":"HRV","adminLevel":2,"sourceCode":"41942358B84832969321941","parentId":"HRV:ADM1:HRV-1582"},"geometry":{"type":"Polygon","coordinates":[[[15.81739,46.13111],[15.83469,46.1394],[15.85207,46.1532],[15.85233,46.16259],[15.83468,46.18167],[15.79552,46.17311],[15.78755,46.16835],[15.78932,46.15961],[15.79741,46.15315],[15.79917,46.14322],[15.80896,46.14017],[15.81242,46.13185],[15.81739,46.13111]]]}},{"type":"Feature","properties":{"id":"HRV:ADM2:41942358B8491979951643","name":"Općina Kali","countryCode":"HRV","adminLevel":2,"sourceCode":"41942358B8491979951643","parentId":"HRV:ADM1:HRV-1493"},"geometry":{"type":"Polygon","coordinates":[[[15.21211,44.0493],[15.21356,44.04563],[15.21274,44.04523],[15.20655,44.04523],[15.20533,44.04975],[15.20338,44.05248],[15.20143,44.055],[15.19907,44.05882],[15.18914,44.0478],[15.17373,44.0564],[15.19817,44.07105],[15.20284,44.06505],[15.21092,44.06439],[15.20994,44.06117],[15.22614,44.05596],[15.2214,44.05308],[15.22115,44.04925],[15.21765,44.04758],[15.21211,44.0493]]]}},{"type":"Feature","properties":{"id":"HRV:ADM2:41942358B84953556314331","name":"Općina Orle","countryCode":"HRV","adminLevel":2,"sourceCode":"41942358B84953556314331","parentId":"HRV:ADM1:HRV-1588"},"geometry":{"type":"Polygon","coordinates":[[[16.27415,45.60593],[16.26819,45.61334],[16.2791,45.61865],[16.28949,45.61323],[16.30431,45.6309],[16.29426,45.63845],[16.29337,45.64913],[16.28582,45.65945],[16.2882,45.67226],[16.26534,45.66676],[16.24725,45.66776],[16.24867,45.68968],[16.2268,45.69424],[16.22896,45.70451],[16.22662,45.70975],[16.20896,45.72169],[16.21969,45.73442],[16.2123,45.73852],[16.20229,45.73646],[16.19549,45.73749],[16.19905,45.741],[16.19041,45.74085],[16.18633,45.73232],[16.18143,45.73303],[16.17452,45.72403],[16.16886,45.72418],[16.17325,45.72264],[16.17575,45.71714],[16.16597,45.70925],[16.16893,45.7067],[16.17792,45.70834],[16.18375,45.69728],[16.19109,45.6932],[16.19274,45.68756],[16.197,45.68521],[16.19181,45.68147],[16.19519,45.68065],[16.19984,45.66473],[16.20824,45.66377],[16.21469,45.65527],[16.2221,45.65542],[16.22339,45.64814],[16.22888,45.64267],[16.22673,45.64058],[16.22904,45.6343],[16.22551,45.62976],[16.2397,45.63064],[16.24183,45.62755],[16.24948,45.63065],[16.25431,45.62208],[16.25175,45.61617],[16.26006,45.60778],[16.27415,45.60593]]]}},{"type":"Feature","properties":{"id":"HRV:ADM2:41942358B8503989103231","name":"Općina Pitomača","countryCode":"HRV","adminLevel":2,"sourceCode":"41942358B8503989103231","parentId":"HRV:ADM1:HRV-1606"},"geometry":{"type":"Polygon","coordinates":[[[17.14391,45.87744],[17.16353,45.87323],[17.16777,45.86354],[17.18168,45.86144],[17.19324,45.84428],[17.19626,45.84919],[17.20219,45.8494],[17.2088,45.86739],[17.22133,45.87748],[17.22206,45.88236],[17.22565,45.8799],[17.24484,45.90234],[17.29145,45.90322],[17.29589,45.91133],[17.3048,45.91647],[17.31123,45.9252],[17.31175,45.93205],[17.33467,45.92321],[17.35152,45.94126],[17.34216,45.94794],[17.33951,45.95534],[17.34235,45.95522],[17.34388,45.96053],[17.34866,45.96063],[17.34957,45.95423],[17.35377,45.9525],[17.35981,45.95849],[17.3853,45.9559],[17.3918,45.96072],[17.38742,45.96618],[17.37503,45.9609],[17.36342,45.96083],[17.35835,45.96427],[17.36013,45.96825],[17.37549,45.96869],[17.36642,45.97507],[17.3744,45.98193],[17.37519,45.98811],[17.37243,45.99118],[17.36357,45.99154],[17.36088,45.97633],[17.35672,45.97358],[17.34884,45.9769],[17.34273,45.98421],[17.33822,45.99575],[17.32994,45.99444],[17.32745,45.989],[17.33681,45.98313],[17.33673,45.98044],[17.32919,45.96977],[17.32263,45.96725],[17.313,45.96653],[17.30813,45.96972],[17.32447,45.98557],[17.31994,45.99121],[17.31197,45.98978],[17.30799,45.98223],[17.29495,45.98664],[17.28657,45.98119],[17.27918,45.98452],[17.25686,45.98022],[17.22149,45.98303],[17.20973,45.98706],[17.2123,45.98166],[17.20907,45.97729],[17.19015,45.98138],[17.18107,45.96834],[17.14538,45.93764],[17.14296,45.92922],[17.11513,45.91576],[17.11392,45.90944],[17.12663,45.9086],[17.13147,45.90355],[17.11695,45.90103],[17.11997,45.88418],[17.14391,45.87744]]]}},{"type":"Feature","properties":{"id":"HRV:ADM2:41942358B85080629068617","name":"Općina Gornji Kneginec","countryCode":"HRV","adminLevel":2,"sourceCode":"41942358B85080629068617","parentId":"HRV:ADM1:HRV-1610"},"geometry":{"type":"Polygon","coordinates":[[[16.39333,46.26957],[16.38714,46.2718],[16.38389,46.26818],[16.37489,46.27096],[16.3566,46.26982],[16.35419,46.26255],[16.34446,46.26092],[16.35469,46.25952],[16.35417,46.25071],[16.3584,46.25022],[16.3495,46.23994],[16.34857,46.23194],[16.34431,46.2272],[16.34551,46.22288],[16.34103,46.21821],[16.3451,46.21251],[16.36364,46.21046],[16.37424,46.21433],[16.38101,46.22131],[16.40072,46.224],[16.39967,46.22742],[16.40398,46.23378],[16.4019,46.25217],[16.39728,46.25662],[16.39333,46.26957]]]}},{"type":"Feature","properties":{"id":"HRV:ADM2:41942358B85318372077998","name":"Općina Fužine","countryCode":"HRV","adminLevel":2,"sourceCode":"41942358B85318372077998","parentId":"HRV:ADM1:HRV-1586"},"geometry":{"type":"Polygon","coordinates":[[[14.67722,45.2873],[14.71448,45.25513],[14.73473,45.25261],[14.74585,45.25303],[14.76734,45.26295],[14.78734,45.26541],[14.78978,45.27279],[14.79275,45.27358],[14.79075,45.29266],[14.77117,45.32494],[14.76802,45.33549],[14.76998,45.33997],[14.76423,45.34348],[14.75278,45.34018],[14.74742,45.34531],[14.73907,45.34554],[14.71929,45.35462],[14.69724,45.35595],[14.66186,45.35097],[14.66049,45.34057],[14.64965,45.32539],[14.68657,45.29871],[14.67722,45.2873]]]}},{"type":"Feature","properties":{"id":"HRV:ADM2:41942358B85370902157409","name":"Općina Okrug","countryCode":"HRV","adminLevel":2,"sourceCode":"41942358B85370902157409","parentId":"HRV:ADM1:HRV-1492"},"geometry":{"type":"Polygon","coordinates":[[[16.25569,43.4925],[16.26089,43.49585],[16.25948,43.5025],[16.25538,43.50535],[16.2638,43.50465],[16.27194,43.50795],[16.27771,43.5053],[16.28452,43.49281],[16.29716,43.48697],[16.27997,43.48847],[16.27256,43.49362],[16.27155,43.48719],[16.26734,43.48688],[16.26097,43.4844],[16.25848,43.48396],[16.25508,43.4859],[16.24648,43.48342],[16.24628,43.48145],[16.24051,43.4821],[16.23475,43.4853],[16.21608,43.48751],[16.21144,43.49006],[16.21176,43.49555],[16.21892,43.49775],[16.22332,43.49738],[16.22945,43.49626],[16.23704,43.49217],[16.24307,43.49203],[16.23733,43.49369],[16.23815,43.49542],[16.24039,43.49522],[16.25569,43.4925]]]}},{"type":"Feature","properties":{"id":"HRV:ADM2:41942358B85532853756282","name":"Općina Josipdol","countryCode":"HRV","adminLevel":2,"sourceCode":"41942358B85532853756282","parentId":"HRV:ADM1:HRV-1583"},"geometry":{"type":"Polygon","coordinates":[[[15.41311,45.15851],[15.40232,45.16443],[15.39442,45.17441],[15.38464,45.19619],[15.3379,45.21173],[15.3248,45.22099],[15.32324,45.2276],[15.31311,45.23022],[15.30258,45.24806],[15.28061,45.27344],[15.27645,45.27347],[15.27898,45.25954],[15.2773,45.25415],[15.26946,45.24766],[15.27072,45.24133],[15.26376,45.2322],[15.25857,45.23167],[15.25991,45.22572],[15.24581,45.21668],[15.25205,45.19406],[15.26657,45.17828],[15.25665,45.17364],[15.25673,45.16402],[15.24756,45.16379],[15.24643,45.15761],[15.24004,45.15327],[15.2397,45.14769],[15.21625,45.15076],[15.20005,45.15684],[15.18722,45.16601],[15.1829,45.16475],[15.18246,45.16037],[15.17404,45.15717],[15.15981,45.16214],[15.15966,45.15386],[15.18106,45.14037],[15.18054,45.13505],[15.1873,45.12569],[15.18408,45.11945],[15.18615,45.11276],[15.19356,45.11225],[15.19857,45.10622],[15.20283,45.10629],[15.20756,45.09853],[15.22113,45.09582],[15.23227,45.08678],[15.2356,45.07771],[15.254,45.0705],[15.25329,45.07561],[15.24475,45.07674],[15.24283,45.08482],[15.26478,45.0907],[15.27544,45.10411],[15.28624,45.1076],[15.27911,45.11705],[15.29164,45.12122],[15.2911,45.12484],[15.30585,45.12351],[15.30574,45.11838],[15.31036,45.11571],[15.33022,45.11435],[15.33721,45.11999],[15.33754,45.12419],[15.34229,45.12397],[15.38852,45.14836],[15.39453,45.14749],[15.39416,45.15208],[15.39742,45.15481],[15.39528,45.1585],[15.39807,45.15932],[15.39481,45.16162],[15.41311,45.15851]]]}},{"type":"Feature","properties":{"id":"HRV:ADM2:41942358B85658124226290","name":"Općina Generalski Stol","countryCode":"HRV","adminLevel":2,"sourceCode":"41942358B85658124226290","parentId":"HRV:ADM1:HRV-1583"},"geometry":{"type":"Polygon","coordinates":[[[15.29372,45.34298],[15.35036,45.32517],[15.3547,45.33884],[15.36069,45.33853],[15.35927,45.33065],[15.37301,45.33082],[15.39175,45.31357],[15.39159,45.31845],[15.39696,45.32372],[15.40944,45.31637],[15.43605,45.31679],[15.44901,45.33085],[15.44386,45.33453],[15.44755,45.34153],[15.43983,45.35044],[15.44025,45.36207],[15.44838,45.3661],[15.45155,45.36465],[15.47175,45.37649],[15.47531,45.38293],[15.45051,45.40486],[15.43657,45.40017],[15.4368,45.39556],[15.42853,45.39093],[15.4246,45.37967],[15.41897,45.37747],[15.41641,45.37988],[15.42392,45.38899],[15.41344,45.39041],[15.42753,45.40622],[15.41998,45.41392],[15.41167,45.41261],[15.40914,45.4155],[15.41707,45.4158],[15.42408,45.42385],[15.38582,45.43357],[15.36429,45.41761],[15.36043,45.40857],[15.34541,45.3964],[15.32359,45.36475],[15.34567,45.3516],[15.3461,45.34868],[15.30524,45.3576],[15.28889,45.3458],[15.29372,45.34298]]]}},{"type":"Feature","properties":{"id":"HRV:ADM2:41942358B85882041431459","name":"Općina Nova Rača","countryCode":"HRV","adminLevel":2,"sourceCode":"41942358B85882041431459","parentId":"HRV:ADM1:HRV-1607"},"geometry":{"type":"Polygon","coordinates":[[[17.08428,45.85324],[17.07554,45.84554],[17.06645,45.8497],[17.04374,45.84873],[17.01758,45.83256],[16.99745,45.84376],[16.98652,45.83545],[16.9674,45.82944],[16.96611,45.82276],[16.95962,45.8185],[16.95611,45.8209],[16.94915,45.81917],[16.94291,45.8256],[16.94137,45.83463],[16.91706,45.84103],[16.91041,45.83753],[16.9062,45.83897],[16.88873,45.81732],[16.86151,45.8192],[16.87969,45.78453],[16.89337,45.77604],[16.91071,45.74968],[16.93113,45.74147],[16.93311,45.73371],[16.94991,45.73216],[16.97551,45.73728],[16.98413,45.75333],[17.0054,45.76032],[17.00902,45.76839],[16.9995,45.77135],[16.99252,45.76439],[16.98797,45.76392],[16.98143,45.77167],[16.98296,45.7764],[16.97755,45.77676],[16.95849,45.76582],[16.95437,45.77083],[16.95787,45.77453],[16.95401,45.77713],[16.95577,45.78185],[16.97401,45.78865],[16.9827,45.78684],[17.00275,45.79197],[17.00658,45.79908],[17.00905,45.79552],[17.00074,45.81057],[17.0063,45.8116],[17.00875,45.81684],[17.01377,45.81619],[17.00739,45.82084],[17.02172,45.82471],[17.03497,45.83575],[17.03956,45.8378],[17.05012,45.83574],[17.0599,45.84039],[17.06417,45.83279],[17.10559,45.85553],[17.1024,45.85762],[17.08428,45.85324]]]}},{"type":"Feature","properties":{"id":"HRV:ADM2:41942358B86068104638384","name":"Opicina Muter-Kornati","countryCode":"HRV","adminLevel":2,"sourceCode":"41942358B86068104638384"},"geometry":{"type":"Polygon","coordinates":[[[15.59349,43.83145],[15.59474,43.83145],[15.59658,43.82996],[15.59692,43.82458],[15.60138,43.82697],[15.60279,43.82632],[15.60483,43.8242],[15.60488,43.82389],[15.6033,43.82194],[15.60604,43.81725],[15.60613,43.81676],[15.61004,43.80911],[15.61108,43.80862],[15.61289,43.80552],[15.61584,43.80641],[15.62151,43.80378],[15.62391,43.80169],[15.6241,43.79924],[15.62633,43.7996],[15.62794,43.7982],[15.62892,43.79788],[15.62785,43.79378],[15.63621,43.79839],[15.64096,43.79784],[15.65008,43.78913],[15.64993,43.78641],[15.64206,43.78474],[15.6513,43.78124],[15.65833,43.77688],[15.65744,43.77509],[15.66277,43.77292],[15.6644,43.77114],[15.66603,43.76647],[15.66417,43.76571],[15.66124,43.76692],[15.65576,43.76501],[15.6526,43.76583],[15.64943,43.76895],[15.64736,43.76719],[15.63786,43.76967],[15.63042,43.77663],[15.62844,43.77413],[15.62305,43.77955],[15.62454,43.78264],[15.61831,43.78433],[15.61651,43.78614],[15.61193,43.79537],[15.60704,43.79614],[15.60479,43.79337],[15.60356,43.79355],[15.60285,43.79609],[15.59414,43.79863],[15.59311,43.80285],[15.58892,43.80254],[15.59023,43.80713],[15.58633,43.80567],[15.57923,43.81206],[15.57951,43.81667],[15.57501,43.81715],[15.57356,43.81922],[15.57382,43.82266],[15.57157,43.82205],[15.57115,43.82265],[15.57359,43.82435],[15.56851,43.82642],[15.56764,43.82766],[15.56747,43.83202],[15.57138,43.83328],[15.57457,43.83168],[15.57429,43.83061],[15.57656,43.83035],[15.5796,43.82762],[15.58188,43.82457],[15.58323,43.82407],[15.58433,43.8223],[15.58931,43.82169],[15.59373,43.82432],[15.59027,43.82725],[15.5903,43.82759],[15.59349,43.83145]]]}},{"type":"Feature","properties":{"id":"HRV:ADM2:41942358B86086356417179","name":"Općina Ston","countryCode":"HRV","adminLevel":2,"sourceCode":"41942358B86086356417179","parentId":"HRV:ADM1:HRV-1490"},"geometry":{"type":"Polygon","coordinates":[[[17.45096,42.88506],[17.44737,42.88896],[17.45457,42.89204],[17.44932,42.89409],[17.45303,42.90198],[17.465,42.91309],[17.47267,42.91529],[17.47886,42.91321],[17.47606,42.91866],[17.4794,42.91985],[17.49113,42.90912],[17.49549,42.91179],[17.50221,42.91088],[17.50766,42.90908],[17.51685,42.90832],[17.51943,42.9056],[17.53144,42.90342],[17.53319,42.90634],[17.52731,42.91064],[17.52431,42.91906],[17.52275,42.91995],[17.52613,42.92178],[17.53207,42.9206],[17.53394,42.91959],[17.54428,42.9133],[17.56039,42.91077],[17.58284,42.90119],[17.58375,42.9007],[17.58429,42.90057],[17.59857,42.89448],[17.60629,42.89529],[17.61113,42.89413],[17.62811,42.88094],[17.6396,42.87792],[17.64875,42.8708],[17.66816,42.86774],[17.66347,42.8716],[17.66537,42.87231],[17.66259,42.87378],[17.66728,42.87432],[17.68031,42.86969],[17.67806,42.86807],[17.68325,42.86383],[17.68056,42.8621],[17.7037,42.85281],[17.70588,42.84522],[17.70579,42.84762],[17.70928,42.84731],[17.70787,42.84573],[17.71343,42.84511],[17.71953,42.83798],[17.72191,42.83766],[17.71947,42.8407],[17.73183,42.83381],[17.74518,42.8346],[17.73276,42.84094],[17.74147,42.83926],[17.71095,42.85663],[17.70314,42.86687],[17.7034,42.86812],[17.76828,42.83274],[17.75234,42.81152],[17.73512,42.82197],[17.72096,42.82624],[17.73444,42.8167],[17.70959,42.82576],[17.69657,42.83495],[17.70134,42.82727],[17.71686,42.82221],[17.7185,42.81694],[17.74353,42.80286],[17.74604,42.80407],[17.75676,42.78832],[17.76189,42.77871],[17.76189,42.77432],[17.75514,42.77094],[17.74871,42.77204],[17.74871,42.77444],[17.75424,42.77374],[17.75509,42.77776],[17.75003,42.78461],[17.75025,42.78571],[17.74967,42.78789],[17.75087,42.79113],[17.74231,42.79705],[17.73713,42.79664],[17.72877,42.80077],[17.67856,42.81623],[17.67651,42.81653],[17.67642,42.81712],[17.67576,42.81665],[17.63347,42.82294],[17.58009,42.84125],[17.52524,42.84862],[17.44582,42.87179],[17.44572,42.87242],[17.44473,42.87211],[17.44044,42.87336],[17.44143,42.88429],[17.45096,42.88506]]]}},{"type":"Feature","properties":{"id":"HRV:ADM2:41942358B86189890542862","name":"Grad Virovitica","countryCode":"HRV","adminLevel":2,"sourceCode":"41942358B86189890542862","parentId":"HRV:ADM1:HRV-1606"},"geometry":{"type":"Polygon","coordinates":[[[17.38733,45.7014],[17.40187,45.70637],[17.40705,45.71752],[17.41797,45.7162],[17.42087,45.72435],[17.43293,45.72854],[17.44387,45.72997],[17.45782,45.7197],[17.46367,45.72104],[17.44895,45.75363],[17.44637,45.7668],[17.42427,45.7624],[17.42196,45.77257],[17.42496,45.78454],[17.43525,45.79991],[17.43116,45.80115],[17.43742,45.80798],[17.44273,45.80677],[17.4482,45.81],[17.45558,45.8306],[17.45321,45.83209],[17.4581,45.83306],[17.46018,45.84043],[17.47355,45.84384],[17.47167,45.84983],[17.46695,45.84737],[17.45906,45.84992],[17.44455,45.84796],[17.41302,45.86147],[17.41148,45.85829],[17.39009,45.86481],[17.3914,45.86742],[17.37944,45.86616],[17.3768,45.87253],[17.36271,45.87441],[17.3584,45.86817],[17.35147,45.86707],[17.33984,45.8751],[17.34114,45.87838],[17.32458,45.87302],[17.3166,45.86534],[17.31203,45.86726],[17.30557,45.85938],[17.30704,45.84843],[17.30331,45.83832],[17.29783,45.83454],[17.30036,45.83046],[17.29691,45.82177],[17.28523,45.81775],[17.27977,45.80771],[17.27726,45.78766],[17.29299,45.77332],[17.31477,45.77163],[17.32022,45.76614],[17.31659,45.75264],[17.3305,45.74968],[17.34804,45.76319],[17.3553,45.75981],[17.36256,45.75179],[17.36256,45.74208],[17.34744,45.72224],[17.37708,45.72097],[17.38733,45.7014]]]}},{"type":"Feature","properties":{"id":"HRV:ADM2:41942358B86279798675617","name":"Grad Benkovac","countryCode":"HRV","adminLevel":2,"sourceCode":"41942358B86279798675617","parentId":"HRV:ADM1:HRV-1493"},"geometry":{"type":"Polygon","coordinates":[[[15.73517,43.86068],[15.74269,43.86429],[15.75868,43.88888],[15.74898,43.89638],[15.73643,43.89785],[15.74468,43.90232],[15.74867,43.89992],[15.76212,43.90079],[15.76644,43.91047],[15.7749,43.91446],[15.77248,43.91969],[15.7843,43.92623],[15.76337,43.9353],[15.77182,43.9501],[15.79404,43.94211],[15.80221,43.93347],[15.81733,43.93399],[15.82381,43.94142],[15.81733,43.95628],[15.80557,43.95991],[15.7938,43.97322],[15.79428,43.9784],[15.80485,43.98669],[15.82237,43.98859],[15.83869,43.99861],[15.83869,44.00413],[15.82957,44.01397],[15.82957,44.01812],[15.84686,44.03072],[15.85382,44.04176],[15.84974,44.05298],[15.83437,44.06298],[15.81373,44.06609],[15.78492,44.0804],[15.79476,44.08816],[15.80029,44.08109],[15.80629,44.07971],[15.80989,44.08437],[15.82213,44.07557],[15.82765,44.07609],[15.83389,44.08006],[15.83677,44.09316],[15.84133,44.09816],[15.84974,44.10213],[15.86006,44.10023],[15.86846,44.10575],[15.81928,44.1269],[15.80795,44.13356],[15.80143,44.14354],[15.78649,44.14797],[15.7774,44.15647],[15.76813,44.1407],[15.74444,44.11717],[15.7289,44.10897],[15.72049,44.11427],[15.71362,44.10885],[15.73989,44.09252],[15.73551,44.08339],[15.72041,44.0808],[15.70942,44.09202],[15.67955,44.09819],[15.61153,44.1325],[15.58517,44.11359],[15.56927,44.11163],[15.54408,44.13038],[15.53671,44.14252],[15.53276,44.13958],[15.48749,44.16235],[15.48902,44.16423],[15.47014,44.16989],[15.44787,44.18443],[15.4291,44.17456],[15.42226,44.16492],[15.4242,44.15755],[15.43436,44.15027],[15.41898,44.14113],[15.42198,44.1318],[15.45164,44.11447],[15.44193,44.10734],[15.47162,44.08797],[15.48159,44.07774],[15.47295,44.06952],[15.44758,44.05571],[15.4618,44.05027],[15.45482,44.03959],[15.45819,44.03743],[15.4451,44.01675],[15.47681,43.99918],[15.49428,44.01256],[15.48658,44.02072],[15.48937,44.02296],[15.48729,44.03053],[15.48933,44.03675],[15.49854,44.03546],[15.50407,44.04177],[15.50967,44.04274],[15.53156,44.0327],[15.5386,44.02581],[15.53429,44.02241],[15.54282,44.0182],[15.5658,43.99459],[15.55441,43.99227],[15.54441,43.98241],[15.57479,43.97923],[15.57119,43.97534],[15.60183,43.9543],[15.60166,43.93762],[15.61046,43.93372],[15.6011,43.93483],[15.59788,43.93082],[15.59518,43.93295],[15.59033,43.93088],[15.57345,43.91702],[15.59235,43.89343],[15.61614,43.88081],[15.61859,43.87662],[15.62441,43.8762],[15.62513,43.87266],[15.64396,43.8616],[15.65252,43.86308],[15.67353,43.88338],[15.68231,43.88736],[15.70241,43.87254],[15.73517,43.86068]]]}},{"type":"Feature","properties":{"id":"HRV:ADM2:41942358B86558751833149","name":"Grad Vrbovsko","countryCode":"HRV","adminLevel":2,"sourceCode":"41942358B86558751833149","parentId":"HRV:ADM1:HRV-1586"},"geometry":{"type":"Polygon","coordinates":[[[15.2274,45.42828],[15.22183,45.4254],[15.20473,45.42591],[15.19395,45.43672],[15.1886,45.43356],[15.18894,45.42796],[15.1784,45.42155],[15.15682,45.42508],[15.14683,45.4313],[15.13861,45.44426],[15.12383,45.44691],[15.10454,45.46217],[15.08551,45.46739],[15.0862,45.48284],[15.07791,45.48226],[15.07104,45.48767],[15.05992,45.48824],[15.05369,45.49438],[15.03802,45.48686],[15.04711,45.4731],[15.01728,45.46447],[15.00732,45.47422],[14.98089,45.43147],[14.96664,45.40014],[15.01659,45.40472],[15.00464,45.36639],[14.99121,45.36116],[14.99675,45.34102],[15.00958,45.3292],[14.99882,45.32689],[14.99152,45.31229],[15.0211,45.32358],[15.03478,45.30159],[15.04814,45.29681],[15.08836,45.29697],[15.08466,45.28574],[15.10379,45.28293],[15.10689,45.27844],[15.12306,45.30365],[15.13157,45.30458],[15.13524,45.30195],[15.13998,45.30564],[15.14477,45.30362],[15.17787,45.31206],[15.18232,45.32102],[15.17963,45.32452],[15.17835,45.34266],[15.21067,45.37321],[15.21637,45.38391],[15.2142,45.391],[15.22334,45.39375],[15.22795,45.40036],[15.22192,45.40764],[15.22719,45.41171],[15.22368,45.4148],[15.22634,45.41863],[15.23265,45.42287],[15.2274,45.42828]]]}},{"type":"Feature","properties":{"id":"HRV:ADM2:41942358B86605086258278","name":"Općina Farkaševac","countryCode":"HRV","adminLevel":2,"sourceCode":"41942358B86605086258278","parentId":"HRV:ADM1:HRV-1588"},"geometry":{"type":"Polygon","coordinates":[[[16.69813,45.91982],[16.6889,45.92783],[16.6754,45.93114],[16.66428,45.93114],[16.65873,45.92506],[16.63649,45.92175],[16.61982,45.92285],[16.61109,45.92893],[16.59918,45.92727],[16.59759,45.92175],[16.60312,45.91491],[16.59997,45.90033],[16.60914,45.90232],[16.60793,45.89929],[16.61594,45.89618],[16.61747,45.89172],[16.62338,45.89113],[16.61383,45.88441],[16.60142,45.88103],[16.60584,45.87435],[16.60022,45.86872],[16.60303,45.86134],[16.59998,45.86276],[16.5985,45.85962],[16.60723,45.85901],[16.60482,45.86406],[16.60689,45.86371],[16.61048,45.86023],[16.60523,45.85619],[16.62125,45.8514],[16.62348,45.84761],[16.61997,45.84812],[16.62178,45.84521],[16.61703,45.8431],[16.60315,45.82521],[16.60263,45.81779],[16.61959,45.82515],[16.61817,45.82875],[16.62188,45.82899],[16.62621,45.83872],[16.63281,45.84054],[16.63507,45.84518],[16.64094,45.84357],[16.64129,45.82924],[16.65006,45.82846],[16.65373,45.83181],[16.6707,45.83417],[16.6745,45.82653],[16.68875,45.81696],[16.69192,45.81911],[16.68258,45.84166],[16.70322,45.84796],[16.71086,45.86057],[16.69502,45.88065],[16.69813,45.91982]]]}},{"type":"Feature","properties":{"id":"HRV:ADM2:41942358B87063005870150","name":"Općina Lećevica","countryCode":"HRV","adminLevel":2,"sourceCode":"41942358B87063005870150","parentId":"HRV:ADM1:HRV-1492"},"geometry":{"type":"Polygon","coordinates":[[[16.23124,43.6709],[16.26474,43.65872],[16.28628,43.66005],[16.28142,43.65087],[16.28209,43.62582],[16.27213,43.61439],[16.26271,43.60905],[16.26723,43.60301],[16.26207,43.59841],[16.29809,43.58386],[16.3441,43.57933],[16.34198,43.58659],[16.34436,43.59807],[16.37193,43.59833],[16.35708,43.61242],[16.36652,43.6137],[16.36794,43.63305],[16.37353,43.6481],[16.34214,43.65314],[16.34016,43.66776],[16.34633,43.68271],[16.36953,43.7008],[16.32156,43.68796],[16.28842,43.6942],[16.2815,43.69171],[16.28135,43.68745],[16.25055,43.6975],[16.23124,43.6709]]]}},{"type":"Feature","properties":{"id":"HRV:ADM2:41942358B87077767438382","name":"Općina Štefanje","countryCode":"HRV","adminLevel":2,"sourceCode":"41942358B87077767438382","parentId":"HRV:ADM1:HRV-1607"},"geometry":{"type":"Polygon","coordinates":[[[16.83769,45.8329],[16.83779,45.83565],[16.81977,45.84369],[16.81127,45.83947],[16.8038,45.84216],[16.78973,45.83947],[16.7705,45.84345],[16.76436,45.8479],[16.76145,45.86019],[16.74797,45.86222],[16.74368,45.8584],[16.74213,45.84865],[16.73827,45.84835],[16.73694,45.84489],[16.73055,45.84961],[16.71819,45.84725],[16.70947,45.85003],[16.70857,45.84333],[16.68258,45.84166],[16.69192,45.81911],[16.68682,45.8148],[16.69132,45.81079],[16.69132,45.80391],[16.68291,45.79552],[16.70012,45.78099],[16.70379,45.78524],[16.70046,45.7884],[16.703,45.79052],[16.70765,45.78834],[16.70804,45.78446],[16.71484,45.78288],[16.71656,45.78746],[16.72252,45.78713],[16.72008,45.75297],[16.74831,45.74836],[16.75089,45.75124],[16.76239,45.75218],[16.76506,45.7676],[16.77202,45.77634],[16.77548,45.80088],[16.78477,45.81202],[16.78369,45.8263],[16.8276,45.83767],[16.83769,45.8329]]]}},{"type":"Feature","properties":{"id":"HRV:ADM2:41942358B87260049315575","name":"Grad Lepoglava","countryCode":"HRV","adminLevel":2,"sourceCode":"41942358B87260049315575","parentId":"HRV:ADM1:HRV-1610"},"geometry":{"type":"Polygon","coordinates":[[[16.01404,46.19009],[16.02829,46.18715],[16.04573,46.19457],[16.07678,46.19707],[16.07958,46.20566],[16.08687,46.21324],[16.08106,46.22066],[16.08125,46.22686],[16.07544,46.22786],[16.07184,46.22375],[16.05223,46.22729],[16.05541,46.23084],[16.05033,46.23437],[16.0485,46.24832],[16.05521,46.25236],[16.05685,46.25773],[16.04079,46.26135],[16.02977,46.28427],[16.0336,46.29249],[16.0394,46.29247],[16.0435,46.28882],[16.04249,46.2955],[16.04723,46.2996],[16.03845,46.31464],[16.03305,46.31591],[16.03125,46.32624],[16.01798,46.32111],[16.02269,46.31727],[16.02194,46.31435],[16.01414,46.30878],[16.00159,46.30733],[15.99,46.31474],[15.98887,46.31047],[15.98381,46.30887],[15.97704,46.31238],[15.96691,46.29979],[15.97288,46.29982],[15.97579,46.29278],[15.96821,46.28226],[15.98327,46.2771],[15.9814,46.27483],[15.98372,46.27118],[16.00022,46.26326],[15.99673,46.26174],[15.99699,46.25356],[16.00885,46.2336],[16.00387,46.23214],[16.00726,46.23007],[16.00594,46.2262],[16.01506,46.22038],[16.01906,46.2091],[16.00461,46.20825],[16.00395,46.202],[15.9802,46.20181],[15.98693,46.19077],[15.9934,46.18698],[16.01404,46.19009]]]}},{"type":"Feature","properties":{"id":"HRV:ADM2:41942358B87319392238871","name":"Grad Oroslavje","countryCode":"HRV","adminLevel":2,"sourceCode":"41942358B87319392238871","parentId":"HRV:ADM1:HRV-1582"},"geometry":{"type":"Polygon","coordinates":[[[15.95193,46.01205],[15.93533,46.01146],[15.92819,46.01854],[15.90237,46.01093],[15.8853,46.01143],[15.86985,46.00492],[15.84633,45.98585],[15.8463,45.97549],[15.87045,45.9741],[15.875,45.96786],[15.89146,45.96645],[15.89993,45.96098],[15.90222,45.96382],[15.8983,45.9643],[15.89393,45.97232],[15.90182,45.97638],[15.92954,45.97839],[15.92901,45.98196],[15.93742,45.98143],[15.94042,45.9849],[15.96139,45.98875],[15.96473,45.99673],[15.95251,46.00622],[15.95193,46.01205]]]}},{"type":"Feature","properties":{"id":"HRV:ADM2:41942358B87488536302426","name":"Općina Privlaka","countryCode":"HRV","adminLevel":2,"sourceCode":"41942358B87488536302426","parentId":"HRV:ADM1:HRV-1493"},"geometry":{"type":"Polygon","coordinates":[[[15.13138,44.27847],[15.12961,44.27553],[15.13219,44.27651],[15.13026,44.27517],[15.13237,44.27399],[15.14046,44.27999],[15.16509,44.25943],[15.1587,44.25338],[15.16286,44.25086],[15.16185,44.24644],[15.14965,44.23767],[15.13152,44.25462],[15.11298,44.26315],[15.11362,44.26454],[15.12487,44.26763],[15.12706,44.27681],[15.1309,44.27841],[15.13138,44.27847]]]}},{"type":"Feature","properties":{"id":"HRV:ADM2:41942358B8759707529392","name":"Općina Štitar","countryCode":"HRV","adminLevel":2,"sourceCode":"41942358B8759707529392","parentId":"HRV:ADM1:HRV-1605"},"geometry":{"type":"Polygon","coordinates":[[[18.62146,45.12915],[18.61251,45.12241],[18.59953,45.12364],[18.6035,45.10845],[18.59857,45.09625],[18.59436,45.09291],[18.58293,45.09319],[18.59719,45.08311],[18.61305,45.08043],[18.62046,45.08569],[18.62287,45.09543],[18.63032,45.09523],[18.63561,45.09205],[18.63634,45.08592],[18.60767,45.07107],[18.60609,45.06573],[18.6185,45.06116],[18.64071,45.06199],[18.6548,45.05611],[18.659,45.0573],[18.66103,45.06419],[18.65351,45.07849],[18.6605,45.08967],[18.66895,45.09475],[18.67139,45.10735],[18.6782,45.11415],[18.6743,45.11475],[18.6659,45.14058],[18.65132,45.14578],[18.6262,45.14491],[18.62728,45.13583],[18.62146,45.12915]]]}},{"type":"Feature","properties":{"id":"HRV:ADM2:41942358B87600882063308","name":"Grad Sisak","countryCode":"HRV","adminLevel":2,"sourceCode":"41942358B87600882063308","parentId":"HRV:ADM1:HRV-1587"},"geometry":{"type":"Polygon","coordinates":[[[16.48945,45.51616],[16.48387,45.51008],[16.47165,45.51893],[16.45485,45.52478],[16.44987,45.53239],[16.43196,45.52928],[16.42911,45.53733],[16.42183,45.53573],[16.42354,45.53104],[16.4071,45.53061],[16.40186,45.52707],[16.39861,45.52015],[16.4013,45.51674],[16.42526,45.51916],[16.41531,45.50836],[16.41291,45.493],[16.39981,45.49219],[16.39524,45.49769],[16.40925,45.50244],[16.4093,45.50703],[16.39387,45.50449],[16.37367,45.50975],[16.36494,45.51607],[16.36026,45.51315],[16.35289,45.52204],[16.35653,45.52591],[16.34203,45.53176],[16.34067,45.5381],[16.3461,45.54969],[16.33858,45.5547],[16.34558,45.561],[16.32931,45.56649],[16.33153,45.5689],[16.33609,45.56701],[16.33822,45.57096],[16.33273,45.57323],[16.32806,45.57036],[16.32236,45.57406],[16.31307,45.56564],[16.29738,45.57591],[16.28593,45.57302],[16.28399,45.56958],[16.29119,45.55527],[16.29004,45.55184],[16.2749,45.54787],[16.26806,45.54905],[16.25381,45.54114],[16.24446,45.53134],[16.24298,45.52449],[16.24451,45.5196],[16.25851,45.50686],[16.26068,45.50251],[16.25719,45.49788],[16.26618,45.4944],[16.26992,45.48471],[16.27404,45.48205],[16.27074,45.46709],[16.27288,45.46198],[16.29806,45.46556],[16.3125,45.46401],[16.32653,45.47326],[16.33133,45.47036],[16.33599,45.45782],[16.34581,45.4535],[16.34948,45.44677],[16.36509,45.44692],[16.36739,45.44237],[16.36279,45.44081],[16.36658,45.4275],[16.36105,45.42396],[16.3601,45.4186],[16.36633,45.409],[16.36346,45.40433],[16.36543,45.39389],[16.37444,45.3956],[16.37839,45.39099],[16.38703,45.39923],[16.39568,45.39386],[16.38297,45.38005],[16.38742,45.37295],[16.37536,45.36691],[16.3937,45.35034],[16.39442,45.3477],[16.38739,45.34468],[16.38848,45.33739],[16.39736,45.33689],[16.40078,45.34189],[16.41235,45.34491],[16.41946,45.35055],[16.43788,45.35247],[16.45478,45.36233],[16.45849,45.37031],[16.44885,45.37839],[16.44214,45.36843],[16.43808,45.37299],[16.43574,45.37047],[16.43045,45.37188],[16.4317,45.37556],[16.42691,45.37496],[16.42756,45.37774],[16.41862,45.37548],[16.41497,45.38341],[16.41626,45.38991],[16.41978,45.39176],[16.41473,45.39534],[16.42244,45.39719],[16.42985,45.40519],[16.45424,45.40003],[16.46231,45.39977],[16.46755,45.40298],[16.47632,45.40105],[16.4824,45.40629],[16.49148,45.40619],[16.4895,45.40772],[16.50069,45.4144],[16.52021,45.40892],[16.52733,45.40143],[16.53477,45.39976],[16.56788,45.41071],[16.58327,45.42135],[16.59656,45.41459],[16.59863,45.40321],[16.60175,45.40109],[16.62245,45.40842],[16.62149,45.39932],[16.62521,45.39243],[16.64012,45.39091],[16.63708,45.38213],[16.64322,45.38458],[16.64627,45.39108],[16.6643,45.39044],[16.66642,45.38715],[16.66378,45.38132],[16.67954,45.37499],[16.66998,45.36514],[16.68935,45.35239],[16.69531,45.35205],[16.72139,45.36216],[16.71885,45.35703],[16.70945,45.35136],[16.7098,45.34771],[16.71363,45.34639],[16.72447,45.35251],[16.72246,45.36219],[16.74254,45.3643],[16.75763,45.36181],[16.75235,45.35297],[16.75477,45.34839],[16.77318,45.34802],[16.77342,45.35516],[16.78115,45.36022],[16.76604,45.37155],[16.75698,45.37139],[16.76253,45.38861],[16.75272,45.39585],[16.74906,45.40389],[16.74389,45.40489],[16.74913,45.40941],[16.74563,45.4148],[16.73885,45.41377],[16.73439,45.41856],[16.7245,45.41569],[16.71953,45.41064],[16.71294,45.41449],[16.70789,45.41226],[16.7037,45.41534],[16.70891,45.41817],[16.70922,45.42211],[16.69752,45.42408],[16.69606,45.42865],[16.68794,45.42667],[16.68866,45.43231],[16.69432,45.43089],[16.69141,45.43545],[16.6941,45.44555],[16.68436,45.44858],[16.68879,45.45237],[16.68968,45.45904],[16.68494,45.46155],[16.68801,45.46564],[16.68478,45.4672],[16.67923,45.46151],[16.66529,45.46037],[16.66042,45.46338],[16.65725,45.46095],[16.61664,45.47961],[16.60523,45.48115],[16.59893,45.47777],[16.5952,45.48221],[16.56442,45.48759],[16.56098,45.49905],[16.55528,45.50352],[16.54096,45.49463],[16.53493,45.50115],[16.53701,45.50562],[16.532,45.51933],[16.4944,45.52143],[16.48945,45.51616]]]}},{"type":"Feature","properties":{"id":"HRV:ADM2:41942358B87886165170898","name":"Općina Mikleuš","countryCode":"HRV","adminLevel":2,"sourceCode":"41942358B87886165170898","parentId":"HRV:ADM1:HRV-1606"},"geometry":{"type":"Polygon","coordinates":[[[17.73854,45.59988],[17.75634,45.6023],[17.78661,45.58846],[17.79816,45.58972],[17.80992,45.59616],[17.81661,45.59228],[17.82223,45.59319],[17.84259,45.60937],[17.84512,45.61271],[17.8419,45.61723],[17.84885,45.62075],[17.84925,45.62787],[17.82532,45.63337],[17.83137,45.64984],[17.83609,45.65312],[17.83094,45.65554],[17.83334,45.66016],[17.82472,45.65121],[17.82191,45.65163],[17.82056,45.64756],[17.82331,45.64724],[17.81544,45.63303],[17.806,45.63618],[17.80844,45.62452],[17.80318,45.62255],[17.79605,45.62173],[17.78455,45.62799],[17.77968,45.62658],[17.77665,45.63118],[17.77062,45.63277],[17.75219,45.62687],[17.74097,45.62851],[17.73262,45.63442],[17.73511,45.62962],[17.72694,45.62499],[17.7256,45.61828],[17.7195,45.61821],[17.72194,45.61652],[17.71537,45.6053],[17.71784,45.60143],[17.73715,45.60252],[17.73854,45.59988]]]}},{"type":"Feature","properties":{"id":"HRV:ADM2:41942358B87973836998774","name":"Općina Mrkopalj","countryCode":"HRV","adminLevel":2,"sourceCode":"41942358B87973836998774","parentId":"HRV:ADM1:HRV-1586"},"geometry":{"type":"Polygon","coordinates":[[[14.99152,45.31229],[14.99882,45.32689],[14.91786,45.31962],[14.88944,45.3288],[14.85523,45.35022],[14.8188,45.35702],[14.78085,45.35846],[14.78319,45.35654],[14.76423,45.34348],[14.76998,45.33997],[14.76802,45.33549],[14.77117,45.32494],[14.79075,45.29266],[14.81197,45.28364],[14.86651,45.24734],[14.88847,45.2427],[14.89087,45.23676],[14.91224,45.22924],[14.93486,45.23224],[14.96171,45.22762],[14.99123,45.20505],[14.97461,45.23428],[14.98252,45.23185],[14.99106,45.2337],[14.98285,45.24116],[14.98564,45.24593],[14.99112,45.24768],[14.96154,45.27334],[14.98954,45.28417],[14.98681,45.28906],[14.97936,45.29236],[14.99152,45.31229]]]}},{"type":"Feature","properties":{"id":"HRV:ADM2:41942358B8809011880235","name":"Općina Jesenje","countryCode":"HRV","adminLevel":2,"sourceCode":"41942358B8809011880235","parentId":"HRV:ADM1:HRV-1582"},"geometry":{"type":"Polygon","coordinates":[[[15.9765,46.20197],[15.94208,46.20181],[15.93734,46.20698],[15.9361,46.21767],[15.92015,46.22802],[15.90545,46.22871],[15.87972,46.23761],[15.87421,46.23525],[15.87063,46.23716],[15.86426,46.23127],[15.86615,46.21975],[15.86876,46.22085],[15.87456,46.21072],[15.86919,46.20594],[15.8846,46.20437],[15.88421,46.19804],[15.89353,46.18693],[15.93561,46.19283],[15.9621,46.18787],[15.9765,46.20197]]]}},{"type":"Feature","properties":{"id":"HRV:ADM2:41942358B88270027549865","name":"Općina Gornja Stubica","countryCode":"HRV","adminLevel":2,"sourceCode":"41942358B88270027549865","parentId":"HRV:ADM1:HRV-1582"},"geometry":{"type":"Polygon","coordinates":[[[16.08448,45.9561],[16.09192,45.96211],[16.08081,45.97516],[16.08115,45.9822],[16.08733,45.9836],[16.08647,45.98846],[16.07793,45.9935],[16.07896,46.00051],[16.0718,46.01085],[16.06266,46.01863],[16.04974,46.02069],[16.04456,46.02563],[16.02957,46.0311],[16.02557,46.03686],[16.02636,46.04228],[16.00897,46.03868],[16.01112,46.02888],[16.01536,46.02498],[16.01602,46.01447],[16.00473,46.00979],[16.01108,46.00708],[16.01307,46.00217],[15.9935,46.00118],[15.99125,45.99693],[15.99632,45.99386],[15.99429,45.98817],[16.0014,45.97441],[16.01468,45.96353],[16.01261,45.95749],[16.04305,45.94355],[16.05218,45.94303],[16.0771,45.95592],[16.08448,45.9561]]]}},{"type":"Feature","properties":{"id":"HRV:ADM2:41942358B88781090794064","name":"Grad Ogulin","countryCode":"HRV","adminLevel":2,"sourceCode":"41942358B88781090794064","parentId":"HRV:ADM1:HRV-1583"},"geometry":{"type":"Polygon","coordinates":[[[15.21568,45.39001],[15.21637,45.38391],[15.21067,45.37321],[15.17835,45.34266],[15.17963,45.32452],[15.18232,45.32102],[15.17787,45.31206],[15.14477,45.30362],[15.13998,45.30564],[15.13524,45.30195],[15.13157,45.30458],[15.12306,45.30365],[15.10689,45.27844],[15.10379,45.28293],[15.08466,45.28574],[15.08836,45.29697],[15.04814,45.29681],[15.03478,45.30159],[15.0211,45.32358],[14.99152,45.31229],[14.97936,45.29236],[14.98681,45.28906],[14.98954,45.28417],[14.96154,45.27334],[14.99112,45.24768],[14.98564,45.24593],[14.98285,45.24116],[14.99106,45.2337],[14.98252,45.23185],[14.97461,45.23428],[14.99123,45.20505],[14.97945,45.1876],[14.97542,45.17413],[14.97714,45.15425],[14.98952,45.14918],[14.99124,45.14188],[15.01081,45.13254],[15.01718,45.12289],[15.05877,45.11174],[15.11351,45.08863],[15.13442,45.09129],[15.13294,45.08877],[15.1363,45.09014],[15.14571,45.08407],[15.14916,45.09503],[15.16097,45.10315],[15.17968,45.10391],[15.19064,45.11166],[15.18615,45.11276],[15.18408,45.11945],[15.1873,45.12569],[15.18054,45.13505],[15.18106,45.14037],[15.17517,45.14582],[15.16403,45.14901],[15.15966,45.15386],[15.15981,45.16214],[15.17404,45.15717],[15.18246,45.16037],[15.1829,45.16475],[15.18722,45.16601],[15.20005,45.15684],[15.21625,45.15076],[15.2397,45.14769],[15.24004,45.15327],[15.24643,45.15761],[15.24756,45.16379],[15.25673,45.16402],[15.25665,45.17364],[15.26657,45.17828],[15.25205,45.19406],[15.24581,45.21668],[15.25991,45.22572],[15.25857,45.23167],[15.26376,45.2322],[15.27072,45.24133],[15.26946,45.24766],[15.2773,45.25415],[15.27645,45.27347],[15.26876,45.27418],[15.26765,45.27732],[15.28597,45.28477],[15.29134,45.28084],[15.29618,45.28154],[15.29714,45.27626],[15.30072,45.2749],[15.30974,45.27846],[15.31486,45.29089],[15.32567,45.28986],[15.33159,45.29246],[15.34266,45.29101],[15.33751,45.28636],[15.34927,45.28515],[15.39725,45.26933],[15.39396,45.3126],[15.37301,45.33082],[15.35927,45.33065],[15.36069,45.33853],[15.3547,45.33884],[15.35036,45.32517],[15.29372,45.34298],[15.28426,45.33191],[15.28458,45.32659],[15.2786,45.32478],[15.27582,45.32955],[15.26894,45.33037],[15.26854,45.33465],[15.24199,45.33465],[15.2334,45.34093],[15.21529,45.34038],[15.20954,45.34991],[15.21529,45.35347],[15.23538,45.35402],[15.25477,45.36041],[15.25366,45.38513],[15.22345,45.39176],[15.21568,45.39001]]]}},{"type":"Feature","properties":{"id":"HRV:ADM2:41942358B88862880534747","name":"Općina Koška","countryCode":"HRV","adminLevel":2,"sourceCode":"41942358B88862880534747","parentId":"HRV:ADM1:HRV-1603"},"geometry":{"type":"Polygon","coordinates":[[[18.21563,45.57667],[18.20848,45.55797],[18.18804,45.56007],[18.19229,45.55652],[18.19113,45.55192],[18.18666,45.55003],[18.18894,45.53732],[18.1792,45.53563],[18.17175,45.52854],[18.17988,45.52406],[18.17731,45.51943],[18.19263,45.51426],[18.20078,45.51853],[18.20765,45.51627],[18.20544,45.50429],[18.3449,45.49504],[18.34361,45.49046],[18.3676,45.49034],[18.37313,45.50755],[18.36624,45.51457],[18.37862,45.51901],[18.36457,45.53781],[18.36813,45.53914],[18.36866,45.5576],[18.38523,45.56348],[18.35167,45.57683],[18.33502,45.56061],[18.28498,45.58557],[18.27056,45.58395],[18.26267,45.57794],[18.2534,45.57659],[18.24649,45.58269],[18.25494,45.5874],[18.25771,45.59308],[18.24829,45.58644],[18.23634,45.58904],[18.2249,45.58455],[18.22103,45.57837],[18.21563,45.57667]]]}},{"type":"Feature","properties":{"id":"HRV:ADM2:41942358B88972160294122","name":"Općina Virje","countryCode":"HRV","adminLevel":2,"sourceCode":"41942358B88972160294122","parentId":"HRV:ADM1:HRV-1608"},"geometry":{"type":"Polygon","coordinates":[[[16.89846,45.98872],[16.91147,45.98722],[16.91988,45.99119],[16.926,45.98549],[16.93235,45.98598],[16.93895,45.99238],[16.94971,45.99257],[16.95512,45.98946],[16.95979,46.01106],[16.9644,46.0109],[16.96249,46.01252],[16.96545,46.01588],[16.97362,46.01718],[16.96707,46.00827],[16.97953,46.01978],[16.9795,46.01396],[16.98238,46.01387],[16.98582,46.00627],[16.99527,46.00962],[17.00411,46.00636],[17.01113,46.02125],[17.0224,46.02717],[17.02915,46.03934],[17.0331,46.04101],[17.0195,46.04807],[17.03473,46.06075],[17.03366,46.06726],[17.03809,46.06792],[17.03722,46.07058],[17.04494,46.07005],[17.03574,46.08392],[17.01679,46.09198],[17.02393,46.09722],[17.01471,46.10075],[17.01,46.11427],[16.97799,46.09916],[16.96808,46.0863],[16.9716,46.07627],[16.96615,46.06335],[16.96143,46.06388],[16.94531,46.05013],[16.93792,46.04855],[16.93847,46.05562],[16.92968,46.06023],[16.91863,46.04716],[16.91987,46.04432],[16.90327,46.04069],[16.90363,46.04439],[16.88926,46.04314],[16.90135,46.03584],[16.90882,46.03757],[16.91445,46.02898],[16.90538,46.03161],[16.90612,46.02514],[16.90247,46.02193],[16.90858,46.01877],[16.90575,46.01552],[16.91037,46.00779],[16.89999,45.99817],[16.89609,45.99174],[16.89846,45.98872]]]}},{"type":"Feature","properties":{"id":"HRV:ADM2:41942358B89055815779805","name":"Općina Lipovljani","countryCode":"HRV","adminLevel":2,"sourceCode":"41942358B89055815779805","parentId":"HRV:ADM1:HRV-1587"},"geometry":{"type":"Polygon","coordinates":[[[16.77971,45.36262],[16.78365,45.36725],[16.77788,45.37046],[16.78717,45.37623],[16.80738,45.37029],[16.80512,45.36645],[16.82724,45.3499],[16.86299,45.37361],[16.86735,45.36953],[16.87516,45.36925],[16.87359,45.37184],[16.87826,45.37352],[16.89024,45.36847],[16.89974,45.37659],[16.91175,45.37801],[16.90689,45.38179],[16.9124,45.38136],[16.90932,45.38466],[16.91378,45.39165],[16.93245,45.39216],[16.93531,45.39319],[16.93286,45.39822],[16.93592,45.40046],[16.95109,45.40055],[16.952,45.42102],[16.94049,45.42266],[16.93591,45.42175],[16.93829,45.41848],[16.93461,45.41869],[16.91342,45.42953],[16.89539,45.42863],[16.89412,45.43411],[16.89132,45.43233],[16.88099,45.43536],[16.88027,45.44229],[16.86399,45.45111],[16.85328,45.44452],[16.82307,45.44531],[16.81628,45.43785],[16.80418,45.4342],[16.80016,45.42968],[16.78819,45.42645],[16.7747,45.42709],[16.76494,45.42131],[16.75278,45.42208],[16.74905,45.41787],[16.75038,45.4155],[16.74563,45.4148],[16.74913,45.40941],[16.74389,45.40489],[16.74906,45.40389],[16.75272,45.39585],[16.76253,45.38861],[16.75698,45.37139],[16.76604,45.37155],[16.77157,45.36532],[16.77971,45.36262]]]}},{"type":"Feature","properties":{"id":"HRV:ADM2:41942358B89257435553809","name":"Grad Labin","countryCode":"HRV","adminLevel":2,"sourceCode":"41942358B89257435553809","parentId":"HRV:ADM1:HRV-1592"},"geometry":{"type":"Polygon","coordinates":[[[14.13624,45.05472],[14.13014,45.04764],[14.13387,45.04159],[14.13006,45.04035],[14.13518,45.03162],[14.13793,45.03303],[14.13893,45.01228],[14.13166,45.00819],[14.12239,45.01664],[14.11562,45.01206],[14.1064,45.01937],[14.10269,45.01259],[14.09664,45.02012],[14.09732,45.02475],[14.09533,45.02367],[14.07888,45.03909],[14.07987,45.04824],[14.08303,45.05014],[14.06883,45.05353],[14.06715,45.05724],[14.07377,45.06948],[14.08767,45.07985],[14.08866,45.08473],[14.10287,45.08865],[14.10796,45.09398],[14.09716,45.08904],[14.09715,45.09661],[14.0807,45.09561],[14.07128,45.09831],[14.07474,45.10035],[14.07501,45.10505],[14.08173,45.10588],[14.07624,45.11002],[14.08041,45.11646],[14.0915,45.10911],[14.11414,45.11513],[14.11801,45.10921],[14.12922,45.1104],[14.13386,45.10698],[14.14337,45.12235],[14.17339,45.13371],[14.18569,45.12782],[14.18778,45.12168],[14.19483,45.11722],[14.19313,45.10562],[14.18043,45.09146],[14.1644,45.0799],[14.15821,45.08735],[14.15431,45.07892],[14.1543,45.07885],[14.15173,45.07874],[14.1535,45.06942],[14.14754,45.06724],[14.15517,45.06547],[14.15615,45.05969],[14.1568,45.05962],[14.15753,45.05628],[14.15598,45.05423],[14.15431,45.055],[14.14747,45.05728],[14.14389,45.05939],[14.14389,45.05514],[14.13624,45.05472]]]}},{"type":"Feature","properties":{"id":"HRV:ADM2:41942358B89352184046612","name":"Općina Biskupija","countryCode":"HRV","adminLevel":2,"sourceCode":"41942358B89352184046612","parentId":"HRV:ADM1:HRV-1493"},"geometry":{"type":"Polygon","coordinates":[[[16.15625,43.93298],[16.1978,43.90655],[16.22749,43.92127],[16.26183,43.92776],[16.28792,43.92714],[16.30208,43.9387],[16.33547,43.94784],[16.32932,43.96312],[16.31066,43.95526],[16.29899,43.9623],[16.2926,43.97246],[16.2723,43.97929],[16.27848,43.9846],[16.27406,43.998],[16.27979,44.00703],[16.25368,44.03189],[16.22651,44.0336],[16.22312,44.02669],[16.21617,44.0245],[16.21857,44.01879],[16.21678,44.01254],[16.21174,44.01566],[16.19636,44.01582],[16.1878,44.03322],[16.14668,44.01856],[16.14411,44.00899],[16.15232,44.00714],[16.15231,43.99257],[16.15728,43.98577],[16.16664,43.9809],[16.15471,43.95946],[16.15265,43.94648],[16.15625,43.93298]]]}},{"type":"Feature","properties":{"id":"HRV:ADM2:41942358B89475493983587","name":"Općina Punitovci","countryCode":"HRV","adminLevel":2,"sourceCode":"41942358B89475493983587","parentId":"HRV:ADM1:HRV-1603"},"geometry":{"type":"Polygon","coordinates":[[[18.46076,45.4358],[18.45807,45.44107],[18.46269,45.44055],[18.46161,45.44581],[18.45674,45.44115],[18.44934,45.44089],[18.44911,45.45145],[18.44213,45.46104],[18.45035,45.46898],[18.40519,45.45888],[18.39807,45.46475],[18.38888,45.46561],[18.34884,45.44996],[18.33652,45.45179],[18.31696,45.44717],[18.29288,45.45125],[18.29525,45.42924],[18.3105,45.42932],[18.30968,45.42566],[18.32123,45.42559],[18.32472,45.43135],[18.33489,45.43217],[18.33427,45.4365],[18.35644,45.43757],[18.35618,45.44216],[18.38026,45.44128],[18.40473,45.42242],[18.38828,45.40906],[18.39506,45.40821],[18.41598,45.41572],[18.42078,45.40646],[18.43188,45.40591],[18.46076,45.4358]]]}},{"type":"Feature","properties":{"id":"HRV:ADM2:41942358B89625197673395","name":"Općina Garčin","countryCode":"HRV","adminLevel":2,"sourceCode":"41942358B89625197673395","parentId":"HRV:ADM1:HRV-1602"},"geometry":{"type":"Polygon","coordinates":[[[18.13794,45.13553],[18.1601,45.13645],[18.16508,45.14218],[18.17276,45.14203],[18.17512,45.14857],[18.18778,45.147],[18.21104,45.15992],[18.22248,45.15977],[18.22748,45.16289],[18.22915,45.16844],[18.23582,45.17145],[18.22503,45.19459],[18.22055,45.19495],[18.22108,45.19982],[18.21123,45.20125],[18.20702,45.20556],[18.21023,45.20856],[18.2146,45.20581],[18.2237,45.20795],[18.22407,45.21346],[18.22859,45.21167],[18.23236,45.2139],[18.22525,45.21835],[18.21603,45.21686],[18.19335,45.22364],[18.19006,45.23601],[18.17761,45.24381],[18.1514,45.24682],[18.15119,45.24284],[18.1431,45.24355],[18.14249,45.25023],[18.13611,45.25598],[18.13086,45.2532],[18.11523,45.2557],[18.11011,45.25282],[18.10042,45.25712],[18.10457,45.23643],[18.1074,45.23646],[18.11208,45.22502],[18.10967,45.21805],[18.12002,45.21409],[18.11924,45.2101],[18.12409,45.20357],[18.13173,45.20678],[18.12993,45.20176],[18.13281,45.19922],[18.12481,45.19586],[18.11779,45.19691],[18.11519,45.19122],[18.09439,45.18495],[18.09948,45.17468],[18.11528,45.17415],[18.1221,45.17231],[18.12579,45.1659],[18.13518,45.16545],[18.13433,45.15036],[18.14036,45.1513],[18.13794,45.13553]]]}},{"type":"Feature","properties":{"id":"HRV:ADM2:41942358B89866323388486","name":"Općina Krnjak","countryCode":"HRV","adminLevel":2,"sourceCode":"41942358B89866323388486","parentId":"HRV:ADM1:HRV-1583"},"geometry":{"type":"Polygon","coordinates":[[[15.63012,45.24562],[15.63185,45.25061],[15.64011,45.25255],[15.63934,45.26685],[15.65208,45.26527],[15.65942,45.26867],[15.65174,45.27371],[15.65372,45.27782],[15.64994,45.28917],[15.65577,45.28908],[15.65466,45.29125],[15.65814,45.29282],[15.65423,45.29448],[15.65552,45.29629],[15.66007,45.29439],[15.66298,45.29786],[15.65466,45.29868],[15.657,45.3004],[15.64951,45.30444],[15.65722,45.30678],[15.64899,45.30574],[15.65144,45.31077],[15.65854,45.31276],[15.65792,45.323],[15.64983,45.33292],[15.65698,45.33257],[15.656,45.33583],[15.65127,45.33673],[15.65797,45.33914],[15.65908,45.33604],[15.66067,45.34099],[15.67298,45.33951],[15.66989,45.35074],[15.66228,45.3599],[15.66318,45.36474],[15.65205,45.36917],[15.65094,45.37554],[15.61581,45.37195],[15.61579,45.37441],[15.61036,45.37403],[15.60811,45.38786],[15.59456,45.38618],[15.59213,45.379],[15.58642,45.37618],[15.57685,45.37943],[15.56433,45.37785],[15.56518,45.37331],[15.56196,45.37045],[15.5699,45.36565],[15.55158,45.35426],[15.55939,45.34382],[15.56947,45.33857],[15.56756,45.31781],[15.54568,45.32323],[15.54797,45.32997],[15.54248,45.32667],[15.52312,45.33163],[15.52217,45.336],[15.50717,45.34252],[15.5119,45.33313],[15.51701,45.33117],[15.51911,45.32027],[15.50405,45.31342],[15.49909,45.30659],[15.52061,45.30315],[15.54041,45.28413],[15.55013,45.28982],[15.56422,45.28625],[15.56427,45.28141],[15.57386,45.28483],[15.57638,45.28247],[15.57389,45.27721],[15.57685,45.26972],[15.58389,45.26814],[15.58625,45.26265],[15.59211,45.26489],[15.60323,45.26182],[15.61089,45.26484],[15.61466,45.26336],[15.61245,45.25989],[15.61456,45.25407],[15.62113,45.25694],[15.62525,45.25337],[15.62624,45.2464],[15.63012,45.24562]]]}},{"type":"Feature","properties":{"id":"HRV:ADM2:41942358B90023423647319","name":"Općina Vela Luka","countryCode":"HRV","adminLevel":2,"sourceCode":"41942358B90023423647319","parentId":"HRV:ADM1:HRV-1490"},"geometry":{"type":"Polygon","coordinates":[[[16.72999,42.982],[16.74549,42.97778],[16.74527,42.96873],[16.75321,42.96268],[16.7564,42.95026],[16.74435,42.95019],[16.74464,42.94601],[16.75133,42.94299],[16.73487,42.93955],[16.73922,42.93207],[16.7203,42.93242],[16.70194,42.93931],[16.6861,42.94083],[16.67762,42.93857],[16.67306,42.92676],[16.67286,42.92674],[16.67283,42.92616],[16.67222,42.92457],[16.66787,42.92979],[16.66644,42.92722],[16.66299,42.92956],[16.66504,42.92376],[16.65545,42.92626],[16.6407,42.93363],[16.64097,42.93397],[16.63947,42.93517],[16.64173,42.93608],[16.64447,42.93574],[16.64374,42.93688],[16.64742,42.93835],[16.65024,42.93851],[16.65355,42.94081],[16.66006,42.94341],[16.67082,42.94349],[16.66687,42.94613],[16.69313,42.95664],[16.69509,42.9568],[16.69755,42.9584],[16.70128,42.9599],[16.71076,42.95642],[16.70986,42.95981],[16.71745,42.96229],[16.71458,42.96746],[16.71398,42.9629],[16.70755,42.96162],[16.7064,42.96194],[16.7068,42.9621],[16.7068,42.96955],[16.68775,42.97394],[16.66987,42.97568],[16.67076,42.97937],[16.66485,42.97616],[16.66462,42.97619],[16.66406,42.98182],[16.65401,42.98481],[16.65312,42.9806],[16.65044,42.98191],[16.64771,42.97794],[16.64198,42.97961],[16.63993,42.98341],[16.63689,42.98109],[16.63168,42.98261],[16.64655,42.98953],[16.64887,42.98938],[16.64869,42.98551],[16.6575,42.99028],[16.66163,42.98929],[16.66077,42.99234],[16.66412,42.99265],[16.6661,42.9927],[16.66869,42.98729],[16.67316,42.99287],[16.67348,42.99287],[16.67399,42.99112],[16.67913,42.99239],[16.68355,42.99186],[16.68302,42.9899],[16.68694,42.99145],[16.69752,42.99018],[16.69755,42.99018],[16.69623,42.98699],[16.70239,42.99015],[16.70365,42.99015],[16.70787,42.98474],[16.70813,42.98916],[16.71053,42.99011],[16.71404,42.99009],[16.72076,42.98687],[16.72345,42.98871],[16.73073,42.98543],[16.72999,42.982]]]}},{"type":"Feature","properties":{"id":"HRV:ADM2:41942358B90591399791280","name":"Općina Unešić","countryCode":"HRV","adminLevel":2,"sourceCode":"41942358B90591399791280","parentId":"HRV:ADM1:HRV-1491"},"geometry":{"type":"Polygon","coordinates":[[[16.20415,43.78677],[16.19616,43.78095],[16.13325,43.8074],[16.13153,43.797],[16.09688,43.78918],[16.09609,43.78417],[16.08197,43.76768],[16.07626,43.76911],[16.07313,43.76511],[16.06338,43.76722],[16.06154,43.76214],[16.07836,43.74165],[16.07248,43.73202],[16.08072,43.72823],[16.09482,43.73108],[16.10027,43.7283],[16.10689,43.71232],[16.11309,43.70791],[16.11754,43.69874],[16.13104,43.70031],[16.17988,43.69074],[16.18737,43.68267],[16.23124,43.6709],[16.25055,43.6975],[16.28135,43.68745],[16.2815,43.69171],[16.28842,43.6942],[16.32156,43.68796],[16.33271,43.68957],[16.35298,43.71314],[16.34677,43.72314],[16.33713,43.72903],[16.32122,43.74853],[16.30203,43.75663],[16.29899,43.75251],[16.28043,43.76091],[16.26351,43.77339],[16.25568,43.77556],[16.24762,43.77034],[16.20415,43.78677]]]}},{"type":"Feature","properties":{"id":"HRV:ADM2:41942358B90795352030622","name":"Općina Luka","countryCode":"HRV","adminLevel":2,"sourceCode":"41942358B90795352030622","parentId":"HRV:ADM1:HRV-1588"},"geometry":{"type":"Polygon","coordinates":[[[15.79087,45.98607],[15.77977,45.97594],[15.77286,45.95496],[15.78455,45.96202],[15.79738,45.95904],[15.79831,45.95463],[15.80885,45.95261],[15.81205,45.94214],[15.82078,45.93925],[15.82678,45.95772],[15.84286,45.96379],[15.84677,45.97127],[15.84104,45.98002],[15.82769,45.98159],[15.82007,45.98948],[15.81173,45.98887],[15.80967,45.99279],[15.80101,45.99187],[15.80006,45.98629],[15.79087,45.98607]]]}},{"type":"Feature","properties":{"id":"HRV:ADM2:41942358B91057379265139","name":"Grad Zadar","countryCode":"HRV","adminLevel":2,"sourceCode":"41942358B91057379265139","parentId":"HRV:ADM1:HRV-1493"},"geometry":{"type":"MultiPolygon","coordinates":[[[[14.76934,44.40331],[14.76409,44.41112],[14.76344,44.41535],[14.76454,44.41574],[14.77617,44.41412],[14.77494,44.41811],[14.77524,44.41821],[14.78289,44.41893],[14.79477,44.4145],[14.80323,44.4055],[14.80486,44.39665],[14.80026,44.39585],[14.80267,44.39219],[14.79965,44.38764],[14.79929,44.38685],[14.7934,44.38478],[14.79704,44.38197],[14.79672,44.38129],[14.79786,44.37767],[14.80075,44.37403],[14.80135,44.37169],[14.80386,44.37011],[14.80568,44.36783],[14.81121,44.35004],[14.8024,44.34402],[14.80096,44.34426],[14.79977,44.34339],[14.78517,44.34687],[14.77515,44.35199],[14.77574,44.35485],[14.77174,44.35405],[14.77049,44.35485],[14.76895,44.3606],[14.76532,44.36034],[14.76513,44.36292],[14.76063,44.36116],[14.7562,44.364],[14.75782,44.37226],[14.75827,44.37277],[14.76622,44.37366],[14.77707,44.37995],[14.77563,44.38518],[14.76682,44.39343],[14.76669,44.39427],[14.76934,44.40331]]],[[[14.70683,44.35729],[14.70243,44.35949],[14.69834,44.35746],[14.69801,44.35749],[14.69102,44.36545],[14.69076,44.36621],[14.69408,44.36862],[14.68557,44.38751],[14.68062,44.39112],[14.67891,44.38897],[14.6754,44.38997],[14.67288,44.39158],[14.67058,44.39134],[14.66757,44.3922],[14.66147,44.39981],[14.66285,44.40276],[14.66575,44.40376],[14.66424,44.40575],[14.66505,44.4075],[14.66903,44.41012],[14.67275,44.41216],[14.6871,44.40913],[14.70167,44.4016],[14.70419,44.39661],[14.69885,44.38829],[14.70131,44.38372],[14.70185,44.37968],[14.70063,44.37455],[14.71804,44.36681],[14.72072,44.36471],[14.72235,44.36222],[14.72262,44.35831],[14.72137,44.3572],[14.72279,44.35585],[14.72307,44.35171],[14.71372,44.35126],[14.71148,44.35278],[14.71031,44.35286],[14.70546,44.35513],[14.70683,44.35729]]],[[[14.64126,44.32393],[14.65589,44.31394],[14.66139,44.30866],[14.65975,44.30726],[14.65884,44.30783],[14.65899,44.3066],[14.65765,44.30546],[14.65572,44.30591],[14.65343,44.30682],[14.65132,44.31075],[14.64612,44.30972],[14.6408,44.31184],[14.63936,44.31277],[14.63703,44.3159],[14.63304,44.31687],[14.62857,44.31978],[14.62871,44.31985],[14.62403,44.32398],[14.62235,44.32382],[14.61918,44.32587],[14.62242,44.32561],[14.62071,44.32916],[14.61393,44.33138],[14.61279,44.33003],[14.59889,44.33906],[14.59506,44.34711],[14.60647,44.3432],[14.60677,44.34018],[14.61664,44.33902],[14.63291,44.32942],[14.63299,44.33104],[14.64268,44.32619],[14.64126,44.32393]]],[[[14.76369,44.27255],[14.76645,44.26512],[14.76596,44.26504],[14.75994,44.25983],[14.7536,44.26085],[14.7427,44.26754],[14.73813,44.27212],[14.73943,44.2793],[14.74265,44.27811],[14.74179,44.28019],[14.74968,44.28022],[14.74971,44.28024],[14.76127,44.27642],[14.75318,44.28754],[14.75318,44.291],[14.75978,44.29206],[14.77345,44.28514],[14.78564,44.27671],[14.78645,44.27559],[14.78407,44.27379],[14.79076,44.27316],[14.79168,44.27253],[14.7903,44.26857],[14.79024,44.26856],[14.79026,44.26847],[14.78972,44.26691],[14.7773,44.26663],[14.76369,44.27255]]],[[[15.15622,44.1989],[15.16016,44.20459],[15.16918,44.20171],[15.18847,44.20223],[15.20456,44.20885],[15.20753,44.18412],[15.2142,44.16715],[15.2305,44.17911],[15.2534,44.1871],[15.27932,44.16832],[15.28391,44.15524],[15.27966,44.14215],[15.29177,44.13102],[15.29807,44.12918],[15.3292,44.11079],[15.3401,44.09766],[15.31692,44.09341],[15.32469,44.08838],[15.32163,44.08629],[15.30173,44.09507],[15.2946,44.09113],[15.29929,44.08709],[15.29401,44.08632],[15.28714,44.09226],[15.27495,44.08825],[15.23325,44.12092],[15.22464,44.12453],[15.22528,44.12513],[15.22258,44.1254],[15.22202,44.12564],[15.22054,44.12651],[15.22033,44.12818],[15.21835,44.12781],[15.2129,44.13105],[15.21072,44.13486],[15.21305,44.13781],[15.21119,44.14427],[15.21274,44.14826],[15.19695,44.15648],[15.19475,44.15811],[15.17411,44.17411],[15.17248,44.17468],[15.16129,44.18301],[15.16114,44.18631],[15.14927,44.19194],[15.14454,44.19546],[15.14485,44.19581],[15.15622,44.1989]]],[[[15.09787,44.0671],[15.10036,44.06823],[15.10751,44.06025],[15.10849,44.05402],[15.1111,44.05196],[15.10894,44.0497],[15.11185,44.05137],[15.11713,44.04722],[15.11856,44.04266],[15.12704,44.0394],[15.12962,44.03737],[15.13024,44.03185],[15.14011,44.0291],[15.1421,44.02753],[15.14626,44.02598],[15.14571,44.02177],[15.14848,44.0231],[15.15141,44.01719],[15.14859,44.01657],[15.1549,44.00673],[15.15774,44.00445],[15.1583,44.00332],[15.15916,43.99998],[15.1557,44.0014],[15.14349,44.00947],[15.14119,44.01161],[15.14019,44.01166],[15.13055,44.01804],[15.13,44.01885],[15.12856,44.01935],[15.1132,44.02951],[15.10108,44.04292],[15.09396,44.0449],[15.08813,44.05156],[15.0791,44.05208],[15.07757,44.05309],[15.07329,44.06083],[15.0746,44.06146],[15.07735,44.05821],[15.0783,44.06126],[15.07218,44.07907],[15.07293,44.08076],[15.08351,44.0775],[15.08677,44.07573],[15.09388,44.0711],[15.09447,44.07156],[15.09915,44.06903],[15.09787,44.0671]]]]}},{"type":"Feature","properties":{"id":"HRV:ADM2:41942358B91155858559517","name":"Općina Donji Andrijevci","countryCode":"HRV","adminLevel":2,"sourceCode":"41942358B91155858559517","parentId":"HRV:ADM1:HRV-1602"},"geometry":{"type":"Polygon","coordinates":[[[18.2852,45.23958],[18.2711,45.22635],[18.22525,45.21835],[18.23236,45.2139],[18.22859,45.21167],[18.22407,45.21346],[18.2237,45.20795],[18.2146,45.20581],[18.21023,45.20856],[18.20702,45.20556],[18.21123,45.20125],[18.22108,45.19982],[18.22055,45.19495],[18.22503,45.19459],[18.23507,45.1732],[18.24024,45.1747],[18.25016,45.16832],[18.26153,45.16886],[18.26252,45.16192],[18.2752,45.15783],[18.26997,45.14671],[18.2758,45.14606],[18.2843,45.13713],[18.28349,45.12992],[18.28782,45.12772],[18.30339,45.13668],[18.30417,45.13995],[18.29679,45.14468],[18.2943,45.15151],[18.30865,45.15269],[18.3067,45.15538],[18.31069,45.15845],[18.30751,45.15892],[18.30545,45.16422],[18.30803,45.16755],[18.32985,45.17137],[18.33098,45.19479],[18.32695,45.20085],[18.32758,45.20557],[18.31434,45.21226],[18.30786,45.20944],[18.29887,45.21134],[18.30226,45.22573],[18.29202,45.22519],[18.28728,45.23205],[18.2911,45.23363],[18.2852,45.23958]]]}},{"type":"Feature","properties":{"id":"HRV:ADM2:41942358B91463548368023","name":"Općina Podbablje","countryCode":"HRV","adminLevel":2,"sourceCode":"41942358B91463548368023","parentId":"HRV:ADM1:HRV-1492"},"geometry":{"type":"Polygon","coordinates":[[[17.17491,43.44277],[17.15796,43.44597],[17.14891,43.43516],[17.1506,43.43114],[17.13826,43.43242],[17.13547,43.43307],[17.13382,43.43996],[17.14022,43.4494],[17.11578,43.45443],[17.11273,43.45103],[17.11331,43.44298],[17.10829,43.4355],[17.10219,43.43279],[17.09943,43.41702],[17.1167,43.40985],[17.18253,43.3677],[17.20395,43.42963],[17.1802,43.43203],[17.17491,43.44277]]]}},{"type":"Feature","properties":{"id":"HRV:ADM2:41942358B91488879937129","name":"Općina Kršan","countryCode":"HRV","adminLevel":2,"sourceCode":"41942358B91488879937129","parentId":"HRV:ADM1:HRV-1592"},"geometry":{"type":"Polygon","coordinates":[[[14.16922,45.13467],[14.17339,45.13371],[14.14573,45.12369],[14.1275,45.14376],[14.15096,45.1546],[14.13888,45.16504],[14.11449,45.15862],[14.10022,45.16843],[14.08269,45.18868],[14.09715,45.19733],[14.10617,45.20973],[14.10222,45.20741],[14.10055,45.2097],[14.10392,45.21473],[14.08967,45.23085],[14.0978,45.23292],[14.09587,45.23657],[14.10309,45.24874],[14.11855,45.24648],[14.12172,45.25243],[14.10315,45.25266],[14.08765,45.2593],[14.11445,45.26627],[14.12084,45.27219],[14.13586,45.26544],[14.17333,45.27721],[14.19231,45.27436],[14.18879,45.25623],[14.2069,45.21372],[14.20572,45.18509],[14.20195,45.17251],[14.1956,45.16502],[14.21055,45.16303],[14.21809,45.15568],[14.22634,45.15379],[14.22854,45.14944],[14.22275,45.14418],[14.22392,45.14082],[14.21895,45.13593],[14.2166,45.13486],[14.21546,45.1325],[14.20924,45.12637],[14.17937,45.13451],[14.18135,45.13279],[14.16922,45.13467]]]}},{"type":"Feature","properties":{"id":"HRV:ADM2:41942358B91515281449110","name":"Općina Matulji","countryCode":"HRV","adminLevel":2,"sourceCode":"41942358B91515281449110","parentId":"HRV:ADM1:HRV-1586"},"geometry":{"type":"Polygon","coordinates":[[[14.18841,45.39264],[14.20618,45.39063],[14.21214,45.38272],[14.22257,45.37692],[14.23054,45.37711],[14.27845,45.36001],[14.28287,45.35404],[14.28157,45.34884],[14.29279,45.33893],[14.29767,45.33926],[14.30478,45.34896],[14.30302,45.35167],[14.30952,45.35793],[14.32003,45.35646],[14.32712,45.3607],[14.33581,45.35651],[14.33802,45.36528],[14.34421,45.36745],[14.32459,45.37003],[14.32782,45.37691],[14.33962,45.3854],[14.32815,45.40018],[14.32264,45.39896],[14.31402,45.40978],[14.31928,45.41767],[14.30319,45.42565],[14.30925,45.43613],[14.31995,45.43314],[14.32599,45.457],[14.33143,45.46169],[14.31999,45.47291],[14.31663,45.48297],[14.30598,45.48019],[14.29102,45.48491],[14.28643,45.49035],[14.27606,45.48929],[14.26793,45.48227],[14.26453,45.48281],[14.24498,45.50538],[14.23483,45.50557],[14.22333,45.50138],[14.21996,45.49336],[14.21046,45.48903],[14.20629,45.48207],[14.20925,45.47977],[14.20654,45.47847],[14.20761,45.46927],[14.17294,45.47959],[14.15399,45.48105],[14.14322,45.47504],[14.13654,45.47503],[14.11144,45.48228],[14.10951,45.47832],[14.11522,45.47097],[14.10719,45.45983],[14.1189,45.45079],[14.12088,45.44318],[14.16476,45.41611],[14.20482,45.4042],[14.20643,45.40076],[14.18841,45.39264]]]}},{"type":"Feature","properties":{"id":"HRV:ADM2:41942358B91711209403379","name":"Općina Veliki Pisanica","countryCode":"HRV","adminLevel":2,"sourceCode":"41942358B91711209403379","parentId":"HRV:ADM1:HRV-1607"},"geometry":{"type":"Polygon","coordinates":[[[17.09038,45.90467],[17.08262,45.90484],[17.07662,45.89234],[17.077,45.88102],[17.067,45.87056],[17.08451,45.86694],[17.08428,45.85324],[17.1024,45.85762],[17.10559,45.85553],[17.06417,45.83279],[17.0599,45.84039],[17.05012,45.83574],[17.03956,45.8378],[17.02172,45.82471],[17.00739,45.82084],[17.01377,45.81619],[17.00875,45.81684],[17.0063,45.8116],[17.00074,45.81057],[17.02035,45.78499],[17.04043,45.76752],[17.05569,45.76737],[17.07005,45.77967],[17.09445,45.78303],[17.09651,45.7913],[17.10039,45.79367],[17.11786,45.79479],[17.13673,45.81249],[17.14904,45.8138],[17.14956,45.82369],[17.14275,45.8343],[17.13876,45.83436],[17.1361,45.8432],[17.14211,45.85101],[17.13893,45.85762],[17.14721,45.8624],[17.1379,45.87317],[17.14391,45.87744],[17.10735,45.88617],[17.10735,45.89069],[17.09293,45.89384],[17.09038,45.90467]]]}},{"type":"Feature","properties":{"id":"HRV:ADM2:41942358B91823539843565","name":"Općina Podcrkavlje","countryCode":"HRV","adminLevel":2,"sourceCode":"41942358B91823539843565","parentId":"HRV:ADM1:HRV-1602"},"geometry":{"type":"Polygon","coordinates":[[[18.0412,45.18786],[18.05255,45.1905],[18.05392,45.19759],[18.05863,45.19916],[18.05964,45.2069],[18.05526,45.20678],[18.06169,45.21651],[18.06867,45.22121],[18.07446,45.21668],[18.07843,45.21835],[18.08122,45.22355],[18.07624,45.23156],[18.08298,45.26025],[18.03307,45.28201],[18.00308,45.28419],[17.99426,45.2876],[17.93242,45.29011],[17.93651,45.26643],[17.94368,45.25392],[17.94411,45.24305],[17.94986,45.22928],[17.9623,45.21554],[17.96247,45.2078],[17.97029,45.21464],[17.97298,45.19993],[17.99039,45.19695],[17.9996,45.20117],[18.01096,45.19997],[18.01872,45.20412],[18.03396,45.205],[18.0422,45.19789],[18.03953,45.19194],[18.0412,45.18786]]]}},{"type":"Feature","properties":{"id":"HRV:ADM2:41942358B92131033251533","name":"Općina Seget","countryCode":"HRV","adminLevel":2,"sourceCode":"41942358B92131033251533","parentId":"HRV:ADM1:HRV-1492"},"geometry":{"type":"Polygon","coordinates":[[[16.17897,43.52967],[16.18274,43.53628],[16.18089,43.53942],[16.16429,43.55337],[16.15273,43.55366],[16.13222,43.55896],[16.12854,43.56317],[16.12327,43.56124],[16.11776,43.5653],[16.12217,43.57434],[16.13459,43.58329],[16.1464,43.59867],[16.1022,43.61076],[16.10861,43.63029],[16.12025,43.63522],[16.16901,43.61345],[16.21215,43.61134],[16.2065,43.59522],[16.21512,43.57812],[16.22173,43.5697],[16.2525,43.55541],[16.24698,43.55022],[16.23538,43.54645],[16.23489,43.52904],[16.23635,43.5265],[16.17938,43.52553],[16.17897,43.52967]]]}},{"type":"Feature","properties":{"id":"HRV:ADM2:41942358B92225299849481","name":"Općina Berek","countryCode":"HRV","adminLevel":2,"sourceCode":"41942358B92225299849481","parentId":"HRV:ADM1:HRV-1607"},"geometry":{"type":"Polygon","coordinates":[[[16.83769,45.8329],[16.8276,45.83767],[16.78369,45.8263],[16.78477,45.81202],[16.77548,45.80088],[16.77202,45.77634],[16.76506,45.7676],[16.75939,45.73641],[16.75143,45.73205],[16.75808,45.72636],[16.75867,45.71936],[16.76893,45.71703],[16.76829,45.71445],[16.74806,45.72083],[16.7248,45.71022],[16.72149,45.70516],[16.71437,45.70468],[16.69441,45.6813],[16.70379,45.65427],[16.72193,45.64454],[16.72046,45.64124],[16.72827,45.63248],[16.7297,45.62273],[16.73569,45.62153],[16.74192,45.62513],[16.75534,45.61559],[16.77485,45.61965],[16.78387,45.62542],[16.80894,45.62578],[16.82264,45.64129],[16.83741,45.64561],[16.85148,45.65833],[16.87886,45.65995],[16.88912,45.65536],[16.89706,45.65674],[16.90873,45.66457],[16.90676,45.66912],[16.91159,45.67472],[16.91141,45.68824],[16.90785,45.69155],[16.90899,45.69522],[16.90071,45.69791],[16.89202,45.7321],[16.89783,45.74237],[16.91071,45.74968],[16.89337,45.77604],[16.87969,45.78453],[16.86151,45.8192],[16.83769,45.8329]]]}},{"type":"Feature","properties":{"id":"HRV:ADM2:41942358B92440588808964","name":"Općina Đulovac","countryCode":"HRV","adminLevel":2,"sourceCode":"41942358B92440588808964","parentId":"HRV:ADM1:HRV-1607"},"geometry":{"type":"Polygon","coordinates":[[[17.24375,45.66121],[17.23096,45.64046],[17.21309,45.64066],[17.20782,45.63019],[17.23068,45.61741],[17.23684,45.61698],[17.23427,45.60761],[17.25846,45.60809],[17.26017,45.60634],[17.25555,45.60409],[17.25794,45.59945],[17.30518,45.59892],[17.31761,45.59511],[17.3172,45.59017],[17.33299,45.59442],[17.33621,45.59801],[17.33531,45.60374],[17.36192,45.59852],[17.41777,45.59629],[17.45391,45.61063],[17.44968,45.61655],[17.44786,45.63178],[17.47872,45.65927],[17.47569,45.67449],[17.48658,45.68041],[17.48863,45.68854],[17.49603,45.69293],[17.49896,45.69149],[17.49601,45.69407],[17.49209,45.69135],[17.49379,45.69616],[17.48997,45.69725],[17.49434,45.69877],[17.48593,45.6987],[17.48915,45.70213],[17.48716,45.70421],[17.44769,45.70886],[17.44777,45.71323],[17.45782,45.7197],[17.44387,45.72997],[17.42087,45.72435],[17.41797,45.7162],[17.40705,45.71752],[17.40187,45.70637],[17.38733,45.7014],[17.38898,45.69845],[17.38619,45.69567],[17.37501,45.69059],[17.36647,45.68777],[17.35043,45.69512],[17.34174,45.69427],[17.31732,45.68469],[17.3001,45.66829],[17.28925,45.66739],[17.28573,45.66],[17.26791,45.66025],[17.25017,45.66526],[17.24375,45.66121]]]}},{"type":"Feature","properties":{"id":"HRV:ADM2:41942358B92876055827271","name":"Općina Rakovec","countryCode":"HRV","adminLevel":2,"sourceCode":"41942358B92876055827271","parentId":"HRV:ADM1:HRV-1588"},"geometry":{"type":"Polygon","coordinates":[[[16.38263,45.9322],[16.37928,45.93957],[16.3674,45.94399],[16.36302,45.949],[16.35075,45.94599],[16.34038,45.95982],[16.34288,45.96732],[16.32841,45.96875],[16.32413,45.96094],[16.31427,45.96064],[16.30822,45.94617],[16.30221,45.94372],[16.29762,45.93624],[16.29202,45.93598],[16.28727,45.92647],[16.27733,45.92633],[16.28421,45.91709],[16.27975,45.90947],[16.28465,45.9025],[16.28252,45.89447],[16.28944,45.8897],[16.30895,45.90321],[16.33109,45.89565],[16.33083,45.90067],[16.3368,45.89921],[16.34233,45.91313],[16.34641,45.91265],[16.34877,45.91835],[16.38263,45.9322]]]}},{"type":"Feature","properties":{"id":"HRV:ADM2:41942358B93167508493012","name":"Grad Čakovec","countryCode":"HRV","adminLevel":2,"sourceCode":"41942358B93167508493012","parentId":"HRV:ADM1:HRV-1609"},"geometry":{"type":"Polygon","coordinates":[[[16.49033,46.41305],[16.4938,46.43106],[16.50074,46.42966],[16.49641,46.4365],[16.49864,46.44051],[16.49192,46.44211],[16.49294,46.44392],[16.46323,46.44482],[16.46736,46.45329],[16.43519,46.46255],[16.42578,46.44954],[16.42125,46.44936],[16.41655,46.44404],[16.42819,46.44419],[16.42285,46.42292],[16.42568,46.41925],[16.42599,46.40646],[16.43214,46.40547],[16.43343,46.40176],[16.3995,46.39286],[16.40559,46.38867],[16.40286,46.38365],[16.40464,46.37938],[16.42282,46.37915],[16.4204,46.37351],[16.42544,46.36045],[16.4284,46.36162],[16.42924,46.35303],[16.44366,46.35184],[16.45018,46.34826],[16.43701,46.34588],[16.4372,46.34305],[16.42657,46.3396],[16.42808,46.33586],[16.42205,46.33268],[16.41405,46.33712],[16.39778,46.33808],[16.39984,46.34066],[16.39678,46.3446],[16.39142,46.34399],[16.38307,46.32796],[16.3782,46.3285],[16.3774,46.32607],[16.40786,46.3252],[16.44841,46.31762],[16.45626,46.31966],[16.45686,46.32462],[16.46658,46.32525],[16.46379,46.32977],[16.46973,46.33737],[16.46825,46.33958],[16.48415,46.34051],[16.4879,46.34492],[16.49306,46.34211],[16.49457,46.34684],[16.49812,46.34522],[16.51198,46.3507],[16.51014,46.35497],[16.51724,46.35753],[16.51346,46.36289],[16.50423,46.36439],[16.50447,46.36917],[16.50846,46.36973],[16.50237,46.37447],[16.50211,46.38042],[16.48601,46.38147],[16.48682,46.37574],[16.47656,46.37591],[16.47335,46.38321],[16.45923,46.38768],[16.45953,46.39162],[16.4666,46.39597],[16.45965,46.39771],[16.46249,46.4132],[16.47058,46.41825],[16.472,46.41233],[16.48892,46.4154],[16.49033,46.41305]]]}},{"type":"Feature","properties":{"id":"HRV:ADM2:41942358B93187405092894","name":"Općina Sveti Križ Začretje","countryCode":"HRV","adminLevel":2,"sourceCode":"41942358B93187405092894","parentId":"HRV:ADM1:HRV-1582"},"geometry":{"type":"Polygon","coordinates":[[[15.94149,46.11201],[15.90708,46.10816],[15.90734,46.11494],[15.91168,46.11738],[15.90003,46.11884],[15.89864,46.11512],[15.89094,46.11345],[15.89244,46.10827],[15.88412,46.10776],[15.87615,46.11246],[15.869,46.10718],[15.86437,46.0976],[15.87104,46.09431],[15.87294,46.0875],[15.86828,46.07778],[15.87632,46.06511],[15.87941,46.06846],[15.88682,46.06569],[15.88026,46.0438],[15.88208,46.04208],[15.89917,46.05304],[15.9064,46.04622],[15.91467,46.04813],[15.92075,46.03847],[15.92957,46.04582],[15.93791,46.0467],[15.94133,46.04136],[15.93761,46.03497],[15.94249,46.03107],[15.94744,46.0366],[15.94804,46.04199],[15.94463,46.04413],[15.95162,46.04322],[15.94749,46.04612],[15.95212,46.04984],[15.93712,46.05182],[15.93846,46.05454],[15.93441,46.05919],[15.94872,46.07109],[15.94614,46.07844],[15.95756,46.08186],[15.95139,46.08253],[15.94711,46.09038],[15.94644,46.09749],[15.95159,46.10029],[15.94653,46.10564],[15.94198,46.10195],[15.94149,46.11201]]]}},{"type":"Feature","properties":{"id":"HRV:ADM2:41942358B93206939231013","name":"Općina Strahoninec","countryCode":"HRV","adminLevel":2,"sourceCode":"41942358B93206939231013","parentId":"HRV:ADM1:HRV-1609"},"geometry":{"type":"Polygon","coordinates":[[[16.4013,46.38933],[16.39906,46.38495],[16.40293,46.37791],[16.40276,46.36619],[16.40849,46.36625],[16.40437,46.36396],[16.40482,46.35592],[16.40128,46.35552],[16.40439,46.34373],[16.42263,46.34373],[16.42657,46.3396],[16.4372,46.34305],[16.43898,46.34691],[16.45018,46.34826],[16.44366,46.35184],[16.42924,46.35303],[16.4284,46.36162],[16.42544,46.36045],[16.4204,46.37351],[16.42282,46.37915],[16.40464,46.37938],[16.40286,46.38365],[16.40559,46.38867],[16.4013,46.38933]]]}},{"type":"Feature","properties":{"id":"HRV:ADM2:41942358B93268034393591","name":"Općina Borovo","countryCode":"HRV","adminLevel":2,"sourceCode":"41942358B93268034393591","parentId":"HRV:ADM1:HRV-1605"},"geometry":{"type":"Polygon","coordinates":[[[18.95082,45.43073],[18.94284,45.42689],[18.94231,45.40907],[18.92564,45.39252],[18.92811,45.39018],[18.94186,45.3859],[18.9437,45.39042],[18.97128,45.3899],[18.98407,45.39851],[19.01892,45.40148],[19.02884,45.40875],[19.03048,45.41453],[19.02811,45.42077],[19.00476,45.435],[19.00155,45.43201],[18.99044,45.43173],[18.98405,45.43239],[18.97886,45.43731],[18.95082,45.43073]]]}},{"type":"Feature","properties":{"id":"HRV:ADM2:41942358B93705888850267","name":"Općina Gornji Mihaljevec","countryCode":"HRV","adminLevel":2,"sourceCode":"41942358B93705888850267","parentId":"HRV:ADM1:HRV-1609"},"geometry":{"type":"Polygon","coordinates":[[[16.27168,46.43118],[16.27562,46.42214],[16.27244,46.41535],[16.2823,46.41492],[16.30042,46.40398],[16.31521,46.40402],[16.31678,46.40822],[16.32222,46.40997],[16.32879,46.40987],[16.32961,46.40663],[16.33599,46.41106],[16.35046,46.4111],[16.35547,46.4201],[16.34551,46.42743],[16.34562,46.44345],[16.33606,46.44341],[16.33762,46.44779],[16.33457,46.4506],[16.34331,46.45827],[16.34416,46.46489],[16.33773,46.4649],[16.33455,46.46841],[16.32599,46.46529],[16.30734,46.46612],[16.29712,46.4635],[16.29624,46.45968],[16.29046,46.45805],[16.28863,46.46211],[16.28029,46.46005],[16.28303,46.45266],[16.28089,46.44794],[16.28521,46.4433],[16.27788,46.43895],[16.27736,46.4334],[16.27168,46.43118]]]}},{"type":"Feature","properties":{"id":"HRV:ADM2:41942358B93948299255471","name":"Općina Koprivnički Bregi","countryCode":"HRV","adminLevel":2,"sourceCode":"41942358B93948299255471","parentId":"HRV:ADM1:HRV-1608"},"geometry":{"type":"Polygon","coordinates":[[[16.867,46.08382],[16.89345,46.12495],[16.90538,46.11228],[16.91697,46.10865],[16.92349,46.11445],[16.92766,46.10874],[16.93156,46.10883],[16.93311,46.11377],[16.9377,46.11344],[16.94113,46.11873],[16.95628,46.12453],[16.95285,46.13146],[16.95521,46.13283],[16.94487,46.13307],[16.94525,46.13667],[16.93585,46.13777],[16.92427,46.14606],[16.93191,46.15546],[16.9309,46.16275],[16.89691,46.15651],[16.88976,46.15206],[16.88333,46.15252],[16.87994,46.14828],[16.86574,46.15163],[16.85172,46.1477],[16.85637,46.14071],[16.85475,46.13806],[16.8866,46.12808],[16.87722,46.12059],[16.86932,46.12558],[16.86702,46.11742],[16.85467,46.11452],[16.84638,46.10273],[16.84645,46.0839],[16.867,46.08382]]]}},{"type":"Feature","properties":{"id":"HRV:ADM2:41942358B94080481803210","name":"Općina Novigrad Podravski","countryCode":"HRV","adminLevel":2,"sourceCode":"41942358B94080481803210","parentId":"HRV:ADM1:HRV-1608"},"geometry":{"type":"Polygon","coordinates":[[[16.89214,46.04473],[16.90363,46.04439],[16.90327,46.04069],[16.91296,46.04146],[16.91987,46.04432],[16.91863,46.04716],[16.92968,46.06023],[16.93847,46.05562],[16.93792,46.04855],[16.94132,46.04817],[16.96143,46.06388],[16.96615,46.06335],[16.9716,46.07627],[16.96808,46.0863],[16.9701,46.09106],[16.97799,46.09916],[17.01473,46.11534],[17.01257,46.12475],[17.00563,46.13053],[16.9917,46.13371],[16.99014,46.13167],[16.95844,46.14123],[16.95285,46.13146],[16.95628,46.12453],[16.94113,46.11873],[16.9377,46.11344],[16.93311,46.11377],[16.93156,46.10883],[16.92766,46.10874],[16.92349,46.11445],[16.91697,46.10865],[16.90538,46.11228],[16.89345,46.12495],[16.867,46.08382],[16.87113,46.07872],[16.87776,46.07873],[16.86991,46.06964],[16.87292,46.06593],[16.87015,46.06028],[16.88117,46.06129],[16.88651,46.05538],[16.88359,46.0458],[16.89214,46.04473]]]}},{"type":"Feature","properties":{"id":"HRV:ADM2:41942358B94093317954750","name":"Općina Crnac","countryCode":"HRV","adminLevel":2,"sourceCode":"41942358B94093317954750","parentId":"HRV:ADM1:HRV-1606"},"geometry":{"type":"Polygon","coordinates":[[[17.99976,45.71845],[17.95743,45.71733],[17.96618,45.72844],[17.95958,45.7299],[17.93678,45.72872],[17.92583,45.73171],[17.91593,45.72751],[17.90114,45.72782],[17.88186,45.70754],[17.88033,45.68894],[17.87472,45.67897],[17.87953,45.66785],[17.90745,45.65786],[17.91883,45.64858],[17.92821,45.65066],[17.93106,45.64474],[17.9357,45.64675],[17.9471,45.64457],[17.93949,45.6604],[17.96261,45.66307],[17.9646,45.65294],[17.96063,45.65248],[17.96798,45.63197],[18.01641,45.65523],[18.01669,45.66469],[18.00167,45.68166],[18.00783,45.68377],[17.99976,45.71845]]]}},{"type":"Feature","properties":{"id":"HRV:ADM2:41942358B94141520470755","name":"Grad Kutjevo","countryCode":"HRV","adminLevel":2,"sourceCode":"41942358B94141520470755","parentId":"HRV:ADM1:HRV-1604"},"geometry":{"type":"Polygon","coordinates":[[[17.90594,45.45368],[17.89776,45.45338],[17.89388,45.45832],[17.88454,45.46113],[17.88563,45.4739],[17.87217,45.47832],[17.87123,45.48443],[17.8535,45.48868],[17.83968,45.48337],[17.83017,45.47256],[17.79464,45.4763],[17.77876,45.47445],[17.77571,45.4706],[17.7776,45.46663],[17.79253,45.45664],[17.79304,45.45279],[17.77639,45.42629],[17.75648,45.41388],[17.76002,45.40146],[17.76251,45.40121],[17.76101,45.39536],[17.78461,45.39281],[17.78373,45.38964],[17.78828,45.38986],[17.78571,45.38157],[17.8114,45.38224],[17.81169,45.37851],[17.81815,45.37863],[17.82912,45.35822],[17.83499,45.35789],[17.84102,45.36746],[17.84029,45.36431],[17.84712,45.35555],[17.84896,45.33082],[17.85677,45.32171],[17.87415,45.32403],[17.86834,45.33049],[17.86291,45.3447],[17.86714,45.35744],[17.87482,45.35774],[17.87759,45.36737],[17.88222,45.36513],[17.88239,45.35263],[17.89437,45.35106],[17.92149,45.33079],[17.92608,45.33803],[17.91784,45.33966],[17.92196,45.35878],[17.93312,45.36692],[17.9466,45.36167],[17.95947,45.36632],[17.96316,45.37609],[17.95106,45.37681],[17.95303,45.38489],[17.95835,45.39152],[17.96479,45.38917],[17.97346,45.41695],[17.98132,45.42402],[17.96379,45.4302],[17.96027,45.43657],[17.95119,45.4378],[17.93703,45.45192],[17.90594,45.45368]]]}},{"type":"Feature","properties":{"id":"HRV:ADM2:41942358B94174565911026","name":"Općina Velika Ludina","countryCode":"HRV","adminLevel":2,"sourceCode":"41942358B94174565911026","parentId":"HRV:ADM1:HRV-1587"},"geometry":{"type":"Polygon","coordinates":[[[16.70222,45.6575],[16.69529,45.65402],[16.68188,45.65192],[16.67489,45.65407],[16.66795,45.65125],[16.66837,45.66461],[16.66214,45.66974],[16.65737,45.66691],[16.64848,45.66769],[16.64267,45.66307],[16.62472,45.66394],[16.60992,45.67036],[16.60687,45.65032],[16.59254,45.64798],[16.58998,45.6391],[16.59398,45.63316],[16.58681,45.62801],[16.574,45.62194],[16.56387,45.62215],[16.55836,45.62668],[16.54629,45.62393],[16.53489,45.61006],[16.5173,45.6085],[16.49989,45.60112],[16.50051,45.59611],[16.49417,45.58685],[16.48148,45.58201],[16.48078,45.56986],[16.47464,45.56961],[16.47637,45.574],[16.47119,45.57559],[16.46889,45.56959],[16.46035,45.56481],[16.4679,45.56192],[16.45235,45.5538],[16.45367,45.54595],[16.44987,45.53239],[16.45485,45.52478],[16.48607,45.51085],[16.48445,45.51354],[16.48945,45.51616],[16.48387,45.51735],[16.47872,45.52368],[16.50124,45.5445],[16.51589,45.55324],[16.5114,45.56049],[16.51301,45.56542],[16.52606,45.5593],[16.56193,45.58255],[16.5688,45.57512],[16.58147,45.58244],[16.58251,45.58645],[16.6332,45.60406],[16.63902,45.5965],[16.65372,45.59989],[16.65582,45.60114],[16.6529,45.60488],[16.6567,45.60711],[16.65273,45.61164],[16.6582,45.61843],[16.67848,45.63039],[16.69384,45.64499],[16.70167,45.64518],[16.70794,45.65183],[16.70222,45.6575]]]}},{"type":"Feature","properties":{"id":"HRV:ADM2:41942358B94439026462620","name":"Općina Vrsar","countryCode":"HRV","adminLevel":2,"sourceCode":"41942358B94439026462620","parentId":"HRV:ADM1:HRV-1592"},"geometry":{"type":"MultiPolygon","coordinates":[[[[13.63372,45.1668],[13.65416,45.1615],[13.65483,45.16646],[13.67242,45.17032],[13.67793,45.17433],[13.69504,45.17336],[13.71005,45.17758],[13.71171,45.16702],[13.7264,45.14869],[13.72537,45.13843],[13.73467,45.13186],[13.72406,45.1344],[13.72625,45.13451],[13.70672,45.1411],[13.6836,45.14338],[13.63689,45.14203],[13.61199,45.13679],[13.6023,45.1372],[13.60196,45.13943],[13.59878,45.14046],[13.59808,45.14168],[13.60089,45.14274],[13.59776,45.147],[13.60353,45.14879],[13.59698,45.1502],[13.59712,45.15168],[13.59743,45.15334],[13.6041,45.1532],[13.61104,45.15883],[13.60052,45.16505],[13.60007,45.1675],[13.63372,45.1668]]],[[[13.60107,45.1586],[13.60301,45.15982],[13.60242,45.15752],[13.60107,45.1586]]],[[[13.59626,45.14699],[13.59625,45.14699],[13.59625,45.14701],[13.59626,45.14699]]]]}},{"type":"Feature","properties":{"id":"HRV:ADM2:41942358B9507377140986","name":"Općina Lanišće","countryCode":"HRV","adminLevel":2,"sourceCode":"41942358B9507377140986","parentId":"HRV:ADM1:HRV-1592"},"geometry":{"type":"Polygon","coordinates":[[[14.09948,45.38501],[14.10999,45.38613],[14.12829,45.37344],[14.13524,45.36298],[14.15214,45.35368],[14.18214,45.36662],[14.18632,45.37697],[14.18249,45.38551],[14.18841,45.39264],[14.20643,45.40076],[14.20482,45.4042],[14.16476,45.41611],[14.12088,45.44318],[14.1189,45.45079],[14.10719,45.45983],[14.11522,45.47097],[14.10951,45.47832],[14.11144,45.48228],[14.07073,45.48541],[14.0495,45.49855],[14.0422,45.49888],[14.0111,45.51977],[14.00192,45.51998],[13.99747,45.51605],[14.00175,45.50807],[13.98746,45.50965],[13.97458,45.51507],[13.96221,45.50599],[13.96563,45.4962],[13.98422,45.48948],[13.99231,45.48246],[13.98709,45.48103],[13.99657,45.4722],[13.98563,45.46917],[13.98712,45.45901],[13.97073,45.44762],[13.96932,45.44272],[13.9814,45.43111],[13.99078,45.42517],[14.01299,45.42208],[14.02525,45.42966],[14.03573,45.42233],[14.03569,45.41845],[14.05502,45.41275],[14.06825,45.40125],[14.09948,45.38501]]]}},{"type":"Feature","properties":{"id":"HRV:ADM2:41942358B95509150368472","name":"Općina Kostrena","countryCode":"HRV","adminLevel":2,"sourceCode":"41942358B95509150368472","parentId":"HRV:ADM1:HRV-1586"},"geometry":{"type":"Polygon","coordinates":[[[14.48289,45.31559],[14.47587,45.31262],[14.47582,45.31632],[14.48734,45.31992],[14.49595,45.31881],[14.51214,45.31139],[14.52127,45.31121],[14.52378,45.30744],[14.55298,45.2904],[14.55193,45.28807],[14.54331,45.28384],[14.53305,45.28388],[14.52443,45.28876],[14.51051,45.29975],[14.48833,45.30772],[14.48834,45.30803],[14.48528,45.30882],[14.47755,45.31159],[14.48289,45.31559]]]}},{"type":"Feature","properties":{"id":"HRV:ADM2:41942358B96072525636377","name":"Općina Sveti Lovreč","countryCode":"HRV","adminLevel":2,"sourceCode":"41942358B96072525636377","parentId":"HRV:ADM1:HRV-1592"},"geometry":{"type":"Polygon","coordinates":[[[13.69914,45.17563],[13.71005,45.17758],[13.71171,45.16702],[13.7264,45.14869],[13.72537,45.13843],[13.73467,45.13186],[13.74712,45.13833],[13.77636,45.14638],[13.79765,45.1627],[13.78874,45.16745],[13.78883,45.17962],[13.78026,45.19165],[13.75734,45.1931],[13.74601,45.18891],[13.74151,45.19648],[13.73063,45.19772],[13.73646,45.18696],[13.72288,45.18352],[13.70028,45.18515],[13.69689,45.17793],[13.69914,45.17563]]]}},{"type":"Feature","properties":{"id":"HRV:ADM2:41942358B96150752107300","name":"Grad Dugo Selo","countryCode":"HRV","adminLevel":2,"sourceCode":"41942358B96150752107300","parentId":"HRV:ADM1:HRV-1588"},"geometry":{"type":"Polygon","coordinates":[[[16.20002,45.79649],[16.21294,45.78355],[16.24201,45.77959],[16.24796,45.77566],[16.25834,45.77807],[16.26817,45.76286],[16.27978,45.7677],[16.29266,45.76292],[16.30134,45.80218],[16.29017,45.81283],[16.2832,45.80905],[16.27768,45.82724],[16.27269,45.82414],[16.27496,45.81909],[16.26619,45.81528],[16.26074,45.81706],[16.25093,45.83402],[16.2163,45.83855],[16.20469,45.82924],[16.19983,45.81866],[16.20253,45.81042],[16.20002,45.79649]]]}},{"type":"Feature","properties":{"id":"HRV:ADM2:41942358B96153319262415","name":"Općina Lukač","countryCode":"HRV","adminLevel":2,"sourceCode":"41942358B96153319262415","parentId":"HRV:ADM1:HRV-1606"},"geometry":{"type":"Polygon","coordinates":[[[17.36902,45.87386],[17.3768,45.87253],[17.37944,45.86616],[17.3914,45.86742],[17.39009,45.86481],[17.41148,45.85829],[17.41302,45.86147],[17.44455,45.84796],[17.45906,45.84992],[17.46695,45.84737],[17.46901,45.84949],[17.4613,45.86055],[17.47403,45.87249],[17.48423,45.87576],[17.48654,45.88099],[17.50556,45.89285],[17.48813,45.89837],[17.49783,45.90661],[17.50922,45.9109],[17.50877,45.92047],[17.51442,45.9215],[17.5202,45.93776],[17.47093,45.94311],[17.43783,45.95038],[17.42816,45.94691],[17.42721,45.94392],[17.43678,45.93318],[17.43515,45.92868],[17.41198,45.93039],[17.40953,45.93302],[17.41081,45.93997],[17.39551,45.93027],[17.38876,45.93187],[17.38492,45.9374],[17.38299,45.93339],[17.38749,45.9288],[17.38127,45.92207],[17.38629,45.91962],[17.38129,45.91839],[17.38782,45.91792],[17.36902,45.87386]]]}},{"type":"Feature","properties":{"id":"HRV:ADM2:41942358B96307253127715","name":"Općina Ravna Gora","countryCode":"HRV","adminLevel":2,"sourceCode":"41942358B96307253127715","parentId":"HRV:ADM1:HRV-1586"},"geometry":{"type":"Polygon","coordinates":[[[14.96664,45.40014],[14.95191,45.38672],[14.94213,45.38332],[14.91447,45.38452],[14.91626,45.39767],[14.92887,45.40707],[14.92291,45.41294],[14.91403,45.40207],[14.8969,45.41219],[14.87815,45.39562],[14.86424,45.39043],[14.86742,45.38145],[14.87828,45.38165],[14.88175,45.37313],[14.87025,45.37072],[14.85523,45.35022],[14.88944,45.3288],[14.91786,45.31962],[14.97434,45.32318],[15.00958,45.3292],[14.99675,45.34102],[14.99121,45.36116],[15.00464,45.36639],[15.01659,45.40472],[14.96664,45.40014]]]}},{"type":"Feature","properties":{"id":"HRV:ADM2:41942358B96352283273979","name":"Općina Draž","countryCode":"HRV","adminLevel":2,"sourceCode":"41942358B96352283273979","parentId":"HRV:ADM1:HRV-1603"},"geometry":{"type":"Polygon","coordinates":[[[18.71687,45.80594],[18.72317,45.80715],[18.73387,45.80367],[18.73722,45.80752],[18.76319,45.81425],[18.76569,45.82096],[18.7724,45.81531],[18.77716,45.81515],[18.78586,45.81999],[18.8043,45.82222],[18.80723,45.82576],[18.8186,45.82166],[18.8227,45.82683],[18.83681,45.82062],[18.83321,45.81858],[18.83849,45.81656],[18.82814,45.80828],[18.83022,45.79545],[18.83786,45.78961],[18.84643,45.78818],[18.85922,45.7917],[18.8603,45.79701],[18.87866,45.80652],[18.88162,45.81193],[18.8813,45.81694],[18.87653,45.80753],[18.86267,45.80617],[18.85105,45.80797],[18.84657,45.81582],[18.85527,45.83068],[18.85739,45.8441],[18.85524,45.8591],[18.8596,45.86317],[18.88648,45.85894],[18.90314,45.86739],[18.8982,45.87582],[18.87724,45.88432],[18.87017,45.89512],[18.87662,45.90131],[18.90284,45.91021],[18.90539,45.91545],[18.89953,45.91982],[18.88815,45.92184],[18.87421,45.91575],[18.86462,45.92074],[18.8682,45.91124],[18.82755,45.90479],[18.82163,45.91463],[18.80725,45.90319],[18.8126,45.89082],[18.80893,45.87946],[18.7911,45.87816],[18.77305,45.88798],[18.76023,45.88864],[18.76053,45.8931],[18.75023,45.90028],[18.72163,45.90523],[18.70479,45.91805],[18.67595,45.91482],[18.66952,45.91069],[18.65953,45.91689],[18.66002,45.9047],[18.66501,45.89943],[18.66198,45.89939],[18.66105,45.89532],[18.65448,45.8954],[18.64128,45.88904],[18.64186,45.88447],[18.65492,45.8742],[18.67458,45.87039],[18.67998,45.86174],[18.69674,45.8504],[18.70912,45.85366],[18.71378,45.84728],[18.71851,45.84736],[18.72071,45.83589],[18.70966,45.83128],[18.72278,45.82397],[18.7162,45.82472],[18.7159,45.81927],[18.71194,45.81715],[18.71687,45.80594]]]}},{"type":"Feature","properties":{"id":"HRV:ADM2:41942358B96367063316445","name":"Općina Ližnjan","countryCode":"HRV","adminLevel":2,"sourceCode":"41942358B96367063316445","parentId":"HRV:ADM1:HRV-1592"},"geometry":{"type":"Polygon","coordinates":[[[13.97679,44.82082],[13.97167,44.82066],[13.97605,44.81714],[13.9841,44.81745],[13.98462,44.82185],[13.99123,44.82072],[13.98982,44.81599],[13.99642,44.81293],[13.96595,44.8119],[13.96598,44.8141],[13.96084,44.81473],[13.95915,44.82087],[13.94689,44.82624],[13.94804,44.82971],[13.94258,44.83132],[13.94296,44.83712],[13.92941,44.84149],[13.91976,44.84887],[13.92232,44.85597],[13.91415,44.85762],[13.91682,44.86413],[13.89943,44.86759],[13.90462,44.87972],[13.88693,44.88149],[13.89272,44.89335],[13.90546,44.89715],[13.90562,44.90605],[13.91622,44.90647],[13.92033,44.90963],[13.92671,44.9082],[13.93117,44.91798],[13.92912,44.92056],[13.94138,44.93068],[13.97461,44.92515],[13.97511,44.91797],[13.98458,44.90667],[13.98077,44.90316],[13.98182,44.90092],[13.97267,44.90111],[13.98072,44.89655],[13.98219,44.89527],[13.98015,44.89175],[13.98405,44.89364],[13.98585,44.89208],[13.99301,44.88129],[13.98618,44.88129],[13.98618,44.87507],[13.99178,44.87507],[13.99073,44.87372],[13.99301,44.87255],[13.99301,44.86762],[13.98585,44.86416],[13.98129,44.85981],[13.97267,44.84715],[13.97462,44.83967],[13.97633,44.83747],[13.97625,44.83491],[13.97267,44.82665],[13.98325,44.82705],[13.9853,44.8264],[13.97679,44.82082]]]}},{"type":"Feature","properties":{"id":"HRV:ADM2:41942358B9657091356146","name":"Općina Podravska Moslavina","countryCode":"HRV","adminLevel":2,"sourceCode":"41942358B9657091356146","parentId":"HRV:ADM1:HRV-1603"},"geometry":{"type":"Polygon","coordinates":[[[18.02724,45.77774],[17.99588,45.79573],[17.97261,45.78903],[17.94967,45.79262],[17.93021,45.78633],[17.91197,45.79093],[17.90899,45.78618],[17.91334,45.77305],[17.92561,45.75333],[17.93254,45.75326],[17.93213,45.73156],[17.93678,45.72872],[17.96618,45.72844],[17.95743,45.71733],[17.99976,45.71845],[17.99537,45.72235],[17.98013,45.72279],[17.9805,45.73691],[17.98775,45.73681],[17.98797,45.74345],[17.99333,45.74334],[17.99353,45.74793],[18,45.74785],[18.00193,45.7567],[17.99422,45.7676],[18.01018,45.77157],[18.02466,45.76964],[18.02724,45.77774]]]}},{"type":"Feature","properties":{"id":"HRV:ADM2:41942358B97088486280159","name":"Općina Štrigova","countryCode":"HRV","adminLevel":2,"sourceCode":"41942358B97088486280159","parentId":"HRV:ADM1:HRV-1609"},"geometry":{"type":"Polygon","coordinates":[[[16.31795,46.52595],[16.31371,46.52458],[16.31456,46.52002],[16.31075,46.52036],[16.30699,46.51351],[16.29985,46.51176],[16.28373,46.51635],[16.27502,46.51417],[16.27276,46.51802],[16.26601,46.51536],[16.26699,46.50489],[16.25503,46.50092],[16.25576,46.49865],[16.24172,46.49855],[16.24082,46.48469],[16.25167,46.4815],[16.25825,46.47263],[16.25925,46.46089],[16.26569,46.45179],[16.26443,46.44309],[16.27168,46.43118],[16.27736,46.4334],[16.27788,46.43895],[16.28521,46.4433],[16.28089,46.44794],[16.28303,46.45266],[16.28029,46.46005],[16.28863,46.46211],[16.29046,46.45805],[16.29624,46.45968],[16.29712,46.4635],[16.30734,46.46612],[16.32599,46.46529],[16.33455,46.46841],[16.33773,46.4649],[16.34416,46.46489],[16.34303,46.46063],[16.3475,46.46471],[16.34623,46.47433],[16.33413,46.47825],[16.33079,46.49598],[16.32481,46.49329],[16.31951,46.49723],[16.33142,46.51297],[16.32047,46.51695],[16.32111,46.52324],[16.31795,46.52595]]]}},{"type":"Feature","properties":{"id":"HRV:ADM2:41942358B97394950444246","name":"Općina Vrbje","countryCode":"HRV","adminLevel":2,"sourceCode":"41942358B97394950444246","parentId":"HRV:ADM1:HRV-1602"},"geometry":{"type":"Polygon","coordinates":[[[17.41193,45.22722],[17.4075,45.21623],[17.3954,45.21552],[17.39588,45.20816],[17.39174,45.2056],[17.38363,45.20762],[17.38464,45.19867],[17.37311,45.19546],[17.36592,45.18744],[17.35019,45.18854],[17.34723,45.19484],[17.33183,45.19876],[17.33474,45.21268],[17.32581,45.20483],[17.32746,45.20145],[17.32366,45.19804],[17.31734,45.19863],[17.31556,45.19408],[17.29977,45.19132],[17.29391,45.18744],[17.2948,45.18444],[17.31086,45.17533],[17.31249,45.16526],[17.33094,45.16427],[17.32846,45.15404],[17.34688,45.14116],[17.40755,45.13427],[17.41797,45.13585],[17.43219,45.1448],[17.43719,45.1576],[17.44112,45.15995],[17.4355,45.16831],[17.44243,45.16668],[17.43908,45.17506],[17.45732,45.17375],[17.45131,45.18022],[17.45298,45.18536],[17.45656,45.18499],[17.45741,45.21117],[17.4444,45.21241],[17.45777,45.22942],[17.41193,45.22722]]]}},{"type":"Feature","properties":{"id":"HRV:ADM2:41942358B97423203633318","name":"Općina Klis","countryCode":"HRV","adminLevel":2,"sourceCode":"41942358B97423203633318","parentId":"HRV:ADM1:HRV-1492"},"geometry":{"type":"Polygon","coordinates":[[[16.52531,43.64319],[16.51681,43.64646],[16.5064,43.65891],[16.50129,43.65839],[16.49212,43.64912],[16.48389,43.64686],[16.48087,43.64067],[16.44985,43.63503],[16.45407,43.64262],[16.44827,43.64536],[16.44677,43.66343],[16.41609,43.67995],[16.37307,43.69112],[16.36657,43.69825],[16.34633,43.68271],[16.34016,43.66776],[16.34214,43.65314],[16.37353,43.6481],[16.36794,43.63305],[16.36652,43.6137],[16.35708,43.61242],[16.37588,43.59719],[16.37591,43.58641],[16.37159,43.57778],[16.39776,43.57067],[16.4135,43.57108],[16.43927,43.59063],[16.49224,43.5846],[16.49762,43.56819],[16.50818,43.56327],[16.5048,43.56135],[16.50654,43.55787],[16.49886,43.55688],[16.49867,43.54863],[16.49167,43.53793],[16.52199,43.54296],[16.54018,43.54102],[16.56989,43.55184],[16.55458,43.58078],[16.55177,43.57971],[16.54596,43.5865],[16.53087,43.59298],[16.52471,43.61417],[16.53347,43.61975],[16.52493,43.63129],[16.52747,43.63747],[16.52531,43.64319]]]}},{"type":"Feature","properties":{"id":"HRV:ADM2:41942358B97525485535649","name":"Općina Sveta Nedelja","countryCode":"HRV","adminLevel":2,"sourceCode":"41942358B97525485535649","parentId":"HRV:ADM1:HRV-1592"},"geometry":{"type":"Polygon","coordinates":[[[14.02097,45.08485],[14.03231,45.08684],[14.03798,45.0836],[14.0472,45.08709],[14.04469,45.09143],[14.04708,45.09479],[14.07151,45.09362],[14.07501,45.10505],[14.08173,45.10588],[14.07624,45.11002],[14.08041,45.11646],[14.0915,45.10911],[14.11414,45.11513],[14.11801,45.10921],[14.12922,45.1104],[14.13386,45.10698],[14.14573,45.12369],[14.1275,45.14376],[14.15096,45.1546],[14.13888,45.16504],[14.11449,45.15862],[14.10022,45.16843],[14.08269,45.18868],[14.0782,45.18735],[14.06725,45.17483],[14.06992,45.16885],[14.06722,45.16234],[14.05547,45.15873],[14.05076,45.15054],[14.03732,45.15332],[14.02776,45.14597],[14.03095,45.13795],[14.02241,45.12565],[14.02198,45.11938],[14.01638,45.11803],[14.02364,45.10091],[14.01824,45.09285],[14.02131,45.09044],[14.02097,45.08485]]]}},{"type":"Feature","properties":{"id":"HRV:ADM2:41942358B97822559400822","name":"Općina Sopje","countryCode":"HRV","adminLevel":2,"sourceCode":"41942358B97822559400822","parentId":"HRV:ADM1:HRV-1606"},"geometry":{"type":"Polygon","coordinates":[[[17.81495,45.80492],[17.80077,45.80591],[17.78091,45.81749],[17.77219,45.81739],[17.76034,45.81192],[17.74581,45.82775],[17.70703,45.83186],[17.70091,45.83712],[17.68888,45.83888],[17.67264,45.83487],[17.66067,45.83996],[17.64795,45.83009],[17.6419,45.83964],[17.62454,45.83602],[17.61486,45.82997],[17.61465,45.82014],[17.60164,45.81787],[17.6215,45.80388],[17.61538,45.79871],[17.6069,45.77918],[17.61658,45.77602],[17.60741,45.76454],[17.60189,45.76459],[17.5995,45.75543],[17.61659,45.75278],[17.6156,45.74931],[17.62677,45.74602],[17.63769,45.74472],[17.64736,45.74735],[17.65256,45.75478],[17.65322,45.76174],[17.65041,45.76181],[17.64281,45.77869],[17.66364,45.77813],[17.66527,45.78452],[17.67113,45.78854],[17.68091,45.78626],[17.67767,45.76869],[17.71597,45.76824],[17.72139,45.73537],[17.7279,45.73282],[17.74751,45.74674],[17.78287,45.76282],[17.80416,45.76529],[17.80509,45.78178],[17.80153,45.78266],[17.80506,45.79213],[17.81219,45.79042],[17.81742,45.79379],[17.81495,45.80492]]]}},{"type":"Feature","properties":{"id":"HRV:ADM2:41942358B97852125593877","name":"Općina Čavle","countryCode":"HRV","adminLevel":2,"sourceCode":"41942358B97852125593877","parentId":"HRV:ADM1:HRV-1586"},"geometry":{"type":"Polygon","coordinates":[[[14.44176,45.36881],[14.44752,45.35798],[14.45461,45.36145],[14.4612,45.35683],[14.46885,45.35843],[14.47359,45.35231],[14.47462,45.34452],[14.4828,45.33967],[14.48524,45.33457],[14.50369,45.34168],[14.52736,45.35757],[14.56324,45.36324],[14.59873,45.37425],[14.59757,45.37796],[14.62146,45.43141],[14.60401,45.4302],[14.58096,45.4341],[14.57602,45.44574],[14.5533,45.46924],[14.54663,45.45321],[14.53229,45.43888],[14.53015,45.4232],[14.518,45.42087],[14.51654,45.41603],[14.4836,45.39765],[14.49601,45.38829],[14.49796,45.38045],[14.4736,45.3742],[14.46985,45.3815],[14.46761,45.37828],[14.45804,45.38117],[14.44203,45.37371],[14.44176,45.36881]]]}},{"type":"Feature","properties":{"id":"HRV:ADM2:41942358B9790195174178","name":"Općina Nedelišće","countryCode":"HRV","adminLevel":2,"sourceCode":"41942358B9790195174178","parentId":"HRV:ADM1:HRV-1609"},"geometry":{"type":"Polygon","coordinates":[[[16.35046,46.4111],[16.33599,46.41106],[16.32961,46.40663],[16.32879,46.40987],[16.32222,46.40997],[16.31678,46.40822],[16.31521,46.40402],[16.30042,46.40398],[16.30794,46.39641],[16.30412,46.39401],[16.30505,46.38631],[16.29965,46.37829],[16.3082,46.37547],[16.33581,46.34751],[16.34954,46.33939],[16.35395,46.32476],[16.35971,46.32094],[16.38307,46.32796],[16.39142,46.34399],[16.39678,46.3446],[16.39984,46.34066],[16.39778,46.33808],[16.41405,46.33712],[16.42205,46.33268],[16.42808,46.33586],[16.42263,46.34373],[16.40439,46.34373],[16.40128,46.35552],[16.40482,46.35592],[16.40437,46.36396],[16.40849,46.36625],[16.40276,46.36619],[16.40293,46.37791],[16.39906,46.38495],[16.40135,46.39511],[16.39196,46.39684],[16.3772,46.41498],[16.36658,46.42002],[16.36073,46.41797],[16.35964,46.40625],[16.35439,46.40671],[16.35366,46.41085],[16.35046,46.4111]]]}},{"type":"Feature","properties":{"id":"HRV:ADM2:41942358B98454411157961","name":"Općina Majur","countryCode":"HRV","adminLevel":2,"sourceCode":"41942358B98454411157961","parentId":"HRV:ADM1:HRV-1587"},"geometry":{"type":"Polygon","coordinates":[[[16.44536,45.31919],[16.44457,45.31355],[16.4573,45.30776],[16.45919,45.30199],[16.47627,45.29646],[16.47982,45.2917],[16.48914,45.28878],[16.49445,45.29078],[16.51111,45.27434],[16.51536,45.2765],[16.51871,45.26939],[16.51654,45.26274],[16.508,45.25941],[16.51411,45.26075],[16.51313,45.25683],[16.51952,45.24762],[16.53239,45.24152],[16.54039,45.24364],[16.53872,45.24968],[16.545,45.25116],[16.55817,45.25108],[16.5568,45.24668],[16.5615,45.24456],[16.56084,45.24768],[16.56869,45.25713],[16.58597,45.26202],[16.59896,45.2568],[16.60866,45.27047],[16.60529,45.27121],[16.60437,45.27912],[16.59848,45.28631],[16.60474,45.29262],[16.58708,45.30216],[16.59272,45.30881],[16.58138,45.3062],[16.57751,45.30017],[16.57202,45.3073],[16.56303,45.31264],[16.55987,45.3116],[16.56146,45.31319],[16.55625,45.31712],[16.55987,45.31966],[16.54824,45.32387],[16.5459,45.32665],[16.54829,45.33031],[16.53659,45.33294],[16.53782,45.32964],[16.53338,45.32688],[16.53699,45.3189],[16.53111,45.31442],[16.52434,45.31824],[16.50698,45.31879],[16.51058,45.32269],[16.51181,45.33346],[16.50397,45.33482],[16.4761,45.32861],[16.4642,45.3308],[16.45896,45.32415],[16.44536,45.31919]]]}},{"type":"Feature","properties":{"id":"HRV:ADM2:41942358B98601476985561","name":"Općina Čaglin","countryCode":"HRV","adminLevel":2,"sourceCode":"41942358B98601476985561","parentId":"HRV:ADM1:HRV-1604"},"geometry":{"type":"Polygon","coordinates":[[[18.07214,45.26572],[18.08357,45.27914],[18.09742,45.28811],[18.10075,45.29528],[18.11391,45.29759],[18.11466,45.30537],[18.11126,45.31012],[18.10128,45.31389],[18.10062,45.32476],[18.09286,45.33112],[18.09224,45.3355],[18.08363,45.33952],[18.07217,45.34],[18.06743,45.34422],[18.0755,45.35263],[18.09894,45.36217],[18.10787,45.36186],[18.11355,45.36852],[18.10958,45.38354],[18.10142,45.38469],[18.09323,45.40093],[18.08447,45.39723],[18.07681,45.40125],[18.06126,45.40013],[18.05827,45.39564],[18.05049,45.39426],[18.03478,45.3952],[18.02294,45.40183],[18.02354,45.40752],[18.0164,45.41696],[18.00755,45.41759],[17.99972,45.41263],[17.98709,45.41422],[17.98314,45.41636],[17.98132,45.42402],[17.97346,45.41695],[17.96479,45.38917],[17.95835,45.39152],[17.95303,45.38489],[17.95106,45.37681],[17.96316,45.37609],[17.95947,45.36632],[17.9466,45.36167],[17.93312,45.36692],[17.92196,45.35878],[17.91784,45.33966],[17.92608,45.33803],[17.92342,45.33169],[17.9166,45.33266],[17.91561,45.32783],[17.92085,45.32337],[17.91707,45.31932],[17.92213,45.30846],[17.91604,45.30158],[17.92173,45.30099],[17.92608,45.28989],[17.95104,45.29101],[18.03307,45.28201],[18.07214,45.26572]]]}},{"type":"Feature","properties":{"id":"HRV:ADM2:41942358B98625568219702","name":"Općina Višnjan","countryCode":"HRV","adminLevel":2,"sourceCode":"41942358B98625568219702","parentId":"HRV:ADM1:HRV-1592"},"geometry":{"type":"Polygon","coordinates":[[[13.67135,45.26573],[13.66993,45.26234],[13.68427,45.25379],[13.68775,45.24237],[13.70276,45.22855],[13.73375,45.23001],[13.78554,45.21843],[13.78343,45.22276],[13.77007,45.22596],[13.77607,45.22964],[13.77422,45.23549],[13.78198,45.24316],[13.78071,45.24944],[13.78929,45.2508],[13.79388,45.25551],[13.79276,45.26227],[13.80098,45.26807],[13.799,45.29604],[13.78759,45.29955],[13.75118,45.29634],[13.74769,45.29776],[13.74718,45.30631],[13.70585,45.30305],[13.69823,45.29159],[13.70583,45.28893],[13.70005,45.28314],[13.70129,45.27399],[13.69309,45.26689],[13.67135,45.26573]]]}},{"type":"Feature","properties":{"id":"HRV:ADM2:41942358B99189294915481","name":"Grad Hrvatska Kostajnica","countryCode":"HRV","adminLevel":2,"sourceCode":"41942358B99189294915481","parentId":"HRV:ADM1:HRV-1587"},"geometry":{"type":"Polygon","coordinates":[[[16.66201,45.24494],[16.65221,45.25346],[16.65532,45.26313],[16.65275,45.2703],[16.66067,45.27297],[16.65768,45.27865],[16.64457,45.27216],[16.63993,45.2656],[16.63318,45.26839],[16.62231,45.26581],[16.61291,45.27119],[16.60601,45.26977],[16.59896,45.2568],[16.58597,45.26202],[16.56869,45.25713],[16.56084,45.24768],[16.5615,45.24456],[16.5568,45.24668],[16.55817,45.25108],[16.545,45.25116],[16.53872,45.24968],[16.54039,45.24364],[16.53239,45.24152],[16.51952,45.24762],[16.51638,45.25237],[16.51135,45.2511],[16.51315,45.24747],[16.50977,45.24526],[16.50952,45.23974],[16.49997,45.2374],[16.49142,45.2298],[16.46992,45.22501],[16.46567,45.2182],[16.4873,45.21797],[16.49718,45.21179],[16.52996,45.22665],[16.53924,45.22618],[16.54387,45.22076],[16.55653,45.21919],[16.58639,45.22557],[16.59787,45.23139],[16.61795,45.22411],[16.63044,45.21364],[16.63242,45.21483],[16.62811,45.21833],[16.64039,45.22581],[16.65658,45.22358],[16.65797,45.23081],[16.68255,45.22667],[16.68305,45.23023],[16.66201,45.24494]]]}},{"type":"Feature","properties":{"id":"HRV:ADM2:41942358B99312599796624","name":"Općina Starigrad","countryCode":"HRV","adminLevel":2,"sourceCode":"41942358B99312599796624","parentId":"HRV:ADM1:HRV-1493"},"geometry":{"type":"Polygon","coordinates":[[[15.30712,44.35654],[15.30291,44.35811],[15.29379,44.36481],[15.28986,44.3677],[15.29066,44.3753],[15.29847,44.38351],[15.31934,44.42012],[15.33005,44.41439],[15.33689,44.41439],[15.39007,44.38588],[15.4863,44.36452],[15.54163,44.33917],[15.57067,44.29339],[15.5477,44.29056],[15.53767,44.25936],[15.53107,44.25977],[15.5271,44.26676],[15.52866,44.2718],[15.51482,44.27851],[15.44923,44.28539],[15.44533,44.28778],[15.43828,44.29507],[15.43601,44.2961],[15.42818,44.3034],[15.4278,44.30429],[15.42581,44.30561],[15.41407,44.31656],[15.40602,44.32062],[15.3123,44.3529],[15.3122,44.35304],[15.31209,44.35297],[15.30795,44.3544],[15.3075,44.35473],[15.30712,44.35654]]]}},{"type":"Feature","properties":{"id":"HRV:ADM2:41942358B99524639630173","name":"Grad Sveta Nedelja","countryCode":"HRV","adminLevel":2,"sourceCode":"41942358B99524639630173","parentId":"HRV:ADM1:HRV-1588"},"geometry":{"type":"Polygon","coordinates":[[[15.82354,45.82684],[15.80001,45.83518],[15.78362,45.83444],[15.77962,45.83012],[15.77931,45.82247],[15.77167,45.81555],[15.77245,45.8114],[15.7556,45.79548],[15.75585,45.78548],[15.75083,45.78036],[15.75772,45.78185],[15.76727,45.77589],[15.77023,45.77178],[15.76745,45.7704],[15.76835,45.76264],[15.78056,45.76006],[15.78066,45.76278],[15.79826,45.74931],[15.80678,45.74894],[15.81435,45.75473],[15.80928,45.75803],[15.81207,45.76453],[15.81911,45.76489],[15.82074,45.77411],[15.82553,45.77512],[15.82173,45.77855],[15.84271,45.78944],[15.83547,45.79317],[15.83423,45.80356],[15.83067,45.80762],[15.83341,45.81088],[15.82354,45.82684]]]}},{"type":"Feature","properties":{"id":"HRV:ADM2:41942358B99753269844482","name":"Grad Opuzen","countryCode":"HRV","adminLevel":2,"sourceCode":"41942358B99753269844482","parentId":"HRV:ADM1:HRV-1490"},"geometry":{"type":"Polygon","coordinates":[[[17.50006,43.03358],[17.52191,43.031],[17.54482,43.02304],[17.55933,43.03439],[17.56619,43.03348],[17.57999,43.02815],[17.57748,43.02473],[17.58018,43.0188],[17.58516,43.02047],[17.58995,43.00032],[17.575,43.00163],[17.57604,43.01018],[17.56809,43.01335],[17.56155,43.00939],[17.54452,43.00847],[17.53414,43.00276],[17.52368,43.0057],[17.50947,42.99698],[17.49945,42.99799],[17.48069,43.00859],[17.47239,43.00845],[17.47088,43.01341],[17.47918,43.02241],[17.50196,43.03099],[17.49686,43.03244],[17.50006,43.03358]]]}},{"type":"Feature","properties":{"id":"HRV:ADM2:41942358B99857264420093","name":"Grad Vukovar","countryCode":"HRV","adminLevel":2,"sourceCode":"41942358B99857264420093","parentId":"HRV:ADM1:HRV-1605"},"geometry":{"type":"Polygon","coordinates":[[[18.93774,45.35509],[18.95697,45.35449],[18.96279,45.31807],[18.97051,45.31162],[18.96641,45.30893],[18.97022,45.30379],[18.96623,45.30077],[18.97945,45.29921],[18.97894,45.29451],[18.99565,45.30057],[19.00903,45.30159],[19.01366,45.29663],[19.01255,45.29352],[19.01813,45.29506],[19.02622,45.28875],[19.03528,45.29131],[19.03702,45.28811],[19.04162,45.28928],[19.04682,45.28282],[19.07012,45.29026],[19.08119,45.28129],[19.07484,45.27008],[19.08379,45.27204],[19.09177,45.26783],[19.11313,45.27381],[19.12003,45.26353],[19.12823,45.26673],[19.14195,45.28125],[19.10369,45.2998],[19.09745,45.31288],[19.09739,45.32732],[19.092,45.33518],[19.07898,45.34049],[19.05364,45.34311],[19.04783,45.34863],[19.02466,45.35144],[19.01023,45.35876],[19.00517,45.35718],[18.97445,45.37356],[18.96974,45.38113],[18.97128,45.3899],[18.9437,45.39042],[18.94186,45.3859],[18.92332,45.39392],[18.92155,45.38592],[18.91018,45.39415],[18.8981,45.39504],[18.88599,45.40198],[18.87435,45.39087],[18.90586,45.37783],[18.92088,45.37639],[18.92499,45.37877],[18.92158,45.3731],[18.92761,45.36637],[18.92796,45.36076],[18.93303,45.35376],[18.93774,45.35509]]]}},{"type":"Feature","properties":{"id":"HRV:ADM2:41942358B99862173550734","name":"Grad Vrlika","countryCode":"HRV","adminLevel":2,"sourceCode":"41942358B99862173550734","parentId":"HRV:ADM1:HRV-1492"},"geometry":{"type":"Polygon","coordinates":[[[16.43942,43.8138],[16.45807,43.79888],[16.48491,43.79056],[16.50387,43.83604],[16.51979,43.83233],[16.5329,43.83521],[16.52009,43.84802],[16.62331,43.9061],[16.62242,43.90986],[16.60786,43.91576],[16.59196,43.93585],[16.57373,43.94772],[16.55079,43.95185],[16.54877,43.96764],[16.54109,43.97411],[16.48622,43.97279],[16.45623,43.96216],[16.45044,43.95276],[16.43834,43.94543],[16.42364,43.94933],[16.41851,43.94479],[16.41385,43.94808],[16.39847,43.93193],[16.39931,43.92881],[16.41272,43.92304],[16.40737,43.91673],[16.39661,43.91871],[16.38631,43.91477],[16.37209,43.91579],[16.35456,43.92443],[16.34327,43.89965],[16.3361,43.89632],[16.33604,43.89049],[16.34324,43.87816],[16.37042,43.87036],[16.40389,43.85044],[16.3983,43.84998],[16.42936,43.82592],[16.43942,43.8138]]]}},{"type":"Feature","properties":{"id":"HRV:ADM2:41942358B9990231481930","name":"Grad Sinj","countryCode":"HRV","adminLevel":2,"sourceCode":"41942358B9990231481930","parentId":"HRV:ADM1:HRV-1492"},"geometry":{"type":"Polygon","coordinates":[[[16.65049,43.62641],[16.65671,43.63586],[16.66117,43.63738],[16.66866,43.63559],[16.6689,43.62952],[16.68763,43.63497],[16.6879,43.63976],[16.69056,43.63839],[16.70166,43.64984],[16.69241,43.65683],[16.71399,43.66509],[16.71292,43.66995],[16.71569,43.6725],[16.7132,43.67644],[16.71672,43.67801],[16.71313,43.69172],[16.71625,43.69979],[16.7121,43.70359],[16.71422,43.70811],[16.7092,43.71975],[16.69859,43.72664],[16.74037,43.76084],[16.73823,43.75244],[16.72769,43.7381],[16.74026,43.7266],[16.77054,43.7222],[16.78599,43.72684],[16.82605,43.72844],[16.81223,43.75434],[16.80307,43.76107],[16.78177,43.77075],[16.74675,43.77512],[16.74355,43.78667],[16.73424,43.78896],[16.72467,43.7961],[16.7241,43.81513],[16.71885,43.82128],[16.64869,43.77664],[16.6453,43.7729],[16.6469,43.76879],[16.65646,43.7627],[16.65329,43.7623],[16.65229,43.75724],[16.64208,43.74769],[16.64776,43.74456],[16.63068,43.73672],[16.59888,43.73207],[16.56961,43.74039],[16.59433,43.75739],[16.52987,43.75409],[16.51728,43.756],[16.54279,43.74286],[16.5364,43.73571],[16.55665,43.72161],[16.55691,43.71172],[16.57365,43.69698],[16.56961,43.68991],[16.57529,43.6822],[16.61077,43.67548],[16.62841,43.66216],[16.64315,43.65611],[16.62785,43.64403],[16.63185,43.62734],[16.65049,43.62641]]]}}],"admin1":{"type":"FeatureCollection","features":[{"type":"Feature","properties":{"id":"HRV:ADM1:HRV-1490","name":"Dubrovnik-Neretva","countryCode":"HRV"},"geometry":{"type":"MultiPolygon","coordinates":[[[[16.83617,42.73131],[16.83504,42.73376],[16.83227,42.73172],[16.82152,42.7358],[16.81973,42.73792],[16.82226,42.74072],[16.82017,42.7431],[16.81464,42.7438],[16.81265,42.74628],[16.8134,42.74829],[16.82481,42.74451],[16.8273,42.74985],[16.82307,42.754],[16.8228,42.75771],[16.82407,42.76407],[16.82231,42.76585],[16.83946,42.77177],[16.83662,42.77514],[16.83212,42.77455],[16.8345,42.77704],[16.8464,42.7749],[16.84641,42.7677],[16.85451,42.77392],[16.85515,42.77804],[16.86601,42.77606],[16.86891,42.77104],[16.87278,42.77416],[16.87553,42.77189],[16.87979,42.77652],[16.88013,42.77026],[16.90719,42.77433],[16.90813,42.77061],[16.91645,42.76951],[16.92408,42.77365],[16.92837,42.76903],[16.93413,42.76965],[16.93625,42.75632],[16.93431,42.7547],[16.93514,42.75403],[16.93136,42.74948],[16.92864,42.74784],[16.9275,42.74483],[16.92465,42.7414],[16.90545,42.73176],[16.88874,42.72983],[16.89216,42.73165],[16.88852,42.73693],[16.88613,42.73647],[16.88565,42.73017],[16.88419,42.7313],[16.88217,42.7364],[16.8792,42.73684],[16.87955,42.73746],[16.87478,42.7375],[16.87403,42.73762],[16.85816,42.74299],[16.84767,42.73359],[16.83617,42.73131]]],[[[16.49187,42.75723],[16.49464,42.7593],[16.49606,42.76101],[16.49884,42.76204],[16.50452,42.76959],[16.50693,42.77159],[16.51435,42.77279],[16.52053,42.77206],[16.52638,42.76789],[16.53419,42.76288],[16.53237,42.76165],[16.52523,42.75841],[16.50831,42.76391],[16.50766,42.75883],[16.50137,42.75974],[16.49873,42.75466],[16.49246,42.75402],[16.49469,42.74991],[16.49461,42.74959],[16.49056,42.74931],[16.48746,42.74965],[16.48733,42.74985],[16.48877,42.75258],[16.48902,42.75267],[16.49187,42.75723]]],[[[16.8318,42.76982],[16.82127,42.76691],[16.81886,42.76935],[16.8105,42.76393],[16.80891,42.76349],[16.80299,42.76349],[16.80951,42.77415],[16.81772,42.77656],[16.81942,42.77288],[16.82622,42.77626],[16.82234,42.77012],[16.82942,42.77287],[16.8318,42.76982]]],[[[16.87552,42.7752],[16.87704,42.77513],[16.8737,42.77422],[16.87552,42.7752]]],[[[17.32512,42.79104],[17.32743,42.79137],[17.3286,42.7878],[17.33289,42.78936],[17.33004,42.78665],[17.33066,42.78407],[17.32418,42.79041],[17.32512,42.79104]]],[[[17.41856,42.78958],[17.42402,42.78886],[17.42659,42.7876],[17.416,42.78725],[17.41856,42.78958]]],[[[17.39561,42.79061],[17.39562,42.79062],[17.39883,42.78987],[17.39852,42.78924],[17.39561,42.79061]]],[[[17.33363,42.7916],[17.33655,42.79165],[17.33501,42.79135],[17.33363,42.7916]]],[[[17.34396,42.79403],[17.34406,42.79412],[17.34615,42.79472],[17.34559,42.79137],[17.33801,42.79124],[17.34047,42.7924],[17.34056,42.79326],[17.34156,42.7934],[17.3439,42.79407],[17.34396,42.79403]]],[[[17.13735,42.91877],[17.10743,42.91429],[17.04632,42.92379],[17.04634,42.92401],[17.04609,42.92383],[17.01531,42.92862],[16.97291,42.9267],[16.97197,42.92644],[16.97006,42.92665],[16.95891,42.92301],[16.95817,42.92256],[16.92136,42.9122],[16.92017,42.91871],[16.92049,42.91196],[16.89869,42.90583],[16.85612,42.90121],[16.8601,42.90327],[16.86086,42.90634],[16.85606,42.90386],[16.85283,42.90619],[16.8575,42.90982],[16.83853,42.9026],[16.83699,42.90283],[16.73976,42.91718],[16.69142,42.92821],[16.67479,42.9269],[16.67423,42.92766],[16.67762,42.93857],[16.67306,42.92676],[16.67286,42.92674],[16.67283,42.92616],[16.67222,42.92457],[16.66787,42.92979],[16.66644,42.92722],[16.66299,42.92956],[16.66504,42.92376],[16.65545,42.92626],[16.6407,42.93363],[16.64097,42.93397],[16.63947,42.93517],[16.64173,42.93608],[16.64447,42.93574],[16.64374,42.93688],[16.64742,42.93835],[16.65024,42.93851],[16.65355,42.94081],[16.66006,42.94341],[16.67082,42.94349],[16.66687,42.94613],[16.69313,42.95664],[16.69509,42.9568],[16.69755,42.9584],[16.70128,42.9599],[16.71076,42.95642],[16.70986,42.95981],[16.71745,42.96229],[16.71458,42.96746],[16.71398,42.9629],[16.70755,42.96162],[16.7064,42.96194],[16.7068,42.9621],[16.7068,42.96955],[16.68775,42.97394],[16.66987,42.97568],[16.67076,42.97937],[16.66485,42.97616],[16.66462,42.97619],[16.66406,42.98182],[16.65401,42.98481],[16.65312,42.9806],[16.65044,42.98191],[16.64771,42.97794],[16.64198,42.97961],[16.63993,42.98341],[16.63689,42.98109],[16.63168,42.98261],[16.64655,42.98953],[16.64887,42.98938],[16.64869,42.98551],[16.6575,42.99028],[16.66163,42.98929],[16.66077,42.99234],[16.66412,42.99265],[16.6661,42.9927],[16.66869,42.98729],[16.67316,42.99287],[16.67348,42.99287],[16.67399,42.99112],[16.67913,42.99239],[16.68355,42.99186],[16.68302,42.9899],[16.68694,42.99145],[16.69752,42.99018],[16.69755,42.99018],[16.69623,42.98699],[16.70239,42.99015],[16.70365,42.99015],[16.70787,42.98474],[16.70813,42.98916],[16.71053,42.99011],[16.71404,42.99009],[16.72076,42.98687],[16.72345,42.98871],[16.73073,42.98543],[16.72999,42.982],[16.74549,42.97778],[16.74527,42.96873],[16.74737,42.97837],[16.76278,42.97381],[16.76292,42.97398],[16.76856,42.97223],[16.77334,42.97136],[16.77484,42.97036],[16.77574,42.97093],[16.78456,42.96932],[16.78365,42.96644],[16.78947,42.96842],[16.82407,42.9621],[16.83232,42.9621],[16.85102,42.95759],[16.86909,42.95811],[16.88219,42.96292],[16.88861,42.9644],[16.89902,42.96329],[16.90725,42.96618],[16.91361,42.96856],[16.91083,42.97148],[16.92422,42.971],[16.92826,42.96803],[16.92832,42.9718],[16.94438,42.97434],[16.99446,42.97409],[17.01034,42.97794],[17.02058,42.97315],[17.021,42.97773],[17.04379,42.9799],[17.04612,42.97936],[17.04126,42.97653],[17.04541,42.97307],[17.06101,42.9721],[17.06203,42.96892],[17.07883,42.96949],[17.09138,42.96448],[17.10047,42.9656],[17.09726,42.96383],[17.10144,42.96096],[17.1067,42.96484],[17.11178,42.96302],[17.10897,42.9598],[17.11091,42.95856],[17.11736,42.95865],[17.11504,42.9633],[17.12666,42.96026],[17.13561,42.96327],[17.13717,42.95665],[17.14144,42.95639],[17.13767,42.94952],[17.14412,42.95248],[17.14516,42.95614],[17.14869,42.95258],[17.14965,42.9519],[17.15335,42.94642],[17.1645,42.93506],[17.16071,42.92769],[17.16703,42.93005],[17.16748,42.9246],[17.17073,42.92278],[17.17234,42.92534],[17.18173,42.92528],[17.18481,42.92183],[17.1967,42.92216],[17.1988,42.92024],[17.19337,42.91429],[17.18815,42.91641],[17.1882,42.9166],[17.18546,42.91825],[17.18483,42.91776],[17.17433,42.92202],[17.15309,42.92113],[17.13735,42.91877]]],[[[17.18239,42.93156],[17.18068,42.9314],[17.18161,42.93199],[17.18239,42.93156]]],[[[17.16569,42.9353],[17.16726,42.9385],[17.17143,42.93717],[17.17341,42.93209],[17.16569,42.9353]]],[[[17.04719,42.97772],[17.04864,42.97771],[17.04761,42.97676],[17.04719,42.97772]]],[[[17.17472,43.02158],[17.20171,43.0169],[17.23412,43.01554],[17.26395,43.00862],[17.2708,43.01085],[17.28089,43.00789],[17.28365,43.0037],[17.28962,43.00554],[17.30924,42.99787],[17.31292,42.9985],[17.32647,42.99348],[17.3261,42.99084],[17.33142,42.99228],[17.3552,42.98388],[17.38321,42.97217],[17.39001,42.96638],[17.4378,42.953],[17.44384,42.94904],[17.44378,42.94619],[17.45134,42.94022],[17.44806,42.93312],[17.4497,42.9277],[17.45907,42.92352],[17.46022,42.92178],[17.46485,42.92072],[17.46523,42.92078],[17.47078,42.9183],[17.46771,42.91663],[17.46998,42.91485],[17.46928,42.91432],[17.47267,42.91529],[17.47886,42.91321],[17.47606,42.91866],[17.4794,42.91985],[17.49113,42.90912],[17.49549,42.91179],[17.50221,42.91088],[17.50766,42.90908],[17.51685,42.90832],[17.51943,42.9056],[17.53144,42.90342],[17.53319,42.90634],[17.52731,42.91064],[17.52431,42.91906],[17.52275,42.91995],[17.52613,42.92178],[17.53207,42.9206],[17.53394,42.91959],[17.54428,42.9133],[17.56039,42.91077],[17.58284,42.90119],[17.58375,42.9007],[17.58429,42.90057],[17.59857,42.89448],[17.60629,42.89529],[17.61113,42.89413],[17.62811,42.88094],[17.6396,42.87792],[17.64875,42.8708],[17.66816,42.86774],[17.66347,42.8716],[17.66537,42.87231],[17.66259,42.87378],[17.66728,42.87432],[17.68031,42.86969],[17.67806,42.86807],[17.68325,42.86383],[17.68056,42.8621],[17.7037,42.85281],[17.70588,42.84522],[17.70579,42.84762],[17.70928,42.84731],[17.70787,42.84573],[17.71343,42.84511],[17.71953,42.83798],[17.72191,42.83766],[17.71947,42.8407],[17.73183,42.83381],[17.74518,42.8346],[17.73276,42.84094],[17.74147,42.83926],[17.71095,42.85663],[17.70314,42.86687],[17.7034,42.86812],[17.709,42.87369],[17.71859,42.87628],[17.71313,42.88028],[17.71363,42.88081],[17.70737,42.88703],[17.67872,42.87938],[17.65333,42.89094],[17.65284,42.89118],[17.65165,42.89172],[17.6784,42.92068],[17.70884,42.92104],[17.75128,42.91301],[17.76486,42.90801],[17.78577,42.89177],[17.79134,42.89169],[17.80905,42.91718],[17.84425,42.90247],[17.8588,42.88458],[17.8543,42.87889],[17.85659,42.86856],[17.86992,42.84682],[17.87886,42.83749],[17.90023,42.83252],[17.88746,42.81462],[17.89094,42.81019],[17.90958,42.81074],[17.95014,42.79903],[17.97458,42.78046],[17.99313,42.77598],[17.99912,42.77381],[18.00004,42.76139],[18.01884,42.75222],[18.04154,42.74892],[18.08651,42.71525],[18.10159,42.71005],[18.10606,42.70311],[18.10713,42.68858],[18.14063,42.68012],[18.15575,42.65478],[18.15944,42.65615],[18.16246,42.65871],[18.17535,42.6576],[18.17823,42.6613],[18.18303,42.65606],[18.1929,42.65621],[18.20472,42.6397],[18.22774,42.61716],[18.23765,42.61434],[18.24603,42.60724],[18.25005,42.60352],[18.26947,42.60987],[18.27586,42.60904],[18.27998,42.61728],[18.29211,42.61467],[18.33248,42.61547],[18.33727,42.61917],[18.34717,42.6192],[18.36609,42.61605],[18.39381,42.58705],[18.41902,42.57621],[18.42177,42.57036],[18.42916,42.56669],[18.4347,42.56757],[18.43835,42.56125],[18.43593,42.55237],[18.43903,42.54343],[18.43342,42.52111],[18.44498,42.50988],[18.43816,42.48811],[18.43376,42.48415],[18.47275,42.46538],[18.4935,42.4416],[18.51755,42.42506],[18.51642,42.42111],[18.51389,42.42132],[18.50976,42.41464],[18.51097,42.4065],[18.51483,42.40412],[18.51027,42.40526],[18.50856,42.40663],[18.50864,42.40756],[18.50319,42.41092],[18.49643,42.41633],[18.47446,42.44135],[18.46095,42.44794],[18.45258,42.44978],[18.4504,42.45089],[18.44949,42.45046],[18.42758,42.45527],[18.42521,42.45635],[18.42475,42.46049],[18.4203,42.46455],[18.41251,42.46865],[18.41188,42.47602],[18.23894,42.55907],[18.22055,42.57917],[18.22063,42.58149],[18.2232,42.58173],[18.22699,42.58983],[18.22363,42.59245],[18.23016,42.59954],[18.22372,42.61149],[18.2234,42.61156],[18.22348,42.61469],[18.21754,42.6201],[18.20746,42.62144],[18.20711,42.62196],[18.19912,42.62366],[18.1988,42.62259],[18.16603,42.62694],[18.13919,42.63845],[18.12485,42.6446],[18.10865,42.64741],[18.09164,42.64826],[18.07602,42.65131],[18.0687,42.65515],[18.0701,42.6556],[18.06558,42.65678],[18.06397,42.65762],[18.06031,42.66335],[18.06133,42.66414],[18.07695,42.66344],[18.08824,42.65332],[18.07861,42.66668],[18.10541,42.67202],[18.13196,42.67029],[18.13494,42.6716],[18.13689,42.67543],[18.13051,42.67167],[18.10036,42.67438],[18.07536,42.6693],[18.05592,42.68301],[18.04786,42.69062],[18.04597,42.69529],[18.04476,42.70174],[18.04374,42.70077],[18.04322,42.70205],[18.02833,42.69131],[18.00327,42.70067],[17.96119,42.7294],[17.92154,42.74437],[17.90162,42.7519],[17.88071,42.76874],[17.88327,42.77342],[17.88382,42.77344],[17.88389,42.77454],[17.88732,42.78079],[17.88943,42.78205],[17.88895,42.78377],[17.89283,42.79084],[17.86508,42.78994],[17.84404,42.802],[17.84356,42.80415],[17.84133,42.80355],[17.83497,42.8072],[17.80665,42.81192],[17.80006,42.81098],[17.79233,42.80854],[17.78565,42.80516],[17.78012,42.79694],[17.77377,42.79857],[17.76775,42.80231],[17.76539,42.80443],[17.7588,42.8076],[17.75234,42.81152],[17.73512,42.82197],[17.72096,42.82624],[17.73444,42.8167],[17.70959,42.82576],[17.69657,42.83495],[17.70134,42.82727],[17.71686,42.82221],[17.7185,42.81694],[17.74353,42.80286],[17.74604,42.80407],[17.75676,42.78832],[17.76189,42.77871],[17.76189,42.77432],[17.75514,42.77094],[17.74871,42.77204],[17.74871,42.77444],[17.75424,42.77374],[17.75509,42.77776],[17.75003,42.78461],[17.75025,42.78571],[17.74967,42.78789],[17.75087,42.79113],[17.74231,42.79705],[17.73713,42.79664],[17.72877,42.80077],[17.67856,42.81623],[17.67651,42.81653],[17.67642,42.81712],[17.67576,42.81665],[17.63347,42.82294],[17.58009,42.84125],[17.52524,42.84862],[17.44582,42.87179],[17.44572,42.87242],[17.44473,42.87211],[17.44044,42.87336],[17.44143,42.88429],[17.45096,42.88506],[17.44737,42.88896],[17.45457,42.89204],[17.44932,42.89409],[17.44256,42.89684],[17.44272,42.89863],[17.4201,42.90979],[17.41905,42.91101],[17.41802,42.91082],[17.41725,42.9112],[17.4097,42.9124],[17.40877,42.91417],[17.40125,42.91766],[17.39943,42.91404],[17.35092,42.92178],[17.34471,42.92502],[17.3433,42.92699],[17.33461,42.93172],[17.32772,42.9339],[17.27133,42.96337],[17.23748,42.97138],[17.22153,42.9798],[17.21388,42.98261],[17.20191,42.98432],[17.09622,42.98444],[17.09575,42.9848],[17.09349,42.98477],[17.06251,42.99006],[17.05358,42.99279],[17.03827,43.00278],[17.02846,43.00314],[17.02752,43.00357],[17.01944,43.01219],[17.01957,43.0128],[17.02386,43.01611],[17.02165,43.01759],[17.02733,43.02331],[17.03506,43.02425],[17.02844,43.02883],[17.02938,43.03117],[17.02765,43.03116],[17.01881,43.03408],[17.01612,43.03644],[17.01818,43.03698],[17.0126,43.03991],[17.01579,43.04145],[17.00932,43.04374],[17.00807,43.04532],[17.00712,43.04623],[17.02947,43.04423],[17.03652,43.04008],[17.03354,43.03751],[17.04417,43.03592],[17.04721,43.03408],[17.04713,43.03264],[17.05045,43.03212],[17.05413,43.02989],[17.05497,43.02827],[17.07154,43.02385],[17.06748,43.02091],[17.08445,43.0194],[17.1216,43.02274],[17.17078,43.02503],[17.17472,43.02158]]],[[[18.05792,42.66708],[18.05738,42.66791],[18.05883,42.66791],[18.05897,42.66779],[18.05792,42.66708]]],[[[18.13091,42.67168],[18.13456,42.67254],[18.13207,42.6707],[18.13091,42.67168]]],[[[17.86488,42.74701],[17.86565,42.74443],[17.89737,42.7331],[17.90404,42.72853],[17.91261,42.72146],[17.91586,42.7132],[17.91578,42.71306],[17.90998,42.71096],[17.91327,42.70897],[17.9109,42.70511],[17.90995,42.70431],[17.90806,42.70369],[17.9083,42.70296],[17.90545,42.70059],[17.887,42.71021],[17.87536,42.71839],[17.8696,42.71928],[17.84506,42.73208],[17.84569,42.7334],[17.86247,42.72761],[17.84247,42.74743],[17.83845,42.74995],[17.83668,42.75308],[17.84824,42.75393],[17.86488,42.74701]]],[[[17.65066,42.73595],[17.65213,42.73475],[17.65012,42.7335],[17.64867,42.73485],[17.65066,42.73595]]],[[[17.65226,42.73775],[17.65056,42.73798],[17.65001,42.73926],[17.65146,42.73987],[17.65212,42.73984],[17.65226,42.73775]]],[[[17.73485,42.69752],[17.64848,42.71569],[17.64546,42.71738],[17.64115,42.71723],[17.38592,42.77094],[17.38207,42.76747],[17.37718,42.76757],[17.37437,42.76896],[17.37637,42.77238],[17.36868,42.77614],[17.36644,42.77324],[17.36166,42.77469],[17.36107,42.7788],[17.35053,42.78497],[17.34345,42.78169],[17.35046,42.7781],[17.34875,42.78221],[17.35089,42.78307],[17.35114,42.7812],[17.35779,42.77891],[17.35187,42.77514],[17.36013,42.76714],[17.37398,42.76877],[17.38027,42.76584],[17.37467,42.76079],[17.36694,42.76435],[17.35101,42.76862],[17.33448,42.78034],[17.33269,42.7821],[17.33381,42.7857],[17.34396,42.78735],[17.36228,42.79934],[17.36435,42.79993],[17.36845,42.7998],[17.36813,42.80102],[17.37021,42.80161],[17.37006,42.79946],[17.37387,42.79707],[17.37817,42.80242],[17.39234,42.8017],[17.38738,42.80024],[17.38201,42.79784],[17.37159,42.79084],[17.38266,42.79165],[17.38603,42.7915],[17.38475,42.79037],[17.37042,42.79087],[17.378,42.78586],[17.3921,42.78774],[17.41229,42.78409],[17.41245,42.784],[17.4125,42.78405],[17.41418,42.78374],[17.43099,42.78547],[17.43686,42.78262],[17.44012,42.78259],[17.44019,42.78176],[17.44841,42.77848],[17.45396,42.78082],[17.46792,42.7754],[17.49966,42.77154],[17.51226,42.76573],[17.57819,42.7541],[17.59623,42.74897],[17.59441,42.74775],[17.59352,42.74722],[17.59067,42.74299],[17.59709,42.74249],[17.59913,42.73721],[17.62196,42.7372],[17.62008,42.7402],[17.63863,42.73817],[17.64539,42.73608],[17.64945,42.72967],[17.65538,42.7346],[17.6684,42.7364],[17.674,42.72743],[17.67001,42.72859],[17.669,42.7256],[17.68138,42.72924],[17.71001,42.72003],[17.71098,42.71768],[17.71686,42.71783],[17.71906,42.71712],[17.719,42.71554],[17.73163,42.71227],[17.74226,42.70135],[17.74414,42.69706],[17.74668,42.69682],[17.74887,42.69457],[17.74075,42.69627],[17.74133,42.69642],[17.73768,42.70061],[17.73485,42.69752]]],[[[17.61586,42.94227],[17.58756,42.93915],[17.58066,42.94208],[17.58009,42.94233],[17.54965,42.95531],[17.53452,42.95063],[17.51564,42.95889],[17.50814,42.96471],[17.50882,42.96479],[17.50737,42.9672],[17.5041,42.96784],[17.49855,42.97215],[17.48829,42.98261],[17.47849,42.99592],[17.47896,42.99596],[17.47913,43.00249],[17.48257,43.00151],[17.47362,43.00442],[17.47239,43.00845],[17.47088,43.01341],[17.47918,43.02241],[17.50196,43.03099],[17.49686,43.03244],[17.48797,43.03498],[17.47169,43.03046],[17.45338,43.02277],[17.44597,43.02076],[17.44628,43.02176],[17.44507,43.02244],[17.44514,43.02248],[17.44656,43.0217],[17.45149,43.02607],[17.46022,43.03099],[17.45045,43.03115],[17.44068,43.03229],[17.4323,43.0362],[17.42621,43.04449],[17.43033,43.04635],[17.42791,43.04627],[17.4336,43.0515],[17.43355,43.05159],[17.4359,43.05237],[17.43208,43.05469],[17.43177,43.05428],[17.42742,43.06086],[17.42612,43.06517],[17.40455,43.0515],[17.37224,43.07296],[17.36816,43.07939],[17.36203,43.085],[17.35981,43.08468],[17.35425,43.09012],[17.36098,43.0963],[17.37961,43.10046],[17.38364,43.10736],[17.39892,43.11061],[17.39837,43.11579],[17.38155,43.13303],[17.37335,43.14763],[17.34027,43.15068],[17.33777,43.15372],[17.34125,43.15919],[17.36529,43.15818],[17.36765,43.16112],[17.39531,43.15129],[17.41713,43.15068],[17.43156,43.15749],[17.44121,43.16243],[17.44901,43.17748],[17.47594,43.16116],[17.54522,43.13343],[17.57705,43.11881],[17.57421,43.12076],[17.6388,43.08906],[17.64466,43.08313],[17.66877,43.03827],[17.68367,43.01914],[17.68815,43.00726],[17.71034,42.9732],[17.67743,42.96774],[17.61586,42.94227]],[[17.575,43.00163],[17.57538,43.00049],[17.57741,43.00142],[17.575,43.00163]],[[17.61791,43.01591],[17.61413,43.02112],[17.60508,43.0271],[17.61791,43.01591]],[[17.48069,43.00859],[17.49009,43.0014],[17.49567,43.00013],[17.48069,43.00859]],[[17.50812,43.1053],[17.50929,43.10488],[17.5092,43.11389],[17.50812,43.1053]],[[17.49485,43.11012],[17.50767,43.10547],[17.49424,43.11272],[17.49332,43.11215],[17.49485,43.11012]]]]}},{"type":"Feature","properties":{"id":"HRV:ADM1:HRV-1491","name":"Šibenik-Knin","countryCode":"HRV"},"geometry":{"type":"MultiPolygon","coordinates":[[[[15.74041,43.62751],[15.73783,43.62807],[15.73808,43.62828],[15.74041,43.62751]]],[[[15.71167,43.63374],[15.70843,43.63445],[15.70161,43.63828],[15.7033,43.63556],[15.68133,43.64033],[15.67205,43.63744],[15.6631,43.6457],[15.61964,43.66893],[15.60643,43.67374],[15.60446,43.67538],[15.60557,43.67647],[15.62389,43.66889],[15.62234,43.67198],[15.63772,43.67162],[15.65843,43.66044],[15.65629,43.665],[15.66094,43.66585],[15.6618,43.66527],[15.6678,43.65803],[15.66578,43.65599],[15.6694,43.6561],[15.66969,43.65575],[15.67888,43.64802],[15.6856,43.64578],[15.68475,43.64356],[15.69225,43.64356],[15.72168,43.63375],[15.73077,43.62964],[15.73071,43.62961],[15.71804,43.63236],[15.71409,43.63409],[15.71167,43.63374]]],[[[15.84277,43.70631],[15.85816,43.69286],[15.86132,43.6899],[15.86194,43.68929],[15.86551,43.68251],[15.86376,43.68074],[15.86671,43.67941],[15.86753,43.67583],[15.86657,43.67478],[15.86796,43.67399],[15.86808,43.67347],[15.86279,43.67368],[15.86864,43.66805],[15.86842,43.66258],[15.86558,43.66263],[15.86133,43.66509],[15.85972,43.67186],[15.82571,43.69346],[15.82407,43.70002],[15.82555,43.70048],[15.83496,43.69648],[15.83508,43.70516],[15.83668,43.70649],[15.84,43.70703],[15.84277,43.70631]]],[[[15.67449,43.71707],[15.67985,43.7173],[15.68847,43.71508],[15.68856,43.71588],[15.68922,43.71572],[15.69104,43.71403],[15.68941,43.71355],[15.69676,43.70426],[15.69768,43.70631],[15.70719,43.69961],[15.70408,43.69886],[15.70955,43.69683],[15.71355,43.69196],[15.71465,43.69179],[15.71531,43.69042],[15.72091,43.69084],[15.72633,43.69001],[15.72472,43.68679],[15.72256,43.68639],[15.72297,43.68329],[15.72202,43.68138],[15.72108,43.68031],[15.71671,43.68041],[15.7195,43.67539],[15.71982,43.6728],[15.71759,43.67364],[15.70961,43.67952],[15.69701,43.68147],[15.6967,43.68676],[15.69856,43.68796],[15.71149,43.68508],[15.6815,43.70244],[15.68124,43.70289],[15.6875,43.70445],[15.68085,43.71071],[15.68089,43.71548],[15.67582,43.71403],[15.67412,43.7161],[15.67449,43.71707]]],[[[15.63299,43.81045],[15.63191,43.81149],[15.63771,43.81766],[15.64331,43.81435],[15.6488,43.81559],[15.65542,43.81438],[15.66725,43.80719],[15.67469,43.8072],[15.68031,43.7978],[15.65846,43.80508],[15.63299,43.81045]]],[[[15.62771,43.81556],[15.62702,43.81623],[15.62748,43.81599],[15.62771,43.81556]]],[[[15.72935,43.76218],[15.7312,43.76211],[15.72962,43.76468],[15.71991,43.76269],[15.718,43.76279],[15.69997,43.7686],[15.69264,43.7746],[15.68214,43.79719],[15.68095,43.79758],[15.68279,43.80259],[15.67776,43.81192],[15.67888,43.81184],[15.67888,43.81442],[15.68345,43.81676],[15.67888,43.81667],[15.67888,43.81928],[15.67303,43.82123],[15.66896,43.82099],[15.66676,43.81997],[15.66578,43.81928],[15.63884,43.83613],[15.62802,43.84004],[15.62495,43.84377],[15.61354,43.84527],[15.58201,43.85666],[15.58128,43.85749],[15.57891,43.85777],[15.57477,43.85927],[15.5779,43.86371],[15.57541,43.86706],[15.57017,43.86197],[15.56773,43.8635],[15.56778,43.86383],[15.56746,43.86367],[15.55859,43.86923],[15.57453,43.88542],[15.58346,43.88299],[15.60163,43.86493],[15.63366,43.84783],[15.63726,43.84914],[15.63125,43.85492],[15.62715,43.85417],[15.62534,43.85985],[15.6316,43.85565],[15.65252,43.86308],[15.67353,43.88338],[15.68231,43.88736],[15.70241,43.87254],[15.73517,43.86068],[15.74269,43.86429],[15.75868,43.88888],[15.74898,43.89638],[15.73643,43.89785],[15.74468,43.90232],[15.74867,43.89992],[15.76212,43.90079],[15.76644,43.91047],[15.7749,43.91446],[15.77248,43.91969],[15.7843,43.92623],[15.76337,43.9353],[15.77182,43.9501],[15.79404,43.94211],[15.80221,43.93347],[15.81733,43.93399],[15.82381,43.94142],[15.82213,43.9492],[15.83886,43.94616],[15.8501,43.93372],[15.87304,43.92913],[15.88436,43.916],[15.89132,43.9133],[15.92958,43.92911],[15.94859,43.94135],[15.97126,43.94384],[15.98797,43.93555],[15.99279,43.94747],[15.99827,43.95225],[15.99712,43.95721],[15.9929,43.95859],[15.99195,43.96593],[16.0018,43.97311],[16.01701,43.97279],[16.02815,43.97912],[16.01594,43.99088],[16.01772,44.00087],[16.02847,44.00485],[16.02418,44.0137],[16.02582,44.016],[16.03767,44.00949],[16.05375,44.00703],[16.06304,44.01348],[16.07989,44.01273],[16.08277,44.00942],[16.09599,44.01074],[16.12737,44.02772],[16.1357,44.03844],[16.15273,44.01905],[16.14668,44.01856],[16.14411,44.00899],[16.15232,44.00714],[16.15231,43.99257],[16.15728,43.98577],[16.16664,43.9809],[16.15471,43.95946],[16.15265,43.94648],[16.15625,43.93298],[16.1978,43.90655],[16.22749,43.92127],[16.26183,43.92776],[16.28792,43.92714],[16.30208,43.9387],[16.31813,43.94506],[16.33547,43.94784],[16.35423,43.94464],[16.35456,43.92443],[16.34327,43.89965],[16.3361,43.89632],[16.33604,43.89049],[16.34324,43.87816],[16.37042,43.87036],[16.40389,43.85044],[16.3983,43.84998],[16.42936,43.82592],[16.43942,43.8138],[16.41974,43.80838],[16.38701,43.78576],[16.37971,43.78585],[16.37604,43.78144],[16.33896,43.76811],[16.35341,43.75877],[16.36071,43.75011],[16.3497,43.74776],[16.33517,43.73225],[16.32122,43.74853],[16.33713,43.72903],[16.34677,43.72314],[16.35298,43.71314],[16.33271,43.68957],[16.32156,43.68796],[16.28842,43.6942],[16.2815,43.69171],[16.28135,43.68745],[16.25055,43.6975],[16.23124,43.6709],[16.18737,43.68267],[16.17988,43.69074],[16.13104,43.70031],[16.15382,43.69579],[16.14019,43.66525],[16.12025,43.63522],[16.10861,43.63029],[16.1022,43.61076],[16.08263,43.61725],[16.06895,43.60917],[16.05603,43.60593],[16.04595,43.59427],[16.05687,43.57117],[16.05348,43.57103],[16.06198,43.56401],[16.07029,43.56272],[16.07298,43.54666],[16.09023,43.54504],[16.09143,43.53792],[16.08329,43.53766],[16.08158,43.53225],[16.06977,43.53382],[16.06425,43.53876],[16.03879,43.53611],[16.03598,43.52973],[16.06234,43.5192],[16.06104,43.51019],[16.05194,43.50542],[16.02063,43.5088],[16.01668,43.50229],[16.01401,43.50397],[16.00782,43.50397],[16.00782,43.49714],[15.99578,43.50336],[15.98701,43.50327],[15.98672,43.50661],[15.98309,43.5035],[15.98314,43.50322],[15.97384,43.50312],[15.97325,43.50593],[15.97179,43.50494],[15.96632,43.51081],[15.96551,43.5091],[15.96559,43.50617],[15.96437,43.50389],[15.95948,43.50397],[15.96022,43.50851],[15.96447,43.50905],[15.96063,43.51109],[15.96121,43.51463],[15.97475,43.50936],[15.97339,43.5131],[15.99046,43.51798],[15.98447,43.5226],[15.98699,43.52729],[15.98422,43.53205],[15.98294,43.53551],[15.99465,43.53802],[15.98417,43.54017],[15.98732,43.54491],[15.97096,43.54352],[15.9651,43.54194],[15.95948,43.53815],[15.95947,43.5382],[15.96077,43.5403],[15.95877,43.5403],[15.95623,43.54792],[15.94809,43.55288],[15.92543,43.55855],[15.92564,43.55861],[15.9389,43.55975],[15.94603,43.55833],[15.94257,43.56196],[15.94346,43.56458],[15.94346,43.56458],[15.94418,43.56672],[15.94086,43.56907],[15.94345,43.57013],[15.94093,43.57147],[15.93949,43.57005],[15.93539,43.57294],[15.91798,43.5729],[15.91798,43.5745],[15.9284,43.57685],[15.93318,43.58647],[15.9313,43.58616],[15.93214,43.58658],[15.92344,43.59128],[15.92622,43.597],[15.9238,43.59828],[15.9253,43.59956],[15.91986,43.60464],[15.91927,43.60736],[15.92588,43.60833],[15.92401,43.61106],[15.92722,43.6123],[15.92526,43.6138],[15.9253,43.61384],[15.92115,43.62359],[15.92241,43.62366],[15.92088,43.62422],[15.91896,43.62873],[15.92103,43.62981],[15.92522,43.63198],[15.97456,43.63056],[15.96142,43.6338],[15.96632,43.63373],[15.96632,43.64118],[15.9481,43.644],[15.94705,43.6456],[15.94922,43.64986],[15.95297,43.65087],[15.95143,43.65742],[15.94264,43.66429],[15.93927,43.66562],[15.93925,43.66591],[15.93736,43.66638],[15.93214,43.66844],[15.94262,43.67137],[15.94755,43.67102],[15.94733,43.67388],[15.95131,43.67849],[15.95766,43.68121],[15.9574,43.68599],[15.94659,43.6912],[15.93897,43.69644],[15.93971,43.67764],[15.93116,43.6765],[15.90675,43.69147],[15.89291,43.70051],[15.886,43.70034],[15.8768,43.70165],[15.87078,43.70319],[15.86451,43.70816],[15.857,43.71678],[15.86013,43.71943],[15.85897,43.72412],[15.8861,43.72764],[15.8905,43.71824],[15.89971,43.71333],[15.90568,43.71608],[15.89417,43.72358],[15.90625,43.72012],[15.89959,43.72429],[15.90172,43.72494],[15.89956,43.72845],[15.89473,43.72888],[15.88851,43.73518],[15.88869,43.74013],[15.85122,43.76257],[15.84749,43.76255],[15.84868,43.75943],[15.86906,43.74606],[15.87624,43.73852],[15.8798,43.7292],[15.86057,43.72734],[15.85616,43.73221],[15.85572,43.72495],[15.84691,43.72735],[15.844,43.72993],[15.8382,43.73229],[15.80348,43.74641],[15.79217,43.75446],[15.78432,43.7565],[15.78237,43.75816],[15.78081,43.75741],[15.77967,43.75771],[15.778,43.75883],[15.77752,43.75827],[15.77101,43.75995],[15.75267,43.76094],[15.72935,43.76218]],[[16.29006,43.86535],[16.27011,43.8583],[16.34324,43.87816],[16.29006,43.86535]],[[15.87873,43.76837],[15.89765,43.75384],[15.89825,43.75396],[15.87873,43.76837]],[[15.82203,43.84654],[15.82795,43.8433],[15.83436,43.83633],[15.83377,43.83929],[15.80802,43.85923],[15.82203,43.84654]],[[15.8366,43.8339],[15.84424,43.8256],[15.84006,43.83253],[15.8366,43.8339]],[[16.02448,43.82577],[16.04045,43.83378],[16.03597,43.83317],[16.02448,43.82577]]],[[[15.33352,43.81056],[15.34182,43.80837],[15.35916,43.78959],[15.37684,43.78019],[15.32797,43.79633],[15.30893,43.80561],[15.30425,43.81015],[15.30531,43.81096],[15.30321,43.81116],[15.28842,43.82551],[15.26124,43.83979],[15.24789,43.84903],[15.24759,43.8493],[15.24778,43.84929],[15.24686,43.84997],[15.23341,43.86221],[15.22779,43.87446],[15.2326,43.8768],[15.23546,43.87719],[15.24053,43.87432],[15.23887,43.86993],[15.2469,43.87275],[15.25314,43.86877],[15.25395,43.87078],[15.25666,43.87015],[15.26124,43.86709],[15.26211,43.86538],[15.26025,43.86615],[15.2584,43.86079],[15.25113,43.86247],[15.27757,43.84421],[15.3284,43.817],[15.33352,43.81056]]],[[[15.94246,43.64488],[15.94291,43.64512],[15.94316,43.64477],[15.94246,43.64488]]],[[[15.93483,43.64985],[15.93565,43.64965],[15.93876,43.64793],[15.93983,43.64528],[15.92246,43.64797],[15.93122,43.64968],[15.92892,43.65213],[15.93483,43.64985]]],[[[15.92078,43.64813],[15.9133,43.64808],[15.91938,43.65044],[15.92078,43.64813]]]]}},{"type":"Feature","properties":{"id":"HRV:ADM1:HRV-1492","name":"Split-Dalmatia","countryCode":"HRV"},"geometry":{"type":"MultiPolygon","coordinates":[[[[16.25849,42.39135],[16.25932,42.3936],[16.2601,42.39359],[16.2656,42.3905],[16.25849,42.39135]]],[[[16.00061,42.98084],[16.00467,42.98265],[16.00089,42.98239],[16.0013,42.98461],[16.00329,42.98638],[16.00167,42.9866],[16.00277,42.9926],[16.0028,42.99262],[16.00924,42.99157],[16.01475,42.98771],[16.0158,42.98676],[16.01621,42.98669],[16.01797,42.98545],[16.01877,42.98623],[16.02036,42.98595],[16.0204,42.98585],[16.01931,42.98115],[16.02202,42.98101],[16.02222,42.98013],[16.01925,42.97814],[16.02279,42.97694],[16.02305,42.97522],[16.0221,42.97479],[16.02243,42.97237],[16.01889,42.96009],[16.00917,42.9622],[15.99588,42.95353],[15.99692,42.95879],[16.00125,42.96058],[16.00302,42.97067],[15.99986,42.97679],[16.00061,42.98084]]],[[[15.74407,43.03107],[15.75001,43.03323],[15.75457,43.03303],[15.75976,43.03306],[15.76292,43.03259],[15.76588,43.0314],[15.76468,43.02613],[15.76154,43.02228],[15.74029,43.01606],[15.73734,43.01907],[15.72692,43.01908],[15.72523,43.02318],[15.74245,43.03055],[15.74407,43.03107]]],[[[16.12225,43.07353],[16.12503,43.07577],[16.12379,43.07856],[16.12917,43.07793],[16.12664,43.07488],[16.13176,43.07334],[16.13273,43.07622],[16.13708,43.07573],[16.13694,43.07875],[16.17277,43.07872],[16.18561,43.08165],[16.18794,43.07874],[16.1779,43.0784],[16.18952,43.07335],[16.19475,43.07449],[16.19467,43.07441],[16.19288,43.07197],[16.19762,43.07345],[16.19411,43.06727],[16.18869,43.06864],[16.18916,43.06172],[16.18402,43.06194],[16.19577,43.05757],[16.20351,43.06403],[16.20398,43.06933],[16.21843,43.07402],[16.2223,43.07145],[16.22877,43.07569],[16.22885,43.07145],[16.23324,43.07555],[16.23408,43.07565],[16.2386,43.07332],[16.23722,43.07228],[16.24045,43.07237],[16.24122,43.07197],[16.24163,43.07239],[16.24297,43.07243],[16.23993,43.07037],[16.24202,43.06454],[16.24718,43.07265],[16.25413,43.07338],[16.2543,43.07229],[16.24882,43.06596],[16.25359,43.06565],[16.25213,43.0624],[16.24545,43.05777],[16.23373,43.0515],[16.22193,43.04027],[16.2103,43.03327],[16.14828,43.0194],[16.12135,43.01337],[16.08717,43.01146],[16.07392,43.01474],[16.093,43.02407],[16.09302,43.03653],[16.08599,43.04444],[16.08926,43.04524],[16.08462,43.04797],[16.08306,43.04741],[16.07911,43.05329],[16.06935,43.0515],[16.06316,43.0515],[16.05717,43.05722],[16.07386,43.06427],[16.07801,43.06915],[16.09138,43.07284],[16.11349,43.07379],[16.11704,43.07738],[16.12255,43.07608],[16.12225,43.07353]]],[[[16.40645,43.19718],[16.40641,43.19591],[16.40508,43.19671],[16.40645,43.19718]]],[[[16.47425,43.35035],[16.4511,43.35623],[16.4467,43.3619],[16.44915,43.36358],[16.44524,43.3652],[16.45057,43.36808],[16.44382,43.37107],[16.44153,43.37664],[16.44074,43.37366],[16.43739,43.37493],[16.42899,43.38943],[16.4409,43.39257],[16.47859,43.38551],[16.48376,43.38527],[16.49391,43.38231],[16.50922,43.38189],[16.5988,43.37945],[16.59674,43.37708],[16.60311,43.37915],[16.60602,43.37586],[16.60702,43.37922],[16.6155,43.37899],[16.61627,43.37759],[16.62133,43.37492],[16.62951,43.37861],[16.62957,43.37861],[16.64938,43.37536],[16.65045,43.37219],[16.65397,43.37529],[16.66376,43.37321],[16.66605,43.36912],[16.66955,43.37195],[16.67941,43.37162],[16.68171,43.36888],[16.68115,43.36638],[16.68648,43.36944],[16.6944,43.36608],[16.70237,43.36711],[16.70349,43.364],[16.71049,43.36636],[16.72017,43.36313],[16.72019,43.35895],[16.72392,43.36323],[16.73584,43.36199],[16.73766,43.3505],[16.7323,43.34793],[16.73505,43.34689],[16.74358,43.34669],[16.74023,43.35474],[16.74272,43.36192],[16.74735,43.35857],[16.75043,43.36087],[16.76864,43.35851],[16.7708,43.35552],[16.77311,43.35805],[16.78145,43.35731],[16.78208,43.34906],[16.78551,43.35481],[16.79567,43.35116],[16.79852,43.35456],[16.80643,43.35006],[16.80983,43.35113],[16.80983,43.34638],[16.79615,43.34638],[16.80609,43.34274],[16.79122,43.33979],[16.79851,43.33827],[16.79948,43.33526],[16.80032,43.34024],[16.80496,43.339],[16.80436,43.32602],[16.8063,43.34004],[16.81521,43.34002],[16.81078,43.33554],[16.81601,43.33517],[16.8226,43.34032],[16.82468,43.33492],[16.82684,43.33797],[16.83105,43.33522],[16.82979,43.33047],[16.83367,43.33484],[16.83698,43.33267],[16.83134,43.34062],[16.83883,43.33838],[16.83957,43.34072],[16.85816,43.32518],[16.86899,43.32258],[16.8777,43.32343],[16.8794,43.32309],[16.88674,43.31975],[16.89234,43.3122],[16.88878,43.3071],[16.88544,43.3078],[16.88776,43.30564],[16.88086,43.29578],[16.88048,43.29569],[16.88063,43.29545],[16.87957,43.29393],[16.87233,43.28799],[16.86443,43.29169],[16.86103,43.28828],[16.86069,43.28833],[16.86087,43.28811],[16.8462,43.27338],[16.84215,43.27269],[16.84076,43.27355],[16.84095,43.27249],[16.81907,43.26877],[16.81328,43.26917],[16.81255,43.26775],[16.79034,43.26727],[16.62827,43.26374],[16.61129,43.26541],[16.61167,43.26577],[16.61084,43.26546],[16.59644,43.26688],[16.58546,43.26797],[16.56397,43.27009],[16.50845,43.28252],[16.50876,43.28318],[16.50782,43.28266],[16.50083,43.28423],[16.5012,43.28614],[16.49792,43.28544],[16.49589,43.2863],[16.49432,43.28816],[16.49717,43.2929],[16.49297,43.29211],[16.49215,43.28788],[16.48594,43.2905],[16.48331,43.29647],[16.48,43.29369],[16.47508,43.29509],[16.46932,43.29753],[16.471,43.30353],[16.46633,43.30241],[16.46563,43.30802],[16.46135,43.3046],[16.46489,43.30014],[16.46456,43.29954],[16.46197,43.30063],[16.46147,43.30159],[16.46053,43.30124],[16.45471,43.3037],[16.45889,43.30729],[16.45588,43.30967],[16.45206,43.30674],[16.45182,43.31161],[16.44958,43.3089],[16.44756,43.31295],[16.44299,43.31053],[16.44686,43.30712],[16.44684,43.30703],[16.43604,43.31159],[16.43723,43.3139],[16.43525,43.31588],[16.43276,43.31297],[16.42189,43.31757],[16.40904,43.32964],[16.40915,43.33109],[16.41383,43.32884],[16.41944,43.32518],[16.42259,43.32518],[16.42438,43.32274],[16.43192,43.32308],[16.4332,43.32672],[16.44929,43.32527],[16.44815,43.3286],[16.43444,43.33031],[16.43423,43.33175],[16.43434,43.33173],[16.43979,43.33271],[16.43426,43.33991],[16.43469,43.34427],[16.44589,43.35149],[16.45351,43.35104],[16.4548,43.35341],[16.46389,43.34961],[16.45993,43.35198],[16.463,43.35312],[16.47425,43.35035]],[[16.64822,43.28309],[16.63421,43.28579],[16.64956,43.28261],[16.64822,43.28309]],[[16.62188,43.28152],[16.60955,43.27683],[16.63421,43.28579],[16.62188,43.28152]],[[16.60853,43.35109],[16.59671,43.34942],[16.60581,43.34909],[16.60853,43.35109]],[[16.60902,43.292],[16.59998,43.3131],[16.6015,43.30511],[16.60902,43.292]]],[[[16.3717,43.35039],[16.37869,43.34825],[16.38381,43.34152],[16.3858,43.34391],[16.38738,43.34298],[16.37611,43.33355],[16.37574,43.33463],[16.37534,43.33357],[16.36642,43.33528],[16.36623,43.3409],[16.36273,43.3393],[16.36258,43.33602],[16.35041,43.33835],[16.34871,43.34147],[16.33604,43.34447],[16.31513,43.35406],[16.31516,43.35413],[16.31493,43.35415],[16.30947,43.35666],[16.31093,43.35743],[16.30789,43.35907],[16.30912,43.36194],[16.30393,43.3592],[16.30151,43.36031],[16.30039,43.36297],[16.29671,43.36251],[16.29508,43.36325],[16.2934,43.36775],[16.29204,43.36465],[16.28809,43.36646],[16.28945,43.37149],[16.28534,43.36996],[16.28525,43.37295],[16.2811,43.37262],[16.28132,43.3695],[16.26763,43.37368],[16.26776,43.3743],[16.26673,43.37395],[16.26167,43.3755],[16.26112,43.37668],[16.2603,43.37592],[16.25749,43.37677],[16.25727,43.37759],[16.25652,43.37707],[16.25308,43.37812],[16.25211,43.37935],[16.25144,43.37862],[16.24723,43.3799],[16.24695,43.3803],[16.24648,43.38013],[16.24162,43.38161],[16.24156,43.38198],[16.24088,43.38184],[16.23227,43.38447],[16.23172,43.38453],[16.23101,43.38576],[16.23002,43.38472],[16.20704,43.38727],[16.20681,43.38887],[16.21122,43.39028],[16.21171,43.39365],[16.2122,43.3938],[16.21658,43.39397],[16.21243,43.39458],[16.20686,43.3979],[16.20757,43.39822],[16.20578,43.39854],[16.20338,43.39997],[16.20272,43.40155],[16.20361,43.40361],[16.20829,43.40389],[16.20236,43.40923],[16.20558,43.41291],[16.21008,43.41363],[16.21469,43.41179],[16.24604,43.41373],[16.26253,43.41277],[16.26516,43.41245],[16.26734,43.40867],[16.27751,43.41025],[16.297,43.40283],[16.29316,43.39954],[16.29964,43.39843],[16.29983,43.39772],[16.29771,43.3956],[16.30089,43.3925],[16.30125,43.39265],[16.30275,43.38727],[16.31474,43.38835],[16.31613,43.38702],[16.31018,43.38652],[16.31357,43.38462],[16.30984,43.38369],[16.31358,43.3796],[16.32051,43.38586],[16.32429,43.3837],[16.32822,43.389],[16.32796,43.38955],[16.32984,43.38972],[16.33575,43.38613],[16.33928,43.38151],[16.34982,43.3772],[16.35016,43.37689],[16.3491,43.37396],[16.35271,43.36962],[16.35364,43.37354],[16.35368,43.37354],[16.36145,43.36615],[16.36172,43.36451],[16.36891,43.35931],[16.3637,43.35635],[16.36972,43.35632],[16.37105,43.35271],[16.37422,43.35293],[16.3717,43.35039]]],[[[16.20777,43.39313],[16.2096,43.39319],[16.20774,43.39188],[16.20683,43.39221],[16.20777,43.39313]]],[[[16.12234,43.43966],[16.12725,43.44176],[16.12157,43.44702],[16.12259,43.44854],[16.12574,43.45059],[16.13738,43.44975],[16.14547,43.44856],[16.14553,43.45153],[16.13535,43.45437],[16.13429,43.456],[16.13754,43.45852],[16.13936,43.4586],[16.15187,43.45759],[16.16538,43.44973],[16.16952,43.4385],[16.16916,43.43538],[16.16481,43.43301],[16.15968,43.43435],[16.15336,43.43883],[16.15136,43.43586],[16.15014,43.43567],[16.1448,43.43585],[16.147,43.43383],[16.14511,43.43126],[16.14315,43.43026],[16.1349,43.43144],[16.12907,43.42807],[16.11568,43.42936],[16.11497,43.42948],[16.11272,43.43346],[16.12068,43.44315],[16.12234,43.43966]]],[[[16.26441,43.51288],[16.30869,43.50794],[16.30869,43.50794],[16.31031,43.50776],[16.32983,43.50266],[16.35242,43.4927],[16.37524,43.49016],[16.37078,43.48432],[16.34517,43.48232],[16.32523,43.48243],[16.30341,43.48521],[16.30218,43.48551],[16.29716,43.48697],[16.27997,43.48847],[16.27256,43.49362],[16.27155,43.48719],[16.26734,43.48688],[16.26097,43.4844],[16.25848,43.48396],[16.25508,43.4859],[16.24648,43.48342],[16.24628,43.48145],[16.24051,43.4821],[16.23475,43.4853],[16.21608,43.48751],[16.21144,43.49006],[16.21176,43.49555],[16.21892,43.49775],[16.22332,43.49738],[16.22945,43.49626],[16.23704,43.49217],[16.24307,43.49203],[16.23733,43.49369],[16.23815,43.49542],[16.24039,43.49522],[16.25569,43.4925],[16.26089,43.49585],[16.25948,43.5025],[16.25538,43.50535],[16.2638,43.50465],[16.25397,43.50995],[16.26441,43.51288]]],[[[16.4568,43.54588],[16.43385,43.54975],[16.35345,43.55093],[16.34922,43.55119],[16.34859,43.551],[16.33676,43.55117],[16.32496,43.54853],[16.30633,43.53994],[16.29933,43.53815],[16.29227,43.53733],[16.29205,43.53754],[16.29225,43.53733],[16.2811,43.53604],[16.23959,43.52656],[16.23635,43.5265],[16.17938,43.52553],[16.11769,43.52448],[16.11769,43.51765],[16.11881,43.51743],[16.11583,43.51306],[16.11006,43.51397],[16.12065,43.51014],[16.13023,43.51094],[16.13218,43.50741],[16.1412,43.50534],[16.1506,43.50578],[16.15676,43.5036],[16.15489,43.50187],[16.16654,43.50091],[16.17237,43.48969],[16.11085,43.48969],[16.11113,43.48834],[16.11047,43.48857],[16.11153,43.48648],[16.11313,43.47891],[16.09848,43.48005],[16.06617,43.48969],[16.03956,43.49079],[16.02833,43.49494],[16.01674,43.50225],[16.02063,43.5088],[16.05194,43.50542],[16.06104,43.51019],[16.06234,43.5192],[16.03598,43.52973],[16.03879,43.53611],[16.06425,43.53876],[16.06977,43.53382],[16.08158,43.53225],[16.08329,43.53766],[16.09143,43.53792],[16.09023,43.54504],[16.07298,43.54666],[16.07029,43.56272],[16.06198,43.56401],[16.05348,43.57103],[16.05687,43.57117],[16.04595,43.59427],[16.05739,43.60725],[16.06895,43.60917],[16.08263,43.61725],[16.10244,43.61148],[16.10861,43.63029],[16.12025,43.63522],[16.1344,43.6571],[16.15382,43.69579],[16.17988,43.69074],[16.18737,43.68267],[16.26474,43.65872],[16.23124,43.6709],[16.25055,43.6975],[16.28135,43.68745],[16.2815,43.69171],[16.28842,43.6942],[16.32156,43.68796],[16.36953,43.7008],[16.33463,43.69289],[16.35298,43.71314],[16.34677,43.72314],[16.33517,43.73225],[16.3497,43.74776],[16.36071,43.75011],[16.35341,43.75877],[16.33896,43.76811],[16.37604,43.78144],[16.37971,43.78585],[16.38701,43.78576],[16.41974,43.80838],[16.43942,43.8138],[16.42936,43.82592],[16.3983,43.84998],[16.40389,43.85044],[16.37042,43.87036],[16.34324,43.87816],[16.33604,43.89049],[16.3361,43.89632],[16.34327,43.89965],[16.35456,43.92443],[16.37209,43.91579],[16.38631,43.91477],[16.39661,43.91871],[16.40737,43.91673],[16.41272,43.92304],[16.39931,43.92881],[16.39847,43.93193],[16.41385,43.94808],[16.41851,43.94479],[16.42364,43.94933],[16.43834,43.94543],[16.45044,43.95276],[16.45623,43.96216],[16.48622,43.97279],[16.54109,43.97411],[16.54877,43.96764],[16.55079,43.95185],[16.57373,43.94772],[16.59196,43.93585],[16.60786,43.91576],[16.62242,43.90986],[16.62331,43.9061],[16.64571,43.88802],[16.66537,43.87944],[16.66684,43.87504],[16.69919,43.86227],[16.7168,43.85136],[16.72187,43.82648],[16.71885,43.82128],[16.7241,43.81513],[16.72467,43.7961],[16.73424,43.78896],[16.74355,43.78667],[16.74675,43.77512],[16.78177,43.77075],[16.80307,43.76107],[16.81223,43.75434],[16.82605,43.72844],[16.78599,43.72684],[16.83206,43.72741],[16.86419,43.71161],[16.87886,43.69524],[16.89394,43.69364],[16.89949,43.68565],[16.91623,43.66241],[16.93216,43.64793],[16.93364,43.63621],[16.96332,43.6208],[16.97332,43.60914],[17.00798,43.57576],[17.02898,43.5643],[17.08243,43.54301],[17.08516,43.53704],[17.12425,43.51785],[17.14229,43.50548],[17.14896,43.49509],[17.15522,43.49257],[17.17185,43.49394],[17.17711,43.49146],[17.19257,43.498],[17.20555,43.49682],[17.22909,43.49707],[17.26871,43.47941],[17.28634,43.46318],[17.28751,43.45595],[17.28293,43.44991],[17.28935,43.44346],[17.28785,43.4402],[17.28488,43.44029],[17.27033,43.41565],[17.25607,43.4055],[17.25072,43.40302],[17.26119,43.39309],[17.26538,43.37301],[17.28491,43.33935],[17.29718,43.32008],[17.33405,43.27684],[17.34229,43.25967],[17.37773,43.24939],[17.39814,43.23931],[17.42777,43.21764],[17.43267,43.20428],[17.4271,43.1887],[17.42998,43.18066],[17.44901,43.17748],[17.44121,43.16243],[17.43156,43.15749],[17.41713,43.15068],[17.40268,43.15047],[17.37432,43.15777],[17.3728,43.16061],[17.36765,43.16112],[17.36529,43.15818],[17.34125,43.15919],[17.33777,43.15372],[17.34027,43.15068],[17.37335,43.14763],[17.38155,43.13303],[17.39837,43.11579],[17.39892,43.11061],[17.38364,43.10736],[17.37961,43.10046],[17.36098,43.0963],[17.35425,43.09012],[17.35243,43.0919],[17.3455,43.1031],[17.33987,43.10417],[17.33876,43.10526],[17.33587,43.11213],[17.3273,43.11646],[17.31625,43.12727],[17.26163,43.14798],[17.26044,43.15103],[17.25434,43.15075],[17.25187,43.15168],[17.24828,43.15542],[17.24487,43.15434],[17.22964,43.16011],[17.22876,43.16174],[17.21186,43.16685],[17.20109,43.17094],[17.17237,43.18183],[17.13803,43.20234],[17.12135,43.20881],[17.11394,43.2132],[17.10776,43.22639],[17.10027,43.23168],[17.09018,43.23517],[17.08009,43.23652],[17.07656,43.23783],[17.07597,43.24126],[17.06394,43.24805],[17.06226,43.25002],[17.06142,43.25526],[17.05501,43.26803],[17.05236,43.26937],[17.05112,43.27424],[17.04969,43.27755],[17.04949,43.27802],[17.04509,43.27977],[17.0324,43.28238],[17.02817,43.28425],[17.02007,43.29192],[17.02032,43.29189],[17.01889,43.29436],[17.01735,43.29451],[17.01269,43.29892],[17.01265,43.29982],[17.01091,43.30061],[16.98713,43.32316],[17.00958,43.33067],[16.98571,43.3245],[16.94314,43.36487],[16.93393,43.3736],[16.90602,43.38727],[16.89861,43.39257],[16.89576,43.3946],[16.88852,43.40119],[16.8845,43.40361],[16.88309,43.40544],[16.8834,43.40428],[16.88063,43.40595],[16.75245,43.4195],[16.70172,43.43578],[16.69441,43.44255],[16.6894,43.439],[16.67953,43.44056],[16.62671,43.4489],[16.62318,43.45298],[16.61254,43.45606],[16.58639,43.46989],[16.53556,43.49676],[16.53326,43.50074],[16.53256,43.50434],[16.53177,43.50573],[16.53177,43.50573],[16.53004,43.50877],[16.52467,43.51081],[16.51856,43.50971],[16.50953,43.50507],[16.5044,43.50397],[16.46656,43.51081],[16.39356,43.51081],[16.40259,43.51583],[16.42588,43.51622],[16.42822,43.52076],[16.42812,43.52079],[16.43426,43.52188],[16.4439,43.52503],[16.44415,43.52366],[16.44476,43.52531],[16.45164,43.52756],[16.46091,43.52718],[16.47117,43.52824],[16.46193,43.53212],[16.46246,43.53241],[16.47724,43.53209],[16.47604,43.53453],[16.46938,43.53604],[16.4734,43.53815],[16.45766,43.54548],[16.4568,43.54588]],[[16.34633,43.68271],[16.36657,43.69825],[16.36953,43.7008],[16.34633,43.68271]],[[16.4879,43.78902],[16.48491,43.79056],[16.45807,43.79888],[16.4879,43.78902]],[[16.53347,43.61975],[16.53209,43.62358],[16.52493,43.63129],[16.53347,43.61975]],[[16.39776,43.57067],[16.43052,43.56966],[16.4135,43.57108],[16.39776,43.57067]],[[16.26207,43.59841],[16.2881,43.58729],[16.29041,43.58696],[16.26207,43.59841]],[[16.35708,43.61242],[16.37193,43.59833],[16.37588,43.59719],[16.35708,43.61242]],[[16.23538,43.54645],[16.23489,43.52904],[16.23613,43.54669],[16.23538,43.54645]],[[16.2471,43.55792],[16.2525,43.55541],[16.26099,43.556],[16.2471,43.55792]],[[16.12069,43.56314],[16.11889,43.56447],[16.11845,43.56313],[16.12069,43.56314]],[[16.18089,43.53942],[16.16429,43.55337],[16.18274,43.53628],[16.18089,43.53942]],[[16.22173,43.5697],[16.2065,43.59522],[16.21512,43.57812],[16.22173,43.5697]],[[16.40628,43.6825],[16.39696,43.68595],[16.37307,43.69112],[16.40628,43.6825]],[[16.44677,43.66343],[16.43558,43.67164],[16.42257,43.67646],[16.44677,43.66343]],[[16.77484,43.53657],[16.75934,43.52254],[16.78003,43.5389],[16.77484,43.53657]],[[16.79655,43.54136],[16.79215,43.54157],[16.79762,43.53934],[16.79655,43.54136]],[[16.89147,43.44354],[16.87397,43.45117],[16.89466,43.44077],[16.89147,43.44354]],[[16.88466,43.43154],[16.88998,43.43544],[16.89466,43.44077],[16.88466,43.43154]],[[16.60461,43.67665],[16.62029,43.66829],[16.61077,43.67548],[16.60461,43.67665]],[[16.64509,43.58919],[16.6486,43.59137],[16.64763,43.59161],[16.64509,43.58919]],[[17.15773,43.27064],[17.13957,43.28414],[17.11653,43.30063],[17.13066,43.28807],[17.15773,43.27064]],[[16.93276,43.43528],[16.9436,43.42447],[16.94716,43.41825],[16.94549,43.42476],[16.93276,43.43528]],[[16.96521,43.38999],[16.97403,43.38335],[16.97615,43.38242],[16.96521,43.38999]],[[16.98295,43.37943],[16.98295,43.37943],[16.98538,43.38072],[16.98295,43.37943]],[[17.09833,43.41209],[17.09943,43.41702],[17.10219,43.43279],[17.09833,43.41209]],[[17.13547,43.43307],[17.13826,43.43242],[17.1506,43.43114],[17.13547,43.43307]],[[17.17491,43.44277],[17.17569,43.44118],[17.17543,43.44394],[17.17491,43.44277]],[[17.17764,43.43722],[17.1802,43.43203],[17.18019,43.43581],[17.17764,43.43722]],[[17.20332,43.42969],[17.20395,43.42963],[17.21311,43.43154],[17.20332,43.42969]],[[17.18339,43.37017],[17.19011,43.38353],[17.20395,43.42963],[17.18339,43.37017]],[[17.24684,43.40759],[17.25312,43.40955],[17.25214,43.41089],[17.24684,43.40759]],[[16.86024,43.51303],[16.86564,43.51146],[16.94684,43.49982],[16.95027,43.49948],[16.86024,43.51303]],[[16.72386,43.64535],[16.71862,43.65916],[16.71661,43.65985],[16.72386,43.64535]]],[[[16.66111,43.08905],[16.66935,43.09012],[16.66767,43.09338],[16.67299,43.0917],[16.67245,43.09681],[16.67692,43.09453],[16.68708,43.09912],[16.69173,43.09865],[16.69203,43.09567],[16.69626,43.09758],[16.69777,43.09573],[16.69817,43.09579],[16.69867,43.09311],[16.69606,43.0917],[16.69845,43.09006],[16.70337,43.0924],[16.70198,43.09624],[16.70491,43.09639],[16.70684,43.09307],[16.70919,43.09656],[16.71038,43.09692],[16.71676,43.09392],[16.72989,43.09504],[16.7317,43.09444],[16.73815,43.09059],[16.73854,43.08682],[16.73208,43.08507],[16.7273,43.08623],[16.7268,43.08451],[16.72617,43.08446],[16.72352,43.08339],[16.72,43.08462],[16.72057,43.08219],[16.71974,43.08185],[16.71852,43.08214],[16.71457,43.08409],[16.71596,43.08261],[16.71624,43.08181],[16.7006,43.08264],[16.70014,43.08347],[16.67309,43.08458],[16.66111,43.08905]]],[[[16.96869,43.15045],[16.96953,43.15033],[17.01185,43.14215],[17.01437,43.14014],[17.01683,43.14119],[17.01856,43.14086],[17.0255,43.14108],[17.02651,43.13994],[17.03146,43.14127],[17.03302,43.14132],[17.03387,43.13804],[17.03856,43.14098],[17.05021,43.14003],[17.05803,43.13644],[17.06199,43.13796],[17.0634,43.13507],[17.06716,43.13793],[17.09435,43.13755],[17.10401,43.13579],[17.1052,43.13303],[17.10892,43.13607],[17.13177,43.13593],[17.1447,43.13948],[17.17195,43.13461],[17.18984,43.12847],[17.1921,43.12727],[16.97568,43.12727],[16.94325,43.12727],[16.7844,43.12727],[16.78404,43.12731],[16.77211,43.12727],[16.69313,43.12727],[16.67018,43.12547],[16.62826,43.13212],[16.567,43.14183],[16.56553,43.1422],[16.56512,43.14213],[16.55983,43.14297],[16.47535,43.16649],[16.44516,43.1708],[16.42726,43.17988],[16.41603,43.18183],[16.41014,43.18364],[16.41032,43.18437],[16.40775,43.18438],[16.37159,43.1955],[16.37289,43.19686],[16.3799,43.19872],[16.38342,43.1951],[16.39181,43.19799],[16.39663,43.19622],[16.39615,43.19121],[16.40099,43.19447],[16.41721,43.18832],[16.41284,43.19792],[16.42131,43.19246],[16.42066,43.19606],[16.42529,43.19881],[16.42734,43.18999],[16.42959,43.19438],[16.4347,43.19118],[16.43013,43.20002],[16.43928,43.19421],[16.43908,43.20247],[16.44856,43.19762],[16.44997,43.20535],[16.45736,43.20154],[16.45374,43.20701],[16.45547,43.20826],[16.4628,43.20598],[16.46476,43.20821],[16.46815,43.20334],[16.4694,43.20994],[16.48244,43.20675],[16.49904,43.2079],[16.49999,43.20386],[16.50451,43.20749],[16.51189,43.20412],[16.51546,43.20561],[16.52177,43.2018],[16.52669,43.20308],[16.52724,43.19931],[16.53098,43.20071],[16.53905,43.19361],[16.53955,43.18962],[16.54574,43.18905],[16.55036,43.18437],[16.55789,43.1847],[16.56729,43.17756],[16.5707,43.18103],[16.59904,43.18468],[16.5801,43.18858],[16.58326,43.18867],[16.57056,43.19848],[16.57487,43.20171],[16.56695,43.20127],[16.56398,43.20356],[16.56413,43.20436],[16.56323,43.20414],[16.56088,43.20595],[16.56143,43.20756],[16.55566,43.21044],[16.5615,43.21365],[16.55699,43.21597],[16.55771,43.21969],[16.55336,43.21682],[16.55013,43.21951],[16.55041,43.21563],[16.54669,43.21628],[16.54822,43.21343],[16.54662,43.21392],[16.52931,43.22163],[16.52326,43.22669],[16.52682,43.22844],[16.53118,43.22806],[16.53539,43.2231],[16.53425,43.22683],[16.5369,43.22782],[16.53739,43.22784],[16.54055,43.22463],[16.54248,43.22807],[16.54272,43.22808],[16.54926,43.22327],[16.55072,43.22561],[16.5469,43.22734],[16.54673,43.22826],[16.56275,43.22899],[16.57117,43.22365],[16.5667,43.21855],[16.5714,43.21737],[16.56829,43.2141],[16.58247,43.21368],[16.57842,43.20863],[16.58011,43.20501],[16.58754,43.21204],[16.60495,43.21746],[16.60586,43.22063],[16.6092,43.21334],[16.61313,43.21439],[16.61592,43.21104],[16.61922,43.21413],[16.62248,43.21134],[16.63392,43.21438],[16.64021,43.21215],[16.63792,43.21707],[16.6427,43.21896],[16.6446,43.21194],[16.65031,43.21856],[16.65422,43.21682],[16.65366,43.21282],[16.65797,43.21573],[16.65687,43.213],[16.66063,43.21455],[16.66323,43.21064],[16.66628,43.21083],[16.66793,43.20877],[16.66631,43.20278],[16.66169,43.20168],[16.66467,43.20008],[16.66001,43.19949],[16.66305,43.19638],[16.66858,43.1988],[16.66747,43.19634],[16.67721,43.1932],[16.67275,43.18896],[16.68147,43.19111],[16.68414,43.18395],[16.69342,43.18385],[16.69223,43.18281],[16.68946,43.18281],[16.68629,43.18183],[16.68937,43.18009],[16.68585,43.1773],[16.66728,43.18177],[16.67936,43.17861],[16.6836,43.17242],[16.69591,43.16976],[16.69786,43.1661],[16.69262,43.16166],[16.6982,43.16204],[16.70271,43.16661],[16.70605,43.16479],[16.70341,43.16132],[16.70922,43.16248],[16.71266,43.15874],[16.71424,43.16139],[16.71946,43.15661],[16.74297,43.16048],[16.74573,43.16256],[16.74795,43.16231],[16.74774,43.15834],[16.75342,43.16194],[16.75924,43.16197],[16.75985,43.16126],[16.77539,43.16041],[16.77835,43.15677],[16.78093,43.16055],[16.81093,43.15842],[16.81338,43.15592],[16.81371,43.15868],[16.82339,43.16159],[16.8264,43.15924],[16.83798,43.16013],[16.84137,43.15873],[16.84001,43.15508],[16.85289,43.15825],[16.86369,43.15613],[16.86236,43.16036],[16.8748,43.16143],[16.87735,43.15961],[16.87369,43.15678],[16.87965,43.15857],[16.88212,43.15802],[16.87988,43.156],[16.88577,43.15212],[16.8848,43.14792],[16.89334,43.15553],[16.89674,43.15477],[16.89787,43.15473],[16.89886,43.15428],[16.89486,43.15221],[16.89837,43.15079],[16.91013,43.15325],[16.91742,43.15052],[16.92087,43.15323],[16.96869,43.15045]],[[16.59426,43.14665],[16.58748,43.14969],[16.59107,43.14757],[16.59426,43.14665]]],[[[16.69026,43.18948],[16.69089,43.18976],[16.6917,43.18937],[16.69026,43.18948]]]]}},{"type":"Feature","properties":{"id":"HRV:ADM1:HRV-1493","name":"Zadar","countryCode":"HRV"},"geometry":{"type":"MultiPolygon","coordinates":[[[[15.19451,43.87263],[15.18458,43.8771],[15.17514,43.88426],[15.17237,43.88752],[15.1603,43.89274],[15.16366,43.89694],[15.16601,43.89688],[15.16969,43.89496],[15.17325,43.89252],[15.1735,43.88696],[15.18936,43.87848],[15.19551,43.88065],[15.19879,43.87869],[15.19907,43.87763],[15.19451,43.87263]]],[[[15.13461,43.92023],[15.13644,43.91884],[15.13634,43.91873],[15.13408,43.91938],[15.13461,43.92023]]],[[[15.13571,43.92201],[15.13594,43.92179],[15.13551,43.92169],[15.13571,43.92201]]],[[[15.13993,43.92402],[15.14164,43.92304],[15.13899,43.92246],[15.13993,43.92402]]],[[[15.06691,43.96955],[15.06284,43.97308],[15.06302,43.9734],[15.0625,43.97337],[15.05824,43.97706],[15.05745,43.98016],[15.05102,43.98331],[15.04887,43.98518],[15.0367,44.00303],[15.03296,44.00578],[15.02699,44.01508],[15.02697,44.0168],[15.02505,44.01812],[15.0031,44.05231],[14.98308,44.06631],[14.96411,44.0726],[14.95029,44.07927],[14.92963,44.09513],[14.9222,44.10377],[14.88802,44.12833],[14.88439,44.12987],[14.87085,44.14026],[14.87977,44.13895],[14.87754,44.14581],[14.86752,44.15265],[14.86583,44.15576],[14.8612,44.16691],[14.85685,44.16771],[14.85595,44.1687],[14.85392,44.17314],[14.85621,44.17639],[14.85884,44.1761],[14.86086,44.17482],[14.86031,44.17184],[14.87233,44.16768],[14.87,44.16405],[14.87673,44.1643],[14.88151,44.16027],[14.88078,44.15975],[14.88304,44.15904],[14.88921,44.15553],[14.8899,44.15192],[14.89501,44.15224],[14.9079,44.14491],[14.91163,44.14227],[14.90508,44.1399],[14.91422,44.13154],[14.91355,44.12883],[14.91947,44.12765],[14.92106,44.12294],[14.92927,44.11867],[14.93546,44.11906],[14.93278,44.12174],[14.93493,44.12305],[14.94434,44.11922],[14.94528,44.11808],[14.94615,44.11634],[14.93943,44.11017],[14.94724,44.10774],[14.9461,44.10294],[14.96162,44.09762],[14.97049,44.08929],[14.98704,44.0863],[14.99818,44.07842],[14.99542,44.08797],[15.00353,44.08478],[15.00278,44.08316],[15.0005,44.07941],[15.0096,44.07846],[15.00959,44.07374],[15.00128,44.07493],[15.00505,44.07178],[15.00407,44.06881],[15.01445,44.07129],[15.01934,44.06208],[15.02395,44.06366],[15.02183,44.05726],[15.02819,44.0476],[15.02831,44.04724],[15.02466,44.04592],[15.02814,44.04329],[15.02932,44.03605],[15.06076,43.99979],[15.06938,43.99991],[15.07694,43.98996],[15.08009,43.99081],[15.09581,43.97864],[15.10016,43.98352],[15.09939,43.98507],[15.11049,43.98408],[15.11481,43.98218],[15.11695,43.97883],[15.12078,43.97479],[15.11539,43.96976],[15.12498,43.96601],[15.12805,43.95961],[15.13728,43.95733],[15.144,43.95022],[15.14399,43.95022],[15.14592,43.94685],[15.14768,43.94805],[15.15482,43.94441],[15.15874,43.94185],[15.15929,43.93808],[15.16197,43.94076],[15.1696,43.93687],[15.16972,43.93667],[15.165,43.93736],[15.17709,43.92666],[15.17351,43.92542],[15.18433,43.92324],[15.19425,43.91428],[15.19608,43.91722],[15.20992,43.91357],[15.21819,43.90811],[15.22022,43.90119],[15.19549,43.89521],[15.19294,43.89667],[15.1889,43.90511],[15.18862,43.89915],[15.14706,43.92301],[15.14648,43.92407],[15.13781,43.92869],[15.13854,43.92485],[15.13421,43.92629],[15.12902,43.92163],[15.13589,43.91656],[15.1331,43.91429],[15.13942,43.91468],[15.14031,43.91303],[15.14454,43.90811],[15.15051,43.90499],[15.15266,43.90055],[15.14891,43.89964],[15.15375,43.89557],[15.13724,43.9027],[15.11298,43.91989],[15.10662,43.92544],[15.06691,43.96955]]],[[[15.11185,44.05137],[15.11713,44.04722],[15.11856,44.04266],[15.12704,44.0394],[15.12962,44.03737],[15.13024,44.03185],[15.14011,44.0291],[15.1421,44.02753],[15.14626,44.02598],[15.14571,44.02177],[15.14848,44.0231],[15.15141,44.01719],[15.14859,44.01657],[15.1549,44.00673],[15.15774,44.00445],[15.1583,44.00332],[15.15916,43.99998],[15.1557,44.0014],[15.14349,44.00947],[15.14119,44.01161],[15.14019,44.01166],[15.13055,44.01804],[15.13,44.01885],[15.12856,44.01935],[15.1132,44.02951],[15.10108,44.04292],[15.09396,44.0449],[15.08813,44.05156],[15.0791,44.05208],[15.07757,44.05309],[15.07329,44.06083],[15.0746,44.06146],[15.07735,44.05821],[15.0783,44.06126],[15.07218,44.07907],[15.07293,44.08076],[15.08351,44.0775],[15.08677,44.07573],[15.09388,44.0711],[15.09447,44.07156],[15.09915,44.06903],[15.09787,44.0671],[15.10036,44.06823],[15.10751,44.06025],[15.10849,44.05402],[15.1111,44.05196],[15.10894,44.0497],[15.11185,44.05137]]],[[[15.20143,44.055],[15.19907,44.05882],[15.18914,44.0478],[15.17373,44.0564],[15.17017,44.05839],[15.17009,44.05864],[15.16964,44.0587],[15.14877,44.07636],[15.12724,44.08905],[15.11725,44.10657],[15.10916,44.10878],[15.11089,44.10438],[15.10428,44.10814],[15.08709,44.12373],[15.0687,44.13398],[15.06914,44.13476],[15.06956,44.13474],[15.07271,44.13912],[15.07265,44.13918],[15.07553,44.14082],[15.07146,44.14639],[15.06522,44.15722],[15.08416,44.14396],[15.09728,44.14008],[15.09808,44.13579],[15.10504,44.13575],[15.10717,44.13377],[15.1045,44.13422],[15.10514,44.12884],[15.11279,44.12893],[15.11737,44.12488],[15.11982,44.127],[15.12047,44.12352],[15.12482,44.1254],[15.12937,44.12274],[15.13575,44.11502],[15.14459,44.11249],[15.15302,44.10247],[15.15402,44.1078],[15.15754,44.10622],[15.16593,44.10131],[15.16487,44.09656],[15.17085,44.0968],[15.168,44.0963],[15.17258,44.09289],[15.1706,44.09857],[15.18464,44.09033],[15.18538,44.08937],[15.18332,44.08421],[15.19264,44.07964],[15.19817,44.07105],[15.20284,44.06505],[15.21092,44.06439],[15.20994,44.06117],[15.22614,44.05596],[15.22516,44.054],[15.23609,44.04631],[15.24369,44.04594],[15.24731,44.03875],[15.24914,44.0386],[15.24984,44.03583],[15.24838,44.03629],[15.24668,44.03379],[15.25048,44.03333],[15.25372,44.02058],[15.25166,44.02006],[15.24187,44.02778],[15.23227,44.04145],[15.22332,44.05028],[15.22039,44.04888],[15.2204,44.04889],[15.21765,44.04758],[15.21211,44.0493],[15.21356,44.04563],[15.21274,44.04523],[15.20655,44.04523],[15.20533,44.04975],[15.20338,44.05248],[15.20143,44.055]],[[15.2214,44.05308],[15.22119,44.04987],[15.22614,44.05596],[15.2214,44.05308]]],[[[15.18828,44.0859],[15.18999,44.08514],[15.18706,44.08496],[15.18828,44.0859]]],[[[14.98622,44.08972],[14.9871,44.09026],[14.9891,44.08954],[14.98622,44.08972]]],[[[14.92896,44.12662],[14.92679,44.12816],[14.9288,44.12916],[14.92896,44.12662]]],[[[14.84566,44.14976],[14.84806,44.15101],[14.8558,44.14748],[14.85573,44.15172],[14.86528,44.14601],[14.86657,44.14419],[14.86397,44.14257],[14.86578,44.14101],[14.86911,44.14052],[14.86203,44.13853],[14.86289,44.14082],[14.84576,44.14833],[14.84566,44.14976]]],[[[14.82088,44.15225],[14.81992,44.15352],[14.82061,44.1577],[14.82482,44.1623],[14.8253,44.16247],[14.82693,44.15893],[14.82458,44.15666],[14.83375,44.15087],[14.83419,44.14598],[14.8525,44.14204],[14.8555,44.13701],[14.83522,44.14167],[14.82088,44.15225]]],[[[15.16509,44.25943],[15.17309,44.25337],[15.17661,44.24994],[15.1773,44.25019],[15.17749,44.25005],[15.17907,44.24703],[15.17138,44.25098],[15.17993,44.24578],[15.17647,44.24372],[15.18313,44.23981],[15.18588,44.23872],[15.18297,44.23999],[15.18728,44.24234],[15.18204,44.24124],[15.18102,44.24385],[15.18453,44.24624],[15.18783,44.24261],[15.1897,44.24715],[15.18017,44.24806],[15.18371,44.24858],[15.20122,44.24684],[15.20557,44.24928],[15.21353,44.25793],[15.20547,44.26564],[15.20488,44.26823],[15.20777,44.27277],[15.19141,44.282],[15.19676,44.28673],[15.1979,44.28628],[15.19907,44.28539],[15.20017,44.28539],[15.21356,44.28013],[15.21587,44.28444],[15.20641,44.2911],[15.21063,44.29223],[15.2283,44.28097],[15.23301,44.28174],[15.24076,44.27233],[15.26051,44.25877],[15.28155,44.24844],[15.29119,44.24535],[15.30053,44.2511],[15.30003,44.25649],[15.29183,44.26011],[15.29332,44.26232],[15.28976,44.26479],[15.28799,44.26934],[15.28826,44.27119],[15.28597,44.27455],[15.28375,44.28023],[15.30086,44.27848],[15.30753,44.28464],[15.29936,44.29401],[15.29843,44.29461],[15.30274,44.29914],[15.28932,44.30219],[15.27817,44.3098],[15.26889,44.32046],[15.26461,44.32725],[15.26578,44.3314],[15.26645,44.33122],[15.26725,44.32927],[15.27179,44.32919],[15.27257,44.32962],[15.27619,44.32868],[15.27546,44.32645],[15.27961,44.32365],[15.29599,44.31748],[15.3086,44.30927],[15.3215,44.30581],[15.3214,44.30441],[15.33255,44.29963],[15.32922,44.29184],[15.33858,44.29013],[15.34377,44.28451],[15.36823,44.27674],[15.40789,44.25643],[15.41754,44.25422],[15.42761,44.26069],[15.44224,44.26308],[15.45575,44.26051],[15.46262,44.25597],[15.46427,44.25885],[15.47109,44.25457],[15.47891,44.25534],[15.47808,44.25229],[15.4906,44.25347],[15.49338,44.24969],[15.50302,44.25083],[15.50508,44.24808],[15.5076,44.24974],[15.51897,44.24606],[15.52537,44.22652],[15.53626,44.21919],[15.51723,44.22068],[15.50814,44.21364],[15.46958,44.20832],[15.47066,44.20343],[15.47911,44.20175],[15.50652,44.18388],[15.52548,44.17599],[15.54215,44.18678],[15.54606,44.18512],[15.54518,44.18198],[15.5495,44.17981],[15.54679,44.1819],[15.54869,44.18457],[15.54663,44.19026],[15.56103,44.19226],[15.5773,44.18257],[15.58973,44.17841],[15.59328,44.1802],[15.598,44.16938],[15.60509,44.16675],[15.60606,44.16216],[15.60222,44.16223],[15.60581,44.1561],[15.60125,44.15559],[15.59998,44.14489],[15.61153,44.1325],[15.67955,44.09819],[15.61821,44.12916],[15.61919,44.13245],[15.62956,44.13454],[15.63066,44.13811],[15.62742,44.14151],[15.63243,44.14431],[15.60903,44.16173],[15.60574,44.16994],[15.59941,44.17006],[15.59658,44.18017],[15.60602,44.18492],[15.59571,44.19173],[15.58819,44.20179],[15.54132,44.21924],[15.52817,44.22699],[15.52291,44.23761],[15.52477,44.24494],[15.52215,44.24795],[15.53641,44.24679],[15.53373,44.25572],[15.54158,44.25844],[15.53767,44.25936],[15.53107,44.25977],[15.5271,44.26676],[15.52866,44.2718],[15.51482,44.27851],[15.44923,44.28539],[15.44533,44.28778],[15.43828,44.29507],[15.43601,44.2961],[15.42818,44.3034],[15.4278,44.30429],[15.42581,44.30561],[15.41407,44.31656],[15.40602,44.32062],[15.3123,44.3529],[15.3122,44.35304],[15.31209,44.35297],[15.30795,44.3544],[15.3075,44.35473],[15.30712,44.35654],[15.30291,44.35811],[15.29379,44.36481],[15.28986,44.3677],[15.29066,44.3753],[15.29847,44.38351],[15.31934,44.42012],[15.33005,44.41439],[15.33689,44.41439],[15.39007,44.38588],[15.4863,44.36452],[15.54163,44.33917],[15.55072,44.34695],[15.5277,44.35806],[15.52832,44.36406],[15.56235,44.38984],[15.56979,44.39229],[15.57038,44.39499],[15.56633,44.39715],[15.57423,44.40316],[15.59853,44.408],[15.6189,44.41595],[15.62024,44.42024],[15.61128,44.42229],[15.61364,44.42808],[15.61053,44.43392],[15.59645,44.43881],[15.59555,44.45652],[15.65092,44.48669],[15.63644,44.50324],[15.62854,44.50789],[15.63196,44.51269],[15.62748,44.52593],[15.61977,44.52789],[15.60703,44.54118],[15.58733,44.55211],[15.5747,44.57659],[15.54942,44.58707],[15.55712,44.60174],[15.55693,44.61644],[15.55005,44.62492],[15.55355,44.6334],[15.54426,44.64065],[15.52912,44.64563],[15.5233,44.6552],[15.52393,44.66317],[15.53321,44.67125],[15.53022,44.68149],[15.53502,44.68985],[15.53501,44.68495],[15.53647,44.6876],[15.5331,44.69348],[15.49931,44.70862],[15.47227,44.72667],[15.45776,44.73259],[15.46549,44.75301],[15.51673,44.75088],[15.58634,44.7861],[15.59715,44.80206],[15.52437,44.84419],[15.5678,44.87813],[15.55497,44.88818],[15.57156,44.88742],[15.57347,44.89393],[15.57251,44.89706],[15.557,44.9012],[15.55139,44.91169],[15.52775,44.92242],[15.53014,44.93772],[15.54017,44.9416],[15.55553,44.92929],[15.57203,44.92551],[15.57655,44.92894],[15.58955,44.92585],[15.58873,44.93261],[15.60417,44.92729],[15.59858,44.93723],[15.60576,44.94234],[15.60714,44.93667],[15.61039,44.93594],[15.60911,44.93329],[15.61391,44.9336],[15.61756,44.93787],[15.62125,44.93471],[15.62085,44.92953],[15.61584,44.92784],[15.62086,44.92496],[15.62985,44.93834],[15.63548,44.93963],[15.63972,44.9455],[15.66057,44.94858],[15.66693,44.94634],[15.67159,44.93699],[15.67838,44.93234],[15.69152,44.92843],[15.69058,44.92444],[15.69686,44.92254],[15.70206,44.92519],[15.70268,44.92105],[15.70898,44.91765],[15.71254,44.92424],[15.72671,44.92573],[15.73641,44.93583],[15.73889,44.9349],[15.76061,44.88737],[15.76023,44.86964],[15.79343,44.8466],[15.76209,44.82952],[15.72874,44.82532],[15.74277,44.80924],[15.74079,44.80073],[15.77906,44.75713],[15.78079,44.75021],[15.8125,44.73725],[15.8169,44.72445],[15.83489,44.71379],[15.84925,44.72984],[15.84973,44.73397],[15.8528,44.73637],[15.86463,44.73364],[15.86495,44.7292],[15.87097,44.72685],[15.87422,44.73087],[15.88087,44.72865],[15.88426,44.7346],[15.88306,44.74241],[15.89413,44.74941],[15.9023,44.74577],[15.9014,44.74168],[15.92651,44.71764],[15.93238,44.70756],[15.93801,44.711],[15.95455,44.71117],[15.95643,44.70426],[15.95317,44.69926],[15.9592,44.69242],[15.96593,44.69058],[15.96745,44.67873],[15.97289,44.67296],[16.01201,44.6547],[16.02098,44.65693],[16.03157,44.65365],[16.03218,44.64762],[16.04253,44.63599],[16.04377,44.62829],[16.04837,44.62463],[16.05475,44.62564],[16.05468,44.61273],[16.05804,44.60848],[16.05534,44.60633],[16.0521,44.6096],[16.04666,44.60871],[16.0436,44.59915],[16.05264,44.59267],[16.04746,44.58806],[16.02381,44.58944],[16.01717,44.58526],[16.01893,44.56281],[16.06841,44.5352],[16.09245,44.53267],[16.10837,44.52637],[16.12053,44.51553],[16.12337,44.50196],[16.13144,44.49139],[16.12975,44.48667],[16.14095,44.47993],[16.13553,44.47083],[16.13747,44.463],[16.13269,44.46083],[16.13132,44.45522],[16.13967,44.45376],[16.14336,44.4483],[16.14263,44.44325],[16.13844,44.44087],[16.14095,44.42726],[16.14555,44.42319],[16.14317,44.42177],[16.14583,44.41945],[16.15311,44.42265],[16.16452,44.4136],[16.16693,44.4057],[16.17222,44.40247],[16.16733,44.40407],[16.14653,44.39268],[16.12746,44.39472],[16.13139,44.37809],[16.14414,44.3754],[16.15463,44.38013],[16.18345,44.36466],[16.20543,44.36052],[16.21795,44.34617],[16.19952,44.33007],[16.195,44.31577],[16.18885,44.30946],[16.18724,44.2956],[16.19107,44.29051],[16.19306,44.26425],[16.20001,44.25706],[16.20106,44.25024],[16.20974,44.2499],[16.21581,44.24269],[16.21902,44.22713],[16.21241,44.21694],[16.18244,44.21515],[16.1718,44.20998],[16.16884,44.2101],[16.17277,44.2088],[16.2074,44.21596],[16.22641,44.20995],[16.23164,44.2027],[16.24401,44.19728],[16.26118,44.17813],[16.28885,44.16392],[16.29199,44.15642],[16.30969,44.14428],[16.30851,44.12682],[16.32105,44.11639],[16.35502,44.11605],[16.37915,44.11066],[16.38092,44.1071],[16.37834,44.10376],[16.38449,44.08453],[16.40458,44.08151],[16.42997,44.08336],[16.44243,44.06764],[16.43689,44.05123],[16.43629,44.03136],[16.44177,44.02814],[16.46788,44.03023],[16.50515,44.02612],[16.51359,44.00654],[16.54225,43.98604],[16.54877,43.96764],[16.54109,43.97411],[16.48622,43.97279],[16.45623,43.96216],[16.45044,43.95276],[16.43834,43.94543],[16.42364,43.94933],[16.41851,43.94479],[16.41385,43.94808],[16.39847,43.93193],[16.39931,43.92881],[16.41272,43.92304],[16.40737,43.91673],[16.39661,43.91871],[16.38631,43.91477],[16.36734,43.91661],[16.35456,43.92443],[16.35423,43.94464],[16.33547,43.94784],[16.30208,43.9387],[16.28792,43.92714],[16.26183,43.92776],[16.22749,43.92127],[16.1978,43.90655],[16.15625,43.93298],[16.15265,43.94648],[16.15471,43.95946],[16.16664,43.9809],[16.15728,43.98577],[16.15231,43.99257],[16.15232,44.00714],[16.14411,44.00899],[16.14668,44.01856],[16.15162,44.02032],[16.1357,44.03844],[16.12066,44.02363],[16.09343,44.01016],[16.06304,44.01348],[16.05375,44.00703],[16.03767,44.00949],[16.02582,44.016],[16.02418,44.0137],[16.02847,44.00485],[16.01772,44.00087],[16.01594,43.99088],[16.02815,43.97912],[16.01701,43.97279],[16.0018,43.97311],[15.99195,43.96593],[15.9929,43.95859],[15.99859,43.95439],[15.99279,43.94747],[15.98908,43.935],[15.97126,43.94384],[15.94859,43.94135],[15.92958,43.92911],[15.89132,43.9133],[15.88436,43.916],[15.87304,43.92913],[15.8501,43.93372],[15.83886,43.94616],[15.82213,43.9492],[15.81733,43.95628],[15.82381,43.94142],[15.81733,43.93399],[15.80221,43.93347],[15.79404,43.94211],[15.77182,43.9501],[15.76337,43.9353],[15.7843,43.92623],[15.77248,43.91969],[15.7749,43.91446],[15.76644,43.91047],[15.76212,43.90079],[15.74867,43.89992],[15.74468,43.90232],[15.73643,43.89785],[15.74898,43.89638],[15.75868,43.88888],[15.74269,43.86429],[15.73517,43.86068],[15.70241,43.87254],[15.68231,43.88736],[15.67353,43.88338],[15.65252,43.86308],[15.64396,43.8616],[15.6316,43.85565],[15.62534,43.85985],[15.62715,43.85417],[15.63125,43.85492],[15.63726,43.84914],[15.63366,43.84783],[15.60163,43.86493],[15.58346,43.88299],[15.57453,43.88542],[15.56746,43.87762],[15.55485,43.87157],[15.54689,43.87657],[15.54681,43.87662],[15.54445,43.87845],[15.5345,43.88966],[15.5357,43.8903],[15.53117,43.89341],[15.52491,43.90046],[15.51222,43.91108],[15.49773,43.91551],[15.48397,43.91698],[15.48243,43.91714],[15.47812,43.91812],[15.47821,43.91872],[15.47722,43.91832],[15.47364,43.91913],[15.46608,43.9217],[15.45509,43.92805],[15.44972,43.93439],[15.44565,43.94135],[15.44424,43.94304],[15.44395,43.94728],[15.4346,43.95409],[15.42721,43.95971],[15.38404,43.99738],[15.3647,44.01849],[15.35808,44.0257],[15.33961,44.03937],[15.31951,44.04523],[15.29948,44.06297],[15.2776,44.08234],[15.27833,44.0856],[15.27495,44.08825],[15.23325,44.12092],[15.22464,44.12453],[15.22528,44.12513],[15.22258,44.1254],[15.22202,44.12564],[15.22054,44.12651],[15.22033,44.12818],[15.21835,44.12781],[15.2129,44.13105],[15.21072,44.13486],[15.21305,44.13781],[15.21119,44.14427],[15.21274,44.14826],[15.19695,44.15648],[15.19475,44.15811],[15.17411,44.17411],[15.17248,44.17468],[15.16129,44.18301],[15.16114,44.18631],[15.14927,44.19194],[15.14454,44.19546],[15.14485,44.19581],[15.15622,44.1989],[15.16016,44.20459],[15.15912,44.21176],[15.16041,44.2132],[15.15926,44.2163],[15.16308,44.21902],[15.16704,44.2155],[15.16318,44.22011],[15.16796,44.22751],[15.1524,44.23473],[15.15219,44.2353],[15.14965,44.23767],[15.13152,44.25462],[15.11298,44.26315],[15.11362,44.26454],[15.12487,44.26763],[15.12706,44.27681],[15.1309,44.27841],[15.13138,44.27847],[15.12961,44.27553],[15.13219,44.27651],[15.13026,44.27517],[15.13237,44.27399],[15.14046,44.27999],[15.16509,44.25943]],[[15.48902,44.16423],[15.48749,44.16235],[15.50652,44.18388],[15.48902,44.16423]],[[15.38552,44.07985],[15.38996,44.08858],[15.38515,44.0825],[15.38552,44.07985]],[[15.39922,44.08935],[15.41626,44.09435],[15.38996,44.08858],[15.39922,44.08935]],[[15.43392,44.10329],[15.43185,44.10347],[15.41626,44.09435],[15.43392,44.10329]],[[15.45545,44.04136],[15.45572,44.04097],[15.4618,44.05027],[15.45545,44.04136]],[[15.35387,44.21046],[15.36737,44.22031],[15.38323,44.2295],[15.37644,44.22778],[15.35387,44.21046]],[[15.44193,44.10734],[15.45164,44.11447],[15.44165,44.1072],[15.44193,44.10734]],[[15.29297,44.13067],[15.27966,44.14215],[15.29177,44.13102],[15.29297,44.13067]],[[15.54585,43.98226],[15.54533,43.98165],[15.57479,43.97923],[15.54585,43.98226]],[[15.86846,44.10575],[15.86006,44.10023],[15.8771,44.10851],[15.86846,44.10575]],[[15.94024,44.16794],[15.96374,44.1903],[15.96374,44.1903],[15.94024,44.16794]],[[15.7965,43.98014],[15.79428,43.9784],[15.7938,43.97322],[15.7965,43.98014]],[[15.82237,43.98859],[15.80485,43.98669],[15.80125,43.98387],[15.82237,43.98859]],[[15.85358,44.04797],[15.85076,44.05017],[15.85382,44.04176],[15.85358,44.04797]],[[15.69291,44.27309],[15.67749,44.27108],[15.69038,44.27222],[15.735,44.25633],[15.73562,44.25616],[15.69291,44.27309]],[[15.69762,44.27511],[15.68869,44.27718],[15.68653,44.27562],[15.69762,44.27511]],[[15.71599,44.27426],[15.71204,44.27597],[15.70955,44.27456],[15.71599,44.27426]],[[15.7925,44.242],[15.77363,44.24562],[15.84967,44.22454],[15.7925,44.242]],[[15.55801,44.69062],[15.54179,44.68769],[15.57047,44.69003],[15.55801,44.69062]]],[[[14.7427,44.26754],[14.73813,44.27212],[14.73943,44.2793],[14.74265,44.27811],[14.74179,44.28019],[14.74968,44.28022],[14.74971,44.28024],[14.76127,44.27642],[14.75318,44.28754],[14.75318,44.291],[14.75978,44.29206],[14.77345,44.28514],[14.78564,44.27671],[14.78645,44.27559],[14.78407,44.27379],[14.79076,44.27316],[14.79168,44.27253],[14.7903,44.26857],[14.79024,44.26856],[14.79026,44.26847],[14.78972,44.26691],[14.7773,44.26663],[14.76369,44.27255],[14.76645,44.26512],[14.76596,44.26504],[14.75994,44.25983],[14.7536,44.26085],[14.7427,44.26754]]],[[[15.2075,44.29181],[15.2037,44.29184],[15.20224,44.29512],[15.2075,44.29181]]],[[[14.65765,44.30546],[14.65572,44.30591],[14.65343,44.30682],[14.65132,44.31075],[14.64612,44.30972],[14.6408,44.31184],[14.63936,44.31277],[14.63703,44.3159],[14.63304,44.31687],[14.62857,44.31978],[14.62871,44.31985],[14.62403,44.32398],[14.62235,44.32382],[14.61918,44.32587],[14.62242,44.32561],[14.62071,44.32916],[14.61393,44.33138],[14.61279,44.33003],[14.59889,44.33906],[14.59506,44.34711],[14.60647,44.3432],[14.60677,44.34018],[14.61664,44.33902],[14.63291,44.32942],[14.63299,44.33104],[14.64268,44.32619],[14.64126,44.32393],[14.65589,44.31394],[14.66139,44.30866],[14.65975,44.30726],[14.65884,44.30783],[14.65899,44.3066],[14.65765,44.30546]]],[[[14.77524,44.41821],[14.78289,44.41893],[14.79477,44.4145],[14.80323,44.4055],[14.80486,44.39665],[14.80026,44.39585],[14.80267,44.39219],[14.79965,44.38764],[14.79929,44.38685],[14.7934,44.38478],[14.79704,44.38197],[14.79672,44.38129],[14.79786,44.37767],[14.80075,44.37403],[14.80135,44.37169],[14.80386,44.37011],[14.80568,44.36783],[14.81121,44.35004],[14.8024,44.34402],[14.80096,44.34426],[14.79977,44.34339],[14.78517,44.34687],[14.77515,44.35199],[14.77574,44.35485],[14.77174,44.35405],[14.77049,44.35485],[14.76895,44.3606],[14.76532,44.36034],[14.76513,44.36292],[14.76063,44.36116],[14.7562,44.364],[14.75782,44.37226],[14.75827,44.37277],[14.76622,44.37366],[14.77707,44.37995],[14.77563,44.38518],[14.76682,44.39343],[14.76669,44.39427],[14.76934,44.40331],[14.76409,44.41112],[14.76344,44.41535],[14.76454,44.41574],[14.77617,44.41412],[14.77494,44.41811],[14.77524,44.41821]]],[[[14.69408,44.36862],[14.68557,44.38751],[14.68062,44.39112],[14.67891,44.38897],[14.6754,44.38997],[14.67288,44.39158],[14.67058,44.39134],[14.66757,44.3922],[14.66147,44.39981],[14.66285,44.40276],[14.66575,44.40376],[14.66424,44.40575],[14.66505,44.4075],[14.66903,44.41012],[14.67275,44.41216],[14.6871,44.40913],[14.70167,44.4016],[14.70419,44.39661],[14.69885,44.38829],[14.70131,44.38372],[14.70185,44.37968],[14.70063,44.37455],[14.71804,44.36681],[14.72072,44.36471],[14.72235,44.36222],[14.72262,44.35831],[14.72137,44.3572],[14.72279,44.35585],[14.72307,44.35171],[14.71372,44.35126],[14.71148,44.35278],[14.71031,44.35286],[14.70546,44.35513],[14.70683,44.35729],[14.70243,44.35949],[14.69834,44.35746],[14.69801,44.35749],[14.69102,44.36545],[14.69076,44.36621],[14.69408,44.36862]]],[[[15.24174,43.8794],[15.24323,43.87724],[15.24166,43.87777],[15.24174,43.8794]]],[[[15.23639,43.87865],[15.23826,43.87956],[15.23855,43.87888],[15.23697,43.87755],[15.23639,43.87865]]],[[[15.37622,43.91295],[15.37542,43.91469],[15.37042,43.91457],[15.35865,43.91938],[15.35695,43.92129],[15.35704,43.92262],[15.35396,43.92465],[15.35388,43.92473],[15.3572,43.92599],[15.36253,43.92203],[15.36469,43.92405],[15.36013,43.92845],[15.35396,43.93126],[15.35434,43.93146],[15.35678,43.93537],[15.34352,43.93964],[15.33762,43.94251],[15.33803,43.94359],[15.33536,43.94361],[15.32545,43.94843],[15.32469,43.94891],[15.32235,43.9519],[15.32089,43.95131],[15.30958,43.95844],[15.30274,43.96638],[15.29713,43.9781],[15.27019,44.00031],[15.26636,44.00491],[15.26689,44.00593],[15.26546,44.00599],[15.26124,44.01105],[15.28028,44.01081],[15.28904,44.00798],[15.29581,44.00151],[15.31077,43.99774],[15.34858,43.97705],[15.35763,43.96581],[15.36252,43.96474],[15.3661,43.96937],[15.37539,43.96762],[15.38064,43.96184],[15.37955,43.958],[15.38783,43.95698],[15.38827,43.95438],[15.38595,43.94954],[15.38997,43.93768],[15.40102,43.93157],[15.42584,43.91976],[15.43354,43.91038],[15.43715,43.90835],[15.44272,43.89908],[15.44451,43.89287],[15.44159,43.89588],[15.43636,43.89136],[15.43141,43.89277],[15.42368,43.89399],[15.41982,43.89419],[15.40331,43.90434],[15.40167,43.90448],[15.40154,43.90477],[15.39772,43.90811],[15.39692,43.90829],[15.39732,43.90973],[15.39034,43.91011],[15.38622,43.91399],[15.37876,43.91339],[15.3798,43.91215],[15.37622,43.91295]]],[[[15.36567,43.97061],[15.36355,43.9705],[15.36321,43.97217],[15.3656,43.9724],[15.36567,43.97061]]],[[[15.20648,44.07633],[15.20735,44.07702],[15.21282,44.07381],[15.21204,44.07177],[15.20648,44.07633]]]]}},{"type":"Feature","properties":{"id":"HRV:ADM1:HRV-1582","name":"Krapina-Zagorje","countryCode":"HRV"},"geometry":{"type":"Polygon","coordinates":[[[15.89146,45.96645],[15.875,45.96786],[15.87045,45.9741],[15.8463,45.97549],[15.84104,45.98002],[15.82769,45.98159],[15.82007,45.98948],[15.81173,45.98887],[15.80967,45.99279],[15.80101,45.99187],[15.80006,45.98629],[15.79087,45.98607],[15.77977,45.97594],[15.77478,45.96228],[15.77005,45.96492],[15.7693,45.97186],[15.76055,45.97411],[15.74832,45.97436],[15.72095,45.96753],[15.71554,45.9702],[15.71272,45.97663],[15.70663,45.97535],[15.70418,45.97912],[15.70541,45.98519],[15.70059,45.989],[15.70699,45.98947],[15.70065,45.9952],[15.70616,45.99419],[15.69985,45.99703],[15.70207,46.00091],[15.70542,45.99901],[15.70798,46.00364],[15.71229,46.00433],[15.71147,46.00936],[15.71542,46.01003],[15.7103,46.01161],[15.71177,46.01453],[15.70593,46.01435],[15.71326,46.01723],[15.71158,46.01909],[15.71367,46.01985],[15.71334,46.01994],[15.71508,46.02724],[15.72024,46.02784],[15.71694,46.02855],[15.71612,46.03525],[15.72366,46.03864],[15.7244,46.04226],[15.73044,46.03994],[15.73249,46.04452],[15.72311,46.04818],[15.72379,46.05216],[15.71607,46.05843],[15.71016,46.05826],[15.69048,46.06265],[15.68609,46.0667],[15.69052,46.06856],[15.68652,46.06985],[15.6831,46.06686],[15.68297,46.0702],[15.68138,46.06824],[15.6801,46.07154],[15.67389,46.07062],[15.67015,46.07228],[15.67205,46.07382],[15.65837,46.07125],[15.65894,46.0804],[15.65481,46.08443],[15.64814,46.08401],[15.65029,46.08446],[15.64855,46.08719],[15.64252,46.08798],[15.64109,46.08419],[15.6327,46.08354],[15.62115,46.08943],[15.61885,46.09173],[15.62533,46.09985],[15.61547,46.09931],[15.61277,46.10279],[15.61441,46.10705],[15.61016,46.10646],[15.60455,46.11225],[15.61021,46.12163],[15.6071,46.12325],[15.61066,46.12331],[15.60939,46.12701],[15.61394,46.13322],[15.59612,46.14679],[15.61442,46.15323],[15.60389,46.16162],[15.60935,46.16544],[15.60808,46.16754],[15.61747,46.17146],[15.63323,46.17671],[15.63176,46.17811],[15.63797,46.18208],[15.63597,46.18579],[15.64482,46.18665],[15.64891,46.1912],[15.64631,46.19885],[15.64815,46.2046],[15.64115,46.20749],[15.64719,46.21717],[15.66367,46.21979],[15.67486,46.22712],[15.70177,46.22238],[15.72831,46.22285],[15.72604,46.2192],[15.73003,46.2162],[15.74108,46.22175],[15.75297,46.21996],[15.75492,46.21696],[15.75086,46.20909],[15.75655,46.2071],[15.77453,46.21128],[15.78859,46.21909],[15.79433,46.22794],[15.79382,46.23641],[15.79944,46.23756],[15.80158,46.24262],[15.79148,46.25933],[15.86332,46.26763],[15.86771,46.2708],[15.8667,46.27595],[15.87178,46.27831],[15.87972,46.23761],[15.90545,46.22871],[15.92015,46.22802],[15.9361,46.21767],[15.93734,46.20698],[15.94208,46.20181],[15.9765,46.20197],[15.9802,46.20181],[15.98693,46.19077],[15.9934,46.18698],[16.01404,46.19009],[16.02829,46.18715],[16.04573,46.19457],[16.07678,46.19707],[16.09555,46.19447],[16.10243,46.1968],[16.10871,46.18966],[16.10842,46.18332],[16.11487,46.17957],[16.12485,46.18225],[16.14771,46.17926],[16.13839,46.17425],[16.1384,46.17266],[16.14703,46.17742],[16.1538,46.1889],[16.16414,46.19083],[16.16477,46.20108],[16.18186,46.20384],[16.18865,46.21037],[16.19768,46.21216],[16.20348,46.20793],[16.20649,46.20039],[16.1964,46.19709],[16.20054,46.19072],[16.21396,46.18828],[16.2357,46.19037],[16.24374,46.18719],[16.24831,46.19034],[16.24845,46.18339],[16.2365,46.18058],[16.22941,46.17251],[16.23519,46.1734],[16.24039,46.164],[16.2531,46.15387],[16.25297,46.1508],[16.24391,46.14802],[16.24439,46.14525],[16.25624,46.14237],[16.24583,46.13748],[16.24294,46.13391],[16.24509,46.1311],[16.24085,46.12882],[16.23834,46.1169],[16.24507,46.10791],[16.23958,46.10688],[16.2356,46.08701],[16.2488,46.08683],[16.25277,46.0805],[16.24928,46.07518],[16.25199,46.0695],[16.23872,46.06103],[16.22925,46.06474],[16.23275,46.06155],[16.22595,46.06085],[16.22073,46.05305],[16.20757,46.04332],[16.20761,46.03637],[16.22161,46.02707],[16.21825,46.01964],[16.2143,46.02435],[16.20836,46.02096],[16.17677,46.01989],[16.17816,46.01301],[16.18577,46.00939],[16.18693,46.00502],[16.20179,45.99986],[16.20441,45.99566],[16.17979,46.00039],[16.15683,45.99468],[16.16134,45.98982],[16.15792,45.98673],[16.15517,45.96902],[16.13968,45.96805],[16.1336,45.96476],[16.11399,45.96846],[16.11364,45.96199],[16.10781,45.9559],[16.09598,45.95349],[16.08448,45.9561],[16.0771,45.95592],[16.05218,45.94303],[16.05088,45.93666],[16.03199,45.93738],[16.01004,45.93195],[15.98647,45.92069],[15.9849,45.91554],[15.971,45.91383],[15.95463,45.90384],[15.9528,45.92865],[15.93101,45.94726],[15.89993,45.96098],[15.89146,45.96645]],[[15.93928,45.98358],[15.95096,45.98542],[15.94551,45.9815],[15.96139,45.98875],[15.94042,45.9849],[15.93928,45.98358]],[[15.96514,45.99398],[15.96428,45.99565],[15.96139,45.98875],[15.96514,45.99398]],[[15.90708,46.10816],[15.94149,46.11201],[15.94198,46.10195],[15.94206,46.11208],[15.90708,46.10816]],[[15.94963,46.04462],[15.95216,46.04486],[15.94749,46.04612],[15.94963,46.04462]],[[15.95671,46.01473],[15.96059,46.01475],[15.97517,46.02434],[15.97282,46.02376],[15.95671,46.01473]],[[15.95193,46.01205],[15.95198,46.0115],[15.95247,46.01235],[15.95193,46.01205]],[[15.95251,46.00622],[15.96304,45.99804],[15.96161,46.00081],[15.95232,46.0081],[15.95251,46.00622]],[[15.69737,46.09701],[15.68938,46.09861],[15.69689,46.09705],[15.69737,46.09701]],[[15.81053,46.06748],[15.80314,46.06972],[15.83121,46.05286],[15.81053,46.06748]],[[15.85602,46.04531],[15.8567,46.05127],[15.85509,46.04376],[15.85602,46.04531]],[[15.86368,46.10227],[15.86702,46.1032],[15.86437,46.0976],[15.86855,46.10625],[15.86368,46.10227]],[[15.72514,46.05869],[15.73175,46.05813],[15.73235,46.0589],[15.72514,46.05869]],[[15.854,46.0387],[15.85324,46.03515],[15.86041,45.99777],[15.854,46.0387]],[[15.84633,45.98585],[15.86233,45.99883],[15.86041,45.99777],[15.84633,45.98585]],[[15.81982,46.12792],[15.86377,46.10485],[15.81796,46.13079],[15.81982,46.12792]],[[15.66441,46.17894],[15.71182,46.18406],[15.67369,46.18163],[15.66441,46.17894]],[[15.75748,46.19995],[15.78389,46.19662],[15.76636,46.19993],[15.75748,46.19995]],[[15.7928,46.17716],[15.79552,46.17311],[15.79638,46.1733],[15.7928,46.17716]],[[15.80896,46.14017],[15.81572,46.12287],[15.81242,46.13185],[15.80896,46.14017]],[[15.65689,46.1229],[15.65613,46.11968],[15.66005,46.1236],[15.65689,46.1229]],[[15.99429,46.11542],[15.94971,46.11152],[15.95672,46.11101],[15.99429,46.11542]],[[16.07464,46.11414],[16.05356,46.1168],[16.04785,46.11226],[16.05643,46.11597],[16.07464,46.11414]],[[16.06407,46.08651],[16.0633,46.09247],[16.06095,46.08094],[16.06407,46.08651]],[[16.0614,46.06407],[16.05929,46.07278],[16.05874,46.07009],[16.0614,46.06407]],[[16.2044,46.09227],[16.20244,46.09609],[16.206,46.07942],[16.2044,46.09227]],[[16.00777,46.03682],[16.01021,46.03301],[16.0092,46.03765],[16.00777,46.03682]],[[16.03988,46.04449],[16.01631,46.04181],[16.01205,46.03932],[16.0257,46.04214],[16.02532,46.04228],[16.03988,46.04449]],[[16.13929,46.04477],[16.15189,46.03837],[16.13443,46.04935],[16.13929,46.04477]],[[15.99125,45.99937],[15.99207,45.99848],[15.99264,45.99955],[15.99125,45.99937]],[[15.99732,45.98055],[15.99916,45.97875],[15.99429,45.98817],[15.99732,45.98055]],[[16.07755,46.0031],[16.07617,46.00454],[16.07757,46.00251],[16.07755,46.0031]],[[16.13841,46.17094],[16.13842,46.16932],[16.16249,46.15724],[16.13841,46.17094]],[[15.9669,46.17998],[15.97618,46.16845],[15.9621,46.18787],[15.9669,46.17998]]]}},{"type":"Feature","properties":{"id":"HRV:ADM1:HRV-1583","name":"Karlovac","countryCode":"HRV"},"geometry":{"type":"MultiPolygon","coordinates":[[[[15.34688,45.02471],[15.34019,45.01841],[15.31496,45.033],[15.30152,45.04958],[15.27376,45.06268],[15.27244,45.06842],[15.254,45.0705],[15.2356,45.07771],[15.23227,45.08678],[15.22113,45.09582],[15.20756,45.09853],[15.20283,45.10629],[15.19857,45.10622],[15.19356,45.11225],[15.18615,45.11276],[15.19064,45.11166],[15.17968,45.10391],[15.16097,45.10315],[15.14916,45.09503],[15.14571,45.08407],[15.1363,45.09014],[15.13294,45.08877],[15.13442,45.09129],[15.11351,45.08863],[15.05877,45.11174],[15.01718,45.12289],[15.01081,45.13254],[14.99124,45.14188],[14.98952,45.14918],[14.97714,45.15425],[14.97542,45.17413],[14.97945,45.1876],[14.99123,45.20505],[14.97461,45.23428],[14.98252,45.23185],[14.99106,45.2337],[14.98285,45.24116],[14.98564,45.24593],[14.99112,45.24768],[14.96154,45.27334],[14.98954,45.28417],[14.98681,45.28906],[14.97936,45.29236],[14.99152,45.31229],[15.0211,45.32358],[15.03478,45.30159],[15.04814,45.29681],[15.08836,45.29697],[15.08466,45.28574],[15.10379,45.28293],[15.10689,45.27844],[15.12306,45.30365],[15.13157,45.30458],[15.13524,45.30195],[15.13998,45.30564],[15.14477,45.30362],[15.17787,45.31206],[15.18232,45.32102],[15.17963,45.32452],[15.17835,45.34266],[15.21067,45.37321],[15.21637,45.38391],[15.21568,45.39001],[15.22345,45.39176],[15.2142,45.391],[15.22334,45.39375],[15.22795,45.40036],[15.22192,45.40764],[15.22719,45.41171],[15.22368,45.4148],[15.22634,45.41863],[15.23265,45.42287],[15.2274,45.42828],[15.22858,45.43656],[15.24309,45.45268],[15.27717,45.46591],[15.32195,45.45494],[15.32892,45.45258],[15.33723,45.45665],[15.34581,45.45635],[15.35985,45.47714],[15.38584,45.48842],[15.37334,45.49368],[15.37062,45.49769],[15.36251,45.4948],[15.33173,45.51078],[15.32521,45.52034],[15.31496,45.5229],[15.31395,45.53175],[15.30208,45.53562],[15.29907,45.547],[15.29895,45.58365],[15.27705,45.60445],[15.29249,45.61241],[15.30808,45.61415],[15.30164,45.62347],[15.30166,45.62944],[15.30542,45.63206],[15.34779,45.63509],[15.35247,45.6383],[15.34292,45.64194],[15.34334,45.64586],[15.35233,45.64666],[15.36228,45.64452],[15.37107,45.64597],[15.37239,45.64215],[15.38997,45.63747],[15.4064,45.64785],[15.40599,45.65033],[15.39531,45.65357],[15.39164,45.66728],[15.36868,45.68545],[15.37197,45.69146],[15.36922,45.69338],[15.36878,45.69016],[15.3627,45.6872],[15.3629,45.67806],[15.35388,45.67654],[15.35545,45.67343],[15.35135,45.66923],[15.34814,45.67114],[15.35009,45.68332],[15.3553,45.68653],[15.36024,45.68488],[15.36447,45.69297],[15.36376,45.69857],[15.35732,45.69891],[15.35995,45.70878],[15.35711,45.71397],[15.33976,45.71456],[15.33259,45.70191],[15.31873,45.69522],[15.32608,45.67695],[15.32279,45.67385],[15.31816,45.67444],[15.3108,45.68625],[15.30565,45.68878],[15.30882,45.69013],[15.31091,45.6976],[15.29915,45.69722],[15.30039,45.69325],[15.29764,45.69377],[15.30071,45.69145],[15.29637,45.68977],[15.30275,45.68796],[15.29976,45.68601],[15.28811,45.69247],[15.28805,45.70507],[15.28331,45.71025],[15.26954,45.70722],[15.2674,45.71695],[15.25675,45.71884],[15.25752,45.72453],[15.27553,45.73703],[15.27478,45.74005],[15.29487,45.74772],[15.29996,45.75429],[15.32971,45.76255],[15.32275,45.75311],[15.32432,45.74852],[15.33371,45.74306],[15.34749,45.74044],[15.36815,45.72864],[15.37754,45.71202],[15.38568,45.71159],[15.40337,45.70119],[15.4046,45.6924],[15.41335,45.68727],[15.41955,45.68742],[15.4201,45.69542],[15.42229,45.69548],[15.44611,45.68666],[15.4537,45.68029],[15.4438,45.67508],[15.45965,45.66999],[15.46374,45.66112],[15.46179,45.65717],[15.46901,45.65963],[15.47783,45.65084],[15.51108,45.64228],[15.51795,45.636],[15.51244,45.63002],[15.51348,45.62054],[15.50578,45.61411],[15.51774,45.60782],[15.52556,45.61122],[15.53533,45.60676],[15.53626,45.60214],[15.54405,45.60376],[15.55414,45.59964],[15.56403,45.58992],[15.54983,45.58951],[15.56861,45.58962],[15.56724,45.57541],[15.56952,45.59344],[15.57745,45.59841],[15.5772,45.60209],[15.58748,45.60624],[15.59098,45.61222],[15.60567,45.61288],[15.60508,45.61907],[15.61526,45.62026],[15.65007,45.60701],[15.6503,45.60392],[15.66144,45.5974],[15.66965,45.59771],[15.6739,45.60182],[15.68295,45.59778],[15.69019,45.59852],[15.6896,45.60361],[15.69624,45.60233],[15.72652,45.58432],[15.7261,45.57251],[15.73213,45.56936],[15.73807,45.57222],[15.73615,45.57391],[15.74037,45.57745],[15.73159,45.58743],[15.75044,45.60367],[15.75029,45.57189],[15.73433,45.56016],[15.74946,45.55554],[15.75474,45.55739],[15.7559,45.55286],[15.75985,45.55383],[15.765,45.54952],[15.76083,45.54918],[15.7617,45.5461],[15.77063,45.54375],[15.7705,45.53991],[15.7751,45.53908],[15.77303,45.53704],[15.78016,45.53492],[15.7803,45.53794],[15.78712,45.53835],[15.79074,45.53413],[15.78917,45.53077],[15.78532,45.53159],[15.78462,45.52677],[15.78947,45.5242],[15.78594,45.52115],[15.79613,45.52055],[15.80488,45.52576],[15.81419,45.52477],[15.82439,45.53976],[15.84854,45.54884],[15.87061,45.54406],[15.87211,45.53968],[15.86604,45.53363],[15.87278,45.528],[15.9028,45.53012],[15.9208,45.51302],[15.92487,45.49861],[15.91656,45.48678],[15.92211,45.47859],[15.90765,45.48238],[15.89978,45.49432],[15.88811,45.49457],[15.88443,45.50126],[15.87849,45.50368],[15.86915,45.50318],[15.86289,45.49884],[15.85348,45.49999],[15.8546,45.4943],[15.85269,45.49885],[15.84821,45.49805],[15.84479,45.48998],[15.83822,45.49406],[15.8303,45.49417],[15.8296,45.46099],[15.84908,45.46374],[15.8542,45.45835],[15.84779,45.45405],[15.83347,45.42971],[15.83643,45.43164],[15.84343,45.42665],[15.83034,45.41591],[15.82964,45.40969],[15.82239,45.40972],[15.81601,45.40531],[15.82552,45.40293],[15.82146,45.39524],[15.8271,45.39686],[15.82768,45.38934],[15.82111,45.38965],[15.80839,45.38261],[15.79472,45.38041],[15.78621,45.38347],[15.78496,45.38907],[15.77585,45.38799],[15.75238,45.39706],[15.73784,45.3966],[15.72974,45.39127],[15.72001,45.39795],[15.72201,45.40656],[15.71928,45.40816],[15.71381,45.41039],[15.70341,45.40561],[15.69717,45.40663],[15.67983,45.41699],[15.67097,45.41142],[15.66436,45.41263],[15.65749,45.40549],[15.66198,45.40101],[15.66897,45.40008],[15.67805,45.38905],[15.66672,45.38374],[15.67562,45.38023],[15.67569,45.37562],[15.6639,45.37022],[15.66475,45.36601],[15.65205,45.36917],[15.66318,45.36474],[15.66228,45.3599],[15.66989,45.35074],[15.67298,45.33951],[15.66067,45.34099],[15.65908,45.33604],[15.65797,45.33914],[15.65127,45.33673],[15.656,45.33583],[15.65698,45.33257],[15.64983,45.33292],[15.65792,45.323],[15.65854,45.31276],[15.65144,45.31077],[15.64899,45.30574],[15.65722,45.30678],[15.64951,45.30444],[15.657,45.3004],[15.65466,45.29868],[15.66298,45.29786],[15.66007,45.29439],[15.65552,45.29629],[15.65423,45.29448],[15.65814,45.29282],[15.65466,45.29125],[15.65577,45.28908],[15.64994,45.28917],[15.65372,45.27782],[15.65174,45.27371],[15.65942,45.26867],[15.65208,45.26527],[15.63934,45.26685],[15.64011,45.25255],[15.63185,45.25061],[15.63012,45.24562],[15.62624,45.2464],[15.63813,45.23856],[15.63141,45.23546],[15.63204,45.2266],[15.63465,45.22507],[15.63033,45.22124],[15.63092,45.22075],[15.62865,45.21675],[15.63635,45.21708],[15.63134,45.21271],[15.64118,45.21602],[15.63578,45.21121],[15.63818,45.20905],[15.64518,45.21517],[15.67054,45.20402],[15.68205,45.20368],[15.682,45.20699],[15.6894,45.20707],[15.69977,45.20328],[15.70963,45.20945],[15.70708,45.21479],[15.72148,45.20876],[15.73427,45.21377],[15.73538,45.20821],[15.73989,45.20746],[15.73949,45.21061],[15.74588,45.2153],[15.75315,45.20715],[15.75858,45.2116],[15.77629,45.20945],[15.77408,45.20615],[15.79207,45.20343],[15.79633,45.19903],[15.79636,45.19546],[15.78494,45.19186],[15.77656,45.1839],[15.77766,45.17641],[15.76462,45.16628],[15.76975,45.15076],[15.77592,45.14626],[15.77513,45.13937],[15.78182,45.13586],[15.77761,45.1309],[15.79026,45.12006],[15.79099,45.11499],[15.78099,45.10675],[15.77889,45.09514],[15.77336,45.09512],[15.76939,45.09132],[15.77446,45.08389],[15.769,45.08132],[15.77095,45.07651],[15.75384,45.06575],[15.74129,45.06189],[15.74202,45.05956],[15.74626,45.0591],[15.74531,45.05684],[15.75378,45.05407],[15.75148,45.05312],[15.75321,45.04742],[15.75912,45.03795],[15.75642,45.0362],[15.76479,45.02961],[15.76173,45.02678],[15.76632,45.02372],[15.76453,45.01952],[15.76822,45.01809],[15.77298,45.00632],[15.77918,45.00716],[15.78224,45.00181],[15.77919,45.00161],[15.786,44.99434],[15.78216,44.99306],[15.78394,44.98833],[15.78054,44.9837],[15.78222,44.97034],[15.77685,44.96887],[15.77076,44.97162],[15.7493,44.96764],[15.74552,44.95484],[15.75025,44.95119],[15.7434,44.94189],[15.72671,44.92573],[15.71254,44.92424],[15.70898,44.91765],[15.70268,44.92105],[15.70206,44.92519],[15.69686,44.92254],[15.69058,44.92444],[15.69152,44.92843],[15.67838,44.93234],[15.67159,44.93699],[15.66693,44.94634],[15.66057,44.94858],[15.63972,44.9455],[15.63548,44.93963],[15.62985,44.93834],[15.62086,44.92496],[15.61584,44.92784],[15.62085,44.92953],[15.62125,44.93471],[15.61756,44.93787],[15.61391,44.9336],[15.60911,44.93329],[15.61039,44.93594],[15.60714,44.93667],[15.60576,44.94234],[15.59858,44.93723],[15.60417,44.92729],[15.58873,44.93261],[15.58955,44.92585],[15.57655,44.92894],[15.57203,44.92551],[15.55553,44.92929],[15.54017,44.9416],[15.53014,44.93772],[15.52775,44.92242],[15.55139,44.91169],[15.557,44.9012],[15.57251,44.89706],[15.57156,44.88742],[15.56058,44.88674],[15.55103,44.89106],[15.54279,44.89926],[15.5422,44.90521],[15.51916,44.91904],[15.51801,44.93268],[15.51398,44.93268],[15.51168,44.92881],[15.50133,44.92861],[15.49902,44.93268],[15.49241,44.93268],[15.48982,44.928],[15.4832,44.93126],[15.48061,44.92861],[15.46997,44.92861],[15.4481,44.93248],[15.43257,44.94083],[15.42163,44.95345],[15.41387,44.97544],[15.3966,44.9846],[15.39258,44.99497],[15.3828,45.00108],[15.37992,45.00901],[15.3669,45.01615],[15.34688,45.02471]],[[15.35742,45.04036],[15.35656,45.03706],[15.35943,45.04048],[15.35742,45.04036]],[[15.47088,45.51497],[15.47336,45.51538],[15.47782,45.51952],[15.47088,45.51497]],[[15.48317,45.4806],[15.47772,45.4793],[15.49679,45.48303],[15.48453,45.48227],[15.48856,45.49052],[15.48317,45.4806]],[[15.41535,45.42607],[15.41535,45.42607],[15.45118,45.44149],[15.41535,45.42607]],[[15.47175,45.37649],[15.48173,45.38681],[15.47531,45.38293],[15.47175,45.37649]],[[15.39172,45.31455],[15.39338,45.3131],[15.39159,45.31845],[15.39172,45.31455]],[[15.39647,45.27953],[15.39579,45.30593],[15.39408,45.31103],[15.39647,45.27953]],[[15.39181,45.27112],[15.39679,45.26741],[15.39673,45.2695],[15.39181,45.27112]],[[15.4079,45.25912],[15.40933,45.2589],[15.40413,45.26193],[15.4079,45.25912]],[[15.42075,45.25562],[15.4209,45.25605],[15.42024,45.25609],[15.42075,45.25562]],[[15.17012,45.14727],[15.15966,45.15386],[15.16403,45.14901],[15.17012,45.14727]],[[15.2773,45.25415],[15.27898,45.25954],[15.27645,45.27347],[15.2773,45.25415]],[[15.28061,45.27344],[15.26876,45.27418],[15.27645,45.27347],[15.28061,45.27344]],[[15.36881,45.27871],[15.34927,45.28515],[15.33751,45.28636],[15.36881,45.27871]],[[15.34266,45.29101],[15.33159,45.29246],[15.32815,45.29095],[15.34266,45.29101]],[[15.39349,45.59755],[15.39227,45.60005],[15.38627,45.60251],[15.39349,45.59755]],[[15.61009,45.39132],[15.6094,45.39213],[15.60811,45.38786],[15.60871,45.38416],[15.61009,45.39132]],[[15.64757,45.37655],[15.61581,45.37195],[15.65094,45.37554],[15.64757,45.37655]],[[15.73496,45.06172],[15.73851,45.06275],[15.73851,45.06275],[15.73496,45.06172]],[[15.65529,45.17761],[15.65459,45.17777],[15.65386,45.17633],[15.65529,45.17761]],[[15.61089,45.26484],[15.60323,45.26182],[15.61466,45.26336],[15.61089,45.26484]],[[15.78568,45.52093],[15.78405,45.51952],[15.78592,45.51846],[15.78568,45.52093]]],[[[15.30094,45.69266],[15.30428,45.69485],[15.30397,45.69651],[15.30545,45.69334],[15.30094,45.69266]]]]}},{"type":"Feature","properties":{"id":"HRV:ADM1:HRV-1584","name":"Lika-Senj","countryCode":"HRV"},"geometry":{"type":"MultiPolygon","coordinates":[[[[15.15455,44.331],[15.13637,44.33222],[15.13624,44.33223],[15.13623,44.33223],[15.13087,44.33259],[15.13087,44.32636],[15.13245,44.32556],[15.13287,44.32412],[15.1571,44.30574],[15.16854,44.29981],[15.14926,44.30317],[15.12875,44.312],[15.11118,44.32461],[15.09669,44.34003],[15.09669,44.34014],[15.10362,44.33802],[15.10688,44.34112],[15.10646,44.34626],[15.11036,44.34626],[15.11036,44.3537],[15.10231,44.35716],[15.09718,44.36131],[15.09276,44.36846],[15.09591,44.37052],[15.11284,44.36927],[15.11676,44.37228],[15.11621,44.37855],[15.11312,44.38104],[15.1172,44.38719],[15.09164,44.39936],[15.08302,44.40152],[15.07358,44.40046],[15.06889,44.3986],[15.06627,44.39879],[15.06537,44.3972],[15.05779,44.39419],[15.049,44.39468],[15.03887,44.40284],[15.0373,44.40886],[15.03419,44.40958],[15.02076,44.43],[14.99659,44.44433],[14.99354,44.44728],[14.97215,44.46086],[14.97013,44.46001],[14.96839,44.46104],[14.96873,44.46259],[14.96382,44.46484],[14.96222,44.4647],[14.95883,44.4667],[14.958,44.46683],[14.95946,44.46788],[14.95378,44.47207],[14.95592,44.46817],[14.95481,44.46731],[14.94972,44.46809],[14.93904,44.47275],[14.90386,44.48812],[14.9006,44.49213],[14.89976,44.49739],[14.90723,44.49544],[14.91833,44.49722],[14.92109,44.50064],[14.91487,44.51513],[14.90503,44.5222],[14.89923,44.52837],[14.87762,44.55134],[14.8775,44.55281],[14.88344,44.55173],[14.8821,44.55678],[14.87987,44.55573],[14.88187,44.5572],[14.87702,44.55907],[14.87696,44.55976],[14.8659,44.56635],[14.8652,44.56697],[14.86649,44.56762],[14.8596,44.57569],[14.85408,44.5768],[14.84837,44.58185],[14.8484,44.58196],[14.84812,44.58206],[14.83429,44.59429],[14.83418,44.59678],[14.82851,44.59939],[14.81399,44.61223],[14.81452,44.61323],[14.81262,44.61344],[14.80919,44.61648],[14.80946,44.61746],[14.80756,44.61791],[14.79863,44.6258],[14.7982,44.6266],[14.79754,44.62677],[14.77958,44.64264],[14.77999,44.64438],[14.77792,44.64411],[14.77166,44.64964],[14.77306,44.65268],[14.76027,44.66012],[14.75604,44.66531],[14.75647,44.66624],[14.75513,44.66643],[14.74952,44.6733],[14.74671,44.6788],[14.74307,44.68184],[14.73381,44.70283],[14.76517,44.68176],[14.76746,44.67986],[14.77913,44.66526],[14.80397,44.64345],[14.80294,44.64087],[14.81278,44.63461],[14.81344,44.62929],[14.81657,44.63027],[14.82348,44.62121],[14.82757,44.61919],[14.84082,44.60519],[14.84001,44.60483],[14.8413,44.60468],[14.84522,44.60053],[14.86559,44.58951],[14.8789,44.57536],[14.88997,44.57207],[14.88866,44.57814],[14.8831,44.5853],[14.88014,44.6092],[14.88872,44.60949],[14.90465,44.60769],[14.90493,44.60961],[14.91487,44.60499],[14.90699,44.6024],[14.91589,44.60396],[14.91312,44.60046],[14.91928,44.60295],[14.91937,44.60291],[14.917,44.59939],[14.92239,44.60118],[14.92567,44.59438],[14.93025,44.59776],[14.93664,44.59073],[14.93588,44.58804],[14.94289,44.5868],[14.94505,44.57998],[14.95439,44.58048],[14.96109,44.57436],[14.95766,44.57278],[14.96307,44.57198],[14.959,44.56846],[14.96331,44.56725],[14.96085,44.56447],[14.96413,44.56421],[14.96379,44.55926],[14.9846,44.54099],[14.98403,44.53461],[14.9895,44.53621],[14.99008,44.5318],[14.99851,44.53234],[15.00136,44.53066],[15.0003,44.52788],[15.00489,44.52949],[15.00346,44.52667],[15.00991,44.5277],[15.02784,44.52077],[15.02892,44.52436],[15.0386,44.52102],[15.03753,44.5182],[15.04219,44.51922],[15.0447,44.51691],[15.03932,44.51666],[15.04362,44.51255],[15.05043,44.51383],[15.05366,44.51049],[15.05293,44.50434],[15.05544,44.50382],[15.05078,44.50229],[15.05938,44.50074],[15.06045,44.4951],[15.06368,44.49535],[15.06224,44.49356],[15.07066,44.48508],[15.07027,44.48465],[15.05592,44.48623],[15.05023,44.48971],[15.05238,44.49279],[15.05006,44.49677],[15.04468,44.49395],[15.04166,44.49493],[15.02817,44.50316],[15.00733,44.50454],[15.00848,44.50724],[15.01051,44.50809],[15.00923,44.50899],[15.01173,44.51488],[15.01417,44.51874],[14.97291,44.53612],[14.95289,44.54149],[14.94207,44.54743],[14.92856,44.55231],[14.91114,44.55231],[14.91114,44.54548],[14.91738,44.54302],[14.91486,44.54221],[14.91549,44.53842],[14.9246,44.53485],[14.93262,44.536],[14.9423,44.52818],[14.94798,44.51865],[14.96222,44.51332],[14.97671,44.50308],[14.97856,44.49851],[14.98926,44.49344],[14.99763,44.48208],[15.02767,44.45966],[15.04336,44.44242],[15.04506,44.44249],[15.04803,44.43944],[15.0593,44.43382],[15.07849,44.4193],[15.08124,44.42119],[15.07208,44.42446],[15.064,44.43148],[15.09669,44.41519],[15.08082,44.42455],[15.06495,44.43793],[15.05104,44.45527],[15.045,44.4688],[15.0437,44.47586],[15.05461,44.472],[15.05434,44.47159],[15.07663,44.46214],[15.07813,44.45819],[15.09646,44.44561],[15.10739,44.44362],[15.11152,44.4405],[15.11171,44.44024],[15.11182,44.44027],[15.1257,44.42978],[15.12359,44.42778],[15.13022,44.4262],[15.1415,44.41675],[15.13948,44.41044],[15.15242,44.40516],[15.15645,44.40654],[15.17343,44.3937],[15.17223,44.39333],[15.18161,44.38496],[15.18589,44.37602],[15.20227,44.37803],[15.20425,44.37528],[15.20161,44.3735],[15.2104,44.37142],[15.20858,44.36847],[15.21529,44.36788],[15.24138,44.35106],[15.24824,44.34526],[15.24998,44.33916],[15.23512,44.33625],[15.21176,44.34614],[15.18735,44.35981],[15.16505,44.36738],[15.16505,44.36054],[15.16557,44.36046],[15.17735,44.35869],[15.18287,44.35786],[15.18339,44.35761],[15.18122,44.35692],[15.20083,44.34513],[15.22605,44.32636],[15.20655,44.32636],[15.20826,44.32075],[15.20934,44.31937],[15.20741,44.3199],[15.21078,44.31754],[15.21095,44.31733],[15.21184,44.3168],[15.21661,44.31346],[15.1989,44.31704],[15.17609,44.32422],[15.15455,44.331]],[[15.13508,44.36448],[15.14526,44.36014],[15.15112,44.36054],[15.13508,44.36448]]],[[[14.89239,44.44267],[14.88689,44.4514],[14.88818,44.45565],[14.88922,44.45569],[14.91597,44.43856],[14.91722,44.43415],[14.93295,44.42765],[14.93994,44.42094],[14.94517,44.41986],[14.9463,44.41913],[14.9526,44.41503],[14.95305,44.41456],[14.94976,44.41197],[14.9544,44.41315],[14.95599,44.41236],[14.96258,44.40436],[14.96135,44.40129],[14.95968,44.40121],[14.95921,44.40167],[14.95781,44.40684],[14.95341,44.40888],[14.94493,44.40791],[14.94148,44.40875],[14.92165,44.42233],[14.91214,44.4317],[14.89627,44.43926],[14.89377,44.44118],[14.89239,44.44267]]],[[[15.08009,44.53608],[15.05201,44.54548],[15.04786,44.55036],[15.01531,44.56908],[15.00733,44.56973],[15.00131,44.57852],[14.99251,44.58835],[14.96348,44.62078],[14.96325,44.62462],[14.95843,44.62861],[14.96193,44.63079],[14.95424,44.63164],[14.95265,44.63698],[14.94805,44.63803],[14.94487,44.64158],[14.94512,44.64259],[14.94385,44.64272],[14.92636,44.66226],[14.92657,44.66352],[14.93093,44.66357],[14.92573,44.66724],[14.92805,44.66961],[14.921,44.67092],[14.9197,44.67601],[14.91307,44.67971],[14.91434,44.6818],[14.90866,44.68373],[14.91216,44.6895],[14.90361,44.68813],[14.90451,44.69109],[14.89907,44.69456],[14.89771,44.69716],[14.90355,44.70009],[14.89624,44.69995],[14.89543,44.7015],[14.89788,44.70594],[14.89192,44.70851],[14.89393,44.71173],[14.88915,44.71672],[14.89168,44.71941],[14.88973,44.72127],[14.8987,44.72001],[14.8965,44.72317],[14.8983,44.72709],[14.89269,44.72602],[14.89216,44.72884],[14.89401,44.73485],[14.89444,44.73533],[14.89811,44.73438],[14.89898,44.7427],[14.89423,44.74715],[14.89389,44.75096],[14.88746,44.76837],[14.88847,44.76876],[14.88728,44.76937],[14.88502,44.782],[14.8874,44.78434],[14.88463,44.78412],[14.8838,44.78876],[14.88322,44.80199],[14.88402,44.80193],[14.88319,44.80265],[14.88263,44.81534],[14.88534,44.81745],[14.88252,44.81783],[14.88224,44.82403],[14.88467,44.82576],[14.8818,44.83407],[14.88172,44.83577],[14.88656,44.83635],[14.88156,44.83952],[14.88156,44.83959],[14.88207,44.84446],[14.88521,44.84359],[14.88711,44.84747],[14.88416,44.84903],[14.88488,44.85913],[14.88887,44.85415],[14.89434,44.86011],[14.8958,44.86743],[14.89246,44.87957],[14.89824,44.88252],[14.89572,44.88613],[14.9024,44.89673],[14.90678,44.89648],[14.9033,44.89859],[14.90661,44.90723],[14.91142,44.90347],[14.91396,44.92024],[14.91666,44.92231],[14.91414,44.92577],[14.91986,44.92891],[14.92518,44.94531],[14.92328,44.94703],[14.92795,44.95139],[14.92507,44.95956],[14.92109,44.96178],[14.92171,44.96791],[14.91746,44.97175],[14.9194,44.97371],[14.91608,44.97599],[14.91432,44.98143],[14.88274,45.0333],[14.88666,45.03919],[14.88117,45.04314],[14.88785,45.04186],[14.8905,45.0443],[14.88329,45.05767],[14.88763,45.06183],[14.89698,45.0603],[14.89927,45.06636],[14.91332,45.06545],[14.90795,45.07121],[14.92193,45.07566],[14.91984,45.07953],[14.92588,45.07819],[14.9275,45.08357],[14.93653,45.08047],[14.94306,45.07017],[14.93646,45.06614],[14.94304,45.06462],[14.96532,45.07538],[14.98363,45.07052],[15.00069,45.07436],[15.00918,45.06862],[15.00821,45.06968],[15.0159,45.06936],[15.01279,45.0731],[15.01405,45.07806],[15.02387,45.09075],[15.02446,45.10203],[15.02023,45.10495],[15.02002,45.11269],[15.01253,45.11947],[15.01718,45.12289],[15.05877,45.11174],[15.11351,45.08863],[15.13442,45.09129],[15.13294,45.08877],[15.1363,45.09014],[15.14571,45.08407],[15.14916,45.09503],[15.16097,45.10315],[15.17968,45.10391],[15.19356,45.11225],[15.19857,45.10622],[15.20283,45.10629],[15.20756,45.09853],[15.22508,45.09309],[15.23227,45.08678],[15.2356,45.07771],[15.254,45.0705],[15.27244,45.06842],[15.27376,45.06268],[15.30152,45.04958],[15.31496,45.033],[15.33291,45.02109],[15.34111,45.01949],[15.34688,45.02471],[15.3669,45.01615],[15.37992,45.00901],[15.3828,45.00108],[15.39258,44.99497],[15.3966,44.9846],[15.41387,44.97544],[15.42163,44.95345],[15.44163,44.92835],[15.43257,44.94083],[15.4481,44.93248],[15.46997,44.92861],[15.48061,44.92861],[15.4832,44.93126],[15.48982,44.928],[15.49241,44.93268],[15.49902,44.93268],[15.50133,44.92861],[15.51168,44.92881],[15.51398,44.93268],[15.51801,44.93268],[15.51916,44.91904],[15.5422,44.90521],[15.54279,44.89926],[15.5678,44.87813],[15.52437,44.84419],[15.59715,44.80206],[15.58634,44.7861],[15.51673,44.75088],[15.46549,44.75301],[15.45776,44.73259],[15.47227,44.72667],[15.49931,44.70862],[15.51493,44.70374],[15.53502,44.68985],[15.53022,44.68149],[15.53321,44.67125],[15.52393,44.66317],[15.5233,44.6552],[15.52912,44.64563],[15.54426,44.64065],[15.55355,44.6334],[15.55005,44.62492],[15.55693,44.61644],[15.55712,44.60174],[15.54942,44.58707],[15.5747,44.57659],[15.58733,44.55211],[15.60703,44.54118],[15.61977,44.52789],[15.62748,44.52593],[15.63196,44.51269],[15.62854,44.50789],[15.63644,44.50324],[15.65092,44.48669],[15.59555,44.45652],[15.59645,44.43881],[15.61053,44.43392],[15.61364,44.42808],[15.61128,44.42229],[15.62075,44.41875],[15.61053,44.41201],[15.57423,44.40316],[15.56633,44.39715],[15.57038,44.39499],[15.56979,44.39229],[15.56235,44.38984],[15.52832,44.36406],[15.5277,44.35806],[15.55072,44.34695],[15.54163,44.33917],[15.4863,44.36452],[15.39007,44.38588],[15.34187,44.41194],[15.31934,44.42012],[15.29847,44.38351],[15.29066,44.3753],[15.28986,44.3677],[15.22526,44.41514],[15.21421,44.42631],[15.20518,44.42988],[15.18692,44.44329],[15.18742,44.44314],[15.18561,44.44609],[15.1793,44.4502],[15.17841,44.44954],[15.17078,44.45514],[15.17086,44.45539],[15.17014,44.45562],[15.16126,44.46214],[15.16134,44.46245],[15.16101,44.46232],[15.15504,44.4667],[15.10808,44.51386],[15.08009,44.53608]],[[15.05496,44.97476],[15.0341,44.98569],[15.06269,44.96882],[15.05496,44.97476]],[[15.09273,44.9535],[15.08239,44.95719],[15.08869,44.95347],[15.09273,44.9535]],[[15.07094,44.67724],[15.08161,44.65036],[15.08214,44.65338],[15.07094,44.67724]]],[[[14.96567,44.5236],[14.96509,44.52423],[14.96599,44.52387],[14.96639,44.52346],[14.96567,44.5236]]]]}},{"type":"Feature","properties":{"id":"HRV:ADM1:HRV-1586","name":"Primorje-Gorski","countryCode":"HRV"},"geometry":{"type":"MultiPolygon","coordinates":[[[[14.50956,44.48389],[14.5078,44.48829],[14.50592,44.48638],[14.50088,44.48982],[14.50448,44.49204],[14.49607,44.4931],[14.49416,44.49441],[14.4963,44.5006],[14.48918,44.49818],[14.48774,44.50217],[14.49121,44.50487],[14.48459,44.50568],[14.48284,44.51106],[14.47472,44.51138],[14.47137,44.5166],[14.46738,44.5173],[14.45575,44.52827],[14.45975,44.53044],[14.4529,44.53333],[14.45212,44.53169],[14.45191,44.53189],[14.4475,44.53405],[14.44752,44.53408],[14.44144,44.53733],[14.44192,44.54176],[14.4445,44.54176],[14.44197,44.5447],[14.44652,44.54377],[14.46806,44.53219],[14.4633,44.53967],[14.46608,44.53864],[14.4609,44.54343],[14.46023,44.54449],[14.46351,44.54615],[14.47224,44.53707],[14.47939,44.53712],[14.47614,44.53421],[14.47837,44.53222],[14.48629,44.53218],[14.4803,44.52708],[14.48752,44.52805],[14.49141,44.52356],[14.49208,44.52576],[14.49865,44.52522],[14.52116,44.50792],[14.52106,44.50784],[14.52334,44.50177],[14.52696,44.50286],[14.53435,44.48408],[14.51197,44.48224],[14.50956,44.48389]]],[[[14.46006,44.54499],[14.45857,44.54559],[14.44781,44.55556],[14.45557,44.55345],[14.46006,44.54499]]],[[[14.43913,44.5676],[14.44539,44.56279],[14.44435,44.55876],[14.438,44.56464],[14.42262,44.57388],[14.40406,44.57966],[14.39698,44.56916],[14.38657,44.56562],[14.37468,44.56757],[14.36969,44.57009],[14.36974,44.57044],[14.37645,44.57574],[14.37148,44.58396],[14.37261,44.58961],[14.38028,44.59426],[14.38122,44.58987],[14.38482,44.58942],[14.38528,44.59831],[14.39267,44.59821],[14.39307,44.60339],[14.38369,44.61122],[14.38181,44.62664],[14.36856,44.63243],[14.36779,44.63679],[14.36441,44.63709],[14.3621,44.63989],[14.3616,44.64445],[14.35773,44.6452],[14.35366,44.65014],[14.35485,44.65288],[14.34693,44.66205],[14.34457,44.66852],[14.33853,44.69366],[14.3414,44.70074],[14.3387,44.70635],[14.34025,44.71254],[14.34675,44.71146],[14.34937,44.71019],[14.34824,44.70712],[14.35388,44.706],[14.35392,44.70138],[14.36138,44.69705],[14.36717,44.69749],[14.36889,44.70094],[14.36976,44.69531],[14.37201,44.69888],[14.37677,44.70008],[14.38111,44.69864],[14.38437,44.69605],[14.38343,44.69437],[14.38736,44.69366],[14.39337,44.68888],[14.39434,44.68556],[14.3972,44.6847],[14.39039,44.66218],[14.39519,44.65339],[14.39686,44.64738],[14.39639,44.6457],[14.39735,44.64559],[14.39959,44.63752],[14.39962,44.6373],[14.39938,44.63533],[14.39381,44.63567],[14.39269,44.6298],[14.39556,44.61961],[14.40296,44.61706],[14.40312,44.61604],[14.40041,44.61328],[14.4037,44.61256],[14.40406,44.61034],[14.40506,44.60876],[14.40462,44.60778],[14.40812,44.60394],[14.41,44.60098],[14.41342,44.59762],[14.41593,44.58833],[14.42275,44.58562],[14.42767,44.57538],[14.43378,44.57392],[14.43286,44.56799],[14.43913,44.5676]]],[[[14.27117,44.61254],[14.2662,44.61186],[14.25361,44.61947],[14.24345,44.61897],[14.23976,44.61986],[14.23259,44.62604],[14.23305,44.63011],[14.23396,44.63141],[14.24769,44.63567],[14.23996,44.64334],[14.23949,44.65097],[14.24415,44.66144],[14.24718,44.66398],[14.25151,44.6659],[14.25488,44.6704],[14.2658,44.67951],[14.28045,44.67756],[14.28004,44.66779],[14.27418,44.66169],[14.2677,44.66062],[14.26352,44.66643],[14.26032,44.66594],[14.26324,44.65988],[14.26092,44.65949],[14.25945,44.65819],[14.2589,44.6578],[14.25453,44.65938],[14.25729,44.65642],[14.25685,44.65306],[14.25847,44.64785],[14.25743,44.64515],[14.25083,44.64949],[14.25637,44.64227],[14.25668,44.63703],[14.25904,44.6341],[14.2658,44.62539],[14.27117,44.61254]]],[[[14.39819,44.74375],[14.3968,44.74465],[14.39723,44.75161],[14.39275,44.75251],[14.3899,44.75406],[14.38738,44.75581],[14.38356,44.75776],[14.37452,44.75385],[14.37158,44.75719],[14.37234,44.76433],[14.36809,44.77431],[14.37131,44.77664],[14.36604,44.78046],[14.36386,44.78721],[14.36764,44.79077],[14.36903,44.80216],[14.36369,44.80538],[14.36305,44.80648],[14.36305,44.80654],[14.36158,44.81598],[14.35662,44.81977],[14.34604,44.8205],[14.33199,44.83215],[14.32938,44.84506],[14.3337,44.85328],[14.3241,44.8724],[14.31951,44.8733],[14.31925,44.87431],[14.32187,44.88547],[14.31676,44.88837],[14.31807,44.89145],[14.3099,44.90869],[14.29875,44.90599],[14.3013,44.91033],[14.29785,44.913],[14.30464,44.91198],[14.30191,44.93523],[14.30598,44.9414],[14.30885,44.94129],[14.32521,44.93651],[14.33229,44.9322],[14.34041,44.92348],[14.34585,44.91385],[14.34935,44.91389],[14.35027,44.91291],[14.35532,44.9106],[14.35579,44.90821],[14.36305,44.90324],[14.3698,44.90835],[14.37046,44.90833],[14.38454,44.90192],[14.39874,44.90617],[14.39864,44.91074],[14.40225,44.91206],[14.40125,44.92061],[14.39668,44.92714],[14.39723,44.9291],[14.39357,44.93476],[14.39237,44.93885],[14.39242,44.93894],[14.39233,44.93897],[14.3898,44.94765],[14.39116,44.94823],[14.39185,44.95548],[14.3994,44.95321],[14.40406,44.94953],[14.40591,44.95126],[14.40956,44.95016],[14.41394,44.94388],[14.41722,44.94645],[14.41348,44.95542],[14.40765,44.96013],[14.40689,44.95931],[14.39235,44.96883],[14.38954,44.974],[14.38797,44.97356],[14.3809,44.98193],[14.37915,44.98954],[14.37494,44.99049],[14.35987,45.02093],[14.36118,45.02869],[14.35501,45.04687],[14.34932,45.05326],[14.34075,45.05885],[14.33646,45.05933],[14.29649,45.09336],[14.29616,45.09412],[14.29066,45.09934],[14.28942,45.09938],[14.28745,45.10106],[14.27958,45.11186],[14.28016,45.11339],[14.2784,45.11504],[14.27793,45.12345],[14.28487,45.12778],[14.28496,45.13262],[14.29192,45.1363],[14.30016,45.14779],[14.30183,45.16355],[14.30979,45.16698],[14.31019,45.16995],[14.31365,45.17243],[14.32658,45.17486],[14.32547,45.16942],[14.32785,45.16777],[14.34669,45.16954],[14.35961,45.16425],[14.36411,45.15762],[14.36261,45.1409],[14.3626,45.1409],[14.35621,45.12958],[14.35902,45.12138],[14.35509,45.11648],[14.35895,45.11138],[14.35687,45.1029],[14.35997,45.10138],[14.36011,45.08829],[14.36768,45.08089],[14.36964,45.07551],[14.37282,45.0691],[14.37289,45.0622],[14.38298,45.04859],[14.38416,45.04621],[14.38285,45.04532],[14.39655,45.01563],[14.42477,44.9835],[14.43524,44.97777],[14.44324,44.97709],[14.45834,44.98361],[14.4666,44.98285],[14.47348,44.97142],[14.47104,44.95392],[14.46843,44.94839],[14.46064,44.95204],[14.46486,44.94082],[14.46439,44.93983],[14.46146,44.94001],[14.45838,44.9306],[14.45191,44.92231],[14.45753,44.91704],[14.45877,44.91454],[14.44996,44.89802],[14.44935,44.89203],[14.44554,44.87499],[14.44981,44.87113],[14.44984,44.87079],[14.44675,44.86801],[14.45068,44.86276],[14.45191,44.8509],[14.45865,44.83557],[14.45866,44.83455],[14.45927,44.83414],[14.46088,44.83048],[14.45979,44.82943],[14.4613,44.82953],[14.46333,44.82492],[14.46277,44.81867],[14.46565,44.8137],[14.46656,44.80484],[14.45191,44.79877],[14.45357,44.79521],[14.45285,44.79542],[14.44866,44.79327],[14.44753,44.78604],[14.4661,44.77071],[14.46613,44.76737],[14.47046,44.76636],[14.47321,44.76197],[14.47352,44.75858],[14.47235,44.75611],[14.47345,44.75483],[14.47385,44.75496],[14.47389,44.75454],[14.46762,44.74213],[14.46626,44.73131],[14.46362,44.72656],[14.47101,44.71215],[14.47218,44.70795],[14.47465,44.70503],[14.47791,44.69866],[14.47724,44.69327],[14.48729,44.68771],[14.48912,44.6822],[14.49634,44.68021],[14.49361,44.67188],[14.49742,44.67617],[14.4991,44.67329],[14.50474,44.67383],[14.50555,44.67279],[14.50726,44.66989],[14.50357,44.66841],[14.50763,44.66807],[14.51025,44.66171],[14.5131,44.66322],[14.51324,44.66305],[14.50986,44.65747],[14.51044,44.6569],[14.50807,44.65331],[14.5082,44.65116],[14.50501,44.65324],[14.50446,44.64983],[14.50835,44.6487],[14.50843,44.64735],[14.50455,44.6413],[14.50213,44.64264],[14.50336,44.63858],[14.51018,44.64453],[14.51227,44.6435],[14.51373,44.63945],[14.51522,44.64226],[14.51668,44.64293],[14.51718,44.63892],[14.52057,44.64105],[14.51855,44.63084],[14.52223,44.63208],[14.52412,44.63762],[14.52522,44.63449],[14.52629,44.63748],[14.53303,44.63342],[14.52688,44.64164],[14.52981,44.64332],[14.53435,44.63426],[14.52944,44.62927],[14.52807,44.62962],[14.52885,44.62867],[14.52735,44.62714],[14.52136,44.62233],[14.52029,44.62395],[14.51671,44.62416],[14.51835,44.62076],[14.51336,44.61884],[14.50229,44.62027],[14.50042,44.62027],[14.49455,44.62438],[14.49814,44.62027],[14.47299,44.62027],[14.47012,44.62258],[14.47143,44.62428],[14.46805,44.62424],[14.46576,44.62609],[14.46607,44.62976],[14.46235,44.62883],[14.45582,44.63409],[14.45757,44.63528],[14.45538,44.63444],[14.44447,44.64323],[14.4453,44.64654],[14.44148,44.64677],[14.43686,44.65645],[14.41971,44.66996],[14.41986,44.67268],[14.41795,44.67179],[14.41613,44.67457],[14.41709,44.67499],[14.41507,44.67619],[14.39606,44.70526],[14.39833,44.70674],[14.39898,44.71341],[14.39512,44.71703],[14.3963,44.73637],[14.39869,44.73634],[14.39819,44.74375]]],[[[14.39102,44.95984],[14.39098,44.95985],[14.39098,44.95986],[14.39102,44.95984]]],[[[14.46592,45.11539],[14.46644,45.11935],[14.47784,45.12839],[14.47818,45.1284],[14.47949,45.12596],[14.48345,45.12748],[14.49403,45.124],[14.50464,45.11577],[14.52264,45.11987],[14.52518,45.12498],[14.52821,45.12416],[14.5237,45.1262],[14.5267,45.12953],[14.52733,45.13383],[14.53012,45.13483],[14.52797,45.13823],[14.52908,45.14581],[14.52286,45.15049],[14.52325,45.15089],[14.52341,45.15105],[14.53357,45.15137],[14.53505,45.15909],[14.54641,45.16854],[14.54075,45.175],[14.54176,45.1789],[14.5394,45.18684],[14.5359,45.19416],[14.53682,45.20129],[14.53954,45.2034],[14.54677,45.20092],[14.5418,45.2055],[14.54797,45.21023],[14.55077,45.20719],[14.55167,45.22337],[14.54938,45.22529],[14.54884,45.23017],[14.5439,45.23563],[14.5515,45.23524],[14.55174,45.24276],[14.55532,45.24088],[14.55414,45.24568],[14.56317,45.24382],[14.57686,45.23427],[14.57927,45.23541],[14.57705,45.24142],[14.591,45.23877],[14.59202,45.23766],[14.58546,45.23786],[14.58221,45.23754],[14.58391,45.23051],[14.58153,45.22998],[14.61109,45.19738],[14.61517,45.19035],[14.61311,45.18723],[14.61898,45.18377],[14.62136,45.17967],[14.62089,45.17856],[14.62192,45.17871],[14.62379,45.17548],[14.60995,45.17074],[14.60779,45.17114],[14.60718,45.16979],[14.59742,45.16645],[14.60577,45.16248],[14.5979,45.15582],[14.59693,45.15124],[14.60349,45.14893],[14.61963,45.15429],[14.62104,45.15851],[14.62129,45.15856],[14.64373,45.15681],[14.64829,45.15786],[14.65,45.15756],[14.6505,45.1516],[14.66767,45.14698],[14.66842,45.15158],[14.67091,45.14346],[14.66499,45.12609],[14.66473,45.12604],[14.66487,45.12573],[14.6634,45.12141],[14.65824,45.12154],[14.66182,45.11677],[14.65895,45.10834],[14.66134,45.10043],[14.66106,45.10039],[14.66151,45.09988],[14.66313,45.09451],[14.66232,45.0939],[14.66333,45.09383],[14.66395,45.0918],[14.66324,45.09134],[14.6644,45.0903],[14.66529,45.08735],[14.67392,45.08067],[14.67177,45.07809],[14.67588,45.07868],[14.67794,45.07756],[14.67807,45.07746],[14.67817,45.07744],[14.70143,45.06484],[14.70951,45.065],[14.71491,45.07181],[14.72325,45.06889],[14.7269,45.06299],[14.72979,45.06454],[14.72868,45.06813],[14.7381,45.06789],[14.7363,45.06584],[14.7392,45.06354],[14.73344,45.05736],[14.73869,45.05763],[14.74021,45.05647],[14.74,45.04434],[14.74073,45.04386],[14.74052,45.04337],[14.74477,45.03327],[14.75938,45.01846],[14.76883,45.01537],[14.77006,45.01058],[14.78389,45.00804],[14.79864,45.00011],[14.79517,44.9951],[14.79932,44.99019],[14.8015,44.99104],[14.79837,44.9952],[14.80433,44.99562],[14.8055,44.99478],[14.81495,44.97748],[14.80972,44.97748],[14.79956,44.98412],[14.8064,44.97622],[14.79721,44.97134],[14.78468,44.96931],[14.77223,44.97134],[14.76092,44.97748],[14.74724,44.97004],[14.74724,44.96381],[14.7485,44.96301],[14.74669,44.95871],[14.75707,44.94909],[14.75685,44.94872],[14.74203,44.94473],[14.7234,44.94335],[14.70639,44.94672],[14.68841,44.95537],[14.68852,44.95606],[14.67787,44.96471],[14.66475,44.96674],[14.65789,44.97004],[14.62892,44.97818],[14.62452,44.9855],[14.62442,44.98769],[14.62806,44.98982],[14.62691,45.00018],[14.62402,45.00471],[14.62461,45.0131],[14.62757,45.01745],[14.62907,45.03402],[14.62631,45.03723],[14.62631,45.03726],[14.62086,45.0456],[14.60328,45.03897],[14.60328,45.03217],[14.60838,45.02936],[14.60694,45.02732],[14.61391,45.02448],[14.59106,45.02328],[14.5884,45.02469],[14.57845,45.025],[14.5788,45.02745],[14.57326,45.0252],[14.51051,45.03217],[14.48536,45.03803],[14.46013,45.05239],[14.44982,45.06112],[14.45032,45.06154],[14.44948,45.06141],[14.43873,45.0705],[14.43131,45.07965],[14.43501,45.09312],[14.46917,45.09866],[14.47148,45.10334],[14.46592,45.11539]],[[14.57868,45.15428],[14.58178,45.15843],[14.58358,45.16513],[14.57868,45.15428]],[[14.57402,45.15452],[14.57459,45.15348],[14.56342,45.14779],[14.57868,45.15428],[14.57402,45.15452]],[[14.55063,45.1632],[14.54683,45.15811],[14.55259,45.16389],[14.55063,45.1632]],[[14.55904,45.16618],[14.55655,45.1653],[14.5686,45.16449],[14.55904,45.16618]]],[[[14.24499,45.18403],[14.23623,45.17701],[14.23492,45.17272],[14.23764,45.16899],[14.22634,45.15379],[14.21809,45.15568],[14.21055,45.16303],[14.1956,45.16502],[14.20195,45.17251],[14.20572,45.18509],[14.2069,45.21372],[14.18879,45.25623],[14.19232,45.27392],[14.18756,45.28562],[14.18899,45.29041],[14.18293,45.28993],[14.18323,45.3068],[14.19366,45.31851],[14.19381,45.32508],[14.20297,45.32955],[14.21531,45.32732],[14.20405,45.34662],[14.2024,45.37036],[14.18632,45.37697],[14.18249,45.38551],[14.18841,45.39264],[14.20643,45.40076],[14.20482,45.4042],[14.16476,45.41611],[14.12088,45.44318],[14.1189,45.45079],[14.10719,45.45983],[14.11522,45.47097],[14.10951,45.47832],[14.11144,45.48228],[14.13654,45.47503],[14.14322,45.47504],[14.15399,45.48105],[14.17294,45.47959],[14.20761,45.46927],[14.20654,45.47847],[14.20925,45.47977],[14.20629,45.48207],[14.21046,45.48903],[14.21996,45.49336],[14.22333,45.50138],[14.23483,45.50557],[14.24498,45.50538],[14.26453,45.48281],[14.26793,45.48227],[14.27606,45.48929],[14.28643,45.49035],[14.29102,45.48491],[14.30598,45.48019],[14.31663,45.48297],[14.31999,45.47291],[14.33143,45.46169],[14.32277,45.47041],[14.33839,45.47958],[14.35034,45.48555],[14.36086,45.48404],[14.39434,45.49405],[14.40021,45.50077],[14.39842,45.50287],[14.41552,45.50994],[14.42743,45.50693],[14.43514,45.50948],[14.44169,45.51646],[14.45762,45.52113],[14.47566,45.53377],[14.48841,45.53681],[14.47603,45.52114],[14.50055,45.5494],[14.49783,45.55176],[14.49787,45.56482],[14.5008,45.56837],[14.49907,45.57567],[14.50729,45.58919],[14.50134,45.60783],[14.51436,45.60712],[14.53502,45.61391],[14.56333,45.64714],[14.57001,45.67294],[14.57511,45.67206],[14.57684,45.66823],[14.5787,45.66978],[14.57845,45.66531],[14.58336,45.66466],[14.59704,45.66954],[14.59894,45.66634],[14.60601,45.66587],[14.60666,45.65955],[14.60971,45.65868],[14.60134,45.64367],[14.60194,45.6341],[14.59573,45.62708],[14.61296,45.61677],[14.62732,45.61422],[14.63081,45.60466],[14.64143,45.60287],[14.65116,45.5919],[14.67765,45.58955],[14.69032,45.58068],[14.69379,45.5711],[14.69681,45.56998],[14.70027,45.56287],[14.69529,45.55564],[14.6899,45.55494],[14.69095,45.54875],[14.68737,45.5456],[14.68855,45.53961],[14.68504,45.53506],[14.69058,45.52662],[14.70011,45.52544],[14.70331,45.53453],[14.72063,45.53414],[14.7305,45.52888],[14.73506,45.52987],[14.73869,45.52401],[14.75958,45.51042],[14.76885,45.5122],[14.7684,45.50598],[14.7864,45.5067],[14.78914,45.50363],[14.78679,45.50106],[14.78964,45.50005],[14.7956,45.50333],[14.80359,45.49585],[14.79901,45.49196],[14.80545,45.48638],[14.80509,45.47893],[14.81601,45.47166],[14.81762,45.4595],[14.86875,45.46602],[14.87461,45.47208],[14.89189,45.4763],[14.90326,45.47562],[14.91138,45.481],[14.91031,45.48824],[14.91579,45.49404],[14.91162,45.50104],[14.91664,45.5041],[14.91309,45.51065],[14.91343,45.51832],[14.92125,45.52766],[14.93113,45.52928],[14.9685,45.50957],[14.98189,45.4983],[15.01225,45.49748],[15.02544,45.48608],[15.03802,45.48686],[15.05369,45.49438],[15.05992,45.48824],[15.07104,45.48767],[15.07791,45.48226],[15.0862,45.48284],[15.08551,45.46739],[15.10454,45.46217],[15.12383,45.44691],[15.13861,45.44426],[15.14683,45.4313],[15.15682,45.42508],[15.1784,45.42155],[15.18894,45.42796],[15.1886,45.43356],[15.19395,45.43672],[15.20473,45.42591],[15.22183,45.4254],[15.2274,45.42828],[15.23265,45.42287],[15.22634,45.41863],[15.22368,45.4148],[15.22719,45.41171],[15.22192,45.40764],[15.22795,45.40036],[15.22334,45.39375],[15.2142,45.391],[15.21637,45.38391],[15.21067,45.37321],[15.17835,45.34266],[15.17963,45.32452],[15.18232,45.32102],[15.17787,45.31206],[15.14477,45.30362],[15.13998,45.30564],[15.13524,45.30195],[15.13157,45.30458],[15.12306,45.30365],[15.10689,45.27844],[15.10379,45.28293],[15.08466,45.28574],[15.08836,45.29697],[15.04814,45.29681],[15.03478,45.30159],[15.0211,45.32358],[14.99152,45.31229],[14.97936,45.29236],[14.98681,45.28906],[14.98954,45.28417],[14.96154,45.27334],[14.99112,45.24768],[14.98564,45.24593],[14.98285,45.24116],[14.99106,45.2337],[14.98252,45.23185],[14.97461,45.23428],[14.99123,45.20505],[14.97945,45.1876],[14.97542,45.17413],[14.97714,45.15425],[14.98952,45.14918],[14.99124,45.14188],[15.01081,45.13254],[15.01718,45.12289],[15.01253,45.11947],[15.02002,45.11269],[15.02023,45.10495],[15.02446,45.10203],[15.02387,45.09075],[15.01405,45.07806],[15.01279,45.0731],[15.0159,45.06936],[15.00821,45.06968],[15.00069,45.07436],[14.98363,45.07052],[14.96532,45.07538],[14.94304,45.06462],[14.93646,45.06614],[14.94306,45.07017],[14.93653,45.08047],[14.9275,45.08357],[14.92588,45.07819],[14.91984,45.07953],[14.92193,45.07566],[14.90795,45.07121],[14.91332,45.06545],[14.89927,45.06636],[14.89698,45.0603],[14.88763,45.06183],[14.88329,45.05767],[14.8905,45.0443],[14.88785,45.04186],[14.88117,45.04314],[14.88666,45.03919],[14.88274,45.0333],[14.88145,45.03542],[14.88149,45.03653],[14.88042,45.03712],[14.8765,45.04355],[14.87702,45.04517],[14.87351,45.04846],[14.87115,45.05234],[14.8711,45.05544],[14.86566,45.06136],[14.85646,45.07648],[14.85601,45.07858],[14.8562,45.07977],[14.85567,45.08018],[14.85279,45.09365],[14.84419,45.10362],[14.84457,45.10419],[14.84004,45.10827],[14.84517,45.11034],[14.84708,45.11557],[14.83617,45.10908],[14.83147,45.1117],[14.83398,45.11666],[14.82847,45.11336],[14.8274,45.11396],[14.80836,45.12121],[14.80813,45.12148],[14.80748,45.12155],[14.76596,45.13736],[14.75823,45.14159],[14.67236,45.18867],[14.65511,45.20082],[14.65338,45.20081],[14.616,45.23569],[14.6067,45.24437],[14.59278,45.24982],[14.57602,45.26227],[14.56861,45.27595],[14.57489,45.28029],[14.58123,45.279],[14.57836,45.28269],[14.58221,45.28535],[14.57802,45.28839],[14.57081,45.29365],[14.53435,45.31269],[14.54699,45.30209],[14.53589,45.30696],[14.53706,45.30283],[14.5531,45.29068],[14.55298,45.2904],[14.55193,45.28807],[14.54331,45.28384],[14.53305,45.28388],[14.52443,45.28876],[14.51051,45.29975],[14.48833,45.30772],[14.48834,45.30803],[14.48528,45.30882],[14.47755,45.31159],[14.48289,45.31559],[14.47587,45.31262],[14.47487,45.31256],[14.46938,45.31453],[14.46083,45.32031],[14.45178,45.32085],[14.44457,45.32344],[14.44767,45.32687],[14.44402,45.32364],[14.4406,45.32487],[14.43781,45.32707],[14.43524,45.3268],[14.40235,45.33861],[14.36362,45.34463],[14.34588,45.35163],[14.33299,45.35352],[14.33232,45.35517],[14.33746,45.35498],[14.32725,45.35577],[14.32475,45.35124],[14.32463,45.35117],[14.32138,45.35125],[14.32161,45.34951],[14.31153,45.34398],[14.29078,45.3205],[14.28188,45.30611],[14.28097,45.30591],[14.28119,45.305],[14.27945,45.30219],[14.27198,45.29011],[14.26083,45.26175],[14.26082,45.26175],[14.25847,45.25576],[14.25582,45.23862],[14.25482,45.23746],[14.25004,45.21605],[14.24454,45.21102],[14.2421,45.19824],[14.2458,45.19432],[14.24298,45.18502],[14.24499,45.18403]],[[14.19704,45.27592],[14.20129,45.27961],[14.19232,45.27392],[14.19704,45.27592]],[[14.33666,45.3599],[14.33581,45.35651],[14.32712,45.3607],[14.33746,45.35498],[14.33666,45.3599]],[[14.5533,45.46924],[14.52873,45.48854],[14.511,45.49951],[14.5533,45.46924]],[[14.29545,45.33911],[14.29666,45.33826],[14.29741,45.33924],[14.29545,45.33911]],[[14.36809,45.36538],[14.37144,45.36269],[14.36852,45.3675],[14.36829,45.37539],[14.36809,45.36538]],[[14.66838,45.28552],[14.65675,45.26873],[14.67366,45.28875],[14.66838,45.28552]],[[14.71448,45.25513],[14.67722,45.2873],[14.67366,45.28875],[14.71448,45.25513]],[[14.63842,45.23568],[14.62794,45.24239],[14.63555,45.23578],[14.63842,45.23568]],[[14.65267,45.22655],[14.64545,45.23117],[14.6678,45.21189],[14.65267,45.22655]],[[15.00958,45.3292],[14.993,45.32637],[14.99882,45.32689],[15.00958,45.3292]],[[14.70356,45.38342],[14.71007,45.38115],[14.72908,45.38155],[14.70356,45.38342]],[[14.66186,45.35097],[14.65919,45.36529],[14.66049,45.34057],[14.66186,45.35097]],[[14.73907,45.34554],[14.74257,45.34544],[14.71929,45.35462],[14.73907,45.34554]],[[14.75278,45.34018],[14.75459,45.3407],[14.75058,45.34228],[14.75278,45.34018]],[[14.76423,45.34348],[14.78319,45.35654],[14.75939,45.34208],[14.76423,45.34348]]],[[[14.56902,45.24539],[14.56447,45.24571],[14.56073,45.24956],[14.56332,45.24974],[14.56694,45.24838],[14.56902,45.24539]]],[[[14.85308,44.73263],[14.85906,44.71735],[14.84962,44.70319],[14.82146,44.72065],[14.80838,44.73135],[14.8083,44.73262],[14.80621,44.73312],[14.77296,44.76032],[14.74049,44.77827],[14.74049,44.77049],[14.7417,44.76816],[14.7411,44.76842],[14.73371,44.76738],[14.73646,44.7653],[14.72495,44.76765],[14.70997,44.76789],[14.69947,44.7652],[14.66011,44.79698],[14.66156,44.79897],[14.66166,44.79899],[14.6698,44.79947],[14.67582,44.79571],[14.68296,44.79794],[14.70641,44.7849],[14.70864,44.79011],[14.69979,44.79468],[14.70574,44.79255],[14.70574,44.79877],[14.70232,44.80215],[14.70143,44.80435],[14.70134,44.80732],[14.70116,44.80788],[14.70635,44.80511],[14.70928,44.80713],[14.7093,44.80712],[14.708,44.80418],[14.7123,44.80163],[14.71878,44.80005],[14.71998,44.79877],[14.72397,44.79877],[14.72719,44.79798],[14.72645,44.79877],[14.72682,44.79877],[14.72627,44.79962],[14.72978,44.79923],[14.72099,44.8078],[14.71748,44.81322],[14.71412,44.81843],[14.70582,44.82685],[14.69207,44.83348],[14.68979,44.83674],[14.687,44.84402],[14.68965,44.84601],[14.69215,44.8417],[14.70075,44.84375],[14.69986,44.84136],[14.70985,44.84054],[14.71449,44.83797],[14.71275,44.8361],[14.72364,44.8319],[14.72566,44.83487],[14.71817,44.84146],[14.7211,44.84161],[14.72682,44.84028],[14.72413,44.84443],[14.72131,44.85137],[14.726,44.85256],[14.72512,44.84985],[14.73035,44.84832],[14.7355,44.85066],[14.73176,44.84657],[14.738,44.84781],[14.73921,44.84517],[14.74224,44.84898],[14.746,44.84971],[14.74825,44.84852],[14.74586,44.84701],[14.7531,44.84424],[14.75045,44.84061],[14.75447,44.84155],[14.75599,44.83613],[14.75491,44.83564],[14.7548,44.83492],[14.74049,44.82665],[14.74049,44.82288],[14.73745,44.82087],[14.74373,44.81417],[14.81806,44.76093],[14.8273,44.75787],[14.84699,44.73491],[14.85308,44.73263]]],[[[14.72905,44.85321],[14.72611,44.85259],[14.72698,44.85417],[14.72905,44.85321]]],[[[14.79649,44.9253],[14.80075,44.92179],[14.80849,44.91935],[14.81517,44.9141],[14.81519,44.91404],[14.81523,44.91405],[14.82273,44.90815],[14.82328,44.90721],[14.82444,44.9068],[14.82851,44.90361],[14.82596,44.90159],[14.83182,44.89718],[14.83578,44.88683],[14.8318,44.88686],[14.79111,44.90427],[14.78838,44.90436],[14.77858,44.90847],[14.768,44.91779],[14.76792,44.92713],[14.76825,44.92886],[14.77282,44.93322],[14.78194,44.93193],[14.78377,44.9311],[14.78736,44.92701],[14.79208,44.92731],[14.79649,44.9253]]]]}},{"type":"Feature","properties":{"id":"HRV:ADM1:HRV-1587","name":"Sisak-Moslavina","countryCode":"HRV"},"geometry":{"type":"Polygon","coordinates":[[[16.4847,45.19105],[16.47433,45.18262],[16.4786,45.16073],[16.47342,45.15926],[16.46332,45.14246],[16.44469,45.13364],[16.43727,45.12676],[16.40969,45.12064],[16.39444,45.11271],[16.39298,45.10428],[16.40287,45.0985],[16.39517,45.09397],[16.39568,45.08967],[16.38656,45.08204],[16.38768,45.07241],[16.38335,45.05166],[16.37457,45.05142],[16.37097,45.04301],[16.36053,45.03822],[16.35552,45.03122],[16.35878,45.02515],[16.35588,45.01759],[16.35853,45.01151],[16.35432,45.00305],[16.33945,45.00034],[16.32111,45.00223],[16.31184,44.99804],[16.30707,45.0007],[16.29301,44.99925],[16.28948,44.9957],[16.28431,45.0083],[16.27374,45.00623],[16.27299,45.01409],[16.26912,45.01685],[16.26205,45.01689],[16.25757,45.01109],[16.25318,45.0143],[16.23635,45.01466],[16.22982,45.0172],[16.22922,45.02455],[16.21142,45.02928],[16.20908,45.03257],[16.19368,45.03104],[16.18613,45.04626],[16.17595,45.05263],[16.17548,45.06236],[16.17014,45.06671],[16.17393,45.07037],[16.17223,45.07252],[16.15553,45.08281],[16.14408,45.08537],[16.13862,45.09082],[16.1317,45.08661],[16.12175,45.09305],[16.10892,45.0927],[16.1028,45.09962],[16.08995,45.10435],[16.0844,45.11061],[16.08581,45.13183],[16.07809,45.14224],[16.05665,45.15796],[16.05161,45.17158],[16.04641,45.17269],[16.04848,45.18475],[16.04651,45.17916],[16.01566,45.17989],[16.01467,45.18328],[16.03045,45.20112],[16.02175,45.20203],[16.01468,45.21799],[16.0043,45.21734],[16.00027,45.22188],[15.99384,45.22115],[15.97658,45.23093],[15.96601,45.22181],[15.95721,45.22078],[15.94459,45.21329],[15.94038,45.21472],[15.92779,45.21086],[15.92687,45.21475],[15.92113,45.21249],[15.92643,45.22374],[15.92131,45.23078],[15.91609,45.2305],[15.91909,45.22835],[15.91024,45.22434],[15.89182,45.22916],[15.88739,45.22562],[15.89492,45.21903],[15.88954,45.21604],[15.88991,45.21867],[15.88192,45.21831],[15.88077,45.22067],[15.85667,45.21693],[15.84746,45.22441],[15.84004,45.22439],[15.83252,45.21807],[15.82735,45.21902],[15.83207,45.21273],[15.82698,45.20761],[15.81743,45.20821],[15.81512,45.21099],[15.80513,45.20876],[15.80946,45.20546],[15.80375,45.20425],[15.80155,45.1981],[15.79636,45.19546],[15.79207,45.20343],[15.77408,45.20615],[15.77629,45.20945],[15.76225,45.21195],[15.75315,45.20715],[15.74588,45.2153],[15.73949,45.21061],[15.73989,45.20746],[15.73538,45.20821],[15.73427,45.21377],[15.72148,45.20876],[15.70708,45.21479],[15.70963,45.20945],[15.69977,45.20328],[15.6894,45.20707],[15.682,45.20699],[15.68205,45.20368],[15.67054,45.20402],[15.64518,45.21517],[15.63818,45.20905],[15.63578,45.21121],[15.64118,45.21602],[15.63134,45.21271],[15.63635,45.21708],[15.62865,45.21675],[15.63092,45.22075],[15.63465,45.22507],[15.63204,45.2266],[15.63141,45.23546],[15.63813,45.23856],[15.62859,45.24662],[15.63185,45.25061],[15.64011,45.25255],[15.63934,45.26685],[15.65208,45.26527],[15.65942,45.26867],[15.65174,45.27371],[15.65372,45.27782],[15.64994,45.28917],[15.65577,45.28908],[15.65466,45.29125],[15.65814,45.29282],[15.65423,45.29448],[15.65552,45.29629],[15.66007,45.29439],[15.66298,45.29786],[15.65466,45.29868],[15.657,45.3004],[15.64951,45.30444],[15.65722,45.30678],[15.64899,45.30574],[15.65144,45.31077],[15.65854,45.31276],[15.65792,45.323],[15.64983,45.33292],[15.65698,45.33257],[15.656,45.33583],[15.65127,45.33673],[15.65797,45.33914],[15.65908,45.33604],[15.66067,45.34099],[15.67298,45.33951],[15.66147,45.36644],[15.66475,45.36601],[15.6639,45.37022],[15.67569,45.37562],[15.67562,45.38023],[15.66672,45.38374],[15.67805,45.38905],[15.66897,45.40008],[15.66198,45.40101],[15.65749,45.40549],[15.66436,45.41263],[15.67097,45.41142],[15.67659,45.4163],[15.68298,45.41675],[15.69717,45.40663],[15.70341,45.40561],[15.71381,45.41039],[15.71928,45.40816],[15.72201,45.40656],[15.72001,45.39795],[15.72974,45.39127],[15.73784,45.3966],[15.75238,45.39706],[15.77585,45.38799],[15.78496,45.38907],[15.78621,45.38347],[15.79472,45.38041],[15.80839,45.38261],[15.82111,45.38965],[15.82768,45.38934],[15.8271,45.39686],[15.82146,45.39524],[15.82552,45.40293],[15.81601,45.40531],[15.82239,45.40972],[15.82964,45.40969],[15.83034,45.41591],[15.84112,45.42324],[15.84343,45.42665],[15.83643,45.43164],[15.84779,45.45405],[15.8542,45.45835],[15.84908,45.46374],[15.8296,45.46099],[15.8303,45.49417],[15.83822,45.49406],[15.84479,45.48998],[15.84821,45.49805],[15.85269,45.49885],[15.8546,45.4943],[15.85348,45.49999],[15.86289,45.49884],[15.86915,45.50318],[15.87849,45.50368],[15.88443,45.50126],[15.88811,45.49457],[15.89978,45.49432],[15.90765,45.48238],[15.92211,45.47859],[15.92666,45.47442],[15.94529,45.47006],[15.97452,45.46956],[15.9982,45.47639],[16.00859,45.48675],[16.01707,45.48886],[16.02268,45.48535],[16.03984,45.48438],[16.06091,45.46389],[16.05871,45.46714],[16.05484,45.47942],[16.05635,45.48312],[16.07307,45.48853],[16.06291,45.50174],[16.07891,45.50988],[16.08957,45.51016],[16.1082,45.50346],[16.09959,45.51069],[16.09706,45.52489],[16.10455,45.53534],[16.07291,45.55368],[16.07016,45.55946],[16.06181,45.56143],[16.06563,45.56918],[16.07575,45.57621],[16.08042,45.57358],[16.0848,45.57835],[16.09618,45.5806],[16.09937,45.5849],[16.09272,45.58757],[16.09369,45.59374],[16.08657,45.59332],[16.09693,45.60378],[16.10982,45.60659],[16.10708,45.61457],[16.12567,45.6169],[16.13201,45.61475],[16.14715,45.62779],[16.15118,45.63617],[16.16466,45.63916],[16.17813,45.6375],[16.17883,45.63985],[16.18465,45.63643],[16.19074,45.62762],[16.19622,45.60879],[16.20433,45.60395],[16.2027,45.60977],[16.2335,45.6081],[16.24357,45.59607],[16.23891,45.59341],[16.24291,45.59133],[16.25088,45.59561],[16.25086,45.60083],[16.25479,45.6035],[16.26244,45.60203],[16.26653,45.60539],[16.27993,45.60535],[16.27415,45.60593],[16.26819,45.61334],[16.2791,45.61865],[16.28949,45.61323],[16.30431,45.6309],[16.30189,45.63458],[16.29426,45.63845],[16.29337,45.64913],[16.28582,45.65945],[16.2882,45.67226],[16.30886,45.67588],[16.27526,45.70909],[16.27555,45.71201],[16.29306,45.71689],[16.29158,45.72153],[16.29433,45.72269],[16.30234,45.72241],[16.31634,45.73202],[16.32443,45.7428],[16.33373,45.73586],[16.33267,45.73879],[16.35947,45.73749],[16.36047,45.74106],[16.36837,45.74283],[16.36712,45.73971],[16.37628,45.75303],[16.37435,45.76797],[16.38778,45.79042],[16.38804,45.8067],[16.4237,45.7999],[16.42928,45.80786],[16.42764,45.81334],[16.44952,45.81397],[16.44604,45.8048],[16.44799,45.80159],[16.49505,45.77402],[16.52247,45.76045],[16.51193,45.75213],[16.50126,45.74923],[16.50647,45.74017],[16.49472,45.73179],[16.48903,45.72332],[16.49808,45.72533],[16.49515,45.72962],[16.49707,45.73065],[16.50069,45.72629],[16.50696,45.72424],[16.50927,45.72626],[16.50839,45.72308],[16.52143,45.7253],[16.52886,45.71925],[16.5261,45.71443],[16.53411,45.70958],[16.54677,45.70764],[16.5658,45.71456],[16.57338,45.70898],[16.57762,45.69942],[16.58675,45.70001],[16.58834,45.69406],[16.58512,45.68671],[16.58988,45.68281],[16.58804,45.67723],[16.59115,45.67696],[16.59944,45.6864],[16.61053,45.67508],[16.60804,45.67347],[16.60935,45.66659],[16.60992,45.67036],[16.62472,45.66394],[16.64267,45.66307],[16.64848,45.66769],[16.65737,45.66691],[16.66214,45.66974],[16.66837,45.66461],[16.66795,45.65125],[16.67489,45.65407],[16.68188,45.65192],[16.69529,45.65402],[16.70222,45.6575],[16.70794,45.65183],[16.72193,45.64454],[16.72046,45.64124],[16.72827,45.63248],[16.7297,45.62273],[16.73569,45.62153],[16.74192,45.62513],[16.74861,45.6199],[16.75534,45.61559],[16.77485,45.61965],[16.78387,45.62542],[16.79729,45.62414],[16.79432,45.62139],[16.79881,45.61614],[16.8033,45.59979],[16.80224,45.58661],[16.80459,45.58231],[16.80799,45.58499],[16.80409,45.5805],[16.81148,45.57777],[16.80565,45.57609],[16.8157,45.56484],[16.83062,45.5696],[16.83358,45.55298],[16.85692,45.54813],[16.8594,45.5347],[16.87405,45.52394],[16.85546,45.51633],[16.86122,45.51109],[16.84887,45.50757],[16.87629,45.51046],[16.89009,45.50065],[16.89679,45.49957],[16.89638,45.49504],[16.90196,45.49286],[16.89992,45.48828],[16.90832,45.48007],[16.90941,45.46724],[16.92261,45.46655],[16.92681,45.47011],[16.92975,45.46821],[16.93199,45.47121],[16.92767,45.47137],[16.92948,45.47333],[16.92527,45.47431],[16.92829,45.47535],[16.92478,45.47597],[16.92996,45.48165],[16.93878,45.47698],[16.95409,45.45676],[16.96436,45.45257],[16.96879,45.45486],[16.98292,45.45221],[17.00351,45.4584],[17.0004,45.45502],[17.02238,45.44159],[17.01105,45.43587],[17.01517,45.43193],[17.01519,45.42638],[17.02174,45.42653],[17.02159,45.42285],[17.02685,45.42572],[17.02629,45.42162],[17.0308,45.41779],[17.03165,45.42297],[17.039,45.42035],[17.04245,45.42319],[17.04614,45.4195],[17.05115,45.43827],[17.05868,45.43868],[17.07003,45.43522],[17.06711,45.43104],[17.07118,45.42129],[17.0569,45.41894],[17.06057,45.41297],[17.05447,45.40969],[17.05552,45.40499],[17.04365,45.39486],[17.04682,45.39195],[17.05425,45.39599],[17.05339,45.39249],[17.06059,45.39307],[17.07305,45.38815],[17.07657,45.38222],[17.11831,45.37269],[17.131,45.36434],[17.13404,45.3555],[17.12879,45.34981],[17.13649,45.34365],[17.15828,45.34873],[17.1647,45.35383],[17.17597,45.3486],[17.21552,45.38074],[17.23427,45.39025],[17.26239,45.39079],[17.2788,45.37616],[17.28895,45.37525],[17.30209,45.36644],[17.31971,45.36582],[17.32673,45.36974],[17.33488,45.3673],[17.30141,45.33827],[17.31205,45.32427],[17.29948,45.29249],[17.29433,45.29053],[17.23721,45.30037],[17.21477,45.26395],[17.21553,45.25995],[17.21019,45.25057],[17.206,45.25227],[17.18777,45.23026],[17.15841,45.21328],[17.13026,45.21279],[17.13708,45.19776],[17.12118,45.19438],[17.12057,45.19496],[17.11875,45.19003],[17.12717,45.18546],[17.14419,45.16575],[17.1413,45.16338],[17.12664,45.16804],[17.1121,45.17637],[17.07244,45.18996],[17.06359,45.1988],[17.05192,45.20069],[17.04279,45.20859],[17.03696,45.22583],[17.0201,45.21387],[17.01056,45.21418],[17.00806,45.21931],[17.02211,45.23591],[17.00547,45.23787],[17.00324,45.23517],[17.00565,45.22575],[17.0001,45.22171],[16.98589,45.22509],[16.98242,45.22988],[16.98504,45.23886],[16.98337,45.24467],[16.9766,45.24984],[16.97064,45.25142],[16.9614,45.24376],[16.97456,45.23823],[16.97747,45.23311],[16.97609,45.22881],[16.97154,45.22713],[16.95707,45.23232],[16.93778,45.22783],[16.93632,45.24428],[16.95428,45.25571],[16.94082,45.26449],[16.93895,45.27342],[16.93484,45.27584],[16.92049,45.27384],[16.9122,45.25462],[16.90534,45.2509],[16.89698,45.25095],[16.89147,45.2582],[16.88283,45.25704],[16.89459,45.24909],[16.88986,45.24617],[16.87743,45.24589],[16.8714,45.24144],[16.88002,45.24292],[16.88393,45.24035],[16.88085,45.23471],[16.8834,45.22774],[16.88107,45.22468],[16.87595,45.22629],[16.87651,45.23197],[16.86556,45.23212],[16.86274,45.22857],[16.86702,45.22392],[16.87767,45.22388],[16.87939,45.21993],[16.86495,45.2193],[16.8619,45.21208],[16.85325,45.20446],[16.85007,45.20723],[16.85516,45.21138],[16.85472,45.21462],[16.84307,45.22114],[16.83512,45.21924],[16.83398,45.21571],[16.84415,45.20623],[16.84366,45.19417],[16.83472,45.18831],[16.81917,45.18476],[16.77498,45.19276],[16.75482,45.20259],[16.73242,45.20747],[16.71274,45.20383],[16.69735,45.19654],[16.64836,45.20778],[16.63682,45.21382],[16.63044,45.21364],[16.61795,45.22411],[16.59787,45.23139],[16.58639,45.22557],[16.55653,45.21919],[16.54387,45.22076],[16.53924,45.22618],[16.52996,45.22665],[16.49718,45.21179],[16.49121,45.20779],[16.4847,45.19105]],[[16.46565,45.56778],[16.46889,45.56959],[16.47119,45.57559],[16.46565,45.56778]],[[16.46134,45.56901],[16.46283,45.56737],[16.46035,45.56481],[16.46464,45.56721],[16.46134,45.56901]],[[16.48387,45.51008],[16.48501,45.51132],[16.47757,45.51464],[16.48387,45.51008]],[[16.48945,45.51616],[16.48445,45.51354],[16.48548,45.51183],[16.48945,45.51616]],[[16.48167,45.52005],[16.48387,45.51735],[16.48945,45.51616],[16.48167,45.52005]],[[16.68478,45.4672],[16.68906,45.47525],[16.67923,45.46151],[16.68478,45.4672]],[[16.70789,45.41226],[16.71038,45.41336],[16.7037,45.41534],[16.70789,45.41226]],[[16.78115,45.36022],[16.77971,45.36262],[16.77655,45.36367],[16.78115,45.36022]],[[16.77318,45.34802],[16.75477,45.34839],[16.77492,45.3477],[16.77342,45.35516],[16.77318,45.34802]],[[16.38848,45.33739],[16.39526,45.33346],[16.39481,45.33599],[16.39581,45.33698],[16.38848,45.33739]],[[16.44536,45.31919],[16.4304,45.31971],[16.42856,45.31848],[16.44536,45.31919]],[[16.46582,45.2212],[16.46667,45.21981],[16.46992,45.22501],[16.46582,45.2212]],[[15.80573,45.31419],[15.8055,45.31433],[15.80575,45.31399],[15.80573,45.31419]],[[15.98088,45.38283],[15.97695,45.38517],[15.9794,45.38293],[15.98319,45.37485],[15.98088,45.38283]],[[15.93585,45.44535],[15.94413,45.44212],[15.9436,45.44361],[15.93585,45.44535]],[[16.12064,45.43687],[16.12145,45.43529],[16.1285,45.43269],[16.12064,45.43687]],[[16.26068,45.50251],[16.24854,45.49441],[16.25719,45.49788],[16.26068,45.50251]],[[16.25851,45.50686],[16.24451,45.5196],[16.26068,45.50251],[16.25851,45.50686]],[[16.3937,45.35034],[16.37536,45.36691],[16.39442,45.3477],[16.3937,45.35034]],[[16.31886,45.21298],[16.32814,45.21873],[16.33029,45.22195],[16.31886,45.21298]],[[16.32754,45.23418],[16.32645,45.229],[16.33198,45.23884],[16.33962,45.25222],[16.32754,45.23418]],[[16.33964,45.26616],[16.34942,45.27716],[16.34525,45.27474],[16.33964,45.26616]],[[15.83263,45.2394],[15.81441,45.24697],[15.8327,45.23866],[15.83263,45.2394]],[[15.79011,45.29961],[15.80629,45.30796],[15.80611,45.30991],[15.79011,45.29961]],[[16.03648,45.33777],[16.04676,45.33835],[16.03708,45.33898],[16.03648,45.33777]],[[16.31166,45.56656],[16.31307,45.56564],[16.31399,45.56647],[16.31166,45.56656]],[[16.3438,45.62447],[16.34181,45.62474],[16.34012,45.62326],[16.3438,45.62447]],[[16.86299,45.37361],[16.82724,45.3499],[16.82133,45.34587],[16.86299,45.37361]],[[17.08625,45.24099],[17.08498,45.23879],[17.08498,45.23879],[17.08625,45.24099]],[[16.60866,45.27047],[16.60853,45.27029],[16.61291,45.27119],[16.60529,45.27121],[16.60866,45.27047]],[[16.7637,45.33845],[16.77535,45.34554],[16.77495,45.34754],[16.7637,45.33845]],[[17.09309,45.20884],[17.11793,45.19749],[17.11559,45.19973],[17.09309,45.20884]],[[16.96214,45.40108],[16.97827,45.40751],[16.95585,45.40093],[16.96214,45.40108]],[[16.95139,45.40083],[16.952,45.42102],[16.9511,45.40082],[16.95139,45.40083]],[[16.92465,45.39195],[16.91378,45.39165],[16.91311,45.3906],[16.92465,45.39195]],[[16.51589,45.55324],[16.50124,45.5445],[16.48585,45.53027],[16.51589,45.55324]],[[16.59398,45.63316],[16.58303,45.62622],[16.58681,45.62801],[16.59398,45.63316]],[[16.57894,45.62428],[16.56387,45.62215],[16.574,45.62194],[16.57894,45.62428]]]}},{"type":"Feature","properties":{"id":"HRV:ADM1:HRV-1588","name":"Zagreb","countryCode":"HRV"},"geometry":{"type":"Polygon","coordinates":[[[16.06291,45.50174],[16.07307,45.48853],[16.05635,45.48312],[16.05484,45.47942],[16.05871,45.46714],[16.03984,45.48438],[16.02268,45.48535],[16.01707,45.48886],[16.00859,45.48675],[15.9982,45.47639],[15.97452,45.46956],[15.94529,45.47006],[15.92666,45.47442],[15.92211,45.47859],[15.91656,45.48678],[15.92487,45.49861],[15.9208,45.51302],[15.90279,45.53056],[15.9028,45.53012],[15.87278,45.528],[15.86604,45.53363],[15.87211,45.53968],[15.87061,45.54406],[15.84854,45.54884],[15.82439,45.53976],[15.81419,45.52477],[15.80488,45.52576],[15.79613,45.52055],[15.78566,45.52117],[15.78947,45.5242],[15.78462,45.52677],[15.78532,45.53159],[15.78917,45.53077],[15.79074,45.53413],[15.78712,45.53835],[15.7803,45.53794],[15.78016,45.53492],[15.77303,45.53704],[15.7751,45.53908],[15.7705,45.53991],[15.77063,45.54375],[15.7617,45.5461],[15.76083,45.54918],[15.765,45.54952],[15.75985,45.55383],[15.7559,45.55286],[15.75474,45.55739],[15.74946,45.55554],[15.73433,45.56016],[15.75036,45.57328],[15.75044,45.60367],[15.74597,45.6012],[15.73884,45.59152],[15.73159,45.58743],[15.74037,45.57745],[15.73615,45.57391],[15.73807,45.57222],[15.73213,45.56936],[15.7261,45.57251],[15.72652,45.58432],[15.69624,45.60233],[15.6896,45.60361],[15.69019,45.59852],[15.68295,45.59778],[15.6739,45.60182],[15.66965,45.59771],[15.66144,45.5974],[15.6503,45.60392],[15.65007,45.60701],[15.61526,45.62026],[15.60508,45.61907],[15.60567,45.61288],[15.59098,45.61222],[15.58748,45.60624],[15.5772,45.60209],[15.57745,45.59841],[15.56952,45.59344],[15.56861,45.58962],[15.56403,45.58992],[15.55003,45.60052],[15.54405,45.60376],[15.53626,45.60214],[15.53533,45.60676],[15.52556,45.61122],[15.51774,45.60782],[15.50578,45.61411],[15.51348,45.62054],[15.51244,45.63002],[15.51795,45.636],[15.51108,45.64228],[15.47783,45.65084],[15.46901,45.65963],[15.46179,45.65717],[15.46374,45.66112],[15.45965,45.66999],[15.4438,45.67508],[15.4537,45.68029],[15.44639,45.68423],[15.44793,45.69243],[15.44611,45.68666],[15.42229,45.69548],[15.4201,45.69542],[15.41955,45.68742],[15.41335,45.68727],[15.4046,45.6924],[15.40337,45.70119],[15.38568,45.71159],[15.37754,45.71202],[15.36815,45.72864],[15.34749,45.74044],[15.33371,45.74306],[15.32432,45.74852],[15.32275,45.75311],[15.32971,45.76255],[15.35172,45.77286],[15.36837,45.77607],[15.37445,45.78077],[15.38196,45.77915],[15.39945,45.79206],[15.40796,45.79119],[15.41259,45.79509],[15.45592,45.7947],[15.46289,45.79358],[15.47592,45.79805],[15.46592,45.81839],[15.47839,45.81944],[15.4789,45.82749],[15.49274,45.83202],[15.50291,45.82855],[15.50125,45.82202],[15.52079,45.82123],[15.53613,45.82928],[15.53927,45.83616],[15.53855,45.8476],[15.55102,45.84545],[15.55227,45.84014],[15.55938,45.83427],[15.56294,45.8439],[15.57255,45.85357],[15.58222,45.84745],[15.60892,45.84063],[15.61401,45.83735],[15.61284,45.83514],[15.62909,45.83293],[15.64227,45.82042],[15.65073,45.8309],[15.66523,45.84137],[15.6902,45.84225],[15.69495,45.8443],[15.69626,45.84937],[15.70353,45.84496],[15.70906,45.8468],[15.69797,45.8587],[15.68498,45.8626],[15.67752,45.86888],[15.68284,45.87012],[15.67954,45.87709],[15.68461,45.87805],[15.68125,45.88256],[15.68912,45.88007],[15.6885,45.88366],[15.69211,45.88518],[15.68711,45.88763],[15.68601,45.88563],[15.68026,45.89035],[15.68413,45.8921],[15.67947,45.9045],[15.69191,45.91221],[15.68995,45.91313],[15.70061,45.9158],[15.70003,45.91988],[15.70594,45.91989],[15.70731,45.92556],[15.70335,45.92704],[15.70666,45.92699],[15.70505,45.93045],[15.7092,45.93139],[15.70777,45.93883],[15.71193,45.93961],[15.70838,45.94349],[15.71002,45.96201],[15.70663,45.97535],[15.71272,45.97663],[15.71554,45.9702],[15.72095,45.96753],[15.74832,45.97436],[15.7693,45.97186],[15.77005,45.96492],[15.77478,45.96228],[15.77435,45.95948],[15.77977,45.97594],[15.79087,45.98607],[15.80006,45.98629],[15.80101,45.99187],[15.80967,45.99279],[15.81173,45.98887],[15.82007,45.98948],[15.82769,45.98159],[15.84104,45.98002],[15.84559,45.97307],[15.8463,45.97549],[15.87045,45.9741],[15.875,45.96786],[15.89146,45.96645],[15.93101,45.94726],[15.9528,45.92865],[15.94202,45.92192],[15.93421,45.92686],[15.92588,45.9255],[15.90508,45.93124],[15.87095,45.92867],[15.85815,45.92328],[15.84723,45.92358],[15.84652,45.9203],[15.8227,45.9253],[15.81051,45.90774],[15.82164,45.88971],[15.81852,45.87842],[15.85756,45.88372],[15.87001,45.87624],[15.87744,45.86531],[15.87895,45.86327],[15.87392,45.86115],[15.87667,45.85814],[15.87356,45.85777],[15.8735,45.85467],[15.85195,45.85294],[15.84563,45.84108],[15.8294,45.84204],[15.82276,45.83926],[15.82354,45.82684],[15.83341,45.81088],[15.83067,45.80762],[15.83423,45.80356],[15.83547,45.79317],[15.84271,45.78944],[15.82173,45.77855],[15.82553,45.77512],[15.82074,45.77411],[15.81911,45.76489],[15.81207,45.76453],[15.80928,45.75803],[15.81435,45.75473],[15.80678,45.74894],[15.80187,45.74275],[15.80248,45.73633],[15.79404,45.73175],[15.78919,45.73372],[15.77335,45.7082],[15.77739,45.69161],[15.79219,45.6832],[15.81238,45.67891],[15.81675,45.67062],[15.82825,45.67064],[15.85193,45.65976],[15.86123,45.66148],[15.86336,45.65678],[15.87493,45.65567],[15.89477,45.6359],[15.90778,45.63263],[15.89767,45.62206],[15.89986,45.61973],[15.91689,45.61618],[15.92303,45.60862],[15.91875,45.61463],[15.93511,45.62349],[15.93875,45.62988],[15.94752,45.62943],[15.95129,45.63756],[15.94875,45.65148],[15.95655,45.65607],[15.9588,45.66473],[15.96599,45.67057],[15.9677,45.68209],[15.96469,45.68872],[15.96759,45.6913],[15.96532,45.6953],[15.98169,45.7052],[15.98774,45.71439],[15.98323,45.71671],[16.01785,45.72102],[16.01872,45.72515],[16.01507,45.7275],[16.01994,45.74159],[16.01594,45.74349],[16.02518,45.75448],[16.03802,45.75503],[16.03927,45.76193],[16.04857,45.75835],[16.05827,45.75952],[16.08443,45.77981],[16.10191,45.7861],[16.10031,45.78773],[16.10485,45.79162],[16.10687,45.7881],[16.12347,45.7876],[16.12893,45.79702],[16.12585,45.8016],[16.1641,45.79277],[16.19785,45.77746],[16.20002,45.79649],[16.20253,45.81042],[16.19983,45.81866],[16.20469,45.82924],[16.2163,45.83855],[16.25093,45.83402],[16.2406,45.83642],[16.23999,45.8378],[16.22694,45.84171],[16.21991,45.85276],[16.2204,45.86369],[16.20058,45.88874],[16.17839,45.89228],[16.1838,45.89881],[16.18453,45.90816],[16.17883,45.91178],[16.18029,45.91547],[16.1731,45.91885],[16.17307,45.94084],[16.1671,45.94492],[16.16577,45.95551],[16.15626,45.96055],[16.15792,45.98673],[16.16134,45.98982],[16.15683,45.99468],[16.17979,46.00039],[16.20441,45.99566],[16.20179,45.99986],[16.18693,46.00502],[16.18577,46.00939],[16.17816,46.01301],[16.1765,46.01988],[16.20836,46.02096],[16.2143,46.02435],[16.21825,46.01964],[16.2211,46.02351],[16.22161,46.02707],[16.20761,46.03637],[16.20757,46.04332],[16.21102,46.04703],[16.22073,46.05305],[16.22595,46.06085],[16.23275,46.06155],[16.23872,46.06103],[16.25199,46.0695],[16.26028,46.05882],[16.26071,46.04686],[16.26653,46.04355],[16.27693,46.04483],[16.27551,46.02136],[16.30625,46.01946],[16.3171,46.02194],[16.31713,46.02634],[16.32186,46.02826],[16.32821,46.02322],[16.33017,46.02594],[16.3417,46.02716],[16.35203,46.01735],[16.3578,46.01888],[16.35625,46.02157],[16.37709,46.01989],[16.37841,46.01498],[16.40544,46.00123],[16.41258,46.00785],[16.42132,46.00619],[16.43164,45.99792],[16.43218,45.98925],[16.43674,45.98467],[16.45072,45.98298],[16.46263,45.97746],[16.4666,45.96863],[16.46184,45.95539],[16.46408,45.94705],[16.47473,45.9496],[16.50076,45.96879],[16.51439,45.96856],[16.5171,45.95942],[16.51287,45.95492],[16.52218,45.96091],[16.54201,45.95764],[16.569,45.94053],[16.57774,45.93942],[16.57853,45.93224],[16.59759,45.92175],[16.59918,45.92727],[16.61109,45.92893],[16.61982,45.92285],[16.63649,45.92175],[16.65873,45.92506],[16.66428,45.93114],[16.6754,45.93114],[16.6889,45.92783],[16.69813,45.91982],[16.69502,45.88065],[16.71086,45.86057],[16.70322,45.84796],[16.68258,45.84166],[16.69192,45.81911],[16.68875,45.81696],[16.6745,45.82653],[16.6707,45.83417],[16.65373,45.83181],[16.65006,45.82846],[16.64129,45.82924],[16.64094,45.84357],[16.63507,45.84518],[16.63281,45.84054],[16.62621,45.83872],[16.62188,45.82899],[16.61817,45.82875],[16.61959,45.82515],[16.60263,45.81779],[16.60482,45.80747],[16.60027,45.80217],[16.60377,45.80062],[16.6032,45.79642],[16.60894,45.79432],[16.60543,45.79119],[16.58818,45.78763],[16.57607,45.79365],[16.57553,45.79955],[16.56344,45.79832],[16.55722,45.80562],[16.55306,45.80594],[16.52506,45.79317],[16.52025,45.79357],[16.51375,45.79968],[16.51092,45.79357],[16.5129,45.78213],[16.49505,45.77402],[16.44799,45.80159],[16.44604,45.8048],[16.44952,45.81397],[16.43696,45.8141],[16.43502,45.81309],[16.42764,45.81334],[16.42928,45.80786],[16.4237,45.7999],[16.38804,45.8067],[16.38667,45.80764],[16.38778,45.79042],[16.37435,45.76797],[16.37491,45.74893],[16.36837,45.74283],[16.36047,45.74106],[16.35947,45.73749],[16.33267,45.73879],[16.33373,45.73586],[16.32443,45.7428],[16.3246,45.74474],[16.31634,45.73202],[16.30234,45.72241],[16.29158,45.72153],[16.29306,45.71689],[16.27555,45.71201],[16.27526,45.70909],[16.30886,45.67588],[16.28806,45.67152],[16.28582,45.65945],[16.29337,45.64913],[16.29426,45.63845],[16.30431,45.6309],[16.28949,45.61323],[16.2791,45.61865],[16.26819,45.61334],[16.27415,45.60593],[16.26395,45.60727],[16.26653,45.60539],[16.26244,45.60203],[16.25331,45.60276],[16.25088,45.59561],[16.24291,45.59133],[16.23891,45.59341],[16.24357,45.59607],[16.2335,45.6081],[16.2027,45.60977],[16.20433,45.60395],[16.19622,45.60879],[16.19471,45.61952],[16.18465,45.63643],[16.17883,45.63985],[16.17813,45.6375],[16.16466,45.63916],[16.15118,45.63617],[16.14715,45.62779],[16.13201,45.61475],[16.12567,45.6169],[16.10708,45.61457],[16.10982,45.60659],[16.09693,45.60378],[16.08657,45.59332],[16.09369,45.59374],[16.09272,45.58757],[16.09937,45.5849],[16.09618,45.5806],[16.0848,45.57835],[16.08042,45.57358],[16.07575,45.57621],[16.06563,45.56918],[16.06181,45.56143],[16.07016,45.55946],[16.07291,45.55368],[16.10455,45.53534],[16.09706,45.52489],[16.09959,45.51069],[16.10743,45.50202],[16.08957,45.51016],[16.07348,45.50672],[16.06291,45.50174]],[[15.98839,45.57048],[15.98331,45.57056],[15.98354,45.56858],[15.98284,45.56754],[15.98839,45.57048]],[[16.07033,45.51493],[16.06946,45.5172],[16.05688,45.52935],[16.07033,45.51493]],[[15.826,45.94924],[15.82512,45.9526],[15.82084,45.93945],[15.826,45.94924]],[[15.92689,45.56557],[15.93043,45.56969],[15.9264,45.56695],[15.92689,45.56557]],[[15.72702,45.85152],[15.72282,45.84941],[15.73264,45.85039],[15.72702,45.85152]],[[15.77076,45.8623],[15.77492,45.85136],[15.77787,45.84954],[15.77076,45.8623]],[[15.78362,45.83444],[15.78551,45.83979],[15.77962,45.83012],[15.78362,45.83444]],[[15.57302,45.74903],[15.57015,45.7566],[15.56859,45.75719],[15.57302,45.74903]],[[15.66825,45.74464],[15.67273,45.7437],[15.67788,45.74554],[15.66825,45.74464]],[[15.7238,45.62339],[15.73724,45.63462],[15.7352,45.63517],[15.7238,45.62339]],[[15.73983,45.63392],[15.74166,45.63278],[15.74153,45.63346],[15.73983,45.63392]],[[15.7723,45.60799],[15.762,45.59806],[15.77617,45.60982],[15.79102,45.61695],[15.7723,45.60799]],[[15.91741,45.55457],[15.92254,45.56052],[15.90645,45.54769],[15.91741,45.55457]],[[15.90907,45.53969],[15.90273,45.53588],[15.90275,45.53424],[15.90907,45.53969]],[[15.68678,45.74873],[15.6835,45.74906],[15.68183,45.74696],[15.68678,45.74873]],[[15.7262,45.74074],[15.71386,45.74603],[15.70154,45.74726],[15.7262,45.74074]],[[15.49143,45.75283],[15.48819,45.75128],[15.48523,45.74293],[15.49143,45.75283]],[[15.49701,45.76174],[15.49972,45.77109],[15.4948,45.75822],[15.49701,45.76174]],[[15.75377,45.88771],[15.76946,45.88712],[15.76711,45.88738],[15.75377,45.88771]],[[15.79364,45.91661],[15.79377,45.91736],[15.79338,45.91726],[15.79364,45.91661]],[[15.79421,45.91996],[15.79461,45.92229],[15.79042,45.9248],[15.79421,45.91996]],[[15.78698,45.92918],[15.78677,45.93242],[15.78356,45.93355],[15.78698,45.92918]],[[15.77605,45.94247],[15.77335,45.95302],[15.77294,45.95033],[15.77605,45.94247]],[[15.74674,45.93134],[15.74044,45.93218],[15.72795,45.93037],[15.74674,45.93134]],[[15.73803,45.92264],[15.74659,45.92896],[15.74674,45.93134],[15.73803,45.92264]],[[16.38218,45.81073],[16.36482,45.82266],[16.37611,45.81307],[16.38218,45.81073]],[[16.22919,45.7481],[16.21969,45.73442],[16.20896,45.72169],[16.22983,45.74556],[16.22919,45.7481]],[[16.29266,45.76292],[16.30103,45.76431],[16.29299,45.76441],[16.30134,45.80218],[16.29266,45.76292]],[[16.29484,45.81089],[16.29017,45.81283],[16.30134,45.80218],[16.29484,45.81089]],[[16.38263,45.9322],[16.38567,45.93124],[16.37928,45.93957],[16.38263,45.9322]],[[16.38834,45.9304],[16.38958,45.93001],[16.3995,45.93754],[16.38834,45.9304]],[[16.47627,45.86511],[16.47452,45.86398],[16.47112,45.84967],[16.47627,45.86511]],[[16.59997,45.90033],[16.60312,45.91491],[16.59987,45.90299],[16.59997,45.90033]]]}},{"type":"Feature","properties":{"id":"HRV:ADM1:HRV-1589","name":"Zagreb","countryCode":"HRV"},"geometry":{"type":"Polygon","coordinates":[[[15.80248,45.73633],[15.80187,45.74275],[15.81435,45.75473],[15.80928,45.75803],[15.81207,45.76453],[15.81911,45.76489],[15.82074,45.77411],[15.82553,45.77512],[15.84185,45.77032],[15.82173,45.77855],[15.84271,45.78944],[15.83547,45.79317],[15.83423,45.80356],[15.83067,45.80762],[15.83341,45.81088],[15.82452,45.82241],[15.82276,45.83926],[15.8294,45.84204],[15.84563,45.84108],[15.85195,45.85294],[15.8735,45.85467],[15.87356,45.85777],[15.87667,45.85814],[15.87392,45.86115],[15.87895,45.86327],[15.87744,45.86531],[15.87001,45.87624],[15.85756,45.88372],[15.81852,45.87842],[15.82164,45.88971],[15.81051,45.90774],[15.8227,45.9253],[15.84652,45.9203],[15.84723,45.92358],[15.85815,45.92328],[15.87095,45.92867],[15.90508,45.93124],[15.92588,45.9255],[15.93421,45.92686],[15.94202,45.92192],[15.9528,45.92865],[15.95463,45.90384],[15.93715,45.89317],[15.971,45.91383],[15.9849,45.91554],[15.98647,45.92069],[15.99365,45.92537],[16.01293,45.93379],[16.03199,45.93738],[16.05088,45.93666],[16.05245,45.94443],[16.06261,45.9464],[16.0771,45.95592],[16.09598,45.95349],[16.10781,45.9559],[16.11364,45.96199],[16.11399,45.96846],[16.1336,45.96476],[16.13968,45.96805],[16.15517,45.96902],[16.15626,45.96055],[16.16577,45.95551],[16.1671,45.94492],[16.17307,45.94084],[16.1731,45.91885],[16.18029,45.91547],[16.17883,45.91178],[16.18453,45.90816],[16.1838,45.89881],[16.17839,45.89228],[16.20058,45.88874],[16.2204,45.86369],[16.21991,45.85276],[16.22694,45.84171],[16.2406,45.83642],[16.2163,45.83855],[16.20469,45.82924],[16.19983,45.81866],[16.20253,45.81042],[16.19785,45.77746],[16.1641,45.79277],[16.12585,45.8016],[16.12893,45.79702],[16.12347,45.7876],[16.10687,45.7881],[16.10485,45.79162],[16.10031,45.78773],[16.10191,45.7861],[16.08443,45.77981],[16.05827,45.75952],[16.04857,45.75835],[16.03927,45.76193],[16.03802,45.75503],[16.02518,45.75448],[16.01594,45.74349],[16.01994,45.74159],[16.01507,45.7275],[16.01872,45.72515],[16.01785,45.72102],[15.98323,45.71671],[15.98774,45.71439],[15.98169,45.7052],[15.96532,45.6953],[15.96759,45.6913],[15.96469,45.68872],[15.9677,45.68209],[15.96599,45.67057],[15.9588,45.66473],[15.95655,45.65607],[15.94875,45.65148],[15.95129,45.63756],[15.94752,45.62943],[15.93875,45.62988],[15.93511,45.62349],[15.91875,45.61463],[15.89986,45.61973],[15.89767,45.62206],[15.90778,45.63263],[15.89477,45.6359],[15.87273,45.65688],[15.86336,45.65678],[15.86123,45.66148],[15.85193,45.65976],[15.82825,45.67064],[15.81675,45.67062],[15.81238,45.67891],[15.77726,45.68997],[15.77335,45.7082],[15.78919,45.73372],[15.79404,45.73175],[15.80944,45.73764],[15.80248,45.73633]]]}},{"type":"Feature","properties":{"id":"HRV:ADM1:HRV-1592","name":"Istria","countryCode":"HRV"},"geometry":{"type":"MultiPolygon","coordinates":[[[[13.6791,45.04769],[13.67963,45.0476],[13.67944,45.04749],[13.6791,45.04769]]],[[[13.62653,45.07776],[13.62714,45.07863],[13.63317,45.07862],[13.62802,45.07618],[13.62653,45.07776]]],[[[13.69124,45.03645],[13.69142,45.03876],[13.68615,45.04155],[13.68253,45.04517],[13.68914,45.05036],[13.67002,45.05616],[13.67328,45.05917],[13.67057,45.06078],[13.65339,45.06528],[13.64381,45.0705],[13.63558,45.07153],[13.63305,45.07615],[13.63522,45.07436],[13.63879,45.07906],[13.62996,45.08363],[13.63035,45.08436],[13.64035,45.08643],[13.64093,45.0965],[13.63541,45.09807],[13.63367,45.09679],[13.63162,45.09884],[13.63185,45.09957],[13.63084,45.09962],[13.61368,45.11675],[13.61621,45.11683],[13.61576,45.11936],[13.61702,45.11996],[13.62403,45.11632],[13.62443,45.12155],[13.62748,45.12221],[13.62333,45.12291],[13.63852,45.13003],[13.64753,45.13049],[13.68582,45.12895],[13.70127,45.13323],[13.71232,45.1338],[13.73344,45.13048],[13.7334,45.12899],[13.74,45.12895],[13.73423,45.1315],[13.74712,45.13833],[13.73467,45.13186],[13.72406,45.1344],[13.72625,45.13451],[13.70672,45.1411],[13.6836,45.14338],[13.63689,45.14203],[13.61199,45.13679],[13.6023,45.1372],[13.60196,45.13943],[13.59878,45.14046],[13.59808,45.14168],[13.60089,45.14274],[13.59776,45.147],[13.60353,45.14879],[13.59698,45.1502],[13.59712,45.15168],[13.59743,45.15334],[13.6041,45.1532],[13.61104,45.15883],[13.60052,45.16505],[13.60007,45.1675],[13.61108,45.16727],[13.5995,45.17059],[13.59938,45.17129],[13.58912,45.17548],[13.58948,45.176],[13.60027,45.17685],[13.59866,45.17837],[13.60342,45.17797],[13.60342,45.18072],[13.59465,45.18693],[13.59435,45.18688],[13.59441,45.18732],[13.59059,45.1918],[13.58229,45.1966],[13.58229,45.19764],[13.58229,45.19819],[13.59054,45.19868],[13.58754,45.20516],[13.58779,45.20528],[13.5907,45.20256],[13.59892,45.20365],[13.59563,45.20805],[13.59183,45.20854],[13.59449,45.21263],[13.59445,45.21403],[13.59474,45.21405],[13.59444,45.21452],[13.59425,45.22077],[13.59339,45.22243],[13.59419,45.22484],[13.59605,45.22355],[13.59451,45.22607],[13.59099,45.22708],[13.59059,45.22786],[13.59818,45.22837],[13.59471,45.23803],[13.60082,45.24367],[13.59545,45.24617],[13.59522,45.2508],[13.59482,45.25131],[13.59519,45.25147],[13.59401,45.25502],[13.59179,45.25512],[13.58823,45.25959],[13.58074,45.26269],[13.58228,45.26493],[13.57567,45.26479],[13.57545,45.26488],[13.57652,45.26683],[13.58003,45.26896],[13.581,45.27304],[13.58424,45.27607],[13.58796,45.27752],[13.59677,45.27706],[13.59862,45.27431],[13.60457,45.27645],[13.60565,45.27628],[13.6062,45.27682],[13.598,45.27912],[13.60271,45.27912],[13.60271,45.28535],[13.60168,45.2857],[13.59254,45.2888],[13.58465,45.2932],[13.57895,45.29902],[13.57857,45.29981],[13.59019,45.29752],[13.58702,45.30197],[13.59128,45.30589],[13.61449,45.31381],[13.60121,45.31513],[13.60955,45.32014],[13.60611,45.32139],[13.59791,45.32437],[13.57106,45.32502],[13.56178,45.32636],[13.55063,45.3343],[13.54203,45.34517],[13.54124,45.34656],[13.54081,45.35284],[13.55569,45.35672],[13.55436,45.35958],[13.5512,45.35995],[13.55494,45.36107],[13.55494,45.36734],[13.54802,45.37252],[13.5549,45.37255],[13.54628,45.37382],[13.54314,45.37617],[13.54256,45.37735],[13.54535,45.37807],[13.5407,45.38109],[13.53672,45.38911],[13.54046,45.39121],[13.53418,45.39423],[13.53253,45.39756],[13.53683,45.40206],[13.5307,45.40261],[13.52953,45.4036],[13.52015,45.42253],[13.52032,45.4225],[13.52403,45.42574],[13.51814,45.42791],[13.51997,45.43247],[13.51353,45.43589],[13.51345,45.43603],[13.52007,45.43359],[13.5242,45.43721],[13.51799,45.43994],[13.51857,45.44033],[13.52076,45.44302],[13.51618,45.44726],[13.51905,45.44942],[13.51778,45.44974],[13.51783,45.44977],[13.52076,45.45726],[13.50457,45.48387],[13.50147,45.4986],[13.50152,45.49871],[13.50566,45.49969],[13.50241,45.50081],[13.50297,45.50214],[13.50908,45.50538],[13.55556,45.49066],[13.60902,45.4648],[13.65038,45.45644],[13.67532,45.44257],[13.70343,45.45693],[13.70823,45.45711],[13.70805,45.45249],[13.72511,45.45565],[13.72651,45.45992],[13.75906,45.46225],[13.76681,45.46741],[13.77655,45.46395],[13.78643,45.46646],[13.80477,45.45908],[13.80812,45.45514],[13.80307,45.44405],[13.81423,45.44114],[13.81476,45.43434],[13.80918,45.43226],[13.82652,45.43543],[13.85108,45.43243],[13.85536,45.4284],[13.85446,45.42562],[13.86182,45.42783],[13.88711,45.42606],[13.88714,45.42982],[13.89285,45.43784],[13.89796,45.43826],[13.89753,45.44176],[13.91467,45.45355],[13.957,45.45555],[13.97073,45.44762],[13.98712,45.45901],[13.98563,45.46917],[13.99657,45.4722],[13.98709,45.48103],[13.99231,45.48246],[13.98422,45.48948],[13.96563,45.4962],[13.96221,45.50599],[13.97458,45.51507],[13.98746,45.50965],[14.00175,45.50807],[13.99747,45.51605],[14.00192,45.51998],[14.0111,45.51977],[14.0422,45.49888],[14.0495,45.49855],[14.07073,45.48541],[14.11144,45.48228],[14.10951,45.47832],[14.11522,45.47097],[14.10719,45.45983],[14.1189,45.45079],[14.12088,45.44318],[14.16476,45.41611],[14.20482,45.4042],[14.20643,45.40076],[14.18841,45.39264],[14.18249,45.38551],[14.18632,45.37697],[14.2024,45.37036],[14.20405,45.34662],[14.21531,45.32732],[14.20297,45.32955],[14.19381,45.32508],[14.19366,45.31851],[14.18323,45.3068],[14.18293,45.28993],[14.18899,45.29041],[14.18756,45.28562],[14.19231,45.27436],[14.18879,45.25623],[14.2069,45.21372],[14.20572,45.18509],[14.20195,45.17251],[14.1956,45.16502],[14.21055,45.16303],[14.21809,45.15568],[14.22634,45.15379],[14.22854,45.14944],[14.22275,45.14418],[14.22392,45.14082],[14.21895,45.13593],[14.2166,45.13486],[14.21546,45.1325],[14.20924,45.12637],[14.17937,45.13451],[14.18135,45.13279],[14.16922,45.13467],[14.17339,45.13371],[14.18569,45.12782],[14.18778,45.12168],[14.19483,45.11722],[14.19313,45.10562],[14.18043,45.09146],[14.1644,45.0799],[14.15821,45.08735],[14.15431,45.07892],[14.1543,45.07885],[14.15173,45.07874],[14.1535,45.06942],[14.14754,45.06724],[14.15517,45.06547],[14.15615,45.05969],[14.1568,45.05962],[14.15753,45.05628],[14.15598,45.05423],[14.15431,45.055],[14.14747,45.05728],[14.14389,45.05939],[14.14389,45.05514],[14.13624,45.05472],[14.14202,45.05394],[14.16088,45.03292],[14.15461,45.03356],[14.15493,45.02789],[14.16097,45.02318],[14.15892,45.02055],[14.1643,45.01982],[14.16207,45.01452],[14.16574,45.01469],[14.16375,44.99575],[14.15138,44.97748],[14.1399,44.97134],[14.13185,44.97207],[14.1242,44.97541],[14.11329,44.97748],[14.10133,44.97427],[14.09996,44.97336],[14.08975,44.97587],[14.08776,44.98516],[14.08316,44.98505],[14.08383,44.9864],[14.07702,45.00182],[14.07789,45.00554],[14.07585,45.00447],[14.07569,45.00483],[14.05854,45.01588],[14.05933,45.01863],[14.05326,45.02185],[14.05376,45.02703],[14.05216,45.02895],[14.05307,45.03315],[14.05193,45.03803],[14.04029,45.03897],[14.04258,45.0319],[14.03908,45.0314],[14.03438,45.03923],[14.04306,45.02273],[14.03989,45.00943],[14.04132,45.00681],[14.03818,45.00461],[14.03782,45.00036],[14.049,44.99863],[14.04856,44.99551],[14.07022,44.99268],[14.07259,44.98156],[14.06613,44.97707],[14.06358,44.97771],[14.06495,44.97625],[14.06479,44.97614],[14.05636,44.9643],[14.05228,44.96289],[14.05423,44.96132],[14.05079,44.95649],[14.04444,44.9514],[14.04029,44.95637],[14.03468,44.95637],[14.03689,44.95259],[14.03143,44.95431],[14.03112,44.95153],[14.03906,44.94762],[14.03945,44.94541],[14.03853,44.94442],[14.03962,44.94444],[14.04021,44.94107],[14.03907,44.93183],[14.03468,44.92231],[14.02954,44.92343],[14.02732,44.92646],[14.0279,44.92378],[14.02662,44.92406],[14.02247,44.92349],[14.02263,44.9206],[14.02505,44.91821],[14.01899,44.91621],[14.02784,44.91336],[14.02784,44.91161],[14.0256,44.91021],[14.02592,44.9085],[14.02272,44.90827],[14.02149,44.90738],[14.02174,44.9051],[14.021,44.90269],[14.01957,44.90224],[14.01919,44.90167],[14.01059,44.90526],[13.98846,44.90078],[13.9851,44.90085],[13.98252,44.90284],[13.98458,44.90667],[13.98077,44.90316],[13.98182,44.90092],[13.97267,44.90111],[13.98072,44.89655],[13.98219,44.89527],[13.98015,44.89175],[13.98405,44.89364],[13.98585,44.89208],[13.99301,44.88129],[13.98618,44.88129],[13.98618,44.87507],[13.99178,44.87507],[13.99073,44.87372],[13.99301,44.87255],[13.99301,44.86762],[13.98585,44.86416],[13.98129,44.85981],[13.97267,44.84715],[13.97462,44.83967],[13.97633,44.83747],[13.97625,44.83491],[13.97267,44.82665],[13.98325,44.82705],[13.9853,44.8264],[13.97679,44.82082],[13.97167,44.82066],[13.97605,44.81714],[13.9841,44.81745],[13.98462,44.82185],[13.99123,44.82072],[13.98982,44.81599],[13.99642,44.81293],[13.96595,44.8119],[13.96388,44.81184],[13.9463,44.81379],[13.93165,44.8205],[13.93102,44.81916],[13.92974,44.82],[13.92763,44.81651],[13.92354,44.81639],[13.92224,44.8198],[13.92223,44.82014],[13.92833,44.82143],[13.91979,44.82623],[13.91871,44.82905],[13.90968,44.83096],[13.89959,44.82905],[13.89015,44.83348],[13.88315,44.82665],[13.89389,44.82339],[13.90185,44.81873],[13.90129,44.8177],[13.88948,44.82448],[13.88416,44.82401],[13.88319,44.8203],[13.88672,44.81794],[13.86004,44.82567],[13.84913,44.82665],[13.84976,44.82764],[13.86131,44.82831],[13.86072,44.83326],[13.85212,44.83239],[13.85385,44.83706],[13.85597,44.84028],[13.85279,44.84077],[13.8478,44.84034],[13.85323,44.84156],[13.84569,44.84137],[13.84535,44.84016],[13.84257,44.84027],[13.84257,44.84056],[13.84913,44.84715],[13.8423,44.85464],[13.83139,44.85273],[13.83021,44.85302],[13.83006,44.85384],[13.82651,44.85393],[13.82505,44.85429],[13.8267,44.85784],[13.82244,44.8566],[13.8185,44.8608],[13.81492,44.86026],[13.81695,44.85628],[13.81568,44.85659],[13.81181,44.85848],[13.81402,44.85974],[13.81211,44.8617],[13.80868,44.86001],[13.80687,44.86089],[13.80687,44.8613],[13.80614,44.86125],[13.79933,44.86457],[13.79592,44.8675],[13.79284,44.87271],[13.79488,44.87647],[13.79764,44.87453],[13.79939,44.8763],[13.80486,44.87059],[13.80715,44.87014],[13.80719,44.86938],[13.81777,44.86533],[13.81557,44.86438],[13.8257,44.86396],[13.82779,44.86654],[13.82865,44.86329],[13.83193,44.86385],[13.84204,44.86785],[13.84095,44.87113],[13.83373,44.87201],[13.83517,44.87487],[13.83896,44.87558],[13.84136,44.87129],[13.8478,44.8734],[13.84582,44.8781],[13.84844,44.88527],[13.84036,44.88478],[13.8423,44.88813],[13.81528,44.88353],[13.80501,44.88538],[13.80606,44.89314],[13.79862,44.89123],[13.79663,44.89308],[13.79773,44.8946],[13.80902,44.89884],[13.81064,44.90578],[13.8131,44.90805],[13.80941,44.91179],[13.8146,44.9144],[13.80927,44.91195],[13.80625,44.9135],[13.80812,44.91543],[13.80283,44.91981],[13.80169,44.93062],[13.79092,44.93962],[13.78865,44.9458],[13.78165,44.95144],[13.7853,44.95624],[13.7673,44.97076],[13.76096,44.98308],[13.76355,44.98578],[13.74501,44.98571],[13.74011,44.9894],[13.73276,44.99494],[13.72038,45.00732],[13.72064,45.00763],[13.71988,45.00782],[13.71229,45.01541],[13.71514,45.02015],[13.71323,45.02202],[13.7051,45.0226],[13.69124,45.03645]],[[14.14573,45.12369],[14.1453,45.12308],[14.17339,45.13371],[14.14573,45.12369]],[[13.90282,44.99005],[13.91086,45.00056],[13.90986,45.0008],[13.90282,44.99005]],[[13.88959,44.90269],[13.88584,44.89716],[13.89528,44.90752],[13.88959,44.90269]],[[13.88922,44.89394],[13.88922,44.89642],[13.88584,44.89716],[13.88922,44.89394]],[[13.89181,44.89148],[13.89272,44.89335],[13.90546,44.89715],[13.88973,44.89346],[13.89181,44.89148]],[[13.88904,44.88978],[13.88693,44.88149],[13.89125,44.89033],[13.88904,44.88978]],[[13.83974,44.90572],[13.83684,44.91715],[13.83575,44.9145],[13.83974,44.90572]],[[13.77386,45.35232],[13.7886,45.3471],[13.78929,45.3472],[13.77386,45.35232]],[[13.67433,45.3488],[13.68623,45.34473],[13.69222,45.34335],[13.67433,45.3488]],[[13.79354,45.25754],[13.7938,45.25794],[13.79276,45.26227],[13.79354,45.25754]],[[13.69504,45.17336],[13.71005,45.17758],[13.69914,45.17563],[13.69504,45.17336]],[[13.62669,45.2729],[13.61664,45.27507],[13.61386,45.27496],[13.62669,45.2729]],[[13.65522,45.26832],[13.67135,45.26573],[13.6652,45.26843],[13.65656,45.26998],[13.65522,45.26832]],[[13.64449,45.33354],[13.62153,45.32818],[13.64231,45.33251],[13.64449,45.33354]],[[13.59689,45.39114],[13.59824,45.38875],[13.59824,45.38875],[13.59689,45.39114]],[[13.5545,45.4877],[13.55415,45.48672],[13.57432,45.47294],[13.5545,45.4877]],[[13.63752,45.38566],[13.63456,45.38654],[13.63969,45.38104],[13.63752,45.38566]],[[13.92184,45.32895],[13.91943,45.3314],[13.90781,45.3366],[13.92184,45.32895]],[[13.93888,45.3245],[13.93671,45.32549],[13.92184,45.32895],[13.93888,45.3245]],[[13.88788,45.30237],[13.8678,45.32428],[13.86652,45.32323],[13.88788,45.30237]],[[13.84507,45.26489],[13.87764,45.28396],[13.84793,45.26802],[13.84507,45.26489]],[[13.88431,45.16559],[13.88421,45.16559],[13.86772,45.16154],[13.88431,45.16559]],[[13.84425,45.16031],[13.84964,45.16333],[13.82033,45.15781],[13.84425,45.16031]],[[13.78874,45.16745],[13.79765,45.1627],[13.82033,45.15781],[13.78874,45.16745]],[[13.858,45.10743],[13.85602,45.10737],[13.85161,45.10503],[13.858,45.10743]],[[13.87979,45.10808],[13.874,45.10791],[13.91379,45.10229],[13.87979,45.10808]],[[13.98109,45.10318],[13.93516,45.08999],[13.93552,45.08978],[13.98109,45.10318]],[[13.92688,45.0206],[13.90266,45.00846],[13.89958,45.00533],[13.92688,45.0206]],[[13.80667,45.26054],[13.80825,45.25905],[13.8208,45.26339],[13.80667,45.26054]],[[13.78319,45.32861],[13.78834,45.33768],[13.78203,45.3299],[13.78319,45.32861]],[[13.84894,45.35686],[13.85367,45.35685],[13.8549,45.35952],[13.84894,45.35686]],[[13.92139,44.84762],[13.92133,44.84706],[13.92333,44.84614],[13.92139,44.84762]],[[13.89899,45.16582],[13.90759,45.16491],[13.90971,45.16599],[13.89899,45.16582]],[[13.92497,45.16623],[13.94002,45.16408],[13.93541,45.1664],[13.92497,45.16623]],[[13.98883,45.23446],[14.00332,45.23982],[14.00404,45.24064],[13.98883,45.23446]],[[13.97746,45.25639],[14.00506,45.24179],[14.00621,45.24308],[14.0044,45.24278],[13.97746,45.25639]],[[13.96534,45.27014],[13.9659,45.26771],[13.97746,45.25639],[13.96534,45.27014]],[[14.0478,45.23926],[14.05308,45.23263],[14.05308,45.23263],[14.0478,45.23926]],[[14.0782,45.18735],[14.08269,45.18868],[14.09715,45.19733],[14.0782,45.18735]],[[14.02052,45.08194],[14.02097,45.08485],[14.02131,45.09044],[14.02052,45.08194]],[[14.06577,45.09241],[14.07151,45.09362],[14.04708,45.09479],[14.06577,45.09241]],[[14.07474,45.10035],[14.07501,45.10505],[14.07331,45.09951],[14.07474,45.10035]],[[14.0774,45.07219],[14.08767,45.07985],[14.08152,45.07756],[14.0774,45.07219]],[[14.06864,45.06],[14.07005,45.06261],[14.06862,45.06074],[14.06864,45.06]],[[13.95592,45.15606],[13.94925,45.15942],[13.98652,45.13087],[13.95592,45.15606]],[[14.12084,45.27219],[14.12574,45.26999],[14.12454,45.2719],[14.11531,45.27315],[14.12084,45.27219]],[[13.96371,45.27715],[13.96439,45.27423],[13.96787,45.28325],[13.96371,45.27715]],[[14.01728,45.35642],[13.98786,45.34147],[14.01812,45.35531],[14.01728,45.35642]],[[14.09948,45.38501],[14.0881,45.38334],[14.10999,45.38613],[14.09948,45.38501]],[[14.18214,45.36662],[14.15214,45.35368],[14.17615,45.36215],[14.18214,45.36662]]],[[[13.59625,45.14701],[13.59626,45.14699],[13.59625,45.14699],[13.59625,45.14701]]],[[[13.60107,45.1586],[13.60301,45.15982],[13.60242,45.15752],[13.60107,45.1586]]],[[[13.51711,45.43933],[13.51775,45.43845],[13.51675,45.43908],[13.51711,45.43933]]],[[[13.90191,44.79878],[13.90424,44.80151],[13.90257,44.80836],[13.89775,44.80897],[13.89698,44.81306],[13.89058,44.81658],[13.90635,44.81393],[13.90935,44.80899],[13.90447,44.79877],[13.91342,44.78242],[13.91726,44.77893],[13.9144,44.77685],[13.90557,44.77336],[13.90344,44.77909],[13.9072,44.78588],[13.90215,44.78572],[13.90361,44.78944],[13.90092,44.79081],[13.90498,44.79738],[13.90191,44.79878]]],[[[13.79695,44.90178],[13.79985,44.9026],[13.79806,44.89976],[13.79631,44.89974],[13.79695,44.90178]]],[[[13.747,44.90449],[13.75074,44.9077],[13.75074,44.90771],[13.75514,44.90952],[13.75491,44.91704],[13.7498,44.9182],[13.74921,44.9221],[13.74431,44.92014],[13.736,44.92266],[13.7357,44.92402],[13.74098,44.92577],[13.74789,44.92512],[13.75671,44.92115],[13.75559,44.92086],[13.75677,44.92113],[13.75839,44.9204],[13.76165,44.92068],[13.76903,44.91741],[13.76805,44.91654],[13.76978,44.91707],[13.77385,44.91527],[13.77661,44.91252],[13.77335,44.91045],[13.7785,44.91001],[13.77955,44.90501],[13.77907,44.90437],[13.77294,44.90747],[13.77289,44.90438],[13.76752,44.90197],[13.76534,44.90186],[13.76529,44.90682],[13.75756,44.90575],[13.75859,44.89874],[13.75807,44.89407],[13.75758,44.89305],[13.75458,44.89346],[13.75449,44.88875],[13.75385,44.88829],[13.75124,44.88778],[13.75234,44.8911],[13.74626,44.89214],[13.74626,44.89215],[13.75395,44.89718],[13.74698,44.90443],[13.747,44.90449]]],[[[13.75015,44.91305],[13.75011,44.91303],[13.7501,44.91305],[13.75015,44.91305]]],[[[14.08969,44.9665],[14.08041,44.95726],[14.07569,44.94953],[14.069,44.94953],[14.06982,44.95038],[14.06935,44.95299],[14.07061,44.96187],[14.07378,44.96464],[14.07257,44.96921],[14.07845,44.9713],[14.08635,44.96857],[14.09362,44.97206],[14.09535,44.97028],[14.08969,44.9665]]]]}},{"type":"Feature","properties":{"id":"HRV:ADM1:HRV-1602","name":"Brod-Posavina","countryCode":"HRV"},"geometry":{"type":"Polygon","coordinates":[[[17.9369,45.11046],[17.93071,45.10429],[17.93019,45.09749],[17.93774,45.08546],[17.93709,45.08189],[17.90041,45.05929],[17.8651,45.04511],[17.8515,45.04429],[17.83488,45.04783],[17.80711,45.06301],[17.79276,45.07473],[17.78392,45.0831],[17.77727,45.08476],[17.75956,45.08497],[17.71616,45.11126],[17.6937,45.11623],[17.67969,45.12934],[17.66968,45.13371],[17.64773,45.13036],[17.62972,45.12111],[17.62417,45.11382],[17.61161,45.11297],[17.60778,45.11119],[17.60278,45.10688],[17.59271,45.10686],[17.58218,45.11497],[17.57535,45.11622],[17.56556,45.10958],[17.5553,45.10888],[17.55713,45.12318],[17.5525,45.12894],[17.54683,45.13003],[17.53978,45.12594],[17.5389,45.11411],[17.53078,45.10905],[17.51339,45.10874],[17.50208,45.11494],[17.48268,45.11013],[17.48013,45.11513],[17.49323,45.1259],[17.49167,45.13625],[17.486,45.13706],[17.47192,45.12691],[17.45106,45.12697],[17.4485,45.13011],[17.45525,45.14396],[17.4538,45.15526],[17.44964,45.15998],[17.44112,45.15995],[17.43719,45.1576],[17.43219,45.1448],[17.41797,45.13585],[17.40755,45.13427],[17.34688,45.14116],[17.32846,45.15404],[17.33094,45.16427],[17.31249,45.16526],[17.31086,45.17533],[17.30518,45.17855],[17.30627,45.17679],[17.28712,45.17558],[17.27616,45.18818],[17.27165,45.18909],[17.24989,45.14864],[17.24406,45.14588],[17.21759,45.14583],[17.20399,45.14953],[17.18314,45.14643],[17.16845,45.14997],[17.1413,45.16338],[17.14419,45.16575],[17.12717,45.18546],[17.11875,45.19003],[17.12118,45.19438],[17.13708,45.19776],[17.13026,45.21279],[17.15841,45.21328],[17.19133,45.23371],[17.206,45.25227],[17.21019,45.25057],[17.21553,45.25995],[17.21477,45.26395],[17.23721,45.30037],[17.29433,45.29053],[17.29948,45.29249],[17.30227,45.29765],[17.31205,45.32427],[17.30141,45.33827],[17.33488,45.3673],[17.33749,45.38409],[17.37144,45.38272],[17.39616,45.39289],[17.42437,45.38293],[17.45276,45.35732],[17.46942,45.35018],[17.48531,45.34853],[17.49416,45.32126],[17.50968,45.30956],[17.51595,45.30578],[17.50585,45.30465],[17.52286,45.30596],[17.55171,45.29965],[17.55484,45.2925],[17.5689,45.28151],[17.58114,45.28078],[17.59988,45.27062],[17.63819,45.26777],[17.63919,45.27094],[17.66111,45.27236],[17.6722,45.26971],[17.6941,45.27049],[17.70968,45.24962],[17.70802,45.23914],[17.70466,45.23809],[17.70823,45.22446],[17.71665,45.21402],[17.71378,45.20877],[17.70893,45.20505],[17.69748,45.20379],[17.7007,45.20317],[17.70402,45.1982],[17.72344,45.19444],[17.72096,45.18995],[17.72379,45.18707],[17.74025,45.18669],[17.743,45.18421],[17.75342,45.18656],[17.75955,45.18238],[17.76561,45.18743],[17.78031,45.19085],[17.76965,45.1919],[17.77389,45.19249],[17.772,45.19622],[17.77749,45.1989],[17.77586,45.20265],[17.79131,45.20126],[17.78837,45.20692],[17.78858,45.20454],[17.7839,45.20559],[17.78917,45.21044],[17.78263,45.21746],[17.79306,45.21938],[17.79496,45.21273],[17.81199,45.20895],[17.82091,45.21527],[17.83106,45.217],[17.8346,45.22318],[17.84121,45.23412],[17.85064,45.23478],[17.85446,45.24135],[17.86769,45.25128],[17.88313,45.25718],[17.88224,45.27363],[17.89371,45.28884],[17.93242,45.29011],[17.99426,45.2876],[18.00308,45.28419],[18.03307,45.28201],[18.08298,45.26025],[18.10042,45.25712],[18.11011,45.25282],[18.11523,45.2557],[18.13086,45.2532],[18.13611,45.25598],[18.14249,45.25023],[18.1431,45.24355],[18.15119,45.24284],[18.1514,45.24682],[18.17761,45.24381],[18.19006,45.23601],[18.19335,45.22364],[18.21603,45.21686],[18.22525,45.21835],[18.2711,45.22635],[18.2852,45.23958],[18.30251,45.24457],[18.34457,45.24389],[18.35711,45.24697],[18.37551,45.23823],[18.39231,45.24026],[18.39345,45.23768],[18.38771,45.23337],[18.39646,45.22529],[18.42518,45.22301],[18.43058,45.21536],[18.43889,45.21446],[18.44345,45.20952],[18.45135,45.2087],[18.45148,45.20763],[18.45481,45.21152],[18.46653,45.21458],[18.4748,45.20683],[18.48026,45.20788],[18.48994,45.2107],[18.51713,45.20406],[18.51988,45.20999],[18.52757,45.20846],[18.53699,45.23104],[18.52401,45.22758],[18.51608,45.21046],[18.50057,45.21348],[18.50792,45.22583],[18.52405,45.23439],[18.54889,45.22946],[18.55371,45.23249],[18.55711,45.22347],[18.56885,45.22881],[18.57363,45.22019],[18.5677,45.21581],[18.57445,45.21065],[18.56839,45.2084],[18.56521,45.19405],[18.54634,45.19076],[18.54167,45.18294],[18.53217,45.17836],[18.53345,45.17609],[18.52705,45.17248],[18.52462,45.1654],[18.50678,45.14814],[18.50468,45.13956],[18.50158,45.13849],[18.50512,45.13622],[18.49967,45.13262],[18.50122,45.12936],[18.48934,45.12349],[18.46265,45.13369],[18.49573,45.12084],[18.49367,45.11788],[18.49742,45.11662],[18.49591,45.11156],[18.50507,45.10956],[18.50615,45.10337],[18.51218,45.09689],[18.53122,45.09361],[18.52995,45.08649],[18.54602,45.08047],[18.55101,45.07492],[18.53737,45.06349],[18.5372,45.04791],[18.53386,45.04365],[18.52983,45.04538],[18.53074,45.05498],[18.52801,45.05992],[18.50745,45.05719],[18.49385,45.06156],[18.47875,45.06167],[18.457,45.0775],[18.44438,45.08374],[18.43684,45.09987],[18.43139,45.10449],[18.4183,45.10948],[18.40419,45.10996],[18.38269,45.10724],[18.31915,45.1016],[18.30623,45.11583],[18.28954,45.11324],[18.28103,45.11519],[18.27536,45.13452],[18.25548,45.13931],[18.23173,45.13427],[18.2125,45.12486],[18.20918,45.12129],[18.21176,45.1079],[18.22113,45.10092],[18.22135,45.09689],[18.21008,45.08537],[18.18809,45.07682],[18.17202,45.07724],[18.14378,45.08587],[18.11616,45.08105],[18.10835,45.0842],[18.09409,45.09874],[18.07173,45.10687],[18.07164,45.10995],[18.08449,45.11635],[18.08562,45.11985],[18.07305,45.13937],[18.06005,45.14344],[18.0447,45.13959],[18.03985,45.12648],[18.03476,45.12588],[18.03004,45.13026],[18.01881,45.14949],[18.00016,45.15107],[17.98807,45.14563],[17.9782,45.13666],[17.97461,45.1236],[17.96754,45.11566],[17.96028,45.11195],[17.94791,45.11183],[17.9369,45.11046]],[[17.8106,45.07279],[17.81087,45.07341],[17.79276,45.07473],[17.8106,45.07279]],[[18.06056,45.14624],[18.05876,45.14748],[18.06005,45.14344],[18.06056,45.14624]],[[17.33628,45.29077],[17.36464,45.28987],[17.33879,45.29254],[17.33628,45.29077]],[[17.33768,45.27718],[17.34089,45.26706],[17.33628,45.29077],[17.33768,45.27718]],[[17.40134,45.27299],[17.40625,45.28313],[17.40358,45.27974],[17.40134,45.27299]],[[17.96247,45.2078],[17.9623,45.21554],[17.95977,45.21833],[17.96247,45.2078]],[[17.96868,45.20056],[17.99039,45.19695],[17.97298,45.19993],[17.96868,45.20056]],[[17.3277,45.20719],[17.33434,45.23264],[17.32581,45.20483],[17.32953,45.2081],[17.3277,45.20719]],[[17.33645,45.21154],[17.33428,45.21046],[17.33183,45.19876],[17.33645,45.21154]],[[17.39471,45.22656],[17.41193,45.22722],[17.45777,45.22942],[17.39471,45.22656]],[[17.46121,45.21166],[17.4444,45.21241],[17.45741,45.21117],[17.46121,45.21166]],[[17.47483,45.18266],[17.45656,45.18499],[17.45298,45.18536],[17.47483,45.18266]],[[17.56925,45.15296],[17.56525,45.15317],[17.57898,45.14851],[17.56925,45.15296]],[[17.63407,45.12591],[17.62249,45.12749],[17.62293,45.12643],[17.63407,45.12591]],[[17.62233,45.12786],[17.62692,45.13132],[17.62175,45.12926],[17.62233,45.12786]],[[17.68958,45.2005],[17.69367,45.20337],[17.69114,45.20309],[17.68958,45.2005]],[[17.81315,45.07858],[17.81075,45.07526],[17.8114,45.0746],[17.81315,45.07858]],[[17.47578,45.23452],[17.4781,45.23735],[17.48039,45.24172],[17.47578,45.23452]],[[17.30649,45.2828],[17.30844,45.28814],[17.29892,45.27646],[17.30649,45.2828]],[[18.4453,45.13542],[18.44456,45.13513],[18.45108,45.13231],[18.4453,45.13542]],[[18.05255,45.1905],[18.0412,45.18786],[18.04086,45.1887],[18.04037,45.18537],[18.05255,45.1905]],[[18.06076,45.17981],[18.09948,45.17468],[18.04037,45.18537],[18.06076,45.17981]],[[18.15078,45.13119],[18.14641,45.13391],[18.1601,45.13645],[18.13794,45.13553],[18.11861,45.14037],[18.15078,45.13119]],[[18.23507,45.1732],[18.22503,45.19459],[18.23554,45.17205],[18.24024,45.1747],[18.23507,45.1732]],[[18.31069,45.15845],[18.3067,45.15538],[18.30895,45.1563],[18.31069,45.15845]],[[18.38931,45.11497],[18.37768,45.11497],[18.38806,45.11351],[18.38931,45.11497]],[[18.44091,45.20245],[18.44731,45.20276],[18.4495,45.20532],[18.44091,45.20245]]]}},{"type":"Feature","properties":{"id":"HRV:ADM1:HRV-1603","name":"Osijek-Baranja","countryCode":"HRV"},"geometry":{"type":"Polygon","coordinates":[[[18.39345,45.23768],[18.39231,45.24026],[18.37551,45.23823],[18.35711,45.24697],[18.32969,45.24436],[18.30251,45.24457],[18.2852,45.23958],[18.2711,45.22635],[18.21603,45.21686],[18.19335,45.22364],[18.19006,45.23601],[18.17761,45.24381],[18.1514,45.24682],[18.15119,45.24284],[18.1431,45.24355],[18.14249,45.25023],[18.13611,45.25598],[18.13086,45.2532],[18.11523,45.2557],[18.11011,45.25282],[18.07214,45.26572],[18.08357,45.27914],[18.09742,45.28811],[18.10075,45.29528],[18.11391,45.29759],[18.11466,45.30537],[18.11126,45.31012],[18.10128,45.31389],[18.10062,45.32476],[18.09286,45.33112],[18.09224,45.3355],[18.08363,45.33952],[18.07217,45.34],[18.06743,45.34422],[18.0755,45.35263],[18.09894,45.36217],[18.10787,45.36186],[18.14903,45.39349],[18.15104,45.40571],[18.15641,45.41101],[18.15515,45.4161],[18.15817,45.41993],[18.17938,45.42713],[18.17946,45.42053],[18.21465,45.41936],[18.23027,45.43064],[18.23868,45.43373],[18.24039,45.43111],[18.24885,45.43779],[18.26222,45.43865],[18.26992,45.44896],[18.29288,45.45125],[18.31696,45.44717],[18.33652,45.45179],[18.34884,45.44996],[18.38888,45.46561],[18.39807,45.46475],[18.40519,45.45888],[18.43813,45.46625],[18.42058,45.49784],[18.42575,45.50158],[18.42305,45.50626],[18.43378,45.50745],[18.42212,45.50803],[18.41871,45.50528],[18.40897,45.50955],[18.40266,45.51832],[18.39678,45.51606],[18.39115,45.52336],[18.37862,45.51901],[18.36624,45.51457],[18.37313,45.50755],[18.3676,45.49034],[18.34361,45.49046],[18.3449,45.49504],[18.20544,45.50429],[18.20765,45.51627],[18.20078,45.51853],[18.19263,45.51426],[18.17731,45.51943],[18.17988,45.52406],[18.17175,45.52854],[18.1792,45.53563],[18.18894,45.53732],[18.18666,45.55003],[18.19113,45.55192],[18.19229,45.55652],[18.18804,45.56007],[18.20848,45.55797],[18.21563,45.57667],[18.21606,45.57681],[18.21274,45.57963],[18.21578,45.58237],[18.21164,45.58795],[18.1816,45.60164],[18.174,45.60149],[18.17727,45.60794],[18.17091,45.61029],[18.16916,45.61581],[18.16486,45.61677],[18.155,45.61155],[18.1213,45.61414],[18.12103,45.61651],[18.08839,45.62802],[18.06738,45.63022],[18.0671,45.64316],[18.04511,45.6452],[18.03396,45.64236],[18.02342,45.65695],[18.01641,45.65523],[18.01669,45.66469],[18.01352,45.66868],[18.00167,45.68166],[18.00783,45.68377],[17.99999,45.72063],[17.99693,45.72096],[17.99976,45.71845],[17.95743,45.71733],[17.96618,45.72844],[17.93678,45.72872],[17.93213,45.73156],[17.93254,45.75326],[17.92561,45.75333],[17.91334,45.77305],[17.90899,45.78618],[17.91197,45.79093],[17.93021,45.78633],[17.94967,45.79262],[17.97261,45.78903],[17.99588,45.79573],[18.02724,45.77774],[18.05617,45.77305],[18.08189,45.76452],[18.09489,45.7659],[18.10792,45.77165],[18.12298,45.78895],[18.15049,45.78727],[18.16955,45.77584],[18.19074,45.78743],[18.20496,45.78136],[18.23031,45.77878],[18.24372,45.76102],[18.25956,45.76117],[18.2759,45.75547],[18.29539,45.7609],[18.32841,45.75442],[18.33502,45.75288],[18.33867,45.747],[18.32905,45.73224],[18.35643,45.76688],[18.36668,45.76672],[18.36423,45.77294],[18.38073,45.76367],[18.39189,45.7617],[18.39717,45.75314],[18.40014,45.75524],[18.39687,45.74946],[18.39791,45.74465],[18.40763,45.73971],[18.4275,45.74149],[18.44685,45.73713],[18.45007,45.74578],[18.44906,45.75796],[18.44508,45.76052],[18.45628,45.76952],[18.4638,45.76624],[18.48219,45.7655],[18.4827,45.77602],[18.49067,45.79472],[18.5021,45.7944],[18.51019,45.7848],[18.52235,45.78269],[18.52121,45.78801],[18.53259,45.79378],[18.55544,45.79464],[18.55982,45.80367],[18.57487,45.80037],[18.57282,45.81359],[18.59248,45.81975],[18.60351,45.828],[18.60109,45.83379],[18.62367,45.83985],[18.61484,45.85314],[18.62355,45.85432],[18.62777,45.87338],[18.63156,45.87682],[18.63762,45.86809],[18.65492,45.8742],[18.64186,45.88447],[18.64128,45.88904],[18.65448,45.8954],[18.66105,45.89532],[18.66198,45.89939],[18.66501,45.89943],[18.66002,45.9047],[18.65953,45.91689],[18.66952,45.91069],[18.67595,45.91482],[18.70479,45.91805],[18.72163,45.90523],[18.75023,45.90028],[18.76053,45.8931],[18.76023,45.88864],[18.77305,45.88798],[18.7911,45.87816],[18.80893,45.87946],[18.8126,45.89082],[18.80725,45.90319],[18.82163,45.91463],[18.82755,45.90479],[18.8682,45.91124],[18.86462,45.92074],[18.87421,45.91575],[18.88815,45.92184],[18.89953,45.91982],[18.90539,45.91545],[18.90284,45.91021],[18.87662,45.90131],[18.87017,45.89512],[18.87724,45.88432],[18.8982,45.87582],[18.90314,45.86739],[18.88648,45.85894],[18.8596,45.86317],[18.85524,45.8591],[18.85739,45.8441],[18.85527,45.83068],[18.84657,45.81582],[18.85105,45.80797],[18.86267,45.80617],[18.87653,45.80753],[18.88095,45.81624],[18.8821,45.82115],[18.89374,45.82632],[18.89967,45.82571],[18.91495,45.8204],[18.92303,45.80566],[18.92011,45.79023],[18.91481,45.7841],[18.89204,45.77896],[18.87948,45.78495],[18.87027,45.78405],[18.85234,45.77418],[18.85226,45.76979],[18.86863,45.7594],[18.9129,45.74472],[18.92646,45.74802],[18.95358,45.76549],[18.96362,45.76698],[18.97106,45.76326],[18.96993,45.75019],[18.97349,45.75019],[18.97808,45.74433],[18.97663,45.73689],[18.97101,45.73141],[18.95874,45.72431],[18.94543,45.72368],[18.92707,45.72866],[18.91272,45.72476],[18.90847,45.71862],[18.91199,45.71183],[18.97166,45.72118],[18.9777,45.71283],[18.9742,45.70036],[18.96663,45.69477],[18.95333,45.6969],[18.9468,45.70384],[18.9128,45.70819],[18.91611,45.70328],[18.92932,45.69005],[18.9298,45.68624],[18.93335,45.68812],[18.95058,45.68536],[18.95734,45.68077],[18.95793,45.66946],[18.97135,45.66469],[18.97576,45.65688],[18.96731,45.64885],[18.93388,45.64364],[18.93659,45.63129],[18.94521,45.6342],[18.95218,45.62534],[18.93932,45.62125],[18.92491,45.62584],[18.9161,45.62171],[18.91398,45.61432],[18.92793,45.61426],[18.94332,45.62103],[18.94484,45.60379],[18.9311,45.59794],[18.91264,45.60091],[18.89968,45.58533],[18.89713,45.57787],[18.8995,45.5704],[18.92639,45.56635],[18.93208,45.56297],[18.93208,45.55529],[18.92339,45.54977],[18.92707,45.54384],[18.94627,45.53432],[18.98222,45.53659],[18.99515,45.54347],[19.00445,45.55685],[19.01667,45.55755],[19.02641,45.55293],[19.03385,45.53454],[19.0665,45.53129],[19.09581,45.51918],[19.10152,45.50969],[19.10011,45.50191],[19.09178,45.49238],[19.08248,45.48784],[19.0436,45.48512],[19.00597,45.49715],[19.00017,45.49382],[18.9921,45.48079],[18.98867,45.45265],[18.99345,45.44261],[19.00476,45.435],[19.00155,45.43201],[18.99044,45.43173],[18.98405,45.43239],[18.97886,45.43731],[18.95082,45.43073],[18.94601,45.43238],[18.94461,45.44218],[18.93933,45.4423],[18.94099,45.44747],[18.93671,45.45136],[18.91868,45.45656],[18.92444,45.46173],[18.91406,45.46549],[18.91666,45.47226],[18.90751,45.47395],[18.88624,45.48571],[18.84871,45.48101],[18.85189,45.47557],[18.84293,45.46432],[18.83536,45.4683],[18.81646,45.45787],[18.80258,45.46407],[18.79536,45.45638],[18.80338,45.45373],[18.81054,45.44619],[18.79663,45.44734],[18.78642,45.43442],[18.80168,45.42151],[18.79949,45.41266],[18.80361,45.41212],[18.80275,45.40872],[18.79143,45.40557],[18.78543,45.40738],[18.77131,45.40182],[18.76817,45.40324],[18.76947,45.41262],[18.7553,45.41369],[18.75442,45.41649],[18.73097,45.41292],[18.72999,45.40926],[18.70797,45.40919],[18.70882,45.4103],[18.69721,45.39832],[18.6902,45.39758],[18.68763,45.40072],[18.68881,45.39612],[18.65703,45.39004],[18.64436,45.393],[18.64285,45.38777],[18.64907,45.37402],[18.64524,45.36656],[18.65183,45.35378],[18.62129,45.34578],[18.63313,45.33034],[18.63461,45.31861],[18.63154,45.31451],[18.59802,45.31772],[18.5843,45.31552],[18.58352,45.30681],[18.57866,45.30107],[18.56412,45.2947],[18.54449,45.30248],[18.52809,45.29832],[18.51045,45.29054],[18.51319,45.25872],[18.51327,45.24866],[18.50748,45.24799],[18.50613,45.24329],[18.52134,45.23246],[18.50792,45.22583],[18.50057,45.21348],[18.51608,45.21046],[18.52401,45.22758],[18.53699,45.23104],[18.52757,45.20846],[18.51988,45.20999],[18.51713,45.20406],[18.48994,45.2107],[18.4748,45.20683],[18.46653,45.21458],[18.45135,45.2087],[18.43058,45.21536],[18.42518,45.22301],[18.39646,45.22529],[18.38771,45.23337],[18.39345,45.23768]],[[18.45807,45.44107],[18.4794,45.43776],[18.46269,45.44055],[18.45807,45.44107]],[[18.46076,45.4358],[18.46999,45.42008],[18.45807,45.44107],[18.46076,45.4358]],[[18.5208,45.32666],[18.52434,45.32222],[18.5196,45.33311],[18.5208,45.32666]],[[18.34423,45.38104],[18.34137,45.3766],[18.38858,45.37422],[18.34309,45.37678],[18.34423,45.38104]],[[18.47752,45.38707],[18.45482,45.39325],[18.46233,45.39036],[18.47752,45.38707]],[[18.41598,45.41572],[18.398,45.40927],[18.39961,45.4093],[18.41598,45.41572]],[[18.4756,45.73176],[18.47479,45.72817],[18.48093,45.73491],[18.4756,45.73176]],[[18.4691,45.69364],[18.47027,45.70994],[18.47316,45.71231],[18.46852,45.71122],[18.4691,45.69364]],[[18.4848,45.71295],[18.48298,45.7146],[18.47931,45.71374],[18.4848,45.71295]],[[18.52207,45.54411],[18.5247,45.54519],[18.52655,45.55072],[18.52207,45.54411]],[[18.11939,45.67475],[18.12343,45.68061],[18.12615,45.6856],[18.11939,45.67475]],[[18.2116,45.67558],[18.24067,45.6683],[18.23214,45.67129],[18.2116,45.67558]],[[18.24036,45.69632],[18.23765,45.70555],[18.23685,45.70175],[18.24036,45.69632]],[[18.31684,45.73087],[18.31923,45.72755],[18.31894,45.73011],[18.31684,45.73087]],[[18.32344,45.60759],[18.31604,45.60981],[18.31708,45.61194],[18.30681,45.60853],[18.31315,45.61053],[18.32344,45.60759]],[[18.37075,45.64664],[18.37233,45.64734],[18.37111,45.65049],[18.37075,45.64664]],[[18.4341,45.68019],[18.43579,45.68052],[18.43173,45.68177],[18.4341,45.68019]],[[18.42948,45.69867],[18.41557,45.69253],[18.42482,45.68864],[18.41877,45.69266],[18.42948,45.69867]],[[18.44769,45.70882],[18.45397,45.70831],[18.45047,45.7101],[18.44769,45.70882]],[[18.4593,45.70558],[18.46212,45.69978],[18.46074,45.70484],[18.4593,45.70558]],[[18.2555,45.59152],[18.25378,45.59095],[18.24829,45.58644],[18.2555,45.59152]],[[18.38523,45.56348],[18.37691,45.56734],[18.35167,45.57683],[18.38523,45.56348]],[[18.23707,45.65743],[18.23455,45.66573],[18.2365,45.65735],[18.23707,45.65743]],[[18.33511,45.71635],[18.3369,45.71656],[18.33152,45.71974],[18.33511,45.71635]],[[18.34832,45.7179],[18.36611,45.72618],[18.34345,45.71733],[18.34832,45.7179]],[[18.42264,45.70788],[18.41998,45.70677],[18.41636,45.69833],[18.42264,45.70788]],[[18.43023,45.70589],[18.42619,45.70937],[18.42495,45.70885],[18.43023,45.70589]],[[18.87254,45.55274],[18.83879,45.54948],[18.85927,45.55086],[18.87254,45.55274]],[[18.55731,45.43568],[18.55479,45.4346],[18.5658,45.43412],[18.55731,45.43568]],[[18.56383,45.41136],[18.56762,45.40132],[18.57095,45.39964],[18.56383,45.41136]],[[18.59709,45.46164],[18.64019,45.45959],[18.60106,45.4615],[18.59709,45.46164]],[[18.72194,45.43065],[18.71866,45.42322],[18.72733,45.43461],[18.72194,45.43065]],[[18.8261,45.48113],[18.8277,45.48192],[18.7984,45.50481],[18.8261,45.48113]],[[18.64637,45.71997],[18.64649,45.72681],[18.64545,45.72844],[18.64637,45.71997]],[[18.68068,45.72749],[18.68048,45.72719],[18.68145,45.72734],[18.68068,45.72749]],[[18.79266,45.68965],[18.806,45.68916],[18.81373,45.69],[18.79266,45.68965]],[[18.56778,45.63121],[18.56382,45.62661],[18.56554,45.62686],[18.56803,45.63125],[18.56778,45.63121]],[[18.61793,45.64805],[18.60647,45.65141],[18.60618,45.65103],[18.61793,45.64805]],[[18.69989,45.66881],[18.71,45.66943],[18.66127,45.66646],[18.69989,45.66881]],[[18.60879,45.59817],[18.62007,45.6073],[18.61106,45.60174],[18.60879,45.59817]],[[18.57258,45.62032],[18.5569,45.61577],[18.55869,45.61536],[18.57258,45.62032]],[[18.55197,45.6169],[18.54695,45.61969],[18.54681,45.61809],[18.55197,45.6169]],[[18.72317,45.80715],[18.71687,45.80594],[18.71618,45.80494],[18.72317,45.80715]],[[18.7369,45.80438],[18.73722,45.80752],[18.73485,45.80479],[18.7369,45.80438]],[[18.63475,45.74519],[18.63931,45.73515],[18.64326,45.73186],[18.63475,45.74519]],[[18.65458,45.78379],[18.63311,45.7946],[18.6576,45.78088],[18.65458,45.78379]]]}},{"type":"Feature","properties":{"id":"HRV:ADM1:HRV-1604","name":"Požega-Slavonia","countryCode":"HRV"},"geometry":{"type":"Polygon","coordinates":[[[17.89371,45.28884],[17.88224,45.27363],[17.88313,45.25718],[17.86769,45.25128],[17.85446,45.24135],[17.85064,45.23478],[17.84121,45.23412],[17.83106,45.217],[17.82091,45.21527],[17.81199,45.20895],[17.79496,45.21273],[17.79306,45.21938],[17.78263,45.21746],[17.78917,45.21044],[17.7839,45.20559],[17.78858,45.20454],[17.78837,45.20692],[17.79131,45.20126],[17.77586,45.20265],[17.77749,45.1989],[17.772,45.19622],[17.77389,45.19249],[17.76965,45.1919],[17.78031,45.19085],[17.76561,45.18743],[17.75955,45.18238],[17.75342,45.18656],[17.743,45.18421],[17.74025,45.18669],[17.72379,45.18707],[17.72096,45.18995],[17.72344,45.19444],[17.70402,45.1982],[17.7007,45.20317],[17.70893,45.20505],[17.71665,45.21402],[17.70823,45.22446],[17.70466,45.23809],[17.70802,45.23914],[17.70968,45.24962],[17.6941,45.27049],[17.6722,45.26971],[17.66111,45.27236],[17.63919,45.27094],[17.63819,45.26777],[17.59988,45.27062],[17.58114,45.28078],[17.5689,45.28151],[17.56777,45.2824],[17.55484,45.2925],[17.55171,45.29965],[17.51595,45.30578],[17.50968,45.30956],[17.49416,45.32126],[17.48531,45.34853],[17.46942,45.35018],[17.45276,45.35732],[17.42437,45.38293],[17.40842,45.38828],[17.39616,45.39289],[17.37144,45.38272],[17.33749,45.38409],[17.33488,45.3673],[17.32673,45.36974],[17.31971,45.36582],[17.30209,45.36644],[17.28895,45.37525],[17.2788,45.37616],[17.26239,45.39079],[17.2478,45.39051],[17.23427,45.39025],[17.21552,45.38074],[17.17597,45.3486],[17.1647,45.35383],[17.15828,45.34873],[17.13649,45.34365],[17.12879,45.34981],[17.13404,45.3555],[17.131,45.36434],[17.11831,45.37269],[17.07657,45.38222],[17.07305,45.38815],[17.06059,45.39307],[17.05339,45.39249],[17.05425,45.39599],[17.04958,45.3919],[17.04365,45.39486],[17.05552,45.40499],[17.05447,45.40969],[17.06057,45.41297],[17.0569,45.41894],[17.07118,45.42129],[17.06711,45.43104],[17.07003,45.43522],[17.06738,45.43718],[17.05115,45.43827],[17.04614,45.4195],[17.04245,45.42319],[17.039,45.42035],[17.03165,45.42297],[17.0308,45.41779],[17.02629,45.42162],[17.02685,45.42572],[17.02159,45.42285],[17.02174,45.42653],[17.01519,45.42638],[17.01517,45.43193],[17.01105,45.43587],[17.02238,45.44159],[17.0004,45.45502],[17.00351,45.4584],[16.98292,45.45221],[16.96879,45.45486],[16.96436,45.45257],[16.95409,45.45676],[16.93878,45.47698],[16.92996,45.48165],[16.93562,45.4871],[16.93086,45.49372],[16.93287,45.50314],[16.92808,45.50817],[16.9289,45.51442],[16.94936,45.5457],[16.96206,45.54466],[16.96358,45.54205],[16.95999,45.54121],[16.96251,45.53138],[16.97066,45.52132],[16.99448,45.51405],[16.99289,45.51116],[17.00452,45.50707],[17.00778,45.51182],[17.00795,45.50677],[17.0231,45.50647],[17.02336,45.50878],[17.02797,45.50814],[17.03091,45.51627],[17.04735,45.51817],[17.05392,45.52196],[17.08663,45.50555],[17.10568,45.52337],[17.13324,45.52055],[17.13794,45.51395],[17.15945,45.50971],[17.16416,45.51301],[17.15878,45.51819],[17.17491,45.53938],[17.185,45.53938],[17.1971,45.53514],[17.2018,45.52667],[17.23339,45.5116],[17.24079,45.51631],[17.2502,45.51301],[17.30733,45.52007],[17.31943,45.52573],[17.35842,45.52667],[17.36111,45.51866],[17.3685,45.51489],[17.3927,45.51065],[17.41152,45.51113],[17.42295,45.51678],[17.429,45.52431],[17.43707,45.53185],[17.44043,45.55586],[17.44782,45.56715],[17.44379,45.57468],[17.43516,45.57888],[17.45149,45.57973],[17.46541,45.57168],[17.4763,45.57168],[17.48719,45.56024],[17.5017,45.56236],[17.50654,45.56956],[17.50654,45.57634],[17.51562,45.58142],[17.5259,45.581],[17.53377,45.57422],[17.54829,45.56999],[17.55676,45.55897],[17.56946,45.55262],[17.58096,45.55304],[17.60576,45.5361],[17.60878,45.52508],[17.62451,45.51872],[17.68985,45.51278],[17.70537,45.50341],[17.71223,45.49964],[17.72433,45.49922],[17.72796,45.50261],[17.74006,45.50346],[17.76728,45.49837],[17.78543,45.49201],[17.79821,45.48334],[17.78348,45.475],[17.79464,45.4763],[17.83017,45.47256],[17.83968,45.48337],[17.8535,45.48868],[17.87123,45.48443],[17.87217,45.47832],[17.88563,45.4739],[17.89306,45.48401],[17.94063,45.49983],[17.94947,45.51683],[17.95523,45.52056],[17.95411,45.52764],[17.9461,45.53218],[17.95965,45.53504],[17.96702,45.54798],[17.97823,45.54825],[17.97624,45.55722],[17.98532,45.55849],[17.98932,45.56211],[17.99167,45.57349],[18.002,45.58064],[18.00119,45.58596],[18.01336,45.5911],[18.04751,45.63468],[18.08839,45.62802],[18.12103,45.61651],[18.1213,45.61414],[18.155,45.61155],[18.16727,45.6165],[18.17091,45.61029],[18.17727,45.60794],[18.174,45.60149],[18.1816,45.60164],[18.19988,45.59436],[18.21578,45.58237],[18.21274,45.57963],[18.21563,45.57667],[18.20848,45.55797],[18.18804,45.56007],[18.19229,45.55652],[18.19113,45.55192],[18.18666,45.55003],[18.18894,45.53732],[18.1792,45.53563],[18.17175,45.52854],[18.17988,45.52406],[18.17731,45.51943],[18.19263,45.51426],[18.20078,45.51853],[18.20765,45.51627],[18.20544,45.50429],[18.3449,45.49504],[18.34361,45.49046],[18.3676,45.49034],[18.37313,45.50755],[18.36624,45.51457],[18.39115,45.52336],[18.39678,45.51606],[18.40266,45.51832],[18.40897,45.50955],[18.41871,45.50528],[18.42212,45.50803],[18.42575,45.50158],[18.42058,45.49784],[18.43852,45.46554],[18.40519,45.45888],[18.39807,45.46475],[18.38888,45.46561],[18.34884,45.44996],[18.33652,45.45179],[18.31696,45.44717],[18.29288,45.45125],[18.26992,45.44896],[18.26222,45.43865],[18.24885,45.43779],[18.24039,45.43111],[18.23868,45.43373],[18.23027,45.43064],[18.21465,45.41936],[18.17946,45.42053],[18.17938,45.42713],[18.15817,45.41993],[18.15515,45.4161],[18.15641,45.41101],[18.15104,45.40571],[18.14903,45.39349],[18.11355,45.36852],[18.10787,45.36186],[18.09894,45.36217],[18.0755,45.35263],[18.06743,45.34422],[18.07217,45.34],[18.08363,45.33952],[18.09224,45.3355],[18.09286,45.33112],[18.10062,45.32476],[18.10128,45.31389],[18.11126,45.31012],[18.11466,45.30537],[18.11391,45.29759],[18.10075,45.29528],[18.09742,45.28811],[18.08357,45.27914],[18.07214,45.26572],[18.03307,45.28201],[17.95104,45.29101],[17.92608,45.28989],[17.89371,45.28884]],[[17.85074,45.32601],[17.85677,45.32171],[17.85035,45.3292],[17.85074,45.32601]],[[17.9166,45.33266],[17.91955,45.33224],[17.89437,45.35106],[17.9166,45.33266]],[[17.46741,45.49897],[17.46672,45.49817],[17.46586,45.46784],[17.46741,45.49897]],[[17.74944,45.39809],[17.76251,45.40121],[17.76002,45.40146],[17.74944,45.39809]],[[17.82617,45.36145],[17.8274,45.36143],[17.81815,45.37863],[17.82617,45.36145]],[[17.79219,45.34928],[17.83499,45.35789],[17.82912,45.35822],[17.79219,45.34928]],[[17.62918,45.32379],[17.61649,45.31607],[17.63094,45.32364],[17.62918,45.32379]],[[17.58819,45.38001],[17.59031,45.3788],[17.58854,45.38129],[17.58819,45.38001]],[[17.5893,45.3841],[17.58907,45.38326],[17.59747,45.38621],[17.5893,45.3841]],[[17.72032,45.38471],[17.72118,45.39119],[17.71721,45.36644],[17.72032,45.38471]],[[17.75416,45.30743],[17.75006,45.33683],[17.74935,45.33701],[17.75416,45.30743]],[[17.92217,45.33187],[17.92342,45.33169],[17.92608,45.33803],[17.92217,45.33187]],[[17.99114,45.55364],[17.99474,45.55229],[17.9908,45.55584],[17.99114,45.55364]]]}},{"type":"Feature","properties":{"id":"HRV:ADM1:HRV-1605","name":"Vukovar-Syrmia","countryCode":"HRV"},"geometry":{"type":"Polygon","coordinates":[[[18.84983,44.85449],[18.82215,44.87686],[18.81102,44.88094],[18.79167,44.8883],[18.76432,44.90507],[18.76304,44.91065],[18.7726,44.92052],[18.75808,44.92802],[18.75101,44.93749],[18.75257,44.94184],[18.75923,44.94467],[18.78578,44.93439],[18.79739,44.93526],[18.80463,44.93943],[18.80414,44.94604],[18.79085,44.95541],[18.78635,44.96381],[18.78492,44.97523],[18.79649,44.99021],[18.79389,44.99443],[18.7876,44.99554],[18.75668,44.99959],[18.74371,44.9926],[18.73475,44.99217],[18.72918,44.99394],[18.72779,44.99907],[18.73724,45.00991],[18.73843,45.01603],[18.72167,45.02532],[18.71925,45.03423],[18.71084,45.03853],[18.69403,45.03958],[18.66791,45.0621],[18.67061,45.0671],[18.6861,45.07381],[18.68789,45.07848],[18.67961,45.09193],[18.66895,45.09475],[18.6605,45.08967],[18.65351,45.07849],[18.66103,45.06419],[18.659,45.0573],[18.6548,45.05611],[18.64071,45.06199],[18.6185,45.06116],[18.60609,45.06573],[18.60767,45.07107],[18.63634,45.08592],[18.63561,45.09205],[18.63032,45.09523],[18.62287,45.09543],[18.62046,45.08569],[18.61305,45.08043],[18.59719,45.08311],[18.58299,45.09315],[18.56791,45.09346],[18.56892,45.08944],[18.58047,45.0821],[18.58175,45.07182],[18.57511,45.06664],[18.57123,45.06803],[18.56958,45.07733],[18.54814,45.09269],[18.54013,45.09399],[18.5307,45.08975],[18.53122,45.09361],[18.51218,45.09689],[18.50615,45.10337],[18.50507,45.10956],[18.49591,45.11156],[18.49742,45.11662],[18.49367,45.11788],[18.49573,45.12084],[18.48934,45.12349],[18.50122,45.12936],[18.49967,45.13262],[18.50512,45.13622],[18.50158,45.13849],[18.50468,45.13956],[18.50678,45.14814],[18.52462,45.1654],[18.52705,45.17248],[18.53009,45.17204],[18.53648,45.18242],[18.54167,45.18294],[18.54634,45.19076],[18.56428,45.19381],[18.56525,45.19424],[18.56839,45.2084],[18.57445,45.21065],[18.5677,45.21581],[18.57363,45.22019],[18.56885,45.22881],[18.55711,45.22347],[18.55371,45.23249],[18.54889,45.22946],[18.53299,45.23414],[18.52134,45.23246],[18.50818,45.23979],[18.50748,45.24799],[18.51327,45.24866],[18.51045,45.29054],[18.54449,45.30248],[18.56412,45.2947],[18.57866,45.30107],[18.58352,45.30681],[18.5843,45.31552],[18.59802,45.31772],[18.61495,45.31476],[18.64102,45.31356],[18.63154,45.31451],[18.63461,45.31861],[18.63313,45.33034],[18.62129,45.34578],[18.65183,45.35378],[18.64524,45.36656],[18.64907,45.37402],[18.64285,45.38777],[18.64436,45.393],[18.65703,45.39004],[18.6902,45.39758],[18.69721,45.39832],[18.70265,45.40576],[18.70813,45.40754],[18.72999,45.40926],[18.73097,45.41292],[18.75442,45.41649],[18.7553,45.41369],[18.76947,45.41262],[18.76817,45.40324],[18.77131,45.40182],[18.78543,45.40738],[18.79423,45.4057],[18.79392,45.40627],[18.80275,45.40872],[18.80361,45.41212],[18.79949,45.41266],[18.80168,45.42151],[18.78642,45.43442],[18.79663,45.44734],[18.81054,45.44619],[18.80338,45.45373],[18.79461,45.45663],[18.80258,45.46407],[18.81646,45.45787],[18.83536,45.4683],[18.84293,45.46432],[18.85189,45.47557],[18.84834,45.48165],[18.86935,45.48502],[18.88624,45.48571],[18.90751,45.47395],[18.91666,45.47226],[18.91406,45.46549],[18.92444,45.46173],[18.91868,45.45656],[18.93671,45.45136],[18.94099,45.44747],[18.93933,45.4423],[18.94461,45.44218],[18.94601,45.43238],[18.95082,45.43073],[18.97886,45.43731],[18.98405,45.43239],[18.99044,45.43173],[19.00155,45.43201],[19.00476,45.435],[19.02811,45.42077],[19.03048,45.41453],[19.02884,45.40875],[19.01892,45.40148],[18.98407,45.39851],[18.97128,45.3899],[18.96974,45.38113],[18.97445,45.37356],[19.00517,45.35718],[19.01023,45.35876],[19.02466,45.35144],[19.04783,45.34863],[19.05364,45.34311],[19.07898,45.34049],[19.092,45.33518],[19.09739,45.32732],[19.09745,45.31288],[19.10369,45.2998],[19.14195,45.28125],[19.19641,45.26488],[19.2264,45.26548],[19.26077,45.28139],[19.27409,45.27612],[19.27511,45.27118],[19.26016,45.25329],[19.2607,45.24261],[19.28948,45.23636],[19.34182,45.23182],[19.4207,45.23343],[19.42744,45.2175],[19.44727,45.19591],[19.43534,45.19307],[19.43346,45.18905],[19.42799,45.18762],[19.43592,45.17294],[19.42564,45.16779],[19.41863,45.16579],[19.38732,45.17322],[19.3723,45.17034],[19.36354,45.17532],[19.359,45.17285],[19.36,45.17017],[19.3542,45.16922],[19.35455,45.16477],[19.34942,45.16477],[19.34792,45.17237],[19.33003,45.17706],[19.33259,45.18188],[19.32839,45.18532],[19.31813,45.20799],[19.28831,45.20505],[19.28283,45.2069],[19.28909,45.19548],[19.28129,45.19315],[19.29405,45.17861],[19.2965,45.17122],[19.27771,45.17156],[19.27227,45.17585],[19.25005,45.17279],[19.24752,45.17777],[19.23775,45.17537],[19.22724,45.18476],[19.20582,45.19239],[19.19091,45.20118],[19.17654,45.20254],[19.16915,45.19741],[19.16605,45.18977],[19.19454,45.17892],[19.18724,45.166],[19.14196,45.12989],[19.11998,45.13373],[19.08656,45.14542],[19.08755,45.13836],[19.08123,45.13433],[19.0779,45.12728],[19.0768,45.11374],[19.08428,45.1114],[19.08374,45.10737],[19.09351,45.10155],[19.09278,45.09065],[19.10586,45.07916],[19.09523,45.05854],[19.10589,45.05153],[19.09416,45.03745],[19.09876,45.03286],[19.09736,45.0225],[19.10272,45.0107],[19.09672,45.00528],[19.09272,44.99513],[19.05336,44.97914],[19.05316,44.9793],[19.05251,44.97676],[19.07524,44.97114],[19.0843,44.97434],[19.11108,44.96986],[19.11868,44.97572],[19.13833,44.98071],[19.14741,44.9754],[19.14743,44.95769],[19.15429,44.95768],[19.15649,44.95294],[19.14309,44.94681],[19.1431,44.94121],[19.12435,44.93905],[19.08737,44.92537],[19.08419,44.91977],[19.08773,44.91642],[19.0805,44.91345],[19.08704,44.91049],[19.06858,44.90115],[19.04411,44.91258],[19.03229,44.9225],[19.01459,44.92118],[18.99798,44.91556],[18.98924,44.90579],[18.99239,44.89388],[19.01438,44.8691],[19.01911,44.85524],[18.97346,44.84975],[18.90952,44.85185],[18.84983,44.85449]],[[18.85539,44.90647],[18.85593,44.90741],[18.85286,44.90751],[18.85539,44.90647]],[[18.87166,44.90187],[18.86184,44.90721],[18.86101,44.90724],[18.87166,44.90187]],[[18.82664,45.34884],[18.82962,45.34946],[18.80368,45.34801],[18.82664,45.34884]],[[18.81939,45.3362],[18.8273,45.34238],[18.82703,45.34499],[18.81939,45.3362]],[[18.81834,45.32349],[18.81339,45.32033],[18.81939,45.32254],[18.81836,45.32368],[18.81834,45.32349]],[[18.85109,45.22254],[18.85256,45.22058],[18.85266,45.2248],[18.85109,45.22254]],[[18.849,45.17145],[18.85252,45.17078],[18.85484,45.17162],[18.849,45.17145]],[[18.69197,45.20907],[18.68661,45.21033],[18.68813,45.20841],[18.69197,45.20907]],[[18.75102,45.19053],[18.73894,45.18576],[18.74843,45.18818],[18.75102,45.19053]],[[18.6782,45.11415],[18.68568,45.11657],[18.6743,45.11475],[18.6782,45.11415]],[[18.6035,45.10845],[18.59436,45.09291],[18.59857,45.09625],[18.6035,45.10845]],[[18.58868,45.23841],[18.59572,45.23991],[18.59177,45.24044],[18.58868,45.23841]],[[18.60185,45.23163],[18.60554,45.23119],[18.62792,45.23627],[18.60185,45.23163]],[[18.69418,45.32421],[18.71023,45.32163],[18.69434,45.32426],[18.69418,45.32421]],[[18.73496,45.30819],[18.74213,45.30821],[18.74219,45.3102],[18.73496,45.30819]],[[18.74965,45.26049],[18.73695,45.26242],[18.72519,45.26172],[18.74965,45.26049]],[[18.76273,45.21745],[18.78683,45.21436],[18.75878,45.21994],[18.76273,45.21745]],[[18.83836,45.35807],[18.85777,45.35163],[18.83788,45.3598],[18.83836,45.35807]],[[18.82705,45.35987],[18.83516,45.36091],[18.83241,45.36204],[18.82705,45.35987]],[[18.99426,45.22451],[18.95963,45.23721],[18.99553,45.22368],[18.99426,45.22451]],[[19.0151,45.19981],[19.01751,45.20932],[19.01369,45.19805],[19.0151,45.19981]],[[19.09185,45.20724],[19.0713,45.20936],[19.0775,45.20871],[19.09185,45.20724]],[[19.12022,45.21092],[19.12266,45.21325],[19.09185,45.20724],[19.12022,45.21092]],[[19.1375,45.22745],[19.14308,45.21724],[19.15421,45.20345],[19.1375,45.22745]],[[18.99397,45.17245],[18.97013,45.17608],[18.94781,45.17878],[18.99397,45.17245]],[[19.21032,45.22966],[19.21032,45.19613],[19.21157,45.20602],[19.21032,45.22966]],[[18.91718,45.34202],[18.93391,45.34917],[18.92546,45.34655],[18.91718,45.34202]],[[18.97945,45.29921],[18.97808,45.28961],[18.97894,45.29451],[18.97945,45.29921]]]}},{"type":"Feature","properties":{"id":"HRV:ADM1:HRV-1606","name":"Virovitica-Podravina","countryCode":"HRV"},"geometry":{"type":"Polygon","coordinates":[[[17.60878,45.52508],[17.60576,45.5361],[17.59124,45.54796],[17.58096,45.55304],[17.56946,45.55262],[17.55676,45.55897],[17.54829,45.56999],[17.53377,45.57422],[17.5259,45.581],[17.51562,45.58142],[17.50654,45.57634],[17.50654,45.56956],[17.5017,45.56236],[17.48719,45.56024],[17.4763,45.57168],[17.46541,45.57168],[17.45149,45.57973],[17.43516,45.57888],[17.42427,45.58057],[17.41943,45.58904],[17.42064,45.59751],[17.45391,45.61063],[17.44968,45.61655],[17.44786,45.63178],[17.47872,45.65927],[17.47569,45.67449],[17.48722,45.68293],[17.48863,45.68854],[17.49603,45.69293],[17.49893,45.69151],[17.49894,45.69151],[17.49601,45.69407],[17.49209,45.69135],[17.49379,45.69616],[17.48997,45.69725],[17.49434,45.69877],[17.48593,45.6987],[17.48915,45.70213],[17.48716,45.70421],[17.44769,45.70886],[17.44777,45.71323],[17.46367,45.72104],[17.45782,45.7197],[17.44387,45.72997],[17.43293,45.72854],[17.42087,45.72435],[17.41797,45.7162],[17.40705,45.71752],[17.40187,45.70637],[17.38733,45.7014],[17.37708,45.72097],[17.34744,45.72224],[17.36256,45.74208],[17.36256,45.75179],[17.3553,45.75981],[17.34804,45.76319],[17.3305,45.74968],[17.31659,45.75264],[17.32022,45.76614],[17.31477,45.77163],[17.29299,45.77332],[17.27726,45.78766],[17.27977,45.80771],[17.27619,45.81116],[17.25428,45.81255],[17.24763,45.81625],[17.21798,45.83278],[17.1968,45.83615],[17.19324,45.84428],[17.18168,45.86144],[17.16777,45.86354],[17.16353,45.87323],[17.14391,45.87744],[17.11997,45.88418],[17.11695,45.90103],[17.13147,45.90355],[17.12663,45.9086],[17.11392,45.90944],[17.11513,45.91576],[17.14296,45.92922],[17.14538,45.93764],[17.18107,45.96834],[17.19015,45.98138],[17.20907,45.97729],[17.2123,45.98166],[17.20973,45.98706],[17.22149,45.98303],[17.25686,45.98022],[17.27918,45.98452],[17.28657,45.98119],[17.29495,45.98664],[17.30799,45.98223],[17.31197,45.98978],[17.31994,45.99121],[17.32447,45.98557],[17.30813,45.96972],[17.313,45.96653],[17.32263,45.96725],[17.32919,45.96977],[17.33673,45.98044],[17.33681,45.98313],[17.32745,45.989],[17.32994,45.99444],[17.33822,45.99575],[17.34273,45.98421],[17.34884,45.9769],[17.35672,45.97358],[17.36088,45.97633],[17.36357,45.99154],[17.37243,45.99118],[17.37519,45.98811],[17.3744,45.98193],[17.36642,45.97507],[17.37549,45.96869],[17.36013,45.96825],[17.35835,45.96427],[17.36342,45.96083],[17.37503,45.9609],[17.38742,45.96618],[17.3918,45.96072],[17.3853,45.9559],[17.35981,45.95849],[17.35377,45.9525],[17.34957,45.95423],[17.34866,45.96063],[17.34388,45.96053],[17.34235,45.95522],[17.33951,45.95534],[17.34216,45.94794],[17.35152,45.94126],[17.36429,45.94214],[17.37304,45.9472],[17.38666,45.94591],[17.38792,45.9417],[17.38516,45.93705],[17.38876,45.93187],[17.39551,45.93027],[17.41081,45.93997],[17.40953,45.93302],[17.41198,45.93039],[17.43515,45.92868],[17.43678,45.93318],[17.42721,45.94392],[17.42816,45.94691],[17.43783,45.95038],[17.47093,45.94311],[17.5202,45.93776],[17.53181,45.93403],[17.56527,45.93733],[17.61794,45.90747],[17.6348,45.88817],[17.64779,45.86661],[17.65143,45.84879],[17.66067,45.83996],[17.67264,45.83487],[17.68888,45.83888],[17.70091,45.83712],[17.70703,45.83186],[17.74581,45.82775],[17.76034,45.81192],[17.77219,45.81739],[17.78091,45.81749],[17.80077,45.80591],[17.81495,45.80492],[17.82082,45.81032],[17.82792,45.80925],[17.83129,45.80472],[17.8332,45.7918],[17.83987,45.78615],[17.85245,45.78324],[17.85655,45.76996],[17.86531,45.76701],[17.8691,45.76819],[17.87219,45.77621],[17.88454,45.78396],[17.9007,45.79175],[17.91197,45.79093],[17.90899,45.78618],[17.91334,45.77305],[17.92561,45.75333],[17.93254,45.75326],[17.93213,45.73156],[17.92913,45.73081],[17.93678,45.72872],[17.95958,45.7299],[17.96618,45.72844],[17.95743,45.71733],[17.99976,45.71845],[18.00783,45.68377],[18.00167,45.68166],[18.01669,45.66469],[18.01641,45.65523],[18.01022,45.65226],[18.02342,45.65695],[18.03396,45.64236],[18.04511,45.6452],[18.0671,45.64316],[18.06738,45.63022],[18.04751,45.63468],[18.01336,45.5911],[18.00119,45.58596],[18.002,45.58064],[17.99167,45.57349],[17.98976,45.56251],[17.98532,45.55849],[17.97624,45.55722],[17.97767,45.55073],[17.97823,45.54825],[17.96702,45.54798],[17.95965,45.53504],[17.9461,45.53218],[17.95411,45.52764],[17.95523,45.52056],[17.94947,45.51683],[17.94063,45.49983],[17.89306,45.48401],[17.88563,45.4739],[17.87217,45.47832],[17.87123,45.48443],[17.8535,45.48868],[17.83968,45.48337],[17.83017,45.47256],[17.79464,45.4763],[17.77876,45.47445],[17.79821,45.48334],[17.78543,45.49201],[17.76728,45.49837],[17.74006,45.50346],[17.72796,45.50261],[17.72433,45.49922],[17.71223,45.49964],[17.68985,45.51278],[17.63654,45.5172],[17.60878,45.52508]],[[17.71552,45.6081],[17.71608,45.6065],[17.72194,45.61652],[17.71552,45.6081]],[[17.59267,45.74441],[17.5995,45.75543],[17.60189,45.76459],[17.59267,45.74441]],[[17.79042,45.72153],[17.81321,45.71558],[17.78634,45.72262],[17.79042,45.72153]],[[17.74361,45.65413],[17.74476,45.65328],[17.74465,45.65468],[17.74361,45.65413]],[[17.72853,45.63592],[17.73337,45.63297],[17.73262,45.63442],[17.72853,45.63592]],[[17.73321,45.62854],[17.73511,45.62962],[17.73473,45.63036],[17.73321,45.62854]],[[17.36902,45.87386],[17.36271,45.87441],[17.3768,45.87253],[17.36902,45.87386]],[[17.46831,45.85049],[17.46901,45.84949],[17.46695,45.84737],[17.47167,45.84983],[17.46831,45.85049]],[[17.47612,45.82735],[17.45321,45.83209],[17.45558,45.8306],[17.47612,45.82735]],[[17.42496,45.78454],[17.42196,45.77257],[17.4232,45.76712],[17.42496,45.78454]],[[17.46576,45.85415],[17.46541,45.85694],[17.4613,45.86055],[17.46576,45.85415]],[[17.75344,45.62727],[17.74097,45.62851],[17.75219,45.62687],[17.75344,45.62727]],[[17.82612,45.65512],[17.82472,45.65121],[17.83334,45.66016],[17.82612,45.65512]],[[17.87953,45.66785],[17.89454,45.66247],[17.90745,45.65786],[17.87953,45.66785]],[[17.98915,45.64214],[17.96798,45.63197],[17.98682,45.6396],[17.98915,45.64214]],[[17.75634,45.6023],[17.76389,45.59712],[17.76719,45.59734],[17.75634,45.6023]],[[17.8451,45.68006],[17.85677,45.67872],[17.8571,45.67987],[17.8451,45.68006]],[[17.87034,45.67967],[17.87472,45.67897],[17.87507,45.67959],[17.87034,45.67967]]]}},{"type":"Feature","properties":{"id":"HRV:ADM1:HRV-1607","name":"Bjelovar-Bilogora","countryCode":"HRV"},"geometry":{"type":"Polygon","coordinates":[[[17.04735,45.51817],[17.03091,45.51627],[17.02797,45.50814],[17.00795,45.50677],[17.00778,45.51182],[17.00452,45.50707],[16.99289,45.51116],[16.99448,45.51405],[16.97066,45.52132],[16.96251,45.53138],[16.95999,45.54121],[16.96358,45.54205],[16.96206,45.54466],[16.94936,45.5457],[16.9289,45.51442],[16.92808,45.50817],[16.93287,45.50314],[16.93086,45.49372],[16.93562,45.4871],[16.92478,45.47597],[16.92829,45.47535],[16.92527,45.47431],[16.92948,45.47333],[16.92767,45.47137],[16.93199,45.47121],[16.92975,45.46821],[16.92388,45.46942],[16.92261,45.46655],[16.90941,45.46724],[16.90832,45.48007],[16.89992,45.48828],[16.90196,45.49286],[16.89638,45.49504],[16.89679,45.49957],[16.89009,45.50065],[16.87629,45.51046],[16.84887,45.50757],[16.86122,45.51109],[16.85546,45.51633],[16.87405,45.52394],[16.8594,45.5347],[16.85692,45.54813],[16.83358,45.55298],[16.83062,45.5696],[16.8157,45.56484],[16.80565,45.57609],[16.81148,45.57777],[16.80409,45.5805],[16.80799,45.58499],[16.80459,45.58231],[16.80224,45.58661],[16.8033,45.59979],[16.79881,45.61614],[16.79432,45.62139],[16.79729,45.62414],[16.80894,45.62578],[16.78387,45.62542],[16.77485,45.61965],[16.75534,45.61559],[16.74192,45.62513],[16.73569,45.62153],[16.7297,45.62273],[16.72827,45.63248],[16.72046,45.64124],[16.72193,45.64454],[16.70379,45.65427],[16.69441,45.6813],[16.70222,45.6575],[16.68188,45.65192],[16.67489,45.65407],[16.66795,45.65125],[16.66837,45.66461],[16.66214,45.66974],[16.65737,45.66691],[16.64848,45.66769],[16.64267,45.66307],[16.62472,45.66394],[16.60992,45.67036],[16.60804,45.67347],[16.61053,45.67508],[16.59944,45.6864],[16.59115,45.67696],[16.58804,45.67723],[16.58988,45.68281],[16.58512,45.68671],[16.58834,45.69406],[16.58675,45.70001],[16.57762,45.69942],[16.56841,45.71401],[16.54677,45.70764],[16.53411,45.70958],[16.5261,45.71443],[16.52886,45.71925],[16.52143,45.7253],[16.50839,45.72308],[16.50927,45.72626],[16.50696,45.72424],[16.50069,45.72629],[16.49707,45.73065],[16.49515,45.72962],[16.49808,45.72533],[16.48903,45.72332],[16.49472,45.73179],[16.50647,45.74017],[16.50126,45.74923],[16.51193,45.75213],[16.52247,45.76045],[16.49505,45.77402],[16.5129,45.78213],[16.5112,45.7981],[16.51375,45.79968],[16.52025,45.79357],[16.52506,45.79317],[16.55306,45.80594],[16.55722,45.80562],[16.56344,45.79832],[16.57553,45.79955],[16.57607,45.79365],[16.58818,45.78763],[16.60543,45.79119],[16.60894,45.79432],[16.6032,45.79642],[16.60377,45.80062],[16.60027,45.80217],[16.60482,45.80747],[16.60263,45.81779],[16.61959,45.82515],[16.61817,45.82875],[16.62188,45.82899],[16.62621,45.83872],[16.63281,45.84054],[16.63507,45.84518],[16.64094,45.84357],[16.64129,45.82924],[16.65006,45.82846],[16.65373,45.83181],[16.6707,45.83417],[16.6745,45.82653],[16.68394,45.82252],[16.68811,45.81589],[16.69192,45.81911],[16.68258,45.84166],[16.70034,45.8428],[16.69785,45.84442],[16.71086,45.86057],[16.69502,45.88065],[16.69704,45.90115],[16.69813,45.91982],[16.70294,45.92926],[16.69842,45.93555],[16.70237,45.95817],[16.69757,45.97193],[16.70153,45.97606],[16.71284,46.00788],[16.72302,46.01849],[16.71991,46.0236],[16.72358,46.03008],[16.72076,46.04009],[16.72896,46.04284],[16.73207,46.04794],[16.74677,46.04951],[16.75384,46.05775],[16.76799,46.05795],[16.77477,46.06227],[16.79676,46.04593],[16.807,46.05049],[16.81126,46.05666],[16.81565,46.05494],[16.82939,46.06213],[16.83271,46.06046],[16.83593,46.06635],[16.83302,46.06665],[16.83058,46.07378],[16.8328,46.07583],[16.83149,46.08582],[16.84532,46.08673],[16.84645,46.0839],[16.867,46.08382],[16.87113,46.07872],[16.87776,46.07873],[16.86991,46.06964],[16.87292,46.06593],[16.87015,46.06028],[16.88117,46.06129],[16.88651,46.05538],[16.88359,46.0458],[16.88938,46.04645],[16.89214,46.04473],[16.88926,46.04314],[16.90135,46.03584],[16.90882,46.03757],[16.91445,46.02898],[16.90538,46.03161],[16.90612,46.02514],[16.90247,46.02193],[16.90858,46.01877],[16.90575,46.01552],[16.91037,46.00779],[16.89609,45.99174],[16.89846,45.98872],[16.91147,45.98722],[16.91988,45.99119],[16.926,45.98549],[16.93235,45.98598],[16.93895,45.99238],[16.94971,45.99257],[16.95485,45.98715],[16.96397,45.98409],[16.97027,45.98584],[16.97407,45.97947],[16.98672,45.97459],[16.99338,45.96348],[16.98772,45.95836],[16.98574,45.93536],[16.99621,45.93477],[17.00922,45.94047],[17.01233,45.93378],[17.02562,45.933],[17.04089,45.9444],[17.05135,45.94401],[17.06153,45.92847],[17.05701,45.92237],[17.05814,45.91765],[17.06606,45.90801],[17.08262,45.90484],[17.09038,45.90467],[17.09293,45.89384],[17.10735,45.89069],[17.10735,45.88617],[17.14391,45.87744],[17.16353,45.87323],[17.16777,45.86354],[17.18168,45.86144],[17.19015,45.85133],[17.1968,45.83615],[17.21798,45.83278],[17.24763,45.81625],[17.25428,45.81255],[17.27619,45.81116],[17.27977,45.80771],[17.27726,45.78766],[17.29299,45.77332],[17.31477,45.77163],[17.32022,45.76614],[17.31659,45.75264],[17.3305,45.74968],[17.34804,45.76319],[17.3553,45.75981],[17.36256,45.75179],[17.36256,45.74208],[17.34744,45.72224],[17.37708,45.72097],[17.38741,45.70143],[17.40187,45.70637],[17.40705,45.71752],[17.41797,45.7162],[17.42087,45.72435],[17.44387,45.72997],[17.45782,45.7197],[17.44777,45.71323],[17.44769,45.70886],[17.48716,45.70421],[17.48915,45.70213],[17.48593,45.6987],[17.49434,45.69877],[17.48997,45.69725],[17.49379,45.69616],[17.49209,45.69135],[17.49601,45.69407],[17.49896,45.69149],[17.49603,45.69293],[17.48863,45.68854],[17.48658,45.68041],[17.47569,45.67449],[17.47872,45.65927],[17.44786,45.63178],[17.44968,45.61655],[17.45391,45.61063],[17.42063,45.59742],[17.41943,45.58904],[17.42427,45.58057],[17.44379,45.57468],[17.44782,45.56715],[17.44043,45.55586],[17.43707,45.53185],[17.42295,45.51678],[17.41152,45.51113],[17.3927,45.51065],[17.3685,45.51489],[17.36111,45.51866],[17.35842,45.52667],[17.31943,45.52573],[17.30733,45.52007],[17.2502,45.51301],[17.24079,45.51631],[17.23339,45.5116],[17.2018,45.52667],[17.1971,45.53514],[17.17491,45.53938],[17.15878,45.51819],[17.16416,45.51301],[17.15945,45.50971],[17.13794,45.51395],[17.13324,45.52055],[17.10568,45.52337],[17.0882,45.505],[17.07207,45.51065],[17.05392,45.52196],[17.07584,45.53545],[17.04735,45.51817]],[[17.03201,45.6113],[17.03507,45.6112],[17.03171,45.61365],[17.03201,45.6113]],[[17.01621,45.60066],[17.03007,45.60631],[17.03035,45.60722],[17.01621,45.60066]],[[16.99745,45.84376],[17.01758,45.83256],[16.99236,45.84886],[16.99745,45.84376]],[[17.08428,45.85324],[17.08451,45.86694],[17.08209,45.85131],[17.08428,45.85324]],[[17.03497,45.83575],[17.02172,45.82471],[17.03956,45.8378],[17.03497,45.83575]],[[17.00905,45.79552],[17.00961,45.79788],[17.0137,45.79366],[17.00074,45.81057],[17.00905,45.79552]],[[16.98864,45.69355],[16.9804,45.70108],[16.97675,45.70315],[16.98864,45.69355]],[[16.74593,45.74875],[16.72008,45.75297],[16.74205,45.74794],[16.74593,45.74875]],[[16.76225,45.75217],[16.75089,45.75124],[16.74928,45.74945],[16.76225,45.75215],[16.76225,45.75217]],[[16.93497,45.83778],[16.91706,45.84103],[16.94137,45.83463],[16.93497,45.83778]],[[16.90785,45.69155],[16.90974,45.69358],[16.90864,45.69411],[16.90785,45.69155]],[[16.75141,45.8617],[16.76145,45.86019],[16.75389,45.86276],[16.75141,45.8617]],[[16.89607,45.9641],[16.89174,45.96395],[16.88593,45.96152],[16.89607,45.9641]],[[16.86813,45.95315],[16.87003,45.95487],[16.83342,45.93957],[16.86813,45.95315]],[[17.3252,45.68849],[17.32348,45.68711],[17.33067,45.68993],[17.3252,45.68849]],[[17.38619,45.69567],[17.38898,45.69845],[17.36647,45.68777],[17.37501,45.69059],[17.38619,45.69567]],[[17.30879,45.57632],[17.3172,45.59017],[17.31761,45.59511],[17.30879,45.57632]],[[17.30518,45.59892],[17.30076,45.59897],[17.31761,45.59511],[17.30518,45.59892]],[[17.3769,45.59792],[17.38621,45.59662],[17.40035,45.59699],[17.3769,45.59792]],[[17.04303,45.59021],[17.04271,45.58966],[17.04441,45.58916],[17.04303,45.59021]],[[17.15466,45.61207],[17.12897,45.58689],[17.14985,45.60628],[17.15731,45.61169],[17.15466,45.61207]],[[17.15829,45.57824],[17.15951,45.57496],[17.16026,45.57755],[17.15829,45.57824]],[[17.17738,45.62625],[17.16592,45.61935],[17.16377,45.61638],[17.17738,45.62625]],[[17.07546,45.72378],[17.06355,45.72676],[17.05747,45.72541],[17.07546,45.72378]],[[17.05404,45.72572],[17.06293,45.73205],[17.05167,45.72594],[17.05404,45.72572]],[[17.04867,45.76561],[17.05569,45.76737],[17.04367,45.76749],[17.04867,45.76561]],[[17.03647,45.77019],[17.03804,45.7696],[17.03165,45.77516],[17.03647,45.77019]]]}},{"type":"Feature","properties":{"id":"HRV:ADM1:HRV-1608","name":"Koprivnica-Križevci","countryCode":"HRV"},"geometry":{"type":"Polygon","coordinates":[[[16.70294,45.92926],[16.69813,45.91982],[16.6889,45.92783],[16.6754,45.93114],[16.66428,45.93114],[16.65873,45.92506],[16.63649,45.92175],[16.61982,45.92285],[16.61109,45.92893],[16.59918,45.92727],[16.59759,45.92175],[16.57853,45.93224],[16.57774,45.93942],[16.569,45.94053],[16.54201,45.95764],[16.53385,45.95896],[16.52218,45.96091],[16.51428,45.95452],[16.5171,45.95942],[16.51439,45.96856],[16.50076,45.96879],[16.47473,45.9496],[16.46408,45.94705],[16.46184,45.95539],[16.4666,45.96863],[16.46263,45.97746],[16.45072,45.98298],[16.43674,45.98467],[16.43218,45.98925],[16.43164,45.99792],[16.42132,46.00619],[16.41258,46.00785],[16.40544,46.00123],[16.39697,46.00487],[16.37841,46.01498],[16.37709,46.01989],[16.35625,46.02157],[16.3578,46.01888],[16.35203,46.01735],[16.3417,46.02716],[16.34874,46.03226],[16.34661,46.03589],[16.34997,46.03916],[16.34959,46.04472],[16.34534,46.04748],[16.34576,46.0585],[16.35159,46.06389],[16.34629,46.07105],[16.34783,46.08492],[16.36212,46.08813],[16.36486,46.10014],[16.37092,46.10098],[16.37444,46.10774],[16.38065,46.10921],[16.37529,46.12724],[16.39378,46.12789],[16.39871,46.13027],[16.3973,46.13589],[16.41389,46.14347],[16.4276,46.15028],[16.4319,46.138],[16.44392,46.13115],[16.46297,46.13362],[16.49301,46.14676],[16.48892,46.15597],[16.48228,46.1577],[16.48228,46.16249],[16.49252,46.16422],[16.49806,46.16882],[16.52159,46.17093],[16.53765,46.16326],[16.54706,46.16326],[16.54789,46.17706],[16.54409,46.17874],[16.54663,46.17963],[16.54111,46.18179],[16.55175,46.18398],[16.55892,46.19058],[16.58804,46.20447],[16.60105,46.19987],[16.61905,46.19853],[16.64452,46.19872],[16.65531,46.20505],[16.67636,46.2016],[16.68411,46.20524],[16.68605,46.21271],[16.69574,46.21367],[16.70396,46.22672],[16.7165,46.22803],[16.72924,46.23914],[16.72896,46.24469],[16.7356,46.2491],[16.7469,46.24893],[16.7574,46.25732],[16.7599,46.26415],[16.75498,46.26613],[16.75194,46.27245],[16.75388,46.27723],[16.7619,46.28163],[16.75886,46.30038],[16.75225,46.30462],[16.76115,46.3134],[16.76772,46.31249],[16.76837,46.3084],[16.79925,46.3084],[16.80582,46.29161],[16.81305,46.2907],[16.83144,46.31067],[16.83407,46.32111],[16.84444,46.32189],[16.85801,46.3306],[16.84673,46.33541],[16.84721,46.3447],[16.8532,46.35346],[16.86584,46.35462],[16.86692,46.35129],[16.86179,46.3465],[16.87348,46.34317],[16.87218,46.33635],[16.87983,46.33638],[16.87306,46.32468],[16.87702,46.31937],[16.87724,46.30703],[16.88515,46.30117],[16.88638,46.28703],[16.88544,46.28192],[16.89255,46.2742],[16.89088,46.27854],[16.90261,46.27452],[16.91379,46.26188],[16.92615,46.25977],[16.93386,46.25416],[16.95482,46.23918],[16.97321,46.24271],[16.97365,46.23664],[16.97119,46.23428],[16.97309,46.22479],[16.98373,46.22204],[16.99,46.22483],[16.99593,46.22023],[17.006,46.2228],[17.05303,46.20273],[17.06629,46.2021],[17.06582,46.19733],[17.07525,46.18895],[17.083,46.18598],[17.08998,46.18961],[17.10221,46.18588],[17.11142,46.17652],[17.12274,46.17898],[17.1261,46.16845],[17.13371,46.16823],[17.13989,46.17295],[17.15929,46.16968],[17.15623,46.15858],[17.16142,46.15526],[17.16875,46.15673],[17.1811,46.15055],[17.17764,46.14461],[17.18652,46.13323],[17.17434,46.12876],[17.18218,46.11905],[17.17508,46.11212],[17.17593,46.10846],[17.18122,46.10627],[17.20082,46.11142],[17.20982,46.10742],[17.21297,46.11386],[17.21841,46.10908],[17.20948,46.09932],[17.23342,46.09793],[17.22335,46.09426],[17.21818,46.08669],[17.2191,46.0827],[17.20624,46.0832],[17.20101,46.07988],[17.20463,46.07607],[17.22132,46.0813],[17.2309,46.08049],[17.2387,46.07733],[17.24129,46.0653],[17.25251,46.06647],[17.24504,46.06134],[17.23248,46.06616],[17.22837,46.06348],[17.23248,46.0592],[17.27096,46.05671],[17.27123,46.05289],[17.25686,46.04596],[17.2598,46.03231],[17.25415,46.03001],[17.26903,46.03339],[17.29158,46.03195],[17.29632,46.02852],[17.29354,46.02327],[17.27228,46.02093],[17.27116,46.01719],[17.24551,46.00678],[17.25797,46.01103],[17.28632,46.00017],[17.29819,46.00363],[17.30624,46.0001],[17.28657,45.98119],[17.27918,45.98452],[17.25686,45.98022],[17.21317,45.98461],[17.20804,45.98945],[17.2123,45.98166],[17.20907,45.97729],[17.19015,45.98138],[17.18107,45.96834],[17.14538,45.93764],[17.14296,45.92922],[17.11513,45.91576],[17.11392,45.90944],[17.12663,45.9086],[17.13147,45.90355],[17.11695,45.90103],[17.11997,45.88418],[17.10735,45.88617],[17.10735,45.89069],[17.09293,45.89384],[17.09038,45.90467],[17.07228,45.90506],[17.06606,45.90801],[17.05814,45.91765],[17.05701,45.92237],[17.06153,45.92847],[17.05135,45.94401],[17.04089,45.9444],[17.02562,45.933],[17.01233,45.93378],[17.00922,45.94047],[16.99621,45.93477],[16.98574,45.93536],[16.98772,45.95836],[16.99338,45.96348],[16.98672,45.97459],[16.97407,45.97947],[16.97027,45.98584],[16.96397,45.98409],[16.95485,45.98715],[16.95539,45.9907],[16.95512,45.98946],[16.94971,45.99257],[16.93895,45.99238],[16.93235,45.98598],[16.926,45.98549],[16.91988,45.99119],[16.91147,45.98722],[16.89846,45.98872],[16.89609,45.99174],[16.89999,45.99817],[16.91037,46.00779],[16.90575,46.01552],[16.90858,46.01877],[16.90247,46.02193],[16.90612,46.02514],[16.90538,46.03161],[16.91445,46.02898],[16.90882,46.03757],[16.90135,46.03584],[16.88926,46.04314],[16.90363,46.04439],[16.89214,46.04473],[16.88359,46.0458],[16.88651,46.05538],[16.88117,46.06129],[16.87015,46.06028],[16.87292,46.06593],[16.86991,46.06964],[16.87776,46.07873],[16.87113,46.07872],[16.867,46.08382],[16.84645,46.0839],[16.84638,46.10273],[16.84532,46.08673],[16.83485,46.08768],[16.83149,46.08582],[16.8328,46.07583],[16.83058,46.07378],[16.83302,46.06665],[16.83593,46.06635],[16.83271,46.06046],[16.82939,46.06213],[16.81565,46.05494],[16.81126,46.05666],[16.807,46.05049],[16.79676,46.04593],[16.77788,46.06207],[16.76799,46.05795],[16.75384,46.05775],[16.74677,46.04951],[16.73207,46.04794],[16.72896,46.04284],[16.72076,46.04009],[16.72076,46.03498],[16.72358,46.03008],[16.71991,46.0236],[16.72302,46.01849],[16.71284,46.00788],[16.71099,46.00159],[16.69757,45.97193],[16.70237,45.95817],[16.69842,45.93555],[16.70294,45.92926]],[[16.88579,46.27303],[16.88858,46.27179],[16.89255,46.2742],[16.88579,46.27303]],[[16.88642,46.23584],[16.89611,46.23678],[16.88822,46.23089],[16.89833,46.23732],[16.88642,46.23584]],[[16.83011,46.19522],[16.85208,46.19564],[16.84818,46.1962],[16.83011,46.19522]],[[16.89691,46.15651],[16.89863,46.15683],[16.8871,46.1581],[16.89691,46.15651]],[[16.93083,46.16274],[16.92521,46.16349],[16.92451,46.16158],[16.93083,46.16274]],[[16.51038,46.12215],[16.51446,46.11843],[16.51469,46.11991],[16.51038,46.12215]],[[16.58547,46.16448],[16.5595,46.17461],[16.56977,46.1687],[16.58547,46.16448]],[[16.59213,46.14909],[16.58989,46.15386],[16.59862,46.12894],[16.59213,46.14909]],[[16.83028,46.0881],[16.82546,46.08523],[16.83434,46.08773],[16.83028,46.0881]],[[16.51642,46.10963],[16.51542,46.11023],[16.50915,46.10377],[16.51642,46.10963]],[[16.88247,46.12937],[16.8856,46.12728],[16.8866,46.12808],[16.88247,46.12937]],[[16.89291,46.15402],[16.88333,46.15252],[16.88976,46.15206],[16.89291,46.15402]],[[16.74308,46.17008],[16.74964,46.19724],[16.75308,46.2117],[16.74308,46.17008]],[[16.80505,46.23394],[16.80769,46.2366],[16.80122,46.23412],[16.80505,46.23394]],[[16.96143,46.06388],[16.94327,46.04969],[16.94531,46.05013],[16.96143,46.06388]],[[16.9701,46.09106],[16.96808,46.0863],[16.97799,46.09916],[16.9701,46.09106]],[[17.03928,46.087],[17.03839,46.08623],[17.04162,46.08458],[17.03928,46.087]],[[16.99527,46.00962],[17.00213,46.00588],[17.00271,46.00688],[16.99527,46.00962]],[[17.13367,45.99857],[17.12075,46.00002],[17.13223,45.99796],[17.12628,45.98655],[17.13367,45.99857]],[[17.11074,45.98285],[17.10903,45.98057],[17.12628,45.98655],[17.11074,45.98285]],[[17.13415,45.99934],[17.13692,46.00384],[17.13335,46.00023],[17.13415,45.99934]],[[17.16728,45.9991],[17.18738,45.99337],[17.17026,45.99888],[17.16728,45.9991]],[[17.20912,46.02863],[17.20935,46.0259],[17.21079,46.0261],[17.20912,46.02863]],[[17.21714,46.0165],[17.21178,46.02461],[17.21081,46.02282],[17.21297,46.01933],[17.21714,46.0165]],[[17.10553,45.97589],[17.10359,45.9733],[17.09991,45.9545],[17.10553,45.97589]],[[16.99617,46.13425],[17.03292,46.13872],[17.00046,46.13609],[16.99617,46.13425]],[[17.13953,46.1255],[17.1367,46.12146],[17.14123,46.12598],[17.13953,46.1255]],[[17.08722,46.10058],[17.07423,46.09951],[17.08606,46.0999],[17.08722,46.10058]],[[17.02598,46.17719],[17.02012,46.17374],[17.0204,46.17227],[17.02598,46.17719]],[[17.04252,46.15825],[17.03924,46.1702],[17.04044,46.15947],[17.04252,46.15825]]]}},{"type":"Feature","properties":{"id":"HRV:ADM1:HRV-1609","name":"Međimurje","countryCode":"HRV"},"geometry":{"type":"Polygon","coordinates":[[[16.53877,46.31396],[16.51541,46.30847],[16.49126,46.31396],[16.48794,46.31737],[16.48111,46.31569],[16.48059,46.31918],[16.46841,46.31779],[16.46556,46.32518],[16.45686,46.32462],[16.45626,46.31966],[16.44841,46.31762],[16.40786,46.3252],[16.3774,46.32607],[16.37747,46.32628],[16.35971,46.32094],[16.35395,46.32476],[16.34954,46.33939],[16.33581,46.34751],[16.3082,46.37547],[16.29965,46.37829],[16.30505,46.38631],[16.30412,46.39401],[16.30794,46.39641],[16.30042,46.40398],[16.2823,46.41492],[16.27244,46.41535],[16.27562,46.42214],[16.27168,46.43118],[16.26443,46.44309],[16.26569,46.45179],[16.25925,46.46089],[16.25825,46.47263],[16.25167,46.4815],[16.24082,46.48469],[16.24172,46.49855],[16.25576,46.49865],[16.25503,46.50092],[16.26699,46.50489],[16.26601,46.51536],[16.27276,46.51802],[16.27502,46.51417],[16.28373,46.51635],[16.29985,46.51176],[16.30699,46.51351],[16.31075,46.52036],[16.31456,46.52002],[16.31371,46.52458],[16.31795,46.52595],[16.32393,46.52915],[16.33304,46.53003],[16.33621,46.52718],[16.34145,46.52948],[16.34069,46.53461],[16.34529,46.53961],[16.33733,46.54266],[16.35315,46.54382],[16.35525,46.53848],[16.35908,46.5386],[16.35872,46.54268],[16.35159,46.54578],[16.35267,46.54901],[16.35747,46.54492],[16.3659,46.54665],[16.36556,46.55281],[16.36835,46.555],[16.38225,46.55058],[16.3697,46.54687],[16.37043,46.54365],[16.37919,46.54065],[16.38452,46.5421],[16.38695,46.5361],[16.39635,46.53605],[16.38685,46.51873],[16.40067,46.53957],[16.40378,46.535],[16.40164,46.53225],[16.4079,46.52654],[16.41241,46.53021],[16.40866,46.53388],[16.42306,46.52787],[16.42542,46.52781],[16.42492,46.53255],[16.42941,46.53253],[16.43158,46.52723],[16.43681,46.52864],[16.44079,46.52554],[16.4376,46.51944],[16.44063,46.51501],[16.45095,46.51793],[16.45954,46.51632],[16.46409,46.52141],[16.4617,46.51447],[16.46659,46.51266],[16.46553,46.5163],[16.4703,46.51762],[16.47022,46.51109],[16.47842,46.5127],[16.48076,46.50888],[16.48823,46.50826],[16.48535,46.50316],[16.48746,46.50075],[16.50882,46.49533],[16.50751,46.4921],[16.50755,46.49213],[16.51737,46.49157],[16.51563,46.48138],[16.52234,46.47928],[16.53427,46.48136],[16.53827,46.47583],[16.56126,46.47763],[16.56441,46.47346],[16.57508,46.47138],[16.60586,46.47643],[16.61622,46.46534],[16.62651,46.46767],[16.6303,46.46169],[16.63644,46.46474],[16.64558,46.46419],[16.66377,46.45946],[16.66571,46.45272],[16.65747,46.44614],[16.67329,46.44881],[16.68568,46.43121],[16.70443,46.40591],[16.71561,46.39814],[16.71759,46.39222],[16.7222,46.39209],[16.72608,46.40007],[16.73594,46.40081],[16.73995,46.39812],[16.73898,46.38971],[16.74162,46.38577],[16.73536,46.38206],[16.74043,46.38466],[16.75444,46.38896],[16.75777,46.38567],[16.75678,46.37925],[16.76082,46.37764],[16.77193,46.38694],[16.77448,46.3845],[16.77348,46.37942],[16.77779,46.37676],[16.78804,46.38595],[16.80079,46.38529],[16.80354,46.37742],[16.8109,46.37694],[16.81413,46.37115],[16.82222,46.37341],[16.82787,46.36741],[16.83308,46.37439],[16.8374,46.37409],[16.83607,46.36501],[16.85072,46.3613],[16.8507,46.35465],[16.8532,46.35346],[16.84728,46.34133],[16.84673,46.33541],[16.85801,46.3306],[16.84444,46.32189],[16.83407,46.32111],[16.83144,46.31067],[16.81305,46.2907],[16.80582,46.29161],[16.79925,46.3084],[16.77651,46.3084],[16.76837,46.3084],[16.76772,46.31249],[16.76115,46.3134],[16.74865,46.30017],[16.73792,46.30675],[16.74436,46.31547],[16.74285,46.31817],[16.72608,46.31398],[16.72365,46.32399],[16.71778,46.32333],[16.71339,46.31775],[16.71548,46.31641],[16.71746,46.30867],[16.69482,46.32321],[16.66533,46.31937],[16.6475,46.32232],[16.63769,46.31431],[16.63157,46.31581],[16.62877,46.3216],[16.62315,46.31991],[16.62395,46.31232],[16.62137,46.31024],[16.60918,46.30858],[16.6026,46.31265],[16.60351,46.3173],[16.58972,46.32146],[16.58157,46.32068],[16.56491,46.32849],[16.55381,46.32696],[16.53877,46.31396]],[[16.74522,46.37706],[16.75009,46.3703],[16.74043,46.38466],[16.74522,46.37706]],[[16.34819,46.48331],[16.36179,46.48719],[16.34565,46.48476],[16.34819,46.48331]],[[16.38182,46.5142],[16.38581,46.50955],[16.38288,46.51651],[16.37504,46.51214],[16.38182,46.5142]],[[16.49888,46.48779],[16.49061,46.47973],[16.50362,46.48925],[16.49888,46.48779]],[[16.49084,46.47642],[16.49152,46.47178],[16.49061,46.47973],[16.49084,46.47642]],[[16.49641,46.4365],[16.50074,46.42966],[16.49766,46.43523],[16.49864,46.44051],[16.49641,46.4365]],[[16.50211,46.38042],[16.53228,46.39221],[16.51239,46.38608],[16.50211,46.38042]],[[16.49457,46.34684],[16.49753,46.34267],[16.49812,46.34522],[16.49457,46.34684]],[[16.4987,46.34103],[16.50988,46.34306],[16.49823,46.34169],[16.4987,46.34103]],[[16.38754,46.40452],[16.3772,46.41498],[16.38664,46.40338],[16.38754,46.40452]],[[16.42125,46.44936],[16.40868,46.43723],[16.41655,46.44404],[16.42125,46.44936]],[[16.4303,46.4579],[16.43022,46.458],[16.42578,46.44954],[16.43519,46.46255],[16.4303,46.4579]],[[16.45018,46.34826],[16.43898,46.34691],[16.43864,46.34617],[16.45018,46.34826]],[[16.42657,46.3396],[16.42263,46.34373],[16.42808,46.33586],[16.42657,46.3396]],[[16.38784,46.4019],[16.39196,46.39684],[16.3902,46.40157],[16.38784,46.4019]],[[16.40135,46.39511],[16.40093,46.39323],[16.40573,46.39449],[16.39196,46.39684],[16.40135,46.39511]],[[16.40559,46.38867],[16.40066,46.39206],[16.39906,46.38495],[16.4013,46.38933],[16.40559,46.38867]],[[16.3617,46.4656],[16.37338,46.46464],[16.37041,46.46615],[16.3617,46.4656]],[[16.34369,46.46123],[16.34359,46.46044],[16.3475,46.46471],[16.34369,46.46123]],[[16.58092,46.37847],[16.58069,46.37208],[16.58077,46.37233],[16.58092,46.37847]],[[16.59442,46.36687],[16.591,46.36756],[16.59404,46.36614],[16.59442,46.36687]],[[16.65863,46.35778],[16.65703,46.3549],[16.66186,46.35782],[16.65863,46.35778]],[[16.66885,46.35792],[16.66334,46.35784],[16.67107,46.35522],[16.66885,46.35792]],[[16.81299,46.34292],[16.82519,46.34155],[16.81569,46.34373],[16.81299,46.34292]],[[16.82919,46.34063],[16.83317,46.33768],[16.83596,46.33907],[16.82919,46.34063]],[[16.75436,46.36278],[16.76097,46.35979],[16.77072,46.35409],[16.75808,46.36247],[16.75436,46.36278]],[[16.80076,46.34088],[16.80488,46.33715],[16.80362,46.34009],[16.80076,46.34088]],[[16.79742,46.32779],[16.80028,46.32906],[16.80488,46.33715],[16.79742,46.32779]],[[16.69637,46.34236],[16.69276,46.3437],[16.69489,46.34208],[16.69637,46.34236]],[[16.57725,46.42094],[16.58996,46.40315],[16.5879,46.40605],[16.57725,46.42094]],[[16.59435,46.40425],[16.59734,46.40341],[16.60811,46.40616],[16.59435,46.40425]],[[16.67383,46.41996],[16.68632,46.41611],[16.67862,46.41901],[16.67383,46.41996]],[[16.57459,46.43685],[16.56635,46.43882],[16.53947,46.44331],[16.57459,46.43685]]]}},{"type":"Feature","properties":{"id":"HRV:ADM1:HRV-1610","name":"Varaždin","countryCode":"HRV"},"geometry":{"type":"Polygon","coordinates":[[[16.34576,46.0585],[16.34534,46.04748],[16.34959,46.04472],[16.34997,46.03916],[16.34661,46.03589],[16.34874,46.03226],[16.3417,46.02716],[16.33017,46.02594],[16.32821,46.02322],[16.32186,46.02826],[16.31713,46.02634],[16.3171,46.02194],[16.30625,46.01946],[16.27815,46.02019],[16.27551,46.02136],[16.27693,46.04483],[16.26653,46.04355],[16.26071,46.04686],[16.26028,46.05882],[16.24928,46.07518],[16.25277,46.0805],[16.2488,46.08683],[16.2356,46.08701],[16.23958,46.10688],[16.24507,46.10791],[16.23834,46.1169],[16.24095,46.12078],[16.23862,46.12278],[16.24509,46.1311],[16.24294,46.13391],[16.24583,46.13748],[16.25606,46.14229],[16.24439,46.14525],[16.24391,46.14802],[16.25297,46.1508],[16.2531,46.15387],[16.24039,46.164],[16.23519,46.1734],[16.22941,46.17251],[16.2365,46.18058],[16.24845,46.18339],[16.25015,46.18654],[16.24764,46.19477],[16.24831,46.19034],[16.24374,46.18719],[16.2357,46.19037],[16.21396,46.18828],[16.19737,46.19239],[16.1964,46.19709],[16.20649,46.20039],[16.20348,46.20793],[16.19768,46.21216],[16.18865,46.21037],[16.18186,46.20384],[16.16477,46.20108],[16.16414,46.19083],[16.1538,46.1889],[16.14771,46.17926],[16.12485,46.18225],[16.11487,46.17957],[16.10842,46.18332],[16.10871,46.18966],[16.10243,46.1968],[16.09555,46.19447],[16.07678,46.19707],[16.04573,46.19457],[16.02829,46.18715],[16.01404,46.19009],[15.9934,46.18698],[15.98693,46.19077],[15.9802,46.20181],[15.94208,46.20181],[15.93734,46.20698],[15.9361,46.21767],[15.93012,46.22336],[15.92015,46.22802],[15.88377,46.23422],[15.87972,46.23761],[15.87178,46.27831],[15.89748,46.28382],[15.90116,46.28931],[15.90367,46.28699],[15.91287,46.28966],[15.91675,46.28538],[15.97288,46.29982],[15.96691,46.29979],[15.97704,46.31238],[15.98381,46.30887],[15.98887,46.31047],[15.99,46.31474],[16.00159,46.30733],[16.01414,46.30878],[16.02194,46.31435],[16.02269,46.31727],[16.01798,46.32111],[16.02965,46.32562],[16.02759,46.33153],[16.03645,46.33713],[16.05316,46.33513],[16.06152,46.34188],[16.06908,46.33984],[16.07752,46.34595],[16.07271,46.36455],[16.05037,46.3821],[16.05812,46.39357],[16.08839,46.38855],[16.13602,46.40437],[16.14601,46.40514],[16.17396,46.39057],[16.17737,46.385],[16.19005,46.38627],[16.18903,46.37781],[16.21539,46.38519],[16.21984,46.37868],[16.22541,46.38667],[16.23008,46.38776],[16.23462,46.38609],[16.23879,46.37875],[16.26835,46.37712],[16.29965,46.37829],[16.3082,46.37547],[16.32664,46.35713],[16.34954,46.33939],[16.35395,46.32476],[16.35971,46.32094],[16.3774,46.32607],[16.40786,46.3252],[16.44841,46.31762],[16.45626,46.31966],[16.45686,46.32462],[16.46658,46.32525],[16.46841,46.31779],[16.48059,46.31918],[16.48111,46.31569],[16.48794,46.31737],[16.49126,46.31396],[16.51037,46.31032],[16.51541,46.30847],[16.53877,46.31396],[16.55381,46.32696],[16.56491,46.32849],[16.58157,46.32068],[16.58972,46.32146],[16.60351,46.3173],[16.6026,46.31265],[16.60918,46.30858],[16.62137,46.31024],[16.62395,46.31232],[16.62315,46.31991],[16.62877,46.3216],[16.63157,46.31581],[16.63769,46.31431],[16.6475,46.32232],[16.66533,46.31937],[16.67945,46.32121],[16.69482,46.32321],[16.71746,46.30867],[16.71334,46.31768],[16.71778,46.32333],[16.72365,46.32399],[16.72608,46.30751],[16.72608,46.31398],[16.73543,46.31837],[16.74285,46.31817],[16.74436,46.31547],[16.73792,46.30675],[16.7453,46.30053],[16.74865,46.30017],[16.75225,46.30462],[16.75886,46.30038],[16.7619,46.28163],[16.75388,46.27723],[16.75194,46.27245],[16.75498,46.26613],[16.7599,46.26415],[16.7574,46.25732],[16.7469,46.24893],[16.7356,46.2491],[16.72896,46.24469],[16.72924,46.23914],[16.7165,46.22803],[16.70396,46.22672],[16.69574,46.21367],[16.68605,46.21271],[16.68411,46.20524],[16.67636,46.2016],[16.65531,46.20505],[16.64452,46.19872],[16.61905,46.19853],[16.60105,46.19987],[16.58804,46.20447],[16.55892,46.19058],[16.55175,46.18398],[16.54111,46.18179],[16.54461,46.17664],[16.54789,46.17706],[16.54706,46.16326],[16.53765,46.16326],[16.52159,46.17093],[16.49806,46.16882],[16.49252,46.16422],[16.48228,46.16249],[16.48228,46.1577],[16.48892,46.15597],[16.49301,46.14676],[16.46297,46.13362],[16.44392,46.13115],[16.4319,46.138],[16.4276,46.15028],[16.3973,46.13589],[16.39871,46.13027],[16.39378,46.12789],[16.37892,46.12755],[16.37486,46.12479],[16.38065,46.10921],[16.37444,46.10774],[16.37092,46.10098],[16.36486,46.10014],[16.36242,46.09359],[16.36212,46.08813],[16.35743,46.08514],[16.34783,46.08492],[16.34629,46.07105],[16.34982,46.06909],[16.35082,46.06061],[16.32811,46.05536],[16.34576,46.0585]],[[16.28524,46.13985],[16.27674,46.14217],[16.27015,46.14116],[16.28524,46.13985]],[[16.07115,46.33371],[16.10763,46.33011],[16.07133,46.33423],[16.07115,46.33371]],[[16.10688,46.3277],[16.11085,46.33766],[16.10763,46.33011],[16.10688,46.3277]],[[16.16707,46.36612],[16.17385,46.36532],[16.1652,46.36854],[16.16669,46.36536],[16.16707,46.36612]],[[16.29584,46.28444],[16.29721,46.28335],[16.29577,46.2884],[16.29584,46.28444]],[[16.27916,46.22896],[16.2864,46.22998],[16.2848,46.23031],[16.27916,46.22896]],[[16.26278,46.25017],[16.26155,46.25049],[16.27647,46.23183],[16.27916,46.22896],[16.26278,46.25017]],[[16.03279,46.28671],[16.0336,46.29249],[16.03059,46.28602],[16.03279,46.28671]],[[16.04079,46.26135],[16.03008,46.28494],[16.02977,46.28427],[16.04079,46.26135]],[[16.12609,46.25816],[16.11871,46.26271],[16.13288,46.25318],[16.12609,46.25816]],[[16.1207,46.26912],[16.11282,46.27724],[16.12609,46.25816],[16.1207,46.26912]],[[16.22402,46.25787],[16.23513,46.27001],[16.22111,46.26326],[16.22834,46.26467],[16.22402,46.25787]],[[16.25356,46.25256],[16.25466,46.25804],[16.25188,46.2508],[16.256,46.25193],[16.25356,46.25256]],[[16.04723,46.2996],[16.06731,46.29387],[16.07185,46.29479],[16.04723,46.2996]],[[16.07663,46.29385],[16.0924,46.28283],[16.08079,46.29304],[16.07663,46.29385]],[[16.23804,46.30711],[16.23224,46.30353],[16.23417,46.30286],[16.23804,46.30711]],[[16.35419,46.26255],[16.33643,46.2616],[16.34446,46.26092],[16.35419,46.26255]],[[16.4142,46.23087],[16.40398,46.23378],[16.40395,46.23373],[16.4142,46.23087]],[[16.4569,46.22707],[16.44213,46.22968],[16.45361,46.22643],[16.4569,46.22707]],[[16.3065,46.21051],[16.31987,46.212],[16.31507,46.21321],[16.3065,46.21051]],[[16.32281,46.21233],[16.32561,46.21264],[16.33642,46.22419],[16.32281,46.21233]],[[16.3451,46.21251],[16.34103,46.21821],[16.33642,46.22419],[16.3451,46.21251]],[[16.35113,46.21096],[16.36364,46.21046],[16.3451,46.21251],[16.35113,46.21096]],[[16.37705,46.21723],[16.37866,46.21804],[16.38101,46.22131],[16.37705,46.21723]],[[16.40204,46.23092],[16.39967,46.22742],[16.40072,46.224],[16.40204,46.23092]],[[16.67903,46.2676],[16.68044,46.27483],[16.6793,46.26993],[16.67381,46.26559],[16.67903,46.2676]],[[16.41897,46.2717],[16.42437,46.27581],[16.42177,46.27558],[16.41897,46.2717]],[[16.44396,46.28128],[16.43855,46.27707],[16.44776,46.28098],[16.43367,46.28448],[16.44396,46.28128]],[[16.46174,46.27751],[16.47259,46.27299],[16.48997,46.27049],[16.46174,46.27751]],[[16.50374,46.27322],[16.50565,46.27405],[16.50565,46.27405],[16.50374,46.27322]]]}}]}}
