{"type":"FeatureCollection","features":[{"type":"Feature","properties":{"id":"TUN:ADM2:11933810B10014638911734","name":"حاسي الفريد","countryCode":"TUN","adminLevel":2,"sourceCode":"11933810B10014638911734","parentId":"TUN:ADM1:TUN-110"},"geometry":{"type":"Polygon","coordinates":[[[8.92088,34.81023],[8.94128,34.82365],[8.97169,34.82567],[8.98095,34.83309],[9.03883,34.85729],[9.05832,34.86934],[9.0649,34.87908],[9.06433,34.88481],[9.05943,34.88631],[9.05844,34.89032],[9.03805,34.88655],[9.02726,34.8889],[9.0312,34.89917],[9.02591,34.91409],[9.03807,34.92284],[9.03505,34.92902],[9.03536,34.94034],[9.04989,34.93699],[9.06098,34.95597],[9.09185,34.96619],[9.10626,34.9676],[9.12208,34.99539],[9.15045,34.99444],[9.16728,35.00557],[9.17032,35.0107],[9.16189,35.01861],[9.15185,35.03861],[9.14813,35.06149],[9.14217,35.06788],[9.13334,35.07123],[9.13204,35.08293],[9.12711,35.09126],[9.11475,35.09076],[9.11463,35.09815],[9.10347,35.10364],[9.10161,35.10933],[9.09238,35.11124],[9.08859,35.11897],[9.09285,35.12811],[9.08506,35.12718],[9.08322,35.13069],[9.08046,35.12821],[9.07582,35.13127],[9.07197,35.1286],[9.06173,35.13974],[9.05749,35.13776],[9.05282,35.14215],[9.04995,35.13821],[9.04675,35.14336],[9.04143,35.14083],[9.04097,35.14665],[9.03593,35.14258],[9.0311,35.14813],[9.02383,35.14705],[9.0205,35.15158],[9.01435,35.15335],[9.00952,35.1506],[9.00495,35.15702],[8.99723,35.15108],[8.98781,35.15542],[8.98625,35.15243],[8.99226,35.12896],[8.96073,35.1028],[8.9082,35.07544],[8.89151,35.05392],[8.80944,35.02981],[8.79433,35.03638],[8.7605,35.0233],[8.75838,35.01999],[8.76911,34.99872],[8.76635,34.9859],[8.76044,34.98075],[8.74718,34.97824],[8.73453,34.97021],[8.73683,34.96428],[8.75621,34.95449],[8.7463,34.94951],[8.74057,34.94027],[8.7157,34.92602],[8.71381,34.91479],[8.70021,34.89826],[8.71246,34.87067],[8.73061,34.84154],[8.74153,34.81351],[8.77808,34.82293],[8.79171,34.82317],[8.80681,34.79459],[8.83064,34.76873],[8.84275,34.77215],[8.89354,34.8004],[8.92088,34.81023]]]}},{"type":"Feature","properties":{"id":"TUN:ADM2:11933810B10041539297974","name":"نصر الله","countryCode":"TUN","adminLevel":2,"sourceCode":"11933810B10041539297974","parentId":"TUN:ADM1:TUN-118"},"geometry":{"type":"Polygon","coordinates":[[[9.81983,35.49017],[9.79806,35.47858],[9.7907,35.48314],[9.77519,35.46574],[9.73899,35.46167],[9.72914,35.44749],[9.73067,35.44157],[9.71118,35.43641],[9.71006,35.4294],[9.69823,35.41811],[9.69995,35.40838],[9.68517,35.38045],[9.68127,35.36584],[9.6879,35.35836],[9.70213,35.35588],[9.70455,35.35278],[9.70112,35.34584],[9.69656,35.34495],[9.69573,35.33943],[9.70115,35.33715],[9.70256,35.33291],[9.69402,35.29916],[9.70415,35.27514],[9.69863,35.26355],[9.70072,35.25731],[9.69608,35.23818],[9.69161,35.23074],[9.69116,35.21159],[9.69882,35.20065],[9.74779,35.18044],[9.79406,35.18156],[9.82171,35.17146],[9.8732,35.16611],[9.88389,35.17],[9.88649,35.17439],[9.88271,35.17989],[9.8884,35.18489],[9.89803,35.18409],[9.91437,35.19298],[9.94264,35.19894],[9.95054,35.20771],[9.95933,35.20545],[9.96492,35.21586],[9.96098,35.23721],[9.96193,35.25275],[9.95613,35.26062],[9.95992,35.27268],[9.94732,35.27622],[9.94834,35.28005],[9.92872,35.28408],[9.92369,35.29009],[9.93371,35.30039],[9.93985,35.31493],[9.93048,35.31788],[9.92298,35.3302],[9.92658,35.33914],[9.9121,35.36073],[9.91125,35.39324],[9.90103,35.38844],[9.89818,35.40088],[9.91394,35.41005],[9.88711,35.41591],[9.90701,35.45017],[9.90067,35.45302],[9.90697,35.45645],[9.88935,35.46149],[9.89136,35.46591],[9.88361,35.46772],[9.87911,35.47411],[9.89905,35.4798],[9.90934,35.48989],[9.88523,35.50865],[9.824,35.49377],[9.81983,35.49017]]]}},{"type":"Feature","properties":{"id":"TUN:ADM2:11933810B10126944429848","name":"قابس المدينة","countryCode":"TUN","adminLevel":2,"sourceCode":"11933810B10126944429848","parentId":"TUN:ADM1:TUN-111"},"geometry":{"type":"Polygon","coordinates":[[[10.12275,33.88356],[10.09927,33.87347],[10.0863,33.87177],[10.08482,33.88361],[10.07737,33.89357],[10.0838,33.90505],[10.0807,33.90711],[10.0726,33.93039],[10.08073,33.93493],[10.11259,33.89677],[10.11289,33.89623],[10.11301,33.89626],[10.11402,33.89505],[10.11177,33.89366],[10.11474,33.89419],[10.12218,33.88528],[10.12275,33.88356]]]}},{"type":"Feature","properties":{"id":"TUN:ADM2:11933810B10318624738248","name":"الحامة","countryCode":"TUN","adminLevel":2,"sourceCode":"11933810B10318624738248","parentId":"TUN:ADM1:TUN-111"},"geometry":{"type":"Polygon","coordinates":[[[9.91093,33.91195],[9.9137,33.91616],[9.91267,33.93997],[9.90352,33.95513],[9.90764,33.99659],[9.89147,33.9943],[9.87494,33.99797],[9.86454,34.00984],[9.85693,34.01266],[9.84328,34.01125],[9.81762,34.01606],[9.79097,34.01682],[9.79387,34.02578],[9.78406,34.03733],[9.77416,34.03408],[9.75994,34.03726],[9.75411,34.03525],[9.73524,34.04042],[9.72974,34.03975],[9.72335,34.03352],[9.71384,34.03851],[9.67378,34.0729],[9.65146,34.09642],[9.63544,34.12188],[9.62419,34.12619],[9.57418,34.12852],[9.52083,34.12244],[9.47389,34.10392],[9.47113,34.09792],[9.4624,34.09884],[9.44305,34.09134],[9.39796,34.08089],[9.38247,34.08199],[9.36366,34.09103],[9.35174,34.10359],[9.35337,34.10818],[9.35078,34.11313],[9.33963,34.11194],[9.32754,34.10655],[9.32573,34.09766],[9.31831,34.09127],[9.3015,34.09196],[9.28658,34.08353],[9.28482,34.0789],[9.27204,34.07324],[9.27602,34.06582],[9.26248,34.05902],[9.26256,34.0532],[9.25282,34.03844],[9.24809,33.92923],[9.27221,33.87042],[9.31149,33.8044],[9.33385,33.77285],[9.33959,33.73611],[9.35091,33.71065],[9.37059,33.70242],[9.42439,33.69365],[9.44312,33.68396],[9.4517,33.66844],[9.46011,33.62913],[9.46368,33.62435],[9.51975,33.62999],[9.53109,33.63659],[9.53902,33.6353],[9.53418,33.616],[9.53645,33.60524],[9.54085,33.60191],[9.60775,33.63903],[9.71844,33.68406],[9.74193,33.68057],[9.76026,33.65646],[9.80099,33.66231],[9.85409,33.68885],[9.93513,33.73938],[9.93518,33.74692],[9.96613,33.76573],[9.94876,33.77376],[9.93408,33.79227],[9.93885,33.81544],[9.92484,33.82731],[9.90857,33.85413],[9.90728,33.8663],[9.91156,33.87772],[9.91093,33.91195]]]}},{"type":"Feature","properties":{"id":"TUN:ADM2:11933810B10530629108425","name":"بوحجلة","countryCode":"TUN","adminLevel":2,"sourceCode":"11933810B10530629108425","parentId":"TUN:ADM1:TUN-118"},"geometry":{"type":"Polygon","coordinates":[[[9.90701,35.45017],[9.88711,35.41591],[9.91394,35.41005],[9.89818,35.40088],[9.90103,35.38844],[9.91125,35.39324],[9.9121,35.36073],[9.92658,35.33914],[9.92298,35.3302],[9.93048,35.31788],[9.93985,35.31493],[9.93371,35.30039],[9.92369,35.29009],[9.92872,35.28408],[9.94834,35.28005],[9.94732,35.27622],[9.95992,35.27268],[9.96496,35.28189],[9.99305,35.28243],[10.0032,35.27588],[10.01456,35.25199],[10.03046,35.25203],[10.03011,35.25893],[10.0422,35.25241],[10.03933,35.24856],[10.0421,35.24554],[10.0391,35.23791],[10.03681,35.23484],[10.03156,35.23705],[10.0346,35.21194],[10.05903,35.19755],[10.07173,35.21383],[10.07081,35.23382],[10.08177,35.23655],[10.08763,35.24143],[10.09621,35.24245],[10.09711,35.23757],[10.11386,35.22897],[10.12417,35.21857],[10.14214,35.21191],[10.1487,35.20335],[10.1705,35.21927],[10.18059,35.21557],[10.20367,35.22057],[10.17437,35.26661],[10.17936,35.27062],[10.20513,35.32054],[10.19245,35.33141],[10.1921,35.33527],[10.17468,35.33984],[10.16722,35.34525],[10.16056,35.357],[10.17637,35.38761],[10.17651,35.40381],[10.18202,35.42146],[10.19359,35.43292],[10.21394,35.43614],[10.22082,35.44295],[10.221,35.45286],[10.22495,35.45661],[10.21976,35.47158],[10.21108,35.46696],[10.19778,35.46912],[10.18203,35.47653],[10.19314,35.49415],[10.18546,35.49972],[10.18034,35.49663],[10.17086,35.50969],[10.16273,35.56696],[10.13339,35.54432],[10.14109,35.51353],[10.09616,35.50185],[10.0952,35.50772],[10.08054,35.5027],[10.06806,35.50387],[10.06747,35.49471],[10.04947,35.49092],[10.02303,35.49106],[10.01979,35.48683],[10.01524,35.49393],[9.99884,35.47835],[9.99252,35.47936],[9.98037,35.4728],[9.96404,35.44403],[9.94495,35.45588],[9.93443,35.44831],[9.91433,35.44693],[9.90701,35.45017]]]}},{"type":"Feature","properties":{"id":"TUN:ADM2:11933810B10637834163678","name":"بنزرت الجنوبية","countryCode":"TUN","adminLevel":2,"sourceCode":"11933810B10637834163678","parentId":"TUN:ADM1:TUN-105"},"geometry":{"type":"Polygon","coordinates":[[[9.78191,37.18614],[9.77289,37.18427],[9.77547,37.17899],[9.7663,37.17514],[9.76645,37.1722],[9.75242,37.16901],[9.73903,37.17563],[9.7224,37.1754],[9.70993,37.18267],[9.68001,37.18441],[9.6664,37.19125],[9.66124,37.20066],[9.65451,37.20215],[9.637,37.19675],[9.63464,37.18451],[9.62747,37.18755],[9.61456,37.18475],[9.61859,37.17453],[9.61447,37.16731],[9.61082,37.16793],[9.61174,37.17419],[9.6073,37.18321],[9.59923,37.18242],[9.58786,37.18854],[9.58434,37.18738],[9.57846,37.19374],[9.5649,37.19658],[9.55276,37.20335],[9.53666,37.19801],[9.52624,37.20502],[9.50727,37.1947],[9.50203,37.20625],[9.48259,37.21921],[9.47631,37.22973],[9.47915,37.23386],[9.47545,37.25371],[9.47821,37.26406],[9.47418,37.26826],[9.51366,37.28399],[9.5178,37.28693],[9.53858,37.298],[9.53952,37.29876],[9.54301,37.29773],[9.56075,37.30587],[9.56078,37.30585],[9.57354,37.29451],[9.59221,37.29724],[9.62449,37.31249],[9.65842,37.33378],[9.66627,37.33543],[9.68328,37.33572],[9.68521,37.33569],[9.6853,37.33575],[9.69884,37.33598],[9.70352,37.33423],[9.7233,37.33796],[9.73735,37.34408],[9.74464,37.3452],[9.75514,37.33991],[9.76319,37.33364],[9.77021,37.3315],[9.75793,37.32113],[9.76039,37.31223],[9.76814,37.30276],[9.79945,37.29828],[9.80257,37.29578],[9.80177,37.29189],[9.81968,37.29273],[9.82754,37.28697],[9.83672,37.28562],[9.835,37.27956],[9.85524,37.2784],[9.85674,37.268],[9.83074,37.25121],[9.79821,37.23992],[9.79772,37.24003],[9.79694,37.23948],[9.79274,37.23802],[9.79114,37.23614],[9.7772,37.23938],[9.78165,37.23684],[9.77901,37.23386],[9.78006,37.22306],[9.77762,37.22017],[9.77057,37.22351],[9.76761,37.21737],[9.77299,37.2147],[9.77182,37.21332],[9.77489,37.20623],[9.77487,37.20422],[9.7759,37.20436],[9.77654,37.20324],[9.77614,37.20292],[9.77663,37.20307],[9.78362,37.19083],[9.78191,37.18614]]]}},{"type":"Feature","properties":{"id":"TUN:ADM2:11933810B10641809578431","name":"صيادة - لمطة - بوحجر","countryCode":"TUN","adminLevel":2,"sourceCode":"11933810B10641809578431","parentId":"TUN:ADM1:TUN-117"},"geometry":{"type":"Polygon","coordinates":[[[10.92494,35.65077],[10.934,35.65974],[10.91415,35.66897],[10.89961,35.67131],[10.89422,35.67518],[10.89268,35.67312],[10.89445,35.67643],[10.88707,35.67433],[10.86838,35.68382],[10.86255,35.67722],[10.86598,35.67307],[10.84976,35.67647],[10.84928,35.67365],[10.85449,35.67258],[10.85144,35.6693],[10.85689,35.655],[10.86011,35.65939],[10.86264,35.65595],[10.8813,35.66483],[10.90301,35.65406],[10.92494,35.65077]]]}},{"type":"Feature","properties":{"id":"TUN:ADM2:11933810B10905453653895","name":"غزالة","countryCode":"TUN","adminLevel":2,"sourceCode":"11933810B10905453653895","parentId":"TUN:ADM1:TUN-105"},"geometry":{"type":"Polygon","coordinates":[[[9.62885,37.11136],[9.62385,37.11815],[9.61516,37.1199],[9.62106,37.1247],[9.62044,37.12946],[9.6113,37.13346],[9.60516,37.14348],[9.59417,37.14564],[9.58778,37.15587],[9.594,37.16797],[9.61174,37.17419],[9.6073,37.18321],[9.59923,37.18242],[9.58786,37.18854],[9.58434,37.18738],[9.57846,37.19374],[9.5649,37.19658],[9.55276,37.20335],[9.53666,37.19801],[9.52624,37.20502],[9.52199,37.20095],[9.51396,37.19986],[9.50984,37.1946],[9.50212,37.19444],[9.50265,37.19104],[9.48881,37.18261],[9.48272,37.18304],[9.48025,37.1782],[9.46062,37.17437],[9.46255,37.17056],[9.45729,37.17176],[9.45555,37.16902],[9.45864,37.16731],[9.44223,37.16328],[9.43849,37.15625],[9.42706,37.15242],[9.42742,37.14775],[9.42144,37.14402],[9.41547,37.1437],[9.40594,37.13668],[9.40425,37.13938],[9.39217,37.13752],[9.38925,37.12847],[9.39466,37.09598],[9.37371,37.08274],[9.37496,37.07858],[9.36483,37.07579],[9.36867,37.07052],[9.35142,37.06675],[9.34863,37.06169],[9.35994,37.05973],[9.35758,37.05801],[9.36191,37.05398],[9.35552,37.04775],[9.3602,37.03331],[9.34946,37.02135],[9.34833,37.01602],[9.3541,37.01173],[9.35858,37.00243],[9.3747,36.99372],[9.41614,37.00063],[9.43023,37.00742],[9.44317,37.00503],[9.44639,36.99876],[9.43701,36.99035],[9.43995,36.98644],[9.43055,36.97842],[9.42903,36.97113],[9.43856,36.96499],[9.4551,36.9629],[9.46027,36.9576],[9.45922,36.95419],[9.4657,36.95224],[9.48486,36.95874],[9.48677,36.96186],[9.5034,36.96393],[9.51769,36.96145],[9.51995,36.97144],[9.516,36.97607],[9.5063,36.97597],[9.5051,36.98348],[9.51269,37.00168],[9.5299,37.00901],[9.53145,37.01576],[9.56239,37.0319],[9.56874,37.04057],[9.60029,37.05584],[9.60539,37.06577],[9.59505,37.07738],[9.6199,37.0985],[9.61771,37.10278],[9.62885,37.11136]]]}},{"type":"Feature","properties":{"id":"TUN:ADM2:11933810B11827339972029","name":"سليمان","countryCode":"TUN","adminLevel":2,"sourceCode":"11933810B11827339972029","parentId":"TUN:ADM1:TUN-107"},"geometry":{"type":"Polygon","coordinates":[[[10.40386,36.70133],[10.43438,36.69506],[10.43789,36.68824],[10.45699,36.69026],[10.46352,36.68817],[10.49231,36.66843],[10.50444,36.65748],[10.51604,36.6391],[10.51685,36.6433],[10.52362,36.63481],[10.55086,36.6485],[10.54295,36.6526],[10.55432,36.66156],[10.54111,36.6691],[10.55411,36.67644],[10.55999,36.67559],[10.56378,36.68216],[10.55673,36.69046],[10.56003,36.69212],[10.54903,36.70859],[10.5623,36.71999],[10.56147,36.72985],[10.57446,36.72391],[10.57961,36.72648],[10.58745,36.72525],[10.59305,36.72955],[10.6101,36.72748],[10.61175,36.72998],[10.6137,36.74486],[10.59746,36.74507],[10.59198,36.75493],[10.60579,36.77085],[10.59971,36.78555],[10.58955,36.79608],[10.58848,36.80637],[10.59337,36.81819],[10.59146,36.82657],[10.59527,36.8359],[10.58291,36.83884],[10.58694,36.86395],[10.58227,36.85016],[10.56934,36.84314],[10.57183,36.83977],[10.56924,36.82792],[10.56566,36.82496],[10.56828,36.82073],[10.56238,36.79744],[10.55466,36.79341],[10.55086,36.77179],[10.54035,36.76654],[10.53694,36.7575],[10.48234,36.74047],[10.46117,36.72741],[10.44319,36.7251],[10.44064,36.72143],[10.41761,36.71661],[10.41803,36.71258],[10.40386,36.70133]]]}},{"type":"Feature","properties":{"id":"TUN:ADM2:11933810B11969920480260","name":"القطار","countryCode":"TUN","adminLevel":2,"sourceCode":"11933810B11969920480260","parentId":"TUN:ADM1:TUN-112"},"geometry":{"type":"Polygon","coordinates":[[[8.84586,34.34123],[8.8467,34.3208],[8.84087,34.30329],[8.83166,34.28839],[8.77738,34.27253],[8.78154,34.26551],[8.79645,34.25671],[8.80264,34.24008],[8.79002,34.19352],[8.77102,34.15595],[8.79253,34.16645],[8.80114,34.1667],[8.8028,34.17052],[8.80653,34.16838],[8.80566,34.17339],[8.8111,34.17817],[8.80937,34.18115],[8.81225,34.1796],[8.81876,34.18313],[8.81373,34.18461],[8.81586,34.1869],[8.82427,34.18594],[8.82274,34.19006],[8.82998,34.1887],[8.82384,34.19252],[8.84119,34.19761],[8.85001,34.20406],[8.86408,34.20617],[8.86857,34.19968],[8.8676,34.19442],[8.8757,34.1858],[8.87631,34.1728],[8.88518,34.16768],[8.87106,34.15444],[8.87514,34.1398],[8.8744,34.13051],[8.86551,34.12109],[8.89352,34.12242],[8.90543,34.11982],[8.91236,34.12207],[8.95706,34.11579],[9.01684,34.12214],[9.04408,34.12878],[9.07688,34.14251],[9.08817,34.15093],[9.12816,34.16525],[9.14799,34.16792],[9.15666,34.16408],[9.16069,34.16536],[9.14706,34.23746],[9.17084,34.22305],[9.15703,34.25179],[9.15173,34.28712],[9.16919,34.31757],[9.20234,34.33407],[9.27225,34.32163],[9.28023,34.3247],[9.29559,34.33638],[9.30898,34.34152],[9.30815,34.34648],[9.30251,34.34883],[9.30406,34.35476],[9.30131,34.36243],[9.30989,34.37232],[9.30676,34.37495],[9.29499,34.37238],[9.27647,34.38071],[9.25767,34.42584],[9.25351,34.42918],[9.24369,34.42875],[9.22014,34.40772],[9.20561,34.40012],[9.20029,34.40272],[9.18723,34.39626],[9.13756,34.39393],[9.09235,34.37956],[9.06734,34.37845],[9.04085,34.38233],[9.00042,34.39977],[8.98065,34.39831],[8.90597,34.36957],[8.88991,34.35358],[8.87452,34.34349],[8.84586,34.34123]]]}},{"type":"Feature","properties":{"id":"TUN:ADM2:11933810B12415666618118","name":"باجة الشمالية","countryCode":"TUN","adminLevel":2,"sourceCode":"11933810B12415666618118","parentId":"TUN:ADM1:TUN-103"},"geometry":{"type":"Polygon","coordinates":[[[9.34645,36.6984],[9.34783,36.7026],[9.34172,36.70778],[9.35137,36.71088],[9.3674,36.72494],[9.3759,36.74678],[9.36691,36.75248],[9.35251,36.75564],[9.34493,36.76688],[9.35727,36.7845],[9.35628,36.79219],[9.36092,36.79522],[9.35989,36.80745],[9.36605,36.81173],[9.37946,36.83372],[9.38995,36.83808],[9.38362,36.8429],[9.38452,36.84945],[9.36014,36.86079],[9.33995,36.87781],[9.33236,36.87805],[9.32774,36.88563],[9.31919,36.88158],[9.31917,36.87315],[9.31271,36.87145],[9.29724,36.88112],[9.29389,36.89227],[9.26782,36.8951],[9.2639,36.9001],[9.24786,36.90588],[9.24548,36.91159],[9.23274,36.91173],[9.22058,36.92198],[9.21558,36.91612],[9.18084,36.91821],[9.16985,36.90379],[9.14282,36.89081],[9.14867,36.88194],[9.16255,36.88177],[9.17065,36.8699],[9.18038,36.86692],[9.15229,36.85367],[9.13459,36.83863],[9.12679,36.8275],[9.12585,36.80725],[9.12854,36.80077],[9.12644,36.79803],[9.13111,36.79364],[9.13255,36.78221],[9.13994,36.7799],[9.13557,36.76998],[9.08784,36.73388],[9.08177,36.7344],[9.07949,36.72775],[9.07009,36.72483],[9.06358,36.71331],[9.06862,36.71263],[9.0701,36.70564],[9.06763,36.70209],[9.08237,36.68653],[9.13856,36.70915],[9.16376,36.72604],[9.17154,36.72639],[9.17289,36.72338],[9.17019,36.72068],[9.17609,36.71517],[9.18829,36.72686],[9.2065,36.72989],[9.22071,36.73654],[9.26072,36.73141],[9.27051,36.72061],[9.29971,36.70426],[9.32231,36.70096],[9.33643,36.70673],[9.34645,36.6984]]]}},{"type":"Feature","properties":{"id":"TUN:ADM2:11933810B13305423353951","name":"طبرقة‎","countryCode":"TUN","adminLevel":2,"sourceCode":"11933810B13305423353951","parentId":"TUN:ADM1:TUN-106"},"geometry":{"type":"Polygon","coordinates":[[[8.91855,36.80805],[8.92204,36.81632],[8.93288,36.82133],[8.93241,36.82661],[8.95001,36.84332],[8.97224,36.84271],[8.98758,36.85],[8.98823,36.8562],[8.99422,36.85891],[8.98892,36.87532],[8.99945,36.87575],[9.00097,36.88584],[8.98098,36.89526],[8.97029,36.9068],[8.92776,36.92363],[8.92635,36.93226],[8.93295,36.94449],[8.94368,36.9504],[8.94131,36.95392],[8.93625,36.95391],[8.93841,36.95763],[8.93384,36.95732],[8.92311,36.97986],[8.92625,36.98427],[8.91968,36.99211],[8.91308,36.99256],[8.88456,37.00862],[8.83914,36.97697],[8.78111,36.95294],[8.76471,36.95329],[8.76078,36.95716],[8.7626,36.96053],[8.75973,36.9562],[8.76153,36.96187],[8.7647,36.96006],[8.76022,36.96704],[8.75649,36.96555],[8.7552,36.96153],[8.75841,36.96037],[8.75582,36.95786],[8.74107,36.9697],[8.73607,36.96546],[8.72895,36.96645],[8.71408,36.9622],[8.71162,36.96742],[8.7004,36.9605],[8.69266,36.96273],[8.68038,36.95956],[8.67848,36.95634],[8.64208,36.94093],[8.64285,36.92961],[8.65399,36.91569],[8.66427,36.91626],[8.66895,36.9047],[8.68124,36.90069],[8.6911,36.90878],[8.69168,36.90216],[8.69979,36.89869],[8.69168,36.8769],[8.68129,36.86977],[8.71137,36.85171],[8.71522,36.85359],[8.71488,36.85987],[8.71956,36.86228],[8.73009,36.85171],[8.75516,36.84058],[8.78314,36.846],[8.79782,36.84044],[8.84751,36.86777],[8.86789,36.86023],[8.8742,36.84893],[8.87136,36.8393],[8.87488,36.83428],[8.86951,36.82557],[8.87582,36.81487],[8.89242,36.8072],[8.91855,36.80805]]]}},{"type":"Feature","properties":{"id":"TUN:ADM2:11933810B13645243771423","name":"ساقية الدائر","countryCode":"TUN","adminLevel":2,"sourceCode":"11933810B13645243771423","parentId":"TUN:ADM1:TUN-114"},"geometry":{"type":"Polygon","coordinates":[[[10.78822,34.75075],[10.77758,34.76599],[10.77434,34.76863],[10.7739,34.76444],[10.76619,34.77215],[10.77213,34.77572],[10.76946,34.78081],[10.77167,34.78585],[10.76841,34.78844],[10.77737,34.79944],[10.77469,34.8079],[10.7795,34.8125],[10.77615,34.81672],[10.78038,34.82025],[10.7814,34.82345],[10.77815,34.82645],[10.78212,34.83048],[10.78178,34.83473],[10.78002,34.83337],[10.77279,34.83948],[10.76672,34.84855],[10.77208,34.8727],[10.76763,34.91076],[10.77496,34.91803],[10.78576,34.90866],[10.78813,34.91191],[10.80857,34.90183],[10.82588,34.88101],[10.83304,34.88603],[10.84344,34.87821],[10.84566,34.88531],[10.8656,34.86874],[10.86037,34.85881],[10.87204,34.84599],[10.86671,34.84125],[10.86036,34.83682],[10.85629,34.83088],[10.86736,34.81103],[10.87092,34.79906],[10.84664,34.79434],[10.82541,34.78427],[10.81578,34.77166],[10.81126,34.76888],[10.81082,34.76848],[10.80504,34.76697],[10.80574,34.76384],[10.79701,34.75588],[10.78822,34.75075]]]}},{"type":"Feature","properties":{"id":"TUN:ADM2:11933810B13786823130754","name":"سيدي البشير","countryCode":"TUN","adminLevel":2,"sourceCode":"11933810B13786823130754","parentId":"TUN:ADM1:TUN-108"},"geometry":{"type":"Polygon","coordinates":[[[10.16304,36.79348],[10.17067,36.78511],[10.16823,36.77966],[10.17571,36.77511],[10.18332,36.77674],[10.18052,36.78349],[10.18714,36.78136],[10.19081,36.78481],[10.18075,36.78921],[10.17988,36.79505],[10.16853,36.79167],[10.16304,36.79348]]]}},{"type":"Feature","properties":{"id":"TUN:ADM2:11933810B14386581864910","name":"حي الخضراء","countryCode":"TUN","adminLevel":2,"sourceCode":"11933810B14386581864910","parentId":"TUN:ADM1:TUN-108"},"geometry":{"type":"MultiPolygon","coordinates":[[[[10.18388,36.81565],[10.17843,36.8227],[10.18332,36.84811],[10.19257,36.85127],[10.20231,36.85038],[10.2126,36.84855],[10.21433,36.85986],[10.23501,36.87105],[10.23112,36.85687],[10.24396,36.86166],[10.23921,36.85779],[10.24806,36.84506],[10.22047,36.83779],[10.2107,36.83185],[10.19377,36.8125],[10.18388,36.81565]]],[[[10.27209,36.81046],[10.26787,36.80979],[10.27019,36.8132],[10.27209,36.81046]]]]}},{"type":"Feature","properties":{"id":"TUN:ADM2:11933810B14406608577982","name":"ملولش","countryCode":"TUN","adminLevel":2,"sourceCode":"11933810B14406608577982","parentId":"TUN:ADM1:TUN-116"},"geometry":{"type":"Polygon","coordinates":[[[11.05054,35.14995],[11.0385,35.13536],[11.0235,35.10917],[11.02236,35.09766],[11.01588,35.09284],[11.01666,35.08947],[11.00823,35.08987],[10.99258,35.09619],[10.98768,35.09161],[10.97493,35.09653],[10.95613,35.09797],[10.93273,35.12703],[10.91988,35.13676],[10.94057,35.15306],[10.92755,35.16197],[10.93218,35.16522],[10.90737,35.18868],[10.92386,35.2127],[10.94988,35.26079],[10.95986,35.27108],[10.96759,35.25841],[10.97789,35.26501],[10.9867,35.25221],[10.9929,35.24852],[10.99802,35.22427],[11.00604,35.20657],[11.01649,35.19735],[11.01979,35.19851],[11.02942,35.18961],[11.06408,35.17802],[11.08024,35.1656],[11.07267,35.16038],[11.06195,35.16027],[11.05304,35.15477],[11.05154,35.15099],[11.05903,35.14745],[11.0589,35.14724],[11.05054,35.14995]]]}},{"type":"Feature","properties":{"id":"TUN:ADM2:11933810B14631424416912","name":"القصرين الجنوبية","countryCode":"TUN","adminLevel":2,"sourceCode":"11933810B14631424416912","parentId":"TUN:ADM1:TUN-110"},"geometry":{"type":"Polygon","coordinates":[[[8.84646,35.14985],[8.83042,35.15008],[8.82166,35.15926],[8.81921,35.15692],[8.81457,35.16013],[8.80379,35.15796],[8.80097,35.16356],[8.79302,35.16005],[8.77855,35.16478],[8.75241,35.19957],[8.72798,35.19158],[8.71841,35.19973],[8.71574,35.21057],[8.70043,35.2201],[8.68041,35.20532],[8.63419,35.19548],[8.6411,35.19068],[8.6411,35.18612],[8.60859,35.15907],[8.59719,35.1556],[8.63652,35.11507],[8.62896,35.09692],[8.62397,35.08979],[8.61009,35.08032],[8.56123,35.06407],[8.58241,35.00882],[8.5956,35.01393],[8.62517,34.97894],[8.59971,34.96303],[8.59984,34.93973],[8.59287,34.92402],[8.59693,34.92317],[8.59579,34.92122],[8.60359,34.92274],[8.64305,34.90306],[8.66227,34.89289],[8.66787,34.88614],[8.67706,34.89235],[8.70021,34.89826],[8.71381,34.91479],[8.7157,34.92602],[8.74057,34.94027],[8.7463,34.94951],[8.75621,34.95449],[8.73683,34.96428],[8.73453,34.97021],[8.74718,34.97824],[8.76044,34.98075],[8.76635,34.9859],[8.76911,34.99872],[8.7589,35.01758],[8.7605,35.0233],[8.79433,35.03638],[8.80944,35.02981],[8.89151,35.05392],[8.9082,35.07544],[8.96073,35.1028],[8.99226,35.12896],[8.98625,35.15243],[8.98781,35.15542],[8.99723,35.15108],[9.00495,35.15702],[9.00952,35.1506],[9.01435,35.15335],[9.0205,35.15158],[9.03042,35.1689],[9.01603,35.17704],[9.00435,35.17487],[8.99004,35.17924],[8.98092,35.18922],[8.96988,35.19404],[8.94788,35.21675],[8.95222,35.21845],[8.94823,35.22383],[8.93883,35.22343],[8.91811,35.23562],[8.90475,35.23957],[8.89018,35.27611],[8.84619,35.30924],[8.77333,35.30399],[8.76468,35.28979],[8.75099,35.28181],[8.75813,35.25892],[8.75576,35.24112],[8.75946,35.2383],[8.76283,35.24184],[8.76511,35.23896],[8.77157,35.23907],[8.79376,35.22869],[8.79487,35.23188],[8.8149,35.23019],[8.82196,35.22165],[8.82703,35.22184],[8.83573,35.21303],[8.8417,35.21311],[8.85035,35.20284],[8.86488,35.20381],[8.86639,35.20705],[8.87672,35.19904],[8.87254,35.19157],[8.86038,35.18402],[8.86404,35.17698],[8.86344,35.16737],[8.84646,35.14985]]]}},{"type":"Feature","properties":{"id":"TUN:ADM2:11933810B14634667217503","name":"بومرداس","countryCode":"TUN","adminLevel":2,"sourceCode":"11933810B14634667217503","parentId":"TUN:ADM1:TUN-116"},"geometry":{"type":"Polygon","coordinates":[[[10.79518,35.37861],[10.79392,35.3832],[10.79867,35.38785],[10.80801,35.38801],[10.81481,35.39755],[10.82236,35.39782],[10.82803,35.40741],[10.82644,35.40985],[10.85029,35.41822],[10.85137,35.43918],[10.83354,35.43406],[10.82588,35.43529],[10.82517,35.43019],[10.81531,35.43321],[10.80852,35.42302],[10.79987,35.42303],[10.79714,35.42871],[10.78134,35.42721],[10.78157,35.43481],[10.77559,35.43484],[10.77754,35.44022],[10.76995,35.44356],[10.76675,35.44896],[10.75966,35.44978],[10.75355,35.46373],[10.73086,35.4745],[10.73552,35.48736],[10.71801,35.48926],[10.71212,35.4752],[10.69793,35.47949],[10.69736,35.4735],[10.68893,35.47602],[10.68368,35.47165],[10.68419,35.47754],[10.6772,35.47722],[10.67234,35.48474],[10.66096,35.47728],[10.65561,35.48186],[10.64016,35.48591],[10.63813,35.50021],[10.62107,35.48556],[10.61696,35.47437],[10.6133,35.47452],[10.61107,35.4699],[10.61236,35.46565],[10.60485,35.46449],[10.59602,35.45647],[10.58808,35.45935],[10.58619,35.45359],[10.57157,35.44857],[10.57051,35.44294],[10.57465,35.43686],[10.56759,35.41951],[10.58501,35.41374],[10.58899,35.43017],[10.59843,35.41953],[10.61784,35.4169],[10.62124,35.40949],[10.61727,35.40605],[10.61916,35.39323],[10.6273,35.39778],[10.63459,35.38491],[10.65667,35.38358],[10.66622,35.37523],[10.67675,35.34819],[10.68003,35.35248],[10.71219,35.36642],[10.71627,35.38318],[10.72429,35.3822],[10.73199,35.38827],[10.75024,35.39085],[10.74217,35.39978],[10.74582,35.40224],[10.74413,35.40418],[10.731,35.40964],[10.75987,35.41293],[10.77128,35.40133],[10.77991,35.40235],[10.79078,35.38109],[10.79518,35.37861]]]}},{"type":"Feature","properties":{"id":"TUN:ADM2:11933810B14836095916482","name":"القيروان الشمالية","countryCode":"TUN","adminLevel":2,"sourceCode":"11933810B14836095916482","parentId":"TUN:ADM1:TUN-118"},"geometry":{"type":"Polygon","coordinates":[[[10.01641,35.6817],[10.07039,35.68032],[10.07094,35.66648],[10.08973,35.67238],[10.0901,35.6674],[10.09636,35.66602],[10.10303,35.67571],[10.12895,35.67622],[10.11704,35.67644],[10.11389,35.68594],[10.12867,35.69424],[10.17678,35.70799],[10.18462,35.70613],[10.19228,35.69936],[10.19398,35.69121],[10.18771,35.68062],[10.25265,35.68152],[10.231,35.70379],[10.21282,35.71162],[10.21417,35.73894],[10.2069,35.74455],[10.20308,35.76447],[10.19523,35.77536],[10.18493,35.78202],[10.18147,35.79031],[10.17317,35.79329],[10.17411,35.79783],[10.16564,35.80252],[10.15755,35.81921],[10.15021,35.81062],[10.1454,35.79173],[10.13859,35.78417],[10.12903,35.7801],[10.1057,35.78471],[10.10176,35.79184],[10.08575,35.80478],[10.07581,35.80754],[10.06841,35.80484],[10.04688,35.80663],[10.02919,35.80276],[10.0199,35.79198],[10.00194,35.78567],[9.99366,35.77815],[9.99266,35.7718],[9.98115,35.76606],[9.98643,35.75689],[9.97574,35.73889],[9.978,35.7334],[9.97445,35.73246],[9.97303,35.72624],[9.97612,35.71821],[9.97069,35.70576],[9.98744,35.69871],[10.00665,35.69778],[9.99859,35.68116],[10.01641,35.6817]]]}},{"type":"Feature","properties":{"id":"TUN:ADM2:11933810B15261795399084","name":"الكرم","countryCode":"TUN","adminLevel":2,"sourceCode":"11933810B15261795399084","parentId":"TUN:ADM1:TUN-108"},"geometry":{"type":"Polygon","coordinates":[[[10.27423,36.85034],[10.27013,36.85887],[10.2661,36.85868],[10.26527,36.86232],[10.28043,36.86273],[10.28864,36.8672],[10.31593,36.85719],[10.30702,36.85235],[10.30727,36.84442],[10.31607,36.84752],[10.31645,36.84481],[10.3105,36.83224],[10.27423,36.85034]]]}},{"type":"Feature","properties":{"id":"TUN:ADM2:11933810B16314159892818","name":"مقرين","countryCode":"TUN","adminLevel":2,"sourceCode":"11933810B16314159892818","parentId":"TUN:ADM1:TUN-108"},"geometry":{"type":"Polygon","coordinates":[[[10.25004,36.78699],[10.26402,36.77222],[10.25094,36.76331],[10.24681,36.75551],[10.21552,36.76861],[10.2058,36.77853],[10.22184,36.78616],[10.24589,36.78687],[10.24724,36.78628],[10.24808,36.78693],[10.25004,36.78699]]]}},{"type":"Feature","properties":{"id":"TUN:ADM2:11933810B16609511598620","name":"قربة","countryCode":"TUN","adminLevel":2,"sourceCode":"11933810B16609511598620","parentId":"TUN:ADM1:TUN-107"},"geometry":{"type":"Polygon","coordinates":[[[10.77374,36.69482],[10.76096,36.69301],[10.7587,36.6906],[10.76054,36.6856],[10.75752,36.68668],[10.74409,36.6795],[10.73809,36.67013],[10.72801,36.66618],[10.7265,36.66161],[10.74134,36.65447],[10.73764,36.64509],[10.74303,36.63787],[10.72077,36.63498],[10.71491,36.62363],[10.69742,36.62152],[10.70175,36.61968],[10.70046,36.61132],[10.71146,36.60923],[10.69494,36.59671],[10.70131,36.58711],[10.70362,36.59081],[10.72837,36.58412],[10.74781,36.57099],[10.76021,36.58392],[10.77743,36.58463],[10.78497,36.57872],[10.79557,36.57808],[10.79061,36.58526],[10.79543,36.59057],[10.81314,36.56966],[10.82175,36.5673],[10.80393,36.55528],[10.80713,36.54736],[10.80413,36.53181],[10.81481,36.52489],[10.81489,36.52006],[10.82013,36.51592],[10.83582,36.50872],[10.86785,36.57147],[10.91715,36.64852],[10.9051,36.65882],[10.88099,36.65814],[10.86888,36.66494],[10.86793,36.66883],[10.85196,36.66828],[10.84953,36.67254],[10.83803,36.6742],[10.83352,36.6837],[10.82504,36.68598],[10.81957,36.69389],[10.81112,36.69785],[10.79998,36.69983],[10.79552,36.69731],[10.78218,36.70273],[10.77374,36.69482]]]}},{"type":"Feature","properties":{"id":"TUN:ADM2:11933810B17084695603021","name":"برج العامري","countryCode":"TUN","adminLevel":2,"sourceCode":"11933810B17084695603021","parentId":"TUN:ADM1:TUN-102"},"geometry":{"type":"Polygon","coordinates":[[[9.80724,36.64151],[9.8118,36.6398],[9.81631,36.62932],[9.81007,36.62184],[9.81744,36.60769],[9.82882,36.60557],[9.84781,36.60889],[9.85425,36.60441],[9.86144,36.58736],[9.87721,36.59187],[9.88369,36.59037],[9.88869,36.60164],[9.89401,36.60567],[9.89366,36.61841],[9.9047,36.62398],[9.90715,36.63015],[9.91675,36.63326],[9.92874,36.64636],[9.91399,36.66439],[9.91641,36.66598],[9.9075,36.68293],[9.88636,36.69686],[9.91549,36.70547],[9.90029,36.71133],[9.91855,36.71919],[9.92468,36.7264],[9.91525,36.73531],[9.91072,36.75076],[9.90104,36.76491],[9.879,36.76347],[9.87519,36.76146],[9.87858,36.75348],[9.87605,36.74984],[9.86533,36.75045],[9.84041,36.74097],[9.82906,36.74671],[9.82027,36.74472],[9.81916,36.74072],[9.79678,36.74763],[9.7898,36.73594],[9.77491,36.72963],[9.76849,36.7216],[9.78801,36.71005],[9.78466,36.70824],[9.77571,36.6855],[9.79875,36.66534],[9.79674,36.65273],[9.78541,36.64658],[9.79694,36.63511],[9.80724,36.64151]]]}},{"type":"Feature","properties":{"id":"TUN:ADM2:11933810B17149479798456","name":"الناظور","countryCode":"TUN","adminLevel":2,"sourceCode":"11933810B17149479798456","parentId":"TUN:ADM1:TUN-120"},"geometry":{"type":"Polygon","coordinates":[[[10.04211,36.20889],[10.01722,36.21029],[10.0208,36.22073],[10.00251,36.21739],[9.99646,36.22242],[9.98294,36.22296],[9.97786,36.21768],[9.96669,36.21741],[9.96165,36.20928],[9.95101,36.20343],[9.92026,36.20454],[9.91735,36.20058],[9.90363,36.19924],[9.89825,36.19539],[9.89521,36.18571],[9.89834,36.17941],[9.89456,36.17215],[9.89717,36.16157],[9.87005,36.15517],[9.86369,36.14646],[9.85034,36.13897],[9.8449,36.13084],[9.8382,36.12966],[9.84778,36.12634],[9.84725,36.11656],[9.84331,36.11284],[9.85439,36.10631],[9.85267,36.10263],[9.85922,36.0938],[9.87127,36.08824],[9.86714,36.08643],[9.86854,36.0833],[9.86587,36.08125],[9.8743,36.07407],[9.878,36.07534],[9.88246,36.06823],[9.89136,36.068],[9.89621,36.06314],[9.89271,36.05699],[9.89548,36.054],[9.89433,36.04739],[9.90092,36.04261],[9.92179,36.04173],[9.93609,36.04718],[9.94194,36.04328],[9.95319,36.04307],[9.95435,36.03859],[9.96121,36.04504],[9.96807,36.04389],[9.96867,36.04922],[9.97368,36.0499],[9.97533,36.03877],[9.98923,36.03798],[9.99629,36.03427],[10.00495,36.02662],[10.01117,36.01227],[10.02034,36.01595],[10.02485,36.00942],[10.04433,36.00057],[10.04291,36.00845],[10.06074,36.04635],[10.05258,36.07462],[10.05831,36.10611],[10.05999,36.10024],[10.06411,36.09798],[10.06508,36.08682],[10.0778,36.07537],[10.12752,36.08427],[10.13748,36.08166],[10.1349,36.09711],[10.12929,36.09851],[10.12596,36.1066],[10.13728,36.11676],[10.13918,36.1232],[10.14302,36.12258],[10.14916,36.12991],[10.17409,36.13813],[10.1639,36.14003],[10.116,36.13492],[10.10749,36.14369],[10.10009,36.16424],[10.08081,36.15327],[10.05403,36.1519],[10.05182,36.15622],[10.03539,36.15191],[10.00979,36.15231],[10.00561,36.15811],[10.00791,36.16419],[10.03662,36.18553],[10.04778,36.19048],[10.04928,36.19734],[10.04211,36.20889]]]}},{"type":"Feature","properties":{"id":"TUN:ADM2:11933810B17375886890417","name":"حمام الأنف","countryCode":"TUN","adminLevel":2,"sourceCode":"11933810B17375886890417","parentId":"TUN:ADM1:TUN-104"},"geometry":{"type":"Polygon","coordinates":[[[10.35982,36.69721],[10.35176,36.71451],[10.35585,36.71607],[10.35989,36.72419],[10.3261,36.74034],[10.31957,36.73467],[10.32305,36.7331],[10.3166,36.73358],[10.32034,36.70063],[10.33546,36.70523],[10.35982,36.69721]]]}},{"type":"Feature","properties":{"id":"TUN:ADM2:11933810B17792419290785","name":"قليبية","countryCode":"TUN","adminLevel":2,"sourceCode":"11933810B17792419290785","parentId":"TUN:ADM1:TUN-107"},"geometry":{"type":"Polygon","coordinates":[[[11.056,36.81373],[11.03331,36.79655],[11.02905,36.8025],[11.0207,36.79689],[11.00629,36.80636],[11.00762,36.82424],[11.01474,36.83734],[11.01305,36.84777],[11.01596,36.85218],[11.00882,36.86621],[10.98756,36.87852],[10.96588,36.86283],[10.96546,36.87247],[10.9583,36.87374],[10.95496,36.88771],[10.94386,36.8965],[10.92954,36.90001],[10.9393,36.91648],[10.96181,36.92808],[10.96141,36.93168],[10.97989,36.94325],[10.98147,36.95158],[10.98985,36.9529],[11.00195,36.96209],[11.02175,36.94639],[11.03566,36.94127],[11.03285,36.93462],[11.04991,36.92317],[11.04134,36.90985],[11.04278,36.90499],[11.03562,36.89879],[11.0538,36.88071],[11.05002,36.87593],[11.06276,36.86576],[11.07329,36.88142],[11.08366,36.8806],[11.08743,36.87747],[11.08883,36.86376],[11.09215,36.86479],[11.10028,36.85947],[11.09988,36.8551],[11.10321,36.8566],[11.1047,36.85345],[11.11083,36.85314],[11.11344,36.85644],[11.12061,36.85407],[11.12422,36.85816],[11.12981,36.85532],[11.12575,36.8486],[11.11677,36.83841],[11.10969,36.83607],[11.10811,36.83711],[11.09753,36.83599],[11.07841,36.82574],[11.07673,36.82519],[11.07428,36.82353],[11.056,36.81373]]]}},{"type":"Feature","properties":{"id":"TUN:ADM2:11933810B18034425554259","name":"هبيرة","countryCode":"TUN","adminLevel":2,"sourceCode":"11933810B18034425554259","parentId":"TUN:ADM1:TUN-116"},"geometry":{"type":"Polygon","coordinates":[[[10.3768,35.36456],[10.35246,35.36905],[10.34923,35.37477],[10.35155,35.37884],[10.34532,35.37856],[10.34387,35.38426],[10.33178,35.38159],[10.3233,35.38602],[10.30229,35.37154],[10.29817,35.37155],[10.28664,35.38352],[10.24065,35.36905],[10.2278,35.36779],[10.20143,35.40068],[10.19129,35.41574],[10.18923,35.42412],[10.18202,35.42146],[10.17651,35.40381],[10.17637,35.38761],[10.16056,35.357],[10.16722,35.34525],[10.17468,35.33984],[10.1921,35.33527],[10.19245,35.33141],[10.20513,35.32054],[10.17936,35.27062],[10.17437,35.26661],[10.20367,35.22057],[10.20488,35.21392],[10.22056,35.19755],[10.21063,35.18681],[10.22295,35.15303],[10.22899,35.15348],[10.28142,35.13032],[10.29096,35.13049],[10.32045,35.14326],[10.31866,35.14621],[10.34278,35.16204],[10.35984,35.18423],[10.36099,35.19288],[10.34602,35.20236],[10.32687,35.22125],[10.30511,35.22835],[10.29838,35.23706],[10.29281,35.23347],[10.28996,35.24744],[10.28549,35.25357],[10.28614,35.26347],[10.26946,35.27788],[10.27884,35.29446],[10.29803,35.30708],[10.30231,35.31405],[10.32081,35.32006],[10.32618,35.32911],[10.33538,35.32175],[10.34333,35.34146],[10.34521,35.33354],[10.34905,35.33214],[10.35009,35.33857],[10.34557,35.35129],[10.34878,35.36461],[10.35589,35.35093],[10.36372,35.35118],[10.37127,35.34497],[10.3768,35.36456]]]}},{"type":"Feature","properties":{"id":"TUN:ADM2:11933810B18047024672055","name":"بن قردان","countryCode":"TUN","adminLevel":2,"sourceCode":"11933810B18047024672055","parentId":"TUN:ADM1:TUN-96"},"geometry":{"type":"MultiPolygon","coordinates":[[[[11.595,32.45445],[11.57253,32.43777],[11.54893,32.40865],[11.51885,32.40017],[11.46209,32.36902],[11.42111,32.35417],[11.37278,32.34139],[11.32583,32.31944],[11.15529,32.24992],[11.18121,32.30626],[11.20091,32.30958],[11.20463,32.31428],[11.2236,32.32146],[11.25666,32.32999],[11.28787,32.35215],[11.30868,32.3565],[11.31594,32.36494],[11.33536,32.37304],[11.33597,32.38156],[11.34198,32.38756],[11.32554,32.39849],[11.29064,32.39301],[11.26519,32.38332],[11.22574,32.37674],[11.22163,32.38769],[11.20228,32.40813],[11.14445,32.53301],[11.0964,32.65868],[11.08482,32.67561],[11.12669,32.71766],[11.12168,32.77531],[11.1097,32.81498],[11.11525,32.86588],[11.09402,32.90117],[11.09257,32.91325],[11.08553,32.92025],[11.04562,32.99131],[11.03984,32.99636],[11.03628,33.01501],[11.03794,33.02238],[11.02797,33.03232],[11.02158,33.03451],[11.03355,33.05349],[11.03635,33.09507],[11.0163,33.08981],[11.00589,33.07901],[10.89762,33.09328],[10.89228,33.0893],[10.88464,33.09157],[10.87218,33.08256],[10.85517,33.08897],[10.8228,33.0887],[10.81108,33.09325],[10.77277,33.09701],[10.75852,33.09538],[10.74208,33.10222],[10.72877,33.09576],[10.72,33.09801],[10.70199,33.09616],[10.64741,33.10483],[10.55905,33.11218],[10.54938,33.1186],[10.52354,33.14886],[10.53876,33.15323],[10.54712,33.15112],[10.56637,33.15958],[10.57047,33.17198],[10.60905,33.19698],[10.61659,33.20855],[10.63256,33.21521],[10.63865,33.22411],[10.63764,33.2287],[10.64738,33.2327],[10.65507,33.25617],[10.68058,33.25732],[10.70692,33.26602],[10.71342,33.2649],[10.72529,33.2731],[10.72647,33.27872],[10.7325,33.2815],[10.7353,33.28727],[10.73693,33.29881],[10.73472,33.30276],[10.74114,33.31951],[10.74099,33.32811],[10.75271,33.33936],[10.7543,33.35466],[10.77244,33.37434],[10.80197,33.37014],[10.84955,33.34563],[10.88997,33.33493],[10.92764,33.31651],[10.93984,33.31595],[10.96292,33.32212],[10.98653,33.30686],[11.00517,33.31728],[11.03922,33.30091],[11.05158,33.29926],[11.05637,33.296],[11.05735,33.29003],[11.10988,33.28974],[11.11412,33.2931],[11.1171,33.2851],[11.12237,33.28143],[11.12184,33.28001],[11.13152,33.26805],[11.14772,33.2569],[11.15996,33.24571],[11.16383,33.24109],[11.16758,33.22923],[11.16708,33.22147],[11.17476,33.20822],[11.1856,33.20247],[11.19369,33.20205],[11.19835,33.20505],[11.19162,33.20491],[11.21281,33.20858],[11.23845,33.20439],[11.26319,33.20607],[11.3704,33.18017],[11.38599,33.18378],[11.40294,33.18378],[11.41738,33.17721],[11.42992,33.17761],[11.4386,33.18181],[11.44524,33.17911],[11.43878,33.18283],[11.44477,33.1894],[11.44234,33.19561],[11.42923,33.20302],[11.42758,33.20702],[11.41596,33.21521],[11.48289,33.18241],[11.52424,33.16908],[11.54496,33.16529],[11.55844,33.1665],[11.56023,33.16592],[11.56147,33.16525],[11.5605,33.14006],[11.53593,33.08954],[11.52699,33.07833],[11.51966,33.01236],[11.52773,32.98619],[11.51867,32.9778],[11.51539,32.95568],[11.49986,32.93153],[11.4955,32.91786],[11.50024,32.89001],[11.49627,32.87406],[11.50033,32.85896],[11.50138,32.83029],[11.48754,32.76244],[11.49391,32.7297],[11.49426,32.69572],[11.48868,32.68935],[11.48889,32.67237],[11.47786,32.65591],[11.49031,32.64641],[11.49005,32.64025],[11.49366,32.63752],[11.50483,32.60658],[11.55168,32.58076],[11.58524,32.54156],[11.59994,32.51918],[11.595,32.45445]]],[[[11.36493,33.24953],[11.40678,33.22006],[11.39275,33.22411],[11.38593,33.22806],[11.37856,33.23363],[11.36744,33.24527],[11.36,33.25178],[11.36493,33.24953]]]]}},{"type":"Feature","properties":{"id":"TUN:ADM2:11933810B18230049002493","name":"المدينة","countryCode":"TUN","adminLevel":2,"sourceCode":"11933810B18230049002493","parentId":"TUN:ADM1:TUN-108"},"geometry":{"type":"Polygon","coordinates":[[[10.16111,36.80025],[10.16304,36.79348],[10.1768,36.79301],[10.17515,36.80225],[10.16836,36.80531],[10.16111,36.80025]]]}},{"type":"Feature","properties":{"id":"TUN:ADM2:11933810B1906058680343","name":"الساحلين","countryCode":"TUN","adminLevel":2,"sourceCode":"11933810B1906058680343","parentId":"TUN:ADM1:TUN-117"},"geometry":{"type":"Polygon","coordinates":[[[10.66802,35.74163],[10.67525,35.73262],[10.67487,35.72095],[10.68303,35.71927],[10.68948,35.72824],[10.70138,35.70681],[10.71244,35.70933],[10.72146,35.70173],[10.7442,35.71409],[10.75249,35.71362],[10.76374,35.72259],[10.77691,35.7437],[10.77009,35.74245],[10.73758,35.74849],[10.70142,35.7604],[10.68034,35.78134],[10.66987,35.77152],[10.67566,35.75716],[10.6675,35.74876],[10.66802,35.74163]]]}},{"type":"Feature","properties":{"id":"TUN:ADM2:11933810B19204281524577","name":"سيدي الهاني","countryCode":"TUN","adminLevel":2,"sourceCode":"11933810B19204281524577","parentId":"TUN:ADM1:TUN-119"},"geometry":{"type":"Polygon","coordinates":[[[10.30727,35.58501],[10.31591,35.58522],[10.32368,35.61047],[10.33158,35.61759],[10.3587,35.61759],[10.36437,35.62498],[10.40076,35.63614],[10.42462,35.63893],[10.43732,35.63656],[10.44119,35.63928],[10.43734,35.64842],[10.42316,35.65696],[10.43661,35.66188],[10.43334,35.67175],[10.41317,35.69214],[10.40201,35.69242],[10.40043,35.70559],[10.38116,35.72852],[10.38639,35.72786],[10.40845,35.742],[10.44564,35.74216],[10.43088,35.75755],[10.41461,35.74677],[10.39483,35.74618],[10.39247,35.75036],[10.39684,35.75896],[10.39099,35.7578],[10.37633,35.76777],[10.36989,35.77361],[10.37532,35.77951],[10.36707,35.78907],[10.35404,35.7949],[10.33502,35.80952],[10.31992,35.80869],[10.3176,35.80486],[10.27338,35.80633],[10.24419,35.80772],[10.22892,35.81393],[10.23115,35.7957],[10.22857,35.7911],[10.21836,35.78539],[10.21604,35.77683],[10.20531,35.77627],[10.1978,35.77081],[10.20308,35.76447],[10.2069,35.74455],[10.21417,35.73894],[10.21282,35.71162],[10.231,35.70379],[10.25265,35.68152],[10.25574,35.66681],[10.2648,35.65823],[10.27012,35.63919],[10.30727,35.58501]]]}},{"type":"Feature","properties":{"id":"TUN:ADM2:11933810B19311233217993","name":"البقالطة","countryCode":"TUN","adminLevel":2,"sourceCode":"11933810B19311233217993","parentId":"TUN:ADM1:TUN-117"},"geometry":{"type":"Polygon","coordinates":[[[11.04536,35.617],[11.04505,35.61127],[11.0171,35.60228],[11.01197,35.57905],[11.01393,35.56289],[11.0149,35.55516],[11.01566,35.55337],[11.01274,35.55237],[11.01114,35.55639],[11.0038,35.55358],[10.99819,35.55525],[10.98847,35.58137],[10.98246,35.58933],[10.97956,35.60572],[10.98444,35.61281],[10.9728,35.61782],[10.97915,35.62593],[10.98345,35.62198],[10.99565,35.62305],[11.00299,35.62635],[11.0012,35.62902],[11.01088,35.637],[11.03624,35.63235],[11.04872,35.62493],[11.04949,35.62365],[11.04536,35.617]]]}},{"type":"Feature","properties":{"id":"TUN:ADM2:11933810B19780106503049","name":"بئر الأحمر","countryCode":"TUN","adminLevel":2,"sourceCode":"11933810B19780106503049","parentId":"TUN:ADM1:TUN-98"},"geometry":{"type":"Polygon","coordinates":[[[10.44568,33.2071],[10.40103,33.19189],[10.39395,33.18391],[10.37667,33.179],[10.36628,33.16823],[10.35833,33.16629],[10.35351,33.17011],[10.34167,33.16639],[10.34216,33.1595],[10.34746,33.15886],[10.35381,33.13651],[10.33421,33.1303],[10.34837,33.1085],[10.33224,33.10308],[10.33439,33.06962],[10.33596,33.06622],[10.33954,33.06672],[10.34015,33.06143],[10.35461,33.06391],[10.3583,33.06593],[10.35612,33.06912],[10.37169,33.07387],[10.38601,33.07431],[10.4101,33.06814],[10.41339,33.08268],[10.41934,33.09154],[10.49629,33.10442],[10.53263,33.13827],[10.52354,33.14886],[10.52613,33.15148],[10.54712,33.15112],[10.56637,33.15958],[10.57047,33.17198],[10.60905,33.19698],[10.61391,33.20371],[10.50965,33.21507],[10.49057,33.21471],[10.49084,33.23475],[10.47863,33.22484],[10.47298,33.22404],[10.4678,33.2177],[10.44568,33.2071]]]}},{"type":"Feature","properties":{"id":"TUN:ADM2:11933810B20435458440644","name":"حفوز","countryCode":"TUN","adminLevel":2,"sourceCode":"11933810B20435458440644","parentId":"TUN:ADM1:TUN-118"},"geometry":{"type":"Polygon","coordinates":[[[9.83952,35.74351],[9.82217,35.74222],[9.81452,35.73718],[9.79976,35.73786],[9.78667,35.72608],[9.77009,35.7208],[9.76426,35.72614],[9.72991,35.72465],[9.70816,35.71716],[9.69252,35.71783],[9.67948,35.71212],[9.67368,35.73363],[9.66195,35.73038],[9.65892,35.73938],[9.66205,35.74768],[9.65733,35.75378],[9.65062,35.74505],[9.63704,35.75709],[9.64811,35.76788],[9.65101,35.77628],[9.64901,35.78536],[9.62688,35.79111],[9.61888,35.78047],[9.60443,35.74733],[9.59612,35.74147],[9.59831,35.72531],[9.58408,35.7224],[9.57751,35.7132],[9.55766,35.70115],[9.55752,35.68605],[9.56462,35.66386],[9.5427,35.65558],[9.54846,35.64321],[9.55657,35.63774],[9.56884,35.64088],[9.57387,35.63825],[9.57639,35.64263],[9.59892,35.63611],[9.61743,35.63889],[9.62468,35.63607],[9.63006,35.63889],[9.63734,35.62506],[9.64728,35.61828],[9.63945,35.61489],[9.62688,35.61533],[9.61143,35.60927],[9.62592,35.60305],[9.62547,35.59677],[9.62942,35.59415],[9.63026,35.58802],[9.60833,35.57782],[9.60958,35.56915],[9.58508,35.55307],[9.57579,35.5387],[9.57231,35.51508],[9.58178,35.50976],[9.58772,35.48386],[9.58314,35.47184],[9.6014,35.47539],[9.61524,35.50986],[9.60419,35.51745],[9.62297,35.52422],[9.6324,35.50877],[9.65134,35.50092],[9.65913,35.50123],[9.67315,35.48648],[9.68596,35.49037],[9.69313,35.4835],[9.6962,35.47356],[9.70347,35.47985],[9.70863,35.47386],[9.70481,35.47156],[9.70766,35.46606],[9.7123,35.46597],[9.70414,35.45183],[9.72817,35.44116],[9.73067,35.44157],[9.72914,35.44749],[9.73349,35.45713],[9.73899,35.46167],[9.77519,35.46574],[9.7907,35.48314],[9.79806,35.47858],[9.81983,35.49017],[9.81605,35.50207],[9.8068,35.51036],[9.80602,35.51576],[9.81042,35.51924],[9.80021,35.5339],[9.79447,35.53906],[9.79027,35.53861],[9.76511,35.56309],[9.76104,35.56269],[9.75607,35.56748],[9.75533,35.57505],[9.76982,35.58361],[9.79098,35.58289],[9.83095,35.5927],[9.82873,35.61413],[9.82455,35.62255],[9.82598,35.62738],[9.81993,35.63475],[9.82546,35.63923],[9.84107,35.6417],[9.84476,35.65367],[9.86214,35.66289],[9.86398,35.67467],[9.864,35.69264],[9.85542,35.69724],[9.85423,35.70165],[9.86142,35.70596],[9.86502,35.71718],[9.83952,35.74351]]]}},{"type":"Feature","properties":{"id":"TUN:ADM2:11933810B20445335117262","name":"الشراردة","countryCode":"TUN","adminLevel":2,"sourceCode":"11933810B20445335117262","parentId":"TUN:ADM1:TUN-118"},"geometry":{"type":"Polygon","coordinates":[[[10.00773,35.04245],[10.04058,35.02685],[10.06331,35.02023],[10.05344,35.04392],[10.05799,35.05122],[10.05781,35.0577],[10.08053,35.07298],[10.08961,35.08357],[10.1098,35.09487],[10.11741,35.1056],[10.13024,35.11167],[10.13494,35.11923],[10.14305,35.11667],[10.14899,35.12275],[10.15023,35.13681],[10.17293,35.13739],[10.20109,35.14876],[10.22295,35.15303],[10.21063,35.18681],[10.22056,35.19755],[10.20488,35.21392],[10.20367,35.22057],[10.18059,35.21557],[10.1705,35.21927],[10.1487,35.20335],[10.14214,35.21191],[10.12417,35.21857],[10.11386,35.22897],[10.09711,35.23757],[10.09621,35.24245],[10.08763,35.24143],[10.08177,35.23655],[10.07081,35.23382],[10.07173,35.21383],[10.05903,35.19755],[10.0346,35.21194],[10.03156,35.23705],[10.03681,35.23484],[10.0391,35.23791],[10.0421,35.24554],[10.03933,35.24856],[10.0422,35.25241],[10.03011,35.25893],[10.03046,35.25203],[10.01456,35.25199],[10.0032,35.27588],[9.99305,35.28243],[9.96496,35.28189],[9.95613,35.26062],[9.96193,35.25275],[9.96098,35.23721],[9.96492,35.21586],[9.95933,35.20545],[9.9676,35.20244],[9.97358,35.18183],[9.98404,35.17243],[10.00149,35.16453],[9.99476,35.15515],[9.9934,35.14611],[9.99711,35.1265],[9.99211,35.12081],[10.00235,35.10288],[9.99409,35.08419],[10.00198,35.07954],[10.0129,35.06608],[10.00582,35.05244],[10.01739,35.05058],[10.00773,35.04245]]]}},{"type":"Feature","properties":{"id":"TUN:ADM2:11933810B20916595248179","name":"هرقلة","countryCode":"TUN","adminLevel":2,"sourceCode":"11933810B20916595248179","parentId":"TUN:ADM1:TUN-119"},"geometry":{"type":"MultiPolygon","coordinates":[[[[10.51752,35.96965],[10.50138,35.9694],[10.4819,35.97906],[10.47582,35.98547],[10.49801,35.98723],[10.50411,35.98488],[10.50529,35.98049],[10.50028,35.98287],[10.50341,35.98129],[10.50146,35.97849],[10.50614,35.97496],[10.50391,35.97434],[10.50576,35.97175],[10.50006,35.97131],[10.51552,35.96996],[10.52426,35.97229],[10.5243,35.97288],[10.52553,35.97136],[10.51752,35.96965]]],[[[10.50864,36.00691],[10.50906,36.00383],[10.50282,36.00018],[10.49622,36.00245],[10.4867,36.00012],[10.46827,36.01255],[10.46252,36.00928],[10.45875,36.01087],[10.45792,36.00441],[10.4574,36.01052],[10.43829,35.99561],[10.42167,36.01406],[10.40676,36.00625],[10.41082,36.00191],[10.406,35.99888],[10.39607,36.00442],[10.39594,36.01053],[10.38116,36.02455],[10.3662,36.03026],[10.37019,36.05567],[10.37811,36.05418],[10.38236,36.05902],[10.3815,36.06454],[10.3924,36.06239],[10.4154,36.06554],[10.44261,36.06211],[10.44858,36.06499],[10.44587,36.06988],[10.45201,36.07102],[10.45257,36.08563],[10.47365,36.08855],[10.48807,36.04722],[10.49491,36.03925],[10.49985,36.02729],[10.50473,36.02094],[10.50912,36.01118],[10.51027,36.00675],[10.50864,36.00691]]]]}},{"type":"Feature","properties":{"id":"TUN:ADM2:11933810B21220731511134","name":"سليانة الجنوبية","countryCode":"TUN","adminLevel":2,"sourceCode":"11933810B21220731511134","parentId":"TUN:ADM1:TUN-115"},"geometry":{"type":"Polygon","coordinates":[[[9.29876,35.87818],[9.3179,35.84677],[9.32554,35.84846],[9.35178,35.88402],[9.36365,35.86781],[9.3774,35.86056],[9.39341,35.85689],[9.39553,35.87021],[9.40195,35.88078],[9.39946,35.89453],[9.39439,35.90243],[9.42628,35.91734],[9.43456,35.91112],[9.43641,35.89146],[9.45628,35.89267],[9.47595,35.87722],[9.493,35.8727],[9.48736,35.9045],[9.49131,35.91041],[9.51755,35.91232],[9.5238,35.92191],[9.55821,35.9402],[9.60245,35.97388],[9.58801,35.97358],[9.58518,35.98539],[9.56437,35.99797],[9.5381,35.985],[9.52601,35.9854],[9.53179,36.01076],[9.52191,36.01964],[9.4933,36.01772],[9.47558,36.02253],[9.47494,36.02689],[9.47923,36.03003],[9.48312,36.04341],[9.49646,36.06502],[9.50064,36.06999],[9.51151,36.07421],[9.50681,36.08886],[9.48765,36.0885],[9.46971,36.09297],[9.45933,36.08829],[9.39051,36.07619],[9.38091,36.07821],[9.37447,36.08431],[9.34916,36.08339],[9.3597,36.07705],[9.36146,36.07422],[9.35899,36.07031],[9.34616,36.06451],[9.34444,36.05886],[9.32011,36.05601],[9.31058,36.04578],[9.30526,36.04779],[9.30144,36.04283],[9.28518,36.03502],[9.28329,36.03169],[9.29368,36.02713],[9.29407,36.02442],[9.28699,36.01661],[9.27137,36.00061],[9.2621,36.00141],[9.25699,36.0071],[9.23965,35.98599],[9.26145,35.97672],[9.2751,35.96269],[9.27362,35.9561],[9.25641,35.94087],[9.25568,35.92908],[9.26171,35.92169],[9.25497,35.91542],[9.2542,35.9021],[9.28257,35.89555],[9.2895,35.89001],[9.3001,35.89207],[9.30971,35.88596],[9.29876,35.87818]]]}},{"type":"Feature","properties":{"id":"TUN:ADM2:11933810B21257507323383","name":"سيدي حسين","countryCode":"TUN","adminLevel":2,"sourceCode":"11933810B21257507323383","parentId":"TUN:ADM1:TUN-108"},"geometry":{"type":"Polygon","coordinates":[[[10.12795,36.7874],[10.08153,36.7745],[10.05405,36.77355],[10.0293,36.7619],[10.04094,36.74534],[10.03226,36.73961],[10.07499,36.72414],[10.06983,36.70614],[10.08553,36.69519],[10.09042,36.69374],[10.09553,36.69682],[10.09763,36.69415],[10.1116,36.69279],[10.11594,36.69641],[10.12481,36.69449],[10.1321,36.70227],[10.13552,36.69901],[10.15133,36.71176],[10.13104,36.72538],[10.14435,36.73585],[10.13702,36.73951],[10.13678,36.74549],[10.12964,36.74951],[10.12952,36.75513],[10.12266,36.7558],[10.1254,36.75881],[10.11789,36.75637],[10.11592,36.76031],[10.12056,36.76485],[10.11554,36.76877],[10.11868,36.76868],[10.12082,36.77891],[10.13079,36.78632],[10.12795,36.7874]]]}},{"type":"Feature","properties":{"id":"TUN:ADM2:11933810B21305509879120","name":"الزهور","countryCode":"TUN","adminLevel":2,"sourceCode":"11933810B21305509879120","parentId":"TUN:ADM1:TUN-110"},"geometry":{"type":"Polygon","coordinates":[[[8.81457,35.16013],[8.81921,35.15692],[8.82166,35.15926],[8.83042,35.15008],[8.84646,35.14985],[8.83819,35.16028],[8.83684,35.16845],[8.82919,35.16487],[8.81309,35.16415],[8.81457,35.16013]]]}},{"type":"Feature","properties":{"id":"TUN:ADM2:11933810B2147309578114","name":"مطماطة الجديدة","countryCode":"TUN","adminLevel":2,"sourceCode":"11933810B2147309578114","parentId":"TUN:ADM1:TUN-111"},"geometry":{"type":"Polygon","coordinates":[[[10.13303,33.72268],[10.10938,33.71417],[10.09431,33.69214],[10.0706,33.69082],[10.05122,33.68142],[10.04796,33.67666],[10.04106,33.67589],[10.04373,33.69571],[10.05126,33.71142],[10.05765,33.71518],[10.05631,33.71952],[10.06159,33.72371],[10.06,33.73024],[10.05389,33.73244],[10.05589,33.73759],[10.04781,33.73069],[10.02926,33.72261],[10.02225,33.72521],[10.01291,33.71957],[9.99138,33.71428],[9.97735,33.71802],[9.95597,33.73197],[9.93802,33.74905],[9.93518,33.74692],[9.93513,33.73938],[9.85409,33.68885],[9.80099,33.66231],[9.76026,33.65646],[9.74193,33.68057],[9.71844,33.68406],[9.60775,33.63903],[9.54085,33.60191],[9.55586,33.58888],[9.56519,33.58551],[9.58141,33.59428],[9.64114,33.58933],[9.65512,33.58078],[9.67656,33.57843],[9.73931,33.55797],[9.7733,33.55488],[9.79819,33.53932],[9.80328,33.53983],[9.80646,33.54436],[9.81261,33.54132],[9.81449,33.54931],[9.82685,33.5499],[9.83013,33.54508],[9.83318,33.55234],[9.84071,33.55725],[9.84397,33.55595],[9.85022,33.56536],[9.81906,33.63401],[9.82152,33.64534],[9.81421,33.65313],[9.81199,33.66289],[9.82586,33.65608],[9.84341,33.63128],[9.8701,33.61154],[9.87814,33.61066],[9.87852,33.60356],[9.88214,33.5994],[9.89469,33.60014],[9.90131,33.59199],[9.91747,33.58631],[9.92403,33.58877],[9.93565,33.58436],[9.95234,33.57229],[9.9899,33.57348],[10.00938,33.55168],[10.00718,33.54823],[10.01066,33.54101],[10.01419,33.54004],[10.01215,33.53502],[10.01452,33.52972],[10.01669,33.53318],[10.01967,33.53248],[10.02749,33.52203],[10.03858,33.5184],[10.04442,33.50505],[10.04267,33.50384],[10.05624,33.49209],[10.07124,33.48618],[10.09367,33.48689],[10.10163,33.49419],[10.09766,33.50504],[10.10044,33.51043],[10.11461,33.51608],[10.12979,33.51173],[10.12516,33.51618],[10.13179,33.52217],[10.12924,33.52412],[10.13438,33.53172],[10.1374,33.53235],[10.13366,33.5383],[10.13994,33.54436],[10.13921,33.54816],[10.1429,33.54911],[10.14415,33.57259],[10.15105,33.58566],[10.14691,33.58906],[10.15697,33.59768],[10.15599,33.6157],[10.14245,33.6547],[10.1398,33.71198],[10.13303,33.72268]]]}},{"type":"Feature","properties":{"id":"TUN:ADM2:11933810B21643194978673","name":"مطماطة","countryCode":"TUN","adminLevel":2,"sourceCode":"11933810B21643194978673","parentId":"TUN:ADM1:TUN-111"},"geometry":{"type":"Polygon","coordinates":[[[10.07124,33.48618],[10.05624,33.49209],[10.04267,33.50384],[10.04442,33.50505],[10.03858,33.5184],[10.02749,33.52203],[10.01967,33.53248],[10.01669,33.53318],[10.01452,33.52972],[10.01215,33.53502],[10.01419,33.54004],[10.01066,33.54101],[10.00718,33.54823],[10.00938,33.55168],[9.9899,33.57348],[9.95234,33.57229],[9.93565,33.58436],[9.92403,33.58877],[9.91747,33.58631],[9.90131,33.59199],[9.89469,33.60014],[9.88214,33.5994],[9.87852,33.60356],[9.87814,33.61066],[9.8701,33.61154],[9.84341,33.63128],[9.82586,33.65608],[9.81199,33.66289],[9.81421,33.65313],[9.82152,33.64534],[9.81906,33.63401],[9.85022,33.56536],[9.84397,33.55595],[9.84071,33.55725],[9.83318,33.55234],[9.83013,33.54508],[9.82685,33.5499],[9.81449,33.54931],[9.81261,33.54132],[9.80646,33.54436],[9.80328,33.53983],[9.79819,33.53932],[9.7733,33.55488],[9.73931,33.55797],[9.67656,33.57843],[9.65512,33.58078],[9.64114,33.58933],[9.61677,33.59079],[9.5904,33.58375],[9.58025,33.56609],[9.55984,33.55413],[9.54485,33.52269],[9.54739,33.51471],[9.53145,33.49745],[9.5168,33.49703],[9.50167,33.50182],[9.48828,33.49509],[9.49437,33.49652],[9.50458,33.49223],[9.51283,33.48275],[9.52862,33.47426],[9.53509,33.46733],[9.55002,33.46259],[9.55514,33.45879],[9.55647,33.45134],[9.57078,33.43974],[9.62226,33.41924],[9.62835,33.40604],[9.62972,33.39129],[9.63669,33.38365],[9.64827,33.35019],[9.67491,33.32699],[9.70964,33.28403],[9.72734,33.28641],[9.7671,33.27391],[9.79163,33.26988],[9.82855,33.28484],[9.89376,33.28751],[9.91683,33.29698],[9.9204,33.31688],[9.93671,33.32311],[9.94278,33.33371],[9.95092,33.33748],[9.96237,33.33765],[9.96872,33.3439],[9.97628,33.34418],[10.00835,33.36013],[10.02083,33.37319],[10.02808,33.37595],[10.03153,33.38407],[10.0273,33.3893],[10.03492,33.40244],[10.0313,33.40785],[10.04284,33.41663],[10.03709,33.43656],[10.04001,33.44236],[10.05483,33.44789],[10.06666,33.4564],[10.07735,33.4707],[10.07851,33.47746],[10.07124,33.48618]]]}},{"type":"Feature","properties":{"id":"TUN:ADM2:11933810B21725458188720","name":"قعفور","countryCode":"TUN","adminLevel":2,"sourceCode":"11933810B21725458188720","parentId":"TUN:ADM1:TUN-115"},"geometry":{"type":"Polygon","coordinates":[[[9.3153,36.37283],[9.2864,36.35982],[9.28035,36.35339],[9.27546,36.33866],[9.26362,36.32909],[9.25778,36.31844],[9.23435,36.30164],[9.23487,36.29403],[9.24026,36.29202],[9.22903,36.28759],[9.22912,36.27881],[9.21985,36.27908],[9.21826,36.26646],[9.2009,36.26796],[9.1917,36.25488],[9.1991,36.24972],[9.20118,36.23346],[9.23401,36.20798],[9.21678,36.1772],[9.22568,36.1573],[9.23433,36.14971],[9.24059,36.13386],[9.27732,36.14078],[9.27458,36.13513],[9.27672,36.13388],[9.29033,36.13444],[9.29857,36.14525],[9.31539,36.15333],[9.32243,36.13953],[9.3323,36.14036],[9.35144,36.15766],[9.37075,36.15052],[9.41448,36.15693],[9.43156,36.1405],[9.44542,36.14324],[9.45851,36.13981],[9.46954,36.14161],[9.47216,36.14674],[9.48491,36.14494],[9.49278,36.13979],[9.49457,36.14193],[9.48392,36.15319],[9.48455,36.15892],[9.47834,36.17106],[9.50564,36.16732],[9.527,36.17888],[9.52013,36.1814],[9.51812,36.18707],[9.50217,36.19979],[9.49893,36.21404],[9.48904,36.22176],[9.48005,36.23968],[9.4828,36.24731],[9.46748,36.25162],[9.4628,36.25714],[9.45475,36.25638],[9.4495,36.26116],[9.44152,36.26185],[9.43931,36.26702],[9.43207,36.26799],[9.42104,36.28216],[9.41783,36.29133],[9.41092,36.29577],[9.41186,36.30196],[9.40594,36.3066],[9.39431,36.30881],[9.38985,36.31732],[9.39328,36.32482],[9.38585,36.32382],[9.37798,36.33313],[9.37334,36.33308],[9.37201,36.32992],[9.37055,36.33606],[9.36586,36.33543],[9.36435,36.33818],[9.35534,36.33744],[9.35813,36.33338],[9.34641,36.33407],[9.34041,36.34769],[9.31873,36.35965],[9.3153,36.37283]]]}},{"type":"Feature","properties":{"id":"TUN:ADM2:11933810B21860369421282","name":"رأس الجبل","countryCode":"TUN","adminLevel":2,"sourceCode":"11933810B21860369421282","parentId":"TUN:ADM1:TUN-105"},"geometry":{"type":"Polygon","coordinates":[[[10.08695,37.241],[10.12446,37.23751],[10.14906,37.22815],[10.16086,37.22238],[10.16781,37.21487],[10.19466,37.20663],[10.19237,37.20435],[10.20857,37.19712],[10.20993,37.18945],[10.21758,37.18545],[10.26667,37.18155],[10.23373,37.17612],[10.20142,37.18032],[10.17861,37.1796],[10.1755,37.18234],[10.17172,37.18095],[10.16876,37.18552],[10.14466,37.18401],[10.10023,37.19702],[10.0802,37.21587],[10.07156,37.20896],[10.06437,37.20741],[10.04769,37.21497],[10.04016,37.20206],[10.02994,37.20416],[10.00856,37.21388],[10.00813,37.2181],[10.01401,37.22504],[10.01186,37.22926],[10.01647,37.22959],[10.00847,37.2356],[10.00898,37.2497],[10.05696,37.26543],[10.05983,37.26484],[10.07586,37.24494],[10.0842,37.24394],[10.08695,37.241]]]}},{"type":"Feature","properties":{"id":"TUN:ADM2:11933810B21943551709100","name":"جلمة","countryCode":"TUN","adminLevel":2,"sourceCode":"11933810B21943551709100","parentId":"TUN:ADM1:TUN-113"},"geometry":{"type":"Polygon","coordinates":[[[9.19785,35.37394],[9.21091,35.36126],[9.23852,35.35328],[9.24823,35.33579],[9.25691,35.33266],[9.27475,35.30543],[9.29635,35.29256],[9.30561,35.27446],[9.31364,35.26974],[9.31394,35.26019],[9.31922,35.25753],[9.32224,35.24989],[9.32999,35.24661],[9.33996,35.24876],[9.34428,35.24219],[9.35345,35.24378],[9.3554,35.2377],[9.36339,35.2381],[9.37108,35.22789],[9.38197,35.2235],[9.36973,35.16871],[9.3853,35.16393],[9.39543,35.16331],[9.39902,35.18442],[9.41219,35.1863],[9.42299,35.18493],[9.41734,35.17253],[9.43974,35.16396],[9.47485,35.17116],[9.487,35.19808],[9.49052,35.22415],[9.49738,35.23451],[9.52396,35.25343],[9.55779,35.25964],[9.56128,35.26804],[9.56616,35.26972],[9.55452,35.2749],[9.54961,35.28116],[9.54797,35.28997],[9.53227,35.31769],[9.53661,35.3222],[9.52728,35.33328],[9.53038,35.33693],[9.52708,35.3443],[9.45914,35.36355],[9.45967,35.36775],[9.46586,35.37045],[9.47444,35.38843],[9.48721,35.39245],[9.5052,35.40524],[9.50028,35.41158],[9.50513,35.4141],[9.49041,35.42377],[9.4883,35.42939],[9.48911,35.44053],[9.48501,35.44939],[9.48606,35.45495],[9.49114,35.45867],[9.49034,35.46347],[9.46617,35.47715],[9.46407,35.49309],[9.45476,35.48612],[9.4454,35.48448],[9.41294,35.48881],[9.40707,35.49549],[9.39527,35.49525],[9.36373,35.4793],[9.33936,35.47852],[9.33089,35.47552],[9.32621,35.46801],[9.29718,35.4562],[9.23188,35.4124],[9.20888,35.39176],[9.19785,35.37394]]]}},{"type":"Feature","properties":{"id":"TUN:ADM2:11933810B22312000664115","name":"نفزة","countryCode":"TUN","adminLevel":2,"sourceCode":"11933810B22312000664115","parentId":"TUN:ADM1:TUN-103"},"geometry":{"type":"Polygon","coordinates":[[[8.98513,37.10476],[9.00919,37.11889],[9.01208,37.12685],[9.02042,37.12788],[9.0262,37.13738],[9.07371,37.15637],[9.08211,37.15702],[9.09013,37.15044],[9.09151,37.14194],[9.09666,37.1362],[9.1038,37.13028],[9.11159,37.12861],[9.10598,37.11686],[9.0916,37.11246],[9.09195,37.1071],[9.08468,37.10171],[9.07457,37.08208],[9.09554,37.06934],[9.10835,37.0465],[9.11332,37.0509],[9.1197,37.04742],[9.13799,37.04897],[9.14626,37.05417],[9.16961,37.05528],[9.18718,37.05064],[9.2066,37.02759],[9.2087,37.01599],[9.2046,37.01044],[9.21608,37.00316],[9.21488,36.98024],[9.2037,36.97037],[9.23158,36.9573],[9.24046,36.94475],[9.26024,36.92853],[9.24722,36.91765],[9.24548,36.91159],[9.23274,36.91173],[9.22058,36.92198],[9.21558,36.91612],[9.18084,36.91821],[9.16985,36.90379],[9.14282,36.89081],[9.14867,36.88194],[9.16255,36.88177],[9.17065,36.8699],[9.18038,36.86692],[9.15229,36.85367],[9.14378,36.84634],[9.13013,36.84996],[9.12297,36.85526],[9.11411,36.85512],[9.1151,36.84681],[9.10612,36.84358],[9.1091,36.84119],[9.09939,36.83473],[9.10256,36.82961],[9.09257,36.82598],[9.08709,36.81885],[9.0775,36.82739],[9.07689,36.83455],[9.06988,36.83473],[9.06347,36.83971],[9.07617,36.85244],[9.07208,36.86153],[9.06042,36.86654],[9.06111,36.87506],[9.05268,36.88397],[9.04453,36.88492],[9.04302,36.89076],[9.03121,36.89205],[9.02553,36.89666],[9.01247,36.88537],[8.99817,36.88545],[8.98098,36.89526],[8.97029,36.9068],[8.92776,36.92363],[8.92635,36.93226],[8.93295,36.94449],[8.94368,36.9504],[8.94131,36.95392],[8.93625,36.95391],[8.93841,36.95763],[8.93384,36.95732],[8.93249,36.9646],[8.9257,36.9733],[8.92311,36.97986],[8.92625,36.98427],[8.92463,36.98817],[8.88456,37.00862],[8.89971,37.02022],[8.90366,37.02167],[8.92579,37.03889],[8.93206,37.04501],[8.95436,37.0621],[8.96269,37.07675],[8.97039,37.08138],[8.98481,37.09834],[8.98449,37.10296],[8.97923,37.10385],[8.9794,37.1041],[8.98513,37.10476]]]}},{"type":"Feature","properties":{"id":"TUN:ADM2:11933810B22764087432985","name":"جربة حومة السوق","countryCode":"TUN","adminLevel":2,"sourceCode":"11933810B22764087432985","parentId":"TUN:ADM1:TUN-96"},"geometry":{"type":"Polygon","coordinates":[[[10.97279,33.83976],[10.96625,33.82625],[10.94771,33.81817],[10.94927,33.81186],[10.92856,33.80755],[10.91994,33.81347],[10.91885,33.81059],[10.91155,33.81132],[10.90573,33.80809],[10.89842,33.81658],[10.88324,33.80118],[10.86124,33.792],[10.84652,33.7861],[10.84361,33.78965],[10.85008,33.80296],[10.8508,33.81315],[10.84177,33.82022],[10.81807,33.81922],[10.80344,33.82297],[10.78868,33.83058],[10.78818,33.83405],[10.77277,33.83827],[10.77116,33.84511],[10.74892,33.84047],[10.74291,33.85472],[10.744,33.85985],[10.74774,33.85657],[10.75129,33.86078],[10.74517,33.87043],[10.74573,33.87329],[10.74799,33.87186],[10.74547,33.87436],[10.7478,33.8806],[10.74114,33.87871],[10.74393,33.88723],[10.7531,33.8901],[10.77838,33.89533],[10.85426,33.88166],[10.8685,33.8809],[10.87566,33.87769],[10.88268,33.87938],[10.89407,33.87484],[10.91075,33.87342],[10.93193,33.87512],[10.9348,33.87794],[10.93601,33.88286],[10.92784,33.89384],[10.93077,33.89547],[10.95973,33.86612],[10.98459,33.84699],[10.97279,33.83976]]]}},{"type":"Feature","properties":{"id":"TUN:ADM2:11933810B23225476199680","name":"العمران","countryCode":"TUN","adminLevel":2,"sourceCode":"11933810B23225476199680","parentId":"TUN:ADM1:TUN-108"},"geometry":{"type":"Polygon","coordinates":[[[10.1745,36.81269],[10.17623,36.81666],[10.168,36.82102],[10.16905,36.82514],[10.16539,36.82953],[10.15922,36.82962],[10.15572,36.83323],[10.13821,36.82164],[10.15551,36.80935],[10.1745,36.81269]]]}},{"type":"Feature","properties":{"id":"TUN:ADM2:11933810B23318166280957","name":"الروحية","countryCode":"TUN","adminLevel":2,"sourceCode":"11933810B23318166280957","parentId":"TUN:ADM1:TUN-115"},"geometry":{"type":"Polygon","coordinates":[[[9.01244,35.70111],[8.97997,35.68676],[8.97658,35.68169],[8.96765,35.68176],[8.96401,35.67687],[8.98184,35.67667],[9.00011,35.66617],[8.98602,35.66326],[8.98888,35.64732],[8.99727,35.63652],[8.99419,35.63302],[9.02371,35.62836],[9.04845,35.63444],[9.05553,35.62175],[9.07997,35.61263],[9.08692,35.60051],[9.09137,35.61176],[9.10159,35.61755],[9.10141,35.62414],[9.10528,35.62666],[9.11472,35.62754],[9.13199,35.61019],[9.1507,35.61941],[9.16684,35.61203],[9.17449,35.61698],[9.17061,35.60549],[9.17829,35.60491],[9.19244,35.59433],[9.18381,35.58496],[9.18593,35.5784],[9.18145,35.57419],[9.18108,35.56266],[9.19134,35.55742],[9.20513,35.5558],[9.2143,35.54277],[9.22536,35.54213],[9.22975,35.54545],[9.26799,35.5535],[9.27408,35.54567],[9.26914,35.54088],[9.27025,35.53233],[9.28143,35.53075],[9.29348,35.53477],[9.30161,35.52305],[9.30821,35.52094],[9.31038,35.51352],[9.32231,35.51086],[9.32259,35.50108],[9.33019,35.49251],[9.323,35.48849],[9.33313,35.47764],[9.36373,35.4793],[9.39527,35.49525],[9.40707,35.49549],[9.41294,35.48881],[9.4454,35.48448],[9.45476,35.48612],[9.46407,35.49309],[9.44236,35.50231],[9.44161,35.51312],[9.43199,35.53122],[9.43345,35.53426],[9.41009,35.54574],[9.39588,35.54773],[9.39485,35.55433],[9.39831,35.55936],[9.41335,35.55948],[9.41992,35.56318],[9.42257,35.57639],[9.40865,35.57114],[9.39591,35.58277],[9.39234,35.58201],[9.38932,35.59603],[9.38022,35.59904],[9.36947,35.59748],[9.35921,35.61175],[9.3566,35.62149],[9.3484,35.62972],[9.31785,35.65154],[9.30622,35.65417],[9.30259,35.66413],[9.27131,35.69477],[9.26479,35.69914],[9.25336,35.69907],[9.2549,35.70766],[9.23004,35.7214],[9.2307,35.72778],[9.22352,35.73134],[9.22304,35.73817],[9.21298,35.74084],[9.20449,35.75148],[9.19332,35.75386],[9.17993,35.76848],[9.17796,35.77691],[9.16809,35.78589],[9.16483,35.78401],[9.15792,35.79418],[9.12818,35.78923],[9.13088,35.80507],[9.12183,35.8185],[9.12895,35.82073],[9.12773,35.83481],[9.12515,35.8362],[9.11906,35.83526],[9.10702,35.82461],[9.09419,35.81882],[9.09103,35.80182],[9.07979,35.79336],[9.08091,35.78988],[9.07631,35.7884],[9.07674,35.78314],[9.06668,35.7818],[9.04338,35.76497],[9.03847,35.78403],[9.03019,35.77707],[9.02285,35.7638],[9.0177,35.76246],[9.03439,35.73016],[9.03704,35.70284],[9.0456,35.6805],[9.04,35.68182],[9.03026,35.69156],[9.02084,35.69282],[9.01244,35.70111]]]}},{"type":"Feature","properties":{"id":"TUN:ADM2:11933810B23550451682072","name":"المكنين","countryCode":"TUN","adminLevel":2,"sourceCode":"11933810B23550451682072","parentId":"TUN:ADM1:TUN-117"},"geometry":{"type":"Polygon","coordinates":[[[10.73552,35.48736],[10.73086,35.4745],[10.75355,35.46373],[10.75966,35.44978],[10.76675,35.44896],[10.76995,35.44356],[10.77754,35.44022],[10.77559,35.43484],[10.78157,35.43481],[10.78134,35.42721],[10.79714,35.42871],[10.79987,35.42303],[10.80852,35.42302],[10.81531,35.43321],[10.82517,35.43019],[10.82588,35.43529],[10.83354,35.43406],[10.84287,35.43731],[10.84692,35.45128],[10.83724,35.45628],[10.84328,35.46399],[10.84403,35.46697],[10.83966,35.46801],[10.84733,35.48359],[10.85165,35.48682],[10.85906,35.48319],[10.86716,35.48685],[10.86895,35.49535],[10.87337,35.49891],[10.87615,35.49661],[10.89362,35.50681],[10.91042,35.50407],[10.92428,35.50784],[10.9159,35.51802],[10.92188,35.52363],[10.92151,35.5297],[10.92892,35.52925],[10.9374,35.54257],[10.9466,35.54275],[10.9341,35.55525],[10.92775,35.567],[10.9346,35.56828],[10.93068,35.57015],[10.93385,35.57708],[10.9288,35.57736],[10.92926,35.58128],[10.91296,35.5851],[10.91329,35.59046],[10.90709,35.59316],[10.91286,35.59393],[10.90957,35.5987],[10.91199,35.59973],[10.91058,35.60396],[10.91768,35.60199],[10.91414,35.60509],[10.92147,35.60423],[10.92093,35.60822],[10.92619,35.61136],[10.92953,35.60924],[10.9344,35.61342],[10.93107,35.64184],[10.93443,35.64637],[10.92494,35.65077],[10.92348,35.64599],[10.91094,35.65108],[10.90776,35.64428],[10.90504,35.64571],[10.88938,35.63477],[10.87164,35.63017],[10.87395,35.61633],[10.85657,35.61096],[10.85001,35.61227],[10.82938,35.59277],[10.8358,35.57821],[10.83332,35.57013],[10.85196,35.55464],[10.84407,35.55161],[10.84694,35.54633],[10.83006,35.54198],[10.81416,35.5306],[10.80414,35.52914],[10.8074,35.52631],[10.80277,35.52415],[10.80311,35.51105],[10.80043,35.50766],[10.78375,35.50403],[10.78219,35.49738],[10.77782,35.50139],[10.75999,35.50178],[10.75445,35.49546],[10.73911,35.50337],[10.73552,35.48736]]]}},{"type":"Feature","properties":{"id":"TUN:ADM2:11933810B24040773299461","name":"منيهلة","countryCode":"TUN","adminLevel":2,"sourceCode":"11933810B24040773299461","parentId":"TUN:ADM1:TUN-102"},"geometry":{"type":"Polygon","coordinates":[[[10.07591,36.87239],[10.07767,36.86934],[10.07495,36.86454],[10.07929,36.86212],[10.08906,36.84425],[10.09391,36.83977],[10.10563,36.84538],[10.11183,36.83819],[10.11681,36.83989],[10.11672,36.84454],[10.14635,36.85477],[10.13927,36.8624],[10.13795,36.8689],[10.14866,36.87633],[10.14581,36.87875],[10.14828,36.87904],[10.13841,36.88096],[10.13053,36.88857],[10.11911,36.887],[10.11728,36.88953],[10.1053,36.88672],[10.09578,36.87719],[10.07591,36.87239]]]}},{"type":"Feature","properties":{"id":"TUN:ADM2:11933810B24565531401721","name":"السند","countryCode":"TUN","adminLevel":2,"sourceCode":"11933810B24565531401721","parentId":"TUN:ADM1:TUN-112"},"geometry":{"type":"Polygon","coordinates":[[[9.05531,34.3812],[9.06734,34.37845],[9.09235,34.37956],[9.13756,34.39393],[9.18723,34.39626],[9.20029,34.40272],[9.20561,34.40012],[9.22014,34.40772],[9.23566,34.42394],[9.24369,34.42875],[9.25351,34.42918],[9.27531,34.45563],[9.30086,34.45546],[9.31742,34.46557],[9.3207,34.47255],[9.31715,34.48951],[9.32365,34.4992],[9.31015,34.50158],[9.31256,34.50791],[9.33807,34.52941],[9.33364,34.53544],[9.33469,34.54315],[9.34366,34.55913],[9.35023,34.56295],[9.34782,34.56748],[9.31424,34.55227],[9.30608,34.55768],[9.31286,34.56529],[9.29649,34.56627],[9.29306,34.58039],[9.2797,34.57583],[9.27029,34.5684],[9.2548,34.57867],[9.27759,34.62472],[9.27201,34.63421],[9.27174,34.64546],[9.28191,34.66024],[9.26828,34.67066],[9.26937,34.6756],[9.2632,34.68384],[9.2278,34.70833],[9.19618,34.70611],[9.19055,34.69297],[9.15375,34.70578],[9.12864,34.6748],[9.11999,34.66892],[9.11512,34.66068],[9.11749,34.65699],[9.10597,34.64076],[9.10518,34.63506],[9.11105,34.63265],[9.09925,34.62456],[9.09511,34.61239],[9.05289,34.62447],[9.05403,34.60811],[9.02385,34.57854],[9.01715,34.57546],[9.00716,34.55382],[8.97031,34.49859],[8.98522,34.486],[8.99376,34.46845],[9.00363,34.45688],[9.00896,34.4371],[9.02859,34.42022],[9.0322,34.40874],[9.05531,34.3812]]]}},{"type":"Feature","properties":{"id":"TUN:ADM2:11933810B25147295271575","name":"الحمامات","countryCode":"TUN","adminLevel":2,"sourceCode":"11933810B25147295271575","parentId":"TUN:ADM1:TUN-107"},"geometry":{"type":"Polygon","coordinates":[[[10.50547,36.30836],[10.4963,36.31301],[10.4962,36.32406],[10.51403,36.34199],[10.53185,36.37038],[10.50649,36.39177],[10.47468,36.35348],[10.45458,36.36787],[10.42577,36.37699],[10.4124,36.37964],[10.40154,36.37786],[10.38785,36.38433],[10.36729,36.38287],[10.3553,36.40277],[10.35463,36.41243],[10.34442,36.42348],[10.34409,36.43401],[10.34746,36.43665],[10.34491,36.44471],[10.35155,36.45327],[10.34555,36.46687],[10.35282,36.47792],[10.34767,36.48785],[10.38311,36.48559],[10.39127,36.49059],[10.40912,36.48277],[10.4153,36.48387],[10.47225,36.51033],[10.47988,36.51133],[10.4955,36.50645],[10.49678,36.50124],[10.51571,36.49153],[10.5344,36.4974],[10.53854,36.484],[10.54863,36.47732],[10.55547,36.47753],[10.55752,36.48267],[10.57859,36.49155],[10.58297,36.47915],[10.57195,36.46531],[10.57074,36.45894],[10.57924,36.46636],[10.5902,36.47017],[10.5976,36.46696],[10.60084,36.46014],[10.62369,36.46124],[10.6195,36.46337],[10.63291,36.46249],[10.64096,36.46568],[10.63983,36.46879],[10.64832,36.46773],[10.66095,36.45367],[10.67808,36.44385],[10.67412,36.43961],[10.68569,36.42597],[10.67332,36.42028],[10.65797,36.40746],[10.65164,36.40456],[10.62963,36.39968],[10.61657,36.39215],[10.59868,36.40344],[10.56727,36.39357],[10.55093,36.37921],[10.54856,36.37623],[10.5492,36.3751],[10.54862,36.37437],[10.54492,36.37684],[10.54313,36.37603],[10.54625,36.37545],[10.54373,36.37268],[10.54612,36.37125],[10.54565,36.37066],[10.54171,36.36951],[10.52581,36.34727],[10.5237,36.34323],[10.51909,36.33747],[10.51508,36.32674],[10.50547,36.30836]]]}},{"type":"Feature","properties":{"id":"TUN:ADM2:11933810B26016099352541","name":"الجريصة","countryCode":"TUN","adminLevel":2,"sourceCode":"11933810B26016099352541","parentId":"TUN:ADM1:TUN-109"},"geometry":{"type":"Polygon","coordinates":[[[8.7086,35.78913],[8.74936,35.80523],[8.7608,35.80397],[8.76184,35.80692],[8.74313,35.82251],[8.72,35.85621],[8.7161,35.87517],[8.70057,35.88506],[8.66172,35.88348],[8.64497,35.88885],[8.60168,35.86662],[8.613,35.86137],[8.60586,35.85442],[8.60638,35.84716],[8.60118,35.84242],[8.58312,35.85169],[8.54207,35.85148],[8.53777,35.84602],[8.53696,35.81776],[8.55288,35.81639],[8.5835,35.79767],[8.59051,35.79727],[8.59069,35.79121],[8.5966,35.78965],[8.59534,35.78649],[8.60024,35.78233],[8.60303,35.76665],[8.62339,35.74353],[8.63188,35.74312],[8.63637,35.75491],[8.6503,35.7506],[8.65488,35.75575],[8.66633,35.75936],[8.66928,35.77725],[8.6673,35.78781],[8.67588,35.78815],[8.68463,35.78326],[8.70043,35.79088],[8.7086,35.78913]]]}},{"type":"Feature","properties":{"id":"TUN:ADM2:11933810B2611958153952","name":"البطان","countryCode":"TUN","adminLevel":2,"sourceCode":"11933810B2611958153952","parentId":"TUN:ADM1:TUN-102"},"geometry":{"type":"Polygon","coordinates":[[[9.77491,36.72963],[9.7898,36.73594],[9.79678,36.74763],[9.81916,36.74072],[9.82027,36.74472],[9.82906,36.74671],[9.84041,36.74097],[9.86533,36.75045],[9.85782,36.76747],[9.86802,36.77242],[9.88025,36.78974],[9.87229,36.79512],[9.86733,36.81191],[9.85984,36.81753],[9.85366,36.81784],[9.85141,36.80965],[9.84823,36.80831],[9.82818,36.81573],[9.82596,36.81818],[9.83331,36.82662],[9.8321,36.82865],[9.81865,36.82663],[9.81049,36.8288],[9.8062,36.81539],[9.80379,36.81894],[9.79573,36.81536],[9.78336,36.8187],[9.77549,36.82438],[9.71704,36.80795],[9.71777,36.80043],[9.71291,36.79701],[9.71451,36.79418],[9.69482,36.79299],[9.66761,36.78513],[9.66874,36.78307],[9.6643,36.78155],[9.65817,36.78077],[9.65152,36.78569],[9.64633,36.79558],[9.64697,36.80398],[9.64267,36.80347],[9.62998,36.79359],[9.62747,36.7808],[9.61649,36.77663],[9.64691,36.75774],[9.68133,36.75432],[9.69646,36.74485],[9.70815,36.74371],[9.71191,36.7416],[9.70837,36.73924],[9.71379,36.73326],[9.73792,36.72255],[9.7366,36.71481],[9.74179,36.71212],[9.76227,36.73094],[9.77491,36.72963]]]}},{"type":"Feature","properties":{"id":"TUN:ADM2:11933810B26778140305408","name":"المنستير","countryCode":"TUN","adminLevel":2,"sourceCode":"11933810B26778140305408","parentId":"TUN:ADM1:TUN-117"},"geometry":{"type":"Polygon","coordinates":[[[10.82554,35.74574],[10.82547,35.73759],[10.82274,35.74023],[10.81998,35.73057],[10.82437,35.7217],[10.82003,35.72088],[10.82475,35.71669],[10.81667,35.72032],[10.83303,35.69751],[10.82128,35.69171],[10.79946,35.71363],[10.76508,35.7037],[10.75249,35.71362],[10.76374,35.72259],[10.77691,35.7437],[10.77009,35.74245],[10.73758,35.74849],[10.70142,35.7604],[10.68101,35.78064],[10.68548,35.78745],[10.72697,35.7672],[10.74646,35.76515],[10.77554,35.7743],[10.78057,35.78005],[10.79485,35.77877],[10.80646,35.78507],[10.81927,35.78232],[10.82309,35.78046],[10.84142,35.76655],[10.83129,35.75438],[10.83076,35.7543],[10.8308,35.75378],[10.83034,35.75323],[10.82778,35.74449],[10.82554,35.74574]]]}},{"type":"Feature","properties":{"id":"TUN:ADM2:11933810B27074780106305","name":"الزهور","countryCode":"TUN","adminLevel":2,"sourceCode":"11933810B27074780106305","parentId":"TUN:ADM1:TUN-108"},"geometry":{"type":"Polygon","coordinates":[[[10.12261,36.79497],[10.13079,36.78632],[10.14818,36.79225],[10.14858,36.7977],[10.15515,36.79893],[10.13682,36.80177],[10.12261,36.79497]]]}},{"type":"Feature","properties":{"id":"TUN:ADM2:11933810B27365957956997","name":"العامرة","countryCode":"TUN","adminLevel":2,"sourceCode":"11933810B27365957956997","parentId":"TUN:ADM1:TUN-114"},"geometry":{"type":"Polygon","coordinates":[[[10.86037,34.85881],[10.8656,34.86874],[10.84566,34.88531],[10.84344,34.87821],[10.83304,34.88603],[10.82588,34.88101],[10.81487,34.8924],[10.81496,34.90583],[10.80119,34.92654],[10.79627,34.95346],[10.79765,34.96787],[10.79455,34.97439],[10.79964,34.97914],[10.80753,34.99757],[10.81726,34.99596],[10.83697,34.9862],[10.84497,34.99433],[10.85832,34.98829],[10.85967,35.00544],[10.8437,35.01272],[10.8442,35.01618],[10.84224,35.02159],[10.86001,35.01366],[10.86037,35.02687],[10.87179,35.03415],[10.92032,35.00865],[10.92698,35.01],[10.92106,35.01363],[10.92354,35.01845],[10.93377,35.01116],[10.9441,35.01589],[10.97062,34.99916],[10.95813,34.9933],[10.94799,34.98441],[10.94586,34.98353],[10.92763,34.96665],[10.92492,34.96736],[10.92506,34.96428],[10.91765,34.95742],[10.92134,34.94565],[10.92119,34.94518],[10.92253,34.92815],[10.91652,34.91332],[10.91636,34.87897],[10.90934,34.87101],[10.9109,34.87031],[10.91002,34.86978],[10.90805,34.87048],[10.90222,34.8651],[10.8755,34.84907],[10.87204,34.84599],[10.86037,34.85881]]]}},{"type":"Feature","properties":{"id":"TUN:ADM2:11933810B27500273818749","name":"Bou Salem","countryCode":"TUN","adminLevel":2,"sourceCode":"11933810B27500273818749","parentId":"TUN:ADM1:TUN-106"},"geometry":{"type":"Polygon","coordinates":[[[9.02043,36.65924],[9.01814,36.6625],[9.00973,36.65958],[9.01171,36.65421],[9.00613,36.6478],[9.00939,36.6434],[9.00493,36.64064],[9.00441,36.62576],[8.97508,36.61141],[8.96097,36.61051],[8.95741,36.61818],[8.94039,36.61441],[8.93876,36.61799],[8.92424,36.61411],[8.92179,36.61776],[8.92772,36.62186],[8.92338,36.62182],[8.92162,36.62716],[8.93287,36.62985],[8.93314,36.63251],[8.92915,36.63599],[8.92006,36.63302],[8.91939,36.64125],[8.90862,36.63923],[8.87816,36.62221],[8.8398,36.61209],[8.83762,36.6082],[8.84581,36.59439],[8.86264,36.58826],[8.86981,36.57825],[8.89202,36.57636],[8.89706,36.5717],[8.89303,36.55757],[8.90177,36.53939],[8.89303,36.53504],[8.89303,36.52882],[8.8972,36.52414],[8.89613,36.51486],[8.89946,36.51094],[8.89755,36.50606],[8.90743,36.49526],[8.92313,36.48828],[8.92159,36.48292],[8.92872,36.47881],[8.92834,36.47039],[8.93967,36.45343],[8.96301,36.45998],[8.98466,36.45996],[8.99822,36.46526],[9.03671,36.4651],[9.04062,36.46016],[9.04437,36.46301],[9.04804,36.47461],[9.05201,36.47681],[9.05141,36.48413],[9.04377,36.49086],[9.05066,36.50206],[9.04308,36.50552],[9.05824,36.51546],[9.06637,36.52618],[9.07525,36.52654],[9.06754,36.54063],[9.07677,36.55076],[9.06761,36.5817],[9.07288,36.585],[9.06783,36.59021],[9.07585,36.59819],[9.06135,36.60628],[9.06283,36.61099],[9.05461,36.61648],[9.04257,36.63954],[9.03107,36.64364],[9.02043,36.65924]]]}},{"type":"Feature","properties":{"id":"TUN:ADM2:11933810B27831601054676","name":"قرمبالية","countryCode":"TUN","adminLevel":2,"sourceCode":"11933810B27831601054676","parentId":"TUN:ADM1:TUN-107"},"geometry":{"type":"Polygon","coordinates":[[[10.40386,36.70133],[10.39784,36.69651],[10.39442,36.68384],[10.39153,36.64482],[10.36588,36.64581],[10.37305,36.63917],[10.36681,36.63585],[10.3743,36.62837],[10.37205,36.61492],[10.34378,36.5915],[10.3323,36.57696],[10.33323,36.57413],[10.33722,36.57423],[10.34943,36.58037],[10.3627,36.58252],[10.37997,36.56555],[10.37746,36.55938],[10.37874,36.54399],[10.36049,36.54086],[10.34809,36.53393],[10.35457,36.51597],[10.34425,36.51348],[10.34,36.49806],[10.34767,36.48785],[10.38311,36.48559],[10.39127,36.49059],[10.40912,36.48277],[10.43096,36.48914],[10.43903,36.49694],[10.47225,36.51033],[10.48788,36.50934],[10.50028,36.5233],[10.49277,36.54096],[10.5035,36.54618],[10.50855,36.54425],[10.51426,36.5485],[10.52192,36.54669],[10.54899,36.56685],[10.55245,36.57286],[10.55136,36.57729],[10.57892,36.58697],[10.58154,36.60367],[10.56142,36.61721],[10.5531,36.62709],[10.53361,36.6162],[10.52995,36.62766],[10.51685,36.6433],[10.51604,36.6391],[10.50444,36.65748],[10.46352,36.68817],[10.45699,36.69026],[10.43789,36.68824],[10.43438,36.69506],[10.40386,36.70133]]]}},{"type":"Feature","properties":{"id":"TUN:ADM2:11933810B2824472069390","name":"مرناق","countryCode":"TUN","adminLevel":2,"sourceCode":"11933810B2824472069390","parentId":"TUN:ADM1:TUN-104"},"geometry":{"type":"Polygon","coordinates":[[[10.19242,36.65231],[10.17347,36.65084],[10.1623,36.64048],[10.13004,36.64034],[10.12649,36.62732],[10.13551,36.61444],[10.1399,36.6008],[10.14533,36.60173],[10.14766,36.59265],[10.14324,36.57896],[10.14628,36.57293],[10.14526,36.56659],[10.15108,36.56957],[10.15034,36.56409],[10.15559,36.55211],[10.15242,36.54721],[10.16419,36.54748],[10.16512,36.5326],[10.18185,36.52203],[10.19285,36.51914],[10.19881,36.51237],[10.25113,36.50524],[10.25602,36.50798],[10.27082,36.50341],[10.25229,36.47048],[10.24997,36.46074],[10.25325,36.4511],[10.26922,36.4551],[10.27136,36.45039],[10.27967,36.44671],[10.28015,36.45543],[10.29015,36.46483],[10.34767,36.48785],[10.34,36.49806],[10.34425,36.51348],[10.35457,36.51597],[10.34809,36.53393],[10.36049,36.54086],[10.37874,36.54399],[10.37746,36.55938],[10.38042,36.56186],[10.37997,36.56555],[10.3627,36.58252],[10.34943,36.58037],[10.33722,36.57423],[10.33323,36.57413],[10.3323,36.57696],[10.34378,36.5915],[10.37205,36.61492],[10.3744,36.62271],[10.3743,36.62837],[10.36681,36.63585],[10.37305,36.63917],[10.36116,36.64693],[10.36474,36.64838],[10.3683,36.6565],[10.36233,36.67667],[10.36292,36.69537],[10.33546,36.70523],[10.29021,36.69006],[10.28271,36.71189],[10.27317,36.71604],[10.26418,36.71479],[10.25324,36.72501],[10.24732,36.72179],[10.25047,36.70508],[10.24087,36.68848],[10.23164,36.6833],[10.23577,36.681],[10.23476,36.67573],[10.23818,36.6737],[10.22442,36.65825],[10.21457,36.65287],[10.19242,36.65231]]]}},{"type":"Feature","properties":{"id":"TUN:ADM2:11933810B29604582719412","name":"باجة الجنوبية","countryCode":"TUN","adminLevel":2,"sourceCode":"11933810B29604582719412","parentId":"TUN:ADM1:TUN-103"},"geometry":{"type":"Polygon","coordinates":[[[9.02043,36.65924],[9.03107,36.64364],[9.04257,36.63954],[9.05461,36.61648],[9.06283,36.61099],[9.06135,36.60628],[9.0689,36.59981],[9.07585,36.59819],[9.07853,36.6025],[9.08467,36.60117],[9.09248,36.59289],[9.09671,36.59802],[9.10438,36.56961],[9.11788,36.5606],[9.12202,36.55393],[9.1233,36.54265],[9.12903,36.53773],[9.13278,36.53587],[9.1421,36.54075],[9.15852,36.54199],[9.16947,36.53637],[9.1804,36.53683],[9.20005,36.53908],[9.20785,36.5507],[9.2283,36.56659],[9.23215,36.58147],[9.23683,36.58755],[9.25028,36.59421],[9.25505,36.60732],[9.26433,36.61418],[9.25996,36.6169],[9.26582,36.62539],[9.27614,36.61886],[9.28979,36.62771],[9.29807,36.61729],[9.29846,36.62677],[9.30328,36.63125],[9.30766,36.63055],[9.30644,36.63552],[9.32281,36.63905],[9.32955,36.65511],[9.32315,36.66663],[9.33047,36.68141],[9.34866,36.69453],[9.33643,36.70673],[9.32231,36.70096],[9.29971,36.70426],[9.27051,36.72061],[9.26072,36.73141],[9.22071,36.73654],[9.2065,36.72989],[9.18829,36.72686],[9.17609,36.71517],[9.17019,36.72068],[9.17289,36.72338],[9.17154,36.72639],[9.16376,36.72604],[9.13856,36.70915],[9.09222,36.69155],[9.07676,36.68137],[9.07229,36.6832],[9.06662,36.67467],[9.05873,36.67045],[9.04821,36.67026],[9.04435,36.6633],[9.03258,36.65872],[9.02043,36.65924]]]}},{"type":"Feature","properties":{"id":"TUN:ADM2:11933810B29864184441707","name":"بئر مشارقة","countryCode":"TUN","adminLevel":2,"sourceCode":"11933810B29864184441707","parentId":"TUN:ADM1:TUN-120"},"geometry":{"type":"Polygon","coordinates":[[[10.1399,36.6008],[10.10753,36.58095],[10.10298,36.58257],[10.08808,36.59497],[10.09022,36.59622],[10.04354,36.61963],[10.03693,36.62954],[10.03525,36.63985],[10.02379,36.64893],[10.02892,36.65437],[10.01746,36.66277],[9.99856,36.64406],[9.99291,36.63094],[9.98083,36.61747],[9.96276,36.61461],[9.94978,36.60698],[9.93794,36.59454],[9.93562,36.58474],[9.92172,36.57621],[9.90247,36.55297],[9.88882,36.57264],[9.86402,36.57501],[9.83866,36.56659],[9.82404,36.53022],[9.7971,36.52363],[9.78397,36.511],[9.78414,36.5005],[9.77565,36.48734],[9.76824,36.48551],[9.75937,36.48885],[9.75167,36.47795],[9.73293,36.46962],[9.73965,36.46574],[9.73554,36.46161],[9.73917,36.45074],[9.74779,36.44982],[9.74516,36.44688],[9.75429,36.4424],[9.76364,36.4469],[9.78554,36.4746],[9.79762,36.48267],[9.81092,36.4843],[9.82569,36.48092],[9.83152,36.47381],[9.84324,36.47191],[9.84497,36.46639],[9.86434,36.45451],[9.86712,36.44864],[9.87244,36.45098],[9.88594,36.44571],[9.89809,36.43456],[9.91794,36.44413],[9.91722,36.45296],[9.91347,36.4566],[9.93201,36.47274],[9.94585,36.46722],[9.94777,36.46456],[9.9443,36.45889],[9.9471,36.46114],[9.95732,36.45953],[9.95808,36.45511],[9.95447,36.45005],[9.95636,36.44452],[9.96037,36.44286],[9.96066,36.43552],[9.96899,36.43097],[9.97095,36.42641],[9.95947,36.4173],[9.94423,36.42371],[9.9453,36.41996],[9.94057,36.41948],[9.94299,36.41713],[9.93403,36.4127],[9.93326,36.40257],[9.93835,36.40073],[9.93942,36.39688],[9.94945,36.39332],[9.9619,36.40199],[9.97444,36.40521],[10.00729,36.4024],[10.01285,36.4099],[10.04929,36.40934],[10.05733,36.42002],[10.05873,36.4287],[10.06735,36.43791],[10.06309,36.4486],[10.07066,36.45905],[10.07098,36.46873],[10.08257,36.4847],[10.14155,36.48128],[10.14792,36.48807],[10.17622,36.49923],[10.18188,36.50399],[10.18214,36.51182],[10.19285,36.51914],[10.18185,36.52203],[10.16512,36.5326],[10.16419,36.54748],[10.15242,36.54721],[10.15559,36.55211],[10.15034,36.56409],[10.15108,36.56957],[10.14526,36.56659],[10.14628,36.57293],[10.14324,36.57896],[10.14766,36.59265],[10.14533,36.60173],[10.1399,36.6008]]]}},{"type":"Feature","properties":{"id":"TUN:ADM2:11933810B30023985357701","name":"سوق الجديد","countryCode":"TUN","adminLevel":2,"sourceCode":"11933810B30023985357701","parentId":"TUN:ADM1:TUN-113"},"geometry":{"type":"Polygon","coordinates":[[[9.63136,34.78572],[9.62892,34.79597],[9.63247,34.80088],[9.62646,34.82157],[9.62858,34.82606],[9.63781,34.82974],[9.63608,34.84514],[9.6311,34.85112],[9.63935,34.8603],[9.62868,34.86936],[9.64525,34.87801],[9.63765,34.88792],[9.64711,34.89634],[9.66136,34.93039],[9.67098,34.93145],[9.703,34.9522],[9.69653,34.95866],[9.65984,34.97678],[9.64111,34.97586],[9.61903,34.98392],[9.6138,34.98017],[9.604,34.98895],[9.60178,34.98615],[9.60476,34.98452],[9.59423,34.98181],[9.57825,34.96423],[9.56527,34.96685],[9.563,34.97258],[9.55374,34.97473],[9.51522,34.96783],[9.55502,34.96318],[9.54098,34.92747],[9.54543,34.92042],[9.5008,34.9029],[9.48875,34.88486],[9.46149,34.86001],[9.45537,34.83168],[9.45159,34.83007],[9.44545,34.81776],[9.44182,34.79389],[9.42066,34.78474],[9.41343,34.78859],[9.40542,34.78833],[9.40419,34.77953],[9.41495,34.77042],[9.45245,34.7768],[9.45812,34.77388],[9.49817,34.77332],[9.5273,34.76519],[9.55224,34.77498],[9.55935,34.75648],[9.57448,34.74583],[9.58895,34.75419],[9.61212,34.7611],[9.61475,34.7702],[9.63136,34.78572]]]}},{"type":"Feature","properties":{"id":"TUN:ADM2:11933810B3034727793195","name":"تستور","countryCode":"TUN","adminLevel":2,"sourceCode":"11933810B3034727793195","parentId":"TUN:ADM1:TUN-103"},"geometry":{"type":"Polygon","coordinates":[[[9.53745,36.4495],[9.54671,36.46172],[9.54631,36.46946],[9.55161,36.48351],[9.53266,36.49953],[9.52594,36.50017],[9.53877,36.50589],[9.5533,36.5191],[9.55693,36.53802],[9.56817,36.53486],[9.59263,36.54187],[9.60611,36.54958],[9.62302,36.56558],[9.62794,36.57675],[9.57439,36.59022],[9.57286,36.59854],[9.54823,36.61053],[9.5435,36.63537],[9.5308,36.65579],[9.50535,36.66027],[9.48942,36.71995],[9.48145,36.73227],[9.47136,36.7258],[9.44374,36.73331],[9.41954,36.73322],[9.401,36.7234],[9.38946,36.73903],[9.3759,36.74678],[9.3674,36.72494],[9.35137,36.71088],[9.34172,36.70778],[9.34783,36.7026],[9.34866,36.69453],[9.33047,36.68141],[9.32315,36.66663],[9.32955,36.65511],[9.32281,36.63905],[9.30644,36.63552],[9.30766,36.63055],[9.30328,36.63125],[9.29846,36.62677],[9.29807,36.61729],[9.28979,36.62771],[9.27614,36.61886],[9.26582,36.62539],[9.25996,36.6169],[9.26433,36.61418],[9.25505,36.60732],[9.25028,36.59421],[9.23683,36.58755],[9.23215,36.58147],[9.23643,36.56405],[9.23921,36.56173],[9.2443,36.56377],[9.24905,36.5567],[9.26043,36.56465],[9.27465,36.56168],[9.28219,36.56453],[9.2904,36.563],[9.29476,36.55939],[9.29425,36.55287],[9.29862,36.5549],[9.3038,36.54087],[9.33707,36.53631],[9.33797,36.53293],[9.32949,36.5191],[9.33206,36.51266],[9.32576,36.5053],[9.33417,36.49164],[9.34781,36.4877],[9.34549,36.47859],[9.34973,36.47464],[9.34117,36.46773],[9.34155,36.46469],[9.35408,36.44251],[9.36119,36.4393],[9.37289,36.44333],[9.3812,36.44032],[9.3955,36.44218],[9.40033,36.44777],[9.43041,36.46249],[9.45284,36.45968],[9.45968,36.45017],[9.46331,36.44965],[9.48416,36.45859],[9.50221,36.45869],[9.5094,36.46384],[9.53745,36.4495]]]}},{"type":"Feature","properties":{"id":"TUN:ADM2:11933810B30403367882459","name":"مكثر","countryCode":"TUN","adminLevel":2,"sourceCode":"11933810B30403367882459","parentId":"TUN:ADM1:TUN-115"},"geometry":{"type":"Polygon","coordinates":[[[9.03847,35.78403],[9.04338,35.76497],[9.06668,35.7818],[9.07674,35.78314],[9.07631,35.7884],[9.08091,35.78988],[9.07979,35.79336],[9.09103,35.80182],[9.09419,35.81882],[9.10702,35.82461],[9.11906,35.83526],[9.12515,35.8362],[9.12773,35.83481],[9.12895,35.82073],[9.12183,35.8185],[9.13088,35.80507],[9.12818,35.78923],[9.15792,35.79418],[9.16483,35.78401],[9.16809,35.78589],[9.17796,35.77691],[9.17993,35.76848],[9.19332,35.75386],[9.20449,35.75148],[9.20885,35.75756],[9.21816,35.75999],[9.22315,35.76534],[9.23459,35.76782],[9.22706,35.77356],[9.24486,35.78729],[9.26598,35.79382],[9.27931,35.80372],[9.26938,35.82282],[9.2957,35.82786],[9.28832,35.83943],[9.2754,35.84203],[9.26626,35.8506],[9.26742,35.85362],[9.26951,35.85145],[9.27581,35.85837],[9.27919,35.85814],[9.27849,35.86064],[9.28112,35.85887],[9.28582,35.86457],[9.28443,35.86907],[9.28927,35.87046],[9.28918,35.87315],[9.29478,35.87419],[9.30971,35.88596],[9.3001,35.89207],[9.2895,35.89001],[9.28257,35.89555],[9.26911,35.89663],[9.25067,35.90338],[9.24456,35.90929],[9.2449,35.91248],[9.23402,35.91189],[9.23777,35.91577],[9.22302,35.92983],[9.18687,35.92985],[9.18375,35.92457],[9.17065,35.92917],[9.16241,35.94242],[9.15005,35.95057],[9.1458,35.95701],[9.14425,35.96118],[9.14717,35.96723],[9.14378,35.97563],[9.14627,35.98383],[9.14343,35.9886],[9.11607,35.97728],[9.1126,35.96239],[9.09828,35.94587],[9.09789,35.92772],[9.10253,35.91936],[9.10071,35.91265],[9.07902,35.89418],[9.05544,35.89693],[9.04186,35.87223],[9.03053,35.86432],[9.03109,35.85761],[9.02553,35.85251],[9.03561,35.85009],[9.05115,35.85268],[9.04542,35.85143],[9.04224,35.84147],[9.03115,35.83579],[9.01656,35.83799],[9.03837,35.81672],[9.03138,35.80815],[9.03847,35.78403]]]}},{"type":"Feature","properties":{"id":"TUN:ADM2:11933810B30611491582390","name":"المطوية","countryCode":"TUN","adminLevel":2,"sourceCode":"11933810B30611491582390","parentId":"TUN:ADM1:TUN-111"},"geometry":{"type":"Polygon","coordinates":[[[10.04836,33.98213],[10.04306,33.97825],[10.04651,33.96265],[10.02628,33.94082],[10.00405,33.92742],[9.96926,33.91971],[9.96615,33.93576],[9.93618,33.9138],[9.91093,33.91195],[9.9137,33.91616],[9.91267,33.93997],[9.90352,33.95513],[9.90764,33.99659],[9.89147,33.9943],[9.87494,33.99797],[9.86454,34.00984],[9.85693,34.01266],[9.84328,34.01125],[9.81762,34.01606],[9.79097,34.01682],[9.79387,34.02578],[9.85131,34.05212],[9.85384,34.04998],[9.86932,34.06034],[9.8715,34.06715],[9.87688,34.06737],[9.88132,34.07496],[9.88002,34.08114],[9.88318,34.08089],[9.88209,34.09235],[9.87298,34.09889],[9.88193,34.11154],[9.91008,34.10919],[9.90546,34.12291],[9.90976,34.13472],[9.90992,34.15933],[9.91702,34.16374],[9.91456,34.17115],[9.92376,34.18142],[9.91977,34.18147],[9.91756,34.18574],[9.92218,34.18957],[9.92203,34.19656],[9.9343,34.2062],[9.94913,34.2055],[9.96592,34.21113],[9.98245,34.19701],[9.99517,34.19335],[10.00114,34.18824],[10.01101,34.19323],[10.01831,34.18728],[10.01526,34.18187],[10.01535,34.17757],[10.01027,34.17316],[10.0101,34.17308],[10.00522,34.17064],[10.01466,34.15339],[10.0184,34.13349],[10.01824,34.09154],[10.02149,34.07331],[10.03614,34.03449],[10.03932,34.0161],[10.04884,33.98347],[10.04978,33.98191],[10.04836,33.98213]]]}},{"type":"Feature","properties":{"id":"TUN:ADM2:11933810B30705450500253","name":"المرناقية","countryCode":"TUN","adminLevel":2,"sourceCode":"11933810B30705450500253","parentId":"TUN:ADM1:TUN-102"},"geometry":{"type":"Polygon","coordinates":[[[9.86402,36.57501],[9.88882,36.57264],[9.90247,36.55297],[9.92172,36.57621],[9.93562,36.58474],[9.93794,36.59454],[9.94978,36.60698],[9.96276,36.61461],[9.98083,36.61747],[9.99291,36.63094],[9.99856,36.64406],[10.01746,36.66277],[10.02892,36.65437],[10.02379,36.64893],[10.03525,36.63985],[10.03693,36.62954],[10.04295,36.62266],[10.0595,36.64566],[10.08605,36.6737],[10.09327,36.69685],[10.09042,36.69374],[10.08553,36.69519],[10.06983,36.70614],[10.07499,36.72414],[10.03226,36.73961],[10.04094,36.74534],[10.02823,36.76088],[10.02785,36.76937],[10.0199,36.77949],[10.00379,36.78692],[9.99586,36.78631],[9.99282,36.78045],[9.98085,36.79815],[9.96618,36.79865],[9.9256,36.79226],[9.92281,36.7841],[9.92756,36.77915],[9.9213,36.77579],[9.92604,36.76388],[9.90104,36.76491],[9.91072,36.75076],[9.91525,36.73531],[9.92468,36.7264],[9.91855,36.71919],[9.90029,36.71133],[9.91549,36.70547],[9.88636,36.69686],[9.9075,36.68293],[9.91641,36.66598],[9.91399,36.66439],[9.92874,36.64636],[9.91675,36.63326],[9.90715,36.63015],[9.9047,36.62398],[9.89366,36.61841],[9.89401,36.60567],[9.88869,36.60164],[9.88369,36.59037],[9.87721,36.59187],[9.86144,36.58736],[9.86402,36.57501]]]}},{"type":"Feature","properties":{"id":"TUN:ADM2:11933810B30823561868472","name":"طبربة","countryCode":"TUN","adminLevel":2,"sourceCode":"11933810B30823561868472","parentId":"TUN:ADM1:TUN-102"},"geometry":{"type":"Polygon","coordinates":[[[9.58813,36.85678],[9.5744,36.8508],[9.56626,36.84131],[9.57126,36.82731],[9.58542,36.80756],[9.5981,36.79591],[9.59995,36.78943],[9.60619,36.78787],[9.61649,36.77663],[9.62747,36.7808],[9.62998,36.79359],[9.64267,36.80347],[9.64697,36.80398],[9.64633,36.79558],[9.65152,36.78569],[9.65817,36.78077],[9.69482,36.79299],[9.71451,36.79418],[9.71291,36.79701],[9.71777,36.80043],[9.71704,36.80795],[9.77549,36.82438],[9.78336,36.8187],[9.79573,36.81536],[9.80379,36.81894],[9.8062,36.81539],[9.81049,36.8288],[9.81865,36.82663],[9.8321,36.82865],[9.83331,36.82662],[9.82596,36.81818],[9.84823,36.80831],[9.85141,36.80965],[9.85366,36.81784],[9.85984,36.81753],[9.86733,36.81191],[9.86711,36.81761],[9.87573,36.8221],[9.88842,36.8217],[9.88946,36.82785],[9.89731,36.83002],[9.89743,36.83616],[9.89111,36.84436],[9.8862,36.84556],[9.86726,36.86717],[9.86023,36.87038],[9.86899,36.89334],[9.87857,36.90368],[9.88424,36.91703],[9.87736,36.92467],[9.85767,36.93485],[9.85158,36.95741],[9.83733,36.96193],[9.82556,36.97166],[9.81316,36.96298],[9.81064,36.94806],[9.81273,36.94024],[9.80584,36.94278],[9.79456,36.93931],[9.78925,36.93424],[9.78429,36.92294],[9.77926,36.92055],[9.76764,36.8914],[9.73992,36.88948],[9.7133,36.90212],[9.69216,36.88394],[9.67667,36.88399],[9.65465,36.87237],[9.6558,36.8671],[9.65287,36.86499],[9.63696,36.8623],[9.63486,36.85704],[9.6307,36.85628],[9.63042,36.86375],[9.62534,36.86738],[9.58813,36.85678]]]}},{"type":"Feature","properties":{"id":"TUN:ADM2:11933810B31167158349382","name":"القلعة الصغرى","countryCode":"TUN","adminLevel":2,"sourceCode":"11933810B31167158349382","parentId":"TUN:ADM1:TUN-119"},"geometry":{"type":"Polygon","coordinates":[[[10.54927,35.78925],[10.58052,35.80493],[10.58876,35.82502],[10.5913,35.82521],[10.58922,35.83309],[10.58304,35.83945],[10.56729,35.83326],[10.56749,35.83934],[10.56177,35.84903],[10.55788,35.84904],[10.55739,35.84572],[10.53261,35.84111],[10.51287,35.85069],[10.5096,35.84641],[10.51278,35.84373],[10.51154,35.83382],[10.49617,35.83062],[10.50497,35.82154],[10.49469,35.8164],[10.46954,35.81085],[10.45897,35.81193],[10.43403,35.82735],[10.40351,35.80787],[10.41079,35.80467],[10.41144,35.80071],[10.40317,35.80266],[10.39034,35.79968],[10.37532,35.80331],[10.36707,35.78907],[10.37532,35.77951],[10.36989,35.77361],[10.39099,35.7578],[10.39684,35.75896],[10.39247,35.75036],[10.39753,35.74508],[10.40122,35.7475],[10.41461,35.74677],[10.45388,35.77294],[10.48248,35.78248],[10.50917,35.78693],[10.52537,35.78471],[10.53758,35.79087],[10.54927,35.78925]]]}},{"type":"Feature","properties":{"id":"TUN:ADM2:11933810B3203162636288","name":"فوشانة","countryCode":"TUN","adminLevel":2,"sourceCode":"11933810B3203162636288","parentId":"TUN:ADM1:TUN-104"},"geometry":{"type":"Polygon","coordinates":[[[10.14435,36.73585],[10.13104,36.72538],[10.15133,36.71176],[10.14713,36.70867],[10.15154,36.706],[10.14674,36.69769],[10.15365,36.69718],[10.15603,36.69078],[10.16291,36.68555],[10.17776,36.67782],[10.19597,36.68665],[10.20275,36.68448],[10.2038,36.68942],[10.21013,36.68752],[10.21349,36.67767],[10.19505,36.66143],[10.18602,36.65792],[10.19242,36.65231],[10.21457,36.65287],[10.22442,36.65825],[10.23818,36.6737],[10.23476,36.67573],[10.23577,36.681],[10.23164,36.6833],[10.23708,36.68447],[10.24426,36.69347],[10.25047,36.70508],[10.24911,36.71094],[10.20485,36.693],[10.19895,36.70769],[10.19795,36.7224],[10.17629,36.71996],[10.17656,36.72383],[10.17023,36.72559],[10.16721,36.73145],[10.14435,36.73585]]]}},{"type":"Feature","properties":{"id":"TUN:ADM2:11933810B33023449768384","name":"قبلي الجنوبية","countryCode":"TUN","adminLevel":2,"sourceCode":"11933810B33023449768384","parentId":"TUN:ADM1:TUN-97"},"geometry":{"type":"Polygon","coordinates":[[[8.68462,33.6954],[8.67741,33.7034],[8.669,33.70668],[8.67025,33.7156],[8.64965,33.71688],[8.63969,33.7126],[8.62287,33.71288],[8.61137,33.72145],[8.61652,33.72845],[8.60519,33.72645],[8.59094,33.72973],[8.69479,33.61058],[8.77152,33.53207],[8.77267,33.52506],[8.78894,33.51364],[8.79945,33.51067],[8.80211,33.51343],[8.80529,33.51049],[8.82868,33.50992],[8.85193,33.47824],[8.87121,33.49808],[8.89095,33.48971],[8.90477,33.49572],[8.93,33.49565],[8.93419,33.50376],[8.92435,33.51975],[8.95019,33.51695],[8.98498,33.51865],[9.01061,33.51504],[9.06587,33.51528],[9.07316,33.51771],[9.08226,33.51485],[9.16638,33.51943],[9.24105,33.51742],[9.27965,33.5212],[9.36617,33.57571],[9.46734,33.56103],[9.47959,33.56705],[9.50646,33.59001],[9.51152,33.59794],[9.54085,33.60191],[9.53645,33.60524],[9.53418,33.616],[9.53902,33.6353],[9.53109,33.63659],[9.51975,33.62999],[9.46368,33.62435],[9.46011,33.62913],[9.4517,33.66844],[9.44312,33.68396],[9.42439,33.69365],[9.39707,33.69925],[9.389,33.6989],[9.39312,33.69658],[9.39941,33.68416],[9.40095,33.67063],[9.39727,33.66258],[9.38445,33.6534],[9.37844,33.65428],[9.36713,33.64526],[9.3173,33.6544],[9.26863,33.65605],[9.2664,33.66008],[9.22919,33.66698],[9.17671,33.68216],[9.14583,33.70529],[9.13484,33.70876],[9.13398,33.70534],[9.11355,33.69663],[9.07586,33.63667],[8.99852,33.60023],[8.99411,33.60544],[8.98561,33.60415],[8.98346,33.60837],[8.97153,33.61252],[8.95184,33.64049],[8.93807,33.65268],[8.95001,33.66661],[8.95198,33.68511],[8.96043,33.69684],[8.95159,33.70754],[8.91904,33.71438],[8.90438,33.69401],[8.88271,33.69734],[8.86645,33.67832],[8.87335,33.66476],[8.86643,33.64842],[8.84294,33.64494],[8.69955,33.68826],[8.69234,33.69611],[8.68462,33.6954]]]}},{"type":"Feature","properties":{"id":"TUN:ADM2:11933810B33126972723663","name":"منزل جميل","countryCode":"TUN","adminLevel":2,"sourceCode":"11933810B33126972723663","parentId":"TUN:ADM1:TUN-105"},"geometry":{"type":"Polygon","coordinates":[[[10.00898,37.2497],[10.00847,37.2356],[10.01647,37.22959],[10.01186,37.22926],[10.01401,37.22504],[10.00813,37.2181],[10.00856,37.21388],[10.02994,37.20416],[10.02543,37.19643],[10.01469,37.18669],[10.00795,37.19459],[9.99031,37.20253],[9.98085,37.1852],[9.97194,37.1898],[9.96086,37.17759],[9.96244,37.17522],[9.95716,37.16118],[9.93822,37.15123],[9.92897,37.15077],[9.9194,37.16546],[9.93419,37.19382],[9.9381,37.21074],[9.93935,37.20791],[9.93375,37.22324],[9.92608,37.22625],[9.88865,37.22491],[9.88357,37.22656],[9.88273,37.22799],[9.87351,37.22983],[9.86118,37.23383],[9.85157,37.23286],[9.83107,37.22773],[9.82195,37.22763],[9.82301,37.23138],[9.82974,37.22966],[9.83783,37.23436],[9.83758,37.2413],[9.84078,37.23999],[9.86079,37.24855],[9.86805,37.25438],[9.87622,37.2522],[9.88011,37.2445],[9.89071,37.24416],[9.89736,37.24942],[9.90924,37.24674],[9.90736,37.25187],[9.91388,37.25634],[9.9609,37.24945],[9.97983,37.24604],[9.99781,37.24746],[10.00271,37.24922],[10.00898,37.2497]]]}},{"type":"Feature","properties":{"id":"TUN:ADM2:11933810B33504132443060","name":"نابل","countryCode":"TUN","adminLevel":2,"sourceCode":"11933810B33504132443060","parentId":"TUN:ADM1:TUN-107"},"geometry":{"type":"Polygon","coordinates":[[[10.64858,36.52037],[10.643,36.52442],[10.63357,36.49683],[10.61888,36.48016],[10.61083,36.47652],[10.61403,36.47594],[10.61104,36.46993],[10.61491,36.46492],[10.63291,36.46249],[10.64096,36.46568],[10.63983,36.46879],[10.64832,36.46773],[10.66095,36.45367],[10.67808,36.44385],[10.67412,36.43961],[10.68569,36.42597],[10.71948,36.43874],[10.75276,36.44425],[10.7387,36.46514],[10.72136,36.47886],[10.72151,36.48386],[10.71792,36.48746],[10.69013,36.5031],[10.69439,36.51338],[10.68951,36.5191],[10.69453,36.52717],[10.69052,36.53342],[10.67379,36.53885],[10.65104,36.51825],[10.64858,36.52037]]]}},{"type":"Feature","properties":{"id":"TUN:ADM2:11933810B33888578945237","name":"قصور الساف","countryCode":"TUN","adminLevel":2,"sourceCode":"11933810B33888578945237","parentId":"TUN:ADM1:TUN-116"},"geometry":{"type":"Polygon","coordinates":[[[11.04483,35.39127],[11.03403,35.38284],[11.03191,35.37001],[11.0341,35.3468],[11.04283,35.32394],[11.07572,35.28909],[11.07323,35.28273],[11.05352,35.27621],[11.04744,35.28377],[11.03563,35.27569],[11.03318,35.27858],[11.02615,35.27499],[11.02369,35.2774],[11.02091,35.27571],[11.01621,35.2848],[11.00226,35.27889],[10.99398,35.27853],[10.99124,35.28114],[10.97969,35.26355],[10.97789,35.26501],[10.96759,35.25841],[10.95986,35.27108],[10.94239,35.24895],[10.92997,35.26203],[10.94821,35.29736],[10.94695,35.32273],[10.9264,35.32297],[10.91531,35.3269],[10.93756,35.34533],[10.94946,35.33537],[10.95674,35.34123],[10.95815,35.3635],[10.95587,35.36746],[10.95987,35.37836],[10.95256,35.38534],[10.9314,35.38483],[10.92747,35.39458],[10.91651,35.38808],[10.90968,35.39819],[10.89253,35.39344],[10.88927,35.40328],[10.88188,35.40133],[10.8778,35.41041],[10.86669,35.42129],[10.86637,35.43046],[10.88332,35.45099],[10.90469,35.45392],[10.91862,35.4612],[10.92294,35.45818],[10.92435,35.45116],[10.93642,35.44505],[10.9437,35.45477],[10.95946,35.46409],[10.97473,35.44265],[11.00476,35.45481],[11.00597,35.45195],[11.01305,35.45447],[11.01404,35.44316],[11.02417,35.44045],[11.02774,35.44727],[11.0347,35.44834],[11.03745,35.44185],[11.04295,35.44212],[11.04074,35.41893],[11.04914,35.39435],[11.04941,35.39126],[11.04928,35.39104],[11.04483,35.39127]]]}},{"type":"Feature","properties":{"id":"TUN:ADM2:11933810B34035527934296","name":"السرس","countryCode":"TUN","adminLevel":2,"sourceCode":"11933810B34035527934296","parentId":"TUN:ADM1:TUN-109"},"geometry":{"type":"Polygon","coordinates":[[[9.09828,35.94587],[9.1126,35.96239],[9.11607,35.97728],[9.14343,35.9886],[9.16927,36.0059],[9.16223,36.01201],[9.15741,36.01196],[9.17076,36.02335],[9.16186,36.03325],[9.15507,36.03145],[9.15328,36.03421],[9.15373,36.04188],[9.16362,36.05862],[9.15574,36.06827],[9.15596,36.07503],[9.16048,36.07918],[9.15781,36.08483],[9.14215,36.0919],[9.13392,36.10106],[9.12162,36.10245],[9.11066,36.11961],[9.10041,36.11488],[9.09135,36.11513],[9.06492,36.13378],[9.04309,36.13716],[9.03215,36.15878],[9.03803,36.17816],[9.03569,36.18301],[9.02772,36.18165],[9.01023,36.16686],[8.99468,36.14656],[8.99697,36.14031],[8.98565,36.13193],[8.98251,36.12452],[8.97278,36.12143],[8.94473,36.09725],[8.92773,36.10372],[8.90531,36.1211],[8.90472,36.1298],[8.89334,36.14657],[8.89301,36.15215],[8.85672,36.12825],[8.85565,36.12133],[8.84299,36.11726],[8.83634,36.10884],[8.8214,36.11231],[8.81179,36.10761],[8.79203,36.10693],[8.79092,36.10458],[8.76758,36.11698],[8.77197,36.10745],[8.76687,36.10092],[8.76806,36.09814],[8.77728,36.0922],[8.77965,36.08221],[8.80856,36.03889],[8.83488,36.03863],[8.841,36.05535],[8.85051,36.06701],[8.86173,36.06026],[8.86738,36.04966],[8.87787,36.0501],[8.91406,36.07753],[8.92297,36.0796],[8.93365,36.06478],[8.94357,36.02289],[8.97205,36.00416],[8.96985,35.99197],[8.97384,35.9832],[8.98586,35.9705],[8.99755,35.96945],[9.00846,35.96398],[9.05783,35.96366],[9.06576,35.96734],[9.07044,35.95563],[9.08553,35.94351],[9.09828,35.94587]]]}},{"type":"Feature","properties":{"id":"TUN:ADM2:11933810B35489062673947","name":"قصر هلال","countryCode":"TUN","adminLevel":2,"sourceCode":"11933810B35489062673947","parentId":"TUN:ADM1:TUN-117"},"geometry":{"type":"Polygon","coordinates":[[[10.85689,35.655],[10.84988,35.65337],[10.83748,35.65747],[10.83709,35.65069],[10.83053,35.6441],[10.84775,35.6404],[10.84631,35.63652],[10.84993,35.63345],[10.84195,35.62421],[10.85197,35.61077],[10.87395,35.61633],[10.87164,35.63017],[10.87668,35.63301],[10.88938,35.63477],[10.90504,35.64571],[10.90776,35.64428],[10.91094,35.65108],[10.92348,35.64599],[10.92494,35.65077],[10.90301,35.65406],[10.8813,35.66483],[10.86264,35.65595],[10.86011,35.65939],[10.85689,35.655]]]}},{"type":"Feature","properties":{"id":"TUN:ADM2:11933810B36279508615628","name":"مدنين الشمالية","countryCode":"TUN","adminLevel":2,"sourceCode":"11933810B36279508615628","parentId":"TUN:ADM1:TUN-96"},"geometry":{"type":"Polygon","coordinates":[[[10.3414,33.51375],[10.33798,33.50685],[10.33903,33.50006],[10.33274,33.48982],[10.3238,33.48621],[10.31854,33.47968],[10.30855,33.47964],[10.30743,33.47562],[10.29715,33.4697],[10.28637,33.4525],[10.28829,33.44538],[10.27752,33.42929],[10.26383,33.42267],[10.25089,33.42103],[10.2649,33.38468],[10.2964,33.33287],[10.32214,33.33943],[10.33968,33.32929],[10.34686,33.31893],[10.36074,33.31049],[10.36682,33.31028],[10.4085,33.2705],[10.44729,33.21362],[10.48324,33.31811],[10.48595,33.33688],[10.5098,33.36661],[10.51836,33.38342],[10.51104,33.38232],[10.50092,33.38959],[10.49019,33.38849],[10.46777,33.38115],[10.45949,33.3742],[10.4534,33.38571],[10.45499,33.39503],[10.43372,33.42622],[10.42271,33.43393],[10.40727,33.42539],[10.37867,33.44696],[10.37496,33.45764],[10.36621,33.46313],[10.35162,33.48469],[10.34189,33.49097],[10.3414,33.51375]]]}},{"type":"Feature","properties":{"id":"TUN:ADM2:11933810B37215570160824","name":"القصور","countryCode":"TUN","adminLevel":2,"sourceCode":"11933810B37215570160824","parentId":"TUN:ADM1:TUN-109"},"geometry":{"type":"Polygon","coordinates":[[[8.79755,35.77615],[8.80404,35.7742],[8.82028,35.75615],[8.84608,35.74191],[8.88107,35.73493],[8.92239,35.71615],[8.95078,35.71347],[8.96539,35.70549],[8.99402,35.70829],[9.00509,35.70097],[9.01244,35.70111],[9.02084,35.69282],[9.03026,35.69156],[9.04,35.68182],[9.0456,35.6805],[9.03704,35.70284],[9.03439,35.73016],[9.0177,35.76246],[9.02285,35.7638],[9.03019,35.77707],[9.03847,35.78403],[9.03138,35.80815],[9.03837,35.81672],[9.01656,35.83799],[9.03115,35.83579],[9.04224,35.84147],[9.04542,35.85143],[9.05115,35.85268],[9.03561,35.85009],[9.02553,35.85251],[9.03109,35.85761],[9.03053,35.86432],[9.04186,35.87223],[9.05544,35.89693],[9.07902,35.89418],[9.10071,35.91265],[9.10253,35.91936],[9.09789,35.92772],[9.09828,35.94587],[9.08553,35.94351],[9.07044,35.95563],[9.06576,35.96734],[9.05783,35.96366],[9.00846,35.96398],[8.99755,35.96945],[8.98586,35.9705],[8.97996,35.97519],[8.92737,35.94333],[8.92672,35.93228],[8.96535,35.88007],[8.96018,35.87733],[8.90827,35.90966],[8.90242,35.91776],[8.88462,35.92492],[8.88164,35.9285],[8.8825,35.93725],[8.86452,35.93643],[8.86234,35.94301],[8.85884,35.94308],[8.85047,35.9296],[8.8773,35.90544],[8.88316,35.89207],[8.88255,35.88553],[8.8897,35.88579],[8.88387,35.87493],[8.88396,35.86548],[8.87293,35.85819],[8.86217,35.85618],[8.86575,35.85034],[8.85814,35.8313],[8.84221,35.82161],[8.83697,35.81358],[8.80651,35.79486],[8.79755,35.77615]]]}},{"type":"Feature","properties":{"id":"TUN:ADM2:11933810B37259719331002","name":"ماجل بالعباس","countryCode":"TUN","adminLevel":2,"sourceCode":"11933810B37259719331002","parentId":"TUN:ADM1:TUN-110"},"geometry":{"type":"Polygon","coordinates":[[[8.83064,34.76873],[8.80681,34.79459],[8.79171,34.82317],[8.77808,34.82293],[8.74153,34.81351],[8.73061,34.84154],[8.71246,34.87067],[8.70021,34.89826],[8.67706,34.89235],[8.65898,34.87873],[8.62195,34.86826],[8.60797,34.86884],[8.5914,34.85821],[8.5762,34.858],[8.56924,34.85265],[8.56576,34.85461],[8.55296,34.85022],[8.54241,34.85569],[8.52896,34.87169],[8.51224,34.88511],[8.51411,34.90018],[8.488,34.89686],[8.48108,34.89238],[8.47031,34.89761],[8.45008,34.88349],[8.42903,34.87729],[8.39272,34.85817],[8.35437,34.84351],[8.3505,34.83404],[8.35794,34.81909],[8.35527,34.81431],[8.32516,34.80593],[8.2986,34.81113],[8.2853,34.80557],[8.28187,34.78721],[8.28379,34.76689],[8.29415,34.74626],[8.30001,34.74153],[8.31911,34.73647],[8.35317,34.71971],[8.36279,34.71157],[8.38294,34.70651],[8.41698,34.69113],[8.44268,34.68534],[8.46967,34.66826],[8.48267,34.66421],[8.4918,34.65263],[8.50845,34.64061],[8.52317,34.63966],[8.5399,34.6302],[8.58557,34.62741],[8.58601,34.63037],[8.65089,34.67698],[8.7224,34.71553],[8.73033,34.72487],[8.7506,34.72505],[8.78902,34.75331],[8.83064,34.76873]]]}},{"type":"Feature","properties":{"id":"TUN:ADM2:11933810B37574036497971","name":"المكناسي","countryCode":"TUN","adminLevel":2,"sourceCode":"11933810B37574036497971","parentId":"TUN:ADM1:TUN-113"},"geometry":{"type":"Polygon","coordinates":[[[9.84126,34.646],[9.83236,34.65564],[9.82554,34.65618],[9.813,34.66371],[9.80243,34.68847],[9.79664,34.69207],[9.77748,34.69085],[9.76264,34.67932],[9.75645,34.68861],[9.718,34.70565],[9.72486,34.73954],[9.68945,34.77397],[9.63439,34.78709],[9.61912,34.77562],[9.61212,34.7611],[9.58895,34.75419],[9.57448,34.74583],[9.55935,34.75648],[9.55224,34.77498],[9.54196,34.77254],[9.5273,34.76519],[9.52611,34.75353],[9.51819,34.74815],[9.52097,34.73597],[9.53058,34.73106],[9.54514,34.71052],[9.55136,34.69722],[9.54961,34.69378],[9.55304,34.68441],[9.56405,34.67479],[9.55467,34.67233],[9.54671,34.66273],[9.52991,34.655],[9.49131,34.65107],[9.49716,34.64336],[9.50308,34.59912],[9.51692,34.60123],[9.52457,34.58154],[9.47704,34.57677],[9.48309,34.53164],[9.46338,34.52426],[9.44191,34.52709],[9.43425,34.51471],[9.43927,34.51193],[9.43487,34.5078],[9.45695,34.48653],[9.46024,34.49081],[9.51178,34.48254],[9.54022,34.48475],[9.55813,34.49096],[9.59009,34.49045],[9.59727,34.49518],[9.61634,34.49978],[9.63308,34.49808],[9.63965,34.50405],[9.6502,34.50649],[9.65714,34.51501],[9.6548,34.52493],[9.66832,34.5331],[9.66882,34.54203],[9.67295,34.55064],[9.68034,34.55615],[9.67944,34.56105],[9.69577,34.57305],[9.69847,34.5806],[9.69638,34.58404],[9.70217,34.59073],[9.70761,34.59147],[9.69823,34.5988],[9.69902,34.60174],[9.71463,34.60702],[9.72554,34.61733],[9.74844,34.60873],[9.78252,34.62198],[9.78992,34.63046],[9.80056,34.62668],[9.82176,34.63127],[9.84126,34.646]]]}},{"type":"Feature","properties":{"id":"TUN:ADM2:11933810B37862088791511","name":"حاجب العيون","countryCode":"TUN","adminLevel":2,"sourceCode":"11933810B37862088791511","parentId":"TUN:ADM1:TUN-118"},"geometry":{"type":"Polygon","coordinates":[[[9.56616,35.26972],[9.58701,35.28476],[9.60003,35.2796],[9.60451,35.26991],[9.60946,35.26668],[9.64173,35.26069],[9.65303,35.25207],[9.65841,35.24254],[9.67448,35.23488],[9.68265,35.23676],[9.69161,35.23074],[9.69608,35.23818],[9.70072,35.25731],[9.69863,35.26355],[9.70415,35.27514],[9.69402,35.29916],[9.70256,35.33291],[9.70115,35.33715],[9.69573,35.33943],[9.69656,35.34495],[9.70112,35.34584],[9.70455,35.35278],[9.70213,35.35588],[9.6879,35.35836],[9.68127,35.36584],[9.68517,35.38045],[9.69995,35.40838],[9.69823,35.41811],[9.71006,35.4294],[9.71118,35.43641],[9.72817,35.44116],[9.70414,35.45183],[9.7123,35.46597],[9.70766,35.46606],[9.70481,35.47156],[9.70863,35.47386],[9.70347,35.47985],[9.6962,35.47356],[9.69313,35.4835],[9.68596,35.49037],[9.67315,35.48648],[9.65913,35.50123],[9.65134,35.50092],[9.6324,35.50877],[9.62297,35.52422],[9.60419,35.51745],[9.61524,35.50986],[9.6014,35.47539],[9.58314,35.47184],[9.58772,35.48386],[9.58178,35.50976],[9.57231,35.51508],[9.55404,35.53823],[9.54689,35.5596],[9.54934,35.56952],[9.51062,35.58944],[9.50361,35.59647],[9.47784,35.59298],[9.47025,35.60212],[9.45969,35.60106],[9.4535,35.59789],[9.45186,35.58683],[9.42257,35.57639],[9.41992,35.56318],[9.41335,35.55948],[9.39831,35.55936],[9.39485,35.55433],[9.39588,35.54773],[9.41009,35.54574],[9.43345,35.53426],[9.43199,35.53122],[9.44161,35.51312],[9.44236,35.50231],[9.46407,35.49309],[9.46617,35.47715],[9.49034,35.46347],[9.49114,35.45867],[9.48606,35.45495],[9.48501,35.44939],[9.48911,35.44053],[9.4883,35.42939],[9.49041,35.42377],[9.50513,35.4141],[9.50028,35.41158],[9.5052,35.40524],[9.48721,35.39245],[9.47444,35.38843],[9.46586,35.37045],[9.45967,35.36775],[9.45914,35.36355],[9.52708,35.3443],[9.53038,35.33693],[9.52728,35.33328],[9.53661,35.3222],[9.53227,35.31769],[9.54797,35.28997],[9.54961,35.28116],[9.55452,35.2749],[9.56616,35.26972]]]}},{"type":"Feature","properties":{"id":"TUN:ADM2:11933810B3817841111611","name":"برقو","countryCode":"TUN","adminLevel":2,"sourceCode":"11933810B3817841111611","parentId":"TUN:ADM1:TUN-115"},"geometry":{"type":"Polygon","coordinates":[[[9.7556,36.11363],[9.76969,36.14392],[9.76075,36.15198],[9.74397,36.15978],[9.72472,36.1635],[9.72236,36.18117],[9.71747,36.1885],[9.71995,36.19849],[9.70003,36.20984],[9.69819,36.2142],[9.68637,36.21818],[9.67311,36.2294],[9.66972,36.22763],[9.67139,36.21724],[9.66178,36.21421],[9.65508,36.21569],[9.64937,36.22434],[9.64811,36.21496],[9.59416,36.18206],[9.58127,36.18355],[9.57914,36.17919],[9.5617,36.17641],[9.53408,36.18125],[9.53138,36.1773],[9.52254,36.17806],[9.50564,36.16732],[9.47834,36.17106],[9.48455,36.15892],[9.48392,36.15319],[9.49457,36.14193],[9.49261,36.13269],[9.49677,36.1319],[9.49821,36.12234],[9.5022,36.11842],[9.50132,36.11139],[9.49573,36.10852],[9.50216,36.09935],[9.51151,36.07421],[9.50064,36.06999],[9.49646,36.06502],[9.48312,36.04341],[9.47923,36.03003],[9.47494,36.02689],[9.47558,36.02253],[9.4933,36.01772],[9.52191,36.01964],[9.53179,36.01076],[9.52601,35.9854],[9.5381,35.985],[9.56437,35.99797],[9.58518,35.98539],[9.58801,35.97358],[9.60245,35.97388],[9.61642,35.98329],[9.6196,35.99009],[9.6305,35.99516],[9.62965,36.00381],[9.64454,36.01617],[9.7042,36.05027],[9.71202,36.06374],[9.72764,36.07037],[9.7533,36.09012],[9.7556,36.11363]]]}},{"type":"Feature","properties":{"id":"TUN:ADM2:11933810B38388231155929","name":"المضيلة","countryCode":"TUN","adminLevel":2,"sourceCode":"11933810B38388231155929","parentId":"TUN:ADM1:TUN-112"},"geometry":{"type":"Polygon","coordinates":[[[8.7201,34.32432],[8.69946,34.31982],[8.68965,34.32457],[8.65538,34.31434],[8.64891,34.31728],[8.63666,34.31617],[8.6333,34.32094],[8.61546,34.32167],[8.58707,34.31289],[8.54773,34.28746],[8.54797,34.28092],[8.54236,34.2753],[8.54475,34.26871],[8.54132,34.2671],[8.53751,34.25509],[8.51609,34.23843],[8.50957,34.23797],[8.51449,34.22882],[8.52048,34.22494],[8.53313,34.22298],[8.53432,34.21516],[8.54544,34.19812],[8.5906,34.1956],[8.60301,34.20219],[8.59298,34.16107],[8.58647,34.1556],[8.59435,34.13036],[8.59108,34.12345],[8.59406,34.1188],[8.58863,34.09343],[8.5924,34.06385],[8.63218,34.06742],[8.64039,34.06099],[8.64766,34.06077],[8.65366,34.07872],[8.66079,34.08262],[8.67967,34.08887],[8.69581,34.08624],[8.72025,34.09122],[8.72533,34.09498],[8.73832,34.09286],[8.76112,34.09676],[8.80044,34.09178],[8.81237,34.09498],[8.84438,34.09498],[8.85442,34.09984],[8.85545,34.1206],[8.86551,34.12109],[8.8744,34.13051],[8.87514,34.1398],[8.87106,34.15444],[8.88518,34.16768],[8.87631,34.1728],[8.8757,34.1858],[8.8676,34.19442],[8.86857,34.19968],[8.86408,34.20617],[8.85001,34.20406],[8.84119,34.19761],[8.82384,34.19252],[8.82998,34.1887],[8.82274,34.19006],[8.82427,34.18594],[8.81586,34.1869],[8.81373,34.18461],[8.81876,34.18313],[8.81225,34.1796],[8.80937,34.18115],[8.8111,34.17817],[8.80566,34.17339],[8.80653,34.16838],[8.8028,34.17052],[8.80114,34.1667],[8.79253,34.16645],[8.77102,34.15595],[8.79002,34.19352],[8.80264,34.24008],[8.79645,34.25671],[8.78154,34.26551],[8.77738,34.27253],[8.83166,34.28839],[8.84087,34.30329],[8.8467,34.3208],[8.84586,34.34123],[8.8055,34.32496],[8.77233,34.32501],[8.76224,34.32209],[8.7537,34.32537],[8.7201,34.32432]]]}},{"type":"Feature","properties":{"id":"TUN:ADM2:11933810B38507486646045","name":"جدليان","countryCode":"TUN","adminLevel":2,"sourceCode":"11933810B38507486646045","parentId":"TUN:ADM1:TUN-110"},"geometry":{"type":"Polygon","coordinates":[[[8.82901,35.75295],[8.82396,35.74483],[8.82517,35.73562],[8.83523,35.73236],[8.82629,35.71345],[8.82587,35.70572],[8.83962,35.6992],[8.83658,35.68376],[8.8019,35.68198],[8.79184,35.67804],[8.78184,35.63897],[8.7857,35.62244],[8.78178,35.61122],[8.80076,35.60597],[8.83227,35.61458],[8.85137,35.60915],[8.86263,35.61066],[8.86801,35.59627],[8.8599,35.58606],[8.87385,35.58353],[8.89539,35.59025],[8.8956,35.59737],[8.90129,35.6037],[8.8979,35.61652],[8.92859,35.61652],[8.93596,35.61149],[8.94866,35.60918],[8.95234,35.6135],[8.95693,35.61358],[8.96284,35.6058],[8.98846,35.59032],[9.0036,35.58847],[9.00489,35.56057],[9.01829,35.57],[9.03411,35.56955],[9.06607,35.5759],[9.09118,35.5732],[9.0882,35.58743],[9.09051,35.59371],[9.07997,35.61263],[9.05553,35.62175],[9.04845,35.63444],[9.02371,35.62836],[8.99419,35.63302],[8.99727,35.63652],[8.98888,35.64732],[8.98602,35.66326],[9.00011,35.66617],[8.98184,35.67667],[8.96401,35.67687],[8.96765,35.68176],[8.97658,35.68169],[8.97997,35.68676],[9.01244,35.70111],[9.00509,35.70097],[8.99402,35.70829],[8.96539,35.70549],[8.95078,35.71347],[8.92239,35.71615],[8.88107,35.73493],[8.84608,35.74191],[8.82901,35.75295]]]}},{"type":"Feature","properties":{"id":"TUN:ADM2:11933810B38600373367169","name":"سيدي عيش","countryCode":"TUN","adminLevel":2,"sourceCode":"11933810B38600373367169","parentId":"TUN:ADM1:TUN-112"},"geometry":{"type":"Polygon","coordinates":[[[8.62478,34.6582],[8.63002,34.65778],[8.63426,34.65226],[8.63467,34.64533],[8.6464,34.63984],[8.65456,34.62815],[8.6646,34.62282],[8.67604,34.60019],[8.69477,34.59264],[8.72533,34.61288],[8.74458,34.60485],[8.78203,34.63362],[8.79124,34.63595],[8.81436,34.62774],[8.82936,34.6172],[8.89529,34.58573],[8.90138,34.59124],[8.91414,34.5809],[8.94545,34.57837],[8.95375,34.59093],[8.93825,34.59532],[8.9276,34.60817],[8.91843,34.61052],[8.91742,34.61714],[8.93122,34.63824],[8.93176,34.6455],[8.93811,34.64904],[8.94188,34.67143],[8.94975,34.67558],[8.95595,34.69051],[8.98957,34.72121],[8.95213,34.75398],[8.94319,34.77508],[8.92088,34.81023],[8.89354,34.8004],[8.84275,34.77215],[8.78902,34.75331],[8.7506,34.72505],[8.73033,34.72487],[8.7224,34.71553],[8.65089,34.67698],[8.62478,34.6582]]]}},{"type":"Feature","properties":{"id":"TUN:ADM2:11933810B38672190318546","name":"ذهيبة","countryCode":"TUN","adminLevel":2,"sourceCode":"11933810B38672190318546","parentId":"TUN:ADM1:TUN-98"},"geometry":{"type":"Polygon","coordinates":[[[10.78081,32.46269],[10.72332,32.38501],[10.71692,32.35607],[10.71677,32.33641],[10.70905,32.32048],[10.71973,32.31461],[10.72695,32.29198],[10.71829,32.27377],[10.72037,32.26515],[10.70672,32.25598],[10.6954,32.23914],[10.68839,32.23656],[10.68027,32.22274],[10.68056,32.2],[10.67055,32.19872],[10.66561,32.20213],[10.66531,32.19283],[10.65945,32.18894],[10.61436,32.1737],[10.59026,32.16928],[10.55595,32.15148],[10.54122,32.1298],[10.52946,32.12254],[10.52019,32.10475],[10.51354,32.1009],[10.50702,32.08701],[10.49732,32.07794],[10.4887,32.03279],[10.47303,32.0184],[10.47479,32.00111],[10.42696,32.00697],[10.41322,31.99859],[10.35848,32.00467],[10.3221,31.97931],[10.28369,31.96021],[10.27384,31.94754],[10.26316,31.94031],[10.24102,31.93784],[10.21071,31.91542],[10.179,31.91405],[10.15604,31.91991],[10.10491,31.89642],[10.09594,31.87974],[10.08699,31.87359],[10.08994,31.85942],[10.09546,31.8547],[10.08564,31.83874],[10.08263,31.82096],[10.02284,31.77677],[9.98156,31.70166],[10.13695,31.46325],[10.13391,31.47875],[10.13904,31.49009],[10.14936,31.49858],[10.15299,31.50654],[10.18015,31.53756],[10.21234,31.56603],[10.26706,31.64715],[10.27626,31.6724],[10.31182,31.70307],[10.38615,31.74047],[10.3961,31.74151],[10.40233,31.73746],[10.42076,31.73582],[10.43441,31.73786],[10.43797,31.73286],[10.44423,31.73558],[10.44842,31.73025],[10.46912,31.73197],[10.4862,31.73906],[10.4929,31.75085],[10.49891,31.75416],[10.50826,31.74273],[10.52684,31.74083],[10.54659,31.76045],[10.56158,31.77944],[10.56315,31.79715],[10.58495,31.82412],[10.6181,31.85006],[10.63495,31.87925],[10.63257,31.89245],[10.6275,31.89997],[10.61317,31.90924],[10.61489,31.91323],[10.62386,31.91614],[10.61264,31.91634],[10.63124,31.92847],[10.62468,31.92849],[10.63077,31.93162],[10.62652,31.93348],[10.63028,31.93916],[10.63324,31.93199],[10.63805,31.93306],[10.63436,31.9355],[10.63858,31.93953],[10.6342,31.93927],[10.63388,31.9416],[10.64264,31.94411],[10.6333,31.94446],[10.63481,31.95182],[10.63871,31.95205],[10.63281,31.95757],[10.63442,31.96112],[10.63938,31.95695],[10.6397,31.96101],[10.6444,31.96107],[10.64298,31.96338],[10.64759,31.96625],[10.64062,31.96782],[10.64895,31.96911],[10.65126,31.97361],[10.64723,31.97426],[10.65635,31.97414],[10.65815,31.9777],[10.67948,31.97677],[10.70778,31.96809],[10.72229,31.96767],[10.74725,31.98532],[10.75919,31.98451],[10.79514,31.99814],[10.86098,32.08564],[10.86143,32.1053],[10.98794,32.17166],[11.02917,32.19972],[11.15529,32.24992],[11.18121,32.30626],[11.15212,32.31198],[11.08678,32.3092],[10.97395,32.29641],[10.89998,32.30643],[10.83065,32.36742],[10.78081,32.46269]]]}},{"type":"Feature","properties":{"id":"TUN:ADM2:11933810B38819723902176","name":"قبلاط","countryCode":"TUN","adminLevel":2,"sourceCode":"11933810B38819723902176","parentId":"TUN:ADM1:TUN-103"},"geometry":{"type":"Polygon","coordinates":[[[9.57615,36.42662],[9.58304,36.42493],[9.58836,36.42854],[9.60836,36.42448],[9.62901,36.42605],[9.64256,36.42122],[9.64751,36.41228],[9.65248,36.41086],[9.65564,36.42733],[9.67524,36.4346],[9.68201,36.44092],[9.69819,36.44605],[9.70635,36.44487],[9.71134,36.44041],[9.73917,36.45074],[9.73554,36.46161],[9.73965,36.46574],[9.73293,36.46962],[9.75167,36.47795],[9.75937,36.48885],[9.76824,36.48551],[9.77565,36.48734],[9.78414,36.5005],[9.78397,36.511],[9.7971,36.52363],[9.82404,36.53022],[9.83866,36.56659],[9.86402,36.57501],[9.86053,36.59393],[9.85531,36.59762],[9.85425,36.60441],[9.84781,36.60889],[9.82882,36.60557],[9.81744,36.60769],[9.81007,36.62184],[9.81631,36.62932],[9.8118,36.6398],[9.80724,36.64151],[9.77581,36.61795],[9.75815,36.61235],[9.73897,36.62384],[9.71194,36.63266],[9.70281,36.64069],[9.6989,36.63856],[9.68946,36.64149],[9.68898,36.64663],[9.68094,36.63645],[9.67264,36.63913],[9.67014,36.63434],[9.67163,36.62653],[9.65315,36.61319],[9.66449,36.60164],[9.64769,36.59464],[9.62794,36.57675],[9.62302,36.56558],[9.60611,36.54958],[9.59263,36.54187],[9.56817,36.53486],[9.55693,36.53802],[9.5533,36.5191],[9.53877,36.50589],[9.52594,36.50017],[9.53266,36.49953],[9.55161,36.48351],[9.54631,36.46946],[9.54671,36.46172],[9.53745,36.4495],[9.53792,36.44573],[9.55225,36.44352],[9.56469,36.43729],[9.56924,36.42598],[9.57615,36.42662]]]}},{"type":"Feature","properties":{"id":"TUN:ADM2:11933810B39381734454792","name":"Carthage","countryCode":"TUN","adminLevel":2,"sourceCode":"11933810B39381734454792","parentId":"TUN:ADM1:TUN-108"},"geometry":{"type":"Polygon","coordinates":[[[10.31607,36.84752],[10.30727,36.84442],[10.30702,36.85235],[10.31593,36.85719],[10.31582,36.86457],[10.34315,36.87984],[10.34626,36.87822],[10.34197,36.8686],[10.31902,36.85025],[10.31645,36.84481],[10.31607,36.84752]]]}},{"type":"Feature","properties":{"id":"TUN:ADM2:11933810B3957312331643","name":"زرمدين","countryCode":"TUN","adminLevel":2,"sourceCode":"11933810B3957312331643","parentId":"TUN:ADM1:TUN-117"},"geometry":{"type":"Polygon","coordinates":[[[10.49999,35.55684],[10.49334,35.53275],[10.49306,35.51981],[10.49742,35.50488],[10.49686,35.49539],[10.50141,35.48858],[10.49864,35.48662],[10.49995,35.48157],[10.50306,35.48314],[10.5079,35.47871],[10.5132,35.48098],[10.51275,35.48353],[10.51474,35.48136],[10.52916,35.48275],[10.52773,35.4849],[10.53317,35.48156],[10.53789,35.47066],[10.54664,35.47237],[10.54281,35.47811],[10.55128,35.47326],[10.54572,35.48044],[10.55778,35.47455],[10.55937,35.47701],[10.55075,35.48778],[10.55518,35.49298],[10.56048,35.49758],[10.56788,35.4969],[10.58349,35.50235],[10.59572,35.49677],[10.60853,35.49609],[10.6133,35.47452],[10.61696,35.47437],[10.62107,35.48556],[10.63962,35.5026],[10.64876,35.50479],[10.64904,35.50164],[10.65751,35.50347],[10.66711,35.50127],[10.68233,35.50421],[10.67617,35.50845],[10.67913,35.51297],[10.69695,35.51109],[10.71679,35.52426],[10.7244,35.52123],[10.73737,35.53269],[10.74069,35.55145],[10.75601,35.56397],[10.75298,35.56983],[10.75711,35.57043],[10.76143,35.58657],[10.74458,35.58595],[10.73963,35.59383],[10.73131,35.59645],[10.72223,35.60912],[10.72003,35.6231],[10.6984,35.62622],[10.68613,35.61282],[10.67332,35.61167],[10.66012,35.60508],[10.66133,35.57828],[10.61783,35.55559],[10.59287,35.62407],[10.56902,35.64982],[10.55957,35.62834],[10.53189,35.60954],[10.52308,35.59227],[10.53892,35.57168],[10.50788,35.55747],[10.49999,35.55684]]]}},{"type":"Feature","properties":{"id":"TUN:ADM2:11933810B39767465855300","name":"بني خلاد","countryCode":"TUN","adminLevel":2,"sourceCode":"11933810B39767465855300","parentId":"TUN:ADM1:TUN-107"},"geometry":{"type":"Polygon","coordinates":[[[10.52362,36.63481],[10.52995,36.62766],[10.53361,36.6162],[10.5531,36.62709],[10.56142,36.61721],[10.58154,36.60367],[10.57892,36.58697],[10.56805,36.58249],[10.56976,36.57981],[10.58662,36.5781],[10.61446,36.59718],[10.62927,36.59063],[10.65788,36.59187],[10.68577,36.585],[10.69494,36.59671],[10.71146,36.60923],[10.70046,36.61132],[10.70175,36.61968],[10.69742,36.62152],[10.71491,36.62363],[10.72077,36.63498],[10.74303,36.63787],[10.73764,36.64509],[10.74134,36.65447],[10.7265,36.66161],[10.69706,36.66334],[10.6894,36.65131],[10.68996,36.64142],[10.68614,36.63786],[10.6645,36.64551],[10.65073,36.6541],[10.65241,36.65617],[10.64264,36.66001],[10.63336,36.65971],[10.62696,36.66268],[10.62811,36.66472],[10.58241,36.67161],[10.57105,36.66404],[10.56677,36.66917],[10.56074,36.66785],[10.54295,36.6526],[10.55086,36.6485],[10.52362,36.63481]]]}},{"type":"Feature","properties":{"id":"TUN:ADM2:11933810B40013450318318","name":"سوسة الرياض","countryCode":"TUN","adminLevel":2,"sourceCode":"11933810B40013450318318","parentId":"TUN:ADM1:TUN-119"},"geometry":{"type":"Polygon","coordinates":[[[10.5753,35.78365],[10.61434,35.80248],[10.5913,35.82521],[10.58876,35.82502],[10.58052,35.80493],[10.54927,35.78925],[10.57263,35.78758],[10.5753,35.78365]]]}},{"type":"Feature","properties":{"id":"TUN:ADM2:11933810B40616905411348","name":"الوردانين","countryCode":"TUN","adminLevel":2,"sourceCode":"11933810B40616905411348","parentId":"TUN:ADM1:TUN-117"},"geometry":{"type":"Polygon","coordinates":[[[10.64771,35.67088],[10.65254,35.66528],[10.66893,35.66364],[10.68675,35.66741],[10.69182,35.65814],[10.69382,35.6634],[10.69782,35.65999],[10.71339,35.67252],[10.7144,35.68942],[10.724,35.69448],[10.72146,35.70173],[10.71244,35.70933],[10.70138,35.70681],[10.68948,35.72824],[10.68303,35.71927],[10.67487,35.72095],[10.67525,35.73262],[10.66802,35.74163],[10.64424,35.743],[10.63436,35.73385],[10.62337,35.73302],[10.63061,35.72151],[10.64226,35.71456],[10.63358,35.69993],[10.63819,35.69334],[10.6301,35.69113],[10.63086,35.6888],[10.62528,35.68563],[10.64771,35.67088]]]}},{"type":"Feature","properties":{"id":"TUN:ADM2:11933810B41543815367913","name":"تطاوين الجنوبية","countryCode":"TUN","adminLevel":2,"sourceCode":"11933810B41543815367913","parentId":"TUN:ADM1:TUN-98"},"geometry":{"type":"Polygon","coordinates":[[[10.39295,32.92312],[10.33611,32.95576],[10.28012,32.97655],[10.26617,32.95936],[10.20902,32.96854],[10.12289,32.97323],[10.07758,32.96988],[10.01166,32.97728],[9.99599,32.96398],[9.94527,32.95759],[9.93648,32.95193],[9.93096,32.94156],[9.93825,32.93407],[9.93284,32.92291],[9.94077,32.91761],[9.9432,32.88879],[9.94731,32.88142],[9.96903,32.86135],[9.97139,32.85563],[9.94314,32.81518],[9.92931,32.81953],[9.91233,32.81083],[9.91269,32.79411],[9.9242,32.78011],[9.92342,32.76352],[9.90239,32.75201],[9.89543,32.74002],[9.8862,32.73956],[9.87986,32.73518],[9.89754,32.7281],[9.89883,32.72254],[9.91273,32.70955],[9.96309,32.68494],[9.96561,32.67834],[9.96174,32.67314],[9.96404,32.65995],[9.95863,32.65143],[9.95051,32.64764],[9.98824,32.62063],[9.96569,32.58697],[9.97365,32.58621],[9.99005,32.57587],[10.00462,32.58417],[10.01613,32.58335],[10.02341,32.57783],[10.04288,32.57861],[10.05776,32.58806],[10.07772,32.58797],[10.08896,32.5839],[10.11896,32.60018],[10.14488,32.60786],[10.17193,32.60595],[10.1929,32.61242],[10.23113,32.60878],[10.24855,32.61734],[10.26701,32.62064],[10.27448,32.6166],[10.28929,32.62779],[10.3231,32.62004],[10.34288,32.6189],[10.34967,32.60909],[10.34839,32.60244],[10.35371,32.59241],[10.36637,32.5855],[10.36997,32.58024],[10.38731,32.57772],[10.39433,32.58308],[10.40031,32.58143],[10.4029,32.61833],[10.41304,32.67492],[10.41196,32.71378],[10.42799,32.72691],[10.43733,32.76323],[10.45125,32.78198],[10.4493,32.79333],[10.45296,32.82597],[10.45826,32.82841],[10.46745,32.82378],[10.50237,32.82865],[10.50495,32.85241],[10.51245,32.86139],[10.52123,32.86539],[10.52152,32.8757],[10.51724,32.89026],[10.51989,32.8978],[10.51096,32.89734],[10.48775,32.90549],[10.47476,32.91449],[10.46304,32.91222],[10.4576,32.92348],[10.44963,32.92877],[10.45304,32.94399],[10.44868,32.9346],[10.43734,32.92624],[10.43194,32.92678],[10.4285,32.9336],[10.42232,32.92598],[10.42629,32.92457],[10.4201,32.91859],[10.40573,32.92302],[10.40505,32.92097],[10.39295,32.92312]]]}},{"type":"Feature","properties":{"id":"TUN:ADM2:11933810B41984965215358","name":"الجديدة","countryCode":"TUN","adminLevel":2,"sourceCode":"11933810B41984965215358","parentId":"TUN:ADM1:TUN-102"},"geometry":{"type":"Polygon","coordinates":[[[9.85158,36.95741],[9.85767,36.93485],[9.87736,36.92467],[9.88424,36.91703],[9.87857,36.90368],[9.86899,36.89334],[9.86023,36.87038],[9.86726,36.86717],[9.89743,36.83616],[9.89731,36.83002],[9.88946,36.82785],[9.88842,36.8217],[9.87573,36.8221],[9.86711,36.81761],[9.87229,36.79512],[9.88025,36.78974],[9.86802,36.77242],[9.85782,36.76747],[9.86576,36.74946],[9.87605,36.74984],[9.87858,36.75348],[9.87519,36.76146],[9.879,36.76347],[9.913,36.76632],[9.92604,36.76388],[9.9213,36.77579],[9.92756,36.77915],[9.92281,36.7841],[9.9256,36.79226],[9.96618,36.79865],[9.98085,36.79815],[9.99282,36.78045],[9.99586,36.78631],[10.00379,36.78692],[9.99882,36.79748],[9.98944,36.80689],[9.98618,36.80283],[9.97576,36.80398],[9.97366,36.80539],[9.98123,36.81155],[9.96792,36.81241],[9.96886,36.82351],[9.96423,36.82883],[9.96473,36.83206],[9.96864,36.8322],[9.96329,36.84355],[9.97891,36.84664],[9.97563,36.85883],[9.99087,36.85802],[9.99803,36.87075],[9.99695,36.87722],[10.00502,36.88092],[10.00438,36.89027],[10.0112,36.89706],[10.00046,36.91805],[9.97991,36.92645],[9.94365,36.91464],[9.94443,36.91942],[9.92691,36.9532],[9.91651,36.94952],[9.86952,36.95792],[9.86263,36.95488],[9.85158,36.95741]]]}},{"type":"Feature","properties":{"id":"TUN:ADM2:11933810B4282823233173","name":"دوز الشمالية","countryCode":"TUN","adminLevel":2,"sourceCode":"11933810B4282823233173","parentId":"TUN:ADM1:TUN-97"},"geometry":{"type":"Polygon","coordinates":[[[9.54085,33.60191],[9.51152,33.59794],[9.50646,33.59001],[9.47959,33.56705],[9.46734,33.56103],[9.36617,33.57571],[9.27965,33.5212],[9.24105,33.51742],[9.16638,33.51943],[9.08226,33.51485],[9.07316,33.51771],[9.06587,33.51528],[9.01061,33.51504],[8.98498,33.51865],[8.95019,33.51695],[8.92435,33.51975],[8.93419,33.50376],[8.93854,33.50519],[8.94429,33.49959],[8.94556,33.49412],[8.95928,33.47883],[8.96054,33.47203],[8.97463,33.46492],[8.97534,33.45974],[8.98071,33.46138],[8.98454,33.45703],[8.99703,33.45535],[8.99651,33.44296],[9.00238,33.43123],[9.01845,33.42893],[9.0476,33.4305],[9.06231,33.42621],[9.10316,33.40572],[9.16856,33.36544],[9.20376,33.3501],[9.31735,33.26465],[9.61587,33.06362],[9.68162,33.02232],[9.84598,32.92475],[9.89001,32.89449],[9.9028,32.88915],[9.9432,32.88879],[9.94077,32.91761],[9.93284,32.92291],[9.93825,32.93407],[9.93096,32.94156],[9.93648,32.95193],[9.94527,32.95759],[9.95564,32.95701],[9.96355,32.96142],[9.99599,32.96398],[10.01166,32.97728],[10.004,32.98861],[9.99508,32.99298],[9.97704,32.99643],[9.96283,32.99267],[9.93663,33.00355],[9.92738,33.03374],[9.91688,33.04681],[9.90979,33.05123],[9.89866,33.048],[9.89355,33.05226],[9.8965,33.06525],[9.9068,33.06648],[9.91537,33.07249],[9.91005,33.08871],[9.91887,33.147],[9.91355,33.17046],[9.9166,33.19844],[9.91155,33.20072],[9.91008,33.20613],[9.89934,33.21189],[9.85754,33.20357],[9.79021,33.22009],[9.70964,33.28403],[9.67491,33.32699],[9.64827,33.35019],[9.63669,33.38365],[9.62972,33.39129],[9.62835,33.40604],[9.62226,33.41924],[9.57078,33.43974],[9.55647,33.45134],[9.55514,33.45879],[9.55002,33.46259],[9.53509,33.46733],[9.52862,33.47426],[9.51283,33.48275],[9.50458,33.49223],[9.49437,33.49652],[9.48828,33.49509],[9.50167,33.50182],[9.5168,33.49703],[9.53145,33.49745],[9.54739,33.51471],[9.54485,33.52269],[9.55984,33.55413],[9.58025,33.56609],[9.5904,33.58375],[9.61677,33.59079],[9.58141,33.59428],[9.56519,33.58551],[9.55586,33.58888],[9.54085,33.60191]]]}},{"type":"Feature","properties":{"id":"TUN:ADM2:11933810B42878076535883","name":"رمادة","countryCode":"TUN","adminLevel":2,"sourceCode":"11933810B42878076535883","parentId":"TUN:ADM1:TUN-98"},"geometry":{"type":"Polygon","coordinates":[[[10.40031,32.58143],[10.39433,32.58308],[10.38731,32.57772],[10.36997,32.58024],[10.36637,32.5855],[10.35371,32.59241],[10.34839,32.60244],[10.34967,32.60909],[10.34288,32.6189],[10.3231,32.62004],[10.28929,32.62779],[10.27448,32.6166],[10.26701,32.62064],[10.24855,32.61734],[10.23113,32.60878],[10.1929,32.61242],[10.17193,32.60595],[10.14488,32.60786],[10.11896,32.60018],[10.08896,32.5839],[10.07772,32.58797],[10.05776,32.58806],[10.04288,32.57861],[10.02341,32.57783],[10.01613,32.58335],[10.00462,32.58417],[9.99005,32.57587],[9.97365,32.58621],[9.96569,32.58697],[9.98824,32.62063],[9.95051,32.64764],[9.93497,32.64756],[9.9142,32.65847],[9.91107,32.66572],[9.9019,32.67079],[9.90477,32.67859],[9.901,32.68307],[9.87077,32.69285],[9.86089,32.70202],[9.84178,32.70343],[9.83971,32.71758],[9.82813,32.72704],[9.80744,32.7217],[9.79126,32.75205],[9.79118,32.75714],[9.78397,32.7609],[9.78032,32.76891],[9.77457,32.76884],[9.76833,32.7867],[9.75763,32.79129],[9.74998,32.78761],[9.74309,32.79593],[9.73745,32.79681],[9.732,32.79518],[9.72537,32.79775],[9.71486,32.79343],[9.70985,32.80062],[9.70001,32.79936],[9.69473,32.79409],[9.67906,32.79236],[9.6793,32.78331],[9.65766,32.78032],[9.6496,32.77314],[9.64095,32.77681],[9.61339,32.76797],[9.59689,32.7553],[9.58968,32.76119],[9.57952,32.75754],[9.57051,32.75848],[9.56619,32.75331],[9.55954,32.75499],[9.52168,32.72885],[9.47154,32.70685],[9.21126,32.64892],[8.35683,32.5026],[8.80032,32.23621],[9.06531,32.08738],[9.09281,32.00837],[9.09846,31.99944],[9.19748,31.63627],[9.20353,31.60403],[9.35964,31.00002],[9.36284,30.99601],[9.55845,30.23024],[9.60799,30.24234],[9.66831,30.27519],[9.69533,30.28321],[9.72932,30.30046],[9.83175,30.33725],[9.8775,30.33693],[9.94415,30.38342],[9.95428,30.40328],[9.96926,30.42001],[9.98106,30.42549],[10.0071,30.46977],[10.01712,30.47924],[10.0696,30.50836],[10.13037,30.59811],[10.2019,30.69354],[10.21901,30.70434],[10.27208,30.80051],[10.28484,30.83519],[10.29308,30.87754],[10.30559,30.89499],[10.29712,30.90755],[10.28472,30.95504],[10.27514,31.04081],[10.29414,31.09126],[10.26568,31.12181],[10.25693,31.16918],[10.26214,31.18695],[10.24577,31.19787],[10.22511,31.24565],[10.20371,31.28378],[10.19779,31.30628],[10.16627,31.37699],[10.15359,31.41682],[10.15041,31.44218],[9.98156,31.70166],[10.02284,31.77677],[10.08263,31.82096],[10.08564,31.83874],[10.09546,31.8547],[10.08994,31.85942],[10.08699,31.87359],[10.09594,31.87974],[10.10491,31.89642],[10.15604,31.91991],[10.179,31.91405],[10.21071,31.91542],[10.24102,31.93784],[10.26316,31.94031],[10.27384,31.94754],[10.28369,31.96021],[10.3221,31.97931],[10.35848,32.00467],[10.41322,31.99859],[10.42696,32.00697],[10.47479,32.00111],[10.47303,32.0184],[10.4887,32.03279],[10.49732,32.07794],[10.50702,32.08701],[10.51354,32.1009],[10.52019,32.10475],[10.52946,32.12254],[10.54122,32.1298],[10.55595,32.15148],[10.59026,32.16928],[10.61436,32.1737],[10.65945,32.18894],[10.66531,32.19283],[10.66561,32.20213],[10.66698,32.19957],[10.67873,32.19785],[10.68027,32.22274],[10.68839,32.23656],[10.6954,32.23914],[10.70672,32.25598],[10.72037,32.26515],[10.71829,32.27377],[10.72695,32.29198],[10.71973,32.31461],[10.70905,32.32048],[10.71677,32.33641],[10.71692,32.35607],[10.72332,32.38501],[10.80197,32.49513],[10.64015,32.48725],[10.6101,32.48231],[10.60028,32.47729],[10.57857,32.48224],[10.56917,32.48977],[10.56234,32.50318],[10.47303,32.56678],[10.43596,32.58584],[10.42615,32.58212],[10.41292,32.58495],[10.40031,32.58143]]]}},{"type":"Feature","properties":{"id":"TUN:ADM2:11933810B43224810674441","name":"عمدون","countryCode":"TUN","adminLevel":2,"sourceCode":"11933810B43224810674441","parentId":"TUN:ADM1:TUN-103"},"geometry":{"type":"Polygon","coordinates":[[[8.91686,36.78386],[8.91125,36.77805],[8.91623,36.77333],[8.94041,36.76987],[8.9497,36.76435],[8.95492,36.76774],[8.99466,36.7658],[9.01848,36.75653],[9.02352,36.74948],[9.02755,36.74991],[9.03071,36.72988],[9.03674,36.72494],[9.03249,36.72152],[9.03442,36.71479],[9.02935,36.71266],[9.02718,36.7063],[9.03253,36.70115],[9.02766,36.69496],[9.03032,36.68909],[9.02821,36.68787],[9.03229,36.68403],[9.02727,36.68439],[9.03027,36.68154],[9.02324,36.6683],[9.01616,36.66774],[9.02043,36.65924],[9.03258,36.65872],[9.04435,36.6633],[9.04821,36.67026],[9.05873,36.67045],[9.06662,36.67467],[9.07229,36.6832],[9.07676,36.68137],[9.08237,36.68653],[9.06763,36.70209],[9.0701,36.70564],[9.06862,36.71263],[9.06358,36.71331],[9.07009,36.72483],[9.07949,36.72775],[9.08177,36.7344],[9.08784,36.73388],[9.13557,36.76998],[9.13994,36.7799],[9.13255,36.78221],[9.13111,36.79364],[9.12644,36.79803],[9.12854,36.80077],[9.12585,36.80725],[9.12679,36.8275],[9.14378,36.84634],[9.13013,36.84996],[9.12297,36.85526],[9.11411,36.85512],[9.1151,36.84681],[9.10612,36.84358],[9.1091,36.84119],[9.09939,36.83473],[9.10256,36.82961],[9.09257,36.82598],[9.08709,36.81885],[9.0775,36.82739],[9.07689,36.83455],[9.06988,36.83473],[9.06347,36.83971],[9.07617,36.85244],[9.07208,36.86153],[9.06042,36.86654],[9.06111,36.87506],[9.05268,36.88397],[9.04453,36.88492],[9.04302,36.89076],[9.03121,36.89205],[9.02553,36.89666],[9.01247,36.88537],[9.00097,36.88584],[8.99945,36.87575],[8.98892,36.87532],[8.99422,36.85891],[8.98823,36.8562],[8.9847,36.8479],[8.97224,36.84271],[8.95001,36.84332],[8.94219,36.83842],[8.94219,36.83384],[8.93241,36.82661],[8.93288,36.82133],[8.92204,36.81632],[8.91795,36.80611],[8.92097,36.80184],[8.93354,36.80364],[8.93065,36.79747],[8.9334,36.78994],[8.91686,36.78386]]]}},{"type":"Feature","properties":{"id":"TUN:ADM2:11933810B4327996675990","name":"الزهراء","countryCode":"TUN","adminLevel":2,"sourceCode":"11933810B4327996675990","parentId":"TUN:ADM1:TUN-104"},"geometry":{"type":"Polygon","coordinates":[[[10.30123,36.7621],[10.29427,36.75587],[10.28266,36.75251],[10.28022,36.73958],[10.32305,36.7331],[10.31957,36.73467],[10.3261,36.74034],[10.30123,36.7621]]]}},{"type":"Feature","properties":{"id":"TUN:ADM2:11933810B43888701821775","name":"الجم","countryCode":"TUN","adminLevel":2,"sourceCode":"11933810B43888701821775","parentId":"TUN:ADM1:TUN-116"},"geometry":{"type":"Polygon","coordinates":[[[10.67213,35.3573],[10.6474,35.34445],[10.64177,35.34445],[10.63545,35.35187],[10.63312,35.34049],[10.61974,35.34433],[10.61633,35.32299],[10.63045,35.31649],[10.62532,35.31789],[10.61655,35.31294],[10.61599,35.30758],[10.61158,35.30475],[10.6142,35.29903],[10.61046,35.29519],[10.60326,35.29033],[10.5967,35.29663],[10.58428,35.28742],[10.58183,35.28154],[10.59424,35.24197],[10.62899,35.25763],[10.63293,35.25234],[10.6373,35.25373],[10.64459,35.24201],[10.66089,35.22996],[10.6746,35.22194],[10.68756,35.2187],[10.71124,35.2216],[10.73315,35.23253],[10.73895,35.23218],[10.74783,35.24034],[10.75826,35.24158],[10.75054,35.24881],[10.76129,35.26508],[10.7651,35.27851],[10.7911,35.27383],[10.79494,35.25621],[10.80475,35.24596],[10.85771,35.25859],[10.8555,35.27487],[10.82609,35.29509],[10.8151,35.30702],[10.82852,35.31446],[10.81556,35.32522],[10.82779,35.32752],[10.81088,35.34204],[10.81506,35.34733],[10.80922,35.3484],[10.80483,35.35745],[10.80677,35.35813],[10.77991,35.40235],[10.77128,35.40133],[10.75987,35.41293],[10.731,35.40964],[10.74413,35.40418],[10.74582,35.40224],[10.74217,35.39978],[10.75024,35.39085],[10.73199,35.38827],[10.72429,35.3822],[10.71627,35.38318],[10.71219,35.36642],[10.68003,35.35248],[10.67675,35.34819],[10.67213,35.3573]]]}},{"type":"Feature","properties":{"id":"TUN:ADM2:11933810B44054307576941","name":"قلعة سنان","countryCode":"TUN","adminLevel":2,"sourceCode":"11933810B44054307576941","parentId":"TUN:ADM1:TUN-109"},"geometry":{"type":"Polygon","coordinates":[[[8.43563,35.6689],[8.42476,35.69413],[8.4306,35.70816],[8.42905,35.71375],[8.41178,35.73177],[8.42157,35.73547],[8.43037,35.74961],[8.43216,35.75663],[8.42797,35.76407],[8.49466,35.74771],[8.52022,35.74759],[8.54221,35.75804],[8.55949,35.78577],[8.55962,35.79241],[8.5448,35.80495],[8.53696,35.81776],[8.52574,35.82036],[8.52614,35.81639],[8.52256,35.81569],[8.52196,35.82095],[8.51905,35.82031],[8.52037,35.81623],[8.51613,35.82052],[8.51328,35.81623],[8.50425,35.81803],[8.498,35.82414],[8.48826,35.82309],[8.47944,35.83099],[8.44729,35.82816],[8.43847,35.8371],[8.42983,35.83695],[8.42285,35.84425],[8.41128,35.84603],[8.39584,35.8566],[8.39682,35.86216],[8.38918,35.86387],[8.38914,35.86755],[8.38261,35.8712],[8.3833,35.87402],[8.38855,35.87442],[8.3859,35.88042],[8.39104,35.88289],[8.38715,35.89128],[8.38712,35.90088],[8.393,35.91365],[8.38642,35.92287],[8.38721,35.93311],[8.37747,35.93698],[8.37692,35.94144],[8.36645,35.94427],[8.36516,35.95022],[8.376,35.96613],[8.37771,35.97805],[8.35778,35.97466],[8.33802,35.96548],[8.3257,35.97807],[8.31339,35.95971],[8.30691,35.96417],[8.30043,35.9563],[8.29082,35.9569],[8.28833,35.95539],[8.28962,35.95235],[8.27155,35.94644],[8.26291,35.93762],[8.26121,35.92052],[8.26344,35.91878],[8.25625,35.91371],[8.2557,35.90832],[8.27153,35.90775],[8.26762,35.89782],[8.25348,35.88647],[8.27071,35.87865],[8.26717,35.87065],[8.27325,35.81981],[8.26838,35.81361],[8.27015,35.81038],[8.26445,35.79483],[8.26541,35.78171],[8.25857,35.76245],[8.26233,35.7447],[8.26639,35.73936],[8.26427,35.73066],[8.28008,35.72257],[8.30783,35.69155],[8.31083,35.69215],[8.31859,35.68507],[8.33678,35.68345],[8.35604,35.66977],[8.35602,35.65347],[8.36029,35.64651],[8.35396,35.61661],[8.37046,35.61963],[8.38934,35.61594],[8.38626,35.63531],[8.40113,35.64009],[8.4095,35.65164],[8.41514,35.65457],[8.41735,35.66426],[8.43563,35.6689]]]}},{"type":"Feature","properties":{"id":"TUN:ADM2:11933810B45404698681959","name":"جومين","countryCode":"TUN","adminLevel":2,"sourceCode":"11933810B45404698681959","parentId":"TUN:ADM1:TUN-105"},"geometry":{"type":"Polygon","coordinates":[[[9.51769,36.96145],[9.5034,36.96393],[9.48677,36.96186],[9.48486,36.95874],[9.4657,36.95224],[9.45922,36.95419],[9.46027,36.9576],[9.4551,36.9629],[9.43856,36.96499],[9.42903,36.97113],[9.43055,36.97842],[9.43995,36.98644],[9.43701,36.99035],[9.44639,36.99876],[9.44317,37.00503],[9.43023,37.00742],[9.41614,37.00063],[9.3747,36.99372],[9.35858,37.00243],[9.3541,37.01173],[9.34833,37.01602],[9.35863,37.03306],[9.32861,37.02733],[9.30494,37.02742],[9.29245,37.02348],[9.28896,37.01779],[9.28682,37.02149],[9.26789,37.01872],[9.2663,37.02249],[9.25978,37.01536],[9.24746,37.02112],[9.24124,37.01954],[9.23733,37.0131],[9.22759,37.01375],[9.22251,37.00707],[9.21793,37.00793],[9.21342,36.98622],[9.21488,36.98024],[9.2037,36.97037],[9.23158,36.9573],[9.24046,36.94475],[9.26024,36.92853],[9.24398,36.9129],[9.24786,36.90588],[9.2639,36.9001],[9.26782,36.8951],[9.29389,36.89227],[9.29724,36.88112],[9.31271,36.87145],[9.31917,36.87315],[9.31919,36.88158],[9.32774,36.88563],[9.33236,36.87805],[9.33995,36.87781],[9.36014,36.86079],[9.38452,36.84945],[9.38362,36.8429],[9.38995,36.83808],[9.37946,36.83372],[9.36605,36.81173],[9.35989,36.80745],[9.36092,36.79522],[9.35628,36.79219],[9.35727,36.7845],[9.34493,36.76688],[9.35251,36.75564],[9.36691,36.75248],[9.38946,36.73903],[9.401,36.7234],[9.41954,36.73322],[9.42737,36.73292],[9.43254,36.74551],[9.44866,36.75964],[9.46376,36.76603],[9.47552,36.76674],[9.48685,36.77605],[9.51642,36.78723],[9.51691,36.80099],[9.52494,36.80879],[9.52822,36.8174],[9.55685,36.83399],[9.56019,36.84125],[9.5744,36.8508],[9.58813,36.85678],[9.57675,36.86853],[9.55314,36.88024],[9.55198,36.89064],[9.53516,36.89726],[9.52641,36.91764],[9.51375,36.91819],[9.50997,36.93308],[9.49347,36.93677],[9.51928,36.95198],[9.51413,36.95478],[9.51769,36.96145]]]}},{"type":"Feature","properties":{"id":"TUN:ADM2:11933810B45442684753250","name":"التحرير","countryCode":"TUN","adminLevel":2,"sourceCode":"11933810B45442684753250","parentId":"TUN:ADM1:TUN-108"},"geometry":{"type":"Polygon","coordinates":[[[10.11755,36.83595],[10.12545,36.81764],[10.13821,36.82164],[10.13355,36.82715],[10.12308,36.83081],[10.12147,36.83658],[10.11755,36.83595]]]}},{"type":"Feature","properties":{"id":"TUN:ADM2:11933810B45632571730396","name":"سيدي بو علي","countryCode":"TUN","adminLevel":2,"sourceCode":"11933810B45632571730396","parentId":"TUN:ADM1:TUN-119"},"geometry":{"type":"Polygon","coordinates":[[[10.52188,35.96252],[10.50634,35.95686],[10.5108,35.94693],[10.51038,35.93605],[10.50629,35.93542],[10.49647,35.94136],[10.45499,35.91581],[10.4528,35.909],[10.43691,35.91141],[10.35667,35.94678],[10.35513,35.95623],[10.35071,35.96001],[10.35127,35.96481],[10.35599,35.9678],[10.34989,35.97113],[10.36577,35.97933],[10.32183,35.98572],[10.32414,35.99356],[10.31539,35.99488],[10.31681,36.00121],[10.32091,36.01949],[10.37075,36.01196],[10.36569,36.02481],[10.35848,36.02842],[10.35994,36.03112],[10.37225,36.02949],[10.39594,36.01053],[10.39607,36.00442],[10.406,35.99888],[10.41082,36.00191],[10.40676,36.00625],[10.42167,36.01406],[10.43829,35.99561],[10.4574,36.01052],[10.45941,36.00683],[10.45792,36.00441],[10.45569,36.00643],[10.45566,36.00184],[10.46072,35.99883],[10.4757,35.99125],[10.47445,35.99819],[10.48054,36.00014],[10.49479,35.99108],[10.47801,35.98861],[10.47323,35.98432],[10.47582,35.98547],[10.49568,35.97104],[10.51752,35.96965],[10.52553,35.97136],[10.52765,35.96875],[10.52188,35.96252]]]}},{"type":"Feature","properties":{"id":"TUN:ADM2:11933810B45961681846987","name":"منزل تميم","countryCode":"TUN","adminLevel":2,"sourceCode":"11933810B45961681846987","parentId":"TUN:ADM1:TUN-107"},"geometry":{"type":"Polygon","coordinates":[[[10.96352,36.71275],[10.94839,36.72182],[10.93563,36.72471],[10.93485,36.73177],[10.91724,36.73606],[10.90967,36.73016],[10.90119,36.73657],[10.88946,36.73521],[10.8669,36.75383],[10.86451,36.75975],[10.83818,36.77838],[10.83415,36.77733],[10.83188,36.76637],[10.82413,36.76298],[10.81806,36.77005],[10.81171,36.77302],[10.80469,36.77155],[10.78605,36.78497],[10.7592,36.79279],[10.76051,36.79792],[10.76666,36.79896],[10.77151,36.80415],[10.77314,36.80969],[10.76988,36.81549],[10.77268,36.81607],[10.76521,36.82539],[10.77416,36.83101],[10.76997,36.83633],[10.78142,36.85087],[10.81289,36.84895],[10.82422,36.85505],[10.83831,36.82809],[10.84592,36.82207],[10.85262,36.82542],[10.86228,36.82107],[10.86006,36.82874],[10.86418,36.8295],[10.86563,36.84106],[10.87635,36.83604],[10.88633,36.83983],[10.89575,36.85368],[10.91048,36.8866],[10.92954,36.90001],[10.94386,36.8965],[10.95496,36.88771],[10.9583,36.87374],[10.96546,36.87247],[10.96588,36.86283],[10.98756,36.87852],[11.00882,36.86621],[11.01596,36.85218],[11.01305,36.84777],[11.01474,36.83734],[11.00762,36.82424],[11.00629,36.80636],[11.0207,36.79689],[11.02905,36.8025],[11.03331,36.79655],[11.03194,36.7949],[11.02214,36.78828],[11.00462,36.7621],[10.96352,36.71275]]]}},{"type":"Feature","properties":{"id":"TUN:ADM2:11933810B4615556416921","name":"سوسة المدينة","countryCode":"TUN","adminLevel":2,"sourceCode":"11933810B4615556416921","parentId":"TUN:ADM1:TUN-119"},"geometry":{"type":"Polygon","coordinates":[[[10.64731,35.81426],[10.65263,35.80899],[10.6497,35.80704],[10.6437,35.8112],[10.63472,35.82177],[10.63173,35.83177],[10.60229,35.8553],[10.60712,35.8595],[10.60857,35.85586],[10.62208,35.8426],[10.64204,35.82733],[10.64174,35.82319],[10.64363,35.82121],[10.64674,35.82373],[10.6479,35.82285],[10.64731,35.81426]]]}},{"type":"Feature","properties":{"id":"TUN:ADM2:11933810B46466927285708","name":"الشبيكة","countryCode":"TUN","adminLevel":2,"sourceCode":"11933810B46466927285708","parentId":"TUN:ADM1:TUN-118"},"geometry":{"type":"Polygon","coordinates":[[[9.83952,35.74351],[9.86502,35.71718],[9.86142,35.70596],[9.85423,35.70165],[9.85542,35.69724],[9.864,35.69264],[9.86398,35.67467],[9.86214,35.66289],[9.84476,35.65367],[9.84107,35.6417],[9.82546,35.63923],[9.81993,35.63475],[9.82598,35.62738],[9.82455,35.62255],[9.82873,35.61413],[9.83095,35.5927],[9.79098,35.58289],[9.76982,35.58361],[9.75533,35.57505],[9.75607,35.56748],[9.76104,35.56269],[9.76511,35.56309],[9.79027,35.53861],[9.79447,35.53906],[9.80021,35.5339],[9.81042,35.51924],[9.80602,35.51576],[9.8068,35.51036],[9.81605,35.50207],[9.81983,35.49017],[9.824,35.49377],[9.88523,35.50865],[9.90257,35.49366],[9.91258,35.49028],[9.92191,35.49898],[9.92048,35.50206],[9.93091,35.50731],[9.93069,35.51604],[9.95992,35.54435],[9.97296,35.53935],[9.98245,35.54008],[9.98504,35.53367],[10.00388,35.52659],[10.02865,35.53297],[10.04092,35.54019],[10.05599,35.57003],[10.05851,35.58201],[10.02854,35.58216],[10.0129,35.59398],[10.04066,35.61763],[10.03507,35.61652],[10.03001,35.62046],[10.00227,35.61345],[9.99817,35.6166],[9.98963,35.61567],[9.98595,35.62611],[9.98895,35.62793],[9.98014,35.63623],[9.96188,35.63919],[9.98055,35.65239],[10.01012,35.66255],[10.01641,35.6817],[9.99859,35.68116],[10.00665,35.69778],[9.98744,35.69871],[9.97069,35.70576],[9.97612,35.71821],[9.97303,35.72624],[9.97445,35.73246],[9.978,35.7334],[9.97574,35.73889],[9.98643,35.75689],[9.96802,35.78368],[9.94659,35.80623],[9.92449,35.81889],[9.90525,35.81183],[9.86867,35.82813],[9.8616,35.82752],[9.86789,35.82034],[9.85705,35.81336],[9.85888,35.81079],[9.85066,35.80244],[9.84166,35.78353],[9.83952,35.74351]]]}},{"type":"Feature","properties":{"id":"TUN:ADM2:11933810B46924105449942","name":"القلعة الكبرى","countryCode":"TUN","adminLevel":2,"sourceCode":"11933810B46924105449942","parentId":"TUN:ADM1:TUN-119"},"geometry":{"type":"Polygon","coordinates":[[[10.33333,35.90777],[10.34541,35.89036],[10.35159,35.86352],[10.32876,35.84042],[10.30747,35.80715],[10.3176,35.80486],[10.31992,35.80869],[10.33502,35.80952],[10.35404,35.7949],[10.36707,35.78907],[10.37532,35.80331],[10.39034,35.79968],[10.40317,35.80266],[10.41144,35.80071],[10.41079,35.80467],[10.40351,35.80787],[10.43403,35.82735],[10.45897,35.81193],[10.46954,35.81085],[10.49469,35.8164],[10.50497,35.82154],[10.49617,35.83062],[10.51154,35.83382],[10.51278,35.84373],[10.5096,35.84641],[10.51287,35.85069],[10.52329,35.84736],[10.56025,35.86326],[10.5475,35.8804],[10.54802,35.89928],[10.52482,35.92127],[10.51126,35.92861],[10.50398,35.93865],[10.49647,35.94136],[10.45499,35.91581],[10.4528,35.909],[10.43691,35.91141],[10.35667,35.94678],[10.33882,35.93728],[10.33655,35.92845],[10.34951,35.92636],[10.33333,35.90777]]]}},{"type":"Feature","properties":{"id":"TUN:ADM2:11933810B4781158018226","name":"بورويس","countryCode":"TUN","adminLevel":2,"sourceCode":"11933810B4781158018226","parentId":"TUN:ADM1:TUN-115"},"geometry":{"type":"Polygon","coordinates":[[[9.03569,36.18301],[9.03803,36.17816],[9.03215,36.15878],[9.04309,36.13716],[9.06492,36.13378],[9.09135,36.11513],[9.10041,36.11488],[9.11066,36.11961],[9.12162,36.10245],[9.13392,36.10106],[9.14215,36.0919],[9.15781,36.08483],[9.16006,36.09126],[9.18042,36.09849],[9.17864,36.10977],[9.18493,36.10896],[9.18587,36.11437],[9.19231,36.11983],[9.20366,36.11307],[9.21763,36.11275],[9.23509,36.12638],[9.24462,36.12804],[9.23433,36.14971],[9.22568,36.1573],[9.21678,36.1772],[9.23401,36.20798],[9.23053,36.2131],[9.20118,36.23346],[9.1991,36.24972],[9.18539,36.25684],[9.17871,36.26767],[9.16245,36.27286],[9.16618,36.26509],[9.16494,36.26082],[9.15371,36.26073],[9.13666,36.27144],[9.13084,36.28045],[9.12591,36.28092],[9.1235,36.29005],[9.11593,36.29346],[9.11194,36.29157],[9.11161,36.28614],[9.10687,36.28507],[9.10365,36.27644],[9.10101,36.27786],[9.0949,36.27384],[9.08853,36.26514],[9.07831,36.26495],[9.06587,36.25815],[9.05074,36.23334],[9.03746,36.22664],[9.03466,36.21706],[9.04049,36.21026],[9.04404,36.21086],[9.05612,36.2027],[9.03569,36.18301]]]}},{"type":"Feature","properties":{"id":"TUN:ADM2:11933810B48053950180724","name":"الرقاب","countryCode":"TUN","adminLevel":2,"sourceCode":"11933810B48053950180724","parentId":"TUN:ADM1:TUN-113"},"geometry":{"type":"Polygon","coordinates":[[[9.88612,34.65927],[9.8895,34.66258],[9.90848,34.66525],[9.89943,34.67954],[9.90355,34.69469],[9.91816,34.72057],[9.91769,34.73149],[9.91199,34.73461],[9.91313,34.7512],[9.92509,34.75078],[9.93928,34.75609],[9.9414,34.77788],[9.96068,34.8281],[9.95463,34.83099],[9.97862,34.87221],[10.00872,34.89707],[10.0291,34.94874],[10.049,34.98548],[10.06361,35.00334],[10.06331,35.02023],[10.04058,35.02685],[10.00237,35.04504],[10.00043,35.04171],[9.97641,35.05432],[9.97474,35.05008],[9.96953,35.0489],[9.95022,35.05827],[9.93808,35.05669],[9.91952,35.06327],[9.90709,35.05482],[9.8767,35.01863],[9.78622,34.98822],[9.76548,34.9847],[9.73708,34.96264],[9.72439,34.95651],[9.71134,34.95799],[9.70991,34.95294],[9.703,34.9522],[9.67098,34.93145],[9.66136,34.93039],[9.64711,34.89634],[9.63765,34.88792],[9.64525,34.87801],[9.62868,34.86936],[9.63935,34.8603],[9.6311,34.85112],[9.63608,34.84514],[9.63781,34.82974],[9.62858,34.82606],[9.62646,34.82157],[9.63247,34.80088],[9.62892,34.79597],[9.63136,34.78572],[9.68945,34.77397],[9.69671,34.7685],[9.72486,34.73954],[9.718,34.70565],[9.75645,34.68861],[9.76264,34.67932],[9.77748,34.69085],[9.79664,34.69207],[9.80243,34.68847],[9.813,34.66371],[9.82554,34.65618],[9.83236,34.65564],[9.84126,34.646],[9.86214,34.64985],[9.87568,34.65996],[9.88612,34.65927]]]}},{"type":"Feature","properties":{"id":"TUN:ADM2:11933810B48763821279010","name":"Kerkennah","countryCode":"TUN","adminLevel":2,"sourceCode":"11933810B48763821279010","parentId":"TUN:ADM1:TUN-114"},"geometry":{"type":"MultiPolygon","coordinates":[[[[10.96644,34.6567],[10.97684,34.65821],[10.99179,34.67175],[11.04327,34.67138],[11.0494,34.66822],[11.0553,34.67129],[11.06904,34.6712],[11.07722,34.67034],[11.07987,34.67112],[11.09153,34.67104],[11.09423,34.66861],[11.10375,34.66805],[11.11084,34.65951],[11.10296,34.6529],[11.08831,34.64329],[11.08269,34.64314],[11.06244,34.62532],[11.05876,34.62294],[11.05222,34.62157],[11.0365,34.62431],[11.03059,34.62675],[11.0293,34.62777],[11.02482,34.62913],[11.01661,34.63251],[10.99324,34.64198],[10.96644,34.6567]]],[[[11.12593,34.67633],[11.12341,34.67818],[11.12268,34.67967],[11.1325,34.68318],[11.13446,34.6895],[11.13232,34.69016],[11.13238,34.69022],[11.13454,34.68962],[11.13613,34.69195],[11.1357,34.69344],[11.13616,34.69389],[11.15269,34.70688],[11.16703,34.72422],[11.17141,34.72518],[11.1743,34.72847],[11.1714,34.73283],[11.17208,34.73662],[11.18167,34.74248],[11.17299,34.75761],[11.17303,34.758],[11.17987,34.76127],[11.18424,34.74845],[11.19803,34.74095],[11.21424,34.74236],[11.21903,34.73967],[11.22555,34.7455],[11.22411,34.75008],[11.22889,34.75052],[11.22666,34.76133],[11.23244,34.766],[11.22256,34.77303],[11.2175,34.78162],[11.21872,34.78375],[11.227,34.78211],[11.23427,34.78657],[11.23344,34.79056],[11.24784,34.79127],[11.2454,34.80248],[11.24102,34.80718],[11.24367,34.80923],[11.25258,34.80289],[11.25035,34.8133],[11.24604,34.8159],[11.25427,34.82582],[11.26539,34.82045],[11.26891,34.81042],[11.27878,34.80269],[11.28291,34.8065],[11.27394,34.81369],[11.27537,34.81727],[11.28299,34.81629],[11.29085,34.81283],[11.29599,34.81352],[11.30145,34.81045],[11.30417,34.80529],[11.30406,34.80526],[11.30306,34.8059],[11.28641,34.80465],[11.28545,34.80098],[11.28666,34.80018],[11.27809,34.79767],[11.27443,34.79173],[11.26824,34.78535],[11.2658,34.77338],[11.27485,34.77038],[11.27717,34.76732],[11.27688,34.76524],[11.28045,34.76299],[11.28053,34.76288],[11.30439,34.74264],[11.30445,34.74255],[11.30449,34.74176],[11.29945,34.73292],[11.29729,34.7318],[11.29818,34.7307],[11.29703,34.72869],[11.29597,34.72832],[11.2966,34.73088],[11.2889,34.73298],[11.28218,34.73222],[11.26312,34.7205],[11.25829,34.72395],[11.25493,34.71996],[11.25012,34.72372],[11.25139,34.7143],[11.24917,34.71199],[11.24435,34.71031],[11.21737,34.70607],[11.20759,34.70007],[11.20296,34.70265],[11.13225,34.66378],[11.13075,34.66329],[11.12511,34.67473],[11.12593,34.67633]]]]}},{"type":"Feature","properties":{"id":"TUN:ADM2:11933810B49043051728800","name":"القلعة الخصباء","countryCode":"TUN","adminLevel":2,"sourceCode":"11933810B49043051728800","parentId":"TUN:ADM1:TUN-109"},"geometry":{"type":"Polygon","coordinates":[[[8.61723,35.74767],[8.60303,35.76665],[8.60024,35.78233],[8.59534,35.78649],[8.5966,35.78965],[8.59069,35.79121],[8.59051,35.79727],[8.5835,35.79767],[8.55288,35.81639],[8.53696,35.81776],[8.5448,35.80495],[8.55962,35.79241],[8.55949,35.78577],[8.54221,35.75804],[8.51291,35.74657],[8.49466,35.74771],[8.42797,35.76407],[8.43216,35.75663],[8.43037,35.74961],[8.42157,35.73547],[8.41178,35.73177],[8.42905,35.71375],[8.4306,35.70816],[8.42476,35.69413],[8.43563,35.6689],[8.45632,35.67251],[8.54359,35.66737],[8.548,35.66575],[8.54346,35.65726],[8.5459,35.6583],[8.55546,35.64587],[8.56835,35.63737],[8.57072,35.64088],[8.57847,35.6404],[8.58727,35.64621],[8.58792,35.65005],[8.59045,35.64881],[8.61501,35.65982],[8.61218,35.66432],[8.6189,35.67097],[8.61767,35.67549],[8.62168,35.67606],[8.63042,35.68558],[8.62765,35.68693],[8.63022,35.69146],[8.62566,35.69406],[8.62494,35.70142],[8.62243,35.70226],[8.62654,35.71005],[8.62463,35.71758],[8.62676,35.72457],[8.61865,35.73129],[8.61916,35.73677],[8.61551,35.7402],[8.61723,35.74767]]]}},{"type":"Feature","properties":{"id":"TUN:ADM2:11933810B49203985770178","name":"تطاوين الشمالية","countryCode":"TUN","adminLevel":2,"sourceCode":"11933810B49203985770178","parentId":"TUN:ADM1:TUN-98"},"geometry":{"type":"Polygon","coordinates":[[[10.60732,33.10875],[10.60564,33.08046],[10.55607,33.08259],[10.53995,33.07491],[10.52167,33.07975],[10.51138,33.07473],[10.50967,33.06207],[10.4775,33.05106],[10.47393,33.04298],[10.46529,33.0394],[10.45748,33.0299],[10.44485,33.0221],[10.44811,33.01312],[10.42665,33.00614],[10.42659,33.01108],[10.41357,33.01933],[10.40825,33.01883],[10.36232,32.99575],[10.343,32.99397],[10.34166,32.98467],[10.34443,32.98186],[10.35249,32.98645],[10.37655,32.95821],[10.36876,32.95368],[10.3916,32.92998],[10.39295,32.92312],[10.40505,32.92097],[10.40573,32.92302],[10.4201,32.91859],[10.42629,32.92457],[10.42232,32.92598],[10.4285,32.9336],[10.43194,32.92678],[10.43734,32.92624],[10.44868,32.9346],[10.45304,32.94399],[10.44963,32.92877],[10.4576,32.92348],[10.46304,32.91222],[10.47476,32.91449],[10.48775,32.90549],[10.51096,32.89734],[10.51989,32.8978],[10.51724,32.89026],[10.52123,32.86539],[10.51245,32.86139],[10.50495,32.85241],[10.50237,32.82865],[10.46745,32.82378],[10.45826,32.82841],[10.45296,32.82597],[10.4493,32.79333],[10.45125,32.78198],[10.43733,32.76323],[10.42799,32.72691],[10.41196,32.71378],[10.41304,32.67492],[10.4029,32.61833],[10.40031,32.58143],[10.41292,32.58495],[10.42615,32.58212],[10.43596,32.58584],[10.47303,32.56678],[10.56234,32.50318],[10.56917,32.48977],[10.57857,32.48224],[10.60028,32.47729],[10.6101,32.48231],[10.64015,32.48725],[10.80197,32.49513],[10.78081,32.46269],[10.78818,32.44499],[10.83065,32.36742],[10.89998,32.30643],[10.97395,32.29641],[11.08678,32.3092],[11.15212,32.31198],[11.18121,32.30626],[11.16983,32.32109],[11.16646,32.33204],[11.15031,32.34858],[11.1136,32.37321],[11.09914,32.38666],[11.0861,32.41089],[11.03155,32.47408],[11.01526,32.50946],[10.98119,32.54174],[10.97253,32.55559],[10.95614,32.57228],[10.91476,32.63599],[10.8947,32.67707],[10.88685,32.68438],[10.81682,32.70966],[10.78608,32.74062],[10.75556,32.75934],[10.73205,32.76802],[10.6837,32.79736],[10.7347,32.82926],[10.75587,32.87167],[10.76946,32.86987],[10.80578,32.87601],[10.79541,32.88076],[10.78813,32.87886],[10.77193,32.8893],[10.76594,32.90676],[10.75833,32.91256],[10.75782,32.92821],[10.7481,32.95013],[10.75703,32.95236],[10.75691,32.95583],[10.85249,32.96097],[10.84604,32.97798],[10.82872,32.99041],[10.78091,32.98308],[10.7475,32.96742],[10.75092,32.97804],[10.71406,33.00026],[10.71165,33.03287],[10.72828,33.04381],[10.73819,33.05875],[10.73033,33.06231],[10.71427,33.06012],[10.70672,33.06509],[10.69335,33.06389],[10.68316,33.07003],[10.72,33.09801],[10.70199,33.09616],[10.60732,33.10875]]]}},{"type":"Feature","properties":{"id":"TUN:ADM2:11933810B49298312402477","name":"جربة ميدون","countryCode":"TUN","adminLevel":2,"sourceCode":"11933810B49298312402477","parentId":"TUN:ADM1:TUN-96"},"geometry":{"type":"Polygon","coordinates":[[[10.95353,33.72344],[10.95362,33.72419],[10.95672,33.73249],[10.94109,33.72822],[10.92848,33.69663],[10.91522,33.67983],[10.8721,33.73424],[10.86635,33.73792],[10.86447,33.74461],[10.8757,33.75853],[10.87777,33.77079],[10.87224,33.77362],[10.86124,33.792],[10.88324,33.80118],[10.89842,33.81658],[10.90573,33.80809],[10.91155,33.81132],[10.91885,33.81059],[10.91994,33.81347],[10.92856,33.80755],[10.94927,33.81186],[10.94771,33.81817],[10.96625,33.82625],[10.97279,33.83976],[10.98459,33.84699],[10.99147,33.8417],[11.011,33.83161],[11.0311,33.82388],[11.04851,33.81477],[11.05679,33.80491],[11.05686,33.80337],[11.05848,33.79932],[10.99399,33.74974],[10.97731,33.74315],[10.97104,33.73871],[10.96648,33.73041],[10.96548,33.72706],[10.95353,33.72344]]]}},{"type":"Feature","properties":{"id":"TUN:ADM2:11933810B49393262252767","name":"أم العرائس","countryCode":"TUN","adminLevel":2,"sourceCode":"11933810B49393262252767","parentId":"TUN:ADM1:TUN-112"},"geometry":{"type":"Polygon","coordinates":[[[8.33994,34.39895],[8.37184,34.40894],[8.38361,34.4089],[8.38444,34.40606],[8.39436,34.40413],[8.39896,34.40726],[8.41018,34.40698],[8.41914,34.41481],[8.42853,34.41163],[8.48517,34.41772],[8.51354,34.39865],[8.54871,34.44938],[8.59354,34.47728],[8.63301,34.48345],[8.63229,34.49534],[8.63713,34.50007],[8.61529,34.51169],[8.56329,34.51683],[8.54005,34.52831],[8.54102,34.54725],[8.5164,34.56833],[8.51386,34.58753],[8.50587,34.59593],[8.50284,34.60717],[8.50285,34.61025],[8.50731,34.60893],[8.51011,34.62025],[8.50751,34.623],[8.51527,34.62865],[8.51698,34.6411],[8.5055,34.64214],[8.48267,34.66421],[8.46967,34.66826],[8.44268,34.68534],[8.41698,34.69113],[8.38294,34.70651],[8.36279,34.71157],[8.35317,34.71971],[8.32421,34.73281],[8.31477,34.7283],[8.29549,34.73144],[8.28847,34.71727],[8.26466,34.69235],[8.24466,34.69097],[8.24062,34.68791],[8.23713,34.67669],[8.24139,34.66972],[8.25622,34.66179],[8.27691,34.6605],[8.28073,34.65742],[8.27384,34.64907],[8.27382,34.64402],[8.26515,34.6443],[8.24134,34.63148],[8.24387,34.62064],[8.25013,34.61455],[8.23179,34.61543],[8.22713,34.61367],[8.2287,34.60929],[8.21102,34.60353],[8.20906,34.59155],[8.20434,34.58905],[8.22233,34.58078],[8.22224,34.57802],[8.20589,34.57774],[8.20587,34.57454],[8.18831,34.57189],[8.17002,34.57429],[8.17151,34.56446],[8.16153,34.56918],[8.16329,34.56319],[8.16071,34.56215],[8.16667,34.55267],[8.15838,34.55195],[8.15641,34.5472],[8.1512,34.54635],[8.14774,34.53866],[8.14911,34.53364],[8.13765,34.53235],[8.13476,34.5286],[8.11818,34.48593],[8.12553,34.48491],[8.12893,34.47921],[8.17185,34.46885],[8.18511,34.45242],[8.20227,34.45494],[8.20912,34.45035],[8.22237,34.44936],[8.22842,34.45896],[8.24165,34.46558],[8.25147,34.46086],[8.25454,34.45431],[8.27013,34.44262],[8.28797,34.43536],[8.30972,34.40856],[8.32658,34.40084],[8.33994,34.39895]]]}},{"type":"Feature","properties":{"id":"TUN:ADM2:11933810B49417994468433","name":"غمراسن","countryCode":"TUN","adminLevel":2,"sourceCode":"11933810B49417994468433","parentId":"TUN:ADM1:TUN-98"},"geometry":{"type":"Polygon","coordinates":[[[10.60732,33.10875],[10.55905,33.11218],[10.54938,33.1186],[10.53263,33.13827],[10.49629,33.10442],[10.41934,33.09154],[10.41339,33.08268],[10.4101,33.06814],[10.38601,33.07431],[10.37169,33.07387],[10.35612,33.06912],[10.3583,33.06593],[10.35461,33.06391],[10.34015,33.06143],[10.33954,33.06672],[10.33596,33.06622],[10.33439,33.06962],[10.33224,33.10308],[10.34837,33.1085],[10.33421,33.1303],[10.35381,33.13651],[10.34746,33.15886],[10.34216,33.1595],[10.34029,33.1694],[10.33603,33.16587],[10.32312,33.16615],[10.3096,33.15938],[10.30674,33.15402],[10.2899,33.15353],[10.23695,33.13273],[10.1866,33.09358],[10.17072,33.08842],[10.16048,33.08098],[10.14433,33.08134],[10.1355,33.08849],[10.11487,33.07987],[10.11004,33.08267],[10.09933,33.08035],[10.09336,33.07642],[10.08444,33.0598],[10.07246,33.06345],[10.06543,33.06108],[10.03172,33.06552],[10.01288,33.06036],[9.96017,33.06656],[9.9495,33.04883],[9.942,33.04631],[9.92606,33.05096],[9.9204,33.062],[9.9068,33.06648],[9.8965,33.06525],[9.89355,33.05226],[9.89866,33.048],[9.90979,33.05123],[9.91688,33.04681],[9.92738,33.03374],[9.93663,33.00355],[9.96283,32.99267],[9.97704,32.99643],[9.99508,32.99298],[10.004,32.98861],[10.01166,32.97728],[10.07758,32.96988],[10.12289,32.97323],[10.20902,32.96854],[10.26617,32.95936],[10.28012,32.97655],[10.33611,32.95576],[10.39295,32.92312],[10.3916,32.92998],[10.36876,32.95368],[10.37655,32.95821],[10.35249,32.98645],[10.34443,32.98186],[10.34166,32.98467],[10.343,32.99397],[10.36232,32.99575],[10.40825,33.01883],[10.41357,33.01933],[10.42659,33.01108],[10.42665,33.00614],[10.44811,33.01312],[10.44485,33.0221],[10.45748,33.0299],[10.46529,33.0394],[10.47393,33.04298],[10.4775,33.05106],[10.50967,33.06207],[10.51138,33.07473],[10.52167,33.07975],[10.53995,33.07491],[10.55607,33.08259],[10.60564,33.08046],[10.60732,33.10875]]]}},{"type":"Feature","properties":{"id":"TUN:ADM2:11933810B49530197885075","name":"الزريبة","countryCode":"TUN","adminLevel":2,"sourceCode":"11933810B49530197885075","parentId":"TUN:ADM1:TUN-120"},"geometry":{"type":"Polygon","coordinates":[[[10.31502,36.21312],[10.32178,36.22209],[10.33782,36.22581],[10.34466,36.23606],[10.35472,36.23609],[10.36279,36.23016],[10.3668,36.23098],[10.36822,36.23645],[10.37788,36.23578],[10.38101,36.24317],[10.38074,36.25621],[10.38923,36.26405],[10.36196,36.27215],[10.35698,36.28166],[10.36273,36.28386],[10.37293,36.28006],[10.39031,36.30551],[10.38151,36.30736],[10.37856,36.3207],[10.3719,36.32065],[10.3669,36.32909],[10.34916,36.34189],[10.3471,36.34825],[10.34985,36.35405],[10.32512,36.35941],[10.31609,36.36518],[10.30296,36.36312],[10.29017,36.37147],[10.26974,36.37362],[10.25445,36.39354],[10.2539,36.40079],[10.23801,36.40104],[10.23403,36.38724],[10.22626,36.38628],[10.22238,36.38141],[10.19517,36.37041],[10.19029,36.36545],[10.18731,36.36667],[10.18995,36.3729],[10.18524,36.38141],[10.17562,36.3891],[10.16675,36.39094],[10.12178,36.35841],[10.11777,36.35825],[10.11736,36.35336],[10.10599,36.34159],[10.05839,36.30518],[10.05674,36.29076],[10.06515,36.2708],[10.06371,36.26452],[10.09137,36.25813],[10.09232,36.24402],[10.10324,36.24487],[10.11212,36.24073],[10.11933,36.24115],[10.11564,36.2422],[10.11487,36.254],[10.11817,36.26729],[10.10341,36.28206],[10.12096,36.29437],[10.12766,36.29427],[10.14439,36.28362],[10.16332,36.28081],[10.18855,36.27085],[10.18958,36.28241],[10.18632,36.28732],[10.19752,36.29085],[10.21606,36.26718],[10.25203,36.2446],[10.26031,36.23283],[10.25838,36.23128],[10.26353,36.22816],[10.27933,36.23429],[10.27929,36.21778],[10.2947,36.2199],[10.30102,36.21208],[10.31427,36.21606],[10.31502,36.21312]]]}},{"type":"Feature","properties":{"id":"TUN:ADM2:11933810B49609226357839","name":"طبلبة","countryCode":"TUN","adminLevel":2,"sourceCode":"11933810B49609226357839","parentId":"TUN:ADM1:TUN-117"},"geometry":{"type":"Polygon","coordinates":[[[10.98139,35.65456],[10.98584,35.6464],[10.99369,35.64487],[11.00658,35.63593],[11.0012,35.62902],[11.00299,35.62635],[10.99565,35.62305],[10.98345,35.62198],[10.97915,35.62593],[10.9728,35.61782],[10.95594,35.61547],[10.94565,35.62197],[10.93485,35.62334],[10.93107,35.64184],[10.93443,35.64637],[10.92494,35.65077],[10.934,35.65974],[10.92854,35.66414],[10.95158,35.65876],[10.95364,35.65995],[10.95494,35.65953],[10.95467,35.65805],[10.95658,35.65901],[10.95977,35.65799],[10.96142,35.65583],[10.96779,35.65543],[10.97182,35.65414],[10.97838,35.65475],[10.98139,35.65456]]]}},{"type":"Feature","properties":{"id":"TUN:ADM2:11933810B49902378284824","name":"نبر","countryCode":"TUN","adminLevel":2,"sourceCode":"11933810B49902378284824","parentId":"TUN:ADM1:TUN-109"},"geometry":{"type":"Polygon","coordinates":[[[8.97353,36.28243],[8.96866,36.29097],[8.96457,36.29004],[8.96003,36.2957],[8.9555,36.2954],[8.95591,36.29949],[8.96239,36.30375],[8.9517,36.30361],[8.94397,36.31418],[8.95329,36.31539],[8.94673,36.31999],[8.94775,36.32244],[8.9577,36.32732],[8.95646,36.33093],[8.9613,36.33067],[8.9603,36.33691],[8.96664,36.33284],[8.96842,36.3365],[8.96575,36.34132],[8.97704,36.33659],[8.97807,36.33945],[8.97381,36.34189],[8.98216,36.34026],[8.98067,36.34585],[8.98734,36.34804],[8.97893,36.35534],[8.98204,36.35913],[8.97277,36.36484],[8.97789,36.37655],[8.96683,36.384],[8.96332,36.39857],[8.95996,36.39873],[8.96125,36.40369],[8.95558,36.40283],[8.95565,36.40872],[8.94128,36.41318],[8.93834,36.41929],[8.9328,36.42042],[8.92798,36.42973],[8.92862,36.43782],[8.92446,36.44144],[8.9314,36.444],[8.93,36.45016],[8.93548,36.44908],[8.93543,36.45214],[8.93894,36.451],[8.93967,36.45343],[8.91568,36.44767],[8.90072,36.42568],[8.86961,36.41393],[8.84696,36.41768],[8.83849,36.41104],[8.82412,36.40744],[8.81602,36.40069],[8.79858,36.4005],[8.76959,36.39271],[8.75472,36.39675],[8.75488,36.40259],[8.75227,36.4014],[8.75235,36.40376],[8.73976,36.40426],[8.72575,36.40008],[8.71532,36.39298],[8.69652,36.40187],[8.6936,36.4084],[8.6877,36.40788],[8.67547,36.41657],[8.66923,36.41495],[8.6616,36.41922],[8.61129,36.40662],[8.60657,36.39564],[8.59741,36.39445],[8.58795,36.40192],[8.57887,36.40324],[8.56164,36.40103],[8.55284,36.39515],[8.54338,36.39869],[8.5401,36.39324],[8.51799,36.38329],[8.5171,36.38014],[8.51792,36.37169],[8.54026,36.35497],[8.54012,36.34974],[8.53135,36.34412],[8.53217,36.3391],[8.52228,36.31874],[8.53053,36.3111],[8.55756,36.29898],[8.56037,36.28896],[8.58601,36.27161],[8.58859,36.2652],[8.60185,36.25259],[8.61555,36.25145],[8.62426,36.24413],[8.62481,36.23427],[8.63046,36.23195],[8.63834,36.23806],[8.65016,36.23474],[8.657,36.22752],[8.68783,36.21151],[8.73126,36.20684],[8.76809,36.22834],[8.78194,36.22617],[8.78886,36.23608],[8.79313,36.23674],[8.78974,36.23847],[8.79588,36.23943],[8.79384,36.24162],[8.79898,36.24533],[8.7974,36.24789],[8.80409,36.25992],[8.80195,36.26447],[8.80408,36.26809],[8.82546,36.25245],[8.85157,36.2182],[8.89249,36.24189],[8.9212,36.25178],[8.93001,36.25193],[8.97353,36.28243]]]}},{"type":"Feature","properties":{"id":"TUN:ADM2:11933810B49944749177942","name":"دوز الجنوبية","countryCode":"TUN","adminLevel":2,"sourceCode":"11933810B49944749177942","parentId":"TUN:ADM1:TUN-97"},"geometry":{"type":"Polygon","coordinates":[[[9.95051,32.64764],[9.95863,32.65143],[9.96404,32.65995],[9.96174,32.67314],[9.96561,32.67834],[9.96309,32.68494],[9.91273,32.70955],[9.89883,32.72254],[9.89754,32.7281],[9.87986,32.73518],[9.8862,32.73956],[9.89543,32.74002],[9.90239,32.75201],[9.92342,32.76352],[9.9242,32.78011],[9.91269,32.79411],[9.91233,32.81083],[9.92931,32.81953],[9.94314,32.81518],[9.97139,32.85563],[9.9432,32.88879],[9.9028,32.88915],[9.89001,32.89449],[9.84598,32.92475],[9.68162,33.02232],[9.61587,33.06362],[9.31735,33.26465],[9.20376,33.3501],[9.16856,33.36544],[9.10316,33.40572],[9.06231,33.42621],[9.0476,33.4305],[9.01845,33.42893],[9.00238,33.43123],[8.99651,33.44296],[8.99703,33.45535],[8.98454,33.45703],[8.98071,33.46138],[8.97534,33.45974],[8.97463,33.46492],[8.96054,33.47203],[8.95928,33.47883],[8.93854,33.50519],[8.93419,33.50376],[8.93,33.49565],[8.90477,33.49572],[8.89095,33.48971],[8.87121,33.49808],[8.85193,33.47824],[8.85841,33.47147],[8.85738,33.46259],[8.84382,33.45235],[8.83405,33.46438],[8.81637,33.45865],[8.78959,33.44369],[8.76968,33.44254],[8.73122,33.4275],[8.73826,33.39547],[8.80246,33.39289],[8.81688,33.38315],[8.80967,33.36996],[8.82238,33.35849],[8.8265,33.34472],[8.85268,33.33412],[8.86185,33.28699],[8.85738,33.28039],[8.86391,33.27091],[8.85944,33.2623],[8.86597,33.25771],[8.87043,33.24106],[8.87833,33.23302],[8.87901,33.22641],[8.87421,33.21894],[8.92639,33.00485],[8.93875,32.99967],[8.93909,32.99247],[8.93497,32.98757],[8.94081,32.98152],[8.93978,32.96079],[8.94493,32.95819],[8.94527,32.9484],[8.95695,32.94177],[8.96055,32.90697],[8.96896,32.90207],[8.96553,32.89559],[8.97978,32.86921],[8.99334,32.83056],[8.99626,32.80921],[9.00896,32.80574],[9.00656,32.78583],[9.01531,32.78222],[9.01274,32.76721],[9.0275,32.76072],[9.02647,32.73863],[9.05033,32.71884],[9.05067,32.70324],[9.05497,32.69631],[9.03763,32.6638],[9.056,32.66366],[9.06836,32.65325],[9.06741,32.6243],[9.21126,32.64892],[9.47154,32.70685],[9.52168,32.72885],[9.55954,32.75499],[9.56619,32.75331],[9.57051,32.75848],[9.57952,32.75754],[9.58968,32.76119],[9.59689,32.7553],[9.61339,32.76797],[9.64095,32.77681],[9.6496,32.77314],[9.65766,32.78032],[9.6793,32.78331],[9.67906,32.79236],[9.69473,32.79409],[9.70001,32.79936],[9.70985,32.80062],[9.71486,32.79343],[9.72537,32.79775],[9.732,32.79518],[9.73745,32.79681],[9.74309,32.79593],[9.74998,32.78761],[9.75763,32.79129],[9.76833,32.7867],[9.77457,32.76884],[9.78032,32.76891],[9.78397,32.7609],[9.79118,32.75714],[9.79126,32.75205],[9.80744,32.7217],[9.82813,32.72704],[9.83971,32.71758],[9.84178,32.70343],[9.86089,32.70202],[9.87077,32.69285],[9.901,32.68307],[9.90477,32.67859],[9.9019,32.67079],[9.91107,32.66572],[9.9142,32.65847],[9.93497,32.64756],[9.95051,32.64764]]]}},{"type":"Feature","properties":{"id":"TUN:ADM2:11933810B50492442899568","name":"Balta Bouawene","countryCode":"TUN","adminLevel":2,"sourceCode":"11933810B50492442899568","parentId":"TUN:ADM1:TUN-106"},"geometry":{"type":"Polygon","coordinates":[[[8.81973,36.71689],[8.82132,36.69922],[8.81681,36.69506],[8.80845,36.69506],[8.78589,36.67831],[8.77431,36.64692],[8.78676,36.62964],[8.8021,36.6197],[8.80478,36.60615],[8.80911,36.60079],[8.81204,36.60965],[8.8292,36.61897],[8.8398,36.61209],[8.85528,36.61411],[8.87816,36.62221],[8.90862,36.63923],[8.91939,36.64125],[8.92006,36.63302],[8.92915,36.63599],[8.93314,36.63251],[8.93287,36.62985],[8.92162,36.62716],[8.92338,36.62182],[8.92772,36.62186],[8.92179,36.61776],[8.92424,36.61411],[8.93876,36.61799],[8.94039,36.61441],[8.95741,36.61818],[8.96097,36.61051],[8.97508,36.61141],[9.00441,36.62576],[9.00493,36.64064],[9.00939,36.6434],[9.00613,36.6478],[9.01171,36.65421],[9.00973,36.65958],[9.01814,36.6625],[9.01616,36.66774],[9.02324,36.6683],[9.03027,36.68154],[9.02727,36.68439],[9.03229,36.68403],[9.02821,36.68787],[9.03032,36.68909],[9.02766,36.69496],[9.03253,36.70115],[9.02718,36.7063],[9.02935,36.71266],[9.03442,36.71479],[9.03249,36.72152],[9.03674,36.72494],[9.03071,36.72988],[9.02755,36.74991],[9.02352,36.74948],[9.01848,36.75653],[8.99466,36.7658],[8.95492,36.76774],[8.9497,36.76435],[8.94436,36.76523],[8.94041,36.76987],[8.91623,36.77333],[8.91125,36.77805],[8.91686,36.78386],[8.90794,36.78628],[8.89597,36.77919],[8.89652,36.77161],[8.89126,36.76472],[8.88087,36.75668],[8.86992,36.7422],[8.86056,36.73675],[8.87379,36.74005],[8.86831,36.72418],[8.83876,36.72423],[8.82332,36.72052],[8.81973,36.71689]]]}},{"type":"Feature","properties":{"id":"TUN:ADM2:11933810B5079624698745","name":"مدنين االجنوبية","countryCode":"TUN","adminLevel":2,"sourceCode":"11933810B5079624698745","parentId":"TUN:ADM1:TUN-96"},"geometry":{"type":"Polygon","coordinates":[[[10.74107,33.47496],[10.74852,33.47247],[10.76667,33.47475],[10.76763,33.45567],[10.7576,33.44551],[10.75932,33.427],[10.75072,33.41137],[10.75001,33.40038],[10.76634,33.38281],[10.77468,33.38229],[10.76772,33.36676],[10.7543,33.35466],[10.75271,33.33936],[10.74099,33.32811],[10.7325,33.2815],[10.71342,33.2649],[10.70692,33.26602],[10.68058,33.25732],[10.65507,33.25617],[10.64738,33.2327],[10.63764,33.2287],[10.63865,33.22411],[10.63256,33.21521],[10.61659,33.20855],[10.61391,33.20371],[10.50965,33.21507],[10.49057,33.21471],[10.49084,33.23475],[10.47863,33.22484],[10.47298,33.22404],[10.4678,33.2177],[10.44568,33.2071],[10.48324,33.31811],[10.48595,33.33688],[10.5098,33.36661],[10.51836,33.38342],[10.52638,33.39806],[10.57833,33.44157],[10.62121,33.47265],[10.64,33.49313],[10.61428,33.5103],[10.58575,33.52296],[10.62717,33.57017],[10.62929,33.57931],[10.65261,33.6012],[10.67212,33.60581],[10.70062,33.62129],[10.69849,33.62529],[10.70959,33.63169],[10.71565,33.63993],[10.72239,33.63559],[10.7308,33.63834],[10.73645,33.61145],[10.73403,33.60077],[10.70753,33.58169],[10.69142,33.57612],[10.67905,33.56257],[10.67408,33.5456],[10.67994,33.52985],[10.69843,33.50345],[10.69626,33.49887],[10.69954,33.49125],[10.70937,33.49073],[10.71713,33.48355],[10.73813,33.47801],[10.74163,33.47865],[10.74107,33.47496]]]}},{"type":"Feature","properties":{"id":"TUN:ADM2:11933810B50994391352057","name":"قفصة الشمالية","countryCode":"TUN","adminLevel":2,"sourceCode":"11933810B50994391352057","parentId":"TUN:ADM1:TUN-112"},"geometry":{"type":"Polygon","coordinates":[[[8.97031,34.49859],[9.00716,34.55382],[9.01715,34.57546],[9.02385,34.57854],[9.05403,34.60811],[9.05289,34.62447],[9.09511,34.61239],[9.09925,34.62456],[9.11105,34.63265],[9.10518,34.63506],[9.10597,34.64076],[9.11749,34.65699],[9.11512,34.66068],[9.13965,34.69037],[9.14843,34.69672],[9.15619,34.71706],[9.14246,34.71083],[9.12477,34.71001],[9.11809,34.7037],[9.09987,34.70908],[9.08394,34.70257],[9.07866,34.68904],[9.07286,34.68804],[9.06776,34.67982],[9.06497,34.68683],[9.05473,34.69271],[9.04101,34.6937],[9.02612,34.70619],[9.0076,34.7074],[8.98957,34.72121],[8.95595,34.69051],[8.94975,34.67558],[8.94188,34.67143],[8.93811,34.64904],[8.93176,34.6455],[8.93122,34.63824],[8.91742,34.61714],[8.91843,34.61052],[8.9276,34.60817],[8.93825,34.59532],[8.95375,34.59093],[8.94545,34.57837],[8.91414,34.5809],[8.90138,34.59124],[8.89529,34.58573],[8.82936,34.6172],[8.81436,34.62774],[8.79124,34.63595],[8.78203,34.63362],[8.74458,34.60485],[8.72533,34.61288],[8.69477,34.59264],[8.69779,34.58836],[8.69616,34.58632],[8.69984,34.5859],[8.72286,34.55957],[8.75108,34.52012],[8.7761,34.51321],[8.79801,34.45021],[8.82089,34.43698],[8.83386,34.45662],[8.84247,34.45362],[8.83781,34.44851],[8.83521,34.43241],[8.86099,34.43592],[8.88571,34.44686],[8.87187,34.48524],[8.88155,34.49662],[8.91806,34.48541],[8.93892,34.49062],[8.96415,34.50209],[8.97031,34.49859]]]}},{"type":"Feature","properties":{"id":"TUN:ADM2:11933810B51337682918507","name":"القيروان الجنوبية","countryCode":"TUN","adminLevel":2,"sourceCode":"11933810B51337682918507","parentId":"TUN:ADM1:TUN-118"},"geometry":{"type":"Polygon","coordinates":[[[9.90934,35.48989],[9.89905,35.4798],[9.87911,35.47411],[9.88361,35.46772],[9.89136,35.46591],[9.88935,35.46149],[9.90697,35.45645],[9.90067,35.45302],[9.91433,35.44693],[9.93443,35.44831],[9.94495,35.45588],[9.96404,35.44403],[9.98037,35.4728],[9.99252,35.47936],[9.99884,35.47835],[10.01524,35.49393],[10.01979,35.48683],[10.02303,35.49106],[10.04947,35.49092],[10.06747,35.49471],[10.06806,35.50387],[10.08054,35.5027],[10.0952,35.50772],[10.09616,35.50185],[10.14109,35.51353],[10.13339,35.54432],[10.16273,35.56696],[10.17086,35.50969],[10.18034,35.49663],[10.18546,35.49972],[10.19314,35.49415],[10.18203,35.47653],[10.19778,35.46912],[10.21108,35.46696],[10.25732,35.49879],[10.20729,35.55366],[10.23369,35.56784],[10.27407,35.5805],[10.28538,35.57696],[10.30574,35.58158],[10.30727,35.58501],[10.27012,35.63919],[10.2648,35.65823],[10.25574,35.66681],[10.25265,35.68152],[10.18771,35.68062],[10.19398,35.69121],[10.19228,35.69936],[10.18462,35.70613],[10.17678,35.70799],[10.16065,35.70496],[10.12867,35.69424],[10.11389,35.68594],[10.11704,35.67644],[10.12895,35.67622],[10.10303,35.67571],[10.09636,35.66602],[10.0901,35.6674],[10.08973,35.67238],[10.07094,35.66648],[10.07039,35.68032],[10.01641,35.6817],[10.01012,35.66255],[9.98055,35.65239],[9.96188,35.63919],[9.98014,35.63623],[9.98895,35.62793],[9.98595,35.62611],[9.98963,35.61567],[9.99817,35.6166],[10.00227,35.61345],[10.03001,35.62046],[10.03507,35.61652],[10.04066,35.61763],[10.0129,35.59398],[10.02854,35.58216],[10.05851,35.58201],[10.04586,35.54897],[10.03669,35.53708],[10.00388,35.52659],[9.98504,35.53367],[9.98245,35.54008],[9.97296,35.53935],[9.95992,35.54435],[9.93069,35.51604],[9.93091,35.50731],[9.92048,35.50206],[9.92191,35.49898],[9.9164,35.49207],[9.90934,35.48989]]]}},{"type":"Feature","properties":{"id":"TUN:ADM2:11933810B52074179872789","name":"فريانة","countryCode":"TUN","adminLevel":2,"sourceCode":"11933810B52074179872789","parentId":"TUN:ADM1:TUN-110"},"geometry":{"type":"Polygon","coordinates":[[[8.63419,35.19548],[8.57714,35.24083],[8.55325,35.25581],[8.53322,35.24167],[8.52248,35.22598],[8.5056,35.21263],[8.46849,35.19939],[8.43857,35.19847],[8.42261,35.17916],[8.41808,35.16967],[8.41634,35.15099],[8.40943,35.13975],[8.39032,35.12003],[8.35899,35.10102],[8.34306,35.07197],[8.31568,35.00921],[8.31689,34.99387],[8.30865,34.95375],[8.31527,34.94809],[8.30087,34.94967],[8.28634,34.94519],[8.27598,34.94004],[8.26958,34.9323],[8.26156,34.93149],[8.24521,34.92105],[8.25302,34.91537],[8.25111,34.91257],[8.25607,34.90886],[8.26041,34.89399],[8.26137,34.87433],[8.2701,34.86288],[8.27071,34.8507],[8.27564,34.84462],[8.27262,34.84046],[8.27904,34.83562],[8.2853,34.80557],[8.2986,34.81113],[8.32516,34.80593],[8.35527,34.81431],[8.35794,34.81909],[8.3505,34.83404],[8.35437,34.84351],[8.39272,34.85817],[8.42903,34.87729],[8.45008,34.88349],[8.47031,34.89761],[8.48108,34.89238],[8.488,34.89686],[8.51411,34.90018],[8.51224,34.88511],[8.52896,34.87169],[8.54241,34.85569],[8.55296,34.85022],[8.56576,34.85461],[8.56924,34.85265],[8.5762,34.858],[8.5914,34.85821],[8.60797,34.86884],[8.62195,34.86826],[8.65898,34.87873],[8.66787,34.88614],[8.66227,34.89289],[8.64305,34.90306],[8.60359,34.92274],[8.59579,34.92122],[8.59693,34.92317],[8.59287,34.92402],[8.59984,34.93973],[8.59971,34.96303],[8.62517,34.97894],[8.5956,35.01393],[8.58241,35.00882],[8.56123,35.06407],[8.61009,35.08032],[8.62397,35.08979],[8.62896,35.09692],[8.63652,35.11507],[8.59719,35.1556],[8.60859,35.15907],[8.6411,35.18612],[8.6411,35.19068],[8.63419,35.19548]]]}},{"type":"Feature","properties":{"id":"TUN:ADM2:11933810B5291941008457","name":"Jendouba Sud","countryCode":"TUN","adminLevel":2,"sourceCode":"11933810B5291941008457","parentId":"TUN:ADM1:TUN-106"},"geometry":{"type":"Polygon","coordinates":[[[8.66275,36.46643],[8.65948,36.46628],[8.66057,36.4625],[8.65762,36.45998],[8.6628,36.45902],[8.65778,36.45372],[8.69181,36.44189],[8.68421,36.43902],[8.68026,36.43081],[8.66487,36.42367],[8.6616,36.41922],[8.66923,36.41495],[8.67547,36.41657],[8.6877,36.40788],[8.6936,36.4084],[8.69652,36.40187],[8.71787,36.3927],[8.72575,36.40008],[8.73976,36.40426],[8.75235,36.40376],[8.75227,36.4014],[8.75488,36.40259],[8.75472,36.39675],[8.76959,36.39271],[8.79858,36.4005],[8.81602,36.40069],[8.82412,36.40744],[8.83849,36.41104],[8.84696,36.41768],[8.86961,36.41393],[8.90072,36.42568],[8.92026,36.45069],[8.93967,36.45343],[8.93988,36.45556],[8.92834,36.47039],[8.92872,36.47881],[8.92159,36.48292],[8.92313,36.48828],[8.90743,36.49526],[8.89755,36.50606],[8.89946,36.51094],[8.89613,36.51486],[8.8972,36.52414],[8.89303,36.52882],[8.89303,36.53504],[8.90177,36.53939],[8.89303,36.55757],[8.89706,36.5717],[8.89202,36.57636],[8.87566,36.57686],[8.86854,36.57312],[8.86781,36.56489],[8.86296,36.56833],[8.85506,36.56433],[8.85468,36.55879],[8.86665,36.55992],[8.86905,36.55699],[8.86682,36.55351],[8.85953,36.55641],[8.85549,36.55179],[8.84558,36.55668],[8.84111,36.55554],[8.84043,36.5503],[8.84897,36.54968],[8.84386,36.54682],[8.84824,36.54437],[8.84498,36.53475],[8.83473,36.53592],[8.82843,36.53028],[8.8201,36.54022],[8.81534,36.5407],[8.81594,36.52875],[8.80737,36.52856],[8.80987,36.53267],[8.80511,36.5386],[8.79928,36.5365],[8.80416,36.53382],[8.79845,36.52837],[8.7881,36.53267],[8.78072,36.5256],[8.78468,36.51546],[8.76533,36.48669],[8.75362,36.47879],[8.74664,36.48334],[8.73903,36.48491],[8.74667,36.48279],[8.74605,36.47328],[8.74263,36.47376],[8.74095,36.48092],[8.73915,36.47764],[8.73057,36.48087],[8.73158,36.47516],[8.73425,36.47731],[8.73922,36.47553],[8.73665,36.46882],[8.72972,36.47592],[8.72142,36.47232],[8.72227,36.46908],[8.73095,36.47161],[8.73369,36.46579],[8.73136,36.46097],[8.72735,36.46091],[8.72478,36.46628],[8.71735,36.46549],[8.71415,36.46821],[8.71771,36.45812],[8.71371,36.4586],[8.71073,36.45305],[8.70475,36.45995],[8.69377,36.45987],[8.68534,36.45576],[8.68371,36.46326],[8.68092,36.46191],[8.68187,36.45612],[8.67775,36.4551],[8.67218,36.45808],[8.67328,36.46411],[8.66733,36.45838],[8.66275,36.46643]]]}},{"type":"Feature","properties":{"id":"TUN:ADM2:11933810B52939615202666","name":"أكودة","countryCode":"TUN","adminLevel":2,"sourceCode":"11933810B52939615202666","parentId":"TUN:ADM1:TUN-119"},"geometry":{"type":"Polygon","coordinates":[[[10.5808,35.91634],[10.57449,35.9137],[10.5831,35.90185],[10.56889,35.89665],[10.5684,35.89231],[10.58937,35.86627],[10.5692,35.86056],[10.56655,35.8561],[10.56803,35.84915],[10.5628,35.8465],[10.55788,35.84904],[10.55739,35.84572],[10.53261,35.84111],[10.52665,35.84302],[10.52329,35.84736],[10.56025,35.86326],[10.5475,35.8804],[10.54802,35.89928],[10.50629,35.93542],[10.51038,35.93605],[10.51171,35.93963],[10.50634,35.95686],[10.52188,35.96252],[10.52765,35.96875],[10.54054,35.95283],[10.55649,35.93797],[10.56354,35.93472],[10.5808,35.91634]]]}},{"type":"Feature","properties":{"id":"TUN:ADM2:11933810B54153099076840","name":"الرديف","countryCode":"TUN","adminLevel":2,"sourceCode":"11933810B54153099076840","parentId":"TUN:ADM1:TUN-112"},"geometry":{"type":"Polygon","coordinates":[[[8.11818,34.48593],[8.10117,34.44771],[8.07792,34.41665],[8.08597,34.41144],[8.09519,34.39885],[8.05911,34.35758],[8.04168,34.32855],[8.04644,34.31759],[8.06492,34.30211],[8.12199,34.26163],[8.15162,34.2201],[8.14651,34.23564],[8.1492,34.25306],[8.19033,34.25429],[8.2463,34.28007],[8.24421,34.29099],[8.21842,34.31461],[8.21258,34.32409],[8.21132,34.35923],[8.22763,34.36708],[8.33249,34.34845],[8.34054,34.35144],[8.34795,34.36389],[8.34308,34.37329],[8.34725,34.3804],[8.3359,34.38592],[8.33994,34.39895],[8.32658,34.40084],[8.30972,34.40856],[8.28797,34.43536],[8.27013,34.44262],[8.25454,34.45431],[8.25147,34.46086],[8.24165,34.46558],[8.22842,34.45896],[8.22237,34.44936],[8.20912,34.45035],[8.20227,34.45494],[8.18511,34.45242],[8.17185,34.46885],[8.12893,34.47921],[8.12553,34.48491],[8.11818,34.48593]]]}},{"type":"Feature","properties":{"id":"TUN:ADM2:11933810B54416453623","name":"سيدي بوزيد الشرقية","countryCode":"TUN","adminLevel":2,"sourceCode":"11933810B54416453623","parentId":"TUN:ADM1:TUN-113"},"geometry":{"type":"Polygon","coordinates":[[[9.69882,35.20065],[9.69116,35.21159],[9.69161,35.23074],[9.68265,35.23676],[9.67448,35.23488],[9.65841,35.24254],[9.65303,35.25207],[9.64173,35.26069],[9.60946,35.26668],[9.60451,35.26991],[9.60003,35.2796],[9.58701,35.28476],[9.56128,35.26804],[9.55779,35.25964],[9.52396,35.25343],[9.49738,35.23451],[9.49052,35.22415],[9.487,35.19808],[9.47485,35.17116],[9.43974,35.16396],[9.41734,35.17253],[9.41916,35.1459],[9.44488,35.14853],[9.45607,35.16146],[9.45896,35.14979],[9.50597,35.15067],[9.51293,35.14788],[9.49583,35.11169],[9.47117,35.07082],[9.44919,35.06654],[9.45504,35.06175],[9.45871,35.06501],[9.47439,35.06567],[9.48071,35.05554],[9.48651,35.06366],[9.5036,35.05269],[9.49401,35.04312],[9.50769,35.038],[9.4845,35.02709],[9.46807,35.0323],[9.46025,35.02986],[9.46009,35.02432],[9.46375,35.0226],[9.4624,34.98129],[9.4661,34.97029],[9.4292,34.94835],[9.44478,34.93903],[9.46149,34.86001],[9.48875,34.88486],[9.5008,34.9029],[9.54543,34.92042],[9.54098,34.92747],[9.55502,34.96318],[9.51522,34.96783],[9.55374,34.97473],[9.563,34.97258],[9.56527,34.96685],[9.57825,34.96423],[9.59423,34.98181],[9.60476,34.98452],[9.60178,34.98615],[9.604,34.98895],[9.6138,34.98017],[9.61903,34.98392],[9.64111,34.97586],[9.65984,34.97678],[9.70699,34.95166],[9.71134,34.95799],[9.72439,34.95651],[9.73708,34.96264],[9.76548,34.9847],[9.78622,34.98822],[9.79241,34.99219],[9.79049,34.99671],[9.79367,35.00499],[9.78797,35.0132],[9.7885,35.02015],[9.76611,35.05149],[9.7594,35.05717],[9.74346,35.06291],[9.74042,35.07129],[9.72137,35.08199],[9.72336,35.08632],[9.71817,35.09793],[9.73128,35.1086],[9.72082,35.11482],[9.69612,35.11842],[9.70254,35.12555],[9.70872,35.1415],[9.69882,35.20065]]]}},{"type":"Feature","properties":{"id":"TUN:ADM2:11933810B54708226655560","name":"المتلوي","countryCode":"TUN","adminLevel":2,"sourceCode":"11933810B54708226655560","parentId":"TUN:ADM1:TUN-112"},"geometry":{"type":"Polygon","coordinates":[[[8.15162,34.2201],[8.15476,34.20219],[8.29026,34.15028],[8.31171,34.15629],[8.32839,34.15706],[8.32773,34.12228],[8.34077,34.11448],[8.3437,34.10758],[8.33817,34.09896],[8.33848,34.0889],[8.33375,34.08336],[8.33788,34.07831],[8.33604,34.07502],[8.33916,34.06697],[8.34887,34.05307],[8.37205,34.0558],[8.38709,34.05286],[8.39974,34.06039],[8.41184,34.06316],[8.47159,34.0677],[8.51813,34.06601],[8.53702,34.061],[8.57207,34.06066],[8.5924,34.06385],[8.58863,34.09343],[8.59406,34.1188],[8.59108,34.12345],[8.59435,34.13036],[8.58647,34.1556],[8.59298,34.16107],[8.60301,34.20219],[8.5906,34.1956],[8.54544,34.19812],[8.53432,34.21516],[8.53313,34.22298],[8.52048,34.22494],[8.51449,34.22882],[8.50957,34.23797],[8.49119,34.24109],[8.48355,34.23677],[8.48014,34.23044],[8.47532,34.23932],[8.48033,34.24407],[8.47337,34.25277],[8.47619,34.2639],[8.47405,34.28201],[8.47877,34.29756],[8.47463,34.31507],[8.47739,34.32303],[8.48009,34.32346],[8.47586,34.32912],[8.47861,34.33283],[8.47619,34.33812],[8.50763,34.35453],[8.50575,34.36056],[8.49681,34.36011],[8.49148,34.36361],[8.49396,34.37145],[8.48826,34.3805],[8.49847,34.38489],[8.51354,34.39865],[8.48517,34.41772],[8.42853,34.41163],[8.41914,34.41481],[8.41018,34.40698],[8.39896,34.40726],[8.39436,34.40413],[8.37695,34.40941],[8.34342,34.40205],[8.3359,34.38592],[8.34725,34.3804],[8.34308,34.37329],[8.34795,34.36389],[8.34054,34.35144],[8.33249,34.34845],[8.24641,34.36463],[8.22763,34.36708],[8.21847,34.36406],[8.20993,34.35486],[8.21258,34.32409],[8.21842,34.31461],[8.24421,34.29099],[8.2463,34.28007],[8.19033,34.25429],[8.1492,34.25306],[8.14651,34.23564],[8.15162,34.2201]]]}},{"type":"Feature","properties":{"id":"TUN:ADM2:11933810B54717657919008","name":"كسرى","countryCode":"TUN","adminLevel":2,"sourceCode":"11933810B54717657919008","parentId":"TUN:ADM1:TUN-115"},"geometry":{"type":"Polygon","coordinates":[[[9.20449,35.75148],[9.21298,35.74084],[9.22304,35.73817],[9.22352,35.73134],[9.2307,35.72778],[9.23004,35.7214],[9.2549,35.70766],[9.25336,35.69907],[9.26479,35.69914],[9.27079,35.69368],[9.26956,35.70121],[9.27555,35.71694],[9.28081,35.72114],[9.29259,35.72238],[9.30227,35.72098],[9.33574,35.70122],[9.35349,35.70174],[9.36076,35.70496],[9.39796,35.68792],[9.41295,35.69421],[9.42529,35.70855],[9.43242,35.7094],[9.43297,35.71245],[9.43602,35.70862],[9.44272,35.70819],[9.44632,35.71177],[9.45108,35.71038],[9.45681,35.71326],[9.4546,35.72022],[9.46969,35.7247],[9.46801,35.72942],[9.47102,35.72738],[9.47825,35.73188],[9.50245,35.72942],[9.51604,35.73378],[9.52065,35.72893],[9.52492,35.73383],[9.52226,35.73829],[9.53758,35.74271],[9.534,35.75222],[9.51353,35.75707],[9.50124,35.76519],[9.49536,35.77885],[9.48368,35.78755],[9.51001,35.78759],[9.49832,35.7952],[9.50937,35.81069],[9.50882,35.82002],[9.51917,35.82715],[9.5186,35.83304],[9.52257,35.83583],[9.52334,35.84405],[9.515,35.85131],[9.52019,35.85708],[9.51763,35.86162],[9.47595,35.87722],[9.45628,35.89267],[9.43641,35.89146],[9.43456,35.91112],[9.42628,35.91734],[9.39439,35.90243],[9.39946,35.89453],[9.40195,35.88078],[9.39553,35.87021],[9.39341,35.85689],[9.3774,35.86056],[9.36365,35.86781],[9.35178,35.88402],[9.32554,35.84846],[9.3179,35.84677],[9.29876,35.87818],[9.28918,35.87315],[9.28927,35.87046],[9.28443,35.86907],[9.28582,35.86457],[9.28112,35.85887],[9.27849,35.86064],[9.27919,35.85814],[9.27581,35.85837],[9.26951,35.85145],[9.26742,35.85362],[9.26626,35.8506],[9.2754,35.84203],[9.28832,35.83943],[9.2957,35.82786],[9.26938,35.82282],[9.27931,35.80372],[9.26598,35.79382],[9.24486,35.78729],[9.22706,35.77356],[9.23459,35.76782],[9.22315,35.76534],[9.21816,35.75999],[9.20885,35.75756],[9.20449,35.75148]]]}},{"type":"Feature","properties":{"id":"TUN:ADM2:11933810B54928628318578","name":"منزل بوزلفة","countryCode":"TUN","adminLevel":2,"sourceCode":"11933810B54928628318578","parentId":"TUN:ADM1:TUN-107"},"geometry":{"type":"Polygon","coordinates":[[[10.55432,36.66156],[10.56074,36.66785],[10.56677,36.66917],[10.57105,36.66404],[10.58241,36.67161],[10.62811,36.66472],[10.62696,36.66268],[10.63336,36.65971],[10.65241,36.65617],[10.65073,36.6541],[10.6645,36.64551],[10.68614,36.63786],[10.68996,36.64142],[10.6894,36.65131],[10.69706,36.66334],[10.7265,36.66161],[10.72801,36.66618],[10.74097,36.67286],[10.74409,36.6795],[10.75752,36.68668],[10.76054,36.6856],[10.7587,36.6906],[10.76096,36.69301],[10.77374,36.69482],[10.77609,36.70128],[10.77447,36.71014],[10.7669,36.71876],[10.76769,36.73845],[10.77039,36.74049],[10.764,36.74385],[10.76131,36.75314],[10.74945,36.75704],[10.73597,36.76949],[10.73214,36.76699],[10.73329,36.76312],[10.72533,36.75928],[10.71826,36.74998],[10.70865,36.74748],[10.71168,36.7422],[10.69799,36.73333],[10.69427,36.7183],[10.6834,36.7057],[10.68799,36.69629],[10.68734,36.68975],[10.68305,36.68548],[10.68374,36.67614],[10.66747,36.6822],[10.6634,36.68636],[10.66359,36.69168],[10.64621,36.70781],[10.62599,36.71934],[10.61557,36.72194],[10.6101,36.72748],[10.59305,36.72955],[10.58745,36.72525],[10.57961,36.72648],[10.57446,36.72391],[10.56242,36.73051],[10.56063,36.72663],[10.563,36.72314],[10.56021,36.7218],[10.5623,36.71999],[10.54903,36.70859],[10.56003,36.69212],[10.55673,36.69046],[10.56378,36.68216],[10.55999,36.67559],[10.55411,36.67644],[10.54111,36.6691],[10.55432,36.66156]]]}},{"type":"Feature","properties":{"id":"TUN:ADM2:11933810B55082969984596","name":"السواسي","countryCode":"TUN","adminLevel":2,"sourceCode":"11933810B55082969984596","parentId":"TUN:ADM1:TUN-116"},"geometry":{"type":"Polygon","coordinates":[[[10.67213,35.3573],[10.66622,35.37523],[10.65667,35.38358],[10.63459,35.38491],[10.6273,35.39778],[10.61916,35.39323],[10.61727,35.40605],[10.62124,35.40949],[10.61981,35.4148],[10.59843,35.41953],[10.58899,35.43017],[10.58501,35.41374],[10.56759,35.41951],[10.56628,35.39809],[10.56092,35.39608],[10.54287,35.40903],[10.52875,35.40523],[10.53064,35.39934],[10.52646,35.39974],[10.523,35.40448],[10.51088,35.40766],[10.50285,35.40546],[10.49423,35.41048],[10.49161,35.40871],[10.4764,35.42415],[10.4762,35.43062],[10.48532,35.43389],[10.47693,35.43915],[10.47395,35.43777],[10.47421,35.43338],[10.46223,35.43391],[10.46031,35.43655],[10.46417,35.43732],[10.46503,35.44172],[10.45916,35.45139],[10.44059,35.44945],[10.43492,35.45354],[10.42331,35.4516],[10.41419,35.4387],[10.41568,35.42729],[10.42164,35.4266],[10.42657,35.41823],[10.41843,35.41293],[10.3979,35.38867],[10.40386,35.38614],[10.41276,35.3718],[10.41044,35.369],[10.39128,35.37404],[10.38638,35.36542],[10.3768,35.36456],[10.37127,35.34497],[10.38716,35.34108],[10.38158,35.32718],[10.38885,35.32462],[10.39289,35.3143],[10.41026,35.3026],[10.40421,35.2981],[10.41844,35.29814],[10.41408,35.29171],[10.4238,35.28156],[10.43805,35.28944],[10.42947,35.3012],[10.43727,35.303],[10.42694,35.31063],[10.47655,35.34059],[10.48276,35.32843],[10.48214,35.31783],[10.46469,35.3093],[10.47978,35.30081],[10.47399,35.29401],[10.47638,35.28832],[10.46844,35.28208],[10.47852,35.27361],[10.4745,35.26911],[10.47824,35.26689],[10.47947,35.26079],[10.50357,35.26096],[10.52364,35.24638],[10.53188,35.23574],[10.54765,35.23685],[10.56202,35.22806],[10.59424,35.24197],[10.58183,35.28154],[10.58428,35.28742],[10.5967,35.29663],[10.60326,35.29033],[10.61046,35.29519],[10.6142,35.29903],[10.61158,35.30475],[10.61599,35.30758],[10.61655,35.31294],[10.62532,35.31789],[10.63045,35.31649],[10.61633,35.32299],[10.61974,35.34433],[10.63312,35.34049],[10.63545,35.35187],[10.64177,35.34445],[10.6474,35.34445],[10.67213,35.3573]]]}},{"type":"Feature","properties":{"id":"TUN:ADM2:11933810B55404586431180","name":"صفاقس الغربية","countryCode":"TUN","adminLevel":2,"sourceCode":"11933810B55404586431180","parentId":"TUN:ADM1:TUN-114"},"geometry":{"type":"Polygon","coordinates":[[[10.69512,34.73494],[10.70109,34.72499],[10.70951,34.72298],[10.72374,34.70952],[10.7324,34.72013],[10.7469,34.73055],[10.75233,34.74117],[10.72724,34.75325],[10.71818,34.76116],[10.69292,34.74023],[10.69512,34.73494]]]}},{"type":"Feature","properties":{"id":"TUN:ADM2:11933810B5544515796376","name":"الميدة","countryCode":"TUN","adminLevel":2,"sourceCode":"11933810B5544515796376","parentId":"TUN:ADM1:TUN-107"},"geometry":{"type":"Polygon","coordinates":[[[10.7592,36.79279],[10.75018,36.78784],[10.75319,36.78559],[10.74418,36.77562],[10.73454,36.77043],[10.74945,36.75704],[10.76131,36.75314],[10.764,36.74385],[10.77039,36.74049],[10.76769,36.73845],[10.7669,36.71876],[10.77447,36.71014],[10.77609,36.70128],[10.77374,36.69482],[10.78218,36.70273],[10.79552,36.69731],[10.79998,36.69983],[10.81112,36.69785],[10.81957,36.69389],[10.82504,36.68598],[10.83352,36.6837],[10.83803,36.6742],[10.84953,36.67254],[10.85196,36.66828],[10.86793,36.66883],[10.86888,36.66494],[10.88099,36.65814],[10.9051,36.65882],[10.91715,36.64852],[10.96352,36.71275],[10.94839,36.72182],[10.93563,36.72471],[10.93485,36.73177],[10.91724,36.73606],[10.90967,36.73016],[10.90119,36.73657],[10.88946,36.73521],[10.8669,36.75383],[10.86451,36.75975],[10.83818,36.77838],[10.83415,36.77733],[10.83188,36.76637],[10.82413,36.76298],[10.81806,36.77005],[10.81171,36.77302],[10.80469,36.77155],[10.78605,36.78497],[10.7592,36.79279]]]}},{"type":"Feature","properties":{"id":"TUN:ADM2:11933810B55515778364888","name":"ساقية سيدي يوسف","countryCode":"TUN","adminLevel":2,"sourceCode":"11933810B55515778364888","parentId":"TUN:ADM1:TUN-109"},"geometry":{"type":"Polygon","coordinates":[[[8.37645,36.35006],[8.38536,36.3338],[8.37639,36.32308],[8.37684,36.31844],[8.37956,36.3121],[8.39106,36.30494],[8.38316,36.30292],[8.38095,36.29699],[8.37189,36.29792],[8.35582,36.28775],[8.33792,36.26452],[8.34935,36.26221],[8.35362,36.25463],[8.35467,36.23237],[8.34622,36.22572],[8.34769,36.22066],[8.33789,36.21256],[8.32731,36.18801],[8.30697,36.17436],[8.30927,36.16129],[8.31547,36.15835],[8.32567,36.1445],[8.33853,36.13782],[8.34068,36.12976],[8.33828,36.11853],[8.34601,36.09703],[8.34171,36.0901],[8.32103,36.08369],[8.32015,36.07846],[8.3117,36.06959],[8.31412,36.06278],[8.29691,36.04024],[8.30006,36.01082],[8.29082,35.9569],[8.30043,35.9563],[8.30691,35.96417],[8.31339,35.95971],[8.3257,35.97807],[8.33802,35.96548],[8.35778,35.97466],[8.3806,35.98019],[8.38569,35.97843],[8.3958,35.98401],[8.39664,35.98886],[8.40099,35.99135],[8.41039,35.98794],[8.41265,35.99581],[8.43048,36.00053],[8.44733,36.01337],[8.44765,36.02097],[8.45802,36.03277],[8.47567,36.04231],[8.47565,36.04757],[8.46749,36.04763],[8.46724,36.05476],[8.47035,36.05883],[8.48132,36.06071],[8.46755,36.0633],[8.4707,36.07069],[8.46233,36.07429],[8.46362,36.08123],[8.48297,36.08699],[8.48536,36.09154],[8.47755,36.09824],[8.48921,36.10193],[8.49236,36.10905],[8.48964,36.11164],[8.49542,36.11612],[8.50202,36.11522],[8.50149,36.12057],[8.5083,36.1232],[8.49943,36.12874],[8.50382,36.13234],[8.51715,36.12842],[8.52435,36.13054],[8.51811,36.13527],[8.51643,36.14194],[8.52324,36.14614],[8.5157,36.15564],[8.51545,36.16207],[8.526,36.16651],[8.53067,36.15901],[8.53613,36.15982],[8.54615,36.16822],[8.54005,36.17433],[8.55307,36.17328],[8.55768,36.16949],[8.56161,36.17312],[8.56301,36.18319],[8.57459,36.18336],[8.57766,36.18673],[8.58544,36.18569],[8.5925,36.18939],[8.59476,36.1968],[8.60035,36.19813],[8.60368,36.20291],[8.59979,36.21621],[8.61322,36.2139],[8.61177,36.20419],[8.62054,36.20355],[8.62573,36.20869],[8.62598,36.21459],[8.61767,36.21963],[8.62836,36.2288],[8.62335,36.23873],[8.62426,36.24413],[8.61555,36.25145],[8.60185,36.25259],[8.58859,36.2652],[8.58601,36.27161],[8.56037,36.28896],[8.55756,36.29898],[8.53053,36.3111],[8.52228,36.31874],[8.53217,36.3391],[8.53135,36.34412],[8.54012,36.34974],[8.54026,36.35497],[8.51792,36.37169],[8.5171,36.38014],[8.50628,36.3817],[8.50512,36.37918],[8.50327,36.38139],[8.48836,36.37539],[8.48147,36.37601],[8.4781,36.37094],[8.46321,36.36686],[8.46071,36.35307],[8.45488,36.35256],[8.44956,36.34722],[8.43392,36.35153],[8.43032,36.34829],[8.42055,36.35118],[8.39582,36.34783],[8.37645,36.35006]]]}},{"type":"Feature","properties":{"id":"TUN:ADM2:11933810B56579355102022","name":"تاكلسة","countryCode":"TUN","adminLevel":2,"sourceCode":"11933810B56579355102022","parentId":"TUN:ADM1:TUN-107"},"geometry":{"type":"Polygon","coordinates":[[[10.67204,36.87844],[10.69381,36.87829],[10.73159,36.89162],[10.7659,36.9103],[10.80535,36.88653],[10.80323,36.8818],[10.80851,36.87806],[10.80704,36.8672],[10.79931,36.86869],[10.80284,36.86539],[10.79794,36.85922],[10.78106,36.8547],[10.78142,36.85087],[10.76997,36.83633],[10.77416,36.83101],[10.76521,36.82539],[10.77268,36.81607],[10.76988,36.81549],[10.77314,36.80969],[10.77151,36.80415],[10.76666,36.79896],[10.76051,36.79792],[10.7592,36.79279],[10.75018,36.78784],[10.75319,36.78559],[10.74859,36.7799],[10.73454,36.77043],[10.73329,36.76312],[10.72533,36.75928],[10.71826,36.74998],[10.70865,36.74748],[10.71168,36.7422],[10.69799,36.73333],[10.69427,36.7183],[10.6834,36.7057],[10.68799,36.69629],[10.68734,36.68975],[10.68305,36.68548],[10.68374,36.67614],[10.66747,36.6822],[10.6634,36.68636],[10.66359,36.69168],[10.64621,36.70781],[10.62599,36.71934],[10.61557,36.72194],[10.6101,36.72748],[10.6137,36.74486],[10.59746,36.74507],[10.59198,36.75493],[10.60579,36.77085],[10.59971,36.78555],[10.58955,36.79608],[10.58848,36.80637],[10.59337,36.81819],[10.59146,36.82657],[10.59527,36.8359],[10.58291,36.83884],[10.58694,36.86395],[10.59986,36.86611],[10.61249,36.8739],[10.61025,36.87946],[10.62157,36.87877],[10.62469,36.87592],[10.63338,36.87806],[10.6526,36.8769],[10.66955,36.87954],[10.67204,36.87844]]]}},{"type":"Feature","properties":{"id":"TUN:ADM2:11933810B56753019610878","name":"الكبارية","countryCode":"TUN","adminLevel":2,"sourceCode":"11933810B56753019610878","parentId":"TUN:ADM1:TUN-108"},"geometry":{"type":"Polygon","coordinates":[[[10.18774,36.7232],[10.20971,36.74662],[10.19565,36.76487],[10.16938,36.75921],[10.17012,36.75146],[10.17758,36.73994],[10.17565,36.73633],[10.1821,36.73296],[10.17597,36.72906],[10.17629,36.71996],[10.18774,36.7232]]]}},{"type":"Feature","properties":{"id":"TUN:ADM2:11933810B57085806890021","name":"سيدي علوان","countryCode":"TUN","adminLevel":2,"sourceCode":"11933810B57085806890021","parentId":"TUN:ADM1:TUN-116"},"geometry":{"type":"Polygon","coordinates":[[[10.80475,35.24596],[10.80237,35.21689],[10.80766,35.2034],[10.83682,35.16157],[10.83463,35.14516],[10.86884,35.15293],[10.88759,35.16096],[10.92386,35.2127],[10.94239,35.24895],[10.92997,35.26203],[10.94821,35.29736],[10.94695,35.32273],[10.9264,35.32297],[10.91531,35.3269],[10.93756,35.34533],[10.94946,35.33537],[10.95674,35.34123],[10.95815,35.3635],[10.95587,35.36746],[10.95987,35.37836],[10.95256,35.38534],[10.9314,35.38483],[10.92747,35.39458],[10.91651,35.38808],[10.90968,35.39819],[10.89253,35.39344],[10.88927,35.40328],[10.88188,35.40133],[10.8778,35.41041],[10.86669,35.42129],[10.86637,35.43046],[10.85631,35.42644],[10.85711,35.42385],[10.85029,35.41822],[10.82644,35.40985],[10.82803,35.40741],[10.82236,35.39782],[10.81481,35.39755],[10.80801,35.38801],[10.79867,35.38785],[10.79392,35.3832],[10.80922,35.3484],[10.81506,35.34733],[10.81088,35.34204],[10.82779,35.32752],[10.81556,35.32522],[10.82852,35.31446],[10.8151,35.30702],[10.82609,35.29509],[10.8555,35.27487],[10.85771,35.25859],[10.80475,35.24596]]]}},{"type":"Feature","properties":{"id":"TUN:ADM2:11933810B57127812574337","name":"صفاقس الجنوبية","countryCode":"TUN","adminLevel":2,"sourceCode":"11933810B57127812574337","parentId":"TUN:ADM1:TUN-114"},"geometry":{"type":"Polygon","coordinates":[[[10.67732,34.93905],[10.67097,34.93692],[10.66042,34.92596],[10.66218,34.91859],[10.64958,34.90935],[10.64066,34.89677],[10.63686,34.90435],[10.61613,34.89363],[10.63223,34.88088],[10.61346,34.87148],[10.61038,34.86781],[10.6132,34.86605],[10.58013,34.84483],[10.59751,34.83037],[10.58472,34.81633],[10.61093,34.80379],[10.60893,34.80068],[10.61519,34.79345],[10.60749,34.78798],[10.61456,34.77378],[10.61843,34.77203],[10.60864,34.77006],[10.62161,34.7563],[10.61675,34.74133],[10.64356,34.74077],[10.64111,34.73012],[10.69512,34.73494],[10.69292,34.74023],[10.71132,34.75695],[10.72455,34.7657],[10.7279,34.76288],[10.73473,34.7683],[10.73648,34.7662],[10.74902,34.77159],[10.71665,34.81617],[10.73514,34.81473],[10.72568,34.83037],[10.71746,34.8562],[10.68809,34.88074],[10.70801,34.88092],[10.69524,34.90579],[10.68036,34.92385],[10.67732,34.93905]]]}},{"type":"Feature","properties":{"id":"TUN:ADM2:11933810B57309520880620","name":"حمام الغزاز","countryCode":"TUN","adminLevel":2,"sourceCode":"11933810B57309520880620","parentId":"TUN:ADM1:TUN-107"},"geometry":{"type":"Polygon","coordinates":[[[11.12955,36.85727],[11.12422,36.85816],[11.12061,36.85407],[11.11344,36.85644],[11.11083,36.85314],[11.1047,36.85345],[11.10321,36.8566],[11.09988,36.8551],[11.10028,36.85947],[11.09215,36.86479],[11.08883,36.86376],[11.08743,36.87747],[11.08366,36.8806],[11.07329,36.88142],[11.06276,36.86576],[11.05002,36.87593],[11.0538,36.88071],[11.03562,36.89879],[11.04278,36.90499],[11.04134,36.90985],[11.04991,36.92317],[11.03285,36.93462],[11.03566,36.94127],[11.02175,36.94639],[11.00859,36.95573],[11.03008,36.97132],[11.01687,36.9841],[11.01282,36.99266],[11.03495,37.01316],[11.04103,37.01385],[11.04909,37.0083],[11.05596,37.00918],[11.05812,37.00601],[11.06031,36.99702],[11.06397,36.99006],[11.08131,36.96939],[11.08774,36.95942],[11.0901,36.94961],[11.09181,36.92821],[11.09449,36.91844],[11.09913,36.91059],[11.10597,36.9016],[11.11313,36.89423],[11.11417,36.89363],[11.11765,36.889],[11.12739,36.88174],[11.13541,36.87156],[11.12955,36.85727]]]}},{"type":"Feature","properties":{"id":"TUN:ADM2:11933810B58410238411456","name":"العيون","countryCode":"TUN","adminLevel":2,"sourceCode":"11933810B58410238411456","parentId":"TUN:ADM1:TUN-110"},"geometry":{"type":"Polygon","coordinates":[[[8.82117,35.36246],[8.82948,35.36685],[8.84771,35.36978],[8.85985,35.37767],[8.8567,35.38115],[8.8694,35.38873],[8.86658,35.3951],[8.91588,35.42837],[8.92132,35.42516],[8.94161,35.42836],[8.95937,35.437],[8.98955,35.46365],[9.00065,35.46245],[9.01179,35.46547],[9.01503,35.47437],[9.01216,35.50052],[9.01776,35.50055],[9.00687,35.50684],[9.00817,35.51217],[9.00428,35.51702],[8.99952,35.5362],[8.9797,35.54236],[8.9826,35.5496],[9.00489,35.56057],[9.0036,35.58847],[8.98846,35.59032],[8.96284,35.6058],[8.95693,35.61358],[8.95234,35.6135],[8.94866,35.60918],[8.93596,35.61149],[8.92859,35.61652],[8.8979,35.61652],[8.90129,35.6037],[8.8956,35.59737],[8.89539,35.59025],[8.87385,35.58353],[8.8599,35.58606],[8.86801,35.59627],[8.86263,35.61066],[8.85137,35.60915],[8.83227,35.61458],[8.80076,35.60597],[8.78542,35.60945],[8.75839,35.56857],[8.767,35.5633],[8.76351,35.55525],[8.77571,35.5435],[8.79598,35.51331],[8.80657,35.5042],[8.80887,35.47214],[8.80048,35.45617],[8.80704,35.44758],[8.80334,35.41624],[8.80708,35.40316],[8.8124,35.39678],[8.8125,35.38567],[8.82117,35.36246]]]}},{"type":"Feature","properties":{"id":"TUN:ADM2:11933810B58495148677727","name":"المهدية","countryCode":"TUN","adminLevel":2,"sourceCode":"11933810B58495148677727","parentId":"TUN:ADM1:TUN-116"},"geometry":{"type":"Polygon","coordinates":[[[11.06974,35.49885],[11.06924,35.50221],[11.06391,35.50002],[11.06297,35.49756],[11.06572,35.49863],[11.0671,35.4955],[11.07149,35.49903],[11.06789,35.49547],[11.06706,35.49535],[11.06216,35.497],[11.06,35.49452],[11.04295,35.44212],[11.03745,35.44185],[11.0347,35.44834],[11.02774,35.44727],[11.02417,35.44045],[11.01404,35.44316],[11.01305,35.45447],[11.00597,35.45195],[11.00476,35.45481],[10.97473,35.44265],[10.95946,35.46409],[10.9437,35.45477],[10.93642,35.44505],[10.92435,35.45116],[10.92294,35.45818],[10.91862,35.4612],[10.90469,35.45392],[10.88332,35.45099],[10.86637,35.43046],[10.85631,35.42644],[10.85711,35.42385],[10.85029,35.41822],[10.85137,35.43918],[10.84287,35.43731],[10.84692,35.45128],[10.83724,35.45628],[10.84403,35.46697],[10.83966,35.46801],[10.85165,35.48682],[10.85906,35.48319],[10.86716,35.48685],[10.86895,35.49535],[10.87337,35.49891],[10.87615,35.49661],[10.89362,35.50681],[10.91042,35.50407],[10.92428,35.50784],[10.9159,35.51802],[10.92188,35.52363],[10.92151,35.5297],[10.92892,35.52925],[10.9374,35.54257],[10.95138,35.54288],[10.9548,35.53563],[10.9582,35.54069],[10.96915,35.53929],[10.98433,35.54413],[10.98996,35.54118],[10.99477,35.54422],[10.9908,35.55178],[10.99548,35.55537],[11.00009,35.55245],[11.00186,35.55548],[11.0038,35.55358],[11.01114,35.55639],[11.01274,35.55237],[11.01566,35.55337],[11.02394,35.53376],[11.03924,35.5185],[11.04819,35.51621],[11.04909,35.51498],[11.06865,35.50503],[11.07866,35.50842],[11.0804,35.50798],[11.06974,35.49885]]]}},{"type":"Feature","properties":{"id":"TUN:ADM2:11933810B59009288682307","name":"الكاف الشرقية","countryCode":"TUN","adminLevel":2,"sourceCode":"11933810B59009288682307","parentId":"TUN:ADM1:TUN-109"},"geometry":{"type":"Polygon","coordinates":[[[8.72522,36.20797],[8.71204,36.18811],[8.69881,36.1855],[8.69743,36.17954],[8.69008,36.17605],[8.70102,36.17642],[8.70107,36.16692],[8.71011,36.16583],[8.71777,36.15987],[8.69767,36.15663],[8.72549,36.09415],[8.73604,36.0853],[8.73537,36.09061],[8.74548,36.09721],[8.75588,36.10034],[8.76806,36.09814],[8.76687,36.10092],[8.77197,36.10745],[8.76758,36.11698],[8.79092,36.10458],[8.79203,36.10693],[8.81179,36.10761],[8.8214,36.11231],[8.83634,36.10884],[8.84299,36.11726],[8.85565,36.12133],[8.85672,36.12825],[8.89301,36.15215],[8.89334,36.14657],[8.90472,36.1298],[8.90531,36.1211],[8.92773,36.10372],[8.94473,36.09725],[8.97278,36.12143],[8.98251,36.12452],[8.98565,36.13193],[8.99697,36.14031],[8.99468,36.14656],[9.01023,36.16686],[9.02772,36.18165],[9.03569,36.18301],[9.05612,36.2027],[9.04404,36.21086],[9.04049,36.21026],[9.03466,36.21706],[9.03746,36.22664],[9.04367,36.23167],[9.03942,36.23984],[9.0235,36.23778],[8.99993,36.2397],[8.99642,36.25107],[8.98327,36.26228],[8.98622,36.26408],[8.98116,36.26667],[8.97881,36.27866],[8.97353,36.28243],[8.93001,36.25193],[8.9212,36.25178],[8.89249,36.24189],[8.85157,36.2182],[8.82546,36.25245],[8.80408,36.26809],[8.80195,36.26447],[8.80409,36.25992],[8.7974,36.24789],[8.79898,36.24533],[8.79384,36.24162],[8.79588,36.23943],[8.78974,36.23847],[8.79313,36.23674],[8.78886,36.23608],[8.78194,36.22617],[8.76809,36.22834],[8.73126,36.20684],[8.72522,36.20797]]]}},{"type":"Feature","properties":{"id":"TUN:ADM2:11933810B5953362566301","name":"السبيخة","countryCode":"TUN","adminLevel":2,"sourceCode":"11933810B5953362566301","parentId":"TUN:ADM1:TUN-118"},"geometry":{"type":"Polygon","coordinates":[[[9.98115,35.76606],[9.99266,35.7718],[9.99366,35.77815],[10.00194,35.78567],[10.0199,35.79198],[10.02919,35.80276],[10.04688,35.80663],[10.06841,35.80484],[10.07581,35.80754],[10.08575,35.80478],[10.10176,35.79184],[10.1057,35.78471],[10.12407,35.77905],[10.13859,35.78417],[10.1454,35.79173],[10.15021,35.81062],[10.15755,35.81921],[10.16618,35.82166],[10.15923,35.8247],[10.16115,35.83646],[10.17209,35.84019],[10.17025,35.84509],[10.18077,35.85355],[10.17677,35.86763],[10.1812,35.87982],[10.18707,35.88704],[10.19587,35.89052],[10.20226,35.90377],[10.21434,35.90614],[10.21924,35.91959],[10.22183,35.9215],[10.22898,35.91851],[10.23436,35.93396],[10.25278,35.96245],[10.25781,35.97974],[10.25553,36.03565],[10.22173,36.05498],[10.20374,36.05655],[10.20446,36.06545],[10.20972,36.06624],[10.207,36.06807],[10.21012,36.07935],[10.21648,36.08609],[10.20673,36.08879],[10.21025,36.09572],[10.20187,36.10542],[10.20276,36.13271],[10.20654,36.13548],[10.17409,36.13813],[10.14916,36.12991],[10.14302,36.12258],[10.13918,36.1232],[10.13728,36.11676],[10.12596,36.1066],[10.12929,36.09851],[10.1349,36.09711],[10.13748,36.08166],[10.12752,36.08427],[10.0778,36.07537],[10.06508,36.08682],[10.06411,36.09798],[10.05999,36.10024],[10.05831,36.10611],[10.05258,36.07462],[10.06074,36.04635],[10.04291,36.00845],[10.04433,36.00057],[10.02485,36.00942],[10.02034,36.01595],[10.01117,36.01227],[10.00495,36.02662],[9.99629,36.03427],[9.98923,36.03798],[9.97533,36.03877],[9.97368,36.0499],[9.96867,36.04922],[9.96807,36.04389],[9.96121,36.04504],[9.95435,36.03859],[9.95319,36.04307],[9.94194,36.04328],[9.93609,36.04718],[9.92179,36.04173],[9.90092,36.04261],[9.89433,36.04739],[9.89548,36.054],[9.89271,36.05699],[9.89621,36.06314],[9.89136,36.068],[9.88246,36.06823],[9.878,36.07534],[9.84316,36.07382],[9.84258,36.06385],[9.8287,36.05502],[9.83035,36.04922],[9.82144,36.0455],[9.81793,36.0342],[9.81178,36.02826],[9.82776,36.00884],[9.81881,35.9932],[9.81273,35.97276],[9.81239,35.95434],[9.82037,35.9419],[9.81929,35.9367],[9.81063,35.92243],[9.79391,35.90808],[9.77162,35.89845],[9.77102,35.8708],[9.7744,35.87397],[9.78564,35.87319],[9.7867,35.87698],[9.78939,35.87439],[9.79156,35.87625],[9.79595,35.87386],[9.79941,35.86578],[9.8122,35.86232],[9.81797,35.85481],[9.83854,35.84937],[9.84286,35.84089],[9.85674,35.827],[9.86867,35.82813],[9.90525,35.81183],[9.92449,35.81889],[9.93591,35.81365],[9.94659,35.80623],[9.98115,35.76606]]]}},{"type":"Feature","properties":{"id":"TUN:ADM2:11933810B59766353296810","name":"سليانة الشمالية","countryCode":"TUN","adminLevel":2,"sourceCode":"11933810B59766353296810","parentId":"TUN:ADM1:TUN-115"},"geometry":{"type":"Polygon","coordinates":[[[9.2542,35.9021],[9.25497,35.91542],[9.26171,35.92169],[9.25568,35.92908],[9.25641,35.94087],[9.27362,35.9561],[9.2751,35.96269],[9.26145,35.97672],[9.23965,35.98599],[9.25699,36.0071],[9.2621,36.00141],[9.27137,36.00061],[9.29407,36.02442],[9.29368,36.02713],[9.28329,36.03169],[9.28518,36.03502],[9.30144,36.04283],[9.30526,36.04779],[9.31058,36.04578],[9.32011,36.05601],[9.34444,36.05886],[9.34616,36.06451],[9.35899,36.07031],[9.36146,36.07422],[9.3597,36.07705],[9.34916,36.08339],[9.37447,36.08431],[9.38091,36.07821],[9.39051,36.07619],[9.45933,36.08829],[9.46971,36.09297],[9.48765,36.0885],[9.50681,36.08886],[9.49573,36.10852],[9.50132,36.11139],[9.5022,36.11842],[9.49821,36.12234],[9.49677,36.1319],[9.49261,36.13269],[9.49278,36.13979],[9.48491,36.14494],[9.47216,36.14674],[9.46954,36.14161],[9.45851,36.13981],[9.44542,36.14324],[9.43156,36.1405],[9.41448,36.15693],[9.37075,36.15052],[9.35144,36.15766],[9.3323,36.14036],[9.32243,36.13953],[9.31539,36.15333],[9.29857,36.14525],[9.29033,36.13444],[9.27672,36.13388],[9.27458,36.13513],[9.27732,36.14078],[9.24565,36.13575],[9.24059,36.13386],[9.24462,36.12804],[9.23509,36.12638],[9.21763,36.11275],[9.20366,36.11307],[9.19231,36.11983],[9.18587,36.11437],[9.18493,36.10896],[9.17864,36.10977],[9.18042,36.09849],[9.16006,36.09126],[9.15669,36.08306],[9.16048,36.07918],[9.15596,36.07503],[9.15574,36.06827],[9.16362,36.05862],[9.15373,36.04188],[9.15328,36.03421],[9.15507,36.03145],[9.16186,36.03325],[9.17076,36.02335],[9.15741,36.01196],[9.16223,36.01201],[9.16927,36.0059],[9.14343,35.9886],[9.14576,35.9873],[9.14378,35.97563],[9.14717,35.96723],[9.14425,35.96118],[9.15005,35.95057],[9.16241,35.94242],[9.17065,35.92917],[9.18375,35.92457],[9.18687,35.92985],[9.22302,35.92983],[9.23777,35.91577],[9.23402,35.91189],[9.2449,35.91248],[9.24456,35.90929],[9.2542,35.9021]]]}},{"type":"Feature","properties":{"id":"TUN:ADM2:11933810B60005514770048","name":"قابس الجنوبية","countryCode":"TUN","adminLevel":2,"sourceCode":"11933810B60005514770048","parentId":"TUN:ADM1:TUN-111"},"geometry":{"type":"Polygon","coordinates":[[[10.17842,33.79565],[10.16355,33.78946],[10.15937,33.77938],[10.14858,33.76859],[10.12447,33.75668],[10.13303,33.72268],[10.10938,33.71417],[10.09431,33.69214],[10.0706,33.69082],[10.05122,33.68142],[10.04796,33.67666],[10.04106,33.67589],[10.04373,33.69571],[10.05126,33.71142],[10.05765,33.71518],[10.05631,33.71952],[10.06159,33.72371],[10.06,33.73024],[10.05389,33.73244],[10.05589,33.73759],[10.0396,33.72666],[10.02926,33.72261],[10.02225,33.72521],[9.99851,33.71462],[9.97735,33.71802],[9.95597,33.73197],[9.93802,33.74905],[9.96613,33.76573],[9.94876,33.77376],[9.93408,33.79227],[9.93885,33.81544],[9.95422,33.81943],[9.95948,33.8175],[9.9779,33.82482],[9.98269,33.82803],[9.98121,33.83118],[9.99251,33.83702],[10.01861,33.8434],[10.0327,33.85406],[10.03877,33.85202],[10.04852,33.84159],[10.06218,33.84043],[10.08179,33.85663],[10.08066,33.86789],[10.12275,33.88356],[10.12803,33.87826],[10.1631,33.83625],[10.1727,33.82807],[10.18183,33.824],[10.17842,33.79565]]]}},{"type":"Feature","properties":{"id":"TUN:ADM2:11933810B61155262377860","name":"مارث","countryCode":"TUN","adminLevel":2,"sourceCode":"11933810B61155262377860","parentId":"TUN:ADM1:TUN-111"},"geometry":{"type":"Polygon","coordinates":[[[10.48034,33.64881],[10.46596,33.64897],[10.4616,33.64448],[10.45621,33.64787],[10.45195,33.64671],[10.45227,33.64138],[10.447,33.64052],[10.43884,33.63262],[10.43673,33.63534],[10.43225,33.63269],[10.42484,33.63559],[10.41552,33.63018],[10.42033,33.61964],[10.41628,33.6094],[10.41825,33.60604],[10.41269,33.60556],[10.41134,33.59732],[10.40636,33.59153],[10.39215,33.59333],[10.38249,33.58126],[10.37171,33.57512],[10.36681,33.55915],[10.36018,33.55465],[10.35996,33.53427],[10.35487,33.52483],[10.34985,33.52435],[10.3414,33.51375],[10.33798,33.50685],[10.33903,33.50006],[10.33274,33.48982],[10.3238,33.48621],[10.31854,33.47968],[10.30855,33.47964],[10.30743,33.47562],[10.29715,33.4697],[10.28637,33.4525],[10.28829,33.44538],[10.27752,33.42929],[10.26383,33.42267],[10.23487,33.41741],[10.22727,33.42291],[10.21684,33.42361],[10.1767,33.41583],[10.16633,33.40983],[10.1575,33.40874],[10.14682,33.39934],[10.13366,33.39455],[10.13781,33.38918],[10.14504,33.38753],[10.12596,33.37893],[10.12039,33.37241],[10.09925,33.37245],[10.09325,33.36126],[10.10655,33.34607],[10.05368,33.31653],[10.03644,33.30955],[10.02478,33.31283],[10.00067,33.29323],[9.96326,33.29429],[9.92908,33.29959],[9.91683,33.29698],[9.9204,33.31688],[9.93671,33.32311],[9.94278,33.33371],[9.95092,33.33748],[9.96237,33.33765],[9.96872,33.3439],[9.99338,33.35128],[10.02808,33.37595],[10.03153,33.38407],[10.0273,33.3893],[10.03492,33.40244],[10.0313,33.40785],[10.04284,33.41663],[10.03709,33.43656],[10.0449,33.44571],[10.05483,33.44789],[10.06666,33.4564],[10.07735,33.4707],[10.07851,33.47746],[10.07124,33.48618],[10.09367,33.48689],[10.10163,33.49419],[10.09766,33.50504],[10.10489,33.51324],[10.11461,33.51608],[10.12979,33.51173],[10.12516,33.51618],[10.13179,33.52217],[10.12924,33.52412],[10.13438,33.53172],[10.1374,33.53235],[10.13366,33.5383],[10.13994,33.54436],[10.13921,33.54816],[10.1429,33.54911],[10.14415,33.57259],[10.15105,33.58566],[10.14691,33.58906],[10.15697,33.59768],[10.1578,33.60661],[10.14245,33.6547],[10.1398,33.71198],[10.12942,33.73116],[10.12447,33.75668],[10.14858,33.76859],[10.15937,33.77938],[10.16355,33.78946],[10.17842,33.79565],[10.18183,33.824],[10.18315,33.82342],[10.19501,33.81501],[10.28139,33.74335],[10.28133,33.73997],[10.2832,33.74185],[10.33025,33.70283],[10.36769,33.68407],[10.39377,33.67454],[10.40024,33.67068],[10.40688,33.66974],[10.44606,33.65542],[10.46022,33.6527],[10.48027,33.64885],[10.48034,33.64881]]]}},{"type":"Feature","properties":{"id":"TUN:ADM2:11933810B61318752024090","name":"الوردية","countryCode":"TUN","adminLevel":2,"sourceCode":"11933810B61318752024090","parentId":"TUN:ADM1:TUN-108"},"geometry":{"type":"Polygon","coordinates":[[[10.17571,36.77511],[10.17027,36.76933],[10.16938,36.75921],[10.19565,36.76487],[10.19036,36.77292],[10.19674,36.77884],[10.19081,36.78481],[10.18714,36.78136],[10.18052,36.78349],[10.18332,36.77674],[10.17571,36.77511]]]}},{"type":"Feature","properties":{"id":"TUN:ADM2:11933810B61776975949609","name":"صفاقس المدينة","countryCode":"TUN","adminLevel":2,"sourceCode":"11933810B61776975949609","parentId":"TUN:ADM1:TUN-114"},"geometry":{"type":"Polygon","coordinates":[[[10.73543,34.6997],[10.73559,34.70316],[10.72374,34.70952],[10.7324,34.72013],[10.7469,34.73055],[10.75233,34.74117],[10.72724,34.75325],[10.71818,34.76116],[10.72455,34.7657],[10.7279,34.76288],[10.73473,34.7683],[10.73648,34.7662],[10.74238,34.76992],[10.76103,34.77239],[10.76109,34.77571],[10.76579,34.77734],[10.76997,34.77466],[10.76619,34.77215],[10.7739,34.76444],[10.77434,34.76863],[10.77758,34.76599],[10.78822,34.75075],[10.78246,34.74772],[10.78291,34.74303],[10.77904,34.7395],[10.7729,34.72922],[10.76978,34.73133],[10.76356,34.72677],[10.76546,34.72512],[10.76837,34.72789],[10.77085,34.72579],[10.76739,34.72001],[10.76739,34.72002],[10.76108,34.72153],[10.76482,34.71963],[10.76127,34.71576],[10.7642,34.71668],[10.76458,34.71531],[10.76347,34.71345],[10.76036,34.71109],[10.76019,34.71109],[10.76058,34.71962],[10.75882,34.71653],[10.75368,34.72385],[10.75125,34.71064],[10.75571,34.70909],[10.75546,34.70738],[10.74399,34.69868],[10.74174,34.69437],[10.73543,34.6997]]]}},{"type":"Feature","properties":{"id":"TUN:ADM2:11933810B61814585339016","name":"تالة","countryCode":"TUN","adminLevel":2,"sourceCode":"11933810B61814585339016","parentId":"TUN:ADM1:TUN-110"},"geometry":{"type":"Polygon","coordinates":[[[8.79755,35.77615],[8.78047,35.7773],[8.77094,35.78398],[8.76365,35.78272],[8.76323,35.77681],[8.75866,35.77442],[8.74665,35.77584],[8.73576,35.77037],[8.71847,35.7759],[8.71414,35.77226],[8.71012,35.77531],[8.71313,35.78041],[8.71184,35.78724],[8.7086,35.78913],[8.70043,35.79088],[8.68463,35.78326],[8.67588,35.78815],[8.6673,35.78781],[8.66928,35.77725],[8.66633,35.75936],[8.65488,35.75575],[8.6503,35.7506],[8.63637,35.75491],[8.63188,35.74312],[8.62339,35.74353],[8.61723,35.74767],[8.61551,35.7402],[8.61916,35.73677],[8.61865,35.73129],[8.62676,35.72457],[8.62463,35.71758],[8.62654,35.71005],[8.62243,35.70226],[8.62494,35.70142],[8.62566,35.69406],[8.63022,35.69146],[8.62765,35.68693],[8.63042,35.68558],[8.62168,35.67606],[8.61767,35.67549],[8.6189,35.67097],[8.61218,35.66432],[8.61501,35.65982],[8.59045,35.64881],[8.58792,35.65005],[8.58727,35.64621],[8.60546,35.63869],[8.60193,35.62671],[8.59277,35.62363],[8.58959,35.61853],[8.60017,35.60752],[8.59788,35.59804],[8.55791,35.6047],[8.55372,35.59158],[8.57104,35.54934],[8.56414,35.50877],[8.59295,35.50197],[8.6289,35.48589],[8.62652,35.48178],[8.63845,35.47933],[8.64173,35.47558],[8.6457,35.44086],[8.66679,35.41366],[8.69038,35.41241],[8.70038,35.42852],[8.72862,35.40874],[8.73882,35.40611],[8.73316,35.38315],[8.75648,35.38827],[8.76185,35.38171],[8.7669,35.38415],[8.78944,35.37516],[8.81164,35.37337],[8.82117,35.36246],[8.8125,35.38567],[8.8124,35.39678],[8.80708,35.40316],[8.80334,35.41624],[8.80704,35.44758],[8.80048,35.45617],[8.80887,35.47214],[8.80657,35.5042],[8.79598,35.51331],[8.77571,35.5435],[8.76351,35.55525],[8.767,35.5633],[8.75839,35.56857],[8.78542,35.60945],[8.78178,35.61122],[8.7857,35.62244],[8.78184,35.63897],[8.79184,35.67804],[8.8019,35.68198],[8.83658,35.68376],[8.83962,35.6992],[8.82587,35.70572],[8.82629,35.71345],[8.83523,35.73236],[8.82517,35.73562],[8.82396,35.74483],[8.82901,35.75295],[8.82028,35.75615],[8.80404,35.7742],[8.79755,35.77615]]]}},{"type":"Feature","properties":{"id":"TUN:ADM2:11933810B62164441904454","name":"توزر","countryCode":"TUN","adminLevel":2,"sourceCode":"11933810B62164441904454","parentId":"TUN:ADM1:TUN-101"},"geometry":{"type":"Polygon","coordinates":[[[8.02802,34.16607],[8.0114,34.14421],[7.97791,34.12837],[7.97498,33.97534],[7.96335,33.94107],[7.96612,33.93119],[7.96052,33.93014],[7.96178,33.92519],[8.00725,33.93515],[8.01347,33.90396],[8.02317,33.88668],[8.00787,33.86656],[8.01059,33.85562],[8.0533,33.80161],[8.09035,33.7358],[8.14482,33.66011],[8.22445,33.71767],[8.31776,33.75676],[8.30511,33.77536],[8.29552,33.78341],[8.21369,33.90959],[8.19418,33.96354],[8.18684,33.95789],[8.18658,33.9633],[8.17897,33.97472],[8.15623,33.97766],[8.15781,33.98405],[8.15122,33.98493],[8.14997,33.99292],[8.14366,33.99316],[8.13905,33.98736],[8.09768,34.03488],[8.08549,34.0896],[8.02802,34.16607]]]}},{"type":"Feature","properties":{"id":"TUN:ADM2:11933810B62465925468138","name":"قلعة الأندلس","countryCode":"TUN","adminLevel":2,"sourceCode":"11933810B62465925468138","parentId":"TUN:ADM1:TUN-102"},"geometry":{"type":"Polygon","coordinates":[[[10.20514,36.98229],[10.19406,36.97818],[10.18765,36.96299],[10.17199,36.95284],[10.16767,36.97229],[10.15624,36.96755],[10.15193,36.97077],[10.14353,36.96485],[10.15951,36.95029],[10.14045,36.94629],[10.11411,36.92479],[10.1179,36.91373],[10.13043,36.91415],[10.12824,36.90665],[10.13286,36.89986],[10.14394,36.89895],[10.15424,36.89073],[10.14828,36.87904],[10.13841,36.88096],[10.13053,36.88857],[10.1173,36.88718],[10.11619,36.8961],[10.10374,36.91984],[10.07796,36.96423],[10.06679,36.97716],[10.05633,36.96404],[10.04892,36.97436],[10.03095,36.98493],[10.06605,37.00666],[10.06757,37.01422],[10.07452,37.01947],[10.07857,37.03498],[10.09051,37.05106],[10.09005,37.05791],[10.09451,37.06546],[10.08842,37.08374],[10.09422,37.0952],[10.11608,37.10634],[10.12369,37.11361],[10.13056,37.11181],[10.13124,37.10756],[10.13941,37.11247],[10.15678,37.11516],[10.16184,37.10887],[10.16961,37.11107],[10.18051,37.10659],[10.21632,37.1112],[10.21427,37.10772],[10.21183,37.1058],[10.21546,37.11083],[10.20969,37.10951],[10.2097,37.10592],[10.19882,37.10384],[10.18746,37.09288],[10.20422,37.0998],[10.20381,37.09947],[10.19359,37.09305],[10.19427,37.09196],[10.19341,37.09128],[10.19287,37.09173],[10.18866,37.08753],[10.17433,37.07624],[10.17866,37.04976],[10.17937,37.0393],[10.18095,37.03581],[10.18238,37.02705],[10.18877,37.0185],[10.20514,36.98229]]]}},{"type":"Feature","properties":{"id":"TUN:ADM2:11933810B63201722786618","name":"الكريب","countryCode":"TUN","adminLevel":2,"sourceCode":"11933810B63201722786618","parentId":"TUN:ADM1:TUN-115"},"geometry":{"type":"Polygon","coordinates":[[[9.04367,36.23167],[9.05074,36.23334],[9.06587,36.25815],[9.07831,36.26495],[9.08853,36.26514],[9.0949,36.27384],[9.10101,36.27786],[9.10365,36.27644],[9.10687,36.28507],[9.11161,36.28614],[9.11194,36.29157],[9.11593,36.29346],[9.1235,36.29005],[9.12591,36.28092],[9.13084,36.28045],[9.13666,36.27144],[9.15371,36.26073],[9.16494,36.26082],[9.16618,36.26509],[9.16245,36.27286],[9.17871,36.26767],[9.18824,36.2549],[9.1917,36.25488],[9.2009,36.26796],[9.21826,36.26646],[9.21985,36.27908],[9.22912,36.27881],[9.22903,36.28759],[9.24026,36.29202],[9.23487,36.29403],[9.23435,36.30164],[9.25778,36.31844],[9.27007,36.33545],[9.25769,36.36649],[9.24591,36.37412],[9.24271,36.36981],[9.19373,36.37166],[9.18013,36.38301],[9.17298,36.38441],[9.14687,36.37405],[9.13156,36.36359],[9.11337,36.36571],[9.11064,36.37062],[9.11406,36.37153],[9.1162,36.38357],[9.11321,36.39491],[9.09839,36.40354],[9.08612,36.40273],[9.08176,36.40675],[9.09028,36.41245],[9.08886,36.4195],[9.06809,36.43484],[9.03343,36.44405],[9.01789,36.45649],[9.01615,36.46342],[8.99822,36.46526],[8.98466,36.45996],[8.96301,36.45998],[8.93967,36.45343],[8.93894,36.451],[8.93543,36.45214],[8.93548,36.44908],[8.93,36.45016],[8.9314,36.444],[8.92446,36.44144],[8.92862,36.43782],[8.92798,36.42973],[8.9328,36.42042],[8.93834,36.41929],[8.94128,36.41318],[8.95565,36.40872],[8.95558,36.40283],[8.96125,36.40369],[8.95996,36.39873],[8.96332,36.39857],[8.96683,36.384],[8.97789,36.37655],[8.97277,36.36484],[8.98204,36.35913],[8.97893,36.35534],[8.98734,36.34804],[8.98067,36.34585],[8.98216,36.34026],[8.97381,36.34189],[8.97807,36.33945],[8.97704,36.33659],[8.96575,36.34132],[8.96842,36.3365],[8.96664,36.33284],[8.9603,36.33691],[8.9613,36.33067],[8.95646,36.33093],[8.9577,36.32732],[8.95148,36.32577],[8.94673,36.31999],[8.95329,36.31539],[8.94397,36.31418],[8.94527,36.30941],[8.9517,36.30361],[8.96239,36.30375],[8.95591,36.29949],[8.9555,36.2954],[8.96003,36.2957],[8.96457,36.29004],[8.96866,36.29097],[8.97375,36.28069],[8.97881,36.27866],[8.98116,36.26667],[8.98622,36.26408],[8.98327,36.26228],[8.99642,36.25107],[8.99993,36.2397],[9.0235,36.23778],[9.03942,36.23984],[9.04367,36.23167]]]}},{"type":"Feature","properties":{"id":"TUN:ADM2:11933810B63287447977470","name":"جبل الجلود","countryCode":"TUN","adminLevel":2,"sourceCode":"11933810B63287447977470","parentId":"TUN:ADM1:TUN-108"},"geometry":{"type":"Polygon","coordinates":[[[10.22019,36.76663],[10.20978,36.77692],[10.19757,36.78269],[10.19036,36.77292],[10.20764,36.74878],[10.21154,36.75052],[10.2105,36.75649],[10.21529,36.75988],[10.22035,36.75873],[10.22019,36.76663]]]}},{"type":"Feature","properties":{"id":"TUN:ADM2:11933810B63421014427866","name":"الكاف الغربية","countryCode":"TUN","adminLevel":2,"sourceCode":"11933810B63421014427866","parentId":"TUN:ADM1:TUN-109"},"geometry":{"type":"Polygon","coordinates":[[[8.72522,36.20797],[8.68783,36.21151],[8.657,36.22752],[8.65016,36.23474],[8.63834,36.23806],[8.63046,36.23195],[8.62481,36.23427],[8.62836,36.2288],[8.61767,36.21963],[8.62598,36.21459],[8.62573,36.20869],[8.62054,36.20355],[8.61177,36.20419],[8.61322,36.2139],[8.59979,36.21621],[8.60368,36.20291],[8.60035,36.19813],[8.59476,36.1968],[8.5925,36.18939],[8.58544,36.18569],[8.57766,36.18673],[8.57459,36.18336],[8.56301,36.18319],[8.56161,36.17312],[8.55768,36.16949],[8.55307,36.17328],[8.54005,36.17433],[8.54615,36.16822],[8.53613,36.15982],[8.53067,36.15901],[8.526,36.16651],[8.51545,36.16207],[8.5157,36.15564],[8.52324,36.14614],[8.51643,36.14194],[8.51811,36.13527],[8.52435,36.13054],[8.51715,36.12842],[8.50382,36.13234],[8.49943,36.12874],[8.5083,36.1232],[8.49984,36.11703],[8.50544,36.10926],[8.51243,36.10625],[8.54462,36.10489],[8.54896,36.09486],[8.55961,36.09666],[8.56376,36.09118],[8.56873,36.09091],[8.56972,36.08659],[8.57554,36.08692],[8.58988,36.09611],[8.59341,36.09266],[8.6091,36.10548],[8.62353,36.10019],[8.64877,36.09975],[8.65612,36.09322],[8.6778,36.08936],[8.68699,36.0806],[8.6936,36.0806],[8.69342,36.07406],[8.69826,36.07001],[8.71939,36.07227],[8.73604,36.0853],[8.72549,36.09415],[8.69767,36.15663],[8.71777,36.15987],[8.71011,36.16583],[8.70107,36.16692],[8.70102,36.17642],[8.69008,36.17605],[8.69743,36.17954],[8.69881,36.1855],[8.71204,36.18811],[8.72522,36.20797]]]}},{"type":"Feature","properties":{"id":"TUN:ADM2:11933810B63769477321457","name":"Jendouba Nord","countryCode":"TUN","adminLevel":2,"sourceCode":"11933810B63769477321457","parentId":"TUN:ADM1:TUN-106"},"geometry":{"type":"Polygon","coordinates":[[[8.51562,36.57691],[8.52328,36.56999],[8.52328,36.56297],[8.5403,36.55234],[8.54053,36.53448],[8.55188,36.52594],[8.5481,36.51948],[8.55212,36.51378],[8.54833,36.50162],[8.55306,36.49478],[8.57032,36.49231],[8.57017,36.4887],[8.5854,36.48297],[8.58873,36.49174],[8.5927,36.49237],[8.59997,36.50206],[8.6209,36.51416],[8.63665,36.51883],[8.65363,36.51115],[8.64684,36.50295],[8.6566,36.48642],[8.67125,36.47311],[8.67078,36.47007],[8.66275,36.46643],[8.66733,36.45838],[8.67328,36.46411],[8.67325,36.45621],[8.68187,36.45612],[8.68092,36.46191],[8.68371,36.46326],[8.68534,36.45576],[8.69377,36.45987],[8.70475,36.45995],[8.70868,36.45297],[8.71371,36.4586],[8.71771,36.45812],[8.71415,36.46821],[8.71735,36.46549],[8.72478,36.46628],[8.72735,36.46091],[8.73136,36.46097],[8.73369,36.46579],[8.73095,36.47161],[8.72227,36.46908],[8.72142,36.47232],[8.72972,36.47592],[8.73368,36.46951],[8.73944,36.47064],[8.73922,36.47553],[8.73425,36.47731],[8.73158,36.47516],[8.73057,36.48087],[8.73915,36.47764],[8.74095,36.48092],[8.74263,36.47376],[8.74605,36.47328],[8.74667,36.48279],[8.73903,36.48491],[8.74664,36.48334],[8.75362,36.47879],[8.76533,36.48669],[8.78468,36.51546],[8.78072,36.5256],[8.7881,36.53267],[8.79845,36.52837],[8.80416,36.53382],[8.79928,36.5365],[8.80511,36.5386],[8.80987,36.53267],[8.80737,36.52856],[8.81594,36.52875],[8.81534,36.5407],[8.8201,36.54022],[8.82843,36.53028],[8.83473,36.53592],[8.84498,36.53475],[8.84824,36.54437],[8.84386,36.54682],[8.84897,36.54968],[8.84043,36.5503],[8.83893,36.55296],[8.84558,36.55668],[8.85549,36.55179],[8.85953,36.55641],[8.8688,36.55468],[8.86665,36.55992],[8.85468,36.55879],[8.85506,36.56433],[8.86296,36.56833],[8.86781,36.56489],[8.86854,36.57312],[8.87566,36.57686],[8.86981,36.57825],[8.85937,36.59041],[8.84581,36.59439],[8.83762,36.6082],[8.8398,36.61209],[8.8292,36.61897],[8.81204,36.60965],[8.80911,36.60079],[8.79797,36.59529],[8.80506,36.58333],[8.77607,36.5717],[8.73177,36.57071],[8.72463,36.55836],[8.72229,36.58286],[8.71724,36.59141],[8.72043,36.59457],[8.71626,36.59965],[8.71078,36.59395],[8.69409,36.59216],[8.69182,36.58625],[8.6861,36.5905],[8.67708,36.58546],[8.66289,36.5905],[8.64979,36.58693],[8.64482,36.58916],[8.63408,36.58241],[8.63878,36.57822],[8.63568,36.57424],[8.63053,36.5737],[8.61774,36.58088],[8.61673,36.59591],[8.60669,36.60587],[8.57837,36.60733],[8.56289,36.59442],[8.55982,36.59727],[8.56242,36.60581],[8.55448,36.61087],[8.53697,36.60841],[8.53076,36.59872],[8.53416,36.5939],[8.53003,36.5873],[8.52152,36.57857],[8.51705,36.58128],[8.51562,36.57691]]]}},{"type":"Feature","properties":{"id":"TUN:ADM2:11933810B64295465131340","name":"El Hencha","countryCode":"TUN","adminLevel":2,"sourceCode":"11933810B64295465131340","parentId":"TUN:ADM1:TUN-114"},"geometry":{"type":"Polygon","coordinates":[[[10.59424,35.24197],[10.60111,35.19875],[10.61603,35.16674],[10.618,35.14033],[10.63999,35.07241],[10.70646,35.0293],[10.71146,35.02039],[10.71093,35.01039],[10.70284,35.00198],[10.70137,34.97649],[10.68973,34.96896],[10.68081,34.96725],[10.68321,34.95695],[10.72199,34.93128],[10.74774,34.92081],[10.75994,34.90254],[10.77496,34.91803],[10.78576,34.90866],[10.78813,34.91191],[10.81581,34.89619],[10.81496,34.90583],[10.80119,34.92654],[10.79627,34.95346],[10.79765,34.96787],[10.79455,34.97439],[10.79964,34.97914],[10.80753,34.99757],[10.81726,34.99596],[10.83697,34.9862],[10.84497,34.99433],[10.85832,34.98829],[10.85967,35.00544],[10.8437,35.01272],[10.84561,35.01604],[10.79678,35.05958],[10.78599,35.07688],[10.79163,35.07739],[10.79791,35.10037],[10.81888,35.13984],[10.83704,35.14837],[10.83682,35.16157],[10.83244,35.17046],[10.80766,35.2034],[10.80237,35.21689],[10.80475,35.24596],[10.79494,35.25621],[10.7911,35.27383],[10.7651,35.27851],[10.76129,35.26508],[10.75054,35.24881],[10.75826,35.24158],[10.74783,35.24034],[10.73895,35.23218],[10.73315,35.23253],[10.71124,35.2216],[10.68756,35.2187],[10.6746,35.22194],[10.64459,35.24201],[10.6373,35.25373],[10.63293,35.25234],[10.62899,35.25763],[10.59424,35.24197]]]}},{"type":"Feature","properties":{"id":"TUN:ADM2:11933810B64556610249653","name":"الشابة","countryCode":"TUN","adminLevel":2,"sourceCode":"11933810B64556610249653","parentId":"TUN:ADM1:TUN-116"},"geometry":{"type":"Polygon","coordinates":[[[11.06408,35.17802],[11.02942,35.18961],[11.00604,35.20657],[10.99802,35.22427],[10.9929,35.24852],[10.9867,35.25221],[10.97969,35.26355],[10.99124,35.28114],[10.99398,35.27853],[11.00226,35.27889],[11.01621,35.2848],[11.02091,35.27571],[11.02369,35.2774],[11.02615,35.27499],[11.03318,35.27858],[11.03563,35.27569],[11.04744,35.28377],[11.05352,35.27621],[11.06045,35.27643],[11.07323,35.28273],[11.07572,35.28909],[11.10056,35.26687],[11.1036,35.26539],[11.12208,35.25365],[11.12245,35.25351],[11.13008,35.24709],[11.16038,35.23344],[11.16028,35.23217],[11.15804,35.23269],[11.15486,35.22417],[11.15004,35.22213],[11.14339,35.22588],[11.1393,35.22299],[11.13443,35.22747],[11.12676,35.22598],[11.12929,35.22306],[11.12641,35.22531],[11.11791,35.22275],[11.11854,35.21923],[11.10857,35.21131],[11.10865,35.20078],[11.10344,35.19223],[11.09938,35.19084],[11.09897,35.18487],[11.09806,35.18338],[11.09083,35.18097],[11.0821,35.16931],[11.0821,35.16688],[11.08024,35.1656],[11.06408,35.17802]]]}},{"type":"Feature","properties":{"id":"TUN:ADM2:11933810B6535547360334","name":"القصرين الشمالية","countryCode":"TUN","adminLevel":2,"sourceCode":"11933810B6535547360334","parentId":"TUN:ADM1:TUN-110"},"geometry":{"type":"Polygon","coordinates":[[[8.70043,35.2201],[8.71574,35.21057],[8.71841,35.19973],[8.72798,35.19158],[8.75241,35.19957],[8.77855,35.16478],[8.79302,35.16005],[8.80097,35.16356],[8.80379,35.15796],[8.81457,35.16013],[8.81309,35.16415],[8.82919,35.16487],[8.83684,35.16845],[8.83819,35.16028],[8.84646,35.14985],[8.86344,35.16737],[8.86404,35.17698],[8.86038,35.18402],[8.87254,35.19157],[8.87672,35.19904],[8.86639,35.20705],[8.86488,35.20381],[8.85035,35.20284],[8.8417,35.21311],[8.83573,35.21303],[8.82703,35.22184],[8.82196,35.22165],[8.8149,35.23019],[8.79487,35.23188],[8.79376,35.22869],[8.76283,35.24184],[8.75946,35.2383],[8.75449,35.24536],[8.75867,35.24803],[8.75813,35.25892],[8.75099,35.28181],[8.73091,35.27746],[8.72777,35.26999],[8.73627,35.26152],[8.73922,35.26303],[8.74254,35.25977],[8.73147,35.26005],[8.72053,35.25525],[8.72269,35.24583],[8.70043,35.2201]]]}},{"type":"Feature","properties":{"id":"TUN:ADM2:11933810B65727884052892","name":"‫عقارب‬","countryCode":"TUN","adminLevel":2,"sourceCode":"11933810B65727884052892","parentId":"TUN:ADM1:TUN-114"},"geometry":{"type":"Polygon","coordinates":[[[10.5823,34.61678],[10.57841,34.61489],[10.56733,34.62357],[10.55812,34.62394],[10.54137,34.63686],[10.54347,34.63987],[10.51151,34.66234],[10.50027,34.65583],[10.49534,34.64777],[10.4969,34.64216],[10.47862,34.65336],[10.48057,34.66081],[10.4766,34.66307],[10.44162,34.6612],[10.42752,34.65528],[10.42377,34.65961],[10.40177,34.63435],[10.36693,34.62755],[10.36414,34.60678],[10.36718,34.6018],[10.36135,34.59843],[10.34221,34.60181],[10.33065,34.60776],[10.32728,34.61865],[10.3067,34.63413],[10.31096,34.64795],[10.30951,34.6626],[10.29502,34.68546],[10.29843,34.69124],[10.31132,34.70006],[10.32494,34.69787],[10.30313,34.74244],[10.30582,34.75843],[10.2932,34.76929],[10.26718,34.82238],[10.27289,34.8337],[10.28948,34.84684],[10.27987,34.85458],[10.28997,34.86501],[10.28649,34.86694],[10.30947,34.89965],[10.42534,34.85936],[10.49643,34.84542],[10.51866,34.84405],[10.58472,34.81633],[10.61093,34.80379],[10.60893,34.80068],[10.61519,34.79345],[10.60749,34.78798],[10.61456,34.77378],[10.61843,34.77203],[10.60864,34.77006],[10.62161,34.7563],[10.61675,34.74133],[10.64356,34.74077],[10.64111,34.73012],[10.62816,34.72907],[10.61533,34.71722],[10.61817,34.70284],[10.58693,34.69751],[10.6033,34.68745],[10.61957,34.68467],[10.61942,34.6775],[10.62793,34.66461],[10.65459,34.64337],[10.63429,34.63788],[10.62525,34.63325],[10.62143,34.62629],[10.61988,34.61587],[10.615,34.60358],[10.60968,34.59638],[10.5823,34.61678]]]}},{"type":"Feature","properties":{"id":"TUN:ADM2:11933810B65786338139889","name":"حلق الوادي","countryCode":"TUN","adminLevel":2,"sourceCode":"11933810B65786338139889","parentId":"TUN:ADM1:TUN-108"},"geometry":{"type":"MultiPolygon","coordinates":[[[[10.23921,36.85779],[10.24396,36.86166],[10.26527,36.86232],[10.27423,36.85034],[10.3105,36.83224],[10.30934,36.82978],[10.29884,36.82176],[10.28517,36.81997],[10.27215,36.82909],[10.27955,36.84431],[10.27019,36.84846],[10.25294,36.84634],[10.24806,36.84506],[10.23921,36.85779]]],[[[10.27209,36.81046],[10.27019,36.8132],[10.27215,36.81607],[10.27509,36.81081],[10.27209,36.81046]]]]}},{"type":"Feature","properties":{"id":"TUN:ADM2:11933810B66279865706920","name":"قفصة الجنوبية","countryCode":"TUN","adminLevel":2,"sourceCode":"11933810B66279865706920","parentId":"TUN:ADM1:TUN-112"},"geometry":{"type":"Polygon","coordinates":[[[8.82089,34.43698],[8.79801,34.45021],[8.7761,34.51321],[8.75108,34.52012],[8.72286,34.55957],[8.69984,34.5859],[8.69616,34.58632],[8.69779,34.58836],[8.69477,34.59264],[8.67604,34.60019],[8.6646,34.62282],[8.65456,34.62815],[8.6464,34.63984],[8.63467,34.64533],[8.63426,34.65226],[8.63002,34.65778],[8.62478,34.6582],[8.58601,34.63037],[8.58557,34.62741],[8.5399,34.6302],[8.51698,34.6411],[8.51527,34.62865],[8.50751,34.623],[8.51011,34.62025],[8.50731,34.60893],[8.50285,34.61025],[8.50284,34.60717],[8.50587,34.59593],[8.51386,34.58753],[8.5164,34.56833],[8.54102,34.54725],[8.54005,34.52831],[8.56329,34.51683],[8.61529,34.51169],[8.63713,34.50007],[8.63229,34.49534],[8.63301,34.48345],[8.59354,34.47728],[8.54871,34.44938],[8.51772,34.40157],[8.49847,34.38489],[8.48857,34.38241],[8.49396,34.37145],[8.49148,34.36361],[8.49681,34.36011],[8.50575,34.36056],[8.50763,34.35453],[8.47619,34.33812],[8.47861,34.33283],[8.47586,34.32912],[8.48009,34.32346],[8.47739,34.32303],[8.47463,34.31507],[8.47877,34.29756],[8.47405,34.28201],[8.47619,34.2639],[8.47337,34.25277],[8.48033,34.24407],[8.47532,34.23932],[8.48014,34.23044],[8.48355,34.23677],[8.49119,34.24109],[8.51609,34.23843],[8.53216,34.24953],[8.54475,34.26871],[8.54236,34.2753],[8.54797,34.28092],[8.54773,34.28746],[8.58707,34.31289],[8.61546,34.32167],[8.6333,34.32094],[8.63666,34.31617],[8.64891,34.31728],[8.65538,34.31434],[8.68965,34.32457],[8.69946,34.31982],[8.7201,34.32432],[8.71881,34.33684],[8.74384,34.36629],[8.73217,34.38842],[8.73478,34.40254],[8.7482,34.40831],[8.76816,34.38489],[8.77438,34.38067],[8.7837,34.38191],[8.78463,34.40739],[8.79307,34.41095],[8.80454,34.41044],[8.82089,34.43698]]]}},{"type":"Feature","properties":{"id":"TUN:ADM2:11933810B66585629816917","name":"المزونة","countryCode":"TUN","adminLevel":2,"sourceCode":"11933810B66585629816917","parentId":"TUN:ADM1:TUN-113"},"geometry":{"type":"Polygon","coordinates":[[[9.45309,34.48144],[9.4535,34.47366],[9.45944,34.46396],[9.48865,34.44604],[9.50732,34.38175],[9.56073,34.36954],[9.55505,34.36119],[9.53848,34.3517],[9.54667,34.31872],[9.55035,34.3151],[9.54489,34.29346],[9.55191,34.2778],[9.54858,34.26474],[9.69552,34.28262],[9.76151,34.27435],[9.75435,34.28434],[9.75524,34.29019],[9.74592,34.3003],[9.74134,34.31594],[9.72005,34.33308],[9.72314,34.33719],[9.74456,34.3441],[9.76438,34.34603],[9.77492,34.35133],[9.77947,34.35849],[9.78925,34.35905],[9.80099,34.36488],[9.81895,34.36472],[9.82412,34.36736],[9.83208,34.36344],[9.85045,34.37018],[9.85912,34.37021],[9.88746,34.39682],[9.89838,34.42057],[9.92079,34.43168],[9.9162,34.44628],[9.91682,34.45939],[9.92444,34.46776],[9.9358,34.45065],[9.94109,34.44731],[9.94755,34.44999],[9.9624,34.45877],[9.9739,34.47187],[9.99129,34.48063],[9.99664,34.49009],[9.99986,34.49122],[10.00758,34.48666],[10.04715,34.52237],[10.05984,34.52583],[10.02258,34.53524],[9.96944,34.5381],[9.98122,34.54739],[9.9706,34.56747],[9.90782,34.59601],[9.90053,34.59805],[9.8825,34.59255],[9.87824,34.60426],[9.87284,34.60725],[9.90105,34.63271],[9.87931,34.64371],[9.88612,34.65927],[9.88029,34.66084],[9.87018,34.6576],[9.86214,34.64985],[9.84126,34.646],[9.82176,34.63127],[9.80056,34.62668],[9.78992,34.63046],[9.78252,34.62198],[9.74844,34.60873],[9.72554,34.61733],[9.71463,34.60702],[9.70406,34.60523],[9.69823,34.5988],[9.70816,34.59293],[9.69638,34.58404],[9.69847,34.5806],[9.69577,34.57305],[9.67944,34.56105],[9.68034,34.55615],[9.67295,34.55064],[9.66882,34.54203],[9.66832,34.5331],[9.6548,34.52493],[9.6581,34.51779],[9.6502,34.50649],[9.63965,34.50405],[9.63308,34.49808],[9.61634,34.49978],[9.59727,34.49518],[9.59009,34.49045],[9.55813,34.49096],[9.54022,34.48475],[9.51178,34.48254],[9.46024,34.49081],[9.45309,34.48144]]]}},{"type":"Feature","properties":{"id":"TUN:ADM2:11933810B6690726234201","name":"منزل بورقيبة","countryCode":"TUN","adminLevel":2,"sourceCode":"11933810B6690726234201","parentId":"TUN:ADM1:TUN-105"},"geometry":{"type":"Polygon","coordinates":[[[9.80782,37.15253],[9.81064,37.15188],[9.80797,37.15226],[9.80671,37.14856],[9.81274,37.14205],[9.86111,37.13464],[9.87496,37.1393],[9.88567,37.14911],[9.91272,37.15674],[9.9194,37.16546],[9.93352,37.14449],[9.92484,37.13006],[9.91398,37.12427],[9.92473,37.11241],[9.93479,37.11221],[9.94199,37.10821],[9.93308,37.10067],[9.91843,37.09862],[9.91488,37.09248],[9.90726,37.09205],[9.90662,37.08621],[9.89721,37.08437],[9.89109,37.07618],[9.86868,37.06613],[9.86144,37.04792],[9.84777,37.05043],[9.82977,37.04767],[9.82475,37.03993],[9.79823,37.05553],[9.78965,37.06617],[9.78642,37.06565],[9.77729,37.09287],[9.77876,37.09897],[9.77533,37.10593],[9.77924,37.11303],[9.76964,37.13745],[9.77252,37.15342],[9.78046,37.16217],[9.78216,37.17013],[9.78773,37.1751],[9.79541,37.17266],[9.79566,37.17235],[9.80152,37.16913],[9.80181,37.1685],[9.80114,37.16782],[9.80249,37.16695],[9.80779,37.15501],[9.80838,37.15478],[9.80782,37.15253]]]}},{"type":"Feature","properties":{"id":"TUN:ADM2:11933810B6714146070039","name":"حيدرة","countryCode":"TUN","adminLevel":2,"sourceCode":"11933810B6714146070039","parentId":"TUN:ADM1:TUN-110"},"geometry":{"type":"Polygon","coordinates":[[[8.58727,35.64621],[8.57847,35.6404],[8.57072,35.64088],[8.56835,35.63737],[8.55546,35.64587],[8.5459,35.6583],[8.54346,35.65726],[8.548,35.66575],[8.54359,35.66737],[8.45632,35.67251],[8.4393,35.66801],[8.431,35.66921],[8.41735,35.66426],[8.41514,35.65457],[8.4095,35.65164],[8.40113,35.64009],[8.38626,35.63531],[8.38934,35.61594],[8.37046,35.61963],[8.35396,35.61661],[8.35093,35.61145],[8.35335,35.58213],[8.36318,35.53437],[8.35997,35.52574],[8.37344,35.49518],[8.38536,35.48742],[8.3844,35.46676],[8.40818,35.46388],[8.43069,35.47241],[8.446,35.47339],[8.44468,35.47817],[8.45976,35.47941],[8.47312,35.48634],[8.48013,35.46406],[8.47528,35.44562],[8.48405,35.41678],[8.49304,35.4087],[8.51467,35.41677],[8.51516,35.41983],[8.51791,35.4179],[8.54623,35.42327],[8.54442,35.41693],[8.57056,35.41811],[8.57819,35.42359],[8.59513,35.40727],[8.60188,35.40724],[8.61445,35.41237],[8.61724,35.41919],[8.63314,35.4273],[8.6457,35.44086],[8.64173,35.47558],[8.63845,35.47933],[8.62652,35.48178],[8.6289,35.48589],[8.59295,35.50197],[8.56414,35.50877],[8.57104,35.54934],[8.55372,35.59158],[8.55791,35.6047],[8.59788,35.59804],[8.60017,35.60752],[8.58959,35.61853],[8.59277,35.62363],[8.60193,35.62671],[8.60546,35.63869],[8.58727,35.64621]]]}},{"type":"Feature","properties":{"id":"TUN:ADM2:11933810B67504768334789","name":"تمغزة","countryCode":"TUN","adminLevel":2,"sourceCode":"11933810B67504768334789","parentId":"TUN:ADM1:TUN-101"},"geometry":{"type":"Polygon","coordinates":[[[8.11818,34.48593],[8.13765,34.53235],[8.12034,34.52419],[8.11433,34.51517],[8.11562,34.51232],[8.09843,34.51199],[8.08306,34.5158],[8.08488,34.51134],[8.07096,34.5032],[8.07202,34.49693],[8.04298,34.4934],[8.01869,34.47236],[8.01123,34.45809],[7.99734,34.45659],[7.97468,34.44781],[7.95334,34.4474],[7.95059,34.43946],[7.9415,34.43793],[7.93139,34.42827],[7.93238,34.42375],[7.93684,34.42275],[7.93266,34.41995],[7.91501,34.41491],[7.88982,34.416],[7.87555,34.40671],[7.85651,34.4053],[7.85234,34.39158],[7.85434,34.38244],[7.85805,34.38042],[7.85129,34.36801],[7.85354,34.3558],[7.81859,34.26621],[7.81334,34.24332],[7.81604,34.21354],[7.76798,34.18569],[7.73279,34.16983],[7.65521,34.19743],[7.61934,34.13983],[7.61405,34.11366],[7.60277,34.11073],[7.59979,34.10655],[7.58765,34.10497],[7.57962,34.09882],[7.57876,34.09585],[7.58191,34.09433],[7.58789,34.09756],[7.59084,34.09571],[7.58096,34.08635],[7.56392,34.08367],[7.55902,34.07793],[7.53728,34.07404],[7.53205,34.07027],[7.53026,34.06109],[7.53456,34.05256],[7.66377,34.08816],[7.75177,34.10768],[7.82962,34.11455],[7.86433,34.13323],[7.88652,34.11976],[7.97791,34.12837],[8.0114,34.14421],[8.02802,34.16607],[8.04825,34.18041],[8.04066,34.18763],[8.03122,34.18685],[8.0338,34.19288],[8.03133,34.19981],[8.00477,34.21842],[7.98673,34.24729],[7.94606,34.29783],[7.9413,34.31091],[7.95465,34.29919],[7.97807,34.28987],[8.02779,34.29335],[8.06492,34.30211],[8.04644,34.31759],[8.04168,34.32855],[8.05911,34.35758],[8.09519,34.39885],[8.08597,34.41144],[8.07792,34.41665],[8.10117,34.44771],[8.11818,34.48593]]]}},{"type":"Feature","properties":{"id":"TUN:ADM2:11933810B67570722535168","name":"الفوار‬","countryCode":"TUN","adminLevel":2,"sourceCode":"11933810B67570722535168","parentId":"TUN:ADM1:TUN-97"},"geometry":{"type":"Polygon","coordinates":[[[9.06741,32.6243],[9.06836,32.65325],[9.056,32.66366],[9.03763,32.6638],[9.05497,32.69631],[9.05067,32.70324],[9.05033,32.71884],[9.02647,32.73863],[9.0275,32.76072],[9.01274,32.76721],[9.01531,32.78222],[9.00656,32.78583],[9.00896,32.80574],[8.99626,32.80921],[8.99334,32.83056],[8.97978,32.86921],[8.96553,32.89559],[8.96896,32.90207],[8.96055,32.90697],[8.95695,32.94177],[8.94527,32.9484],[8.94493,32.95819],[8.93978,32.96079],[8.94081,32.98152],[8.93497,32.98757],[8.93909,32.99247],[8.93875,32.99967],[8.92639,33.00485],[8.87421,33.21894],[8.87901,33.22641],[8.87833,33.23302],[8.87043,33.24106],[8.86597,33.25771],[8.85944,33.2623],[8.86391,33.27091],[8.85738,33.28039],[8.86185,33.28699],[8.85268,33.33412],[8.8265,33.34472],[8.82238,33.35849],[8.80967,33.36996],[8.81688,33.38315],[8.80246,33.39289],[8.73826,33.39547],[8.73122,33.4275],[8.76968,33.44254],[8.78959,33.44369],[8.81637,33.45865],[8.83405,33.46438],[8.84382,33.45235],[8.85738,33.46259],[8.85841,33.47147],[8.84331,33.48722],[8.82868,33.50992],[8.80529,33.51049],[8.80211,33.51343],[8.79945,33.51067],[8.78894,33.51364],[8.77267,33.52506],[8.77152,33.53207],[8.69479,33.61058],[8.59094,33.72973],[8.52406,33.75367],[8.50535,33.75924],[8.49848,33.75824],[8.49436,33.76438],[8.38231,33.80305],[8.31776,33.75676],[8.22445,33.71767],[8.09253,33.62399],[8.02858,33.57404],[7.90887,33.49328],[7.84735,33.45661],[7.73658,33.42466],[7.73256,33.3747],[7.74922,33.32735],[7.77775,33.32364],[7.78962,33.27999],[7.83215,33.18812],[7.90565,33.18449],[8.11726,33.09981],[8.1143,33.06116],[8.11615,33.04984],[8.16896,33.00497],[8.24718,32.92441],[8.3226,32.82347],[8.35683,32.5026],[9.06741,32.6243]]]}},{"type":"Feature","properties":{"id":"TUN:ADM2:11933810B67956509398297","name":"حزوة","countryCode":"TUN","adminLevel":2,"sourceCode":"11933810B67956509398297","parentId":"TUN:ADM1:TUN-101"},"geometry":{"type":"Polygon","coordinates":[[[7.75177,34.10768],[7.66377,34.08816],[7.53456,34.05256],[7.56039,34.01462],[7.53994,33.97516],[7.54142,33.93798],[7.52198,33.90508],[7.54721,33.83684],[7.52541,33.7983],[7.56215,33.77744],[7.5648,33.72721],[7.58915,33.68826],[7.5965,33.6481],[7.63385,33.57211],[7.73658,33.42466],[7.84735,33.45661],[7.92918,33.50693],[7.87062,33.56172],[7.79992,33.64137],[7.7426,33.69447],[7.71904,33.74691],[7.72665,33.79444],[7.71101,33.81692],[7.7001,33.82407],[7.73028,33.84896],[7.75697,33.91251],[7.73974,33.97723],[7.74569,34.06595],[7.75177,34.10768]]]}},{"type":"Feature","properties":{"id":"TUN:ADM2:11933810B69037134075078","name":"بوفيشة","countryCode":"TUN","adminLevel":2,"sourceCode":"11933810B69037134075078","parentId":"TUN:ADM1:TUN-119"},"geometry":{"type":"Polygon","coordinates":[[[10.46009,36.17103],[10.46815,36.1703],[10.47823,36.23218],[10.50614,36.3081],[10.4963,36.31301],[10.4962,36.32406],[10.51403,36.34199],[10.53185,36.37038],[10.50649,36.39177],[10.47468,36.35348],[10.45458,36.36787],[10.42577,36.37699],[10.4124,36.37964],[10.40154,36.37786],[10.38785,36.38433],[10.36729,36.38287],[10.3669,36.36591],[10.37534,36.35914],[10.37375,36.35452],[10.36671,36.35088],[10.37052,36.34427],[10.36759,36.33931],[10.3745,36.33229],[10.38151,36.30736],[10.39089,36.30339],[10.37293,36.28006],[10.36273,36.28386],[10.35698,36.28166],[10.36196,36.27215],[10.38923,36.26405],[10.38074,36.25621],[10.38101,36.24317],[10.37788,36.23578],[10.36822,36.23645],[10.3668,36.23098],[10.36279,36.23016],[10.35472,36.23609],[10.34746,36.23699],[10.33782,36.22581],[10.32178,36.22209],[10.31502,36.21312],[10.31868,36.20416],[10.31643,36.2026],[10.32114,36.19598],[10.3185,36.19144],[10.32563,36.18662],[10.32479,36.18335],[10.33311,36.17895],[10.33189,36.17533],[10.34507,36.17109],[10.34323,36.16748],[10.34835,36.16352],[10.35796,36.1655],[10.36325,36.15763],[10.37506,36.15856],[10.37331,36.18544],[10.38484,36.19074],[10.40035,36.18901],[10.40466,36.18235],[10.40932,36.18438],[10.46009,36.17103]]]}},{"type":"Feature","properties":{"id":"TUN:ADM2:11933810B69090870616601","name":"تيبار","countryCode":"TUN","adminLevel":2,"sourceCode":"11933810B69090870616601","parentId":"TUN:ADM1:TUN-103"},"geometry":{"type":"Polygon","coordinates":[[[9.07585,36.59819],[9.06783,36.59021],[9.07288,36.585],[9.06761,36.5817],[9.07677,36.55076],[9.06754,36.54063],[9.07525,36.52654],[9.06637,36.52618],[9.05824,36.51546],[9.04308,36.50552],[9.05066,36.50206],[9.04377,36.49086],[9.05141,36.48413],[9.05201,36.47681],[9.04804,36.47461],[9.04437,36.46301],[9.04062,36.46016],[9.03671,36.4651],[9.01615,36.46342],[9.01789,36.45649],[9.03343,36.44405],[9.06809,36.43484],[9.07138,36.44446],[9.08161,36.44918],[9.08147,36.45188],[9.12147,36.45827],[9.14334,36.47416],[9.14622,36.48592],[9.15744,36.49231],[9.16046,36.49796],[9.16092,36.5052],[9.15135,36.50875],[9.15284,36.51425],[9.17006,36.52852],[9.16947,36.53637],[9.15852,36.54199],[9.1421,36.54075],[9.13278,36.53587],[9.12903,36.53773],[9.1233,36.54265],[9.12202,36.55393],[9.11788,36.5606],[9.10438,36.56961],[9.09671,36.59802],[9.09248,36.59289],[9.08467,36.60117],[9.07853,36.6025],[9.07585,36.59819]]]}},{"type":"Feature","properties":{"id":"TUN:ADM2:11933810B69098282317118","name":"دوار هيشر","countryCode":"TUN","adminLevel":2,"sourceCode":"11933810B69098282317118","parentId":"TUN:ADM1:TUN-102"},"geometry":{"type":"Polygon","coordinates":[[[10.08207,36.8553],[10.07596,36.85512],[10.06712,36.83332],[10.06013,36.8321],[10.06722,36.82481],[10.10414,36.81575],[10.10491,36.82197],[10.10052,36.8299],[10.09606,36.831],[10.09391,36.83977],[10.08207,36.8553]]]}},{"type":"Feature","properties":{"id":"TUN:ADM2:11933810B69163376090757","name":"سكرة","countryCode":"TUN","adminLevel":2,"sourceCode":"11933810B69163376090757","parentId":"TUN:ADM1:TUN-102"},"geometry":{"type":"Polygon","coordinates":[[[10.27656,36.89076],[10.26453,36.88723],[10.24591,36.88801],[10.21179,36.9053],[10.20688,36.90488],[10.20447,36.90982],[10.19633,36.91383],[10.19152,36.91058],[10.19119,36.906],[10.21115,36.89238],[10.20876,36.88776],[10.18633,36.87997],[10.1855,36.87496],[10.20126,36.86339],[10.20231,36.85038],[10.2126,36.84855],[10.21433,36.85986],[10.23251,36.87122],[10.23501,36.87105],[10.23112,36.85687],[10.24396,36.86166],[10.28043,36.86273],[10.28864,36.8672],[10.27148,36.87504],[10.27434,36.8818],[10.28049,36.88518],[10.27656,36.89076]]]}},{"type":"Feature","properties":{"id":"TUN:ADM2:11933810B69695767821716","name":"غار الملح","countryCode":"TUN","adminLevel":2,"sourceCode":"11933810B69695767821716","parentId":"TUN:ADM1:TUN-105"},"geometry":{"type":"Polygon","coordinates":[[[10.13459,37.14146],[10.12517,37.14243],[10.10924,37.13706],[10.10203,37.13288],[10.09894,37.12553],[10.05791,37.12162],[10.03315,37.11098],[10.0177,37.09917],[10.00411,37.07481],[10.0006,37.08158],[10.00069,37.09132],[9.99519,37.10696],[10.00227,37.10834],[10.01385,37.11967],[10.01272,37.12942],[10.0349,37.13543],[10.04881,37.14364],[10.04712,37.16705],[10.05485,37.17371],[10.05983,37.18683],[10.0581,37.18963],[10.06841,37.20908],[10.0802,37.21587],[10.10023,37.19702],[10.14466,37.18401],[10.16876,37.18552],[10.17172,37.18095],[10.1755,37.18234],[10.17861,37.1796],[10.20142,37.18032],[10.23373,37.17612],[10.2678,37.18147],[10.27215,37.17853],[10.24008,37.17178],[10.22527,37.16673],[10.22112,37.16435],[10.22123,37.1691],[10.20745,37.1702],[10.20582,37.17512],[10.17799,37.17797],[10.14601,37.17121],[10.1281,37.15868],[10.13537,37.14244],[10.13459,37.14146]]]}},{"type":"Feature","properties":{"id":"TUN:ADM2:11933810B70107776875396","name":"جرزونة","countryCode":"TUN","adminLevel":2,"sourceCode":"11933810B70107776875396","parentId":"TUN:ADM1:TUN-105"},"geometry":{"type":"Polygon","coordinates":[[[9.91388,37.25634],[9.90736,37.25187],[9.90924,37.24674],[9.89736,37.24942],[9.89071,37.24416],[9.88011,37.2445],[9.87622,37.2522],[9.86805,37.25438],[9.87023,37.26205],[9.8825,37.26358],[9.90557,37.25942],[9.91388,37.25634]]]}},{"type":"Feature","properties":{"id":"TUN:ADM2:11933810B70158392681362","name":"النفيضة","countryCode":"TUN","adminLevel":2,"sourceCode":"11933810B70158392681362","parentId":"TUN:ADM1:TUN-119"},"geometry":{"type":"Polygon","coordinates":[[[10.26353,36.22816],[10.25371,36.22283],[10.26592,36.21377],[10.25506,36.19779],[10.26622,36.17681],[10.26419,36.16599],[10.25518,36.15852],[10.24425,36.15627],[10.23957,36.15634],[10.23368,36.1658],[10.19976,36.15664],[10.18411,36.15792],[10.18139,36.15058],[10.18185,36.13791],[10.20654,36.13548],[10.20276,36.13271],[10.20187,36.10542],[10.21025,36.09572],[10.20673,36.08879],[10.21648,36.08609],[10.21012,36.07935],[10.207,36.06807],[10.20972,36.06624],[10.20446,36.06545],[10.20374,36.05655],[10.22173,36.05498],[10.25553,36.03565],[10.25569,36.00573],[10.31681,36.00121],[10.32091,36.01949],[10.37075,36.01196],[10.36569,36.02481],[10.35848,36.02842],[10.35994,36.03112],[10.3662,36.03026],[10.37019,36.05567],[10.37811,36.05418],[10.38236,36.05902],[10.3815,36.06454],[10.3924,36.06239],[10.4154,36.06554],[10.44261,36.06211],[10.44858,36.06499],[10.44587,36.06988],[10.45201,36.07102],[10.45257,36.08563],[10.47365,36.08855],[10.46761,36.12656],[10.46724,36.17038],[10.40932,36.18438],[10.40466,36.18235],[10.40035,36.18901],[10.38484,36.19074],[10.37331,36.18544],[10.37506,36.15856],[10.36325,36.15763],[10.35796,36.1655],[10.34835,36.16352],[10.34323,36.16748],[10.34507,36.17109],[10.33523,36.17297],[10.33189,36.17533],[10.33311,36.17895],[10.32479,36.18335],[10.32563,36.18662],[10.3185,36.19144],[10.32114,36.19598],[10.31643,36.2026],[10.31868,36.20416],[10.31427,36.21606],[10.30102,36.21208],[10.2947,36.2199],[10.27929,36.21778],[10.27933,36.23429],[10.26353,36.22816]]]}},{"type":"Feature","properties":{"id":"TUN:ADM2:11933810B70280449703815","name":"سيدي بوزيد الغربية","countryCode":"TUN","adminLevel":2,"sourceCode":"11933810B70280449703815","parentId":"TUN:ADM1:TUN-113"},"geometry":{"type":"Polygon","coordinates":[[[9.36973,35.16871],[9.3611,35.13923],[9.36446,35.13526],[9.36364,35.12982],[9.27777,35.02488],[9.26962,35.02016],[9.30046,35.01402],[9.3246,35.02003],[9.33429,35.02873],[9.36107,35.00202],[9.36569,34.99405],[9.36099,34.99212],[9.36827,34.96108],[9.3785,34.95181],[9.37942,34.94555],[9.39185,34.93905],[9.39551,34.93256],[9.38599,34.92359],[9.33417,34.90873],[9.32727,34.88319],[9.33626,34.88001],[9.34881,34.86713],[9.38232,34.85589],[9.39474,34.84558],[9.39585,34.83081],[9.40079,34.8272],[9.40602,34.81431],[9.40294,34.81102],[9.40542,34.78833],[9.41343,34.78859],[9.42066,34.78474],[9.44182,34.79389],[9.44545,34.81776],[9.45159,34.83007],[9.45537,34.83168],[9.46099,34.84829],[9.45719,34.88776],[9.44478,34.93903],[9.4292,34.94835],[9.4661,34.97029],[9.4624,34.98129],[9.46375,35.0226],[9.46009,35.02432],[9.46025,35.02986],[9.46807,35.0323],[9.4845,35.02709],[9.50769,35.038],[9.49401,35.04312],[9.5036,35.05269],[9.48651,35.06366],[9.48071,35.05554],[9.47439,35.06567],[9.45871,35.06501],[9.45504,35.06175],[9.44919,35.06654],[9.47117,35.07082],[9.49583,35.11169],[9.51293,35.14788],[9.50597,35.15067],[9.45896,35.14979],[9.45607,35.16146],[9.44488,35.14853],[9.41916,35.1459],[9.41734,35.17253],[9.42299,35.18493],[9.39902,35.18442],[9.39543,35.16331],[9.36973,35.16871]]]}},{"type":"Feature","properties":{"id":"TUN:ADM2:11933810B70692418830632","name":"المروج","countryCode":"TUN","adminLevel":2,"sourceCode":"11933810B70692418830632","parentId":"TUN:ADM1:TUN-104"},"geometry":{"type":"Polygon","coordinates":[[[10.24911,36.71094],[10.23248,36.73111],[10.22052,36.73612],[10.20971,36.74662],[10.18774,36.7232],[10.19795,36.7224],[10.19895,36.70769],[10.20485,36.693],[10.24911,36.71094]]]}},{"type":"Feature","properties":{"id":"TUN:ADM2:11933810B70866189338214","name":"رادس","countryCode":"TUN","adminLevel":2,"sourceCode":"11933810B70866189338214","parentId":"TUN:ADM1:TUN-104"},"geometry":{"type":"Polygon","coordinates":[[[10.2858,36.78451],[10.30123,36.7621],[10.29427,36.75587],[10.28266,36.75251],[10.28022,36.73958],[10.27475,36.74088],[10.24681,36.75551],[10.25094,36.76331],[10.27018,36.77756],[10.2704,36.80083],[10.26258,36.79993],[10.26214,36.80138],[10.26781,36.8097],[10.2751,36.8108],[10.28518,36.79281],[10.27802,36.79605],[10.27457,36.79619],[10.27846,36.79518],[10.28572,36.79184],[10.28619,36.79101],[10.2858,36.78451]]]}},{"type":"Feature","properties":{"id":"TUN:ADM2:11933810B70885239011208","name":"بو عرقوب","countryCode":"TUN","adminLevel":2,"sourceCode":"11933810B70885239011208","parentId":"TUN:ADM1:TUN-107"},"geometry":{"type":"Polygon","coordinates":[[[10.64858,36.52037],[10.65077,36.52162],[10.64861,36.52517],[10.62216,36.54443],[10.64193,36.56091],[10.66231,36.57181],[10.64399,36.59233],[10.62927,36.59063],[10.61446,36.59718],[10.58662,36.5781],[10.56976,36.57981],[10.56805,36.58249],[10.55136,36.57729],[10.55245,36.57286],[10.54899,36.56685],[10.52192,36.54669],[10.51426,36.5485],[10.50855,36.54425],[10.5035,36.54618],[10.49277,36.54096],[10.50028,36.5233],[10.48788,36.50934],[10.4955,36.50645],[10.49678,36.50124],[10.50403,36.4961],[10.51571,36.49153],[10.5344,36.4974],[10.53854,36.484],[10.54863,36.47732],[10.55547,36.47753],[10.55752,36.48267],[10.57859,36.49155],[10.58297,36.47915],[10.57195,36.46531],[10.57074,36.45894],[10.57924,36.46636],[10.5902,36.47017],[10.5976,36.46696],[10.60084,36.46014],[10.62369,36.46124],[10.61491,36.46492],[10.61104,36.46993],[10.61403,36.47594],[10.61083,36.47652],[10.61888,36.48016],[10.63357,36.49683],[10.643,36.52442],[10.64858,36.52037]]]}},{"type":"Feature","properties":{"id":"TUN:ADM2:11933810B71477976393658","name":"منزل الحبيب","countryCode":"TUN","adminLevel":2,"sourceCode":"11933810B71477976393658","parentId":"TUN:ADM1:TUN-111"},"geometry":{"type":"Polygon","coordinates":[[[9.54858,34.26474],[9.54884,34.26051],[9.53915,34.2516],[9.54368,34.24716],[9.54443,34.23948],[9.5393,34.23521],[9.52743,34.23427],[9.52226,34.22792],[9.504,34.22796],[9.50097,34.22478],[9.48135,34.22823],[9.47739,34.2272],[9.47026,34.21634],[9.455,34.21756],[9.45115,34.21228],[9.43805,34.21035],[9.38138,34.2223],[9.37797,34.22919],[9.36631,34.22194],[9.35593,34.22462],[9.34062,34.22023],[9.31839,34.22056],[9.27859,34.20352],[9.26867,34.19585],[9.25891,34.19563],[9.24739,34.18543],[9.27558,34.14129],[9.30431,34.13258],[9.30752,34.12484],[9.35078,34.11313],[9.35337,34.10818],[9.35174,34.10359],[9.35591,34.10178],[9.35603,34.09736],[9.38247,34.08199],[9.40829,34.08261],[9.4624,34.09884],[9.47113,34.09792],[9.47389,34.10392],[9.52083,34.12244],[9.57418,34.12852],[9.62419,34.12619],[9.63544,34.12188],[9.65146,34.09642],[9.67378,34.0729],[9.71384,34.03851],[9.72335,34.03352],[9.72974,34.03975],[9.73524,34.04042],[9.75411,34.03525],[9.75994,34.03726],[9.77416,34.03408],[9.78406,34.03733],[9.79387,34.02578],[9.80126,34.02714],[9.81732,34.03769],[9.85285,34.05268],[9.85384,34.04998],[9.86932,34.06034],[9.8715,34.06715],[9.87688,34.06737],[9.88132,34.07496],[9.88002,34.08114],[9.88318,34.08089],[9.88209,34.09235],[9.87298,34.09889],[9.88193,34.11154],[9.91008,34.10919],[9.90546,34.12291],[9.90976,34.13472],[9.90877,34.15431],[9.90992,34.15933],[9.91702,34.16374],[9.91408,34.16905],[9.91769,34.17591],[9.908,34.17519],[9.89568,34.16876],[9.89162,34.17913],[9.8636,34.19867],[9.86522,34.20683],[9.85446,34.21579],[9.85195,34.2277],[9.82523,34.23806],[9.81599,34.22927],[9.81864,34.22044],[9.7549,34.22013],[9.7111,34.2815],[9.69552,34.28262],[9.54858,34.26474]]]}},{"type":"Feature","properties":{"id":"TUN:ADM2:11933810B71937428341343","name":"جربة اجيم","countryCode":"TUN","adminLevel":2,"sourceCode":"11933810B71937428341343","parentId":"TUN:ADM1:TUN-96"},"geometry":{"type":"Polygon","coordinates":[[[10.73588,33.77923],[10.74171,33.7798],[10.7406,33.78393],[10.74937,33.79816],[10.74892,33.84047],[10.77116,33.84511],[10.77277,33.83827],[10.78818,33.83405],[10.78868,33.83058],[10.80344,33.82297],[10.81807,33.81922],[10.84177,33.82022],[10.8508,33.81315],[10.85008,33.80296],[10.84361,33.78965],[10.84652,33.7861],[10.86124,33.792],[10.87224,33.77362],[10.87777,33.77079],[10.8757,33.75853],[10.86447,33.74461],[10.86635,33.73792],[10.8721,33.73424],[10.91522,33.67983],[10.91512,33.67969],[10.90622,33.67525],[10.90013,33.67585],[10.89173,33.66771],[10.88809,33.64107],[10.88779,33.64014],[10.87106,33.65433],[10.87102,33.65663],[10.87232,33.65834],[10.87228,33.66689],[10.87976,33.67862],[10.87698,33.69069],[10.86825,33.69926],[10.859,33.71106],[10.85428,33.71299],[10.83003,33.73681],[10.81434,33.73626],[10.81046,33.73392],[10.80893,33.73432],[10.80355,33.72976],[10.79076,33.72205],[10.78955,33.71717],[10.78192,33.7037],[10.78075,33.70347],[10.7804,33.70373],[10.76944,33.70131],[10.76342,33.70016],[10.75818,33.70361],[10.74938,33.71661],[10.74386,33.71982],[10.74106,33.71612],[10.7438,33.72011],[10.73681,33.72914],[10.73452,33.74405],[10.72977,33.74917],[10.72886,33.75334],[10.73038,33.75736],[10.72789,33.76279],[10.72792,33.76441],[10.73588,33.77923]]]}},{"type":"Feature","properties":{"id":"TUN:ADM2:11933810B7200177865373","name":"سبيطلة","countryCode":"TUN","adminLevel":2,"sourceCode":"11933810B7200177865373","parentId":"TUN:ADM1:TUN-110"},"geometry":{"type":"Polygon","coordinates":[[[9.01179,35.46547],[9.00065,35.46245],[8.98955,35.46365],[8.95937,35.437],[8.94161,35.42836],[8.92132,35.42516],[8.91588,35.42837],[8.89078,35.40932],[8.87017,35.3983],[8.86658,35.3951],[8.8694,35.38873],[8.8567,35.38115],[8.85985,35.37767],[8.83478,35.3636],[8.80749,35.33608],[8.80201,35.32712],[8.79915,35.31362],[8.80223,35.30547],[8.84619,35.30924],[8.89018,35.27611],[8.90475,35.23957],[8.91811,35.23562],[8.93883,35.22343],[8.94823,35.22383],[8.95222,35.21845],[8.94788,35.21675],[8.96988,35.19404],[8.98092,35.18922],[8.99004,35.17924],[9.00435,35.17487],[9.01603,35.17704],[9.03042,35.1689],[9.0205,35.15158],[9.02383,35.14705],[9.0311,35.14813],[9.03593,35.14258],[9.04097,35.14665],[9.04143,35.14083],[9.04675,35.14336],[9.04995,35.13821],[9.05282,35.14215],[9.05749,35.13776],[9.06173,35.13974],[9.07197,35.1286],[9.07582,35.13127],[9.08046,35.12821],[9.08322,35.13069],[9.08506,35.12718],[9.09285,35.12811],[9.08859,35.11897],[9.09238,35.11124],[9.10161,35.10933],[9.10347,35.10364],[9.11463,35.09815],[9.11475,35.09076],[9.12711,35.09126],[9.13204,35.08293],[9.13334,35.07123],[9.14217,35.06788],[9.14813,35.06149],[9.15185,35.03861],[9.16189,35.01861],[9.17032,35.0107],[9.1866,35.01435],[9.20429,35.00889],[9.21309,35.011],[9.22177,35.01927],[9.23083,35.01735],[9.23861,35.02268],[9.24756,35.01859],[9.25437,35.02167],[9.26962,35.02016],[9.27777,35.02488],[9.32389,35.08274],[9.30261,35.1022],[9.26309,35.11772],[9.24286,35.1376],[9.2528,35.15342],[9.25375,35.16711],[9.25232,35.17908],[9.23814,35.19808],[9.26489,35.20812],[9.27489,35.21513],[9.2489,35.23127],[9.20345,35.24508],[9.20317,35.251],[9.19601,35.2586],[9.16916,35.27233],[9.15037,35.28788],[9.15035,35.29468],[9.15763,35.31117],[9.19225,35.36444],[9.16859,35.38032],[9.13613,35.42312],[9.12033,35.43147],[9.09798,35.4324],[9.09984,35.44063],[9.0969,35.4461],[9.07581,35.47012],[9.0524,35.4702],[9.03455,35.4754],[9.02355,35.46797],[9.01179,35.46547]]]}},{"type":"Feature","properties":{"id":"TUN:ADM2:11933810B72032041676540","name":"المنزه","countryCode":"TUN","adminLevel":2,"sourceCode":"11933810B72032041676540","parentId":"TUN:ADM1:TUN-108"},"geometry":{"type":"Polygon","coordinates":[[[10.13112,36.84824],[10.13522,36.8359],[10.14611,36.82686],[10.15572,36.83323],[10.15922,36.82962],[10.16539,36.82953],[10.16905,36.82514],[10.168,36.82102],[10.17623,36.81666],[10.18332,36.84811],[10.16936,36.8405],[10.14635,36.85477],[10.14002,36.85429],[10.13112,36.84824]]]}},{"type":"Feature","properties":{"id":"TUN:ADM2:11933810B72846800304376","name":"غار الدماء","countryCode":"TUN","adminLevel":2,"sourceCode":"11933810B72846800304376","parentId":"TUN:ADM1:TUN-106"},"geometry":{"type":"Polygon","coordinates":[[[8.4492,36.61807],[8.41783,36.62239],[8.41173,36.61766],[8.40369,36.61654],[8.39314,36.59863],[8.38772,36.59484],[8.3806,36.5979],[8.36035,36.59012],[8.35585,36.58476],[8.32614,36.57382],[8.31996,36.55714],[8.2915,36.53962],[8.26583,36.53504],[8.25642,36.53705],[8.24598,36.52701],[8.22362,36.51987],[8.22165,36.51519],[8.20893,36.51388],[8.1953,36.50719],[8.18186,36.51418],[8.17711,36.51348],[8.17294,36.5041],[8.15365,36.49686],[8.15963,36.49271],[8.16022,36.48847],[8.15483,36.48042],[8.17603,36.45956],[8.19526,36.46094],[8.20384,36.45007],[8.21342,36.44669],[8.25099,36.44633],[8.26309,36.43858],[8.28452,36.4461],[8.29068,36.44277],[8.30321,36.44254],[8.3065,36.43416],[8.31533,36.43815],[8.32731,36.43614],[8.32786,36.43234],[8.34343,36.43523],[8.35487,36.44618],[8.36581,36.43944],[8.37178,36.42833],[8.40628,36.42308],[8.40701,36.41362],[8.40966,36.41186],[8.39383,36.39388],[8.40031,36.38583],[8.40192,36.3781],[8.39375,36.3704],[8.39589,36.36831],[8.39392,36.36509],[8.37645,36.35006],[8.39582,36.34783],[8.42055,36.35118],[8.43032,36.34829],[8.43392,36.35153],[8.44956,36.34722],[8.45488,36.35256],[8.46071,36.35307],[8.46321,36.36686],[8.4781,36.37094],[8.48147,36.37601],[8.48836,36.37539],[8.50327,36.38139],[8.50512,36.37918],[8.50628,36.3817],[8.5171,36.38014],[8.51799,36.38329],[8.5401,36.39324],[8.53703,36.40081],[8.52435,36.3971],[8.51391,36.3985],[8.502,36.40787],[8.48724,36.41038],[8.48384,36.41632],[8.48866,36.43481],[8.48525,36.45992],[8.50511,36.46714],[8.50261,36.47168],[8.5088,36.47584],[8.51001,36.47123],[8.51436,36.47001],[8.52129,36.47658],[8.51789,36.48935],[8.47654,36.5216],[8.48449,36.53402],[8.49103,36.53668],[8.49647,36.53475],[8.49377,36.54842],[8.49887,36.5548],[8.49887,36.5646],[8.51562,36.57691],[8.51353,36.59382],[8.5182,36.59939],[8.49897,36.61173],[8.48515,36.60504],[8.48003,36.60743],[8.47355,36.61868],[8.4492,36.61807]]]}},{"type":"Feature","properties":{"id":"TUN:ADM2:11933810B73279713716236","name":"بئر الحفي","countryCode":"TUN","adminLevel":2,"sourceCode":"11933810B73279713716236","parentId":"TUN:ADM1:TUN-113"},"geometry":{"type":"Polygon","coordinates":[[[9.26962,35.02016],[9.25437,35.02167],[9.24756,35.01859],[9.23861,35.02268],[9.23083,35.01735],[9.22177,35.01927],[9.21309,35.011],[9.20429,35.00889],[9.1866,35.01435],[9.17982,35.01326],[9.17032,35.0107],[9.16728,35.00557],[9.15045,34.99444],[9.12208,34.99539],[9.10029,34.95425],[9.1003,34.94604],[9.1038,34.93256],[9.11778,34.92938],[9.11644,34.92064],[9.1197,34.90821],[9.12967,34.90416],[9.14246,34.90428],[9.17249,34.8945],[9.19689,34.89259],[9.23253,34.89748],[9.22474,34.89121],[9.23447,34.87981],[9.21663,34.86356],[9.21747,34.83501],[9.24371,34.83804],[9.27608,34.80335],[9.27535,34.79229],[9.28646,34.77564],[9.28354,34.76604],[9.2891,34.75123],[9.31761,34.72113],[9.33109,34.72028],[9.37531,34.74054],[9.39108,34.74447],[9.40118,34.75441],[9.42229,34.76043],[9.40419,34.77953],[9.40294,34.81102],[9.40602,34.81431],[9.40079,34.8272],[9.39585,34.83081],[9.39474,34.84558],[9.38232,34.85589],[9.34881,34.86713],[9.33626,34.88001],[9.32727,34.88319],[9.33417,34.90873],[9.38599,34.92359],[9.39551,34.93256],[9.39185,34.93905],[9.37942,34.94555],[9.3785,34.95181],[9.36827,34.96108],[9.36099,34.99212],[9.36569,34.99405],[9.36107,35.00202],[9.33429,35.02873],[9.3246,35.02003],[9.30046,35.01402],[9.26962,35.02016]]]}},{"type":"Feature","properties":{"id":"TUN:ADM2:11933810B74384837832426","name":"منوبة‬","countryCode":"TUN","adminLevel":2,"sourceCode":"11933810B74384837832426","parentId":"TUN:ADM1:TUN-102"},"geometry":{"type":"Polygon","coordinates":[[[10.11496,36.82753],[10.10491,36.82197],[10.10414,36.81575],[10.06722,36.82481],[10.06556,36.82125],[10.07532,36.81618],[10.06644,36.81488],[10.05999,36.81995],[10.05599,36.81545],[10.0479,36.81722],[10.06197,36.80534],[10.08139,36.79582],[10.09064,36.80118],[10.10041,36.80202],[10.11523,36.79592],[10.11917,36.79748],[10.11496,36.82753]]]}},{"type":"Feature","properties":{"id":"TUN:ADM2:11933810B74832609224245","name":"بنبلة","countryCode":"TUN","adminLevel":2,"sourceCode":"11933810B74832609224245","parentId":"TUN:ADM1:TUN-117"},"geometry":{"type":"Polygon","coordinates":[[[10.81971,35.69356],[10.79946,35.71363],[10.76508,35.7037],[10.74722,35.71505],[10.7199,35.70076],[10.724,35.69448],[10.7144,35.68942],[10.71213,35.68009],[10.71339,35.67252],[10.73493,35.65041],[10.73724,35.65334],[10.7401,35.64989],[10.75276,35.66089],[10.76377,35.66572],[10.76413,35.66239],[10.75911,35.66045],[10.7636,35.65397],[10.75942,35.65113],[10.76848,35.65113],[10.77006,35.65383],[10.77777,35.65236],[10.77798,35.64871],[10.79557,35.65252],[10.80859,35.67091],[10.80379,35.68555],[10.8127,35.68713],[10.81039,35.69182],[10.81971,35.69356]]]}},{"type":"Feature","properties":{"id":"TUN:ADM2:11933810B75310279086219","name":"مجاز الباب","countryCode":"TUN","adminLevel":2,"sourceCode":"11933810B75310279086219","parentId":"TUN:ADM1:TUN-103"},"geometry":{"type":"Polygon","coordinates":[[[9.42737,36.73292],[9.44374,36.73331],[9.47136,36.7258],[9.48145,36.73227],[9.48942,36.71995],[9.50535,36.66027],[9.5308,36.65579],[9.5435,36.63537],[9.54823,36.61053],[9.57286,36.59854],[9.57439,36.59022],[9.62794,36.57675],[9.64769,36.59464],[9.66449,36.60164],[9.65315,36.61319],[9.67163,36.62653],[9.67119,36.63799],[9.68094,36.63645],[9.68898,36.64663],[9.68946,36.64149],[9.6989,36.63856],[9.70281,36.64069],[9.71194,36.63266],[9.73897,36.62384],[9.75815,36.61235],[9.77581,36.61795],[9.80724,36.64151],[9.79694,36.63511],[9.78541,36.64658],[9.79674,36.65273],[9.79875,36.66534],[9.77571,36.6855],[9.78466,36.70824],[9.78801,36.71005],[9.76849,36.7216],[9.77491,36.72963],[9.76227,36.73094],[9.74179,36.71212],[9.7366,36.71481],[9.73792,36.72255],[9.71379,36.73326],[9.70837,36.73924],[9.71191,36.7416],[9.70815,36.74371],[9.69646,36.74485],[9.68133,36.75432],[9.64691,36.75774],[9.63811,36.7618],[9.61173,36.78017],[9.60619,36.78787],[9.59995,36.78943],[9.5981,36.79591],[9.58542,36.80756],[9.57126,36.82731],[9.56697,36.84341],[9.56019,36.84125],[9.55685,36.83399],[9.54839,36.82789],[9.52822,36.8174],[9.52494,36.80879],[9.51691,36.80099],[9.51642,36.78723],[9.48685,36.77605],[9.47552,36.76674],[9.46376,36.76603],[9.44866,36.75964],[9.43254,36.74551],[9.42737,36.73292]]]}},{"type":"Feature","properties":{"id":"TUN:ADM2:11933810B76195291286542","name":"الزاوية قصيبة الثريات","countryCode":"TUN","adminLevel":2,"sourceCode":"11933810B76195291286542","parentId":"TUN:ADM1:TUN-119"},"geometry":{"type":"Polygon","coordinates":[[[10.62337,35.73302],[10.63436,35.73385],[10.64424,35.743],[10.66802,35.74163],[10.6675,35.74876],[10.67566,35.75716],[10.66987,35.77152],[10.68034,35.78134],[10.65844,35.77092],[10.65159,35.79533],[10.6428,35.7927],[10.64209,35.79653],[10.62716,35.79678],[10.61434,35.80248],[10.5753,35.78365],[10.58172,35.7689],[10.60443,35.7797],[10.60871,35.77548],[10.60384,35.7667],[10.62226,35.76532],[10.61486,35.75327],[10.60362,35.7575],[10.61399,35.74883],[10.62337,35.73302]]]}},{"type":"Feature","properties":{"id":"TUN:ADM2:11933810B76458029989338","name":"شربان","countryCode":"TUN","adminLevel":2,"sourceCode":"11933810B76458029989338","parentId":"TUN:ADM1:TUN-116"},"geometry":{"type":"Polygon","coordinates":[[[10.37127,35.34497],[10.36372,35.35118],[10.35589,35.35093],[10.34878,35.36461],[10.34557,35.35129],[10.35009,35.33857],[10.34905,35.33214],[10.34521,35.33354],[10.34333,35.34146],[10.33538,35.32175],[10.32618,35.32911],[10.32081,35.32006],[10.30231,35.31405],[10.29803,35.30708],[10.27884,35.29446],[10.26946,35.27788],[10.28614,35.26347],[10.28549,35.25357],[10.28996,35.24744],[10.29281,35.23347],[10.29838,35.23706],[10.30511,35.22835],[10.32687,35.22125],[10.34602,35.20236],[10.36099,35.19288],[10.35984,35.18423],[10.34278,35.16204],[10.31866,35.14621],[10.33517,35.13221],[10.3514,35.13553],[10.36411,35.13232],[10.3693,35.12474],[10.38007,35.1191],[10.3807,35.1119],[10.39412,35.10041],[10.4108,35.09009],[10.42741,35.08891],[10.46463,35.12445],[10.47637,35.13149],[10.52922,35.14272],[10.55587,35.15601],[10.59201,35.1861],[10.57059,35.21669],[10.56441,35.22094],[10.56202,35.22806],[10.55307,35.23487],[10.54223,35.23739],[10.53188,35.23574],[10.52364,35.24638],[10.50357,35.26096],[10.47947,35.26079],[10.47824,35.26689],[10.4745,35.26911],[10.47852,35.27361],[10.46844,35.28208],[10.47638,35.28832],[10.47399,35.29401],[10.47978,35.30081],[10.46469,35.3093],[10.48214,35.31783],[10.48276,35.32843],[10.47655,35.34059],[10.42694,35.31063],[10.43727,35.303],[10.42947,35.3012],[10.43805,35.28944],[10.4238,35.28156],[10.41408,35.29171],[10.41844,35.29814],[10.40421,35.2981],[10.41026,35.3026],[10.39289,35.3143],[10.38885,35.32462],[10.38158,35.32718],[10.38716,35.34108],[10.37127,35.34497]]]}},{"type":"Feature","properties":{"id":"TUN:ADM2:11933810B76554962247664","name":"دقاش","countryCode":"TUN","adminLevel":2,"sourceCode":"11933810B76554962247664","parentId":"TUN:ADM1:TUN-101"},"geometry":{"type":"Polygon","coordinates":[[[8.06492,34.30211],[8.02779,34.29335],[7.97807,34.28987],[7.95465,34.29919],[7.9413,34.31091],[7.94606,34.29783],[7.98673,34.24729],[8.00477,34.21842],[8.03133,34.19981],[8.0338,34.19288],[8.03122,34.18685],[8.04066,34.18763],[8.04825,34.18041],[8.02802,34.16607],[8.08549,34.0896],[8.09768,34.03488],[8.13905,33.98736],[8.14366,33.99316],[8.14997,33.99292],[8.15122,33.98493],[8.15781,33.98405],[8.15623,33.97766],[8.17897,33.97472],[8.18658,33.9633],[8.18684,33.95789],[8.19418,33.96354],[8.21369,33.90959],[8.29552,33.78341],[8.30511,33.77536],[8.31776,33.75676],[8.35249,33.77988],[8.43243,33.84155],[8.44715,33.86057],[8.48618,33.88258],[8.54673,33.92374],[8.56257,33.93948],[8.60484,33.99366],[8.63002,34.01513],[8.64814,34.05061],[8.64766,34.06077],[8.64039,34.06099],[8.63218,34.06742],[8.55834,34.06044],[8.52831,34.06168],[8.51813,34.06601],[8.47159,34.0677],[8.41184,34.06316],[8.39974,34.06039],[8.38709,34.05286],[8.37205,34.0558],[8.34887,34.05307],[8.33916,34.06697],[8.33604,34.07502],[8.33788,34.07831],[8.33375,34.08336],[8.33848,34.0889],[8.33817,34.09896],[8.3437,34.10758],[8.34077,34.11448],[8.32773,34.12228],[8.32839,34.15706],[8.31171,34.15629],[8.29026,34.15028],[8.15476,34.20219],[8.15162,34.2201],[8.12199,34.26163],[8.06492,34.30211]]]}},{"type":"Feature","properties":{"id":"TUN:ADM2:11933810B76558874378908","name":"تاجروين","countryCode":"TUN","adminLevel":2,"sourceCode":"11933810B76558874378908","parentId":"TUN:ADM1:TUN-109"},"geometry":{"type":"Polygon","coordinates":[[[8.53696,35.81776],[8.53777,35.84602],[8.54207,35.85148],[8.58312,35.85169],[8.60118,35.84242],[8.60638,35.84716],[8.60586,35.85442],[8.613,35.86137],[8.60168,35.86662],[8.64497,35.88885],[8.66172,35.88348],[8.70057,35.88506],[8.71195,35.87959],[8.72197,35.88897],[8.73051,35.8915],[8.72509,35.89931],[8.73736,35.92259],[8.73359,35.93638],[8.72328,35.94902],[8.71546,35.97059],[8.69621,35.98388],[8.68908,36.0038],[8.70231,36.02193],[8.69609,36.02418],[8.69985,36.03801],[8.69891,36.04336],[8.69257,36.04911],[8.6933,36.06813],[8.69826,36.07001],[8.69342,36.07406],[8.6936,36.0806],[8.68699,36.0806],[8.6778,36.08936],[8.67137,36.08936],[8.66604,36.09337],[8.65612,36.09322],[8.64877,36.09975],[8.62353,36.10019],[8.6091,36.10548],[8.59341,36.09266],[8.58988,36.09611],[8.57554,36.08692],[8.56972,36.08659],[8.56873,36.09091],[8.56376,36.09118],[8.55961,36.09666],[8.54896,36.09486],[8.54462,36.10489],[8.51243,36.10625],[8.50544,36.10926],[8.50202,36.11522],[8.49542,36.11612],[8.48964,36.11164],[8.49236,36.10905],[8.48921,36.10193],[8.47755,36.09824],[8.48536,36.09154],[8.48297,36.08699],[8.46362,36.08123],[8.46233,36.07429],[8.4707,36.07069],[8.46755,36.0633],[8.48132,36.06071],[8.47035,36.05883],[8.46724,36.05476],[8.46749,36.04763],[8.47565,36.04757],[8.47567,36.04231],[8.45802,36.03277],[8.44765,36.02097],[8.44733,36.01337],[8.43048,36.00053],[8.41265,35.99581],[8.41039,35.98794],[8.40099,35.99135],[8.38904,35.97993],[8.37771,35.97805],[8.376,35.96613],[8.36516,35.95022],[8.36645,35.94427],[8.37692,35.94144],[8.37747,35.93698],[8.38721,35.93311],[8.38642,35.92287],[8.393,35.91365],[8.38712,35.90088],[8.38715,35.89128],[8.39104,35.88289],[8.3859,35.88042],[8.38855,35.87442],[8.3833,35.87402],[8.38261,35.8712],[8.38914,35.86755],[8.38918,35.86387],[8.39682,35.86216],[8.39584,35.8566],[8.41128,35.84603],[8.42285,35.84425],[8.42983,35.83695],[8.43847,35.8371],[8.44729,35.82816],[8.47944,35.83099],[8.48826,35.82309],[8.498,35.82414],[8.50425,35.81803],[8.51328,35.81623],[8.51613,35.82052],[8.52037,35.81623],[8.51905,35.82031],[8.52196,35.82095],[8.52256,35.81569],[8.52614,35.81639],[8.52574,35.82036],[8.53696,35.81776]]]}},{"type":"Feature","properties":{"id":"TUN:ADM2:11933810B77110081230007","name":"بلخير","countryCode":"TUN","adminLevel":2,"sourceCode":"11933810B77110081230007","parentId":"TUN:ADM1:TUN-112"},"geometry":{"type":"Polygon","coordinates":[[[9.45309,34.48144],[9.41748,34.48261],[9.40354,34.4934],[9.40473,34.49957],[9.34967,34.5069],[9.34243,34.50393],[9.33512,34.49406],[9.32652,34.49427],[9.32365,34.4992],[9.31715,34.48951],[9.3207,34.47255],[9.31742,34.46557],[9.30086,34.45546],[9.27531,34.45563],[9.26975,34.45193],[9.25351,34.42918],[9.25767,34.42584],[9.27647,34.38071],[9.29499,34.37238],[9.30676,34.37495],[9.30989,34.37232],[9.30131,34.36243],[9.30406,34.35476],[9.30251,34.34883],[9.30815,34.34648],[9.30898,34.34152],[9.27225,34.32163],[9.20234,34.33407],[9.16919,34.31757],[9.15173,34.28712],[9.15703,34.25179],[9.17084,34.22305],[9.14706,34.23746],[9.16069,34.16536],[9.22354,34.17183],[9.24739,34.18543],[9.25891,34.19563],[9.26867,34.19585],[9.27859,34.20352],[9.31839,34.22056],[9.34062,34.22023],[9.35593,34.22462],[9.36631,34.22194],[9.37797,34.22919],[9.38138,34.2223],[9.43805,34.21035],[9.45115,34.21228],[9.455,34.21756],[9.47026,34.21634],[9.47739,34.2272],[9.49201,34.22815],[9.50097,34.22478],[9.504,34.22796],[9.52226,34.22792],[9.52743,34.23427],[9.5393,34.23521],[9.54443,34.23948],[9.54368,34.24716],[9.53915,34.2516],[9.54884,34.26051],[9.55191,34.2778],[9.54489,34.29346],[9.55035,34.3151],[9.54667,34.31872],[9.53848,34.3517],[9.55505,34.36119],[9.56073,34.36954],[9.50732,34.38175],[9.48865,34.44604],[9.45944,34.46396],[9.4535,34.47366],[9.45309,34.48144]]]}},{"type":"Feature","properties":{"id":"TUN:ADM2:11933810B77374835127738","name":"حمام الشط","countryCode":"TUN","adminLevel":2,"sourceCode":"11933810B77374835127738","parentId":"TUN:ADM1:TUN-104"},"geometry":{"type":"Polygon","coordinates":[[[10.41761,36.71661],[10.39084,36.71639],[10.35989,36.72419],[10.35585,36.71607],[10.35262,36.71619],[10.35421,36.70661],[10.36292,36.69537],[10.36233,36.67667],[10.3683,36.6565],[10.36474,36.64838],[10.36116,36.64693],[10.39153,36.64482],[10.39095,36.66017],[10.39784,36.69651],[10.41803,36.71258],[10.41761,36.71661]]]}},{"type":"Feature","properties":{"id":"TUN:ADM2:11933810B77828978418448","name":"جبنيانة","countryCode":"TUN","adminLevel":2,"sourceCode":"11933810B77828978418448","parentId":"TUN:ADM1:TUN-114"},"geometry":{"type":"Polygon","coordinates":[[[10.97062,34.99916],[10.9441,35.01589],[10.93377,35.01116],[10.92354,35.01845],[10.92106,35.01363],[10.92698,35.01],[10.92032,35.00865],[10.87179,35.03415],[10.86037,35.02687],[10.86001,35.01366],[10.84224,35.02159],[10.8442,35.01618],[10.79678,35.05958],[10.78599,35.07688],[10.79163,35.07739],[10.79791,35.10037],[10.81888,35.13984],[10.83463,35.14516],[10.86884,35.15293],[10.88759,35.16096],[10.90737,35.18868],[10.93218,35.16522],[10.92755,35.16197],[10.94057,35.15306],[10.91988,35.13676],[10.93273,35.12703],[10.95613,35.09797],[10.97493,35.09653],[10.98768,35.09161],[10.99258,35.09619],[11.00823,35.08987],[11.01666,35.08947],[11.02245,35.0645],[11.02211,35.06209],[11.0214,35.05944],[11.02155,35.05819],[11.01917,35.04162],[11.01913,35.04159],[11.00996,35.0258],[10.9938,35.00914],[10.97062,34.99916]]]}},{"type":"Feature","properties":{"id":"TUN:ADM2:11933810B78138707020335","name":"باب سويقة","countryCode":"TUN","adminLevel":2,"sourceCode":"11933810B78138707020335","parentId":"TUN:ADM1:TUN-108"},"geometry":{"type":"Polygon","coordinates":[[[10.15515,36.79893],[10.16836,36.80531],[10.17515,36.80225],[10.1745,36.81269],[10.14872,36.80917],[10.15515,36.79893]]]}},{"type":"Feature","properties":{"id":"TUN:ADM2:11933810B7896937975348","name":"بني خداش","countryCode":"TUN","adminLevel":2,"sourceCode":"11933810B7896937975348","parentId":"TUN:ADM1:TUN-96"},"geometry":{"type":"Polygon","coordinates":[[[9.91683,33.29698],[9.89376,33.28751],[9.82855,33.28484],[9.79163,33.26988],[9.7671,33.27391],[9.72734,33.28641],[9.70964,33.28403],[9.79021,33.22009],[9.85754,33.20357],[9.89934,33.21189],[9.91008,33.20613],[9.91155,33.20072],[9.9166,33.19844],[9.91355,33.17046],[9.91887,33.147],[9.91005,33.08871],[9.91537,33.07249],[9.9068,33.06648],[9.9204,33.062],[9.92606,33.05096],[9.942,33.04631],[9.9495,33.04883],[9.96017,33.06656],[10.01288,33.06036],[10.03172,33.06552],[10.06543,33.06108],[10.07246,33.06345],[10.08444,33.0598],[10.09336,33.07642],[10.09933,33.08035],[10.11004,33.08267],[10.11487,33.07987],[10.1355,33.08849],[10.14433,33.08134],[10.16048,33.08098],[10.17072,33.08842],[10.1866,33.09358],[10.23695,33.13273],[10.25135,33.13946],[10.2899,33.15353],[10.30674,33.15402],[10.3096,33.15938],[10.32312,33.16615],[10.33603,33.16587],[10.34029,33.1694],[10.34167,33.16639],[10.35351,33.17011],[10.35833,33.16629],[10.36628,33.16823],[10.37667,33.179],[10.39395,33.18391],[10.40103,33.19189],[10.4285,33.20281],[10.44238,33.20476],[10.44729,33.21362],[10.4085,33.2705],[10.36682,33.31028],[10.36074,33.31049],[10.34686,33.31893],[10.33968,33.32929],[10.32214,33.33943],[10.2964,33.33287],[10.2649,33.38468],[10.25089,33.42103],[10.23487,33.41741],[10.22727,33.42291],[10.21684,33.42361],[10.1767,33.41583],[10.16633,33.40983],[10.1575,33.40874],[10.14682,33.39934],[10.13366,33.39455],[10.13781,33.38918],[10.14504,33.38753],[10.12596,33.37893],[10.12039,33.37241],[10.09925,33.37245],[10.09325,33.36126],[10.10655,33.34607],[10.05368,33.31653],[10.03644,33.30955],[10.02478,33.31283],[10.00067,33.29323],[9.96326,33.29429],[9.92908,33.29959],[9.91683,33.29698]]]}},{"type":"Feature","properties":{"id":"TUN:ADM2:11933810B792600527731","name":"السيجومي","countryCode":"TUN","adminLevel":2,"sourceCode":"11933810B792600527731","parentId":"TUN:ADM1:TUN-108"},"geometry":{"type":"Polygon","coordinates":[[[10.14818,36.79225],[10.15099,36.79397],[10.15879,36.79049],[10.17027,36.76933],[10.17571,36.77511],[10.16823,36.77966],[10.17067,36.78511],[10.16111,36.80025],[10.14858,36.7977],[10.14818,36.79225]]]}},{"type":"Feature","properties":{"id":"TUN:ADM2:11933810B79340019170790","name":"بنزرت الشمالية","countryCode":"TUN","adminLevel":2,"sourceCode":"11933810B79340019170790","parentId":"TUN:ADM1:TUN-105"},"geometry":{"type":"MultiPolygon","coordinates":[[[[9.79811,37.3272],[9.80536,37.32987],[9.8589,37.3288],[9.85906,37.32587],[9.86118,37.31635],[9.86166,37.27119],[9.85671,37.26798],[9.85723,37.26876],[9.85524,37.2784],[9.835,37.27956],[9.83672,37.28562],[9.82754,37.28697],[9.81968,37.29273],[9.80177,37.29189],[9.80257,37.29578],[9.79945,37.29828],[9.76814,37.30276],[9.76039,37.31223],[9.75793,37.32113],[9.77021,37.3315],[9.77345,37.33051],[9.77788,37.33042],[9.79811,37.3272]]],[[[8.93826,37.52425],[8.91256,37.51383],[8.90048,37.51854],[8.91098,37.52627],[8.92192,37.53104],[8.93599,37.53239],[8.94078,37.53674],[8.94085,37.5373],[8.94483,37.54131],[8.94766,37.54072],[8.94847,37.53561],[8.95772,37.52799],[8.95791,37.52616],[8.95246,37.51834],[8.9498,37.51801],[8.94752,37.51862],[8.93826,37.52425]]]]}},{"type":"Feature","properties":{"id":"TUN:ADM2:11933810B79768086949873","name":"وادي اللیل‬","countryCode":"TUN","adminLevel":2,"sourceCode":"11933810B79768086949873","parentId":"TUN:ADM1:TUN-102"},"geometry":{"type":"Polygon","coordinates":[[[10.07591,36.87239],[10.05476,36.87077],[10.04331,36.86172],[10.03953,36.85391],[10.03751,36.85637],[10.02528,36.84795],[10.01987,36.85138],[9.98925,36.85221],[9.98103,36.83836],[9.96584,36.84138],[9.96864,36.8322],[9.96473,36.83206],[9.96423,36.82883],[9.96886,36.82351],[9.96792,36.81241],[9.98123,36.81155],[9.97366,36.80539],[9.97576,36.80398],[9.98618,36.80283],[9.98944,36.80689],[9.99882,36.79748],[10.00379,36.78692],[10.01253,36.79156],[10.01375,36.79611],[10.02646,36.79878],[10.03905,36.79255],[10.04474,36.7941],[10.05157,36.78665],[10.05985,36.79714],[10.06388,36.79545],[10.07388,36.79958],[10.0479,36.81722],[10.05599,36.81545],[10.05999,36.81995],[10.06644,36.81488],[10.07532,36.81618],[10.06556,36.82125],[10.06722,36.82481],[10.06013,36.8321],[10.06712,36.83332],[10.07596,36.85512],[10.08207,36.8553],[10.07495,36.86454],[10.07767,36.86934],[10.07591,36.87239]]]}},{"type":"Feature","properties":{"id":"TUN:ADM2:11933810B80105937964230","name":"تبرسق","countryCode":"TUN","adminLevel":2,"sourceCode":"11933810B80105937964230","parentId":"TUN:ADM1:TUN-103"},"geometry":{"type":"Polygon","coordinates":[[[9.36119,36.4393],[9.35408,36.44251],[9.34155,36.46469],[9.34117,36.46773],[9.34973,36.47464],[9.34549,36.47859],[9.34781,36.4877],[9.33417,36.49164],[9.32576,36.5053],[9.33206,36.51266],[9.32949,36.5191],[9.33797,36.53293],[9.33707,36.53631],[9.3038,36.54087],[9.29862,36.5549],[9.29425,36.55287],[9.29476,36.55939],[9.2904,36.563],[9.28219,36.56453],[9.27465,36.56168],[9.26043,36.56465],[9.24905,36.5567],[9.2443,36.56377],[9.23921,36.56173],[9.23643,36.56405],[9.23215,36.58147],[9.2283,36.56659],[9.20785,36.5507],[9.20005,36.53908],[9.16947,36.53637],[9.17006,36.52852],[9.15284,36.51425],[9.15135,36.50875],[9.16092,36.5052],[9.16046,36.49796],[9.15744,36.49231],[9.14622,36.48592],[9.14334,36.47416],[9.12147,36.45827],[9.08147,36.45188],[9.08161,36.44918],[9.07138,36.44446],[9.06792,36.43783],[9.07039,36.43164],[9.08886,36.4195],[9.09028,36.41245],[9.08176,36.40675],[9.08612,36.40273],[9.09839,36.40354],[9.11321,36.39491],[9.1162,36.38357],[9.11406,36.37153],[9.11064,36.37062],[9.11337,36.36571],[9.13156,36.36359],[9.14687,36.37405],[9.17298,36.38441],[9.18013,36.38301],[9.19373,36.37166],[9.24271,36.36981],[9.24591,36.37412],[9.25769,36.36649],[9.27007,36.33545],[9.27546,36.33866],[9.28035,36.35339],[9.2864,36.35982],[9.32787,36.37902],[9.34252,36.39059],[9.345,36.39436],[9.34069,36.40311],[9.34929,36.40536],[9.36201,36.4191],[9.36119,36.4393]]]}},{"type":"Feature","properties":{"id":"TUN:ADM2:11933810B80183977842330","name":"ماطر","countryCode":"TUN","adminLevel":2,"sourceCode":"11933810B80183977842330","parentId":"TUN:ADM1:TUN-105"},"geometry":{"type":"Polygon","coordinates":[[[9.51769,36.96145],[9.51413,36.95478],[9.51928,36.95198],[9.49295,36.93768],[9.50997,36.93308],[9.51375,36.91819],[9.52641,36.91764],[9.53516,36.89726],[9.55198,36.89064],[9.55314,36.88024],[9.57675,36.86853],[9.58813,36.85678],[9.62534,36.86738],[9.63042,36.86375],[9.6307,36.85628],[9.63486,36.85704],[9.63696,36.8623],[9.65287,36.86499],[9.6558,36.8671],[9.65465,36.87237],[9.67667,36.88399],[9.69216,36.88394],[9.7133,36.90212],[9.73992,36.88948],[9.76764,36.8914],[9.77926,36.92055],[9.78429,36.92294],[9.78925,36.93424],[9.79456,36.93931],[9.80584,36.94278],[9.81273,36.94024],[9.81064,36.94806],[9.81316,36.96298],[9.82254,36.97163],[9.82863,36.97251],[9.82267,36.97685],[9.82322,36.98048],[9.83037,36.97913],[9.83279,36.98558],[9.8296,36.99368],[9.83374,37.00691],[9.83009,37.02694],[9.84687,37.02396],[9.84202,37.02975],[9.83835,37.0431],[9.82977,37.04767],[9.82475,37.03993],[9.79823,37.05553],[9.78965,37.06617],[9.78642,37.06565],[9.77833,37.0889],[9.75535,37.0768],[9.74315,37.08339],[9.7338,37.07658],[9.71425,37.07322],[9.71633,37.09561],[9.72118,37.10448],[9.71802,37.10814],[9.72034,37.11276],[9.68137,37.11021],[9.66056,37.11413],[9.65127,37.1104],[9.64024,37.11322],[9.62885,37.11136],[9.61771,37.10278],[9.6199,37.0985],[9.59505,37.07738],[9.60539,37.06577],[9.60029,37.05584],[9.56874,37.04057],[9.56239,37.0319],[9.53145,37.01576],[9.5299,37.00901],[9.51269,37.00168],[9.5051,36.98348],[9.5063,36.97597],[9.516,36.97607],[9.51995,36.97144],[9.51769,36.96145]]]}},{"type":"Feature","properties":{"id":"TUN:ADM2:11933810B80970548575435","name":"باب بحر","countryCode":"TUN","adminLevel":2,"sourceCode":"11933810B80970548575435","parentId":"TUN:ADM1:TUN-108"},"geometry":{"type":"Polygon","coordinates":[[[10.2058,36.77853],[10.18075,36.78921],[10.17988,36.79505],[10.1768,36.79301],[10.17351,36.80984],[10.17843,36.8227],[10.19094,36.81169],[10.19318,36.81109],[10.18849,36.79759],[10.20289,36.79263],[10.21607,36.79232],[10.2058,36.77853]]]}},{"type":"Feature","properties":{"id":"TUN:ADM2:11933810B8106113048091","name":"سوق الأحد","countryCode":"TUN","adminLevel":2,"sourceCode":"11933810B8106113048091","parentId":"TUN:ADM1:TUN-97"},"geometry":{"type":"Polygon","coordinates":[[[8.64766,34.06077],[8.64814,34.05061],[8.63002,34.01513],[8.60484,33.99366],[8.56257,33.93948],[8.54673,33.92374],[8.48618,33.88258],[8.44715,33.86057],[8.43243,33.84155],[8.38231,33.80305],[8.49436,33.76438],[8.49848,33.75824],[8.50535,33.75924],[8.52406,33.75367],[8.59094,33.72973],[8.60519,33.72645],[8.61652,33.72845],[8.61137,33.72145],[8.62287,33.71288],[8.63969,33.7126],[8.64965,33.71688],[8.67025,33.7156],[8.669,33.70668],[8.67741,33.7034],[8.68462,33.6954],[8.71503,33.72438],[8.71366,33.7268],[8.73374,33.74036],[8.73718,33.7465],[8.77477,33.73887],[8.80988,33.73872],[8.80936,33.74443],[8.80037,33.75722],[8.8489,33.7483],[8.85325,33.75273],[8.84948,33.7586],[8.85067,33.76989],[8.84592,33.77028],[8.84942,33.77531],[8.8593,33.77294],[8.85717,33.77474],[8.85934,33.77633],[8.85088,33.77846],[8.85053,33.78374],[8.84658,33.78368],[8.84752,33.78952],[8.86173,33.81476],[8.91813,33.86152],[8.91792,33.86466],[8.98592,33.94889],[9.00869,33.98716],[9.02593,34.00695],[9.03653,34.00763],[9.09862,34.04984],[9.09392,34.07084],[9.0997,34.08348],[9.1033,34.08398],[9.10129,34.0865],[9.10578,34.09169],[9.10573,34.10371],[9.11195,34.10548],[9.1172,34.1193],[9.12257,34.12144],[9.12594,34.12732],[9.13044,34.14591],[9.13594,34.15173],[9.13336,34.16252],[9.1354,34.1657],[9.08817,34.15093],[9.07688,34.14251],[9.04408,34.12878],[9.01684,34.12214],[8.95706,34.11579],[8.91236,34.12207],[8.90543,34.11982],[8.89352,34.12242],[8.85545,34.1206],[8.85442,34.09984],[8.84438,34.09498],[8.81237,34.09498],[8.80044,34.09178],[8.76112,34.09676],[8.73832,34.09286],[8.72533,34.09498],[8.72025,34.09122],[8.69581,34.08624],[8.67967,34.08887],[8.65366,34.07872],[8.64766,34.06077]]]}},{"type":"Feature","properties":{"id":"TUN:ADM2:11933810B81248278761241","name":"بن عروس","countryCode":"TUN","adminLevel":2,"sourceCode":"11933810B81248278761241","parentId":"TUN:ADM1:TUN-108"},"geometry":{"type":"Polygon","coordinates":[[[10.20764,36.74878],[10.22052,36.73612],[10.23248,36.73111],[10.22726,36.74423],[10.23388,36.74437],[10.24681,36.75551],[10.22019,36.76663],[10.22035,36.75873],[10.21529,36.75988],[10.2105,36.75649],[10.21154,36.75052],[10.20764,36.74878]]]}},{"type":"Feature","properties":{"id":"TUN:ADM2:11933810B81607479948477","name":"زغوان","countryCode":"TUN","adminLevel":2,"sourceCode":"11933810B81607479948477","parentId":"TUN:ADM1:TUN-120"},"geometry":{"type":"Polygon","coordinates":[[[10.37719,36.31922],[10.3745,36.33229],[10.36759,36.33931],[10.37052,36.34427],[10.36617,36.34918],[10.37534,36.35914],[10.3669,36.36591],[10.36729,36.38287],[10.3553,36.40277],[10.35463,36.41243],[10.34442,36.42348],[10.34409,36.43401],[10.34746,36.43665],[10.34491,36.44471],[10.35155,36.45327],[10.34555,36.46687],[10.35282,36.47792],[10.34767,36.48785],[10.29015,36.46483],[10.28015,36.45543],[10.27967,36.44671],[10.27136,36.45039],[10.26922,36.4551],[10.25325,36.4511],[10.24997,36.46074],[10.25229,36.47048],[10.27082,36.50341],[10.25602,36.50798],[10.25113,36.50524],[10.22118,36.50783],[10.21468,36.51137],[10.19881,36.51237],[10.19285,36.51914],[10.18214,36.51182],[10.18188,36.50399],[10.17622,36.49923],[10.14792,36.48807],[10.14155,36.48128],[10.08257,36.4847],[10.07098,36.46873],[10.07066,36.45905],[10.06309,36.4486],[10.06735,36.43791],[10.05873,36.4287],[10.05733,36.42002],[10.04929,36.40934],[10.01285,36.4099],[10.0039,36.39841],[10.00995,36.39279],[10.00793,36.37792],[10.01003,36.36534],[10.01656,36.35694],[10.0075,36.34054],[10.00883,36.33782],[10.00355,36.33851],[10.00548,36.33168],[10.00115,36.33085],[10.00179,36.32532],[10.00761,36.32429],[10.01121,36.3147],[10.03778,36.30431],[10.05839,36.30518],[10.10599,36.34159],[10.11736,36.35336],[10.11777,36.35825],[10.12178,36.35841],[10.16675,36.39094],[10.17562,36.3891],[10.18524,36.38141],[10.18995,36.3729],[10.18731,36.36667],[10.19029,36.36545],[10.19517,36.37041],[10.22238,36.38141],[10.22626,36.38628],[10.23403,36.38724],[10.23801,36.40104],[10.2539,36.40079],[10.25445,36.39354],[10.26974,36.37362],[10.29017,36.37147],[10.30296,36.36312],[10.31609,36.36518],[10.32512,36.35941],[10.34985,36.35405],[10.3471,36.34825],[10.34916,36.34189],[10.3669,36.32909],[10.3719,36.32065],[10.37719,36.31922]]]}},{"type":"Feature","properties":{"id":"TUN:ADM2:11933810B81652618880798","name":"بوعرادة","countryCode":"TUN","adminLevel":2,"sourceCode":"11933810B81652618880798","parentId":"TUN:ADM1:TUN-115"},"geometry":{"type":"Polygon","coordinates":[[[9.4828,36.24731],[9.48005,36.23968],[9.48904,36.22176],[9.49893,36.21404],[9.50217,36.19979],[9.51812,36.18707],[9.52013,36.1814],[9.53138,36.1773],[9.53631,36.18151],[9.5617,36.17641],[9.57914,36.17919],[9.58127,36.18355],[9.58786,36.18097],[9.60167,36.18433],[9.60476,36.19056],[9.61564,36.19353],[9.64811,36.21496],[9.64937,36.22434],[9.64418,36.22481],[9.63704,36.23481],[9.62652,36.2395],[9.61513,36.23943],[9.61425,36.24447],[9.60845,36.24817],[9.59766,36.25015],[9.59554,36.26053],[9.60725,36.262],[9.61212,36.26722],[9.6182,36.26754],[9.6367,36.28862],[9.67143,36.28947],[9.6863,36.29943],[9.70392,36.30194],[9.72398,36.31469],[9.71664,36.33375],[9.73439,36.34979],[9.75462,36.35641],[9.75447,36.37364],[9.75786,36.38637],[9.75102,36.40743],[9.76102,36.41019],[9.76005,36.41452],[9.75421,36.41775],[9.75001,36.42887],[9.75394,36.43303],[9.74945,36.43693],[9.75387,36.43743],[9.75429,36.4424],[9.74516,36.44688],[9.74779,36.44982],[9.73917,36.45074],[9.71134,36.44041],[9.70635,36.44487],[9.69819,36.44605],[9.65564,36.42733],[9.65248,36.41086],[9.64751,36.41228],[9.64256,36.42122],[9.62901,36.42605],[9.60836,36.42448],[9.58836,36.42854],[9.58304,36.42493],[9.57615,36.42662],[9.57512,36.42068],[9.57854,36.41882],[9.56198,36.40892],[9.54939,36.38284],[9.53167,36.3719],[9.5419,36.37258],[9.54471,36.36884],[9.55274,36.37145],[9.55319,36.36632],[9.57134,36.3501],[9.59486,36.34197],[9.5861,36.33517],[9.57573,36.33412],[9.57133,36.32329],[9.55742,36.31511],[9.55131,36.3146],[9.54672,36.31938],[9.53772,36.3073],[9.5229,36.29574],[9.52748,36.28959],[9.53123,36.29078],[9.5372,36.28014],[9.55056,36.27772],[9.52437,36.26561],[9.51049,36.24388],[9.49346,36.25172],[9.49384,36.25664],[9.49009,36.26177],[9.49241,36.25655],[9.48608,36.25439],[9.48797,36.2534],[9.4828,36.24731]]]}},{"type":"Feature","properties":{"id":"TUN:ADM2:11933810B81805450499121","name":"سبيبة","countryCode":"TUN","adminLevel":2,"sourceCode":"11933810B81805450499121","parentId":"TUN:ADM1:TUN-110"},"geometry":{"type":"Polygon","coordinates":[[[9.33936,35.47852],[9.33035,35.47878],[9.323,35.48849],[9.33019,35.49251],[9.32259,35.50108],[9.32231,35.51086],[9.31038,35.51352],[9.30821,35.52094],[9.30161,35.52305],[9.29348,35.53477],[9.28143,35.53075],[9.27025,35.53233],[9.26914,35.54088],[9.27408,35.54567],[9.26799,35.5535],[9.22975,35.54545],[9.22536,35.54213],[9.2143,35.54277],[9.20513,35.5558],[9.19134,35.55742],[9.18108,35.56266],[9.18145,35.57419],[9.18593,35.5784],[9.18381,35.58496],[9.19244,35.59433],[9.17829,35.60491],[9.17061,35.60549],[9.17449,35.61698],[9.16684,35.61203],[9.1507,35.61941],[9.13199,35.61019],[9.11472,35.62754],[9.10528,35.62666],[9.10141,35.62414],[9.10159,35.61755],[9.09482,35.61495],[9.088,35.60511],[9.09118,35.5732],[9.06607,35.5759],[9.03411,35.56955],[9.01829,35.57],[8.9826,35.5496],[8.9797,35.54236],[8.99952,35.5362],[9.00428,35.51702],[9.00817,35.51217],[9.00687,35.50684],[9.01776,35.50055],[9.01216,35.50052],[9.01503,35.47437],[9.01179,35.46547],[9.02355,35.46797],[9.03455,35.4754],[9.0524,35.4702],[9.07581,35.47012],[9.0969,35.4461],[9.09984,35.44063],[9.09798,35.4324],[9.12033,35.43147],[9.13613,35.42312],[9.16859,35.38032],[9.19225,35.36444],[9.20888,35.39176],[9.23188,35.4124],[9.29718,35.4562],[9.322,35.46555],[9.33089,35.47552],[9.33936,35.47852]]]}},{"type":"Feature","properties":{"id":"TUN:ADM2:11933810B8202711908587","name":"بني حسان","countryCode":"TUN","adminLevel":2,"sourceCode":"11933810B8202711908587","parentId":"TUN:ADM1:TUN-117"},"geometry":{"type":"Polygon","coordinates":[[[10.63813,35.50021],[10.64016,35.48591],[10.65561,35.48186],[10.66096,35.47728],[10.67234,35.48474],[10.6772,35.47722],[10.68419,35.47754],[10.68368,35.47165],[10.68893,35.47602],[10.69736,35.4735],[10.69793,35.47949],[10.71212,35.4752],[10.71801,35.48926],[10.73552,35.48736],[10.73911,35.50337],[10.75445,35.49546],[10.75999,35.50178],[10.77782,35.50139],[10.78219,35.49738],[10.78375,35.50403],[10.80043,35.50766],[10.80311,35.51105],[10.80277,35.52415],[10.8074,35.52631],[10.80414,35.52914],[10.81416,35.5306],[10.83006,35.54198],[10.84694,35.54633],[10.84407,35.55161],[10.85196,35.55464],[10.83332,35.57013],[10.8358,35.57821],[10.828,35.59478],[10.82233,35.59918],[10.81081,35.59519],[10.8077,35.59109],[10.79841,35.59649],[10.79124,35.59149],[10.79886,35.58448],[10.79236,35.58039],[10.80113,35.57591],[10.78772,35.55583],[10.77372,35.54939],[10.75594,35.54868],[10.74021,35.54148],[10.73737,35.53269],[10.7244,35.52123],[10.71679,35.52426],[10.69695,35.51109],[10.67913,35.51297],[10.67617,35.50845],[10.68233,35.50421],[10.66711,35.50127],[10.65751,35.50347],[10.64904,35.50164],[10.64876,35.50479],[10.63813,35.50021]]]}},{"type":"Feature","properties":{"id":"TUN:ADM2:11933810B82124432646139","name":"العروسة","countryCode":"TUN","adminLevel":2,"sourceCode":"11933810B82124432646139","parentId":"TUN:ADM1:TUN-115"},"geometry":{"type":"Polygon","coordinates":[[[9.3153,36.37283],[9.31873,36.35965],[9.34041,36.34769],[9.34641,36.33407],[9.35813,36.33338],[9.35534,36.33744],[9.36435,36.33818],[9.36586,36.33543],[9.37055,36.33606],[9.37201,36.32992],[9.37334,36.33308],[9.37798,36.33313],[9.38585,36.32382],[9.39328,36.32482],[9.38985,36.31732],[9.39431,36.30881],[9.40594,36.3066],[9.41186,36.30196],[9.41092,36.29577],[9.41783,36.29133],[9.42104,36.28216],[9.43207,36.26799],[9.43931,36.26702],[9.44152,36.26185],[9.4495,36.26116],[9.45475,36.25638],[9.4628,36.25714],[9.46748,36.25162],[9.4828,36.24731],[9.48797,36.2534],[9.48608,36.25439],[9.49241,36.25655],[9.49009,36.26177],[9.49384,36.25664],[9.49346,36.25172],[9.51049,36.24388],[9.52437,36.26561],[9.55056,36.27772],[9.5372,36.28014],[9.53123,36.29078],[9.52748,36.28959],[9.5229,36.29574],[9.53772,36.3073],[9.54672,36.31938],[9.55131,36.3146],[9.55742,36.31511],[9.57133,36.32329],[9.57573,36.33412],[9.5861,36.33517],[9.59486,36.34197],[9.57134,36.3501],[9.55319,36.36632],[9.55274,36.37145],[9.54471,36.36884],[9.5419,36.37258],[9.53167,36.3719],[9.54939,36.38284],[9.56198,36.40892],[9.57854,36.41882],[9.57512,36.42068],[9.57615,36.42662],[9.56924,36.42598],[9.56469,36.43729],[9.55225,36.44352],[9.54066,36.44382],[9.53124,36.45481],[9.5094,36.46384],[9.50221,36.45869],[9.48416,36.45859],[9.46331,36.44965],[9.45968,36.45017],[9.45284,36.45968],[9.43041,36.46249],[9.40033,36.44777],[9.3955,36.44218],[9.3812,36.44032],[9.37289,36.44333],[9.36119,36.4393],[9.36201,36.4191],[9.34929,36.40536],[9.34069,36.40311],[9.345,36.39436],[9.34252,36.39059],[9.3153,36.37283]]]}},{"type":"Feature","properties":{"id":"TUN:ADM2:11933810B82782291879884","name":"الدهماني","countryCode":"TUN","adminLevel":2,"sourceCode":"11933810B82782291879884","parentId":"TUN:ADM1:TUN-109"},"geometry":{"type":"Polygon","coordinates":[[[8.97996,35.97519],[8.96985,35.99197],[8.97205,36.00416],[8.94357,36.02289],[8.93365,36.06478],[8.92297,36.0796],[8.91406,36.07753],[8.87787,36.0501],[8.86738,36.04966],[8.86173,36.06026],[8.85051,36.06701],[8.841,36.05535],[8.83488,36.03863],[8.80856,36.03889],[8.80417,36.04193],[8.77692,36.08691],[8.77728,36.0922],[8.76806,36.09814],[8.75588,36.10034],[8.74548,36.09721],[8.73537,36.09061],[8.7348,36.08289],[8.71939,36.07227],[8.6933,36.06813],[8.69257,36.04911],[8.69891,36.04336],[8.69985,36.03801],[8.69609,36.02418],[8.70231,36.02193],[8.68908,36.0038],[8.69621,35.98388],[8.71546,35.97059],[8.72328,35.94902],[8.73359,35.93638],[8.73736,35.92259],[8.72555,35.9043],[8.72509,35.89931],[8.73051,35.8915],[8.72197,35.88897],[8.71195,35.87959],[8.7161,35.87517],[8.72,35.85621],[8.74313,35.82251],[8.76184,35.80692],[8.7608,35.80397],[8.74936,35.80523],[8.7086,35.78913],[8.71184,35.78724],[8.71313,35.78041],[8.71012,35.77531],[8.71414,35.77226],[8.71847,35.7759],[8.73576,35.77037],[8.74665,35.77584],[8.75866,35.77442],[8.76323,35.77681],[8.76365,35.78272],[8.77094,35.78398],[8.78047,35.7773],[8.79755,35.77615],[8.80651,35.79486],[8.83697,35.81358],[8.84221,35.82161],[8.85814,35.8313],[8.86575,35.85034],[8.86217,35.85618],[8.87293,35.85819],[8.88396,35.86548],[8.88387,35.87493],[8.8897,35.88579],[8.88255,35.88553],[8.88316,35.89207],[8.8773,35.90544],[8.85047,35.9296],[8.85884,35.94308],[8.86234,35.94301],[8.86452,35.93643],[8.8825,35.93725],[8.88164,35.9285],[8.88462,35.92492],[8.90242,35.91776],[8.90827,35.90966],[8.96018,35.87733],[8.96535,35.88007],[8.92672,35.93228],[8.92737,35.94333],[8.97996,35.97519]]]}},{"type":"Feature","properties":{"id":"TUN:ADM2:11933810B83498935151337","name":"الصمار","countryCode":"TUN","adminLevel":2,"sourceCode":"11933810B83498935151337","parentId":"TUN:ADM1:TUN-98"},"geometry":{"type":"Polygon","coordinates":[[[11.18121,32.30626],[11.20091,32.30958],[11.20463,32.31428],[11.2236,32.32146],[11.25666,32.32999],[11.28787,32.35215],[11.30868,32.3565],[11.31594,32.36494],[11.33536,32.37304],[11.33597,32.38156],[11.34198,32.38756],[11.32554,32.39849],[11.29064,32.39301],[11.26519,32.38332],[11.22574,32.37674],[11.22163,32.38769],[11.20228,32.40813],[11.14445,32.53301],[11.0964,32.65868],[11.08482,32.67561],[11.12669,32.71766],[11.12168,32.77531],[11.1097,32.81498],[11.11525,32.86588],[11.09402,32.90117],[11.09257,32.91325],[11.08553,32.92025],[11.04562,32.99131],[11.03984,32.99636],[11.03628,33.01501],[11.03794,33.02238],[11.02797,33.03232],[11.02158,33.03451],[11.03355,33.05349],[11.03635,33.09507],[11.0163,33.08981],[11.00589,33.07901],[10.89762,33.09328],[10.89228,33.0893],[10.88464,33.09157],[10.87218,33.08256],[10.85517,33.08897],[10.8228,33.0887],[10.81108,33.09325],[10.77277,33.09701],[10.75852,33.09538],[10.74208,33.10222],[10.72877,33.09576],[10.72,33.09801],[10.68316,33.07003],[10.69335,33.06389],[10.70672,33.06509],[10.71427,33.06012],[10.73033,33.06231],[10.73819,33.05875],[10.72828,33.04381],[10.71165,33.03287],[10.71406,33.00026],[10.75092,32.97804],[10.7475,32.96742],[10.78091,32.98308],[10.82872,32.99041],[10.84604,32.97798],[10.85249,32.96097],[10.75691,32.95583],[10.75703,32.95236],[10.7481,32.95013],[10.75782,32.92821],[10.75833,32.91256],[10.76594,32.90676],[10.77193,32.8893],[10.78813,32.87886],[10.79541,32.88076],[10.80578,32.87601],[10.76946,32.86987],[10.75587,32.87167],[10.7347,32.82926],[10.6837,32.79736],[10.73205,32.76802],[10.75556,32.75934],[10.78608,32.74062],[10.81682,32.70966],[10.88685,32.68438],[10.8947,32.67707],[10.91476,32.63599],[10.95614,32.57228],[10.97253,32.55559],[10.98119,32.54174],[11.01526,32.50946],[11.03155,32.47408],[11.0861,32.41089],[11.09914,32.38666],[11.1136,32.37321],[11.15031,32.34858],[11.16646,32.33204],[11.16983,32.32109],[11.18121,32.30626]]]}},{"type":"Feature","properties":{"id":"TUN:ADM2:11933810B8352609818393","name":"سوسة سيدي عبد الحميد","countryCode":"TUN","adminLevel":2,"sourceCode":"11933810B8352609818393","parentId":"TUN:ADM1:TUN-119"},"geometry":{"type":"Polygon","coordinates":[[[10.61434,35.80248],[10.62716,35.79678],[10.64209,35.79653],[10.6428,35.7927],[10.65159,35.79533],[10.65844,35.77092],[10.66707,35.77661],[10.6769,35.77818],[10.68671,35.78851],[10.68424,35.78761],[10.68228,35.79107],[10.68162,35.78868],[10.67874,35.79121],[10.6833,35.79207],[10.65263,35.80899],[10.6497,35.80704],[10.63472,35.82177],[10.62934,35.81314],[10.61434,35.80248]]]}},{"type":"Feature","properties":{"id":"TUN:ADM2:11933810B83603965964672","name":"الوسلاتية","countryCode":"TUN","adminLevel":2,"sourceCode":"11933810B83603965964672","parentId":"TUN:ADM1:TUN-118"},"geometry":{"type":"Polygon","coordinates":[[[9.8616,35.82752],[9.85674,35.827],[9.84286,35.84089],[9.83854,35.84937],[9.81797,35.85481],[9.8122,35.86232],[9.79941,35.86578],[9.79595,35.87386],[9.79156,35.87625],[9.78939,35.87439],[9.7867,35.87698],[9.78564,35.87319],[9.7744,35.87397],[9.77102,35.8708],[9.77162,35.89845],[9.79391,35.90808],[9.81063,35.92243],[9.82037,35.9419],[9.81239,35.95434],[9.81273,35.97276],[9.81881,35.9932],[9.82776,36.00884],[9.81178,36.02826],[9.81793,36.0342],[9.82144,36.0455],[9.83035,36.04922],[9.8254,36.08946],[9.80784,36.10682],[9.79808,36.10276],[9.77935,36.10222],[9.75959,36.10878],[9.7556,36.11363],[9.7533,36.09012],[9.72764,36.07037],[9.71202,36.06374],[9.7042,36.05027],[9.64454,36.01617],[9.62965,36.00381],[9.6305,35.99516],[9.6196,35.99009],[9.60964,35.97747],[9.55821,35.9402],[9.5238,35.92191],[9.51755,35.91232],[9.49131,35.91041],[9.48736,35.9045],[9.493,35.8727],[9.50398,35.8655],[9.51763,35.86162],[9.52019,35.85708],[9.515,35.85131],[9.52334,35.84405],[9.52257,35.83583],[9.51761,35.82972],[9.51917,35.82715],[9.50882,35.82002],[9.50937,35.81069],[9.49832,35.7952],[9.51001,35.78759],[9.48368,35.78755],[9.49536,35.77885],[9.50124,35.76519],[9.51353,35.75707],[9.534,35.75222],[9.53758,35.74271],[9.54281,35.7433],[9.54532,35.73147],[9.54085,35.73018],[9.53778,35.72205],[9.54107,35.71051],[9.53746,35.7069],[9.53686,35.69941],[9.54383,35.6923],[9.54683,35.6798],[9.55729,35.6733],[9.56137,35.67528],[9.55752,35.68605],[9.55766,35.70115],[9.57751,35.7132],[9.58408,35.7224],[9.59831,35.72531],[9.59612,35.74147],[9.60443,35.74733],[9.61888,35.78047],[9.62688,35.79111],[9.64901,35.78536],[9.65101,35.77628],[9.64811,35.76788],[9.63704,35.75709],[9.65062,35.74505],[9.65733,35.75378],[9.66205,35.74768],[9.65892,35.73938],[9.66195,35.73038],[9.67368,35.73363],[9.67948,35.71212],[9.69252,35.71783],[9.70816,35.71716],[9.72991,35.72465],[9.76426,35.72614],[9.77009,35.7208],[9.78667,35.72608],[9.79976,35.73786],[9.81452,35.73718],[9.82217,35.74222],[9.83952,35.74351],[9.84166,35.78353],[9.85066,35.80244],[9.85888,35.81079],[9.85705,35.81336],[9.86789,35.82034],[9.8616,35.82752]]]}},{"type":"Feature","properties":{"id":"TUN:ADM2:11933810B83790658636329","name":"غنوش","countryCode":"TUN","adminLevel":2,"sourceCode":"11933810B83790658636329","parentId":"TUN:ADM1:TUN-111"},"geometry":{"type":"Polygon","coordinates":[[[10.0726,33.93039],[10.05899,33.9175],[10.04986,33.91371],[10.02628,33.94082],[10.04651,33.96265],[10.04306,33.97825],[10.04836,33.98213],[10.04978,33.98191],[10.0713,33.94623],[10.08073,33.93493],[10.0726,33.93039]]]}},{"type":"Feature","properties":{"id":"TUN:ADM2:11933810B84544107883303","name":"سيدي علي بن عون","countryCode":"TUN","adminLevel":2,"sourceCode":"11933810B84544107883303","parentId":"TUN:ADM1:TUN-113"},"geometry":{"type":"Polygon","coordinates":[[[8.98957,34.72121],[9.0076,34.7074],[9.02612,34.70619],[9.04101,34.6937],[9.05473,34.69271],[9.06497,34.68683],[9.06776,34.67982],[9.07286,34.68804],[9.07866,34.68904],[9.08394,34.70257],[9.09987,34.70908],[9.11809,34.7037],[9.12477,34.71001],[9.14246,34.71083],[9.15619,34.71706],[9.15261,34.70629],[9.19055,34.69297],[9.19618,34.70611],[9.2278,34.70833],[9.2632,34.68384],[9.2796,34.69105],[9.29786,34.69367],[9.30888,34.70448],[9.31761,34.72113],[9.2891,34.75123],[9.28354,34.76604],[9.28646,34.77564],[9.27535,34.79229],[9.27608,34.80335],[9.26555,34.81575],[9.24371,34.83804],[9.21747,34.83501],[9.21663,34.86356],[9.23447,34.87981],[9.22474,34.89121],[9.23253,34.89748],[9.19689,34.89259],[9.17249,34.8945],[9.1197,34.90821],[9.11644,34.92064],[9.11778,34.92938],[9.1038,34.93256],[9.1003,34.94604],[9.10029,34.95425],[9.10626,34.9676],[9.09185,34.96619],[9.06098,34.95597],[9.04989,34.93699],[9.03536,34.94034],[9.03505,34.92902],[9.03807,34.92284],[9.02591,34.91409],[9.0312,34.89917],[9.02726,34.8889],[9.03805,34.88655],[9.05844,34.89032],[9.05943,34.88631],[9.06433,34.88481],[9.0649,34.87908],[9.05832,34.86934],[9.03883,34.85729],[8.98095,34.83309],[8.97169,34.82567],[8.94128,34.82365],[8.92088,34.81023],[8.94319,34.77508],[8.95213,34.75398],[8.98957,34.72121]]]}},{"type":"Feature","properties":{"id":"TUN:ADM2:11933810B84840502063502","name":"مساكن","countryCode":"TUN","adminLevel":2,"sourceCode":"11933810B84840502063502","parentId":"TUN:ADM1:TUN-119"},"geometry":{"type":"Polygon","coordinates":[[[10.5774,35.64082],[10.59372,35.64824],[10.61871,35.63642],[10.6485,35.66759],[10.64685,35.67264],[10.62528,35.68563],[10.63086,35.6888],[10.6301,35.69113],[10.63819,35.69334],[10.63358,35.69993],[10.64226,35.71456],[10.63061,35.72151],[10.61399,35.74883],[10.60362,35.7575],[10.61486,35.75327],[10.62226,35.76532],[10.60384,35.7667],[10.60871,35.77548],[10.60443,35.7797],[10.58172,35.7689],[10.57263,35.78758],[10.53758,35.79087],[10.52537,35.78471],[10.50917,35.78693],[10.48248,35.78248],[10.45388,35.77294],[10.43088,35.75755],[10.44564,35.74216],[10.40845,35.742],[10.38639,35.72786],[10.38116,35.72852],[10.40043,35.70559],[10.40201,35.69242],[10.41317,35.69214],[10.43334,35.67175],[10.43661,35.66188],[10.42316,35.65696],[10.43734,35.64842],[10.44119,35.63928],[10.46672,35.63588],[10.4779,35.62793],[10.48253,35.61717],[10.49058,35.61382],[10.49584,35.60229],[10.50064,35.57529],[10.49464,35.56445],[10.49999,35.55684],[10.50788,35.55747],[10.53892,35.57168],[10.52308,35.59227],[10.53189,35.60954],[10.55957,35.62834],[10.56902,35.64982],[10.5774,35.64082]]]}},{"type":"Feature","properties":{"id":"TUN:ADM2:11933810B84931460768485","name":"بئر علي بن خليفة","countryCode":"TUN","adminLevel":2,"sourceCode":"11933810B84931460768485","parentId":"TUN:ADM1:TUN-114"},"geometry":{"type":"Polygon","coordinates":[[[10.05984,34.52583],[10.07305,34.5225],[10.06837,34.53297],[10.07092,34.54462],[10.09333,34.55236],[10.11773,34.55404],[10.14283,34.57007],[10.14587,34.57594],[10.15176,34.57406],[10.16875,34.58765],[10.18068,34.60308],[10.19249,34.60675],[10.19832,34.62028],[10.2271,34.61214],[10.23867,34.61527],[10.23679,34.62055],[10.25345,34.61596],[10.27649,34.58182],[10.28983,34.57617],[10.29541,34.56859],[10.34221,34.60181],[10.33065,34.60776],[10.32728,34.61865],[10.3067,34.63413],[10.31096,34.64795],[10.30951,34.6626],[10.29502,34.68546],[10.29843,34.69124],[10.31132,34.70006],[10.32494,34.69787],[10.30313,34.74244],[10.30582,34.75843],[10.2932,34.76929],[10.26718,34.82238],[10.27289,34.8337],[10.25734,34.8338],[10.22589,34.8456],[10.20729,34.84393],[10.1942,34.84656],[10.18172,34.83632],[10.16607,34.83624],[10.13541,34.85027],[10.12273,34.86506],[10.12616,34.86699],[10.1212,34.87712],[10.10699,34.89893],[10.08977,34.93563],[10.0815,34.94592],[10.09693,34.97359],[10.10275,34.98022],[10.10581,34.97777],[10.11031,34.98107],[10.06361,35.00334],[10.049,34.98548],[10.0291,34.94874],[10.00872,34.89707],[9.97862,34.87221],[9.95463,34.83099],[9.96068,34.8281],[9.9414,34.77788],[9.93928,34.75609],[9.92509,34.75078],[9.91313,34.7512],[9.91199,34.73461],[9.91769,34.73149],[9.91816,34.72057],[9.90355,34.69469],[9.89943,34.67954],[9.90848,34.66525],[9.8895,34.66258],[9.87931,34.64371],[9.90105,34.63271],[9.87284,34.60725],[9.87824,34.60426],[9.8825,34.59255],[9.90053,34.59805],[9.90782,34.59601],[9.9706,34.56747],[9.98122,34.54739],[9.96944,34.5381],[10.02258,34.53524],[10.05984,34.52583]]]}},{"type":"Feature","properties":{"id":"TUN:ADM2:11933810B84977870340871","name":"عين دراهم","countryCode":"TUN","adminLevel":2,"sourceCode":"11933810B84977870340871","parentId":"TUN:ADM1:TUN-106"},"geometry":{"type":"Polygon","coordinates":[[[8.65399,36.91569],[8.63619,36.90889],[8.62844,36.8865],[8.63108,36.88208],[8.63137,36.87296],[8.62788,36.86967],[8.62937,36.86062],[8.62476,36.85512],[8.64428,36.85344],[8.65393,36.84861],[8.66252,36.85201],[8.66892,36.84423],[8.68113,36.83895],[8.66945,36.81732],[8.65478,36.80943],[8.62191,36.8008],[8.61883,36.7949],[8.61111,36.79093],[8.5996,36.79872],[8.57248,36.7732],[8.56375,36.77352],[8.5535,36.77884],[8.54539,36.77342],[8.53231,36.77429],[8.52742,36.78259],[8.51683,36.77835],[8.48415,36.77948],[8.42993,36.75952],[8.42892,36.74873],[8.44466,36.74602],[8.45897,36.75145],[8.47005,36.74142],[8.46405,36.73539],[8.46582,36.72517],[8.48375,36.69875],[8.49698,36.7034],[8.52255,36.69509],[8.56589,36.70426],[8.57381,36.7161],[8.58637,36.72225],[8.60651,36.74105],[8.60809,36.73147],[8.60324,36.72986],[8.60147,36.72508],[8.61265,36.71331],[8.61164,36.69723],[8.63647,36.67771],[8.64937,36.67283],[8.65255,36.67525],[8.65872,36.70144],[8.67854,36.7159],[8.67992,36.73092],[8.69167,36.7234],[8.69761,36.72423],[8.71469,36.73437],[8.72375,36.74395],[8.74179,36.74702],[8.74132,36.73536],[8.74954,36.72296],[8.7594,36.72363],[8.7696,36.71465],[8.77127,36.70956],[8.77628,36.70849],[8.81973,36.71689],[8.82332,36.72052],[8.83876,36.72423],[8.86831,36.72418],[8.87379,36.74005],[8.86056,36.73675],[8.86992,36.7422],[8.88087,36.75668],[8.89126,36.76472],[8.89652,36.77161],[8.89597,36.77919],[8.90794,36.78628],[8.91686,36.78386],[8.9334,36.78994],[8.93065,36.79747],[8.93354,36.80364],[8.92097,36.80184],[8.91855,36.80805],[8.89242,36.8072],[8.87582,36.81487],[8.86951,36.82557],[8.87488,36.83428],[8.87136,36.8393],[8.8742,36.84893],[8.86789,36.86023],[8.84399,36.86695],[8.79782,36.84044],[8.78314,36.846],[8.75516,36.84058],[8.73009,36.85171],[8.71956,36.86228],[8.71488,36.85987],[8.71522,36.85359],[8.71137,36.85171],[8.68129,36.86977],[8.69168,36.8769],[8.69971,36.89454],[8.69979,36.89869],[8.69168,36.90216],[8.6911,36.90878],[8.68124,36.90069],[8.67681,36.90116],[8.67271,36.90557],[8.66895,36.9047],[8.66427,36.91626],[8.65399,36.91569]]]}},{"type":"Feature","properties":{"id":"TUN:ADM2:11933810B85459320583034","name":"صواف","countryCode":"TUN","adminLevel":2,"sourceCode":"11933810B85459320583034","parentId":"TUN:ADM1:TUN-120"},"geometry":{"type":"Polygon","coordinates":[[[10.17409,36.13813],[10.18185,36.13791],[10.18411,36.15792],[10.19976,36.15664],[10.23368,36.1658],[10.23957,36.15634],[10.25175,36.15755],[10.26419,36.16599],[10.26622,36.17681],[10.25971,36.19246],[10.25508,36.1952],[10.26592,36.21377],[10.25371,36.22283],[10.26353,36.22816],[10.25838,36.23128],[10.26031,36.23283],[10.25203,36.2446],[10.21606,36.26718],[10.19752,36.29085],[10.18632,36.28732],[10.18958,36.28241],[10.18855,36.27085],[10.16332,36.28081],[10.14439,36.28362],[10.12766,36.29427],[10.12096,36.29437],[10.10341,36.28206],[10.11817,36.26729],[10.11487,36.254],[10.11564,36.2422],[10.11933,36.24115],[10.08738,36.24503],[10.07773,36.24261],[10.06399,36.23135],[10.05198,36.2502],[10.04374,36.23387],[10.04211,36.20889],[10.04928,36.19734],[10.04778,36.19048],[10.01482,36.17063],[10.00523,36.16057],[10.00979,36.15231],[10.01524,36.15058],[10.05182,36.15622],[10.05403,36.1519],[10.08081,36.15327],[10.10009,36.16424],[10.10749,36.14369],[10.116,36.13492],[10.1639,36.14003],[10.17409,36.13813]]]}},{"type":"Feature","properties":{"id":"TUN:ADM2:11933810B85460766663298","name":"جرجيس","countryCode":"TUN","adminLevel":2,"sourceCode":"11933810B85460766663298","parentId":"TUN:ADM1:TUN-96"},"geometry":{"type":"MultiPolygon","coordinates":[[[[11.15935,33.31909],[11.14647,33.31945],[11.1391,33.31376],[11.12915,33.31539],[11.12517,33.30907],[11.12331,33.2958],[11.10988,33.28974],[11.05735,33.29003],[11.05637,33.296],[11.05158,33.29926],[11.03922,33.30091],[11.00517,33.31728],[10.98653,33.30686],[10.96292,33.32212],[10.93984,33.31595],[10.92764,33.31651],[10.88997,33.33493],[10.84955,33.34563],[10.80197,33.37014],[10.77244,33.37434],[10.77468,33.38229],[10.76634,33.38281],[10.75001,33.40038],[10.75072,33.41137],[10.75932,33.427],[10.7576,33.44551],[10.76763,33.45567],[10.76667,33.47475],[10.7801,33.47511],[10.78007,33.4727],[10.78214,33.47706],[10.78297,33.47191],[10.78632,33.48183],[10.79987,33.48354],[10.80674,33.49502],[10.82746,33.4964],[10.84334,33.50157],[10.85107,33.50948],[10.92497,33.5288],[10.94304,33.55222],[10.94856,33.56479],[10.94127,33.57861],[10.93738,33.577],[10.94038,33.58013],[10.92697,33.59945],[10.91395,33.60323],[10.91233,33.60481],[10.91172,33.60692],[10.91094,33.61155],[10.92154,33.61979],[10.94565,33.62631],[10.94105,33.63348],[10.94303,33.63232],[10.94595,33.62814],[10.94675,33.63015],[10.94793,33.62946],[10.95598,33.62833],[10.97284,33.62223],[10.99328,33.62526],[10.99528,33.63606],[10.98963,33.63395],[10.98856,33.63884],[10.99245,33.63877],[11.00066,33.63418],[11.04282,33.61787],[11.06031,33.60834],[11.07358,33.59447],[11.10816,33.54963],[11.11158,33.54002],[11.11626,33.49354],[11.11581,33.4916],[11.11646,33.49153],[11.11653,33.49086],[11.11443,33.49225],[11.11201,33.49069],[11.1149,33.48767],[11.08993,33.45415],[11.09328,33.44432],[11.09251,33.43558],[11.10107,33.42147],[11.10544,33.40866],[11.10517,33.40766],[11.10711,33.40375],[11.11078,33.39297],[11.10251,33.36552],[11.0977,33.36623],[11.09858,33.36122],[11.09583,33.35977],[11.10694,33.35568],[11.1163,33.35751],[11.12695,33.36772],[11.13328,33.3696],[11.15089,33.35395],[11.17066,33.33177],[11.17488,33.32981],[11.17492,33.32945],[11.17789,33.32841],[11.19386,33.32099],[11.20586,33.31864],[11.23982,33.30678],[11.28676,33.2818],[11.28444,33.28083],[11.15935,33.31909]]],[[[11.11238,33.36406],[11.10579,33.36503],[11.11599,33.36765],[11.11238,33.36406]]]]}},{"type":"Feature","properties":{"id":"TUN:ADM2:11933810B855044538504","name":"بني خيار","countryCode":"TUN","adminLevel":2,"sourceCode":"11933810B855044538504","parentId":"TUN:ADM1:TUN-107"},"geometry":{"type":"Polygon","coordinates":[[[10.79884,36.45487],[10.79406,36.45254],[10.79554,36.45097],[10.79171,36.45106],[10.78604,36.45375],[10.77003,36.45015],[10.76755,36.46518],[10.76249,36.47349],[10.75855,36.47183],[10.75492,36.47529],[10.75928,36.48861],[10.76401,36.49257],[10.76457,36.49958],[10.74856,36.50978],[10.72438,36.53239],[10.71593,36.53485],[10.71168,36.54065],[10.71095,36.55203],[10.70542,36.55733],[10.69424,36.56042],[10.69689,36.57357],[10.68588,36.57903],[10.68577,36.585],[10.69494,36.59671],[10.70131,36.58711],[10.70362,36.59081],[10.72837,36.58412],[10.74781,36.57099],[10.76021,36.58392],[10.77743,36.58463],[10.78497,36.57872],[10.79557,36.57808],[10.79061,36.58526],[10.79543,36.59057],[10.81314,36.56966],[10.82175,36.5673],[10.80393,36.55528],[10.80713,36.54736],[10.80413,36.53181],[10.81481,36.52489],[10.81489,36.52006],[10.82013,36.51592],[10.83582,36.50872],[10.83055,36.49391],[10.81585,36.46916],[10.80384,36.45613],[10.79966,36.4555],[10.7972,36.45131],[10.7971,36.45129],[10.79884,36.45487]]]}},{"type":"Feature","properties":{"id":"TUN:ADM2:11933810B85991761590163","name":"أريانة المدينة","countryCode":"TUN","adminLevel":2,"sourceCode":"11933810B85991761590163","parentId":"TUN:ADM1:TUN-102"},"geometry":{"type":"Polygon","coordinates":[[[10.14635,36.85477],[10.16936,36.8405],[10.19257,36.85127],[10.20231,36.85038],[10.20285,36.85901],[10.20126,36.86339],[10.16281,36.88989],[10.15424,36.89073],[10.14581,36.87875],[10.14866,36.87633],[10.13795,36.8689],[10.13927,36.8624],[10.14635,36.85477]]]}},{"type":"Feature","properties":{"id":"TUN:ADM2:11933810B8760132099835","name":"الغريبة","countryCode":"TUN","adminLevel":2,"sourceCode":"11933810B8760132099835","parentId":"TUN:ADM1:TUN-114"},"geometry":{"type":"Polygon","coordinates":[[[10.19866,34.35964],[10.19522,34.35787],[10.1955,34.36292],[10.19371,34.36046],[10.19129,34.36434],[10.19764,34.38666],[10.19389,34.39228],[10.15444,34.42214],[10.12665,34.42588],[10.11356,34.44604],[10.11485,34.45917],[10.10732,34.46864],[10.10961,34.48371],[10.10549,34.48587],[10.09798,34.51002],[10.08717,34.51667],[10.08207,34.51651],[10.0792,34.52186],[10.07305,34.5225],[10.06845,34.54049],[10.07092,34.54462],[10.09333,34.55236],[10.11773,34.55404],[10.14283,34.57007],[10.14587,34.57594],[10.15176,34.57406],[10.16875,34.58765],[10.18068,34.60308],[10.19249,34.60675],[10.19832,34.62028],[10.2271,34.61214],[10.23867,34.61527],[10.23679,34.62055],[10.25345,34.61596],[10.27649,34.58182],[10.28983,34.57617],[10.29541,34.56859],[10.34221,34.60181],[10.36302,34.59607],[10.35744,34.58823],[10.36017,34.55898],[10.35725,34.55651],[10.35935,34.54935],[10.35433,34.53239],[10.36288,34.51611],[10.30557,34.51263],[10.30999,34.50828],[10.31541,34.51006],[10.31822,34.50413],[10.30508,34.49898],[10.2827,34.46882],[10.27345,34.46691],[10.27371,34.45089],[10.27735,34.4463],[10.27512,34.43129],[10.2766,34.42635],[10.28398,34.42469],[10.28562,34.41247],[10.28175,34.41277],[10.28363,34.41025],[10.28199,34.40888],[10.27801,34.40274],[10.2566,34.3791],[10.24724,34.37214],[10.23422,34.36933],[10.20105,34.35718],[10.19866,34.35964]]]}},{"type":"Feature","properties":{"id":"TUN:ADM2:11933810B87757841010951","name":"فوسانة","countryCode":"TUN","adminLevel":2,"sourceCode":"11933810B87757841010951","parentId":"TUN:ADM1:TUN-110"},"geometry":{"type":"Polygon","coordinates":[[[8.6457,35.44086],[8.63314,35.4273],[8.61724,35.41919],[8.61445,35.41237],[8.60188,35.40724],[8.59513,35.40727],[8.57819,35.42359],[8.57056,35.41811],[8.54442,35.41693],[8.54623,35.42327],[8.51791,35.4179],[8.51516,35.41983],[8.51467,35.41677],[8.49304,35.4087],[8.48405,35.41678],[8.47528,35.44562],[8.48013,35.46406],[8.47312,35.48634],[8.45976,35.47941],[8.44468,35.47817],[8.446,35.47339],[8.43069,35.47241],[8.40818,35.46388],[8.37243,35.46786],[8.35327,35.46314],[8.34981,35.45427],[8.33941,35.44549],[8.32913,35.42184],[8.31546,35.41421],[8.32449,35.41339],[8.32986,35.40653],[8.31269,35.37223],[8.31738,35.34124],[8.31685,35.32588],[8.31151,35.32445],[8.31155,35.31506],[8.32401,35.29841],[8.32474,35.28979],[8.3336,35.28045],[8.35878,35.27624],[8.39281,35.2576],[8.40877,35.24498],[8.42239,35.24598],[8.43966,35.23743],[8.45469,35.23626],[8.47558,35.24068],[8.45449,35.22005],[8.43857,35.19847],[8.46849,35.19939],[8.5056,35.21263],[8.52248,35.22598],[8.53322,35.24167],[8.55325,35.25581],[8.57714,35.24083],[8.63419,35.19548],[8.68041,35.20532],[8.70043,35.2201],[8.72269,35.24583],[8.72053,35.25525],[8.73147,35.26005],[8.74254,35.25977],[8.73922,35.26303],[8.73627,35.26152],[8.72777,35.26999],[8.73091,35.27746],[8.75756,35.28353],[8.77333,35.30399],[8.80223,35.30547],[8.79915,35.31362],[8.80201,35.32712],[8.80749,35.33608],[8.83478,35.3636],[8.84771,35.36978],[8.82948,35.36685],[8.82117,35.36246],[8.81164,35.37337],[8.78944,35.37516],[8.7669,35.38415],[8.76185,35.38171],[8.75648,35.38827],[8.73316,35.38315],[8.73882,35.40611],[8.72862,35.40874],[8.70038,35.42852],[8.69038,35.41241],[8.66679,35.41366],[8.6457,35.44086]]]}},{"type":"Feature","properties":{"id":"TUN:ADM2:11933810B87788045325558","name":"أوتيك","countryCode":"TUN","adminLevel":2,"sourceCode":"11933810B87788045325558","parentId":"TUN:ADM1:TUN-105"},"geometry":{"type":"Polygon","coordinates":[[[10.21632,37.1112],[10.18051,37.10659],[10.16961,37.11107],[10.16184,37.10887],[10.15678,37.11516],[10.13941,37.11247],[10.13124,37.10756],[10.13056,37.11181],[10.12369,37.11361],[10.11608,37.10634],[10.09422,37.0952],[10.08842,37.08374],[10.09451,37.06546],[10.09005,37.05791],[10.09051,37.05106],[10.07857,37.03498],[10.07452,37.01947],[10.06757,37.01422],[10.06605,37.00666],[10.02899,36.98341],[10.03058,36.97433],[10.02803,36.96984],[10.02485,36.96656],[10.0187,36.96683],[10.02399,36.96258],[10.02051,36.95575],[10.02133,36.94954],[10.00615,36.9379],[10.00983,36.93511],[10.01588,36.93723],[10.01732,36.93144],[10.02699,36.92147],[10.01689,36.91451],[10.00983,36.92552],[10.00418,36.92852],[9.99926,36.92455],[10.00046,36.91805],[9.97991,36.92645],[9.94365,36.91464],[9.94443,36.91942],[9.92691,36.9532],[9.91651,36.94952],[9.86952,36.95792],[9.86263,36.95488],[9.83733,36.96193],[9.82556,36.97166],[9.82863,36.97251],[9.82267,36.97685],[9.82322,36.98048],[9.83037,36.97913],[9.83279,36.98558],[9.8296,36.99368],[9.83374,37.00691],[9.83009,37.02694],[9.84687,37.02396],[9.84202,37.02975],[9.83835,37.0431],[9.82977,37.04767],[9.84777,37.05043],[9.86144,37.04792],[9.86868,37.06613],[9.89109,37.07618],[9.89721,37.08437],[9.90662,37.08621],[9.90726,37.09205],[9.91488,37.09248],[9.91843,37.09862],[9.93308,37.10067],[9.93725,37.106],[9.96318,37.11264],[9.9632,37.11539],[9.97285,37.11238],[9.98431,37.10172],[9.99452,37.11],[10.00411,37.07481],[10.0177,37.09917],[10.03315,37.11098],[10.05791,37.12162],[10.09894,37.12553],[10.10203,37.13288],[10.10924,37.13706],[10.13152,37.14319],[10.13542,37.14234],[10.13543,37.14232],[10.13831,37.14144],[10.13567,37.1369],[10.1426,37.13573],[10.14212,37.12983],[10.15788,37.12512],[10.17615,37.1247],[10.18157,37.12919],[10.18118,37.12482],[10.17375,37.1213],[10.19056,37.11365],[10.19036,37.11136],[10.21487,37.11233],[10.20751,37.13675],[10.21127,37.1376],[10.21132,37.13755],[10.21632,37.1112]]]}},{"type":"Feature","properties":{"id":"TUN:ADM2:11933810B88432623246130","name":"قبلي الشمالية","countryCode":"TUN","adminLevel":2,"sourceCode":"11933810B88432623246130","parentId":"TUN:ADM1:TUN-97"},"geometry":{"type":"Polygon","coordinates":[[[9.1354,34.1657],[9.13336,34.16252],[9.13594,34.15173],[9.13044,34.14591],[9.12594,34.12732],[9.12257,34.12144],[9.1172,34.1193],[9.11195,34.10548],[9.10573,34.10371],[9.10578,34.09169],[9.10129,34.0865],[9.1033,34.08398],[9.0997,34.08348],[9.09392,34.07084],[9.09862,34.04984],[9.03653,34.00763],[9.02593,34.00695],[9.00869,33.98716],[8.98592,33.94889],[8.91792,33.86466],[8.91813,33.86152],[8.86173,33.81476],[8.85046,33.79736],[8.84658,33.78368],[8.85053,33.78374],[8.85088,33.77846],[8.85934,33.77633],[8.85717,33.77474],[8.8593,33.77294],[8.84942,33.77531],[8.84592,33.77028],[8.85067,33.76989],[8.84948,33.7586],[8.85325,33.75273],[8.8489,33.7483],[8.80037,33.75722],[8.80936,33.74443],[8.80988,33.73872],[8.77477,33.73887],[8.73718,33.7465],[8.73374,33.74036],[8.71366,33.7268],[8.71503,33.72438],[8.68462,33.6954],[8.69234,33.69611],[8.69955,33.68826],[8.84294,33.64494],[8.86643,33.64842],[8.87335,33.66476],[8.86645,33.67832],[8.88271,33.69734],[8.90438,33.69401],[8.91904,33.71438],[8.95159,33.70754],[8.96043,33.69684],[8.95198,33.68511],[8.95001,33.66661],[8.93807,33.65268],[8.95184,33.64049],[8.97153,33.61252],[8.98346,33.60837],[8.98561,33.60415],[8.99411,33.60544],[8.99852,33.60023],[9.07586,33.63667],[9.11355,33.69663],[9.13806,33.70954],[9.17671,33.68216],[9.22919,33.66698],[9.2664,33.66008],[9.26863,33.65605],[9.3173,33.6544],[9.36713,33.64526],[9.37844,33.65428],[9.38445,33.6534],[9.39727,33.66258],[9.40095,33.67063],[9.39941,33.68416],[9.39312,33.69658],[9.389,33.6989],[9.39707,33.69925],[9.37059,33.70242],[9.35091,33.71065],[9.33959,33.73611],[9.33385,33.77285],[9.31149,33.8044],[9.27221,33.87042],[9.24809,33.92923],[9.25282,34.03844],[9.26256,34.0532],[9.26248,34.05902],[9.27602,34.06582],[9.27204,34.07324],[9.28482,34.0789],[9.29205,34.08746],[9.3015,34.09196],[9.31831,34.09127],[9.32573,34.09766],[9.32754,34.10655],[9.35078,34.11313],[9.30752,34.12484],[9.30431,34.13258],[9.27558,34.14129],[9.24739,34.18543],[9.22354,34.17183],[9.19062,34.17014],[9.15666,34.16408],[9.14799,34.16792],[9.1354,34.1657]]]}},{"type":"Feature","properties":{"id":"TUN:ADM2:11933810B88650874660140","name":"سجنان","countryCode":"TUN","adminLevel":2,"sourceCode":"11933810B88650874660140","parentId":"TUN:ADM1:TUN-105"},"geometry":{"type":"Polygon","coordinates":[[[9.4563,37.26303],[9.47418,37.26826],[9.47821,37.26406],[9.47545,37.25371],[9.47915,37.23386],[9.47631,37.22973],[9.48259,37.21921],[9.50203,37.20625],[9.50587,37.19647],[9.50212,37.19444],[9.50265,37.19104],[9.48881,37.18261],[9.48482,37.18369],[9.48025,37.1782],[9.46062,37.17437],[9.46255,37.17056],[9.45729,37.17176],[9.45712,37.16637],[9.44749,37.16647],[9.44223,37.16328],[9.43849,37.15625],[9.42706,37.15242],[9.42742,37.14775],[9.42144,37.14402],[9.41547,37.1437],[9.40594,37.13668],[9.40425,37.13938],[9.39217,37.13752],[9.38925,37.12847],[9.39466,37.09598],[9.37371,37.08274],[9.37496,37.07858],[9.36483,37.07579],[9.36867,37.07052],[9.3549,37.06836],[9.34863,37.06169],[9.35994,37.05973],[9.35758,37.05801],[9.36191,37.05398],[9.35552,37.04775],[9.3602,37.03331],[9.32861,37.02733],[9.30494,37.02742],[9.29245,37.02348],[9.28896,37.01779],[9.28682,37.02149],[9.26789,37.01872],[9.2663,37.02249],[9.25978,37.01536],[9.24746,37.02112],[9.24124,37.01954],[9.23733,37.0131],[9.22759,37.01375],[9.22251,37.00707],[9.21793,37.00793],[9.21608,37.00316],[9.2046,37.01044],[9.2087,37.01599],[9.2066,37.02759],[9.18718,37.05064],[9.16961,37.05528],[9.14626,37.05417],[9.13799,37.04897],[9.1197,37.04742],[9.11332,37.0509],[9.10835,37.0465],[9.09554,37.06934],[9.07457,37.08208],[9.08468,37.10171],[9.09195,37.1071],[9.0916,37.11246],[9.10598,37.11686],[9.11159,37.12861],[9.1038,37.13028],[9.09666,37.1362],[9.09151,37.14194],[9.09013,37.15044],[9.08211,37.15702],[9.12186,37.16224],[9.12476,37.16892],[9.154,37.18327],[9.16546,37.19589],[9.1714,37.1988],[9.17431,37.2026],[9.17556,37.20251],[9.17621,37.20506],[9.19157,37.22507],[9.19528,37.22735],[9.2107,37.23383],[9.22038,37.23394],[9.22109,37.23223],[9.21995,37.22736],[9.2251,37.22786],[9.22571,37.21861],[9.25077,37.21907],[9.25494,37.21611],[9.25976,37.21751],[9.25881,37.22111],[9.27358,37.22082],[9.29676,37.23181],[9.33081,37.23121],[9.34104,37.23532],[9.34254,37.23534],[9.38071,37.24746],[9.40079,37.26476],[9.4036,37.26489],[9.40845,37.2695],[9.43777,37.26896],[9.44288,37.26655],[9.44692,37.26719],[9.4563,37.26303]]]}},{"type":"Feature","properties":{"id":"TUN:ADM2:11933810B89439185484115","name":"ساقية الزيت","countryCode":"TUN","adminLevel":2,"sourceCode":"11933810B89439185484115","parentId":"TUN:ADM1:TUN-114"},"geometry":{"type":"Polygon","coordinates":[[[10.74902,34.77159],[10.75297,34.76966],[10.76103,34.77239],[10.76109,34.77571],[10.76579,34.77734],[10.77213,34.77572],[10.76946,34.78081],[10.77167,34.78585],[10.76841,34.78844],[10.77737,34.79944],[10.77469,34.8079],[10.7795,34.8125],[10.77615,34.81672],[10.7814,34.82345],[10.77815,34.82645],[10.78212,34.83048],[10.78178,34.83473],[10.78002,34.83337],[10.77279,34.83948],[10.76672,34.84855],[10.77208,34.8727],[10.76763,34.91076],[10.75994,34.90254],[10.74774,34.92081],[10.72199,34.93128],[10.69334,34.95089],[10.69129,34.94663],[10.6801,34.94346],[10.67732,34.93905],[10.67813,34.93177],[10.68036,34.92385],[10.69524,34.90579],[10.70801,34.88092],[10.68809,34.88074],[10.71746,34.8562],[10.72568,34.83037],[10.73514,34.81473],[10.71665,34.81617],[10.74902,34.77159]]]}},{"type":"Feature","properties":{"id":"TUN:ADM2:11933810B89464736925123","name":"طينة","countryCode":"TUN","adminLevel":2,"sourceCode":"11933810B89464736925123","parentId":"TUN:ADM1:TUN-114"},"geometry":{"type":"Polygon","coordinates":[[[10.62793,34.66461],[10.61942,34.6775],[10.61957,34.68467],[10.6033,34.68745],[10.58693,34.69751],[10.61817,34.70284],[10.61533,34.71722],[10.62816,34.72907],[10.64111,34.73012],[10.69512,34.73494],[10.70109,34.72499],[10.70951,34.72298],[10.71451,34.71633],[10.73559,34.70316],[10.73543,34.6997],[10.74174,34.69437],[10.73471,34.68085],[10.7173,34.66474],[10.70118,34.65595],[10.65459,34.64337],[10.62793,34.66461]]]}},{"type":"Feature","properties":{"id":"TUN:ADM2:11933810B89916598335200","name":"المرسى","countryCode":"TUN","adminLevel":2,"sourceCode":"11933810B89916598335200","parentId":"TUN:ADM1:TUN-102"},"geometry":{"type":"Polygon","coordinates":[[[10.31671,36.90208],[10.32209,36.89321],[10.34315,36.87984],[10.31582,36.86457],[10.31593,36.85719],[10.27148,36.87504],[10.27434,36.8818],[10.28049,36.88518],[10.27656,36.89076],[10.28283,36.89376],[10.28489,36.90131],[10.27582,36.90426],[10.27755,36.90628],[10.26937,36.9176],[10.25585,36.92816],[10.2498,36.93997],[10.25216,36.94316],[10.2883,36.92426],[10.29887,36.92048],[10.30758,36.92192],[10.30811,36.92162],[10.30674,36.92034],[10.30989,36.92062],[10.31049,36.92028],[10.31199,36.91669],[10.31484,36.91717],[10.32037,36.91085],[10.31671,36.90208]]]}},{"type":"Feature","properties":{"id":"TUN:ADM2:11933810B90101987139089","name":"العالية","countryCode":"TUN","adminLevel":2,"sourceCode":"11933810B90101987139089","parentId":"TUN:ADM1:TUN-105"},"geometry":{"type":"Polygon","coordinates":[[[9.99519,37.10696],[10.00227,37.10834],[10.01385,37.11967],[10.01272,37.12942],[10.0349,37.13543],[10.04881,37.14364],[10.04712,37.16705],[10.05485,37.17371],[10.05983,37.18683],[10.0581,37.18963],[10.06841,37.20908],[10.06437,37.20741],[10.04769,37.21497],[10.04016,37.20206],[10.02994,37.20416],[10.01469,37.18669],[10.00795,37.19459],[9.99031,37.20253],[9.98085,37.1852],[9.97194,37.1898],[9.96086,37.17759],[9.96244,37.17522],[9.95716,37.16118],[9.93822,37.15123],[9.92897,37.15077],[9.93352,37.14449],[9.93235,37.14015],[9.92484,37.13006],[9.91398,37.12427],[9.91825,37.11708],[9.92815,37.11111],[9.93479,37.11221],[9.94844,37.10786],[9.95283,37.11136],[9.95606,37.11013],[9.95561,37.11265],[9.96318,37.11264],[9.9632,37.11539],[9.97285,37.11238],[9.98431,37.10172],[9.98907,37.10814],[9.99452,37.11],[9.99519,37.10696]]]}},{"type":"Feature","properties":{"id":"TUN:ADM2:11933810B90184807818123","name":"منزل بوزيان","countryCode":"TUN","adminLevel":2,"sourceCode":"11933810B90184807818123","parentId":"TUN:ADM1:TUN-113"},"geometry":{"type":"Polygon","coordinates":[[[9.45695,34.48653],[9.45031,34.49511],[9.43947,34.5013],[9.43487,34.5078],[9.43927,34.51193],[9.43425,34.51471],[9.44191,34.52709],[9.46338,34.52426],[9.48309,34.53164],[9.47704,34.57677],[9.52457,34.58154],[9.51692,34.60123],[9.50308,34.59912],[9.49716,34.64336],[9.49131,34.65107],[9.52991,34.655],[9.54671,34.66273],[9.55467,34.67233],[9.56405,34.67479],[9.55304,34.68441],[9.54961,34.69378],[9.55136,34.69722],[9.54514,34.71052],[9.53058,34.73106],[9.52097,34.73597],[9.51819,34.74815],[9.52611,34.75353],[9.5273,34.76519],[9.49817,34.77332],[9.45812,34.77388],[9.45245,34.7768],[9.41495,34.77042],[9.42229,34.76043],[9.40118,34.75441],[9.39108,34.74447],[9.37531,34.74054],[9.33109,34.72028],[9.31761,34.72113],[9.30888,34.70448],[9.29786,34.69367],[9.2796,34.69105],[9.2632,34.68384],[9.26937,34.6756],[9.26828,34.67066],[9.28191,34.66024],[9.27174,34.64546],[9.27201,34.63421],[9.27759,34.62472],[9.2548,34.57867],[9.27029,34.5684],[9.2797,34.57583],[9.29306,34.58039],[9.29649,34.56627],[9.31286,34.56529],[9.30608,34.55768],[9.31424,34.55227],[9.34782,34.56748],[9.35023,34.56295],[9.34366,34.55913],[9.33469,34.54315],[9.33364,34.53544],[9.33894,34.53083],[9.31256,34.50791],[9.31015,34.50158],[9.3212,34.5006],[9.32652,34.49427],[9.33512,34.49406],[9.34243,34.50393],[9.35781,34.50673],[9.38365,34.50054],[9.40473,34.49957],[9.40354,34.4934],[9.41748,34.48261],[9.45309,34.48144],[9.45695,34.48653]]]}},{"type":"Feature","properties":{"id":"TUN:ADM2:11933810B90990960542190","name":"رواد","countryCode":"TUN","adminLevel":2,"sourceCode":"11933810B90990960542190","parentId":"TUN:ADM1:TUN-102"},"geometry":{"type":"Polygon","coordinates":[[[10.15424,36.89073],[10.16281,36.88989],[10.1855,36.87496],[10.18633,36.87997],[10.20876,36.88776],[10.21115,36.89238],[10.19119,36.906],[10.19152,36.91058],[10.18282,36.92145],[10.18051,36.93746],[10.19633,36.93788],[10.21706,36.95064],[10.23915,36.95126],[10.20514,36.98229],[10.19406,36.97818],[10.18765,36.96299],[10.17199,36.95284],[10.16767,36.97229],[10.15624,36.96755],[10.15193,36.97077],[10.14353,36.96485],[10.15951,36.95029],[10.14045,36.94629],[10.11411,36.92479],[10.1179,36.91373],[10.13043,36.91415],[10.12824,36.90665],[10.13286,36.89986],[10.14394,36.89895],[10.15424,36.89073]]]}},{"type":"Feature","properties":{"id":"TUN:ADM2:11933810B91048903383845","name":"Menzel Chaker","countryCode":"TUN","adminLevel":2,"sourceCode":"11933810B91048903383845","parentId":"TUN:ADM1:TUN-114"},"geometry":{"type":"Polygon","coordinates":[[[10.67732,34.93905],[10.6801,34.94346],[10.69129,34.94663],[10.69334,34.95089],[10.68321,34.95695],[10.67938,34.9656],[10.70137,34.97649],[10.70284,35.00198],[10.71093,35.01039],[10.71146,35.02039],[10.70646,35.0293],[10.63999,35.07241],[10.618,35.14033],[10.61603,35.16674],[10.60111,35.19875],[10.59424,35.24197],[10.56202,35.22806],[10.56441,35.22094],[10.57059,35.21669],[10.59201,35.1861],[10.58547,35.17933],[10.55587,35.15601],[10.52922,35.14272],[10.47637,35.13149],[10.46463,35.12445],[10.42741,35.08891],[10.4108,35.09009],[10.39412,35.10041],[10.3807,35.1119],[10.38007,35.1191],[10.3693,35.12474],[10.36411,35.13232],[10.3514,35.13553],[10.33517,35.13221],[10.31706,35.14357],[10.29096,35.13049],[10.28142,35.13032],[10.22899,35.15348],[10.22295,35.15303],[10.20109,35.14876],[10.17293,35.13739],[10.15023,35.13681],[10.14899,35.12275],[10.14305,35.11667],[10.13494,35.11923],[10.13024,35.11167],[10.11741,35.1056],[10.1098,35.09487],[10.06852,35.06715],[10.05781,35.0577],[10.05799,35.05122],[10.05344,35.04392],[10.06331,35.02023],[10.06361,35.00334],[10.11031,34.98107],[10.10581,34.97777],[10.10275,34.98022],[10.09693,34.97359],[10.0815,34.94592],[10.08977,34.93563],[10.10699,34.89893],[10.1212,34.87712],[10.12616,34.86699],[10.12273,34.86506],[10.13541,34.85027],[10.16607,34.83624],[10.18172,34.83632],[10.1942,34.84656],[10.20729,34.84393],[10.22589,34.8456],[10.25734,34.8338],[10.27289,34.8337],[10.28948,34.84684],[10.27987,34.85458],[10.28997,34.86501],[10.28649,34.86694],[10.30947,34.89965],[10.42534,34.85936],[10.49643,34.84542],[10.51866,34.84405],[10.58472,34.81633],[10.59751,34.83037],[10.58013,34.84483],[10.6132,34.86605],[10.61038,34.86781],[10.61346,34.87148],[10.63223,34.88088],[10.61613,34.89363],[10.63686,34.90435],[10.64066,34.89677],[10.64958,34.90935],[10.66218,34.91859],[10.66042,34.92596],[10.67097,34.93692],[10.67732,34.93905]]]}},{"type":"Feature","properties":{"id":"TUN:ADM2:11933810B91827641175132","name":"قصيبة المديوني","countryCode":"TUN","adminLevel":2,"sourceCode":"11933810B91827641175132","parentId":"TUN:ADM1:TUN-117"},"geometry":{"type":"Polygon","coordinates":[[[10.82938,35.59277],[10.85001,35.61227],[10.84195,35.62421],[10.84993,35.63345],[10.84631,35.63652],[10.84775,35.6404],[10.83053,35.6441],[10.83709,35.65069],[10.83748,35.65747],[10.85706,35.6533],[10.85144,35.6693],[10.85449,35.67258],[10.84928,35.67365],[10.84976,35.67647],[10.86598,35.67307],[10.86255,35.67722],[10.86838,35.68382],[10.85693,35.68455],[10.84666,35.69278],[10.83303,35.69751],[10.82128,35.69171],[10.81039,35.69182],[10.8127,35.68713],[10.80379,35.68555],[10.80859,35.67091],[10.79557,35.65252],[10.78443,35.64965],[10.79304,35.64898],[10.80903,35.63965],[10.8194,35.61601],[10.82449,35.61116],[10.82233,35.59918],[10.82938,35.59277]]]}},{"type":"Feature","properties":{"id":"TUN:ADM2:11933810B91924190982808","name":"سبالة أوالد عسكر","countryCode":"TUN","adminLevel":2,"sourceCode":"11933810B91924190982808","parentId":"TUN:ADM1:TUN-113"},"geometry":{"type":"Polygon","coordinates":[[[9.19785,35.37394],[9.15763,35.31117],[9.15035,35.29468],[9.15037,35.28788],[9.16916,35.27233],[9.19601,35.2586],[9.20317,35.251],[9.20345,35.24508],[9.2489,35.23127],[9.27489,35.21513],[9.26489,35.20812],[9.23814,35.19808],[9.25232,35.17908],[9.25375,35.16711],[9.2528,35.15342],[9.24286,35.1376],[9.26309,35.11772],[9.30261,35.1022],[9.32389,35.08274],[9.3496,35.10969],[9.36364,35.12982],[9.36446,35.13526],[9.3611,35.13923],[9.38197,35.2235],[9.37108,35.22789],[9.36339,35.2381],[9.3554,35.2377],[9.35345,35.24378],[9.34428,35.24219],[9.33996,35.24876],[9.32999,35.24661],[9.32224,35.24989],[9.31922,35.25753],[9.31394,35.26019],[9.31364,35.26974],[9.30561,35.27446],[9.29635,35.29256],[9.27475,35.30543],[9.25691,35.33266],[9.24823,35.33579],[9.23852,35.35328],[9.21091,35.36126],[9.19785,35.37394]]]}},{"type":"Feature","properties":{"id":"TUN:ADM2:11933810B92430147648185","name":"حمام سوسة","countryCode":"TUN","adminLevel":2,"sourceCode":"11933810B92430147648185","parentId":"TUN:ADM1:TUN-119"},"geometry":{"type":"Polygon","coordinates":[[[10.60229,35.8553],[10.60384,35.85403],[10.58304,35.83945],[10.56729,35.83326],[10.56749,35.83934],[10.5628,35.8465],[10.56803,35.84915],[10.56655,35.8561],[10.5692,35.86056],[10.58937,35.86627],[10.5684,35.89231],[10.56889,35.89665],[10.5831,35.90185],[10.57449,35.9137],[10.5808,35.91634],[10.58713,35.90621],[10.58926,35.90432],[10.60712,35.8595],[10.60229,35.8553]]]}},{"type":"Feature","properties":{"id":"TUN:ADM2:11933810B92881576006474","name":"تينجة","countryCode":"TUN","adminLevel":2,"sourceCode":"11933810B92881576006474","parentId":"TUN:ADM1:TUN-105"},"geometry":{"type":"Polygon","coordinates":[[[9.77833,37.0889],[9.77876,37.09897],[9.77533,37.10593],[9.77924,37.11303],[9.76964,37.13745],[9.77252,37.15342],[9.78773,37.1751],[9.78191,37.18614],[9.77512,37.18619],[9.77289,37.18427],[9.77547,37.17899],[9.7663,37.17514],[9.76645,37.1722],[9.7583,37.17099],[9.74873,37.13795],[9.73212,37.12048],[9.71933,37.11911],[9.70732,37.12318],[9.70032,37.12756],[9.69783,37.14084],[9.68101,37.13632],[9.67041,37.14289],[9.66264,37.13574],[9.62779,37.13097],[9.61516,37.1199],[9.62385,37.11815],[9.62885,37.11136],[9.64024,37.11322],[9.65127,37.1104],[9.66056,37.11413],[9.68137,37.11021],[9.72034,37.11276],[9.71802,37.10814],[9.72118,37.10448],[9.71633,37.09561],[9.71429,37.08225],[9.71425,37.07322],[9.71753,37.07196],[9.7338,37.07658],[9.74315,37.08339],[9.75535,37.0768],[9.77833,37.0889]]]}},{"type":"Feature","properties":{"id":"TUN:ADM2:11933810B93089307586019","name":"قابس الغربية","countryCode":"TUN","adminLevel":2,"sourceCode":"11933810B93089307586019","parentId":"TUN:ADM1:TUN-111"},"geometry":{"type":"Polygon","coordinates":[[[9.91093,33.91195],[9.91156,33.87772],[9.90728,33.8663],[9.90857,33.85413],[9.92484,33.82731],[9.93885,33.81544],[9.95422,33.81943],[9.95948,33.8175],[9.9779,33.82482],[9.98269,33.82803],[9.98121,33.83118],[9.99251,33.83702],[10.01861,33.8434],[10.0327,33.85406],[10.03877,33.85202],[10.04852,33.84159],[10.06218,33.84043],[10.08179,33.85663],[10.08066,33.86789],[10.0863,33.87177],[10.08482,33.88361],[10.07737,33.89357],[10.0838,33.90505],[10.0807,33.90711],[10.0726,33.93039],[10.05899,33.9175],[10.04986,33.91371],[10.02628,33.94082],[10.00405,33.92742],[9.96926,33.91971],[9.96615,33.93576],[9.93618,33.9138],[9.91093,33.91195]]]}},{"type":"Feature","properties":{"id":"TUN:ADM2:11933810B93469460723803","name":"والد شامخ","countryCode":"TUN","adminLevel":2,"sourceCode":"11933810B93469460723803","parentId":"TUN:ADM1:TUN-116"},"geometry":{"type":"Polygon","coordinates":[[[10.21976,35.47158],[10.22495,35.45661],[10.221,35.45286],[10.22082,35.44295],[10.21394,35.43614],[10.19359,35.43292],[10.18592,35.42468],[10.18923,35.42412],[10.19129,35.41574],[10.20143,35.40068],[10.2278,35.36779],[10.24065,35.36905],[10.28664,35.38352],[10.29817,35.37155],[10.30229,35.37154],[10.3233,35.38602],[10.33178,35.38159],[10.34387,35.38426],[10.34532,35.37856],[10.35155,35.37884],[10.34923,35.37477],[10.35246,35.36905],[10.35913,35.36682],[10.38638,35.36542],[10.39128,35.37404],[10.41044,35.369],[10.41208,35.37501],[10.40386,35.38614],[10.3979,35.38867],[10.41843,35.41293],[10.42657,35.41823],[10.42164,35.4266],[10.41568,35.42729],[10.41419,35.4387],[10.42331,35.4516],[10.43492,35.45354],[10.44059,35.44945],[10.45916,35.45139],[10.46283,35.45427],[10.45226,35.46873],[10.45833,35.47469],[10.45108,35.48192],[10.44069,35.48168],[10.42653,35.48902],[10.42301,35.49717],[10.40289,35.48984],[10.39682,35.49519],[10.39109,35.49393],[10.39248,35.49837],[10.37654,35.49255],[10.38946,35.4937],[10.38323,35.49264],[10.37831,35.48479],[10.38565,35.48335],[10.38319,35.47754],[10.3769,35.47726],[10.37544,35.47217],[10.37115,35.47085],[10.36208,35.49299],[10.35569,35.49098],[10.3506,35.49417],[10.35089,35.50047],[10.33626,35.50222],[10.31985,35.52178],[10.3142,35.51801],[10.31062,35.52957],[10.30631,35.52595],[10.30116,35.52641],[10.30766,35.53416],[10.29436,35.53971],[10.29291,35.55151],[10.30102,35.55303],[10.30184,35.562],[10.3101,35.56736],[10.30866,35.57155],[10.31469,35.57369],[10.32242,35.56947],[10.31486,35.58012],[10.32699,35.57321],[10.32325,35.58415],[10.32454,35.59122],[10.33027,35.59146],[10.33051,35.5949],[10.32122,35.59413],[10.31591,35.58522],[10.30727,35.58501],[10.30574,35.58158],[10.28538,35.57696],[10.27407,35.5805],[10.23369,35.56784],[10.20729,35.55366],[10.25732,35.49879],[10.22025,35.47552],[10.21976,35.47158]]]}},{"type":"Feature","properties":{"id":"TUN:ADM2:11933810B93669853270617","name":"أولاد حفوز","countryCode":"TUN","adminLevel":2,"sourceCode":"11933810B93669853270617","parentId":"TUN:ADM1:TUN-113"},"geometry":{"type":"Polygon","coordinates":[[[9.69882,35.20065],[9.70872,35.1415],[9.70254,35.12555],[9.69612,35.11842],[9.72082,35.11482],[9.73128,35.1086],[9.71817,35.09793],[9.72336,35.08632],[9.72137,35.08199],[9.74042,35.07129],[9.74346,35.06291],[9.7594,35.05717],[9.76611,35.05149],[9.7885,35.02015],[9.78797,35.0132],[9.79367,35.00499],[9.79049,34.99671],[9.79241,34.99219],[9.8767,35.01863],[9.90709,35.05482],[9.91952,35.06327],[9.93808,35.05669],[9.95022,35.05827],[9.96953,35.0489],[9.97474,35.05008],[9.97641,35.05432],[10.00043,35.04171],[10.00237,35.04504],[10.01154,35.04326],[10.01739,35.05058],[10.00582,35.05244],[10.0129,35.06608],[10.00198,35.07954],[9.99409,35.08419],[10.00235,35.10288],[9.99211,35.12081],[9.99711,35.1265],[9.9934,35.14611],[9.99476,35.15515],[10.00149,35.16453],[9.98404,35.17243],[9.97358,35.18183],[9.9676,35.20244],[9.95054,35.20771],[9.94264,35.19894],[9.91437,35.19298],[9.89803,35.18409],[9.8884,35.18489],[9.88271,35.17989],[9.88649,35.17439],[9.88389,35.17],[9.8732,35.16611],[9.82171,35.17146],[9.79406,35.18156],[9.74779,35.18044],[9.69882,35.20065]]]}},{"type":"Feature","properties":{"id":"TUN:ADM2:11933810B93719080710322","name":"‫المحرس‬","countryCode":"TUN","adminLevel":2,"sourceCode":"11933810B93719080710322","parentId":"TUN:ADM1:TUN-114"},"geometry":{"type":"MultiPolygon","coordinates":[[[[10.28398,34.42469],[10.2766,34.42635],[10.27735,34.4463],[10.27371,34.45089],[10.27345,34.46691],[10.2827,34.46882],[10.30508,34.49898],[10.31822,34.50413],[10.31541,34.51006],[10.30999,34.50828],[10.30557,34.51263],[10.36288,34.51611],[10.35433,34.53239],[10.35935,34.54935],[10.35725,34.55651],[10.36017,34.55898],[10.35948,34.57213],[10.35682,34.57586],[10.35744,34.58823],[10.36302,34.59607],[10.36135,34.59843],[10.36718,34.6018],[10.36414,34.60678],[10.36693,34.62755],[10.40177,34.63435],[10.42377,34.65961],[10.42752,34.65528],[10.44162,34.6612],[10.46179,34.66127],[10.46523,34.66395],[10.48057,34.66081],[10.47862,34.65336],[10.4969,34.64216],[10.49534,34.64777],[10.50027,34.65583],[10.51151,34.66234],[10.54347,34.63987],[10.54137,34.63686],[10.55812,34.62394],[10.56733,34.62357],[10.57841,34.61489],[10.5823,34.61678],[10.60968,34.59638],[10.60743,34.59333],[10.6069,34.58721],[10.60269,34.58321],[10.6004,34.56511],[10.59875,34.56245],[10.59702,34.54471],[10.58352,34.53417],[10.57596,34.53034],[10.56997,34.52787],[10.55632,34.52311],[10.55153,34.52252],[10.55068,34.5225],[10.56328,34.52896],[10.55628,34.53053],[10.53311,34.52328],[10.52223,34.52705],[10.5166,34.5224],[10.50574,34.52372],[10.49842,34.52029],[10.49992,34.51614],[10.4993,34.51607],[10.49937,34.51674],[10.49918,34.51605],[10.49751,34.51584],[10.49742,34.51657],[10.49906,34.51734],[10.49568,34.52004],[10.49267,34.51654],[10.47675,34.51437],[10.47269,34.51278],[10.46599,34.51195],[10.4319,34.49632],[10.39589,34.44673],[10.38839,34.43884],[10.37635,34.42256],[10.3692,34.42101],[10.36949,34.42145],[10.36078,34.41988],[10.36198,34.4268],[10.35192,34.42794],[10.35125,34.42474],[10.33565,34.41938],[10.33871,34.41627],[10.32975,34.41842],[10.32867,34.4127],[10.32049,34.41324],[10.31129,34.41681],[10.30006,34.41771],[10.2881,34.41401],[10.28736,34.41339],[10.28398,34.42469]]],[[[10.35269,34.41843],[10.35269,34.41742],[10.35221,34.41732],[10.35269,34.41843]]]]}},{"type":"Feature","properties":{"id":"TUN:ADM2:11933810B93810808295366","name":"الحرائرية","countryCode":"TUN","adminLevel":2,"sourceCode":"11933810B93810808295366","parentId":"TUN:ADM1:TUN-108"},"geometry":{"type":"Polygon","coordinates":[[[10.12261,36.79497],[10.11921,36.79305],[10.11917,36.79748],[10.11523,36.79592],[10.10041,36.80202],[10.09064,36.80118],[10.08139,36.79582],[10.07388,36.79958],[10.06388,36.79545],[10.05985,36.79714],[10.05157,36.78665],[10.04474,36.7941],[10.03905,36.79255],[10.02958,36.79865],[10.02068,36.79852],[10.00379,36.78692],[10.02402,36.77559],[10.0293,36.7619],[10.05405,36.77355],[10.08153,36.7745],[10.12795,36.7874],[10.12261,36.79497]]]}},{"type":"Feature","properties":{"id":"TUN:ADM2:11933810B93819416666054","name":"سوسة جوهرة","countryCode":"TUN","adminLevel":2,"sourceCode":"11933810B93819416666054","parentId":"TUN:ADM1:TUN-119"},"geometry":{"type":"Polygon","coordinates":[[[10.58304,35.83945],[10.59482,35.82042],[10.61434,35.80248],[10.62934,35.81314],[10.63472,35.82177],[10.63173,35.83177],[10.60384,35.85403],[10.58304,35.83945]]]}},{"type":"Feature","properties":{"id":"TUN:ADM2:11933810B93906060339366","name":"القصر","countryCode":"TUN","adminLevel":2,"sourceCode":"11933810B93906060339366","parentId":"TUN:ADM1:TUN-112"},"geometry":{"type":"Polygon","coordinates":[[[8.82089,34.43698],[8.80454,34.41044],[8.79307,34.41095],[8.78463,34.40739],[8.7837,34.38191],[8.77438,34.38067],[8.76816,34.38489],[8.7482,34.40831],[8.73478,34.40254],[8.73217,34.38842],[8.74384,34.36629],[8.71881,34.33684],[8.7201,34.32432],[8.7537,34.32537],[8.76224,34.32209],[8.77233,34.32501],[8.8055,34.32496],[8.8421,34.34115],[8.87452,34.34349],[8.88991,34.35358],[8.90597,34.36957],[8.98065,34.39831],[9.00042,34.39977],[9.04085,34.38233],[9.05531,34.3812],[9.0322,34.40874],[9.02859,34.42022],[9.00896,34.4371],[9.00363,34.45688],[8.99376,34.46845],[8.98522,34.486],[8.96415,34.50209],[8.93892,34.49062],[8.91806,34.48541],[8.88155,34.49662],[8.87187,34.48524],[8.88571,34.44686],[8.86099,34.43592],[8.83521,34.43241],[8.83781,34.44851],[8.84247,34.45362],[8.83386,34.45662],[8.82089,34.43698]]]}},{"type":"Feature","properties":{"id":"TUN:ADM2:11933810B94035776455507","name":"الهوارية","countryCode":"TUN","adminLevel":2,"sourceCode":"11933810B94035776455507","parentId":"TUN:ADM1:TUN-107"},"geometry":{"type":"Polygon","coordinates":[[[11.04909,37.0083],[11.04103,37.01385],[11.03495,37.01316],[11.01282,36.99266],[11.01687,36.9841],[11.03008,36.97132],[11.00859,36.95573],[11.00195,36.96209],[10.98985,36.9529],[10.98342,36.95282],[10.97917,36.94736],[10.97989,36.94325],[10.96141,36.93168],[10.96181,36.92808],[10.9393,36.91648],[10.92716,36.89678],[10.91048,36.8866],[10.89575,36.85368],[10.88633,36.83983],[10.87635,36.83604],[10.86563,36.84106],[10.86418,36.8295],[10.86006,36.82874],[10.86228,36.82107],[10.85262,36.82542],[10.84592,36.82207],[10.83831,36.82809],[10.82422,36.85505],[10.81289,36.84895],[10.78142,36.85087],[10.78106,36.8547],[10.78495,36.85774],[10.79794,36.85922],[10.80284,36.86539],[10.79931,36.86869],[10.80704,36.8672],[10.80851,36.87806],[10.80323,36.8818],[10.80535,36.88653],[10.8026,36.88938],[10.7659,36.9103],[10.78077,36.92302],[10.78321,36.92442],[10.79843,36.93726],[10.81872,36.94535],[10.82117,36.94975],[10.83447,36.9544],[10.86499,36.97559],[10.87421,36.97731],[10.87354,36.98188],[10.88007,36.98307],[10.88521,36.99207],[10.89269,36.99435],[10.89332,37.00207],[10.90035,37.0063],[10.89752,37.0084],[10.90031,37.00922],[10.89886,37.01069],[10.9119,37.00715],[10.91481,37.01859],[10.91096,37.0212],[10.90713,37.01917],[10.90975,37.02104],[10.90608,37.02238],[10.91116,37.02369],[10.90445,37.02801],[10.90982,37.03287],[10.90399,37.03681],[10.90882,37.03751],[10.90969,37.04057],[10.90416,37.04349],[10.90868,37.04496],[10.90553,37.04681],[10.90786,37.05037],[10.91376,37.04618],[10.92023,37.04815],[10.92387,37.04611],[10.93254,37.05174],[10.93831,37.04956],[10.95352,37.05376],[10.96091,37.05219],[10.96211,37.05459],[10.96678,37.04998],[10.9746,37.04979],[10.98604,37.05806],[10.99306,37.05769],[10.99382,37.06027],[11.01637,37.0666],[11.03829,37.07875],[11.03587,37.08646],[11.04773,37.08165],[11.04661,37.07769],[11.05336,37.07584],[11.06031,37.06249],[11.05893,37.0539],[11.0486,37.04198],[11.04607,37.03144],[11.04835,37.02033],[11.05596,37.00918],[11.04909,37.0083]]]}},{"type":"Feature","properties":{"id":"TUN:ADM2:11933810B9429743875970","name":"دار شعبان الفهري","countryCode":"TUN","adminLevel":2,"sourceCode":"11933810B9429743875970","parentId":"TUN:ADM1:TUN-107"},"geometry":{"type":"Polygon","coordinates":[[[10.75276,36.44425],[10.77003,36.45015],[10.76755,36.46518],[10.76249,36.47349],[10.75855,36.47183],[10.75492,36.47529],[10.75928,36.48861],[10.76401,36.49257],[10.76457,36.49958],[10.74856,36.50978],[10.72438,36.53239],[10.71593,36.53485],[10.71168,36.54065],[10.71095,36.55203],[10.70542,36.55733],[10.69424,36.56042],[10.69689,36.57357],[10.68588,36.57903],[10.68577,36.585],[10.65788,36.59187],[10.64587,36.59076],[10.66231,36.57181],[10.64193,36.56091],[10.62216,36.54443],[10.64861,36.52517],[10.65104,36.51825],[10.67379,36.53885],[10.69052,36.53342],[10.69453,36.52717],[10.68951,36.5191],[10.69439,36.51338],[10.69013,36.5031],[10.71792,36.48746],[10.72151,36.48386],[10.72136,36.47886],[10.7387,36.46514],[10.75276,36.44425]]]}},{"type":"Feature","properties":{"id":"TUN:ADM2:11933810B94389885221206","name":"واد مليز","countryCode":"TUN","adminLevel":2,"sourceCode":"11933810B94389885221206","parentId":"TUN:ADM1:TUN-106"},"geometry":{"type":"Polygon","coordinates":[[[8.53971,36.39533],[8.54338,36.39869],[8.55284,36.39515],[8.56164,36.40103],[8.57887,36.40324],[8.58795,36.40192],[8.59741,36.39445],[8.60657,36.39564],[8.61129,36.40662],[8.6616,36.41922],[8.66487,36.42367],[8.68026,36.43081],[8.68421,36.43902],[8.69181,36.44189],[8.65778,36.45372],[8.6628,36.45902],[8.65762,36.45998],[8.66057,36.4625],[8.65948,36.46628],[8.67078,36.47007],[8.67125,36.47311],[8.64967,36.4963],[8.64684,36.50295],[8.65363,36.51115],[8.64502,36.5161],[8.63665,36.51883],[8.6209,36.51416],[8.59997,36.50206],[8.5927,36.49237],[8.58873,36.49174],[8.5854,36.48297],[8.57017,36.4887],[8.57032,36.49231],[8.54928,36.49744],[8.55212,36.51378],[8.5481,36.51948],[8.55188,36.52594],[8.54053,36.53448],[8.5403,36.55234],[8.52328,36.56297],[8.52328,36.56999],[8.51562,36.57691],[8.49887,36.5646],[8.49887,36.5548],[8.49377,36.54842],[8.49647,36.53475],[8.49103,36.53668],[8.48449,36.53402],[8.47654,36.5216],[8.51789,36.48935],[8.52129,36.47658],[8.51436,36.47001],[8.51001,36.47123],[8.5088,36.47584],[8.50261,36.47168],[8.50511,36.46714],[8.48525,36.45992],[8.48866,36.43481],[8.48384,36.41632],[8.48724,36.41038],[8.502,36.40787],[8.51391,36.3985],[8.52435,36.3971],[8.53703,36.40081],[8.53971,36.39533]]]}},{"type":"Feature","properties":{"id":"TUN:ADM2:11933810B94695140482222","name":"المحمدية","countryCode":"TUN","adminLevel":2,"sourceCode":"11933810B94695140482222","parentId":"TUN:ADM1:TUN-104"},"geometry":{"type":"Polygon","coordinates":[[[10.14713,36.70867],[10.13552,36.69901],[10.12992,36.70152],[10.12481,36.69449],[10.11594,36.69641],[10.10707,36.69251],[10.09327,36.69685],[10.08605,36.6737],[10.0595,36.64566],[10.04295,36.62266],[10.04354,36.61963],[10.09022,36.59622],[10.08808,36.59497],[10.10753,36.58095],[10.1399,36.6008],[10.13551,36.61444],[10.12649,36.62732],[10.13004,36.64034],[10.1623,36.64048],[10.17347,36.65084],[10.19242,36.65231],[10.18602,36.65792],[10.19505,36.66143],[10.21349,36.67767],[10.21013,36.68752],[10.2038,36.68942],[10.20275,36.68448],[10.19597,36.68665],[10.17776,36.67782],[10.15603,36.69078],[10.15365,36.69718],[10.14674,36.69769],[10.15154,36.706],[10.14713,36.70867]]]}},{"type":"Feature","properties":{"id":"TUN:ADM2:11933810B95103152566623","name":"باردو","countryCode":"TUN","adminLevel":2,"sourceCode":"11933810B95103152566623","parentId":"TUN:ADM1:TUN-108"},"geometry":{"type":"Polygon","coordinates":[[[10.11793,36.83402],[10.11464,36.83015],[10.11921,36.79305],[10.13682,36.80177],[10.15156,36.80117],[10.14872,36.80917],[10.15551,36.80935],[10.13821,36.82164],[10.12545,36.81764],[10.11793,36.83402]]]}},{"type":"Feature","properties":{"id":"TUN:ADM2:11933810B95745204086870","name":"سيدي مخلوف","countryCode":"TUN","adminLevel":2,"sourceCode":"11933810B95745204086870","parentId":"TUN:ADM1:TUN-96"},"geometry":{"type":"Polygon","coordinates":[[[10.73935,33.66048],[10.73753,33.65338],[10.73155,33.64794],[10.7308,33.63834],[10.72239,33.63559],[10.71565,33.63993],[10.70959,33.63169],[10.69849,33.62529],[10.70062,33.62129],[10.67212,33.60581],[10.65261,33.6012],[10.64021,33.59172],[10.62929,33.57931],[10.62717,33.57017],[10.58631,33.52634],[10.58575,33.52296],[10.61428,33.5103],[10.64,33.49313],[10.62121,33.47265],[10.57833,33.44157],[10.52638,33.39806],[10.51836,33.38342],[10.51104,33.38232],[10.50092,33.38959],[10.49019,33.38849],[10.46777,33.38115],[10.45949,33.3742],[10.4534,33.38571],[10.45499,33.39503],[10.43372,33.42622],[10.42271,33.43393],[10.40727,33.42539],[10.37867,33.44696],[10.37496,33.45764],[10.36621,33.46313],[10.35162,33.48469],[10.34189,33.49097],[10.3414,33.51375],[10.34985,33.52435],[10.35487,33.52483],[10.35996,33.53427],[10.36018,33.55465],[10.36681,33.55915],[10.37171,33.57512],[10.38249,33.58126],[10.39215,33.59333],[10.40636,33.59153],[10.41134,33.59732],[10.41269,33.60556],[10.41825,33.60604],[10.41628,33.6094],[10.42033,33.61964],[10.41552,33.63018],[10.42484,33.63559],[10.42824,33.63157],[10.43679,33.63411],[10.43663,33.63081],[10.44192,33.62911],[10.44324,33.62222],[10.44963,33.62205],[10.44815,33.62484],[10.45543,33.62925],[10.4592,33.63025],[10.46062,33.62727],[10.46185,33.63079],[10.46974,33.63338],[10.48155,33.63123],[10.4929,33.62051],[10.48703,33.62973],[10.49409,33.63779],[10.50973,33.63979],[10.52045,33.64748],[10.55428,33.64956],[10.5681,33.65583],[10.56347,33.63791],[10.55897,33.63319],[10.56282,33.63429],[10.5544,33.62932],[10.57216,33.63447],[10.57857,33.63007],[10.58712,33.63008],[10.59446,33.63477],[10.5945,33.64064],[10.58008,33.63417],[10.56921,33.63866],[10.56591,33.64413],[10.57121,33.65418],[10.59979,33.66065],[10.6076,33.66737],[10.62713,33.67199],[10.64332,33.67459],[10.66069,33.68576],[10.69762,33.7026],[10.71482,33.70652],[10.71684,33.70664],[10.73999,33.67158],[10.73959,33.66267],[10.73915,33.6615],[10.73954,33.66136],[10.7395,33.66047],[10.73935,33.66048]]]}},{"type":"Feature","properties":{"id":"TUN:ADM2:11933810B95892911712161","name":"كندار","countryCode":"TUN","adminLevel":2,"sourceCode":"11933810B95892911712161","parentId":"TUN:ADM1:TUN-119"},"geometry":{"type":"Polygon","coordinates":[[[10.25569,36.00573],[10.25781,35.97974],[10.25278,35.96245],[10.23436,35.93396],[10.22898,35.91851],[10.22183,35.9215],[10.21924,35.91959],[10.21434,35.90614],[10.20226,35.90377],[10.19587,35.89052],[10.18707,35.88704],[10.17677,35.86763],[10.18077,35.85355],[10.17025,35.84509],[10.17209,35.84019],[10.16115,35.83646],[10.15923,35.8247],[10.16618,35.82166],[10.16032,35.81927],[10.15884,35.81292],[10.16564,35.80252],[10.17411,35.79783],[10.17317,35.79329],[10.18147,35.79031],[10.18493,35.78202],[10.1978,35.77081],[10.20531,35.77627],[10.21604,35.77683],[10.21836,35.78539],[10.23115,35.7957],[10.22892,35.81393],[10.19536,35.82402],[10.19626,35.83464],[10.20106,35.8369],[10.20793,35.84876],[10.22209,35.85763],[10.25333,35.88667],[10.27308,35.89804],[10.28101,35.89887],[10.29101,35.90829],[10.29226,35.91604],[10.29938,35.91291],[10.3032,35.91312],[10.3032,35.91754],[10.30797,35.9191],[10.31183,35.91563],[10.32131,35.91733],[10.32972,35.91493],[10.33333,35.90777],[10.34951,35.92636],[10.33655,35.92845],[10.33882,35.93728],[10.35667,35.94678],[10.35513,35.95623],[10.35071,35.96001],[10.35127,35.96481],[10.35599,35.9678],[10.34989,35.97113],[10.36577,35.97933],[10.32183,35.98572],[10.32414,35.99356],[10.31539,35.99488],[10.31681,36.00121],[10.25569,36.00573]]]}},{"type":"Feature","properties":{"id":"TUN:ADM2:11933810B96031064721664","name":"حي التضامن","countryCode":"TUN","adminLevel":2,"sourceCode":"11933810B96031064721664","parentId":"TUN:ADM1:TUN-102"},"geometry":{"type":"Polygon","coordinates":[[[10.11755,36.83595],[10.11681,36.83989],[10.11183,36.83819],[10.10563,36.84538],[10.0926,36.83709],[10.10491,36.82197],[10.11496,36.82753],[10.11755,36.83595]]]}},{"type":"Feature","properties":{"id":"TUN:ADM2:11933810B96784549406628","name":"العمران الأعلى","countryCode":"TUN","adminLevel":2,"sourceCode":"11933810B96784549406628","parentId":"TUN:ADM1:TUN-102"},"geometry":{"type":"Polygon","coordinates":[[[10.13821,36.82164],[10.14611,36.82686],[10.13522,36.8359],[10.13112,36.84824],[10.11672,36.84454],[10.11755,36.83595],[10.12147,36.83658],[10.12308,36.83081],[10.13355,36.82715],[10.13821,36.82164]]]}},{"type":"Feature","properties":{"id":"TUN:ADM2:11933810B97114621769355","name":"‫الصخیرة‬","countryCode":"TUN","adminLevel":2,"sourceCode":"11933810B97114621769355","parentId":"TUN:ADM1:TUN-114"},"geometry":{"type":"Polygon","coordinates":[[[10.02296,34.18235],[10.01651,34.1909],[10.01101,34.19323],[10.00114,34.18824],[9.99517,34.19335],[9.98245,34.19701],[9.96592,34.21113],[9.94913,34.2055],[9.9343,34.2062],[9.92203,34.19656],[9.92218,34.18957],[9.91756,34.18574],[9.91977,34.18147],[9.92376,34.18142],[9.92215,34.17833],[9.89568,34.16876],[9.89162,34.17913],[9.8636,34.19867],[9.86522,34.20683],[9.85446,34.21579],[9.85195,34.2277],[9.82523,34.23806],[9.81599,34.22927],[9.81864,34.22044],[9.7549,34.22013],[9.7111,34.2815],[9.76151,34.27435],[9.75435,34.28434],[9.75524,34.29019],[9.74592,34.3003],[9.74134,34.31594],[9.72005,34.33308],[9.72314,34.33719],[9.74456,34.3441],[9.76438,34.34603],[9.77492,34.35133],[9.77947,34.35849],[9.78925,34.35905],[9.80099,34.36488],[9.81895,34.36472],[9.82412,34.36736],[9.83208,34.36344],[9.85045,34.37018],[9.85912,34.37021],[9.88746,34.39682],[9.89838,34.42057],[9.92079,34.43168],[9.9162,34.44628],[9.91682,34.45939],[9.92444,34.46776],[9.9358,34.45065],[9.94109,34.44731],[9.94755,34.44999],[9.9624,34.45877],[9.9739,34.47187],[9.99129,34.48063],[9.99664,34.49009],[9.99986,34.49122],[10.00758,34.48666],[10.04715,34.52237],[10.05984,34.52583],[10.0792,34.52186],[10.08207,34.51651],[10.08717,34.51667],[10.09798,34.51002],[10.10549,34.48587],[10.10961,34.48371],[10.10732,34.46864],[10.11485,34.45917],[10.11356,34.44604],[10.12665,34.42588],[10.15444,34.42214],[10.16022,34.4157],[10.17758,34.40639],[10.19764,34.38666],[10.18549,34.35111],[10.16668,34.33881],[10.12672,34.32563],[10.10216,34.30407],[10.09538,34.28704],[10.09308,34.28667],[10.08095,34.26744],[10.06593,34.23306],[10.06385,34.22959],[10.0452,34.20491],[10.04625,34.21531],[10.05163,34.22477],[10.0433,34.2269],[10.03782,34.22155],[10.04288,34.21739],[10.04064,34.21176],[10.03672,34.20717],[10.02913,34.2062],[10.04115,34.20302],[10.04301,34.20638],[10.0432,34.19864],[10.03278,34.18465],[10.02716,34.18301],[10.02296,34.18235]]]}},{"type":"Feature","properties":{"id":"TUN:ADM2:11933810B97530891468779","name":"المدينة الجديدة","countryCode":"TUN","adminLevel":2,"sourceCode":"11933810B97530891468779","parentId":"TUN:ADM1:TUN-104"},"geometry":{"type":"Polygon","coordinates":[[[10.25324,36.72501],[10.25669,36.72849],[10.25651,36.736],[10.27475,36.74088],[10.24681,36.75551],[10.23388,36.74437],[10.22726,36.74423],[10.236,36.72472],[10.24746,36.71275],[10.24732,36.72179],[10.25324,36.72501]]]}},{"type":"Feature","properties":{"id":"TUN:ADM2:11933810B98016623241881","name":"سيدي ثابت","countryCode":"TUN","adminLevel":2,"sourceCode":"11933810B98016623241881","parentId":"TUN:ADM1:TUN-102"},"geometry":{"type":"Polygon","coordinates":[[[10.00046,36.91805],[10.0112,36.89706],[10.00438,36.89027],[10.00502,36.88092],[9.99695,36.87722],[9.99803,36.87075],[9.99087,36.85802],[9.97563,36.85883],[9.97891,36.84664],[9.96731,36.84594],[9.96329,36.84355],[9.96584,36.84138],[9.98103,36.83836],[9.98925,36.85221],[10.01987,36.85138],[10.02528,36.84795],[10.03751,36.85637],[10.03953,36.85391],[10.04331,36.86172],[10.05476,36.87077],[10.09578,36.87719],[10.1053,36.88672],[10.11728,36.88953],[10.10374,36.91984],[10.07796,36.96423],[10.06679,36.97716],[10.05633,36.96404],[10.04892,36.97436],[10.03095,36.98493],[10.02899,36.98341],[10.03058,36.97433],[10.02803,36.96984],[10.02485,36.96656],[10.0187,36.96683],[10.02399,36.96258],[10.02051,36.95575],[10.02133,36.94954],[10.00615,36.9379],[10.00983,36.93511],[10.01588,36.93723],[10.01732,36.93144],[10.02699,36.92147],[10.01513,36.91463],[10.00983,36.92552],[10.00418,36.92852],[9.99926,36.92455],[10.00046,36.91805]]]}},{"type":"Feature","properties":{"id":"TUN:ADM2:11933810B98066234289129","name":"فرنانة","countryCode":"TUN","adminLevel":2,"sourceCode":"11933810B98066234289129","parentId":"TUN:ADM1:TUN-106"},"geometry":{"type":"Polygon","coordinates":[[[8.48375,36.69875],[8.48745,36.69732],[8.48346,36.69045],[8.48341,36.68217],[8.47017,36.66796],[8.45132,36.66208],[8.45988,36.65834],[8.45747,36.64567],[8.4468,36.62368],[8.4492,36.61807],[8.47355,36.61868],[8.48003,36.60743],[8.48515,36.60504],[8.49897,36.61173],[8.50198,36.61021],[8.5182,36.59939],[8.51353,36.59382],[8.51705,36.58128],[8.52152,36.57857],[8.53416,36.5939],[8.53076,36.59872],[8.53697,36.60841],[8.55448,36.61087],[8.56242,36.60581],[8.55982,36.59727],[8.56289,36.59442],[8.57837,36.60733],[8.60669,36.60587],[8.61673,36.59591],[8.61774,36.58088],[8.63053,36.5737],[8.63568,36.57424],[8.63878,36.57822],[8.63408,36.58241],[8.64482,36.58916],[8.64979,36.58693],[8.66289,36.5905],[8.67708,36.58546],[8.6861,36.5905],[8.69182,36.58625],[8.69409,36.59216],[8.71078,36.59395],[8.71626,36.59965],[8.72043,36.59457],[8.71724,36.59141],[8.72229,36.58286],[8.72463,36.55836],[8.73177,36.57071],[8.77607,36.5717],[8.80506,36.58333],[8.79797,36.59529],[8.80911,36.60079],[8.80478,36.60615],[8.8021,36.6197],[8.78676,36.62964],[8.77431,36.64692],[8.78589,36.67831],[8.80845,36.69506],[8.81681,36.69506],[8.82132,36.69922],[8.81973,36.71689],[8.77127,36.70956],[8.7696,36.71465],[8.7594,36.72363],[8.74954,36.72296],[8.74132,36.73536],[8.74179,36.74702],[8.72375,36.74395],[8.71469,36.73437],[8.69761,36.72423],[8.69167,36.7234],[8.67992,36.73092],[8.67854,36.7159],[8.65872,36.70144],[8.65255,36.67525],[8.64937,36.67283],[8.63647,36.67771],[8.61164,36.69723],[8.61265,36.71331],[8.60147,36.72508],[8.60324,36.72986],[8.60809,36.73147],[8.60651,36.74105],[8.58637,36.72225],[8.57381,36.7161],[8.56589,36.70426],[8.53375,36.69549],[8.52255,36.69509],[8.49698,36.7034],[8.48375,36.69875]]]}},{"type":"Feature","properties":{"id":"TUN:ADM2:11933810B9843874857613","name":"العلاء","countryCode":"TUN","adminLevel":2,"sourceCode":"11933810B9843874857613","parentId":"TUN:ADM1:TUN-118"},"geometry":{"type":"Polygon","coordinates":[[[9.56137,35.67528],[9.55729,35.6733],[9.54683,35.6798],[9.54383,35.6923],[9.53686,35.69941],[9.53746,35.7069],[9.54107,35.71051],[9.53778,35.72205],[9.54085,35.73018],[9.54532,35.73147],[9.54281,35.7433],[9.52226,35.73829],[9.52492,35.73383],[9.52065,35.72893],[9.51604,35.73378],[9.50245,35.72942],[9.47825,35.73188],[9.47102,35.72738],[9.46801,35.72942],[9.46969,35.7247],[9.4546,35.72022],[9.45681,35.71326],[9.45108,35.71038],[9.44632,35.71177],[9.44272,35.70819],[9.43602,35.70862],[9.43297,35.71245],[9.43242,35.7094],[9.42529,35.70855],[9.41295,35.69421],[9.39796,35.68792],[9.36076,35.70496],[9.35349,35.70174],[9.33574,35.70122],[9.30227,35.72098],[9.29259,35.72238],[9.28081,35.72114],[9.27555,35.71694],[9.26956,35.70121],[9.27672,35.68745],[9.30259,35.66413],[9.30622,35.65417],[9.31785,35.65154],[9.3484,35.62972],[9.3566,35.62149],[9.35921,35.61175],[9.36947,35.59748],[9.38022,35.59904],[9.38932,35.59603],[9.39234,35.58201],[9.39591,35.58277],[9.40865,35.57114],[9.45186,35.58683],[9.4535,35.59789],[9.46412,35.60241],[9.47025,35.60212],[9.47784,35.59298],[9.50361,35.59647],[9.51062,35.58944],[9.54934,35.56952],[9.54689,35.5596],[9.55404,35.53823],[9.57231,35.51508],[9.57579,35.5387],[9.58508,35.55307],[9.60958,35.56915],[9.60833,35.57782],[9.63026,35.58802],[9.62942,35.59415],[9.62547,35.59677],[9.62592,35.60305],[9.61143,35.60927],[9.62688,35.61533],[9.63945,35.61489],[9.64728,35.61828],[9.63734,35.62506],[9.63006,35.63889],[9.62468,35.63607],[9.61743,35.63889],[9.59892,35.63611],[9.57639,35.64263],[9.57387,35.63825],[9.56884,35.64088],[9.55294,35.63867],[9.5427,35.65558],[9.56462,35.66386],[9.56137,35.67528]]]}},{"type":"Feature","properties":{"id":"TUN:ADM2:11933810B99005067592963","name":"جمال","countryCode":"TUN","adminLevel":2,"sourceCode":"11933810B99005067592963","parentId":"TUN:ADM1:TUN-117"},"geometry":{"type":"Polygon","coordinates":[[[10.74021,35.54148],[10.75594,35.54868],[10.77372,35.54939],[10.78772,35.55583],[10.80113,35.57591],[10.79236,35.58039],[10.79886,35.58448],[10.79124,35.59149],[10.79841,35.59649],[10.8077,35.59109],[10.81081,35.59519],[10.82233,35.59918],[10.82449,35.61116],[10.80447,35.64349],[10.79304,35.64898],[10.77798,35.64871],[10.77777,35.65236],[10.77006,35.65383],[10.76848,35.65113],[10.75942,35.65113],[10.7636,35.65397],[10.75911,35.66045],[10.76413,35.66239],[10.76377,35.66572],[10.75276,35.66089],[10.7401,35.64989],[10.73724,35.65334],[10.73493,35.65041],[10.71339,35.67252],[10.69782,35.65999],[10.69382,35.6634],[10.69182,35.65814],[10.68675,35.66741],[10.66893,35.66364],[10.65254,35.66528],[10.64771,35.67088],[10.6469,35.6641],[10.61871,35.63642],[10.59372,35.64824],[10.5774,35.64082],[10.59287,35.62407],[10.61783,35.55559],[10.66133,35.57828],[10.66012,35.60508],[10.6638,35.608],[10.68613,35.61282],[10.6984,35.62622],[10.72003,35.6231],[10.72223,35.60912],[10.73131,35.59645],[10.73963,35.59383],[10.74458,35.58595],[10.76143,35.58657],[10.75711,35.57043],[10.75298,35.56983],[10.75601,35.56397],[10.74069,35.55145],[10.74172,35.54641],[10.73824,35.54378],[10.74021,35.54148]]]}},{"type":"Feature","properties":{"id":"TUN:ADM2:11933810B99011573109347","name":"بومهل البساتين","countryCode":"TUN","adminLevel":2,"sourceCode":"11933810B99011573109347","parentId":"TUN:ADM1:TUN-104"},"geometry":{"type":"Polygon","coordinates":[[[10.32034,36.70063],[10.3166,36.73358],[10.27475,36.74088],[10.25651,36.736],[10.25669,36.72849],[10.25324,36.72501],[10.26418,36.71479],[10.27317,36.71604],[10.28271,36.71189],[10.29021,36.69006],[10.32034,36.70063]]]}},{"type":"Feature","properties":{"id":"TUN:ADM2:11933810B99487931603822","name":"الفحص","countryCode":"TUN","adminLevel":2,"sourceCode":"11933810B99487931603822","parentId":"TUN:ADM1:TUN-120"},"geometry":{"type":"Polygon","coordinates":[[[10.04211,36.20889],[10.04374,36.23387],[10.05198,36.2502],[10.06399,36.23135],[10.07773,36.24261],[10.09232,36.24402],[10.09137,36.25813],[10.06371,36.26452],[10.06515,36.2708],[10.05674,36.29076],[10.05839,36.30518],[10.03778,36.30431],[10.01121,36.3147],[10.00761,36.32429],[10.00179,36.32532],[10.00115,36.33085],[10.00548,36.33168],[10.00355,36.33851],[10.00883,36.33782],[10.0075,36.34054],[10.01656,36.35694],[10.01003,36.36534],[10.00793,36.37792],[10.01063,36.39013],[10.0039,36.39841],[10.00504,36.40205],[9.97444,36.40521],[9.9619,36.40199],[9.94945,36.39332],[9.93326,36.40257],[9.93403,36.4127],[9.94299,36.41713],[9.94057,36.41948],[9.9453,36.41996],[9.94423,36.42371],[9.95947,36.4173],[9.97095,36.42641],[9.96899,36.43097],[9.96066,36.43552],[9.96037,36.44286],[9.95636,36.44452],[9.95447,36.45005],[9.95808,36.45511],[9.95732,36.45953],[9.9471,36.46114],[9.9443,36.45889],[9.94777,36.46456],[9.94585,36.46722],[9.93201,36.47274],[9.91347,36.4566],[9.91722,36.45296],[9.91794,36.44413],[9.89809,36.43456],[9.88594,36.44571],[9.87244,36.45098],[9.86712,36.44864],[9.86434,36.45451],[9.84497,36.46639],[9.84324,36.47191],[9.83152,36.47381],[9.82569,36.48092],[9.81092,36.4843],[9.79762,36.48267],[9.78554,36.4746],[9.76364,36.4469],[9.75429,36.4424],[9.75387,36.43743],[9.74945,36.43693],[9.75394,36.43303],[9.75001,36.42887],[9.75421,36.41775],[9.76005,36.41452],[9.76102,36.41019],[9.75102,36.40743],[9.75786,36.38637],[9.75447,36.37364],[9.75462,36.35641],[9.73439,36.34979],[9.71664,36.33375],[9.72398,36.31469],[9.70392,36.30194],[9.6863,36.29943],[9.67143,36.28947],[9.6367,36.28862],[9.6182,36.26754],[9.61212,36.26722],[9.60725,36.262],[9.59554,36.26053],[9.5947,36.25603],[9.59766,36.25015],[9.61425,36.24447],[9.61513,36.23943],[9.62652,36.2395],[9.63704,36.23481],[9.64418,36.22481],[9.65367,36.22088],[9.65508,36.21569],[9.66178,36.21421],[9.67139,36.21724],[9.66972,36.22763],[9.67311,36.2294],[9.68637,36.21818],[9.69819,36.2142],[9.70003,36.20984],[9.71995,36.19849],[9.71747,36.1885],[9.72236,36.18117],[9.72472,36.1635],[9.74397,36.15978],[9.76075,36.15198],[9.76969,36.14392],[9.7556,36.11363],[9.75959,36.10878],[9.77935,36.10222],[9.79808,36.10276],[9.80784,36.10682],[9.8254,36.08946],[9.8287,36.05502],[9.84258,36.06385],[9.84316,36.07382],[9.8743,36.07407],[9.86587,36.08125],[9.86854,36.0833],[9.86714,36.08643],[9.87127,36.08824],[9.85922,36.0938],[9.85267,36.10263],[9.85439,36.10631],[9.84331,36.11284],[9.84725,36.11656],[9.84778,36.12634],[9.8382,36.12966],[9.8449,36.13084],[9.85034,36.13897],[9.86369,36.14646],[9.87005,36.15517],[9.89717,36.16157],[9.89456,36.17215],[9.89834,36.17941],[9.89521,36.18571],[9.89825,36.19539],[9.90363,36.19924],[9.91735,36.20058],[9.92026,36.20454],[9.95101,36.20343],[9.96165,36.20928],[9.96669,36.21741],[9.97786,36.21768],[9.98294,36.22296],[9.99646,36.22242],[10.00251,36.21739],[10.0208,36.22073],[10.01722,36.21029],[10.04211,36.20889]]]}},{"type":"Feature","properties":{"id":"TUN:ADM2:11933810B9968739853543","name":"نفطة","countryCode":"TUN","adminLevel":2,"sourceCode":"11933810B9968739853543","parentId":"TUN:ADM1:TUN-101"},"geometry":{"type":"Polygon","coordinates":[[[7.75177,34.10768],[7.74569,34.06595],[7.73974,33.97723],[7.75697,33.91251],[7.73028,33.84896],[7.7001,33.82407],[7.71101,33.81692],[7.72665,33.79444],[7.71904,33.74691],[7.7426,33.69447],[7.79992,33.64137],[7.87062,33.56172],[7.92918,33.50693],[8.02858,33.57404],[8.09253,33.62399],[8.14482,33.66011],[8.09035,33.7358],[8.0533,33.80161],[8.01059,33.85562],[8.00787,33.86656],[8.02317,33.88668],[8.01347,33.90396],[8.00725,33.93515],[7.96178,33.92519],[7.96052,33.93014],[7.96612,33.93119],[7.96335,33.94107],[7.97498,33.97534],[7.97791,34.12837],[7.88652,34.11976],[7.86433,34.13323],[7.82962,34.11455],[7.75177,34.10768]]]}}],"admin1":{"type":"FeatureCollection","features":[{"type":"Feature","properties":{"id":"TUN:ADM1:TUN-101","name":"Tozeur","countryCode":"TUN"},"geometry":{"type":"Polygon","coordinates":[[[7.73658,33.42466],[7.63385,33.57211],[7.5965,33.6481],[7.58915,33.68826],[7.5648,33.72721],[7.56215,33.77744],[7.52541,33.7983],[7.54721,33.83684],[7.52198,33.90508],[7.54142,33.93798],[7.53994,33.97516],[7.56039,34.01462],[7.53456,34.05256],[7.53026,34.06109],[7.53205,34.07027],[7.53728,34.07404],[7.55902,34.07793],[7.56392,34.08367],[7.58096,34.08635],[7.59084,34.09571],[7.58789,34.09756],[7.58191,34.09433],[7.57876,34.09585],[7.57962,34.09882],[7.58765,34.10497],[7.59979,34.10655],[7.60277,34.11073],[7.61405,34.11366],[7.61934,34.13983],[7.65521,34.19743],[7.73279,34.16983],[7.76798,34.18569],[7.81604,34.21354],[7.81334,34.24332],[7.81859,34.26621],[7.85354,34.3558],[7.85129,34.36801],[7.85805,34.38042],[7.85434,34.38244],[7.85234,34.39158],[7.85651,34.4053],[7.87555,34.40671],[7.88982,34.416],[7.91501,34.41491],[7.93266,34.41995],[7.93684,34.42275],[7.93238,34.42375],[7.93139,34.42827],[7.9415,34.43793],[7.95059,34.43946],[7.95334,34.4474],[7.97468,34.44781],[7.99734,34.45659],[8.01123,34.45809],[8.01869,34.47236],[8.04298,34.4934],[8.07202,34.49693],[8.07096,34.5032],[8.08488,34.51134],[8.08306,34.5158],[8.09843,34.51199],[8.11562,34.51232],[8.11433,34.51517],[8.12034,34.52419],[8.13765,34.53235],[8.11818,34.48593],[8.10117,34.44771],[8.07792,34.41665],[8.08597,34.41144],[8.09519,34.39885],[8.05911,34.35758],[8.04168,34.32855],[8.04644,34.31759],[8.06492,34.30211],[8.12199,34.26163],[8.15162,34.2201],[8.15476,34.20219],[8.29026,34.15028],[8.31171,34.15629],[8.32839,34.15706],[8.32773,34.12228],[8.34077,34.11448],[8.3437,34.10758],[8.33817,34.09896],[8.33848,34.0889],[8.33375,34.08336],[8.33788,34.07831],[8.33604,34.07502],[8.33916,34.06697],[8.34887,34.05307],[8.37205,34.0558],[8.38709,34.05286],[8.39974,34.06039],[8.41184,34.06316],[8.47159,34.0677],[8.51813,34.06601],[8.52831,34.06168],[8.55834,34.06044],[8.63218,34.06742],[8.64039,34.06099],[8.64766,34.06077],[8.64814,34.05061],[8.63002,34.01513],[8.60484,33.99366],[8.56257,33.93948],[8.54673,33.92374],[8.48618,33.88258],[8.44715,33.86057],[8.43243,33.84155],[8.35249,33.77988],[8.31776,33.75676],[8.22445,33.71767],[8.14482,33.66011],[8.09253,33.62399],[8.02858,33.57404],[7.92918,33.50693],[7.84735,33.45661],[7.73658,33.42466]]]}},{"type":"Feature","properties":{"id":"TUN:ADM1:TUN-102","name":"Manouba","countryCode":"TUN"},"geometry":{"type":"MultiPolygon","coordinates":[[[[10.02785,36.76937],[10.02823,36.76088],[10.04094,36.74534],[10.03226,36.73961],[10.07499,36.72414],[10.06983,36.70614],[10.08553,36.69519],[10.09042,36.69374],[10.09327,36.69685],[10.08605,36.6737],[10.0595,36.64566],[10.04295,36.62266],[10.03693,36.62954],[10.03525,36.63985],[10.02379,36.64893],[10.02892,36.65437],[10.01746,36.66277],[9.99856,36.64406],[9.99291,36.63094],[9.98083,36.61747],[9.96276,36.61461],[9.94978,36.60698],[9.93794,36.59454],[9.93562,36.58474],[9.92172,36.57621],[9.90247,36.55297],[9.88882,36.57264],[9.86402,36.57501],[9.86144,36.58736],[9.85425,36.60441],[9.84781,36.60889],[9.82882,36.60557],[9.81744,36.60769],[9.81007,36.62184],[9.81631,36.62932],[9.8118,36.6398],[9.80724,36.64151],[9.79694,36.63511],[9.78541,36.64658],[9.79674,36.65273],[9.79875,36.66534],[9.77571,36.6855],[9.78466,36.70824],[9.78801,36.71005],[9.76849,36.7216],[9.77491,36.72963],[9.76227,36.73094],[9.74179,36.71212],[9.7366,36.71481],[9.73792,36.72255],[9.71379,36.73326],[9.70837,36.73924],[9.71191,36.7416],[9.70815,36.74371],[9.69646,36.74485],[9.68133,36.75432],[9.64691,36.75774],[9.61649,36.77663],[9.60619,36.78787],[9.59995,36.78943],[9.5981,36.79591],[9.58542,36.80756],[9.57126,36.82731],[9.56626,36.84131],[9.5744,36.8508],[9.58813,36.85678],[9.62534,36.86738],[9.63042,36.86375],[9.6307,36.85628],[9.63486,36.85704],[9.63696,36.8623],[9.65287,36.86499],[9.6558,36.8671],[9.65465,36.87237],[9.67667,36.88399],[9.69216,36.88394],[9.7133,36.90212],[9.73992,36.88948],[9.76764,36.8914],[9.77926,36.92055],[9.78429,36.92294],[9.78925,36.93424],[9.79456,36.93931],[9.80584,36.94278],[9.81273,36.94024],[9.81064,36.94806],[9.81316,36.96298],[9.82556,36.97166],[9.83733,36.96193],[9.85158,36.95741],[9.86263,36.95488],[9.86952,36.95792],[9.91651,36.94952],[9.92691,36.9532],[9.94443,36.91942],[9.94365,36.91464],[9.97991,36.92645],[10.00046,36.91805],[9.99926,36.92455],[10.00418,36.92852],[10.00983,36.92552],[10.01513,36.91463],[10.02699,36.92147],[10.01732,36.93144],[10.01588,36.93723],[10.00983,36.93511],[10.00615,36.9379],[10.02133,36.94954],[10.02051,36.95575],[10.02399,36.96258],[10.0187,36.96683],[10.02485,36.96656],[10.02803,36.96984],[10.03058,36.97433],[10.02899,36.98341],[10.03095,36.98493],[10.06605,37.00666],[10.06757,37.01422],[10.07452,37.01947],[10.07857,37.03498],[10.09051,37.05106],[10.09005,37.05791],[10.09451,37.06546],[10.08842,37.08374],[10.09422,37.0952],[10.11608,37.10634],[10.12369,37.11361],[10.13056,37.11181],[10.13124,37.10756],[10.13941,37.11247],[10.15678,37.11516],[10.16184,37.10887],[10.16961,37.11107],[10.18051,37.10659],[10.21632,37.1112],[10.21427,37.10772],[10.21183,37.1058],[10.21546,37.11083],[10.20969,37.10951],[10.2097,37.10592],[10.19882,37.10384],[10.18746,37.09288],[10.20422,37.0998],[10.20381,37.09947],[10.19359,37.09305],[10.19427,37.09196],[10.19341,37.09128],[10.19287,37.09173],[10.18866,37.08753],[10.17433,37.07624],[10.17866,37.04976],[10.17937,37.0393],[10.18095,37.03581],[10.18238,37.02705],[10.18877,37.0185],[10.20514,36.98229],[10.23915,36.95126],[10.21706,36.95064],[10.19633,36.93788],[10.18051,36.93746],[10.18282,36.92145],[10.19152,36.91058],[10.19633,36.91383],[10.20447,36.90982],[10.20688,36.90488],[10.21179,36.9053],[10.24591,36.88801],[10.26453,36.88723],[10.27656,36.89076],[10.28283,36.89376],[10.28489,36.90131],[10.27582,36.90426],[10.27755,36.90628],[10.26937,36.9176],[10.25585,36.92816],[10.2498,36.93997],[10.25216,36.94316],[10.2883,36.92426],[10.29887,36.92048],[10.30758,36.92192],[10.30811,36.92162],[10.30674,36.92034],[10.30989,36.92062],[10.31049,36.92028],[10.31199,36.91669],[10.31484,36.91717],[10.32037,36.91085],[10.31671,36.90208],[10.32209,36.89321],[10.34315,36.87984],[10.31582,36.86457],[10.31593,36.85719],[10.27148,36.87504],[10.28864,36.8672],[10.28043,36.86273],[10.24396,36.86166],[10.23112,36.85687],[10.23501,36.87105],[10.23251,36.87122],[10.21433,36.85986],[10.2126,36.84855],[10.20231,36.85038],[10.19257,36.85127],[10.16936,36.8405],[10.14635,36.85477],[10.11672,36.84454],[10.11681,36.83989],[10.11755,36.83595],[10.11496,36.82753],[10.11917,36.79748],[10.11523,36.79592],[10.10041,36.80202],[10.09064,36.80118],[10.08139,36.79582],[10.07379,36.79954],[10.06388,36.79545],[10.05985,36.79714],[10.05157,36.78665],[10.04474,36.7941],[10.03905,36.79255],[10.02646,36.79878],[10.01375,36.79611],[10.01253,36.79156],[10.00379,36.78692],[10.0199,36.77949],[10.02785,36.76937]],[[9.96864,36.8322],[9.96584,36.84138],[9.96329,36.84355],[9.96864,36.8322]],[[10.07591,36.87239],[10.09578,36.87719],[10.05476,36.87077],[10.07591,36.87239]],[[10.08207,36.8553],[10.08542,36.8509],[10.07929,36.86212],[10.07495,36.86454],[10.08207,36.8553]],[[10.0943,36.83817],[10.10563,36.84538],[10.09391,36.83977],[10.0943,36.83817]],[[10.09606,36.831],[10.09793,36.83054],[10.09541,36.83363],[10.09606,36.831]],[[9.66874,36.78307],[9.66817,36.7841],[9.65817,36.78077],[9.6643,36.78155],[9.66874,36.78307]],[[9.84823,36.80831],[9.82596,36.81818],[9.82818,36.81573],[9.84823,36.80831]],[[9.86711,36.81761],[9.86733,36.81191],[9.87229,36.79512],[9.86711,36.81761]],[[9.92604,36.76388],[9.913,36.76632],[9.879,36.76347],[9.90104,36.76491],[9.92604,36.76388]],[[9.86726,36.86717],[9.8862,36.84556],[9.88893,36.84489],[9.86726,36.86717]],[[10.11619,36.8961],[10.10374,36.91984],[10.1169,36.89038],[10.11619,36.8961]],[[10.13053,36.88857],[10.11886,36.88734],[10.11911,36.887],[10.13053,36.88857]],[[10.16281,36.88989],[10.20126,36.86339],[10.1855,36.87496],[10.16281,36.88989]]],[[[10.13821,36.82164],[10.13355,36.82715],[10.12308,36.83081],[10.12147,36.83658],[10.11755,36.83595],[10.11672,36.84454],[10.13112,36.84824],[10.13522,36.8359],[10.14611,36.82686],[10.13821,36.82164]]]]}},{"type":"Feature","properties":{"id":"TUN:ADM1:TUN-103","name":"Beja","countryCode":"TUN"},"geometry":{"type":"Polygon","coordinates":[[[9.38946,36.73903],[9.401,36.7234],[9.41954,36.73322],[9.42751,36.73325],[9.43254,36.74551],[9.44866,36.75964],[9.46376,36.76603],[9.47552,36.76674],[9.48685,36.77605],[9.51642,36.78723],[9.51691,36.80099],[9.52494,36.80879],[9.52822,36.8174],[9.54839,36.82789],[9.55685,36.83399],[9.56019,36.84125],[9.56697,36.84341],[9.57126,36.82731],[9.58542,36.80756],[9.5981,36.79591],[9.59995,36.78943],[9.60619,36.78787],[9.61173,36.78017],[9.63811,36.7618],[9.64691,36.75774],[9.68133,36.75432],[9.69646,36.74485],[9.70815,36.74371],[9.71191,36.7416],[9.70837,36.73924],[9.71379,36.73326],[9.73792,36.72255],[9.7366,36.71481],[9.74179,36.71212],[9.76227,36.73094],[9.77491,36.72963],[9.76849,36.7216],[9.78801,36.71005],[9.78466,36.70824],[9.77571,36.6855],[9.79875,36.66534],[9.79674,36.65273],[9.78541,36.64658],[9.79694,36.63511],[9.80724,36.64151],[9.8118,36.6398],[9.81631,36.62932],[9.81007,36.62184],[9.81744,36.60769],[9.82882,36.60557],[9.84781,36.60889],[9.85425,36.60441],[9.85531,36.59762],[9.86053,36.59393],[9.86402,36.57501],[9.83866,36.56659],[9.82404,36.53022],[9.7971,36.52363],[9.78397,36.511],[9.78414,36.5005],[9.77565,36.48734],[9.76824,36.48551],[9.75937,36.48885],[9.75167,36.47795],[9.73293,36.46962],[9.73965,36.46574],[9.73554,36.46161],[9.73917,36.45074],[9.71134,36.44041],[9.70635,36.44487],[9.69819,36.44605],[9.68201,36.44092],[9.67524,36.4346],[9.65564,36.42733],[9.65248,36.41086],[9.64751,36.41228],[9.64256,36.42122],[9.62901,36.42605],[9.60836,36.42448],[9.58836,36.42854],[9.58304,36.42493],[9.57615,36.42662],[9.56924,36.42598],[9.56469,36.43729],[9.55225,36.44352],[9.53792,36.44573],[9.53745,36.4495],[9.5094,36.46384],[9.50221,36.45869],[9.48416,36.45859],[9.46331,36.44965],[9.45968,36.45017],[9.45284,36.45968],[9.43041,36.46249],[9.40033,36.44777],[9.3955,36.44218],[9.3812,36.44032],[9.37289,36.44333],[9.36119,36.4393],[9.36201,36.4191],[9.34929,36.40536],[9.34069,36.40311],[9.345,36.39436],[9.34252,36.39059],[9.32787,36.37902],[9.2864,36.35982],[9.28035,36.35339],[9.27546,36.33866],[9.27007,36.33545],[9.25769,36.36649],[9.24591,36.37412],[9.24271,36.36981],[9.19373,36.37166],[9.18013,36.38301],[9.17298,36.38441],[9.14687,36.37405],[9.13156,36.36359],[9.11337,36.36571],[9.11064,36.37062],[9.11406,36.37153],[9.1162,36.38357],[9.11321,36.39491],[9.09839,36.40354],[9.08612,36.40273],[9.08176,36.40675],[9.09028,36.41245],[9.08886,36.4195],[9.07039,36.43164],[9.06856,36.43622],[9.06809,36.43484],[9.03343,36.44405],[9.01789,36.45649],[9.01615,36.46342],[9.03671,36.4651],[9.04062,36.46016],[9.04437,36.46301],[9.04804,36.47461],[9.05201,36.47681],[9.05141,36.48413],[9.04377,36.49086],[9.05066,36.50206],[9.04308,36.50552],[9.05824,36.51546],[9.06637,36.52618],[9.07525,36.52654],[9.06754,36.54063],[9.07677,36.55076],[9.06761,36.5817],[9.07288,36.585],[9.06783,36.59021],[9.07585,36.59819],[9.0689,36.59981],[9.06135,36.60628],[9.06283,36.61099],[9.05461,36.61648],[9.04257,36.63954],[9.03107,36.64364],[9.02043,36.65924],[9.01616,36.66774],[9.02324,36.6683],[9.03027,36.68154],[9.02727,36.68439],[9.03229,36.68403],[9.02821,36.68787],[9.03032,36.68909],[9.02766,36.69496],[9.03253,36.70115],[9.02718,36.7063],[9.02935,36.71266],[9.03442,36.71479],[9.03249,36.72152],[9.03674,36.72494],[9.03071,36.72988],[9.02755,36.74991],[9.02352,36.74948],[9.01848,36.75653],[8.99466,36.7658],[8.95492,36.76774],[8.9497,36.76435],[8.94041,36.76987],[8.91623,36.77333],[8.91125,36.77805],[8.91686,36.78386],[8.9334,36.78994],[8.93065,36.79747],[8.93354,36.80364],[8.92097,36.80184],[8.91795,36.80611],[8.92204,36.81632],[8.93288,36.82133],[8.93241,36.82661],[8.94219,36.83384],[8.94219,36.83842],[8.95001,36.84332],[8.97224,36.84271],[8.9847,36.8479],[8.98823,36.8562],[8.99422,36.85891],[8.98892,36.87532],[8.99945,36.87575],[9.00091,36.88543],[8.99817,36.88545],[8.98098,36.89526],[8.97029,36.9068],[8.92776,36.92363],[8.92635,36.93226],[8.93295,36.94449],[8.94368,36.9504],[8.94131,36.95392],[8.93625,36.95391],[8.93841,36.95763],[8.93384,36.95732],[8.93249,36.9646],[8.9257,36.9733],[8.92311,36.97986],[8.92625,36.98427],[8.92463,36.98817],[8.88456,37.00862],[8.89971,37.02022],[8.90366,37.02167],[8.92579,37.03889],[8.93206,37.04501],[8.95436,37.0621],[8.96269,37.07675],[8.97039,37.08138],[8.98481,37.09834],[8.98449,37.10296],[8.97923,37.10385],[8.9794,37.1041],[8.98513,37.10476],[9.00919,37.11889],[9.01208,37.12685],[9.02042,37.12788],[9.0262,37.13738],[9.07371,37.15637],[9.08211,37.15702],[9.09013,37.15044],[9.09151,37.14194],[9.09666,37.1362],[9.1038,37.13028],[9.11159,37.12861],[9.10598,37.11686],[9.0916,37.11246],[9.09195,37.1071],[9.08468,37.10171],[9.07457,37.08208],[9.09554,37.06934],[9.10835,37.0465],[9.11332,37.0509],[9.1197,37.04742],[9.13799,37.04897],[9.14626,37.05417],[9.16961,37.05528],[9.18718,37.05064],[9.2066,37.02759],[9.2087,37.01599],[9.2046,37.01044],[9.21608,37.00316],[9.21488,36.98024],[9.2037,36.97037],[9.23158,36.9573],[9.24046,36.94475],[9.26024,36.92853],[9.24722,36.91765],[9.24548,36.91159],[9.24786,36.90588],[9.2639,36.9001],[9.26782,36.8951],[9.29389,36.89227],[9.29724,36.88112],[9.31271,36.87145],[9.31917,36.87315],[9.31919,36.88158],[9.32774,36.88563],[9.33236,36.87805],[9.33995,36.87781],[9.36014,36.86079],[9.38452,36.84945],[9.38362,36.8429],[9.38995,36.83808],[9.37946,36.83372],[9.36605,36.81173],[9.35989,36.80745],[9.36092,36.79522],[9.35628,36.79219],[9.35727,36.7845],[9.34493,36.76688],[9.35251,36.75564],[9.36691,36.75248],[9.3759,36.74678],[9.38946,36.73903]],[[9.34783,36.7026],[9.34645,36.6984],[9.33643,36.70673],[9.34866,36.69453],[9.34783,36.7026]],[[9.67198,36.63787],[9.67119,36.63799],[9.67125,36.63646],[9.67198,36.63787]],[[9.08237,36.68653],[9.07676,36.68137],[9.0881,36.68884],[9.08237,36.68653]]]}},{"type":"Feature","properties":{"id":"TUN:ADM1:TUN-104","name":"Ben Arous","countryCode":"TUN"},"geometry":{"type":"Polygon","coordinates":[[[10.39084,36.71639],[10.41761,36.71661],[10.41803,36.71258],[10.39784,36.69651],[10.39095,36.66017],[10.39153,36.64482],[10.36116,36.64693],[10.37305,36.63917],[10.36681,36.63585],[10.3743,36.62837],[10.3744,36.62271],[10.37205,36.61492],[10.34378,36.5915],[10.3323,36.57696],[10.33323,36.57413],[10.33722,36.57423],[10.34943,36.58037],[10.3627,36.58252],[10.37997,36.56555],[10.38042,36.56186],[10.37746,36.55938],[10.37874,36.54399],[10.36049,36.54086],[10.34809,36.53393],[10.35457,36.51597],[10.34425,36.51348],[10.34,36.49806],[10.34767,36.48785],[10.29015,36.46483],[10.28015,36.45543],[10.27967,36.44671],[10.27136,36.45039],[10.26922,36.4551],[10.25325,36.4511],[10.24997,36.46074],[10.25229,36.47048],[10.27082,36.50341],[10.25602,36.50798],[10.25113,36.50524],[10.19881,36.51237],[10.19285,36.51914],[10.18185,36.52203],[10.16512,36.5326],[10.16419,36.54748],[10.15242,36.54721],[10.15559,36.55211],[10.15034,36.56409],[10.15108,36.56957],[10.14526,36.56659],[10.14628,36.57293],[10.14324,36.57896],[10.14766,36.59265],[10.14533,36.60173],[10.1399,36.6008],[10.10753,36.58095],[10.08808,36.59497],[10.09022,36.59622],[10.04354,36.61963],[10.04295,36.62266],[10.0595,36.64566],[10.08605,36.6737],[10.09327,36.69685],[10.10707,36.69251],[10.11594,36.69641],[10.12481,36.69449],[10.12992,36.70152],[10.13552,36.69901],[10.14713,36.70867],[10.15133,36.71176],[10.13104,36.72538],[10.14435,36.73585],[10.16721,36.73145],[10.17023,36.72559],[10.17656,36.72383],[10.17629,36.71996],[10.19795,36.7224],[10.18774,36.7232],[10.20971,36.74662],[10.22052,36.73612],[10.23248,36.73111],[10.23392,36.72936],[10.22726,36.74423],[10.23388,36.74437],[10.24681,36.75551],[10.25094,36.76331],[10.27018,36.77756],[10.2704,36.80083],[10.26258,36.79993],[10.26214,36.80138],[10.26781,36.8097],[10.2751,36.8108],[10.28518,36.79281],[10.27802,36.79605],[10.27457,36.79619],[10.27846,36.79518],[10.28572,36.79184],[10.28619,36.79101],[10.2858,36.78451],[10.30123,36.7621],[10.3261,36.74034],[10.35989,36.72419],[10.39084,36.71639]],[[10.3166,36.73358],[10.32305,36.7331],[10.29517,36.73732],[10.3166,36.73358]],[[10.29021,36.69006],[10.33546,36.70523],[10.32034,36.70063],[10.29021,36.69006]],[[10.36292,36.69537],[10.3573,36.70263],[10.35982,36.69721],[10.33546,36.70523],[10.36292,36.69537]],[[10.35283,36.71492],[10.35176,36.71451],[10.35353,36.71071],[10.35283,36.71492]],[[10.25047,36.70508],[10.24732,36.72179],[10.24746,36.71294],[10.24911,36.71094],[10.25047,36.70508]],[[10.24243,36.69117],[10.2398,36.68788],[10.24087,36.68848],[10.24243,36.69117]]]}},{"type":"Feature","properties":{"id":"TUN:ADM1:TUN-105","name":"Bizerte","countryCode":"TUN"},"geometry":{"type":"MultiPolygon","coordinates":[[[[9.55685,36.83399],[9.52822,36.8174],[9.52494,36.80879],[9.51691,36.80099],[9.51642,36.78723],[9.48685,36.77605],[9.47552,36.76674],[9.46376,36.76603],[9.44866,36.75964],[9.43254,36.74551],[9.42737,36.73292],[9.41954,36.73322],[9.401,36.7234],[9.38946,36.73903],[9.36691,36.75248],[9.35251,36.75564],[9.34493,36.76688],[9.35727,36.7845],[9.35628,36.79219],[9.36092,36.79522],[9.35989,36.80745],[9.36605,36.81173],[9.37946,36.83372],[9.38995,36.83808],[9.38362,36.8429],[9.38452,36.84945],[9.36014,36.86079],[9.33995,36.87781],[9.33236,36.87805],[9.32774,36.88563],[9.31919,36.88158],[9.31917,36.87315],[9.31271,36.87145],[9.29724,36.88112],[9.29389,36.89227],[9.26782,36.8951],[9.2639,36.9001],[9.24786,36.90588],[9.24398,36.9129],[9.26024,36.92853],[9.24046,36.94475],[9.23158,36.9573],[9.2037,36.97037],[9.21488,36.98024],[9.21342,36.98622],[9.21793,37.00793],[9.21608,37.00316],[9.2046,37.01044],[9.2087,37.01599],[9.2066,37.02759],[9.18718,37.05064],[9.16961,37.05528],[9.14626,37.05417],[9.13799,37.04897],[9.1197,37.04742],[9.11332,37.0509],[9.10835,37.0465],[9.09554,37.06934],[9.07457,37.08208],[9.08468,37.10171],[9.09195,37.1071],[9.0916,37.11246],[9.10598,37.11686],[9.11159,37.12861],[9.1038,37.13028],[9.09666,37.1362],[9.09151,37.14194],[9.09013,37.15044],[9.08211,37.15702],[9.12186,37.16224],[9.12476,37.16892],[9.154,37.18327],[9.16546,37.19589],[9.1714,37.1988],[9.17431,37.2026],[9.17556,37.20251],[9.17621,37.20506],[9.19157,37.22507],[9.19528,37.22735],[9.2107,37.23383],[9.22038,37.23394],[9.22109,37.23223],[9.21995,37.22736],[9.2251,37.22786],[9.22571,37.21861],[9.25077,37.21907],[9.25494,37.21611],[9.25976,37.21751],[9.25881,37.22111],[9.27358,37.22082],[9.29676,37.23181],[9.33081,37.23121],[9.34104,37.23532],[9.34254,37.23534],[9.38071,37.24746],[9.40079,37.26476],[9.4036,37.26489],[9.40845,37.2695],[9.43777,37.26896],[9.44288,37.26655],[9.44692,37.26719],[9.4563,37.26303],[9.47418,37.26826],[9.51366,37.28399],[9.5178,37.28693],[9.53858,37.298],[9.53952,37.29876],[9.54301,37.29773],[9.56075,37.30587],[9.56078,37.30585],[9.57354,37.29451],[9.59221,37.29724],[9.62449,37.31249],[9.65842,37.33378],[9.66627,37.33543],[9.68328,37.33572],[9.68521,37.33569],[9.6853,37.33575],[9.69884,37.33598],[9.70352,37.33423],[9.7233,37.33796],[9.73735,37.34408],[9.74464,37.3452],[9.75514,37.33991],[9.76319,37.33364],[9.77021,37.3315],[9.77345,37.33051],[9.77788,37.33042],[9.79811,37.3272],[9.80536,37.32987],[9.8589,37.3288],[9.85906,37.32587],[9.86118,37.31635],[9.86166,37.27119],[9.85671,37.26798],[9.85671,37.26798],[9.83074,37.25121],[9.79821,37.23992],[9.79772,37.24003],[9.79694,37.23948],[9.79274,37.23802],[9.79114,37.23614],[9.7772,37.23938],[9.78165,37.23684],[9.77901,37.23386],[9.78006,37.22306],[9.77762,37.22017],[9.77057,37.22351],[9.76761,37.21737],[9.77299,37.2147],[9.77182,37.21332],[9.77489,37.20623],[9.77487,37.20422],[9.7759,37.20436],[9.77654,37.20324],[9.77614,37.20292],[9.77663,37.20307],[9.78362,37.19083],[9.78191,37.18614],[9.78773,37.1751],[9.79541,37.17266],[9.79566,37.17235],[9.80152,37.16913],[9.80181,37.1685],[9.80114,37.16782],[9.80249,37.16695],[9.80779,37.15501],[9.80838,37.15478],[9.80782,37.15253],[9.81064,37.15188],[9.80797,37.15226],[9.80671,37.14856],[9.81274,37.14205],[9.86111,37.13464],[9.87496,37.1393],[9.88567,37.14911],[9.91272,37.15674],[9.9194,37.16546],[9.93419,37.19382],[9.9381,37.21074],[9.93935,37.20791],[9.93375,37.22324],[9.92608,37.22625],[9.88865,37.22491],[9.88357,37.22656],[9.88273,37.22799],[9.87351,37.22983],[9.86118,37.23383],[9.85157,37.23286],[9.83107,37.22773],[9.82195,37.22763],[9.82301,37.23138],[9.82974,37.22966],[9.83783,37.23436],[9.83758,37.2413],[9.84078,37.23999],[9.86079,37.24855],[9.86805,37.25438],[9.87023,37.26205],[9.8825,37.26358],[9.90557,37.25942],[9.91388,37.25634],[9.9609,37.24945],[9.97983,37.24604],[9.99781,37.24746],[10.00271,37.24922],[10.00898,37.2497],[10.05696,37.26543],[10.05983,37.26484],[10.07586,37.24494],[10.0842,37.24394],[10.08695,37.241],[10.12446,37.23751],[10.14906,37.22815],[10.16086,37.22238],[10.16781,37.21487],[10.19466,37.20663],[10.19237,37.20435],[10.20857,37.19712],[10.20993,37.18945],[10.21758,37.18545],[10.26667,37.18155],[10.23373,37.17612],[10.2678,37.18147],[10.27215,37.17853],[10.24008,37.17178],[10.22527,37.16673],[10.22112,37.16435],[10.22123,37.1691],[10.20745,37.1702],[10.20582,37.17512],[10.17799,37.17797],[10.14601,37.17121],[10.1281,37.15868],[10.13537,37.14244],[10.13531,37.14236],[10.13542,37.14234],[10.13543,37.14232],[10.13831,37.14144],[10.13567,37.1369],[10.1426,37.13573],[10.14212,37.12983],[10.15788,37.12512],[10.17615,37.1247],[10.18157,37.12919],[10.18118,37.12482],[10.17375,37.1213],[10.19056,37.11365],[10.19036,37.11136],[10.21487,37.11233],[10.20751,37.13675],[10.21127,37.1376],[10.21132,37.13755],[10.21632,37.1112],[10.18051,37.10659],[10.16961,37.11107],[10.16184,37.10887],[10.15678,37.11516],[10.13941,37.11247],[10.13124,37.10756],[10.13056,37.11181],[10.12369,37.11361],[10.11608,37.10634],[10.09422,37.0952],[10.08842,37.08374],[10.09451,37.06546],[10.09005,37.05791],[10.09051,37.05106],[10.07857,37.03498],[10.07452,37.01947],[10.06757,37.01422],[10.06605,37.00666],[10.02899,36.98341],[10.03058,36.97433],[10.02803,36.96984],[10.02485,36.96656],[10.0187,36.96683],[10.02399,36.96258],[10.02051,36.95575],[10.02133,36.94954],[10.00615,36.9379],[10.00983,36.93511],[10.01588,36.93723],[10.01732,36.93144],[10.02699,36.92147],[10.01689,36.91451],[10.00983,36.92552],[10.00418,36.92852],[9.99926,36.92455],[10.00046,36.91805],[9.97991,36.92645],[9.94365,36.91464],[9.94443,36.91942],[9.92691,36.9532],[9.91651,36.94952],[9.86952,36.95792],[9.86263,36.95488],[9.83733,36.96193],[9.82556,36.97166],[9.82863,36.97251],[9.82254,36.97163],[9.81316,36.96298],[9.81064,36.94806],[9.81273,36.94024],[9.80584,36.94278],[9.79456,36.93931],[9.78925,36.93424],[9.78429,36.92294],[9.77926,36.92055],[9.76764,36.8914],[9.73992,36.88948],[9.7133,36.90212],[9.69216,36.88394],[9.67667,36.88399],[9.65465,36.87237],[9.6558,36.8671],[9.65287,36.86499],[9.63696,36.8623],[9.63486,36.85704],[9.6307,36.85628],[9.63042,36.86375],[9.62534,36.86738],[9.58813,36.85678],[9.5744,36.8508],[9.56019,36.84125],[9.55685,36.83399]],[[9.77252,37.15342],[9.78046,37.16217],[9.78125,37.16586],[9.77252,37.15342]],[[9.77833,37.0889],[9.78642,37.06565],[9.77836,37.08967],[9.77833,37.0889]],[[9.3602,37.03331],[9.3586,37.03301],[9.35586,37.02848],[9.3602,37.03331]],[[9.3549,37.06836],[9.3539,37.06729],[9.36867,37.07052],[9.3549,37.06836]],[[9.44749,37.16647],[9.44223,37.16328],[9.45491,37.16639],[9.44749,37.16647]],[[9.45718,37.16812],[9.45714,37.16694],[9.45864,37.16731],[9.45718,37.16812]],[[9.48482,37.18369],[9.48419,37.18294],[9.48881,37.18261],[9.48482,37.18369]],[[9.51188,37.19721],[9.50727,37.1947],[9.50203,37.20625],[9.50587,37.19647],[9.50212,37.19444],[9.50984,37.1946],[9.51188,37.19721]],[[9.52624,37.20502],[9.51768,37.20037],[9.52199,37.20095],[9.52624,37.20502]],[[9.58778,37.15587],[9.59417,37.14564],[9.60516,37.14348],[9.6113,37.13346],[9.62044,37.12946],[9.62102,37.12503],[9.62779,37.13097],[9.66264,37.13574],[9.67041,37.14289],[9.68101,37.13632],[9.69783,37.14084],[9.70032,37.12756],[9.70732,37.12318],[9.71933,37.11911],[9.73212,37.12048],[9.74873,37.13795],[9.7581,37.1703],[9.75242,37.16901],[9.73903,37.17563],[9.7224,37.1754],[9.70993,37.18267],[9.68001,37.18441],[9.6664,37.19125],[9.66124,37.20066],[9.65451,37.20215],[9.637,37.19675],[9.63464,37.18451],[9.62747,37.18755],[9.61456,37.18475],[9.61859,37.17453],[9.61447,37.16731],[9.61082,37.16793],[9.61174,37.17419],[9.594,37.16797],[9.58778,37.15587]],[[9.49437,36.9373],[9.49347,36.93677],[9.50997,36.93308],[9.49437,36.9373]],[[9.85674,37.26802],[9.85723,37.26876],[9.85524,37.2784],[9.85674,37.26802]],[[9.93235,37.14015],[9.93352,37.14449],[9.92484,37.13006],[9.93235,37.14015]],[[9.92604,37.11238],[9.92321,37.11409],[9.92473,37.11241],[9.92604,37.11238]],[[9.9403,37.10678],[9.94669,37.10842],[9.93479,37.11221],[9.94199,37.10821],[9.9403,37.10678]],[[9.95283,37.11136],[9.9503,37.10934],[9.95498,37.11054],[9.95283,37.11136]],[[9.95561,37.11265],[9.95594,37.11079],[9.96318,37.11264],[9.95561,37.11265]],[[9.98907,37.10814],[9.98431,37.10172],[9.99452,37.11],[9.98907,37.10814]],[[10.06793,37.20818],[10.0581,37.18963],[10.06793,37.20818],[10.06793,37.20818]],[[9.99589,37.10496],[10.00065,37.08749],[10.00069,37.09132],[9.99589,37.10496]],[[10.10924,37.13706],[10.12778,37.14216],[10.12517,37.14243],[10.10924,37.13706]]],[[[8.92192,37.53104],[8.93599,37.53239],[8.94078,37.53674],[8.94085,37.5373],[8.94483,37.54131],[8.94766,37.54072],[8.94847,37.53561],[8.95772,37.52799],[8.95791,37.52616],[8.95246,37.51834],[8.9498,37.51801],[8.94752,37.51862],[8.93826,37.52425],[8.91256,37.51383],[8.90048,37.51854],[8.91098,37.52627],[8.92192,37.53104]]]]}},{"type":"Feature","properties":{"id":"TUN:ADM1:TUN-106","name":"Jendouba","countryCode":"TUN"},"geometry":{"type":"Polygon","coordinates":[[[8.92026,36.45069],[8.90072,36.42568],[8.86961,36.41393],[8.84696,36.41768],[8.83849,36.41104],[8.82412,36.40744],[8.81602,36.40069],[8.79858,36.4005],[8.76959,36.39271],[8.75472,36.39675],[8.75488,36.40259],[8.75227,36.4014],[8.75235,36.40376],[8.73976,36.40426],[8.72575,36.40008],[8.71787,36.3927],[8.69652,36.40187],[8.6936,36.4084],[8.6877,36.40788],[8.67547,36.41657],[8.66923,36.41495],[8.6616,36.41922],[8.61129,36.40662],[8.60657,36.39564],[8.59741,36.39445],[8.58795,36.40192],[8.57887,36.40324],[8.56164,36.40103],[8.55284,36.39515],[8.54338,36.39869],[8.53971,36.39533],[8.53703,36.40081],[8.5401,36.39324],[8.51799,36.38329],[8.5171,36.38014],[8.50628,36.3817],[8.50512,36.37918],[8.50327,36.38139],[8.48836,36.37539],[8.48147,36.37601],[8.4781,36.37094],[8.46321,36.36686],[8.46071,36.35307],[8.45488,36.35256],[8.44956,36.34722],[8.43392,36.35153],[8.43032,36.34829],[8.42055,36.35118],[8.39582,36.34783],[8.37645,36.35006],[8.39392,36.36509],[8.39589,36.36831],[8.39375,36.3704],[8.40192,36.3781],[8.40031,36.38583],[8.39383,36.39388],[8.40966,36.41186],[8.40701,36.41362],[8.40628,36.42308],[8.37178,36.42833],[8.36581,36.43944],[8.35487,36.44618],[8.34343,36.43523],[8.32786,36.43234],[8.32731,36.43614],[8.31533,36.43815],[8.3065,36.43416],[8.30321,36.44254],[8.29068,36.44277],[8.28452,36.4461],[8.26309,36.43858],[8.25099,36.44633],[8.21342,36.44669],[8.20384,36.45007],[8.19526,36.46094],[8.17603,36.45956],[8.15483,36.48042],[8.16022,36.48847],[8.15963,36.49271],[8.15365,36.49686],[8.17294,36.5041],[8.17711,36.51348],[8.18186,36.51418],[8.1953,36.50719],[8.20893,36.51388],[8.22165,36.51519],[8.22362,36.51987],[8.24598,36.52701],[8.25642,36.53705],[8.26583,36.53504],[8.2915,36.53962],[8.31996,36.55714],[8.32614,36.57382],[8.35585,36.58476],[8.36035,36.59012],[8.3806,36.5979],[8.38772,36.59484],[8.39314,36.59863],[8.40369,36.61654],[8.41173,36.61766],[8.41783,36.62239],[8.4492,36.61807],[8.4468,36.62368],[8.45747,36.64567],[8.45988,36.65834],[8.45132,36.66208],[8.47017,36.66796],[8.48341,36.68217],[8.48346,36.69045],[8.48745,36.69732],[8.48375,36.69875],[8.46582,36.72517],[8.46405,36.73539],[8.47005,36.74142],[8.45897,36.75145],[8.44466,36.74602],[8.42892,36.74873],[8.42993,36.75952],[8.48415,36.77948],[8.51683,36.77835],[8.52742,36.78259],[8.53231,36.77429],[8.54539,36.77342],[8.5535,36.77884],[8.56375,36.77352],[8.57248,36.7732],[8.5996,36.79872],[8.61111,36.79093],[8.61883,36.7949],[8.62191,36.8008],[8.65478,36.80943],[8.66945,36.81732],[8.68113,36.83895],[8.66892,36.84423],[8.66252,36.85201],[8.65393,36.84861],[8.64428,36.85344],[8.62476,36.85512],[8.62937,36.86062],[8.62788,36.86967],[8.63137,36.87296],[8.63108,36.88208],[8.62844,36.8865],[8.63619,36.90889],[8.65399,36.91569],[8.64285,36.92961],[8.64208,36.94093],[8.67848,36.95634],[8.68038,36.95956],[8.69266,36.96273],[8.7004,36.9605],[8.71162,36.96742],[8.71408,36.9622],[8.72895,36.96645],[8.73607,36.96546],[8.74107,36.9697],[8.75582,36.95786],[8.75841,36.96037],[8.7552,36.96153],[8.75649,36.96555],[8.76022,36.96704],[8.7647,36.96006],[8.76153,36.96187],[8.75973,36.9562],[8.7626,36.96053],[8.76078,36.95716],[8.76471,36.95329],[8.78111,36.95294],[8.83914,36.97697],[8.88456,37.00862],[8.91308,36.99256],[8.91968,36.99211],[8.92625,36.98427],[8.92311,36.97986],[8.93384,36.95732],[8.93841,36.95763],[8.93625,36.95391],[8.94131,36.95392],[8.94368,36.9504],[8.93295,36.94449],[8.92635,36.93226],[8.92776,36.92363],[8.97029,36.9068],[8.98098,36.89526],[9.00097,36.88584],[8.99945,36.87575],[8.98892,36.87532],[8.99422,36.85891],[8.98823,36.8562],[8.98758,36.85],[8.97224,36.84271],[8.95001,36.84332],[8.93241,36.82661],[8.93288,36.82133],[8.92204,36.81632],[8.91855,36.80805],[8.92097,36.80184],[8.93354,36.80364],[8.93065,36.79747],[8.9334,36.78994],[8.91686,36.78386],[8.91125,36.77805],[8.91623,36.77333],[8.94041,36.76987],[8.94436,36.76523],[8.9497,36.76435],[8.95492,36.76774],[8.99466,36.7658],[9.01848,36.75653],[9.02352,36.74948],[9.02755,36.74991],[9.03071,36.72988],[9.03674,36.72494],[9.03249,36.72152],[9.03442,36.71479],[9.02935,36.71266],[9.02718,36.7063],[9.03253,36.70115],[9.02766,36.69496],[9.03032,36.68909],[9.02821,36.68787],[9.03229,36.68403],[9.02727,36.68439],[9.03027,36.68154],[9.02324,36.6683],[9.01616,36.66774],[9.01814,36.6625],[9.02043,36.65924],[9.03107,36.64364],[9.04257,36.63954],[9.05461,36.61648],[9.06283,36.61099],[9.06135,36.60628],[9.07585,36.59819],[9.06783,36.59021],[9.07288,36.585],[9.06761,36.5817],[9.07677,36.55076],[9.06754,36.54063],[9.07525,36.52654],[9.06637,36.52618],[9.05824,36.51546],[9.04308,36.50552],[9.05066,36.50206],[9.04377,36.49086],[9.05141,36.48413],[9.05201,36.47681],[9.04804,36.47461],[9.04437,36.46301],[9.04062,36.46016],[9.03671,36.4651],[8.99822,36.46526],[8.98466,36.45996],[8.96301,36.45998],[8.93967,36.45343],[8.92026,36.45069]],[[8.5182,36.59939],[8.50198,36.61021],[8.49897,36.61173],[8.5182,36.59939]],[[8.51562,36.57691],[8.51705,36.58128],[8.51353,36.59382],[8.51562,36.57691]],[[8.53003,36.5873],[8.53416,36.5939],[8.52152,36.57857],[8.53003,36.5873]],[[8.86981,36.57825],[8.86264,36.58826],[8.86057,36.58901],[8.86981,36.57825]],[[8.87566,36.57686],[8.89202,36.57636],[8.86981,36.57825],[8.87566,36.57686]],[[8.67325,36.4575],[8.67328,36.46411],[8.67218,36.45808],[8.67325,36.4575]],[[8.68187,36.45612],[8.67572,36.45618],[8.67775,36.4551],[8.68187,36.45612]],[[8.71371,36.4586],[8.70976,36.45417],[8.71073,36.45305],[8.71371,36.4586]],[[8.73718,36.4702],[8.73561,36.46989],[8.73665,36.46882],[8.73718,36.4702]],[[8.83893,36.55296],[8.84043,36.5503],[8.84092,36.55407],[8.83893,36.55296]],[[8.8677,36.55489],[8.85953,36.55641],[8.86682,36.55351],[8.8677,36.55489]],[[8.86665,36.55992],[8.86832,36.55585],[8.86905,36.55699],[8.86665,36.55992]],[[8.67078,36.47007],[8.65948,36.46628],[8.66275,36.46643],[8.67078,36.47007]],[[8.64684,36.50295],[8.64967,36.4963],[8.65267,36.49308],[8.64684,36.50295]],[[8.54967,36.49968],[8.54928,36.49744],[8.55161,36.49687],[8.54967,36.49968]],[[8.56589,36.70426],[8.52255,36.69509],[8.53375,36.69549],[8.56589,36.70426]],[[8.86789,36.86023],[8.84751,36.86777],[8.84533,36.86657],[8.86789,36.86023]],[[8.67681,36.90116],[8.68124,36.90069],[8.67551,36.90256],[8.67681,36.90116]]]}},{"type":"Feature","properties":{"id":"TUN:ADM1:TUN-107","name":"Nabeul","countryCode":"TUN"},"geometry":{"type":"Polygon","coordinates":[[[10.53185,36.37038],[10.50649,36.39177],[10.47468,36.35348],[10.45458,36.36787],[10.42577,36.37699],[10.4124,36.37964],[10.40154,36.37786],[10.38785,36.38433],[10.36729,36.38287],[10.3553,36.40277],[10.35463,36.41243],[10.34442,36.42348],[10.34409,36.43401],[10.34746,36.43665],[10.34491,36.44471],[10.35155,36.45327],[10.34555,36.46687],[10.35282,36.47792],[10.34767,36.48785],[10.34,36.49806],[10.34425,36.51348],[10.35457,36.51597],[10.34809,36.53393],[10.36049,36.54086],[10.37874,36.54399],[10.37746,36.55938],[10.37997,36.56555],[10.3627,36.58252],[10.34943,36.58037],[10.33722,36.57423],[10.33323,36.57413],[10.3323,36.57696],[10.34378,36.5915],[10.37205,36.61492],[10.3743,36.62837],[10.36681,36.63585],[10.37305,36.63917],[10.36588,36.64581],[10.39153,36.64482],[10.39442,36.68384],[10.39784,36.69651],[10.40386,36.70133],[10.41803,36.71258],[10.41761,36.71661],[10.44064,36.72143],[10.44319,36.7251],[10.46117,36.72741],[10.48234,36.74047],[10.53694,36.7575],[10.54035,36.76654],[10.55086,36.77179],[10.55466,36.79341],[10.56238,36.79744],[10.56828,36.82073],[10.56566,36.82496],[10.56924,36.82792],[10.57183,36.83977],[10.56934,36.84314],[10.58227,36.85016],[10.58694,36.86395],[10.59986,36.86611],[10.61249,36.8739],[10.61025,36.87946],[10.62157,36.87877],[10.62469,36.87592],[10.63338,36.87806],[10.6526,36.8769],[10.66955,36.87954],[10.67204,36.87844],[10.69381,36.87829],[10.73159,36.89162],[10.7659,36.9103],[10.78077,36.92302],[10.78321,36.92442],[10.79843,36.93726],[10.81872,36.94535],[10.82117,36.94975],[10.83447,36.9544],[10.86499,36.97559],[10.87421,36.97731],[10.87354,36.98188],[10.88007,36.98307],[10.88521,36.99207],[10.89269,36.99435],[10.89332,37.00207],[10.90035,37.0063],[10.89752,37.0084],[10.90031,37.00922],[10.89886,37.01069],[10.9119,37.00715],[10.91481,37.01859],[10.91096,37.0212],[10.90713,37.01917],[10.90975,37.02104],[10.90608,37.02238],[10.91116,37.02369],[10.90445,37.02801],[10.90982,37.03287],[10.90399,37.03681],[10.90882,37.03751],[10.90969,37.04057],[10.90416,37.04349],[10.90868,37.04496],[10.90553,37.04681],[10.90786,37.05037],[10.91376,37.04618],[10.92023,37.04815],[10.92387,37.04611],[10.93254,37.05174],[10.93831,37.04956],[10.95352,37.05376],[10.96091,37.05219],[10.96211,37.05459],[10.96678,37.04998],[10.9746,37.04979],[10.98604,37.05806],[10.99306,37.05769],[10.99382,37.06027],[11.01637,37.0666],[11.03829,37.07875],[11.03587,37.08646],[11.04773,37.08165],[11.04661,37.07769],[11.05336,37.07584],[11.06031,37.06249],[11.05893,37.0539],[11.0486,37.04198],[11.04607,37.03144],[11.04835,37.02033],[11.05596,37.00918],[11.05812,37.00601],[11.06031,36.99702],[11.06397,36.99006],[11.08131,36.96939],[11.08774,36.95942],[11.0901,36.94961],[11.09181,36.92821],[11.09449,36.91844],[11.09913,36.91059],[11.10597,36.9016],[11.11313,36.89423],[11.11417,36.89363],[11.11765,36.889],[11.12739,36.88174],[11.13541,36.87156],[11.12955,36.85727],[11.12422,36.85816],[11.12981,36.85532],[11.12575,36.8486],[11.11677,36.83841],[11.10969,36.83607],[11.10811,36.83711],[11.09753,36.83599],[11.07841,36.82574],[11.07673,36.82519],[11.07428,36.82353],[11.056,36.81373],[11.03331,36.79655],[11.03194,36.7949],[11.02214,36.78828],[11.00462,36.7621],[10.96352,36.71275],[10.91715,36.64852],[10.86785,36.57147],[10.83582,36.50872],[10.83055,36.49391],[10.81585,36.46916],[10.80384,36.45613],[10.79966,36.4555],[10.7972,36.45131],[10.7971,36.45129],[10.79884,36.45487],[10.79406,36.45254],[10.79554,36.45097],[10.79171,36.45106],[10.78604,36.45375],[10.77003,36.45015],[10.75276,36.44425],[10.71948,36.43874],[10.68569,36.42597],[10.67332,36.42028],[10.65797,36.40746],[10.65164,36.40456],[10.62963,36.39968],[10.61657,36.39215],[10.59868,36.40344],[10.56727,36.39357],[10.55093,36.37921],[10.54856,36.37623],[10.5492,36.3751],[10.54862,36.37437],[10.54492,36.37684],[10.54313,36.37603],[10.54625,36.37545],[10.54373,36.37268],[10.54612,36.37125],[10.54565,36.37066],[10.54171,36.36951],[10.52581,36.34727],[10.5237,36.34323],[10.51909,36.33747],[10.51508,36.32674],[10.50547,36.30836],[10.4963,36.31301],[10.4962,36.32406],[10.51403,36.34199],[10.53185,36.37038]],[[10.80535,36.88653],[10.8026,36.88938],[10.7659,36.9103],[10.80535,36.88653]],[[10.73454,36.77043],[10.74418,36.77562],[10.7472,36.77897],[10.73454,36.77043]],[[10.73418,36.76832],[10.73575,36.76935],[10.73454,36.77043],[10.73418,36.76832]],[[10.72801,36.66618],[10.73809,36.67013],[10.73928,36.67199],[10.72801,36.66618]],[[10.6449,36.59131],[10.66231,36.57181],[10.64587,36.59076],[10.65788,36.59187],[10.6449,36.59131]],[[10.64858,36.52037],[10.65104,36.51825],[10.65001,36.52119],[10.64858,36.52037]],[[10.49231,36.66843],[10.46352,36.68817],[10.50444,36.65748],[10.49231,36.66843]],[[10.56805,36.58249],[10.57892,36.58697],[10.55136,36.57729],[10.56805,36.58249]],[[10.40912,36.48277],[10.4153,36.48387],[10.41936,36.48576],[10.40912,36.48277]],[[10.43496,36.493],[10.47225,36.51033],[10.43903,36.49694],[10.43496,36.493]],[[10.48584,36.50947],[10.4955,36.50645],[10.48788,36.50934],[10.48584,36.50947]],[[10.61491,36.46492],[10.62369,36.46124],[10.6195,36.46337],[10.63291,36.46249],[10.61491,36.46492]],[[10.56207,36.72269],[10.563,36.72314],[10.5619,36.72476],[10.56207,36.72269]],[[10.56157,36.72867],[10.562,36.72961],[10.56147,36.72985],[10.56157,36.72867]],[[10.92885,36.89953],[10.92954,36.90001],[10.9393,36.91648],[10.92885,36.89953]],[[10.97989,36.94325],[10.98115,36.94991],[10.97917,36.94736],[10.97989,36.94325]],[[10.98259,36.95176],[10.98985,36.9529],[10.98342,36.95282],[10.98259,36.95176]]]}},{"type":"Feature","properties":{"id":"TUN:ADM1:TUN-108","name":"Tunis","countryCode":"TUN"},"geometry":{"type":"MultiPolygon","coordinates":[[[[10.11554,36.76877],[10.12056,36.76485],[10.11592,36.76031],[10.11789,36.75637],[10.1254,36.75881],[10.12266,36.7558],[10.12952,36.75513],[10.12964,36.74951],[10.13678,36.74549],[10.13702,36.73951],[10.14435,36.73585],[10.13104,36.72538],[10.15133,36.71176],[10.13552,36.69901],[10.1321,36.70227],[10.12481,36.69449],[10.11594,36.69641],[10.1116,36.69279],[10.09763,36.69415],[10.09553,36.69682],[10.09042,36.69374],[10.08553,36.69519],[10.06983,36.70614],[10.07499,36.72414],[10.03226,36.73961],[10.04094,36.74534],[10.0293,36.7619],[10.02402,36.77559],[10.00379,36.78692],[10.02068,36.79852],[10.02958,36.79865],[10.03905,36.79255],[10.04474,36.7941],[10.05157,36.78665],[10.05985,36.79714],[10.06388,36.79545],[10.07388,36.79958],[10.08139,36.79582],[10.09064,36.80118],[10.10041,36.80202],[10.11523,36.79592],[10.11869,36.79729],[10.11464,36.83015],[10.11793,36.83402],[10.12545,36.81764],[10.11755,36.83595],[10.12147,36.83658],[10.12308,36.83081],[10.13355,36.82715],[10.13821,36.82164],[10.1461,36.82687],[10.13522,36.8359],[10.13112,36.84824],[10.14002,36.85429],[10.14635,36.85477],[10.16936,36.8405],[10.18332,36.84811],[10.19257,36.85127],[10.20231,36.85038],[10.2126,36.84855],[10.21433,36.85986],[10.23501,36.87105],[10.23112,36.85687],[10.24396,36.86166],[10.26527,36.86232],[10.28043,36.86273],[10.28864,36.8672],[10.31593,36.85719],[10.31582,36.86457],[10.34315,36.87984],[10.34626,36.87822],[10.34197,36.8686],[10.31902,36.85025],[10.31645,36.84481],[10.3105,36.83224],[10.30934,36.82978],[10.29884,36.82176],[10.28517,36.81997],[10.27215,36.82909],[10.27955,36.84431],[10.27019,36.84846],[10.25294,36.84634],[10.24806,36.84506],[10.22047,36.83779],[10.2107,36.83185],[10.19377,36.8125],[10.18789,36.81437],[10.19094,36.81169],[10.19318,36.81109],[10.18849,36.79759],[10.20289,36.79263],[10.21607,36.79232],[10.20595,36.77873],[10.20609,36.77867],[10.22184,36.78616],[10.24589,36.78687],[10.24724,36.78628],[10.24808,36.78693],[10.25004,36.78699],[10.26402,36.77222],[10.25094,36.76331],[10.24681,36.75551],[10.23388,36.74437],[10.22726,36.74423],[10.23248,36.73111],[10.22052,36.73612],[10.20931,36.74714],[10.20971,36.74662],[10.18774,36.7232],[10.17629,36.71996],[10.17597,36.72906],[10.1821,36.73296],[10.17565,36.73633],[10.17758,36.73994],[10.17012,36.75146],[10.16938,36.75921],[10.17027,36.76933],[10.15879,36.79049],[10.15099,36.79397],[10.14818,36.79225],[10.13079,36.78632],[10.12082,36.77891],[10.11868,36.76868],[10.11554,36.76877]],[[10.17639,36.81737],[10.17843,36.8227],[10.18332,36.84811],[10.17639,36.81737]],[[10.22015,36.76667],[10.22019,36.76663],[10.24681,36.75551],[10.22015,36.76667]],[[10.12276,36.79481],[10.12273,36.79479],[10.12795,36.7874],[10.13079,36.78632],[10.12276,36.79481]],[[10.1745,36.81269],[10.17451,36.81246],[10.17532,36.81458],[10.1745,36.81269]],[[10.19081,36.78481],[10.19559,36.78],[10.1972,36.78219],[10.18075,36.78921],[10.19081,36.78481]],[[10.19565,36.76487],[10.20232,36.75622],[10.19036,36.77292],[10.19565,36.76487]],[[10.14872,36.80917],[10.15156,36.80117],[10.13682,36.80177],[10.15485,36.79898],[10.15509,36.79902],[10.14872,36.80917]],[[10.16836,36.80531],[10.15553,36.79912],[10.16111,36.80025],[10.16836,36.80531]],[[10.16853,36.79167],[10.17342,36.79313],[10.16544,36.7934],[10.166,36.7925],[10.16853,36.79167]],[[10.20794,36.74891],[10.20794,36.74891],[10.21154,36.75052],[10.20794,36.74891]],[[10.26793,36.85877],[10.27423,36.85034],[10.27013,36.85887],[10.26793,36.85877]]],[[[10.27509,36.81081],[10.27209,36.81046],[10.26787,36.80979],[10.27019,36.8132],[10.27215,36.81607],[10.27509,36.81081]]]]}},{"type":"Feature","properties":{"id":"TUN:ADM1:TUN-109","name":"Kef","countryCode":"TUN"},"geometry":{"type":"Polygon","coordinates":[[[8.61551,35.7402],[8.61916,35.73677],[8.61865,35.73129],[8.62676,35.72457],[8.62463,35.71758],[8.62654,35.71005],[8.62243,35.70226],[8.62494,35.70142],[8.62566,35.69406],[8.63022,35.69146],[8.62765,35.68693],[8.63042,35.68558],[8.62168,35.67606],[8.61767,35.67549],[8.6189,35.67097],[8.61218,35.66432],[8.61501,35.65982],[8.59045,35.64881],[8.58792,35.65005],[8.58727,35.64621],[8.57847,35.6404],[8.57072,35.64088],[8.56835,35.63737],[8.55546,35.64587],[8.5459,35.6583],[8.54346,35.65726],[8.548,35.66575],[8.54359,35.66737],[8.45632,35.67251],[8.43563,35.6689],[8.41735,35.66426],[8.41514,35.65457],[8.4095,35.65164],[8.40113,35.64009],[8.38626,35.63531],[8.38934,35.61594],[8.37046,35.61963],[8.35396,35.61661],[8.36029,35.64651],[8.35602,35.65347],[8.35604,35.66977],[8.33678,35.68345],[8.31859,35.68507],[8.31083,35.69215],[8.30783,35.69155],[8.28008,35.72257],[8.26427,35.73066],[8.26639,35.73936],[8.26233,35.7447],[8.25857,35.76245],[8.26541,35.78171],[8.26445,35.79483],[8.27015,35.81038],[8.26838,35.81361],[8.27325,35.81981],[8.26717,35.87065],[8.27071,35.87865],[8.25348,35.88647],[8.26762,35.89782],[8.27153,35.90775],[8.2557,35.90832],[8.25625,35.91371],[8.26344,35.91878],[8.26121,35.92052],[8.26291,35.93762],[8.27155,35.94644],[8.28962,35.95235],[8.28833,35.95539],[8.29082,35.9569],[8.30006,36.01082],[8.29691,36.04024],[8.31412,36.06278],[8.3117,36.06959],[8.32015,36.07846],[8.32103,36.08369],[8.34171,36.0901],[8.34601,36.09703],[8.33828,36.11853],[8.34068,36.12976],[8.33853,36.13782],[8.32567,36.1445],[8.31547,36.15835],[8.30927,36.16129],[8.30697,36.17436],[8.32731,36.18801],[8.33789,36.21256],[8.34769,36.22066],[8.34622,36.22572],[8.35467,36.23237],[8.35362,36.25463],[8.34935,36.26221],[8.33792,36.26452],[8.35582,36.28775],[8.37189,36.29792],[8.38095,36.29699],[8.38316,36.30292],[8.39106,36.30494],[8.37956,36.3121],[8.37684,36.31844],[8.37639,36.32308],[8.38536,36.3338],[8.37645,36.35006],[8.39582,36.34783],[8.42055,36.35118],[8.43032,36.34829],[8.43392,36.35153],[8.44956,36.34722],[8.45488,36.35256],[8.46071,36.35307],[8.46321,36.36686],[8.4781,36.37094],[8.48147,36.37601],[8.48836,36.37539],[8.50327,36.38139],[8.50512,36.37918],[8.50628,36.3817],[8.5171,36.38014],[8.51799,36.38329],[8.5401,36.39324],[8.54338,36.39869],[8.55284,36.39515],[8.56164,36.40103],[8.57887,36.40324],[8.58795,36.40192],[8.59741,36.39445],[8.60657,36.39564],[8.61129,36.40662],[8.6616,36.41922],[8.66923,36.41495],[8.67547,36.41657],[8.6877,36.40788],[8.6936,36.4084],[8.69652,36.40187],[8.71532,36.39298],[8.72575,36.40008],[8.73976,36.40426],[8.75235,36.40376],[8.75227,36.4014],[8.75488,36.40259],[8.75472,36.39675],[8.76959,36.39271],[8.79858,36.4005],[8.81602,36.40069],[8.82412,36.40744],[8.83849,36.41104],[8.84696,36.41768],[8.86961,36.41393],[8.90072,36.42568],[8.91568,36.44767],[8.93967,36.45343],[8.93894,36.451],[8.93543,36.45214],[8.93548,36.44908],[8.93,36.45016],[8.9314,36.444],[8.92446,36.44144],[8.92862,36.43782],[8.92798,36.42973],[8.9328,36.42042],[8.93834,36.41929],[8.94128,36.41318],[8.95565,36.40872],[8.95558,36.40283],[8.96125,36.40369],[8.95996,36.39873],[8.96332,36.39857],[8.96683,36.384],[8.97789,36.37655],[8.97277,36.36484],[8.98204,36.35913],[8.97893,36.35534],[8.98734,36.34804],[8.98067,36.34585],[8.98216,36.34026],[8.97381,36.34189],[8.97807,36.33945],[8.97704,36.33659],[8.96575,36.34132],[8.96842,36.3365],[8.96664,36.33284],[8.9603,36.33691],[8.9613,36.33067],[8.95646,36.33093],[8.9577,36.32732],[8.94775,36.32244],[8.94673,36.31999],[8.95329,36.31539],[8.94397,36.31418],[8.9517,36.30361],[8.96239,36.30375],[8.95591,36.29949],[8.9555,36.2954],[8.96003,36.2957],[8.96457,36.29004],[8.96866,36.29097],[8.97353,36.28243],[8.97881,36.27866],[8.98116,36.26667],[8.98622,36.26408],[8.98327,36.26228],[8.99642,36.25107],[8.99993,36.2397],[9.0235,36.23778],[9.03942,36.23984],[9.04367,36.23167],[9.03746,36.22664],[9.03466,36.21706],[9.04049,36.21026],[9.04404,36.21086],[9.05612,36.2027],[9.03569,36.18301],[9.03803,36.17816],[9.03215,36.15878],[9.04309,36.13716],[9.06492,36.13378],[9.09135,36.11513],[9.10041,36.11488],[9.11066,36.11961],[9.12162,36.10245],[9.13392,36.10106],[9.14215,36.0919],[9.15781,36.08483],[9.16048,36.07918],[9.15596,36.07503],[9.15574,36.06827],[9.16362,36.05862],[9.15373,36.04188],[9.15328,36.03421],[9.15507,36.03145],[9.16186,36.03325],[9.17076,36.02335],[9.15741,36.01196],[9.16223,36.01201],[9.16927,36.0059],[9.14343,35.9886],[9.11607,35.97728],[9.1126,35.96239],[9.09828,35.94587],[9.09789,35.92772],[9.10253,35.91936],[9.10071,35.91265],[9.07902,35.89418],[9.05544,35.89693],[9.04186,35.87223],[9.03053,35.86432],[9.03109,35.85761],[9.02553,35.85251],[9.03561,35.85009],[9.05115,35.85268],[9.04542,35.85143],[9.04224,35.84147],[9.03115,35.83579],[9.01656,35.83799],[9.03837,35.81672],[9.03138,35.80815],[9.03847,35.78403],[9.03019,35.77707],[9.02285,35.7638],[9.0177,35.76246],[9.03439,35.73016],[9.03704,35.70284],[9.0456,35.6805],[9.04,35.68182],[9.03026,35.69156],[9.02084,35.69282],[9.01244,35.70111],[9.00509,35.70097],[8.99402,35.70829],[8.96539,35.70549],[8.95078,35.71347],[8.92239,35.71615],[8.88107,35.73493],[8.84608,35.74191],[8.82028,35.75615],[8.80404,35.7742],[8.79755,35.77615],[8.78047,35.7773],[8.77094,35.78398],[8.76365,35.78272],[8.76323,35.77681],[8.75866,35.77442],[8.74665,35.77584],[8.73576,35.77037],[8.71847,35.7759],[8.71414,35.77226],[8.71012,35.77531],[8.71313,35.78041],[8.71184,35.78724],[8.7086,35.78913],[8.70043,35.79088],[8.68463,35.78326],[8.67588,35.78815],[8.6673,35.78781],[8.66928,35.77725],[8.66633,35.75936],[8.65488,35.75575],[8.6503,35.7506],[8.63637,35.75491],[8.63188,35.74312],[8.62339,35.74353],[8.60303,35.76665],[8.61723,35.74767],[8.61551,35.7402]],[[8.37771,35.97805],[8.38384,35.97907],[8.3806,35.98019],[8.35778,35.97466],[8.37771,35.97805]],[[8.38904,35.97993],[8.3899,35.98076],[8.38814,35.97978],[8.38904,35.97993]],[[8.40099,35.99135],[8.39664,35.98886],[8.39629,35.98686],[8.40099,35.99135]],[[8.5083,36.1232],[8.50149,36.12057],[8.50171,36.11839],[8.5083,36.1232]],[[8.71204,36.18811],[8.72492,36.20752],[8.72492,36.20752],[8.71204,36.18811]],[[8.71939,36.07227],[8.7348,36.08289],[8.73491,36.08442],[8.71939,36.07227]],[[8.69826,36.07001],[8.6933,36.06813],[8.71939,36.07227],[8.69826,36.07001]],[[8.70057,35.88506],[8.7161,35.87517],[8.71195,35.87959],[8.70057,35.88506]],[[8.49466,35.74771],[8.51291,35.74657],[8.51557,35.74761],[8.49466,35.74771]],[[8.67137,36.08936],[8.6778,36.08936],[8.66938,36.09086],[8.67137,36.08936]],[[8.62471,36.23603],[8.62426,36.24413],[8.62335,36.23873],[8.62471,36.23603]],[[8.77957,36.08253],[8.77728,36.0922],[8.77692,36.08691],[8.77957,36.08253]],[[8.80856,36.03889],[8.78092,36.0803],[8.80417,36.04193],[8.80856,36.03889]],[[8.98586,35.9705],[8.9774,35.97944],[8.97996,35.97519],[8.98586,35.9705]]]}},{"type":"Feature","properties":{"id":"TUN:ADM1:TUN-110","name":"Kasserine","countryCode":"TUN"},"geometry":{"type":"Polygon","coordinates":[[[8.78902,34.75331],[8.7506,34.72505],[8.73033,34.72487],[8.7224,34.71553],[8.65089,34.67698],[8.58601,34.63037],[8.58557,34.62741],[8.5399,34.6302],[8.52317,34.63966],[8.50845,34.64061],[8.4918,34.65263],[8.48267,34.66421],[8.46967,34.66826],[8.44268,34.68534],[8.41698,34.69113],[8.38294,34.70651],[8.36279,34.71157],[8.35317,34.71971],[8.31911,34.73647],[8.30001,34.74153],[8.29415,34.74626],[8.28379,34.76689],[8.28187,34.78721],[8.2853,34.80557],[8.27904,34.83562],[8.27262,34.84046],[8.27564,34.84462],[8.27071,34.8507],[8.2701,34.86288],[8.26137,34.87433],[8.26041,34.89399],[8.25607,34.90886],[8.25111,34.91257],[8.25302,34.91537],[8.24521,34.92105],[8.26156,34.93149],[8.26958,34.9323],[8.27598,34.94004],[8.28634,34.94519],[8.30087,34.94967],[8.31527,34.94809],[8.30865,34.95375],[8.31689,34.99387],[8.31568,35.00921],[8.34306,35.07197],[8.35899,35.10102],[8.39032,35.12003],[8.40943,35.13975],[8.41634,35.15099],[8.41808,35.16967],[8.42261,35.17916],[8.43857,35.19847],[8.45449,35.22005],[8.47558,35.24068],[8.45469,35.23626],[8.43966,35.23743],[8.42239,35.24598],[8.40877,35.24498],[8.39281,35.2576],[8.35878,35.27624],[8.3336,35.28045],[8.32474,35.28979],[8.32401,35.29841],[8.31155,35.31506],[8.31151,35.32445],[8.31685,35.32588],[8.31738,35.34124],[8.31269,35.37223],[8.32986,35.40653],[8.32449,35.41339],[8.31546,35.41421],[8.32913,35.42184],[8.33941,35.44549],[8.34981,35.45427],[8.35327,35.46314],[8.37243,35.46786],[8.40818,35.46388],[8.3844,35.46676],[8.38536,35.48742],[8.37344,35.49518],[8.35997,35.52574],[8.36318,35.53437],[8.35335,35.58213],[8.35093,35.61145],[8.35396,35.61661],[8.37046,35.61963],[8.38934,35.61594],[8.38626,35.63531],[8.40113,35.64009],[8.4095,35.65164],[8.41514,35.65457],[8.41735,35.66426],[8.431,35.66921],[8.4393,35.66801],[8.45632,35.67251],[8.54359,35.66737],[8.548,35.66575],[8.54346,35.65726],[8.5459,35.6583],[8.55546,35.64587],[8.56835,35.63737],[8.57072,35.64088],[8.57847,35.6404],[8.58727,35.64621],[8.58792,35.65005],[8.59045,35.64881],[8.61501,35.65982],[8.61218,35.66432],[8.6189,35.67097],[8.61767,35.67549],[8.62168,35.67606],[8.63042,35.68558],[8.62765,35.68693],[8.63022,35.69146],[8.62566,35.69406],[8.62494,35.70142],[8.62243,35.70226],[8.62654,35.71005],[8.62463,35.71758],[8.62676,35.72457],[8.61865,35.73129],[8.61916,35.73677],[8.61551,35.7402],[8.61723,35.74767],[8.62339,35.74353],[8.63188,35.74312],[8.63637,35.75491],[8.6503,35.7506],[8.65488,35.75575],[8.66633,35.75936],[8.66928,35.77725],[8.6673,35.78781],[8.67588,35.78815],[8.68463,35.78326],[8.70043,35.79088],[8.7086,35.78913],[8.71184,35.78724],[8.71313,35.78041],[8.71012,35.77531],[8.71414,35.77226],[8.71847,35.7759],[8.73576,35.77037],[8.74665,35.77584],[8.75866,35.77442],[8.76323,35.77681],[8.76365,35.78272],[8.77094,35.78398],[8.78047,35.7773],[8.79755,35.77615],[8.80404,35.7742],[8.82028,35.75615],[8.82901,35.75295],[8.84608,35.74191],[8.88107,35.73493],[8.92239,35.71615],[8.95078,35.71347],[8.96539,35.70549],[8.99402,35.70829],[9.00509,35.70097],[9.01244,35.70111],[8.97997,35.68676],[8.97658,35.68169],[8.96765,35.68176],[8.96401,35.67687],[8.98184,35.67667],[9.00011,35.66617],[8.98602,35.66326],[8.98888,35.64732],[8.99727,35.63652],[8.99419,35.63302],[9.02371,35.62836],[9.04845,35.63444],[9.05553,35.62175],[9.07997,35.61263],[9.08884,35.59671],[9.088,35.60511],[9.09482,35.61495],[9.10159,35.61755],[9.10141,35.62414],[9.10528,35.62666],[9.11472,35.62754],[9.13199,35.61019],[9.1507,35.61941],[9.16684,35.61203],[9.17449,35.61698],[9.17061,35.60549],[9.17829,35.60491],[9.19244,35.59433],[9.18381,35.58496],[9.18593,35.5784],[9.18145,35.57419],[9.18108,35.56266],[9.19134,35.55742],[9.20513,35.5558],[9.2143,35.54277],[9.22536,35.54213],[9.22975,35.54545],[9.26799,35.5535],[9.27408,35.54567],[9.26914,35.54088],[9.27025,35.53233],[9.28143,35.53075],[9.29348,35.53477],[9.30161,35.52305],[9.30821,35.52094],[9.31038,35.51352],[9.32231,35.51086],[9.32259,35.50108],[9.33019,35.49251],[9.323,35.48849],[9.33035,35.47878],[9.33936,35.47852],[9.33089,35.47552],[9.322,35.46555],[9.29718,35.4562],[9.23188,35.4124],[9.20888,35.39176],[9.19225,35.36444],[9.15763,35.31117],[9.15035,35.29468],[9.15037,35.28788],[9.16916,35.27233],[9.19601,35.2586],[9.20317,35.251],[9.20345,35.24508],[9.2489,35.23127],[9.27489,35.21513],[9.26489,35.20812],[9.23814,35.19808],[9.25232,35.17908],[9.25375,35.16711],[9.2528,35.15342],[9.24286,35.1376],[9.26309,35.11772],[9.30261,35.1022],[9.32389,35.08274],[9.27777,35.02488],[9.26962,35.02016],[9.25437,35.02167],[9.24756,35.01859],[9.23861,35.02268],[9.23083,35.01735],[9.22177,35.01927],[9.21309,35.011],[9.20429,35.00889],[9.1866,35.01435],[9.17032,35.0107],[9.16728,35.00557],[9.15045,34.99444],[9.12208,34.99539],[9.10626,34.9676],[9.09185,34.96619],[9.06098,34.95597],[9.04989,34.93699],[9.03536,34.94034],[9.03505,34.92902],[9.03807,34.92284],[9.02591,34.91409],[9.0312,34.89917],[9.02726,34.8889],[9.03805,34.88655],[9.05844,34.89032],[9.05943,34.88631],[9.06433,34.88481],[9.0649,34.87908],[9.05832,34.86934],[9.03883,34.85729],[8.98095,34.83309],[8.97169,34.82567],[8.94128,34.82365],[8.92088,34.81023],[8.89354,34.8004],[8.84275,34.77215],[8.83064,34.76873],[8.78902,34.75331]],[[8.7589,35.01758],[8.76911,34.99872],[8.75915,35.01847],[8.7589,35.01758]],[[8.76943,35.23903],[8.79376,35.22869],[8.77157,35.23907],[8.76943,35.23903]],[[8.75449,35.24536],[8.75603,35.24317],[8.7565,35.24664],[8.75449,35.24536]],[[8.73091,35.27746],[8.75099,35.28181],[8.75162,35.28218],[8.73091,35.27746]],[[8.77333,35.30399],[8.76051,35.28736],[8.76468,35.28979],[8.77333,35.30399]],[[8.65898,34.87873],[8.67706,34.89235],[8.66787,34.88614],[8.65898,34.87873]],[[8.80076,35.60597],[8.78178,35.61122],[8.78542,35.60945],[8.80076,35.60597]],[[8.89078,35.40932],[8.91588,35.42837],[8.87572,35.40127],[8.89078,35.40932]],[[9.08943,35.59077],[9.0882,35.58743],[9.09118,35.5732],[9.08943,35.59077]]]}},{"type":"Feature","properties":{"id":"TUN:ADM1:TUN-111","name":"Gabès","countryCode":"TUN"},"geometry":{"type":"Polygon","coordinates":[[[9.79163,33.26988],[9.7671,33.27391],[9.72734,33.28641],[9.70964,33.28403],[9.67491,33.32699],[9.64827,33.35019],[9.63669,33.38365],[9.62972,33.39129],[9.62835,33.40604],[9.62226,33.41924],[9.57078,33.43974],[9.55647,33.45134],[9.55514,33.45879],[9.55002,33.46259],[9.53509,33.46733],[9.52862,33.47426],[9.51283,33.48275],[9.50458,33.49223],[9.49437,33.49652],[9.48828,33.49509],[9.50167,33.50182],[9.5168,33.49703],[9.53145,33.49745],[9.54739,33.51471],[9.54485,33.52269],[9.55984,33.55413],[9.58025,33.56609],[9.5904,33.58375],[9.61677,33.59079],[9.64114,33.58933],[9.58141,33.59428],[9.56519,33.58551],[9.55586,33.58888],[9.54085,33.60191],[9.53645,33.60524],[9.53418,33.616],[9.53902,33.6353],[9.53109,33.63659],[9.51975,33.62999],[9.46368,33.62435],[9.46011,33.62913],[9.4517,33.66844],[9.44312,33.68396],[9.42439,33.69365],[9.37059,33.70242],[9.35091,33.71065],[9.33959,33.73611],[9.33385,33.77285],[9.31149,33.8044],[9.27221,33.87042],[9.24809,33.92923],[9.25282,34.03844],[9.26256,34.0532],[9.26248,34.05902],[9.27602,34.06582],[9.27204,34.07324],[9.28482,34.0789],[9.28658,34.08353],[9.3015,34.09196],[9.31831,34.09127],[9.32573,34.09766],[9.32754,34.10655],[9.33963,34.11194],[9.35078,34.11313],[9.30752,34.12484],[9.30431,34.13258],[9.27558,34.14129],[9.24739,34.18543],[9.25891,34.19563],[9.26867,34.19585],[9.27859,34.20352],[9.31839,34.22056],[9.34062,34.22023],[9.35593,34.22462],[9.36631,34.22194],[9.37797,34.22919],[9.38138,34.2223],[9.43805,34.21035],[9.45115,34.21228],[9.455,34.21756],[9.47026,34.21634],[9.47739,34.2272],[9.48135,34.22823],[9.50097,34.22478],[9.504,34.22796],[9.52226,34.22792],[9.52743,34.23427],[9.5393,34.23521],[9.54443,34.23948],[9.54368,34.24716],[9.53915,34.2516],[9.54884,34.26051],[9.54858,34.26474],[9.69552,34.28262],[9.7111,34.2815],[9.7549,34.22013],[9.81864,34.22044],[9.81599,34.22927],[9.82523,34.23806],[9.85195,34.2277],[9.85446,34.21579],[9.86522,34.20683],[9.8636,34.19867],[9.89162,34.17913],[9.89568,34.16876],[9.908,34.17519],[9.91769,34.17591],[9.91608,34.17284],[9.92376,34.18142],[9.91977,34.18147],[9.91756,34.18574],[9.92218,34.18957],[9.92203,34.19656],[9.9343,34.2062],[9.94913,34.2055],[9.96592,34.21113],[9.98245,34.19701],[9.99517,34.19335],[10.00114,34.18824],[10.01101,34.19323],[10.01831,34.18728],[10.01526,34.18187],[10.01535,34.17757],[10.01027,34.17316],[10.0101,34.17308],[10.00522,34.17064],[10.01466,34.15339],[10.0184,34.13349],[10.01824,34.09154],[10.02149,34.07331],[10.03614,34.03449],[10.03932,34.0161],[10.04884,33.98347],[10.04978,33.98191],[10.0713,33.94623],[10.08073,33.93493],[10.11259,33.89677],[10.11289,33.89623],[10.11301,33.89626],[10.11402,33.89505],[10.11177,33.89366],[10.11474,33.89419],[10.12218,33.88528],[10.12275,33.88356],[10.12803,33.87826],[10.1631,33.83625],[10.1727,33.82807],[10.18183,33.824],[10.18315,33.82342],[10.19501,33.81501],[10.28139,33.74335],[10.28133,33.73997],[10.2832,33.74185],[10.33025,33.70283],[10.36769,33.68407],[10.39377,33.67454],[10.40024,33.67068],[10.40688,33.66974],[10.44606,33.65542],[10.46022,33.6527],[10.48027,33.64885],[10.48034,33.64881],[10.46596,33.64897],[10.4616,33.64448],[10.45621,33.64787],[10.45195,33.64671],[10.45227,33.64138],[10.447,33.64052],[10.43884,33.63262],[10.43673,33.63534],[10.43225,33.63269],[10.42484,33.63559],[10.41552,33.63018],[10.42033,33.61964],[10.41628,33.6094],[10.41825,33.60604],[10.41269,33.60556],[10.41134,33.59732],[10.40636,33.59153],[10.39215,33.59333],[10.38249,33.58126],[10.37171,33.57512],[10.36681,33.55915],[10.36018,33.55465],[10.35996,33.53427],[10.35487,33.52483],[10.34985,33.52435],[10.3414,33.51375],[10.33798,33.50685],[10.33903,33.50006],[10.33274,33.48982],[10.3238,33.48621],[10.31854,33.47968],[10.30855,33.47964],[10.30743,33.47562],[10.29715,33.4697],[10.28637,33.4525],[10.28829,33.44538],[10.27752,33.42929],[10.26383,33.42267],[10.23487,33.41741],[10.22727,33.42291],[10.21684,33.42361],[10.1767,33.41583],[10.16633,33.40983],[10.1575,33.40874],[10.14682,33.39934],[10.13366,33.39455],[10.13781,33.38918],[10.14504,33.38753],[10.12596,33.37893],[10.12039,33.37241],[10.09925,33.37245],[10.09325,33.36126],[10.10655,33.34607],[10.05368,33.31653],[10.03644,33.30955],[10.02478,33.31283],[10.00067,33.29323],[9.96326,33.29429],[9.92908,33.29959],[9.91683,33.29698],[9.89376,33.28751],[9.82855,33.28484],[9.79163,33.26988]],[[9.35598,34.09912],[9.35591,34.10178],[9.35174,34.10359],[9.35598,34.09912]],[[9.36366,34.09103],[9.38247,34.08199],[9.35965,34.09526],[9.36366,34.09103]],[[9.39796,34.08089],[9.40505,34.08253],[9.38247,34.08199],[9.39796,34.08089]],[[9.44305,34.09134],[9.4624,34.09884],[9.41818,34.08558],[9.44305,34.09134]],[[10.09368,33.87274],[10.0863,33.87177],[10.08066,33.86789],[10.09368,33.87274]],[[10.10044,33.51043],[10.09766,33.50504],[10.10348,33.51164],[10.10044,33.51043]],[[10.15621,33.61158],[10.15697,33.59768],[10.1578,33.60661],[10.15621,33.61158]],[[10.13303,33.72268],[10.1398,33.71198],[10.13218,33.72606],[10.13303,33.72268]],[[9.99996,33.35596],[9.98629,33.34916],[9.99338,33.35128],[9.99996,33.35596]],[[10.02808,33.37595],[10.02083,33.37319],[10.01369,33.36572],[10.02808,33.37595]],[[10.04299,33.44347],[10.04001,33.44236],[10.03709,33.43656],[10.04299,33.44347]],[[10.04153,33.72795],[10.04781,33.73069],[10.05589,33.73759],[10.04153,33.72795]],[[10.00556,33.71776],[10.01291,33.71957],[10.02225,33.72521],[10.00556,33.71776]],[[9.97735,33.71802],[9.99138,33.71428],[9.99504,33.71518],[9.97735,33.71802]],[[9.84886,34.051],[9.81732,34.03769],[9.81149,34.03386],[9.84886,34.051]],[[9.85384,34.04998],[9.85285,34.05268],[9.85138,34.05206],[9.85384,34.04998]],[[9.90992,34.15933],[9.90877,34.15431],[9.90976,34.13472],[9.90992,34.15933]],[[9.9148,34.17042],[9.91408,34.16905],[9.91702,34.16374],[9.9148,34.17042]]]}},{"type":"Feature","properties":{"id":"TUN:ADM1:TUN-112","name":"Gafsa","countryCode":"TUN"},"geometry":{"type":"Polygon","coordinates":[[[8.85545,34.1206],[8.85442,34.09984],[8.84438,34.09498],[8.81237,34.09498],[8.80044,34.09178],[8.76112,34.09676],[8.73832,34.09286],[8.72533,34.09498],[8.72025,34.09122],[8.69581,34.08624],[8.67967,34.08887],[8.66079,34.08262],[8.65366,34.07872],[8.64766,34.06077],[8.64039,34.06099],[8.63218,34.06742],[8.5924,34.06385],[8.57207,34.06066],[8.53702,34.061],[8.51813,34.06601],[8.47159,34.0677],[8.41184,34.06316],[8.39974,34.06039],[8.38709,34.05286],[8.37205,34.0558],[8.34887,34.05307],[8.33916,34.06697],[8.33604,34.07502],[8.33788,34.07831],[8.33375,34.08336],[8.33848,34.0889],[8.33817,34.09896],[8.3437,34.10758],[8.34077,34.11448],[8.32773,34.12228],[8.32839,34.15706],[8.31171,34.15629],[8.29026,34.15028],[8.15476,34.20219],[8.15162,34.2201],[8.12199,34.26163],[8.06492,34.30211],[8.04644,34.31759],[8.04168,34.32855],[8.05911,34.35758],[8.09519,34.39885],[8.08597,34.41144],[8.07792,34.41665],[8.10117,34.44771],[8.11818,34.48593],[8.13476,34.5286],[8.13765,34.53235],[8.14911,34.53364],[8.14774,34.53866],[8.1512,34.54635],[8.15641,34.5472],[8.15838,34.55195],[8.16667,34.55267],[8.16071,34.56215],[8.16329,34.56319],[8.16153,34.56918],[8.17151,34.56446],[8.17002,34.57429],[8.18831,34.57189],[8.20587,34.57454],[8.20589,34.57774],[8.22224,34.57802],[8.22233,34.58078],[8.20434,34.58905],[8.20906,34.59155],[8.21102,34.60353],[8.2287,34.60929],[8.22713,34.61367],[8.23179,34.61543],[8.25013,34.61455],[8.24387,34.62064],[8.24134,34.63148],[8.26515,34.6443],[8.27382,34.64402],[8.27384,34.64907],[8.28073,34.65742],[8.27691,34.6605],[8.25622,34.66179],[8.24139,34.66972],[8.23713,34.67669],[8.24062,34.68791],[8.24466,34.69097],[8.26466,34.69235],[8.28847,34.71727],[8.29549,34.73144],[8.31477,34.7283],[8.32421,34.73281],[8.35317,34.71971],[8.36279,34.71157],[8.38294,34.70651],[8.41698,34.69113],[8.44268,34.68534],[8.46967,34.66826],[8.48267,34.66421],[8.5055,34.64214],[8.51698,34.6411],[8.5399,34.6302],[8.58557,34.62741],[8.58601,34.63037],[8.62478,34.6582],[8.65089,34.67698],[8.7224,34.71553],[8.73033,34.72487],[8.7506,34.72505],[8.78902,34.75331],[8.84275,34.77215],[8.89354,34.8004],[8.92088,34.81023],[8.94319,34.77508],[8.95213,34.75398],[8.98957,34.72121],[9.0076,34.7074],[9.02612,34.70619],[9.04101,34.6937],[9.05473,34.69271],[9.06497,34.68683],[9.06776,34.67982],[9.07286,34.68804],[9.07866,34.68904],[9.08394,34.70257],[9.09987,34.70908],[9.11809,34.7037],[9.12477,34.71001],[9.14246,34.71083],[9.15619,34.71706],[9.15023,34.70144],[9.15375,34.70578],[9.19055,34.69297],[9.19618,34.70611],[9.2278,34.70833],[9.2632,34.68384],[9.26937,34.6756],[9.26828,34.67066],[9.28191,34.66024],[9.27174,34.64546],[9.27201,34.63421],[9.27759,34.62472],[9.2548,34.57867],[9.27029,34.5684],[9.2797,34.57583],[9.29306,34.58039],[9.29649,34.56627],[9.31286,34.56529],[9.30608,34.55768],[9.31424,34.55227],[9.34782,34.56748],[9.35023,34.56295],[9.34366,34.55913],[9.33469,34.54315],[9.33364,34.53544],[9.33807,34.52941],[9.31256,34.50791],[9.31015,34.50158],[9.32365,34.4992],[9.32652,34.49427],[9.33512,34.49406],[9.34243,34.50393],[9.34967,34.5069],[9.40473,34.49957],[9.40354,34.4934],[9.41748,34.48261],[9.45309,34.48144],[9.4535,34.47366],[9.45944,34.46396],[9.48865,34.44604],[9.50732,34.38175],[9.56073,34.36954],[9.55505,34.36119],[9.53848,34.3517],[9.54667,34.31872],[9.55035,34.3151],[9.54489,34.29346],[9.55191,34.2778],[9.54884,34.26051],[9.53915,34.2516],[9.54368,34.24716],[9.54443,34.23948],[9.5393,34.23521],[9.52743,34.23427],[9.52226,34.22792],[9.504,34.22796],[9.50097,34.22478],[9.49201,34.22815],[9.47739,34.2272],[9.47026,34.21634],[9.455,34.21756],[9.45115,34.21228],[9.43805,34.21035],[9.38138,34.2223],[9.37797,34.22919],[9.36631,34.22194],[9.35593,34.22462],[9.34062,34.22023],[9.31839,34.22056],[9.27859,34.20352],[9.26867,34.19585],[9.25891,34.19563],[9.24739,34.18543],[9.22354,34.17183],[9.16069,34.16536],[9.15666,34.16408],[9.14799,34.16792],[9.12816,34.16525],[9.08817,34.15093],[9.07688,34.14251],[9.04408,34.12878],[9.01684,34.12214],[8.95706,34.11579],[8.91236,34.12207],[8.90543,34.11982],[8.89352,34.12242],[8.86551,34.12109],[8.85545,34.1206]],[[8.84586,34.34123],[8.87452,34.34349],[8.8421,34.34115],[8.8055,34.32496],[8.84586,34.34123]],[[8.5391,34.2601],[8.53404,34.25239],[8.53751,34.25509],[8.5391,34.2601]],[[8.21132,34.35923],[8.21142,34.35646],[8.21614,34.36155],[8.21132,34.35923]],[[8.33994,34.39895],[8.3359,34.38592],[8.34232,34.3997],[8.33994,34.39895]],[[8.37184,34.40894],[8.36488,34.40676],[8.37476,34.40893],[8.37184,34.40894]],[[8.38361,34.4089],[8.37858,34.40892],[8.38409,34.40724],[8.38361,34.4089]],[[8.51772,34.40157],[8.54871,34.44938],[8.51354,34.39865],[8.49847,34.38489],[8.51772,34.40157]],[[8.49396,34.37145],[8.48929,34.38094],[8.48826,34.3805],[8.49396,34.37145]],[[8.51609,34.23843],[8.49119,34.24109],[8.50957,34.23797],[8.51609,34.23843]],[[9.05531,34.3812],[9.04085,34.38233],[9.06734,34.37845],[9.05531,34.3812]],[[9.23566,34.42394],[9.22014,34.40772],[9.24369,34.42875],[9.23566,34.42394]],[[9.29559,34.33638],[9.28595,34.32905],[9.30898,34.34152],[9.29559,34.33638]],[[8.96415,34.50209],[8.98522,34.486],[8.97031,34.49859],[8.96415,34.50209]],[[9.12441,34.67193],[9.12864,34.6748],[9.14354,34.69318],[9.13965,34.69037],[9.12441,34.67193]]]}},{"type":"Feature","properties":{"id":"TUN:ADM1:TUN-113","name":"Sidi Bouzid","countryCode":"TUN"},"geometry":{"type":"Polygon","coordinates":[[[9.41748,34.48261],[9.40354,34.4934],[9.40473,34.49957],[9.38365,34.50054],[9.35781,34.50673],[9.34243,34.50393],[9.33512,34.49406],[9.32652,34.49427],[9.3212,34.5006],[9.31015,34.50158],[9.31256,34.50791],[9.33894,34.53083],[9.33364,34.53544],[9.33469,34.54315],[9.34366,34.55913],[9.35023,34.56295],[9.34782,34.56748],[9.31424,34.55227],[9.30608,34.55768],[9.31286,34.56529],[9.29649,34.56627],[9.29306,34.58039],[9.2797,34.57583],[9.27029,34.5684],[9.2548,34.57867],[9.27759,34.62472],[9.27201,34.63421],[9.27174,34.64546],[9.28191,34.66024],[9.26828,34.67066],[9.26937,34.6756],[9.2632,34.68384],[9.2278,34.70833],[9.19618,34.70611],[9.19055,34.69297],[9.15261,34.70629],[9.15619,34.71706],[9.14246,34.71083],[9.12477,34.71001],[9.11809,34.7037],[9.09987,34.70908],[9.08394,34.70257],[9.07866,34.68904],[9.07286,34.68804],[9.06776,34.67982],[9.06497,34.68683],[9.05473,34.69271],[9.04101,34.6937],[9.02612,34.70619],[9.0076,34.7074],[8.98957,34.72121],[8.95213,34.75398],[8.94319,34.77508],[8.92088,34.81023],[8.94128,34.82365],[8.97169,34.82567],[8.98095,34.83309],[9.03883,34.85729],[9.05832,34.86934],[9.0649,34.87908],[9.06433,34.88481],[9.05943,34.88631],[9.05844,34.89032],[9.03805,34.88655],[9.02726,34.8889],[9.0312,34.89917],[9.02591,34.91409],[9.03807,34.92284],[9.03505,34.92902],[9.03536,34.94034],[9.04989,34.93699],[9.06098,34.95597],[9.09185,34.96619],[9.10626,34.9676],[9.10029,34.95425],[9.12208,34.99539],[9.15045,34.99444],[9.16728,35.00557],[9.17032,35.0107],[9.17982,35.01326],[9.1866,35.01435],[9.20429,35.00889],[9.21309,35.011],[9.22177,35.01927],[9.23083,35.01735],[9.23861,35.02268],[9.24756,35.01859],[9.25437,35.02167],[9.26962,35.02016],[9.27777,35.02488],[9.3325,35.09177],[9.32389,35.08274],[9.30261,35.1022],[9.26309,35.11772],[9.24286,35.1376],[9.2528,35.15342],[9.25375,35.16711],[9.25232,35.17908],[9.23814,35.19808],[9.26489,35.20812],[9.27489,35.21513],[9.2489,35.23127],[9.20345,35.24508],[9.20317,35.251],[9.19601,35.2586],[9.16916,35.27233],[9.15037,35.28788],[9.15035,35.29468],[9.15763,35.31117],[9.19785,35.37394],[9.20888,35.39176],[9.23188,35.4124],[9.29718,35.4562],[9.32621,35.46801],[9.33089,35.47552],[9.33936,35.47852],[9.36373,35.4793],[9.39527,35.49525],[9.40707,35.49549],[9.41294,35.48881],[9.4454,35.48448],[9.45476,35.48612],[9.46407,35.49309],[9.46617,35.47715],[9.49034,35.46347],[9.49114,35.45867],[9.48606,35.45495],[9.48501,35.44939],[9.48911,35.44053],[9.4883,35.42939],[9.49041,35.42377],[9.50513,35.4141],[9.50028,35.41158],[9.5052,35.40524],[9.48721,35.39245],[9.47444,35.38843],[9.46586,35.37045],[9.45967,35.36775],[9.45914,35.36355],[9.52708,35.3443],[9.53038,35.33693],[9.52728,35.33328],[9.53661,35.3222],[9.53227,35.31769],[9.54797,35.28997],[9.54961,35.28116],[9.55452,35.2749],[9.5648,35.27033],[9.58701,35.28476],[9.60003,35.2796],[9.60451,35.26991],[9.60946,35.26668],[9.64173,35.26069],[9.65303,35.25207],[9.65841,35.24254],[9.67448,35.23488],[9.68265,35.23676],[9.69161,35.23074],[9.69116,35.21159],[9.69882,35.20065],[9.74779,35.18044],[9.79406,35.18156],[9.82171,35.17146],[9.8732,35.16611],[9.88389,35.17],[9.88649,35.17439],[9.88271,35.17989],[9.8884,35.18489],[9.89803,35.18409],[9.91437,35.19298],[9.94264,35.19894],[9.95054,35.20771],[9.9676,35.20244],[9.97358,35.18183],[9.98404,35.17243],[10.00149,35.16453],[9.99476,35.15515],[9.9934,35.14611],[9.99711,35.1265],[9.99211,35.12081],[10.00235,35.10288],[9.99409,35.08419],[10.00198,35.07954],[10.0129,35.06608],[10.00582,35.05244],[10.01739,35.05058],[10.01154,35.04326],[10.00237,35.04504],[10.04058,35.02685],[10.06331,35.02023],[10.06361,35.00334],[10.049,34.98548],[10.0291,34.94874],[10.00872,34.89707],[9.97862,34.87221],[9.95463,34.83099],[9.96068,34.8281],[9.9414,34.77788],[9.93928,34.75609],[9.92509,34.75078],[9.91313,34.7512],[9.91199,34.73461],[9.91769,34.73149],[9.91816,34.72057],[9.90355,34.69469],[9.89943,34.67954],[9.90848,34.66525],[9.8895,34.66258],[9.88612,34.65927],[9.87931,34.64371],[9.90105,34.63271],[9.87284,34.60725],[9.87824,34.60426],[9.8825,34.59255],[9.90053,34.59805],[9.90782,34.59601],[9.9706,34.56747],[9.98122,34.54739],[9.96944,34.5381],[10.02258,34.53524],[10.05984,34.52583],[10.04715,34.52237],[10.00758,34.48666],[9.99986,34.49122],[9.99664,34.49009],[9.99129,34.48063],[9.9739,34.47187],[9.9624,34.45877],[9.94755,34.44999],[9.94109,34.44731],[9.9358,34.45065],[9.92444,34.46776],[9.91682,34.45939],[9.9162,34.44628],[9.92079,34.43168],[9.89838,34.42057],[9.88746,34.39682],[9.85912,34.37021],[9.85045,34.37018],[9.83208,34.36344],[9.82412,34.36736],[9.81895,34.36472],[9.80099,34.36488],[9.78925,34.35905],[9.77947,34.35849],[9.77492,34.35133],[9.76438,34.34603],[9.74456,34.3441],[9.72314,34.33719],[9.72005,34.33308],[9.74134,34.31594],[9.74592,34.3003],[9.75524,34.29019],[9.75435,34.28434],[9.76151,34.27435],[9.69552,34.28262],[9.54858,34.26474],[9.55191,34.2778],[9.54489,34.29346],[9.55035,34.3151],[9.54667,34.31872],[9.53848,34.3517],[9.55505,34.36119],[9.56073,34.36954],[9.50732,34.38175],[9.48865,34.44604],[9.45944,34.46396],[9.4535,34.47366],[9.45309,34.48144],[9.41748,34.48261]],[[9.45309,34.48144],[9.46024,34.49081],[9.45695,34.48653],[9.45309,34.48144]],[[9.43947,34.5013],[9.44474,34.49829],[9.43487,34.5078],[9.43947,34.5013]],[[9.46036,34.8548],[9.46149,34.86001],[9.4585,34.87415],[9.46036,34.8548]],[[9.40294,34.81102],[9.40419,34.77953],[9.40542,34.78833],[9.40294,34.81102]],[[9.42229,34.76043],[9.41495,34.77042],[9.40419,34.77953],[9.42229,34.76043]],[[9.17249,34.8945],[9.14246,34.90428],[9.1351,34.90421],[9.17249,34.8945]],[[9.3611,35.13923],[9.36973,35.16871],[9.38197,35.2235],[9.3611,35.13923]],[[9.39902,35.18442],[9.42299,35.18493],[9.41219,35.1863],[9.39902,35.18442]],[[9.61475,34.7702],[9.61212,34.7611],[9.61795,34.77319],[9.61475,34.7702]],[[9.63136,34.78572],[9.62642,34.7811],[9.63231,34.78553],[9.63136,34.78572]],[[9.69959,34.9556],[9.703,34.9522],[9.70548,34.95247],[9.69959,34.9556]],[[9.71134,34.95799],[9.70771,34.9527],[9.70991,34.95294],[9.71134,34.95799]],[[9.79241,34.99219],[9.78622,34.98822],[9.8767,35.01863],[9.79241,34.99219]],[[9.87428,34.65891],[9.87723,34.65986],[9.87568,34.65996],[9.87428,34.65891]],[[9.69823,34.5988],[9.70173,34.60266],[9.69902,34.60174],[9.69823,34.5988]],[[9.70693,34.592],[9.70816,34.59293],[9.69823,34.5988],[9.70693,34.592]],[[9.69638,34.58404],[9.70592,34.59124],[9.70217,34.59073],[9.69638,34.58404]],[[9.65689,34.51606],[9.6581,34.51779],[9.6548,34.52493],[9.65689,34.51606]],[[9.72486,34.73954],[9.69671,34.7685],[9.68945,34.77397],[9.72486,34.73954]]]}},{"type":"Feature","properties":{"id":"TUN:ADM1:TUN-114","name":"Sfax","countryCode":"TUN"},"geometry":{"type":"MultiPolygon","coordinates":[[[[9.99517,34.19335],[9.98245,34.19701],[9.96592,34.21113],[9.94913,34.2055],[9.9343,34.2062],[9.92203,34.19656],[9.92218,34.18957],[9.91756,34.18574],[9.91977,34.18147],[9.92376,34.18142],[9.92215,34.17833],[9.89568,34.16876],[9.89162,34.17913],[9.8636,34.19867],[9.86522,34.20683],[9.85446,34.21579],[9.85195,34.2277],[9.82523,34.23806],[9.81599,34.22927],[9.81864,34.22044],[9.7549,34.22013],[9.7111,34.2815],[9.76151,34.27435],[9.75435,34.28434],[9.75524,34.29019],[9.74592,34.3003],[9.74134,34.31594],[9.72005,34.33308],[9.72314,34.33719],[9.74456,34.3441],[9.76438,34.34603],[9.77492,34.35133],[9.77947,34.35849],[9.78925,34.35905],[9.80099,34.36488],[9.81895,34.36472],[9.82412,34.36736],[9.83208,34.36344],[9.85045,34.37018],[9.85912,34.37021],[9.88746,34.39682],[9.89838,34.42057],[9.92079,34.43168],[9.9162,34.44628],[9.91682,34.45939],[9.92444,34.46776],[9.9358,34.45065],[9.94109,34.44731],[9.94755,34.44999],[9.9624,34.45877],[9.9739,34.47187],[9.99129,34.48063],[9.99664,34.49009],[9.99986,34.49122],[10.00758,34.48666],[10.04715,34.52237],[10.05984,34.52583],[10.02258,34.53524],[9.96944,34.5381],[9.98122,34.54739],[9.9706,34.56747],[9.90782,34.59601],[9.90053,34.59805],[9.8825,34.59255],[9.87824,34.60426],[9.87284,34.60725],[9.90105,34.63271],[9.87931,34.64371],[9.8895,34.66258],[9.90848,34.66525],[9.89943,34.67954],[9.90355,34.69469],[9.91816,34.72057],[9.91769,34.73149],[9.91199,34.73461],[9.91313,34.7512],[9.92509,34.75078],[9.93928,34.75609],[9.9414,34.77788],[9.96068,34.8281],[9.95463,34.83099],[9.97862,34.87221],[10.00872,34.89707],[10.0291,34.94874],[10.049,34.98548],[10.06361,35.00334],[10.06331,35.02023],[10.05344,35.04392],[10.05799,35.05122],[10.05781,35.0577],[10.06852,35.06715],[10.1098,35.09487],[10.11741,35.1056],[10.13024,35.11167],[10.13494,35.11923],[10.14305,35.11667],[10.14899,35.12275],[10.15023,35.13681],[10.17293,35.13739],[10.20109,35.14876],[10.22295,35.15303],[10.22899,35.15348],[10.28142,35.13032],[10.29096,35.13049],[10.31706,35.14357],[10.33517,35.13221],[10.3514,35.13553],[10.36411,35.13232],[10.3693,35.12474],[10.38007,35.1191],[10.3807,35.1119],[10.39412,35.10041],[10.4108,35.09009],[10.42741,35.08891],[10.46463,35.12445],[10.47637,35.13149],[10.52922,35.14272],[10.55587,35.15601],[10.58547,35.17933],[10.59201,35.1861],[10.57059,35.21669],[10.56441,35.22094],[10.56202,35.22806],[10.59424,35.24197],[10.62899,35.25763],[10.63293,35.25234],[10.6373,35.25373],[10.64459,35.24201],[10.6746,35.22194],[10.68756,35.2187],[10.71124,35.2216],[10.73315,35.23253],[10.73895,35.23218],[10.74783,35.24034],[10.75826,35.24158],[10.75054,35.24881],[10.76129,35.26508],[10.7651,35.27851],[10.7911,35.27383],[10.79494,35.25621],[10.80475,35.24596],[10.80237,35.21689],[10.80766,35.2034],[10.83244,35.17046],[10.83682,35.16157],[10.83704,35.14837],[10.81888,35.13984],[10.83463,35.14516],[10.86884,35.15293],[10.88759,35.16096],[10.90737,35.18868],[10.93218,35.16522],[10.92755,35.16197],[10.94057,35.15306],[10.91988,35.13676],[10.93273,35.12703],[10.95613,35.09797],[10.97493,35.09653],[10.98768,35.09161],[10.99258,35.09619],[11.00823,35.08987],[11.01666,35.08947],[11.02245,35.0645],[11.02211,35.06209],[11.0214,35.05944],[11.02155,35.05819],[11.01917,35.04162],[11.01913,35.04159],[11.00996,35.0258],[10.9938,35.00914],[10.97062,34.99916],[10.95813,34.9933],[10.94799,34.98441],[10.94586,34.98353],[10.92763,34.96665],[10.92492,34.96736],[10.92506,34.96428],[10.91765,34.95742],[10.92134,34.94565],[10.92119,34.94518],[10.92253,34.92815],[10.91652,34.91332],[10.91636,34.87897],[10.90934,34.87101],[10.9109,34.87031],[10.91002,34.86978],[10.90805,34.87048],[10.90222,34.8651],[10.8755,34.84907],[10.87204,34.84599],[10.86671,34.84125],[10.86036,34.83682],[10.85629,34.83088],[10.86736,34.81103],[10.87092,34.79906],[10.84664,34.79434],[10.82541,34.78427],[10.81578,34.77166],[10.81126,34.76888],[10.81082,34.76848],[10.80504,34.76697],[10.80574,34.76384],[10.79701,34.75588],[10.78822,34.75075],[10.78246,34.74772],[10.78291,34.74303],[10.77904,34.7395],[10.7729,34.72922],[10.76978,34.73133],[10.76356,34.72677],[10.76546,34.72512],[10.76837,34.72789],[10.77085,34.72579],[10.76739,34.72001],[10.76739,34.72002],[10.76108,34.72153],[10.76482,34.71963],[10.76127,34.71576],[10.7642,34.71668],[10.76458,34.71531],[10.76347,34.71345],[10.76036,34.71109],[10.76019,34.71109],[10.76058,34.71962],[10.75882,34.71653],[10.75368,34.72385],[10.75125,34.71064],[10.75571,34.70909],[10.75546,34.70738],[10.74399,34.69868],[10.74174,34.69437],[10.73471,34.68085],[10.7173,34.66474],[10.70118,34.65595],[10.65459,34.64337],[10.63429,34.63788],[10.62525,34.63325],[10.62143,34.62629],[10.61988,34.61587],[10.615,34.60358],[10.60968,34.59638],[10.60743,34.59333],[10.6069,34.58721],[10.60269,34.58321],[10.6004,34.56511],[10.59875,34.56245],[10.59702,34.54471],[10.58352,34.53417],[10.57596,34.53034],[10.56997,34.52787],[10.55632,34.52311],[10.55153,34.52252],[10.55068,34.5225],[10.56328,34.52896],[10.55628,34.53053],[10.53311,34.52328],[10.52223,34.52705],[10.5166,34.5224],[10.50574,34.52372],[10.49842,34.52029],[10.49992,34.51614],[10.4993,34.51607],[10.49937,34.51674],[10.49918,34.51605],[10.49751,34.51584],[10.49742,34.51657],[10.49906,34.51734],[10.49568,34.52004],[10.49267,34.51654],[10.47675,34.51437],[10.47269,34.51278],[10.46599,34.51195],[10.4319,34.49632],[10.39589,34.44673],[10.38839,34.43884],[10.37635,34.42256],[10.3692,34.42101],[10.36949,34.42145],[10.36078,34.41988],[10.36198,34.4268],[10.35192,34.42794],[10.35125,34.42474],[10.33565,34.41938],[10.33871,34.41627],[10.32975,34.41842],[10.32867,34.4127],[10.32049,34.41324],[10.31129,34.41681],[10.30006,34.41771],[10.2881,34.41401],[10.28736,34.41339],[10.28398,34.42469],[10.28562,34.41247],[10.28175,34.41277],[10.28363,34.41025],[10.28199,34.40888],[10.27801,34.40274],[10.2566,34.3791],[10.24724,34.37214],[10.23422,34.36933],[10.20105,34.35718],[10.19866,34.35964],[10.19522,34.35787],[10.1955,34.36292],[10.19371,34.36046],[10.19129,34.36434],[10.19764,34.38666],[10.18549,34.35111],[10.16668,34.33881],[10.12672,34.32563],[10.10216,34.30407],[10.09538,34.28704],[10.09308,34.28667],[10.08095,34.26744],[10.06593,34.23306],[10.06385,34.22959],[10.0452,34.20491],[10.04625,34.21531],[10.05163,34.22477],[10.0433,34.2269],[10.03782,34.22155],[10.04288,34.21739],[10.04064,34.21176],[10.03672,34.20717],[10.02913,34.2062],[10.04115,34.20302],[10.04301,34.20638],[10.0432,34.19864],[10.03278,34.18465],[10.02716,34.18301],[10.02296,34.18235],[10.01651,34.1909],[10.01101,34.19323],[10.00114,34.18824],[9.99517,34.19335]],[[10.19389,34.39228],[10.18537,34.39873],[10.19764,34.38666],[10.19389,34.39228]],[[10.68391,34.96784],[10.68973,34.96896],[10.70137,34.97649],[10.68391,34.96784]],[[10.67938,34.9656],[10.68321,34.95695],[10.68101,34.96641],[10.67938,34.9656]],[[10.74636,34.77045],[10.75029,34.77097],[10.74902,34.77159],[10.74636,34.77045]],[[10.71132,34.75695],[10.69292,34.74023],[10.71818,34.76116],[10.72455,34.7657],[10.71132,34.75695]],[[10.71451,34.71633],[10.72049,34.71259],[10.70951,34.72298],[10.71451,34.71633]],[[10.06929,34.53719],[10.06837,34.53297],[10.07274,34.52318],[10.07288,34.52316],[10.06929,34.53719]],[[10.36135,34.59843],[10.34221,34.60181],[10.36302,34.59607],[10.36135,34.59843]],[[10.46318,34.66235],[10.44162,34.6612],[10.46179,34.66127],[10.46318,34.66235]],[[10.4766,34.66307],[10.47099,34.66277],[10.48057,34.66081],[10.4766,34.66307]],[[10.15444,34.42214],[10.16022,34.4157],[10.16958,34.41068],[10.15444,34.42214]],[[10.36017,34.55898],[10.35948,34.57213],[10.35886,34.573],[10.36017,34.55898]],[[10.27512,34.43129],[10.2766,34.42635],[10.27735,34.4463],[10.27512,34.43129]],[[10.76619,34.77215],[10.77213,34.77572],[10.76579,34.77734],[10.76997,34.77466],[10.76619,34.77215]],[[10.81098,34.89893],[10.81488,34.89424],[10.8149,34.89671],[10.81098,34.89893]],[[10.78038,34.82025],[10.7814,34.82345],[10.77615,34.81672],[10.78038,34.82025]]],[[[10.35269,34.41742],[10.35221,34.41732],[10.35269,34.41843],[10.35269,34.41742]]],[[[11.0494,34.66822],[11.0553,34.67129],[11.06904,34.6712],[11.07722,34.67034],[11.07987,34.67112],[11.09153,34.67104],[11.09423,34.66861],[11.10375,34.66805],[11.11084,34.65951],[11.10296,34.6529],[11.08831,34.64329],[11.08269,34.64314],[11.06244,34.62532],[11.05876,34.62294],[11.05222,34.62157],[11.0365,34.62431],[11.03059,34.62675],[11.0293,34.62777],[11.02482,34.62913],[11.01661,34.63251],[10.99324,34.64198],[10.96644,34.6567],[10.97684,34.65821],[10.99179,34.67175],[11.04327,34.67138],[11.0494,34.66822]]],[[[11.13446,34.6895],[11.13232,34.69016],[11.13238,34.69022],[11.13454,34.68962],[11.13613,34.69195],[11.1357,34.69344],[11.13616,34.69389],[11.15269,34.70688],[11.16703,34.72422],[11.17141,34.72518],[11.1743,34.72847],[11.1714,34.73283],[11.17208,34.73662],[11.18167,34.74248],[11.17299,34.75761],[11.17303,34.758],[11.17987,34.76127],[11.18424,34.74845],[11.19803,34.74095],[11.21424,34.74236],[11.21903,34.73967],[11.22555,34.7455],[11.22411,34.75008],[11.22889,34.75052],[11.22666,34.76133],[11.23244,34.766],[11.22256,34.77303],[11.2175,34.78162],[11.21872,34.78375],[11.227,34.78211],[11.23427,34.78657],[11.23344,34.79056],[11.24784,34.79127],[11.2454,34.80248],[11.24102,34.80718],[11.24367,34.80923],[11.25258,34.80289],[11.25035,34.8133],[11.24604,34.8159],[11.25427,34.82582],[11.26539,34.82045],[11.26891,34.81042],[11.27878,34.80269],[11.28291,34.8065],[11.27394,34.81369],[11.27537,34.81727],[11.28299,34.81629],[11.29085,34.81283],[11.29599,34.81352],[11.30145,34.81045],[11.30417,34.80529],[11.30406,34.80526],[11.30306,34.8059],[11.28641,34.80465],[11.28545,34.80098],[11.28666,34.80018],[11.27809,34.79767],[11.27443,34.79173],[11.26824,34.78535],[11.2658,34.77338],[11.27485,34.77038],[11.27717,34.76732],[11.27688,34.76524],[11.28045,34.76299],[11.28053,34.76288],[11.30439,34.74264],[11.30445,34.74255],[11.30449,34.74176],[11.29945,34.73292],[11.29729,34.7318],[11.29818,34.7307],[11.29703,34.72869],[11.29597,34.72832],[11.2966,34.73088],[11.2889,34.73298],[11.28218,34.73222],[11.26312,34.7205],[11.25829,34.72395],[11.25493,34.71996],[11.25012,34.72372],[11.25139,34.7143],[11.24917,34.71199],[11.24435,34.71031],[11.21737,34.70607],[11.20759,34.70007],[11.20296,34.70265],[11.13225,34.66378],[11.13075,34.66329],[11.12511,34.67473],[11.12593,34.67633],[11.12341,34.67818],[11.12268,34.67967],[11.1325,34.68318],[11.13446,34.6895]]]]}},{"type":"Feature","properties":{"id":"TUN:ADM1:TUN-115","name":"Siliana","countryCode":"TUN"},"geometry":{"type":"Polygon","coordinates":[[[9.27131,35.69477],[9.30259,35.66413],[9.30622,35.65417],[9.31785,35.65154],[9.3484,35.62972],[9.3566,35.62149],[9.35921,35.61175],[9.36947,35.59748],[9.38022,35.59904],[9.38932,35.59603],[9.39234,35.58201],[9.39591,35.58277],[9.40865,35.57114],[9.42257,35.57639],[9.41992,35.56318],[9.41335,35.55948],[9.39831,35.55936],[9.39485,35.55433],[9.39588,35.54773],[9.41009,35.54574],[9.43345,35.53426],[9.43199,35.53122],[9.44161,35.51312],[9.44236,35.50231],[9.46407,35.49309],[9.45476,35.48612],[9.4454,35.48448],[9.41294,35.48881],[9.40707,35.49549],[9.39527,35.49525],[9.36373,35.4793],[9.33313,35.47764],[9.323,35.48849],[9.33019,35.49251],[9.32259,35.50108],[9.32231,35.51086],[9.31038,35.51352],[9.30821,35.52094],[9.30161,35.52305],[9.29348,35.53477],[9.28143,35.53075],[9.27025,35.53233],[9.26914,35.54088],[9.27408,35.54567],[9.26799,35.5535],[9.22975,35.54545],[9.22536,35.54213],[9.2143,35.54277],[9.20513,35.5558],[9.19134,35.55742],[9.18108,35.56266],[9.18145,35.57419],[9.18593,35.5784],[9.18381,35.58496],[9.19244,35.59433],[9.17829,35.60491],[9.17061,35.60549],[9.17449,35.61698],[9.16684,35.61203],[9.1507,35.61941],[9.13199,35.61019],[9.11472,35.62754],[9.10528,35.62666],[9.10141,35.62414],[9.10159,35.61755],[9.09137,35.61176],[9.08692,35.60051],[9.07997,35.61263],[9.05553,35.62175],[9.04845,35.63444],[9.02371,35.62836],[8.99419,35.63302],[8.99727,35.63652],[8.98888,35.64732],[8.98602,35.66326],[9.00011,35.66617],[8.98184,35.67667],[8.96401,35.67687],[8.96765,35.68176],[8.97658,35.68169],[8.97997,35.68676],[9.01244,35.70111],[9.02084,35.69282],[9.03026,35.69156],[9.04,35.68182],[9.0456,35.6805],[9.03704,35.70284],[9.03439,35.73016],[9.0177,35.76246],[9.02285,35.7638],[9.03019,35.77707],[9.03847,35.78403],[9.03138,35.80815],[9.03837,35.81672],[9.01656,35.83799],[9.03115,35.83579],[9.04224,35.84147],[9.04542,35.85143],[9.05115,35.85268],[9.03561,35.85009],[9.02553,35.85251],[9.03109,35.85761],[9.03053,35.86432],[9.04186,35.87223],[9.05544,35.89693],[9.07902,35.89418],[9.10071,35.91265],[9.10253,35.91936],[9.09789,35.92772],[9.09828,35.94587],[9.1126,35.96239],[9.11607,35.97728],[9.14343,35.9886],[9.16927,36.0059],[9.16223,36.01201],[9.15741,36.01196],[9.17076,36.02335],[9.16186,36.03325],[9.15507,36.03145],[9.15328,36.03421],[9.15373,36.04188],[9.16362,36.05862],[9.15574,36.06827],[9.15596,36.07503],[9.16048,36.07918],[9.15669,36.08306],[9.15748,36.08498],[9.14215,36.0919],[9.13392,36.10106],[9.12162,36.10245],[9.11066,36.11961],[9.10041,36.11488],[9.09135,36.11513],[9.06492,36.13378],[9.04309,36.13716],[9.03215,36.15878],[9.03803,36.17816],[9.03569,36.18301],[9.05612,36.2027],[9.04404,36.21086],[9.04049,36.21026],[9.03466,36.21706],[9.03746,36.22664],[9.05074,36.23334],[9.04367,36.23167],[9.03942,36.23984],[9.0235,36.23778],[8.99993,36.2397],[8.99642,36.25107],[8.98327,36.26228],[8.98622,36.26408],[8.98116,36.26667],[8.97881,36.27866],[8.97375,36.28069],[8.96866,36.29097],[8.96457,36.29004],[8.96003,36.2957],[8.9555,36.2954],[8.95591,36.29949],[8.96239,36.30375],[8.9517,36.30361],[8.94527,36.30941],[8.94397,36.31418],[8.95329,36.31539],[8.94673,36.31999],[8.95148,36.32577],[8.9577,36.32732],[8.95646,36.33093],[8.9613,36.33067],[8.9603,36.33691],[8.96664,36.33284],[8.96842,36.3365],[8.96575,36.34132],[8.97704,36.33659],[8.97807,36.33945],[8.97381,36.34189],[8.98216,36.34026],[8.98067,36.34585],[8.98734,36.34804],[8.97893,36.35534],[8.98204,36.35913],[8.97277,36.36484],[8.97789,36.37655],[8.96683,36.384],[8.96332,36.39857],[8.95996,36.39873],[8.96125,36.40369],[8.95558,36.40283],[8.95565,36.40872],[8.94128,36.41318],[8.93834,36.41929],[8.9328,36.42042],[8.92798,36.42973],[8.92862,36.43782],[8.92446,36.44144],[8.9314,36.444],[8.93,36.45016],[8.93548,36.44908],[8.93543,36.45214],[8.93894,36.451],[8.93967,36.45343],[8.96301,36.45998],[8.98466,36.45996],[8.99822,36.46526],[9.01615,36.46342],[9.01789,36.45649],[9.03343,36.44405],[9.06809,36.43484],[9.08886,36.4195],[9.09028,36.41245],[9.08176,36.40675],[9.08612,36.40273],[9.09839,36.40354],[9.11321,36.39491],[9.1162,36.38357],[9.11406,36.37153],[9.11064,36.37062],[9.11337,36.36571],[9.13156,36.36359],[9.14687,36.37405],[9.17298,36.38441],[9.18013,36.38301],[9.19373,36.37166],[9.24271,36.36981],[9.24591,36.37412],[9.25769,36.36649],[9.27007,36.33545],[9.26808,36.33269],[9.27546,36.33866],[9.28035,36.35339],[9.2864,36.35982],[9.3153,36.37283],[9.34252,36.39059],[9.345,36.39436],[9.34069,36.40311],[9.34929,36.40536],[9.36201,36.4191],[9.36119,36.4393],[9.37289,36.44333],[9.3812,36.44032],[9.3955,36.44218],[9.40033,36.44777],[9.43041,36.46249],[9.45284,36.45968],[9.45968,36.45017],[9.46331,36.44965],[9.48416,36.45859],[9.50221,36.45869],[9.5094,36.46384],[9.53124,36.45481],[9.54066,36.44382],[9.55225,36.44352],[9.56469,36.43729],[9.56924,36.42598],[9.57615,36.42662],[9.58304,36.42493],[9.58836,36.42854],[9.60836,36.42448],[9.62901,36.42605],[9.64256,36.42122],[9.64751,36.41228],[9.65248,36.41086],[9.65564,36.42733],[9.69819,36.44605],[9.70635,36.44487],[9.71134,36.44041],[9.73917,36.45074],[9.74779,36.44982],[9.74516,36.44688],[9.75429,36.4424],[9.75387,36.43743],[9.74945,36.43693],[9.75394,36.43303],[9.75001,36.42887],[9.75421,36.41775],[9.76005,36.41452],[9.76102,36.41019],[9.75102,36.40743],[9.75786,36.38637],[9.75447,36.37364],[9.75462,36.35641],[9.73439,36.34979],[9.71664,36.33375],[9.72398,36.31469],[9.70392,36.30194],[9.6863,36.29943],[9.67143,36.28947],[9.6367,36.28862],[9.6182,36.26754],[9.61212,36.26722],[9.60725,36.262],[9.59554,36.26053],[9.59766,36.25015],[9.60845,36.24817],[9.61425,36.24447],[9.61513,36.23943],[9.62652,36.2395],[9.63704,36.23481],[9.64418,36.22481],[9.64937,36.22434],[9.65508,36.21569],[9.66178,36.21421],[9.67139,36.21724],[9.66972,36.22763],[9.67311,36.2294],[9.68637,36.21818],[9.69819,36.2142],[9.70003,36.20984],[9.71995,36.19849],[9.71747,36.1885],[9.72236,36.18117],[9.72472,36.1635],[9.74397,36.15978],[9.76075,36.15198],[9.76969,36.14392],[9.7556,36.11363],[9.7533,36.09012],[9.72764,36.07037],[9.71202,36.06374],[9.7042,36.05027],[9.64454,36.01617],[9.62965,36.00381],[9.6305,35.99516],[9.6196,35.99009],[9.61642,35.98329],[9.60245,35.97388],[9.55821,35.9402],[9.5238,35.92191],[9.51755,35.91232],[9.49131,35.91041],[9.48736,35.9045],[9.493,35.8727],[9.47595,35.87722],[9.51763,35.86162],[9.52019,35.85708],[9.515,35.85131],[9.52334,35.84405],[9.52257,35.83583],[9.5186,35.83304],[9.51917,35.82715],[9.50882,35.82002],[9.50937,35.81069],[9.49832,35.7952],[9.51001,35.78759],[9.48368,35.78755],[9.49536,35.77885],[9.50124,35.76519],[9.51353,35.75707],[9.534,35.75222],[9.53758,35.74271],[9.52226,35.73829],[9.52492,35.73383],[9.52065,35.72893],[9.51604,35.73378],[9.50245,35.72942],[9.47825,35.73188],[9.47102,35.72738],[9.46801,35.72942],[9.46969,35.7247],[9.4546,35.72022],[9.45681,35.71326],[9.45108,35.71038],[9.44632,35.71177],[9.44272,35.70819],[9.43602,35.70862],[9.43297,35.71245],[9.43242,35.7094],[9.42529,35.70855],[9.41295,35.69421],[9.39796,35.68792],[9.36076,35.70496],[9.35349,35.70174],[9.33574,35.70122],[9.30227,35.72098],[9.29259,35.72238],[9.28081,35.72114],[9.27555,35.71694],[9.26956,35.70121],[9.27053,35.6953],[9.27131,35.69477]],[[9.14541,35.98527],[9.14576,35.9873],[9.14343,35.9886],[9.14541,35.98527]],[[9.18539,36.25684],[9.18768,36.25565],[9.17871,36.26767],[9.18539,36.25684]],[[9.1991,36.24972],[9.1917,36.25488],[9.18914,36.25489],[9.1991,36.24972]],[[9.527,36.17888],[9.52508,36.17784],[9.53138,36.1773],[9.52013,36.1814],[9.527,36.17888]],[[9.49278,36.13979],[9.49261,36.13269],[9.49457,36.14193],[9.49278,36.13979]],[[9.50461,36.09277],[9.50216,36.09935],[9.49573,36.10852],[9.50461,36.09277]],[[9.27137,36.00061],[9.28699,36.01661],[9.29407,36.02442],[9.27137,36.00061]],[[9.24456,35.90929],[9.25067,35.90338],[9.26911,35.89663],[9.28257,35.89555],[9.2542,35.9021],[9.24456,35.90929]],[[9.15005,35.95057],[9.14425,35.96118],[9.1458,35.95701],[9.15005,35.95057]],[[9.60331,36.18764],[9.6108,36.19221],[9.60476,36.19056],[9.60331,36.18764]],[[9.59293,36.1822],[9.59416,36.18206],[9.59537,36.1828],[9.59293,36.1822]],[[9.53568,36.18097],[9.5617,36.17641],[9.53631,36.18151],[9.53568,36.18097]]]}},{"type":"Feature","properties":{"id":"TUN:ADM1:TUN-116","name":"Mahdia","countryCode":"TUN"},"geometry":{"type":"Polygon","coordinates":[[[10.57059,35.21669],[10.59201,35.1861],[10.55587,35.15601],[10.52922,35.14272],[10.47637,35.13149],[10.46463,35.12445],[10.42741,35.08891],[10.4108,35.09009],[10.39412,35.10041],[10.3807,35.1119],[10.38007,35.1191],[10.3693,35.12474],[10.36411,35.13232],[10.3514,35.13553],[10.33517,35.13221],[10.31866,35.14621],[10.32045,35.14326],[10.29096,35.13049],[10.28142,35.13032],[10.22899,35.15348],[10.22295,35.15303],[10.21063,35.18681],[10.22056,35.19755],[10.20488,35.21392],[10.20367,35.22057],[10.17437,35.26661],[10.17936,35.27062],[10.20513,35.32054],[10.19245,35.33141],[10.1921,35.33527],[10.17468,35.33984],[10.16722,35.34525],[10.16056,35.357],[10.17637,35.38761],[10.17651,35.40381],[10.18202,35.42146],[10.18923,35.42412],[10.18592,35.42468],[10.19359,35.43292],[10.21394,35.43614],[10.22082,35.44295],[10.221,35.45286],[10.22495,35.45661],[10.21976,35.47158],[10.22025,35.47552],[10.25732,35.49879],[10.20729,35.55366],[10.23369,35.56784],[10.27407,35.5805],[10.28538,35.57696],[10.30574,35.58158],[10.30727,35.58501],[10.31591,35.58522],[10.32122,35.59413],[10.33051,35.5949],[10.33027,35.59146],[10.32454,35.59122],[10.32325,35.58415],[10.32699,35.57321],[10.31486,35.58012],[10.32242,35.56947],[10.31469,35.57369],[10.30866,35.57155],[10.3101,35.56736],[10.30184,35.562],[10.30102,35.55303],[10.29291,35.55151],[10.29436,35.53971],[10.30766,35.53416],[10.30116,35.52641],[10.30631,35.52595],[10.31062,35.52957],[10.3142,35.51801],[10.31985,35.52178],[10.33626,35.50222],[10.35089,35.50047],[10.3506,35.49417],[10.35569,35.49098],[10.36208,35.49299],[10.37115,35.47085],[10.37544,35.47217],[10.3769,35.47726],[10.38319,35.47754],[10.38565,35.48335],[10.37831,35.48479],[10.38323,35.49264],[10.38946,35.4937],[10.37654,35.49255],[10.39248,35.49837],[10.39109,35.49393],[10.39682,35.49519],[10.40289,35.48984],[10.42301,35.49717],[10.42653,35.48902],[10.44069,35.48168],[10.45108,35.48192],[10.45833,35.47469],[10.45226,35.46873],[10.46283,35.45427],[10.45916,35.45139],[10.46503,35.44172],[10.46417,35.43732],[10.46031,35.43655],[10.46223,35.43391],[10.47421,35.43338],[10.47395,35.43777],[10.47693,35.43915],[10.48532,35.43389],[10.4762,35.43062],[10.4764,35.42415],[10.49161,35.40871],[10.49423,35.41048],[10.50285,35.40546],[10.51088,35.40766],[10.523,35.40448],[10.52646,35.39974],[10.53064,35.39934],[10.52875,35.40523],[10.54287,35.40903],[10.56092,35.39608],[10.56628,35.39809],[10.56759,35.41951],[10.57465,35.43686],[10.57051,35.44294],[10.57157,35.44857],[10.58619,35.45359],[10.58808,35.45935],[10.59602,35.45647],[10.60485,35.46449],[10.61236,35.46565],[10.61107,35.4699],[10.6133,35.47452],[10.61696,35.47437],[10.62107,35.48556],[10.63813,35.50021],[10.64016,35.48591],[10.65561,35.48186],[10.66096,35.47728],[10.67234,35.48474],[10.6772,35.47722],[10.68419,35.47754],[10.68368,35.47165],[10.68893,35.47602],[10.69736,35.4735],[10.69793,35.47949],[10.71212,35.4752],[10.71801,35.48926],[10.73552,35.48736],[10.73086,35.4745],[10.75355,35.46373],[10.75966,35.44978],[10.76675,35.44896],[10.76995,35.44356],[10.77754,35.44022],[10.77559,35.43484],[10.78157,35.43481],[10.78134,35.42721],[10.79714,35.42871],[10.79987,35.42303],[10.80852,35.42302],[10.81531,35.43321],[10.82517,35.43019],[10.82588,35.43529],[10.83354,35.43406],[10.85137,35.43918],[10.84287,35.43731],[10.84692,35.45128],[10.83724,35.45628],[10.84403,35.46697],[10.83966,35.46801],[10.85165,35.48682],[10.85906,35.48319],[10.86716,35.48685],[10.86895,35.49535],[10.87337,35.49891],[10.87615,35.49661],[10.89362,35.50681],[10.91042,35.50407],[10.92428,35.50784],[10.9159,35.51802],[10.92188,35.52363],[10.92151,35.5297],[10.92892,35.52925],[10.9374,35.54257],[10.95138,35.54288],[10.9548,35.53563],[10.9582,35.54069],[10.96915,35.53929],[10.98433,35.54413],[10.98996,35.54118],[10.99477,35.54422],[10.9908,35.55178],[10.99548,35.55537],[11.00009,35.55245],[11.00186,35.55548],[11.0038,35.55358],[11.01114,35.55639],[11.01274,35.55237],[11.01566,35.55337],[11.02394,35.53376],[11.03924,35.5185],[11.04819,35.51621],[11.04909,35.51498],[11.06865,35.50503],[11.07866,35.50842],[11.0804,35.50798],[11.06974,35.49885],[11.06924,35.50221],[11.06391,35.50002],[11.06297,35.49756],[11.06572,35.49863],[11.0671,35.4955],[11.07149,35.49903],[11.06789,35.49547],[11.06706,35.49535],[11.06216,35.497],[11.06,35.49452],[11.04295,35.44212],[11.04074,35.41893],[11.04914,35.39435],[11.04941,35.39126],[11.04928,35.39104],[11.04483,35.39127],[11.03403,35.38284],[11.03191,35.37001],[11.0341,35.3468],[11.04283,35.32394],[11.07572,35.28909],[11.10056,35.26687],[11.1036,35.26539],[11.12208,35.25365],[11.12245,35.25351],[11.13008,35.24709],[11.16038,35.23344],[11.16028,35.23217],[11.15804,35.23269],[11.15486,35.22417],[11.15004,35.22213],[11.14339,35.22588],[11.1393,35.22299],[11.13443,35.22747],[11.12676,35.22598],[11.12929,35.22306],[11.12641,35.22531],[11.11791,35.22275],[11.11854,35.21923],[11.10857,35.21131],[11.10865,35.20078],[11.10344,35.19223],[11.09938,35.19084],[11.09897,35.18487],[11.09806,35.18338],[11.09083,35.18097],[11.0821,35.16931],[11.0821,35.16688],[11.08024,35.1656],[11.07267,35.16038],[11.06195,35.16027],[11.05304,35.15477],[11.05154,35.15099],[11.05903,35.14745],[11.0589,35.14724],[11.05054,35.14995],[11.0385,35.13536],[11.0235,35.10917],[11.02236,35.09766],[11.01588,35.09284],[11.01666,35.08947],[11.00823,35.08987],[10.99258,35.09619],[10.98768,35.09161],[10.97493,35.09653],[10.95613,35.09797],[10.93273,35.12703],[10.91988,35.13676],[10.94057,35.15306],[10.92755,35.16197],[10.93218,35.16522],[10.90737,35.18868],[10.92386,35.2127],[10.88759,35.16096],[10.86884,35.15293],[10.83463,35.14516],[10.83682,35.16157],[10.80766,35.2034],[10.80237,35.21689],[10.80475,35.24596],[10.79494,35.25621],[10.7911,35.27383],[10.7651,35.27851],[10.76129,35.26508],[10.75054,35.24881],[10.75826,35.24158],[10.74783,35.24034],[10.73895,35.23218],[10.73315,35.23253],[10.71124,35.2216],[10.68756,35.2187],[10.6746,35.22194],[10.66089,35.22996],[10.64459,35.24201],[10.6373,35.25373],[10.63293,35.25234],[10.62899,35.25763],[10.59424,35.24197],[10.56202,35.22806],[10.56441,35.22094],[10.57059,35.21669]],[[10.94583,35.25331],[10.94239,35.24895],[10.92386,35.2127],[10.94583,35.25331]],[[10.3768,35.36456],[10.38638,35.36542],[10.36664,35.36643],[10.3768,35.36456]],[[10.41276,35.3718],[10.41168,35.37354],[10.41044,35.369],[10.41276,35.3718]],[[10.79518,35.37861],[10.79389,35.37934],[10.80015,35.36903],[10.79392,35.3832],[10.79518,35.37861]],[[10.80483,35.35745],[10.80922,35.3484],[10.80519,35.35757],[10.80483,35.35745]],[[10.54765,35.23685],[10.54527,35.23668],[10.54955,35.23569],[10.54765,35.23685]],[[10.67213,35.3573],[10.67675,35.34819],[10.66622,35.37523],[10.67213,35.3573]],[[10.61869,35.41505],[10.61784,35.4169],[10.59843,35.41953],[10.61869,35.41505]],[[10.97969,35.26355],[10.97789,35.26501],[10.9867,35.25221],[10.97969,35.26355]],[[11.07323,35.28273],[11.05352,35.27621],[11.06045,35.27643],[11.07323,35.28273]],[[11.01649,35.19735],[11.01801,35.19789],[11.00604,35.20657],[11.01649,35.19735]]]}},{"type":"Feature","properties":{"id":"TUN:ADM1:TUN-117","name":"Monastir","countryCode":"TUN"},"geometry":{"type":"Polygon","coordinates":[[[10.71801,35.48926],[10.71212,35.4752],[10.69793,35.47949],[10.69736,35.4735],[10.68893,35.47602],[10.68368,35.47165],[10.68419,35.47754],[10.6772,35.47722],[10.67234,35.48474],[10.66096,35.47728],[10.65561,35.48186],[10.64016,35.48591],[10.63813,35.50021],[10.64876,35.50479],[10.63962,35.5026],[10.62107,35.48556],[10.61696,35.47437],[10.6133,35.47452],[10.60853,35.49609],[10.59572,35.49677],[10.58349,35.50235],[10.56788,35.4969],[10.56048,35.49758],[10.55518,35.49298],[10.55075,35.48778],[10.55937,35.47701],[10.55778,35.47455],[10.54572,35.48044],[10.55128,35.47326],[10.54281,35.47811],[10.54664,35.47237],[10.53789,35.47066],[10.53317,35.48156],[10.52773,35.4849],[10.52916,35.48275],[10.51474,35.48136],[10.51275,35.48353],[10.5132,35.48098],[10.5079,35.47871],[10.50306,35.48314],[10.49995,35.48157],[10.49864,35.48662],[10.50141,35.48858],[10.49686,35.49539],[10.49742,35.50488],[10.49306,35.51981],[10.49334,35.53275],[10.49999,35.55684],[10.50788,35.55747],[10.53892,35.57168],[10.52308,35.59227],[10.53189,35.60954],[10.55957,35.62834],[10.56902,35.64982],[10.59287,35.62407],[10.5774,35.64082],[10.59372,35.64824],[10.61871,35.63642],[10.6469,35.6641],[10.64771,35.67088],[10.62528,35.68563],[10.63086,35.6888],[10.6301,35.69113],[10.63819,35.69334],[10.63358,35.69993],[10.64226,35.71456],[10.63061,35.72151],[10.62337,35.73302],[10.63436,35.73385],[10.64424,35.743],[10.66802,35.74163],[10.6675,35.74876],[10.67566,35.75716],[10.66987,35.77152],[10.68034,35.78134],[10.68102,35.78066],[10.68548,35.78745],[10.72697,35.7672],[10.74646,35.76515],[10.77554,35.7743],[10.78057,35.78005],[10.79485,35.77877],[10.80646,35.78507],[10.81927,35.78232],[10.82309,35.78046],[10.84142,35.76655],[10.83129,35.75438],[10.83076,35.7543],[10.8308,35.75378],[10.83034,35.75323],[10.82778,35.74449],[10.82554,35.74574],[10.82547,35.73759],[10.82274,35.74023],[10.81998,35.73057],[10.82437,35.7217],[10.82003,35.72088],[10.82475,35.71669],[10.81667,35.72032],[10.83303,35.69751],[10.84666,35.69278],[10.85693,35.68455],[10.86838,35.68382],[10.88707,35.67433],[10.89445,35.67643],[10.89268,35.67312],[10.89422,35.67518],[10.89961,35.67131],[10.91415,35.66897],[10.934,35.65974],[10.92854,35.66414],[10.95158,35.65876],[10.95364,35.65995],[10.95494,35.65953],[10.95467,35.65805],[10.95658,35.65901],[10.95977,35.65799],[10.96142,35.65583],[10.96779,35.65543],[10.97182,35.65414],[10.97838,35.65475],[10.98139,35.65456],[10.98584,35.6464],[10.99369,35.64487],[11.00658,35.63593],[11.0012,35.62902],[11.01088,35.637],[11.03624,35.63235],[11.04872,35.62493],[11.04949,35.62365],[11.04536,35.617],[11.04505,35.61127],[11.0171,35.60228],[11.01197,35.57905],[11.01393,35.56289],[11.0149,35.55516],[11.01566,35.55337],[11.01274,35.55237],[11.01114,35.55639],[11.0038,35.55358],[10.99819,35.55525],[10.98847,35.58137],[10.98246,35.58933],[10.97956,35.60572],[10.98444,35.61281],[10.9728,35.61782],[10.95594,35.61547],[10.94565,35.62197],[10.93485,35.62334],[10.93107,35.64184],[10.9344,35.61342],[10.92953,35.60924],[10.92619,35.61136],[10.92093,35.60822],[10.92147,35.60423],[10.91414,35.60509],[10.91768,35.60199],[10.91058,35.60396],[10.91199,35.59973],[10.90957,35.5987],[10.91286,35.59393],[10.90709,35.59316],[10.91329,35.59046],[10.91296,35.5851],[10.92926,35.58128],[10.9288,35.57736],[10.93385,35.57708],[10.93068,35.57015],[10.9346,35.56828],[10.92775,35.567],[10.9341,35.55525],[10.9466,35.54275],[10.9374,35.54257],[10.92892,35.52925],[10.92151,35.5297],[10.92188,35.52363],[10.9159,35.51802],[10.92428,35.50784],[10.91042,35.50407],[10.89362,35.50681],[10.87615,35.49661],[10.87337,35.49891],[10.86895,35.49535],[10.86716,35.48685],[10.85906,35.48319],[10.85165,35.48682],[10.84733,35.48359],[10.83966,35.46801],[10.84403,35.46697],[10.84328,35.46399],[10.83724,35.45628],[10.84692,35.45128],[10.84287,35.43731],[10.83354,35.43406],[10.82588,35.43529],[10.82517,35.43019],[10.81531,35.43321],[10.80852,35.42302],[10.79987,35.42303],[10.79714,35.42871],[10.78134,35.42721],[10.78157,35.43481],[10.77559,35.43484],[10.77754,35.44022],[10.76995,35.44356],[10.76675,35.44896],[10.75966,35.44978],[10.75355,35.46373],[10.73086,35.4745],[10.73552,35.48736],[10.71801,35.48926]],[[10.72151,35.7016],[10.74527,35.71403],[10.7442,35.71409],[10.72146,35.70173],[10.72151,35.7016]],[[10.76508,35.7037],[10.75249,35.71362],[10.74917,35.71381],[10.76508,35.7037]],[[10.81948,35.69352],[10.81039,35.69182],[10.82128,35.69171],[10.81948,35.69352]],[[10.77798,35.64871],[10.79304,35.64898],[10.78443,35.64965],[10.79557,35.65252],[10.77798,35.64871]],[[10.81433,35.62757],[10.80903,35.63965],[10.80561,35.64164],[10.81433,35.62757]],[[10.8358,35.57821],[10.82938,35.59277],[10.82862,35.59346],[10.8358,35.57821]],[[10.73737,35.53269],[10.74021,35.54148],[10.73915,35.54272],[10.73737,35.53269]],[[10.7395,35.54473],[10.74172,35.54641],[10.74069,35.55145],[10.7395,35.54473]],[[10.66762,35.60882],[10.6638,35.608],[10.66012,35.60508],[10.66762,35.60882]],[[10.84195,35.62421],[10.85001,35.61227],[10.851,35.61207],[10.84195,35.62421]],[[10.87395,35.61633],[10.85442,35.61139],[10.85657,35.61096],[10.87395,35.61633]],[[10.87668,35.63301],[10.87164,35.63017],[10.88938,35.63477],[10.87668,35.63301]],[[10.83748,35.65747],[10.84988,35.65337],[10.85316,35.65413],[10.83748,35.65747]],[[10.8565,35.65491],[10.85689,35.655],[10.85144,35.6693],[10.8565,35.65491]]]}},{"type":"Feature","properties":{"id":"TUN:ADM1:TUN-118","name":"Kairouan","countryCode":"TUN"},"geometry":{"type":"Polygon","coordinates":[[[9.95054,35.20771],[9.94264,35.19894],[9.91437,35.19298],[9.89803,35.18409],[9.8884,35.18489],[9.88271,35.17989],[9.88649,35.17439],[9.88389,35.17],[9.8732,35.16611],[9.82171,35.17146],[9.79406,35.18156],[9.74779,35.18044],[9.69882,35.20065],[9.69116,35.21159],[9.69161,35.23074],[9.68265,35.23676],[9.67448,35.23488],[9.65841,35.24254],[9.65303,35.25207],[9.64173,35.26069],[9.60946,35.26668],[9.60451,35.26991],[9.60003,35.2796],[9.58701,35.28476],[9.56616,35.26972],[9.55452,35.2749],[9.54961,35.28116],[9.54797,35.28997],[9.53227,35.31769],[9.53661,35.3222],[9.52728,35.33328],[9.53038,35.33693],[9.52708,35.3443],[9.45914,35.36355],[9.45967,35.36775],[9.46586,35.37045],[9.47444,35.38843],[9.48721,35.39245],[9.5052,35.40524],[9.50028,35.41158],[9.50513,35.4141],[9.49041,35.42377],[9.4883,35.42939],[9.48911,35.44053],[9.48501,35.44939],[9.48606,35.45495],[9.49114,35.45867],[9.49034,35.46347],[9.46617,35.47715],[9.46407,35.49309],[9.44236,35.50231],[9.44161,35.51312],[9.43199,35.53122],[9.43345,35.53426],[9.41009,35.54574],[9.39588,35.54773],[9.39485,35.55433],[9.39831,35.55936],[9.41335,35.55948],[9.41992,35.56318],[9.42253,35.57618],[9.40865,35.57114],[9.39591,35.58277],[9.39234,35.58201],[9.38932,35.59603],[9.38022,35.59904],[9.36947,35.59748],[9.35921,35.61175],[9.3566,35.62149],[9.3484,35.62972],[9.31785,35.65154],[9.30622,35.65417],[9.30259,35.66413],[9.27672,35.68745],[9.26956,35.70121],[9.27555,35.71694],[9.28081,35.72114],[9.29259,35.72238],[9.30227,35.72098],[9.33574,35.70122],[9.35349,35.70174],[9.36076,35.70496],[9.39796,35.68792],[9.41295,35.69421],[9.42529,35.70855],[9.43242,35.7094],[9.43297,35.71245],[9.43602,35.70862],[9.44272,35.70819],[9.44632,35.71177],[9.45108,35.71038],[9.45681,35.71326],[9.4546,35.72022],[9.46969,35.7247],[9.46801,35.72942],[9.47102,35.72738],[9.47825,35.73188],[9.50245,35.72942],[9.51604,35.73378],[9.52065,35.72893],[9.52492,35.73383],[9.52226,35.73829],[9.54281,35.7433],[9.53758,35.74271],[9.534,35.75222],[9.51353,35.75707],[9.50124,35.76519],[9.49536,35.77885],[9.48368,35.78755],[9.51001,35.78759],[9.49832,35.7952],[9.50937,35.81069],[9.50882,35.82002],[9.51917,35.82715],[9.51761,35.82972],[9.52257,35.83583],[9.52334,35.84405],[9.515,35.85131],[9.52019,35.85708],[9.51763,35.86162],[9.50398,35.8655],[9.493,35.8727],[9.48736,35.9045],[9.49131,35.91041],[9.51755,35.91232],[9.5238,35.92191],[9.55821,35.9402],[9.60964,35.97747],[9.6196,35.99009],[9.6305,35.99516],[9.62965,36.00381],[9.64454,36.01617],[9.7042,36.05027],[9.71202,36.06374],[9.72764,36.07037],[9.7533,36.09012],[9.7556,36.11363],[9.75959,36.10878],[9.77935,36.10222],[9.79808,36.10276],[9.80784,36.10682],[9.8254,36.08946],[9.82957,36.05557],[9.84258,36.06385],[9.84316,36.07382],[9.878,36.07534],[9.88246,36.06823],[9.89136,36.068],[9.89621,36.06314],[9.89271,36.05699],[9.89548,36.054],[9.89433,36.04739],[9.90092,36.04261],[9.92179,36.04173],[9.93609,36.04718],[9.94194,36.04328],[9.95319,36.04307],[9.95435,36.03859],[9.96121,36.04504],[9.96807,36.04389],[9.96867,36.04922],[9.97368,36.0499],[9.97533,36.03877],[9.98923,36.03798],[9.99629,36.03427],[10.00495,36.02662],[10.01117,36.01227],[10.02034,36.01595],[10.02485,36.00942],[10.04433,36.00057],[10.04291,36.00845],[10.06074,36.04635],[10.05258,36.07462],[10.05831,36.10611],[10.05999,36.10024],[10.06411,36.09798],[10.06508,36.08682],[10.0778,36.07537],[10.12752,36.08427],[10.13748,36.08166],[10.1349,36.09711],[10.12929,36.09851],[10.12596,36.1066],[10.13728,36.11676],[10.13918,36.1232],[10.14302,36.12258],[10.14916,36.12991],[10.17409,36.13813],[10.20654,36.13548],[10.20276,36.13271],[10.20187,36.10542],[10.21025,36.09572],[10.20673,36.08879],[10.21648,36.08609],[10.21012,36.07935],[10.207,36.06807],[10.20972,36.06624],[10.20446,36.06545],[10.20374,36.05655],[10.22173,36.05498],[10.25553,36.03565],[10.25781,35.97974],[10.25278,35.96245],[10.23436,35.93396],[10.22898,35.91851],[10.22183,35.9215],[10.21924,35.91959],[10.21434,35.90614],[10.20226,35.90377],[10.19587,35.89052],[10.18707,35.88704],[10.1812,35.87982],[10.17677,35.86763],[10.18077,35.85355],[10.17025,35.84509],[10.17209,35.84019],[10.16115,35.83646],[10.15923,35.8247],[10.16618,35.82166],[10.15755,35.81921],[10.16564,35.80252],[10.17411,35.79783],[10.17317,35.79329],[10.18147,35.79031],[10.18493,35.78202],[10.19523,35.77536],[10.20308,35.76447],[10.2069,35.74455],[10.21417,35.73894],[10.21282,35.71162],[10.231,35.70379],[10.25265,35.68152],[10.25574,35.66681],[10.2648,35.65823],[10.27012,35.63919],[10.30727,35.58501],[10.30574,35.58158],[10.28538,35.57696],[10.27407,35.5805],[10.23369,35.56784],[10.20729,35.55366],[10.25732,35.49879],[10.21108,35.46696],[10.21976,35.47158],[10.22495,35.45661],[10.221,35.45286],[10.22082,35.44295],[10.21394,35.43614],[10.19359,35.43292],[10.18202,35.42146],[10.17651,35.40381],[10.17637,35.38761],[10.16056,35.357],[10.16722,35.34525],[10.17468,35.33984],[10.1921,35.33527],[10.19245,35.33141],[10.20513,35.32054],[10.17936,35.27062],[10.17437,35.26661],[10.20367,35.22057],[10.20488,35.21392],[10.22056,35.19755],[10.21063,35.18681],[10.22295,35.15303],[10.20109,35.14876],[10.17293,35.13739],[10.15023,35.13681],[10.14899,35.12275],[10.14305,35.11667],[10.13494,35.11923],[10.13024,35.11167],[10.11741,35.1056],[10.1098,35.09487],[10.08961,35.08357],[10.08053,35.07298],[10.05781,35.0577],[10.05799,35.05122],[10.05344,35.04392],[10.06331,35.02023],[10.04058,35.02685],[10.00773,35.04245],[10.01739,35.05058],[10.00582,35.05244],[10.0129,35.06608],[10.00198,35.07954],[9.99409,35.08419],[10.00235,35.10288],[9.99211,35.12081],[9.99711,35.1265],[9.9934,35.14611],[9.99476,35.15515],[10.00149,35.16453],[9.98404,35.17243],[9.97358,35.18183],[9.9676,35.20244],[9.95933,35.20545],[9.95054,35.20771]],[[9.90701,35.45017],[9.91433,35.44693],[9.90067,35.45302],[9.90701,35.45017]],[[9.95613,35.26062],[9.96496,35.28189],[9.95992,35.27268],[9.95613,35.26062]],[[9.86165,35.82746],[9.86165,35.82746],[9.86789,35.82034],[9.86165,35.82746]],[[9.94659,35.80623],[9.93591,35.81365],[9.92449,35.81889],[9.94659,35.80623]],[[9.98643,35.75689],[9.98115,35.76606],[9.97607,35.77196],[9.98643,35.75689]],[[10.04439,35.54707],[10.04586,35.54897],[10.04745,35.55311],[10.04439,35.54707]],[[10.03438,35.53634],[10.03669,35.53708],[10.03757,35.53822],[10.03438,35.53634]],[[9.91356,35.49119],[9.9164,35.49207],[9.92191,35.49898],[9.91356,35.49119]],[[9.90597,35.49251],[9.90934,35.48989],[9.91164,35.4906],[9.90597,35.49251]],[[9.73349,35.45713],[9.72914,35.44749],[9.73899,35.46167],[9.73349,35.45713]],[[9.46412,35.60241],[9.46134,35.60123],[9.47025,35.60212],[9.46412,35.60241]],[[9.73067,35.44157],[9.72817,35.44116],[9.71118,35.43641],[9.73067,35.44157]],[[9.55481,35.63893],[9.55139,35.64124],[9.55294,35.63867],[9.55481,35.63893]],[[9.81929,35.9367],[9.82037,35.9419],[9.81063,35.92243],[9.81929,35.9367]],[[10.12903,35.7801],[10.13859,35.78417],[10.12776,35.78035],[10.12903,35.7801]]]}},{"type":"Feature","properties":{"id":"TUN:ADM1:TUN-119","name":"Sousse","countryCode":"TUN"},"geometry":{"type":"Polygon","coordinates":[[[10.43732,35.63656],[10.42462,35.63893],[10.40076,35.63614],[10.36437,35.62498],[10.3587,35.61759],[10.33158,35.61759],[10.32368,35.61047],[10.31591,35.58522],[10.30727,35.58501],[10.27012,35.63919],[10.2648,35.65823],[10.25574,35.66681],[10.25265,35.68152],[10.231,35.70379],[10.21282,35.71162],[10.21417,35.73894],[10.2069,35.74455],[10.20308,35.76447],[10.1978,35.77081],[10.18493,35.78202],[10.18147,35.79031],[10.17317,35.79329],[10.17411,35.79783],[10.16564,35.80252],[10.15884,35.81292],[10.16032,35.81927],[10.16618,35.82166],[10.15923,35.8247],[10.16115,35.83646],[10.17209,35.84019],[10.17025,35.84509],[10.18077,35.85355],[10.17677,35.86763],[10.18707,35.88704],[10.19587,35.89052],[10.20226,35.90377],[10.21434,35.90614],[10.21924,35.91959],[10.22183,35.9215],[10.22898,35.91851],[10.23436,35.93396],[10.25278,35.96245],[10.25781,35.97974],[10.25569,36.00573],[10.25553,36.03565],[10.22173,36.05498],[10.20374,36.05655],[10.20446,36.06545],[10.20972,36.06624],[10.207,36.06807],[10.21012,36.07935],[10.21648,36.08609],[10.20673,36.08879],[10.21025,36.09572],[10.20187,36.10542],[10.20276,36.13271],[10.20654,36.13548],[10.18185,36.13791],[10.18139,36.15058],[10.18411,36.15792],[10.19976,36.15664],[10.23368,36.1658],[10.23957,36.15634],[10.24425,36.15627],[10.25518,36.15852],[10.26419,36.16599],[10.26622,36.17681],[10.25506,36.19779],[10.26592,36.21377],[10.25371,36.22283],[10.26353,36.22816],[10.27933,36.23429],[10.27929,36.21778],[10.2947,36.2199],[10.30102,36.21208],[10.31427,36.21606],[10.31525,36.21342],[10.32178,36.22209],[10.33782,36.22581],[10.34746,36.23699],[10.35472,36.23609],[10.36279,36.23016],[10.3668,36.23098],[10.36822,36.23645],[10.37788,36.23578],[10.38101,36.24317],[10.38074,36.25621],[10.38923,36.26405],[10.36196,36.27215],[10.35698,36.28166],[10.36273,36.28386],[10.37293,36.28006],[10.39089,36.30339],[10.38151,36.30736],[10.3745,36.33229],[10.36759,36.33931],[10.37052,36.34427],[10.36671,36.35088],[10.37375,36.35452],[10.37534,36.35914],[10.3669,36.36591],[10.36729,36.38287],[10.38785,36.38433],[10.40154,36.37786],[10.4124,36.37964],[10.42577,36.37699],[10.45458,36.36787],[10.47468,36.35348],[10.50649,36.39177],[10.53185,36.37038],[10.51403,36.34199],[10.4962,36.32406],[10.4963,36.31301],[10.50614,36.3081],[10.47823,36.23218],[10.46815,36.1703],[10.46722,36.17038],[10.46724,36.17038],[10.46761,36.12656],[10.47365,36.08855],[10.48807,36.04722],[10.49491,36.03925],[10.49985,36.02729],[10.50473,36.02094],[10.50912,36.01118],[10.51027,36.00675],[10.50864,36.00691],[10.50906,36.00383],[10.50282,36.00018],[10.49622,36.00245],[10.4867,36.00012],[10.46827,36.01255],[10.46252,36.00928],[10.45875,36.01087],[10.45846,36.00858],[10.45941,36.00683],[10.45792,36.00441],[10.45569,36.00643],[10.45566,36.00184],[10.46072,35.99883],[10.4757,35.99125],[10.47445,35.99819],[10.48054,36.00014],[10.49479,35.99108],[10.47801,35.98861],[10.47323,35.98432],[10.47582,35.98547],[10.49801,35.98723],[10.50411,35.98488],[10.50529,35.98049],[10.50028,35.98287],[10.50341,35.98129],[10.50146,35.97849],[10.50614,35.97496],[10.50391,35.97434],[10.50576,35.97175],[10.50006,35.97131],[10.51552,35.96996],[10.52426,35.97229],[10.5243,35.97288],[10.52553,35.97136],[10.52765,35.96875],[10.54054,35.95283],[10.55649,35.93797],[10.56354,35.93472],[10.5808,35.91634],[10.58713,35.90621],[10.58926,35.90432],[10.60712,35.8595],[10.60857,35.85586],[10.62208,35.8426],[10.64204,35.82733],[10.64174,35.82319],[10.64363,35.82121],[10.64674,35.82373],[10.6479,35.82285],[10.64731,35.81426],[10.65263,35.80899],[10.6833,35.79207],[10.67874,35.79121],[10.68162,35.78868],[10.68228,35.79107],[10.68424,35.78761],[10.68671,35.78851],[10.67954,35.78096],[10.68034,35.78134],[10.66987,35.77152],[10.67566,35.75716],[10.6675,35.74876],[10.66802,35.74163],[10.64424,35.743],[10.63436,35.73385],[10.6236,35.73304],[10.63061,35.72151],[10.64226,35.71456],[10.63358,35.69993],[10.63819,35.69334],[10.6301,35.69113],[10.63086,35.6888],[10.62528,35.68563],[10.64685,35.67264],[10.6485,35.66759],[10.61871,35.63642],[10.59372,35.64824],[10.5774,35.64082],[10.56902,35.64982],[10.55957,35.62834],[10.53189,35.60954],[10.52308,35.59227],[10.53892,35.57168],[10.50788,35.55747],[10.49999,35.55684],[10.49464,35.56445],[10.50064,35.57529],[10.49584,35.60229],[10.49058,35.61382],[10.48253,35.61717],[10.4779,35.62793],[10.46672,35.63588],[10.44119,35.63928],[10.43732,35.63656]],[[10.33523,36.17297],[10.34507,36.17109],[10.33189,36.17533],[10.33523,36.17297]],[[10.51038,35.93605],[10.51171,35.93963],[10.51065,35.94303],[10.51038,35.93605]],[[10.50632,35.93542],[10.50632,35.93542],[10.51038,35.93605],[10.50632,35.93542]],[[10.51126,35.92861],[10.51898,35.92443],[10.50638,35.93535],[10.51126,35.92861]],[[10.51287,35.85069],[10.52543,35.84459],[10.52329,35.84736],[10.51287,35.85069]],[[10.5913,35.82521],[10.59273,35.8238],[10.59089,35.82677],[10.5913,35.82521]],[[10.41461,35.74677],[10.43088,35.75755],[10.45388,35.77294],[10.41461,35.74677]],[[10.40122,35.7475],[10.39942,35.74632],[10.41461,35.74677],[10.40122,35.7475]],[[10.21836,35.78539],[10.22857,35.7911],[10.23115,35.7957],[10.21836,35.78539]],[[10.3176,35.80486],[10.30747,35.80715],[10.32876,35.84042],[10.35159,35.86352],[10.34541,35.89036],[10.33333,35.90777],[10.32972,35.91493],[10.32131,35.91733],[10.31183,35.91563],[10.30797,35.9191],[10.3032,35.91754],[10.3032,35.91312],[10.29938,35.91291],[10.29226,35.91604],[10.29101,35.90829],[10.28101,35.89887],[10.27308,35.89804],[10.25333,35.88667],[10.22209,35.85763],[10.20793,35.84876],[10.20106,35.8369],[10.19626,35.83464],[10.19536,35.82402],[10.22892,35.81393],[10.24419,35.80772],[10.27338,35.80633],[10.3176,35.80486]],[[10.39483,35.74618],[10.39643,35.74623],[10.39247,35.75036],[10.39483,35.74618]],[[10.37633,35.76777],[10.39099,35.7578],[10.36989,35.77361],[10.37633,35.76777]],[[10.37593,36.02655],[10.39594,36.01053],[10.38116,36.02455],[10.37593,36.02655]],[[10.49568,35.97104],[10.49843,35.97087],[10.49054,35.97478],[10.49568,35.97104]],[[10.5753,35.78365],[10.57263,35.78758],[10.58172,35.7689],[10.5753,35.78365]],[[10.67208,35.77741],[10.66707,35.77661],[10.65844,35.77092],[10.67208,35.77741]],[[10.60384,35.85403],[10.63173,35.83177],[10.60229,35.8553],[10.60384,35.85403]]]}},{"type":"Feature","properties":{"id":"TUN:ADM1:TUN-120","name":"Zaghouan","countryCode":"TUN"},"geometry":{"type":"Polygon","coordinates":[[[10.14302,36.12258],[10.13918,36.1232],[10.13728,36.11676],[10.12596,36.1066],[10.12929,36.09851],[10.1349,36.09711],[10.13748,36.08166],[10.12752,36.08427],[10.0778,36.07537],[10.06508,36.08682],[10.06411,36.09798],[10.05999,36.10024],[10.05831,36.10611],[10.05258,36.07462],[10.06074,36.04635],[10.04291,36.00845],[10.04433,36.00057],[10.02485,36.00942],[10.02034,36.01595],[10.01117,36.01227],[10.00495,36.02662],[9.99629,36.03427],[9.98923,36.03798],[9.97533,36.03877],[9.97368,36.0499],[9.96867,36.04922],[9.96807,36.04389],[9.96121,36.04504],[9.95435,36.03859],[9.95319,36.04307],[9.94194,36.04328],[9.93609,36.04718],[9.92179,36.04173],[9.90092,36.04261],[9.89433,36.04739],[9.89548,36.054],[9.89271,36.05699],[9.89621,36.06314],[9.89136,36.068],[9.88246,36.06823],[9.878,36.07534],[9.8743,36.07407],[9.84316,36.07382],[9.84258,36.06385],[9.8287,36.05502],[9.8254,36.08946],[9.80784,36.10682],[9.79808,36.10276],[9.77935,36.10222],[9.75959,36.10878],[9.7556,36.11363],[9.76969,36.14392],[9.76075,36.15198],[9.74397,36.15978],[9.72472,36.1635],[9.72236,36.18117],[9.71747,36.1885],[9.71995,36.19849],[9.70003,36.20984],[9.69819,36.2142],[9.68637,36.21818],[9.67311,36.2294],[9.66972,36.22763],[9.67139,36.21724],[9.66178,36.21421],[9.65508,36.21569],[9.65367,36.22088],[9.64418,36.22481],[9.63704,36.23481],[9.62652,36.2395],[9.61513,36.23943],[9.61425,36.24447],[9.59766,36.25015],[9.5947,36.25603],[9.59554,36.26053],[9.60725,36.262],[9.61212,36.26722],[9.6182,36.26754],[9.6367,36.28862],[9.67143,36.28947],[9.6863,36.29943],[9.70392,36.30194],[9.72398,36.31469],[9.71664,36.33375],[9.73439,36.34979],[9.75462,36.35641],[9.75447,36.37364],[9.75786,36.38637],[9.75102,36.40743],[9.76102,36.41019],[9.76005,36.41452],[9.75421,36.41775],[9.75001,36.42887],[9.75394,36.43303],[9.74945,36.43693],[9.75387,36.43743],[9.75429,36.4424],[9.74516,36.44688],[9.74779,36.44982],[9.73917,36.45074],[9.73554,36.46161],[9.73965,36.46574],[9.73293,36.46962],[9.75167,36.47795],[9.75937,36.48885],[9.76824,36.48551],[9.77565,36.48734],[9.78414,36.5005],[9.78397,36.511],[9.7971,36.52363],[9.82404,36.53022],[9.83866,36.56659],[9.86402,36.57501],[9.88882,36.57264],[9.90247,36.55297],[9.92172,36.57621],[9.93562,36.58474],[9.93794,36.59454],[9.94978,36.60698],[9.96276,36.61461],[9.98083,36.61747],[9.99291,36.63094],[9.99856,36.64406],[10.01746,36.66277],[10.02892,36.65437],[10.02379,36.64893],[10.03525,36.63985],[10.03693,36.62954],[10.04354,36.61963],[10.09022,36.59622],[10.08808,36.59497],[10.10298,36.58257],[10.10753,36.58095],[10.1399,36.6008],[10.14533,36.60173],[10.14766,36.59265],[10.14324,36.57896],[10.14628,36.57293],[10.14526,36.56659],[10.15108,36.56957],[10.15034,36.56409],[10.15559,36.55211],[10.15242,36.54721],[10.16419,36.54748],[10.16512,36.5326],[10.18185,36.52203],[10.19285,36.51914],[10.19881,36.51237],[10.21468,36.51137],[10.22118,36.50783],[10.25113,36.50524],[10.25602,36.50798],[10.27082,36.50341],[10.25229,36.47048],[10.24997,36.46074],[10.25325,36.4511],[10.26922,36.4551],[10.27136,36.45039],[10.27967,36.44671],[10.28015,36.45543],[10.29015,36.46483],[10.34767,36.48785],[10.35282,36.47792],[10.34555,36.46687],[10.35155,36.45327],[10.34491,36.44471],[10.34746,36.43665],[10.34409,36.43401],[10.34442,36.42348],[10.35463,36.41243],[10.3553,36.40277],[10.36729,36.38287],[10.3669,36.36591],[10.37534,36.35914],[10.36617,36.34918],[10.37052,36.34427],[10.36759,36.33931],[10.3745,36.33229],[10.37689,36.32069],[10.37856,36.3207],[10.38151,36.30736],[10.39031,36.30551],[10.37293,36.28006],[10.36273,36.28386],[10.35698,36.28166],[10.36196,36.27215],[10.38923,36.26405],[10.38074,36.25621],[10.38101,36.24317],[10.37788,36.23578],[10.36822,36.23645],[10.3668,36.23098],[10.36279,36.23016],[10.35472,36.23609],[10.34466,36.23606],[10.33782,36.22581],[10.32178,36.22209],[10.31502,36.21312],[10.31427,36.21606],[10.30102,36.21208],[10.2947,36.2199],[10.27929,36.21778],[10.27933,36.23429],[10.26353,36.22816],[10.25371,36.22283],[10.26592,36.21377],[10.25508,36.1952],[10.25971,36.19246],[10.26622,36.17681],[10.26419,36.16599],[10.25175,36.15755],[10.23957,36.15634],[10.23368,36.1658],[10.19976,36.15664],[10.18411,36.15792],[10.18185,36.13791],[10.17409,36.13813],[10.14916,36.12991],[10.14302,36.12258]],[[9.9387,36.39946],[9.93835,36.40073],[9.93326,36.40257],[9.9387,36.39946]],[[10.00504,36.40205],[10.0039,36.39841],[10.00703,36.40242],[9.97444,36.40521],[10.00504,36.40205]],[[10.00974,36.39123],[10.00995,36.39279],[10.0039,36.39841],[10.00974,36.39123]],[[10.10836,36.24248],[10.10324,36.24487],[10.09438,36.24418],[10.10836,36.24248]],[[10.05182,36.15622],[10.02493,36.15207],[10.03539,36.15191],[10.05182,36.15622]],[[10.00979,36.15231],[10.00601,36.15916],[10.00561,36.15811],[10.00979,36.15231]],[[10.0074,36.16285],[10.01056,36.16616],[10.00791,36.16419],[10.0074,36.16285]],[[10.02406,36.1762],[10.04778,36.19048],[10.03662,36.18553],[10.02406,36.1762]]]}},{"type":"Feature","properties":{"id":"TUN:ADM1:TUN-96","name":"Medenine","countryCode":"TUN"},"geometry":{"type":"MultiPolygon","coordinates":[[[[10.40103,33.19189],[10.39395,33.18391],[10.37667,33.179],[10.36628,33.16823],[10.35833,33.16629],[10.35351,33.17011],[10.34167,33.16639],[10.34029,33.1694],[10.33603,33.16587],[10.32312,33.16615],[10.3096,33.15938],[10.30674,33.15402],[10.2899,33.15353],[10.25135,33.13946],[10.23695,33.13273],[10.1866,33.09358],[10.17072,33.08842],[10.16048,33.08098],[10.14433,33.08134],[10.1355,33.08849],[10.11487,33.07987],[10.11004,33.08267],[10.09933,33.08035],[10.09336,33.07642],[10.08444,33.0598],[10.07246,33.06345],[10.06543,33.06108],[10.03172,33.06552],[10.01288,33.06036],[9.96017,33.06656],[9.9495,33.04883],[9.942,33.04631],[9.92606,33.05096],[9.9204,33.062],[9.9068,33.06648],[9.91537,33.07249],[9.91005,33.08871],[9.91887,33.147],[9.91355,33.17046],[9.9166,33.19844],[9.91155,33.20072],[9.91008,33.20613],[9.89934,33.21189],[9.85754,33.20357],[9.79021,33.22009],[9.70964,33.28403],[9.72734,33.28641],[9.7671,33.27391],[9.79163,33.26988],[9.82855,33.28484],[9.89376,33.28751],[9.91683,33.29698],[9.92908,33.29959],[9.96326,33.29429],[10.00067,33.29323],[10.02478,33.31283],[10.03644,33.30955],[10.05368,33.31653],[10.10655,33.34607],[10.09325,33.36126],[10.09925,33.37245],[10.12039,33.37241],[10.12596,33.37893],[10.14504,33.38753],[10.13781,33.38918],[10.13366,33.39455],[10.14682,33.39934],[10.1575,33.40874],[10.16633,33.40983],[10.1767,33.41583],[10.21684,33.42361],[10.22727,33.42291],[10.23487,33.41741],[10.25089,33.42103],[10.26383,33.42267],[10.27752,33.42929],[10.28829,33.44538],[10.28637,33.4525],[10.29715,33.4697],[10.30743,33.47562],[10.30855,33.47964],[10.31854,33.47968],[10.3238,33.48621],[10.33274,33.48982],[10.33903,33.50006],[10.33798,33.50685],[10.3414,33.51375],[10.34985,33.52435],[10.35487,33.52483],[10.35996,33.53427],[10.36018,33.55465],[10.36681,33.55915],[10.37171,33.57512],[10.38249,33.58126],[10.39215,33.59333],[10.40636,33.59153],[10.41134,33.59732],[10.41269,33.60556],[10.41825,33.60604],[10.41628,33.6094],[10.42033,33.61964],[10.41552,33.63018],[10.42484,33.63559],[10.42824,33.63157],[10.43679,33.63411],[10.43663,33.63081],[10.44192,33.62911],[10.44324,33.62222],[10.44963,33.62205],[10.44815,33.62484],[10.45543,33.62925],[10.4592,33.63025],[10.46062,33.62727],[10.46185,33.63079],[10.46974,33.63338],[10.48155,33.63123],[10.4929,33.62051],[10.48703,33.62973],[10.49409,33.63779],[10.50973,33.63979],[10.52045,33.64748],[10.55428,33.64956],[10.5681,33.65583],[10.56347,33.63791],[10.55897,33.63319],[10.56282,33.63429],[10.5544,33.62932],[10.57216,33.63447],[10.57857,33.63007],[10.58712,33.63008],[10.59446,33.63477],[10.5945,33.64064],[10.58008,33.63417],[10.56921,33.63866],[10.56591,33.64413],[10.57121,33.65418],[10.59979,33.66065],[10.6076,33.66737],[10.62713,33.67199],[10.64332,33.67459],[10.66069,33.68576],[10.69762,33.7026],[10.71482,33.70652],[10.71684,33.70664],[10.73999,33.67158],[10.73959,33.66267],[10.73915,33.6615],[10.73954,33.66136],[10.7395,33.66047],[10.73935,33.66048],[10.73753,33.65338],[10.73155,33.64794],[10.7308,33.63834],[10.73645,33.61145],[10.73403,33.60077],[10.70753,33.58169],[10.69142,33.57612],[10.67905,33.56257],[10.67408,33.5456],[10.67994,33.52985],[10.69843,33.50345],[10.69626,33.49887],[10.69954,33.49125],[10.70937,33.49073],[10.71713,33.48355],[10.73813,33.47801],[10.74163,33.47865],[10.74107,33.47496],[10.74852,33.47247],[10.76667,33.47475],[10.7801,33.47511],[10.78007,33.4727],[10.78214,33.47706],[10.78297,33.47191],[10.78632,33.48183],[10.79987,33.48354],[10.80674,33.49502],[10.82746,33.4964],[10.84334,33.50157],[10.85107,33.50948],[10.92497,33.5288],[10.94304,33.55222],[10.94856,33.56479],[10.94127,33.57861],[10.93738,33.577],[10.94038,33.58013],[10.92697,33.59945],[10.91395,33.60323],[10.91233,33.60481],[10.91172,33.60692],[10.91094,33.61155],[10.92154,33.61979],[10.94565,33.62631],[10.94105,33.63348],[10.94303,33.63232],[10.94595,33.62814],[10.94675,33.63015],[10.94793,33.62946],[10.95598,33.62833],[10.97284,33.62223],[10.99328,33.62526],[10.99528,33.63606],[10.98963,33.63395],[10.98856,33.63884],[10.99245,33.63877],[11.00066,33.63418],[11.04282,33.61787],[11.06031,33.60834],[11.07358,33.59447],[11.10816,33.54963],[11.11158,33.54002],[11.11626,33.49354],[11.11581,33.4916],[11.11646,33.49153],[11.11653,33.49086],[11.11443,33.49225],[11.11201,33.49069],[11.1149,33.48767],[11.08993,33.45415],[11.09328,33.44432],[11.09251,33.43558],[11.10107,33.42147],[11.10544,33.40866],[11.10517,33.40766],[11.10711,33.40375],[11.11078,33.39297],[11.10251,33.36552],[11.0977,33.36623],[11.09858,33.36122],[11.09583,33.35977],[11.10694,33.35568],[11.1163,33.35751],[11.12695,33.36772],[11.13328,33.3696],[11.15089,33.35395],[11.17066,33.33177],[11.17488,33.32981],[11.17492,33.32945],[11.17789,33.32841],[11.19386,33.32099],[11.20586,33.31864],[11.23982,33.30678],[11.28676,33.2818],[11.28444,33.28083],[11.15935,33.31909],[11.14647,33.31945],[11.1391,33.31376],[11.12915,33.31539],[11.12517,33.30907],[11.12331,33.2958],[11.11458,33.29186],[11.1171,33.2851],[11.12237,33.28143],[11.12184,33.28001],[11.13152,33.26805],[11.14772,33.2569],[11.15996,33.24571],[11.16383,33.24109],[11.16758,33.22923],[11.16708,33.22147],[11.17476,33.20822],[11.1856,33.20247],[11.19369,33.20205],[11.19835,33.20505],[11.19162,33.20491],[11.21281,33.20858],[11.23845,33.20439],[11.26319,33.20607],[11.3704,33.18017],[11.38599,33.18378],[11.40294,33.18378],[11.41738,33.17721],[11.42992,33.17761],[11.4386,33.18181],[11.44524,33.17911],[11.43878,33.18283],[11.44477,33.1894],[11.44234,33.19561],[11.42923,33.20302],[11.42758,33.20702],[11.41596,33.21521],[11.48289,33.18241],[11.52424,33.16908],[11.54496,33.16529],[11.55844,33.1665],[11.56023,33.16592],[11.56147,33.16525],[11.5605,33.14006],[11.53593,33.08954],[11.52699,33.07833],[11.51966,33.01236],[11.52773,32.98619],[11.51867,32.9778],[11.51539,32.95568],[11.49986,32.93153],[11.4955,32.91786],[11.50024,32.89001],[11.49627,32.87406],[11.50033,32.85896],[11.50138,32.83029],[11.48754,32.76244],[11.49391,32.7297],[11.49426,32.69572],[11.48868,32.68935],[11.48889,32.67237],[11.47786,32.65591],[11.49031,32.64641],[11.49005,32.64025],[11.49366,32.63752],[11.50483,32.60658],[11.55168,32.58076],[11.58524,32.54156],[11.59994,32.51918],[11.595,32.45445],[11.57253,32.43777],[11.54893,32.40865],[11.51885,32.40017],[11.46209,32.36902],[11.42111,32.35417],[11.37278,32.34139],[11.32583,32.31944],[11.15529,32.24992],[11.18121,32.30626],[11.20091,32.30958],[11.20463,32.31428],[11.2236,32.32146],[11.25666,32.32999],[11.28787,32.35215],[11.30868,32.3565],[11.31594,32.36494],[11.33536,32.37304],[11.33597,32.38156],[11.34198,32.38756],[11.32554,32.39849],[11.29064,32.39301],[11.26519,32.38332],[11.22574,32.37674],[11.22163,32.38769],[11.20228,32.40813],[11.14445,32.53301],[11.0964,32.65868],[11.08482,32.67561],[11.12669,32.71766],[11.12168,32.77531],[11.1097,32.81498],[11.11525,32.86588],[11.09402,32.90117],[11.09257,32.91325],[11.08553,32.92025],[11.04562,32.99131],[11.03984,32.99636],[11.03628,33.01501],[11.03794,33.02238],[11.02797,33.03232],[11.02158,33.03451],[11.03355,33.05349],[11.03635,33.09507],[11.0163,33.08981],[11.00589,33.07901],[10.89762,33.09328],[10.89228,33.0893],[10.88464,33.09157],[10.87218,33.08256],[10.85517,33.08897],[10.8228,33.0887],[10.81108,33.09325],[10.77277,33.09701],[10.75852,33.09538],[10.74208,33.10222],[10.72877,33.09576],[10.72,33.09801],[10.70199,33.09616],[10.64741,33.10483],[10.55905,33.11218],[10.54938,33.1186],[10.52354,33.14886],[10.53876,33.15323],[10.54712,33.15112],[10.56637,33.15958],[10.57047,33.17198],[10.60905,33.19698],[10.61347,33.20376],[10.50965,33.21507],[10.49057,33.21471],[10.49084,33.23475],[10.47863,33.22484],[10.47298,33.22404],[10.4678,33.2177],[10.44568,33.2071],[10.48324,33.31811],[10.44729,33.21362],[10.44238,33.20476],[10.4285,33.20281],[10.40103,33.19189]],[[10.76987,33.37155],[10.77244,33.37434],[10.77468,33.38229],[10.76987,33.37155]],[[10.73787,33.31098],[10.74114,33.31951],[10.74099,33.32811],[10.73787,33.31098]],[[10.7325,33.2815],[10.7353,33.28727],[10.73693,33.29881],[10.73597,33.30053],[10.7325,33.2815]],[[10.71342,33.2649],[10.72529,33.2731],[10.72584,33.2757],[10.71342,33.2649]],[[10.58575,33.52296],[10.62717,33.57017],[10.58631,33.52634],[10.58575,33.52296]],[[10.62929,33.57931],[10.65261,33.6012],[10.64021,33.59172],[10.62929,33.57931]]],[[[10.74892,33.84047],[10.74291,33.85472],[10.744,33.85985],[10.74774,33.85657],[10.75129,33.86078],[10.74517,33.87043],[10.74573,33.87329],[10.74799,33.87186],[10.74547,33.87436],[10.7478,33.8806],[10.74114,33.87871],[10.74393,33.88723],[10.7531,33.8901],[10.77838,33.89533],[10.85426,33.88166],[10.8685,33.8809],[10.87566,33.87769],[10.88268,33.87938],[10.89407,33.87484],[10.91075,33.87342],[10.93193,33.87512],[10.9348,33.87794],[10.93601,33.88286],[10.92784,33.89384],[10.93077,33.89547],[10.95973,33.86612],[10.98459,33.84699],[10.99147,33.8417],[11.011,33.83161],[11.0311,33.82388],[11.04851,33.81477],[11.05679,33.80491],[11.05686,33.80337],[11.05848,33.79932],[10.99399,33.74974],[10.97731,33.74315],[10.97104,33.73871],[10.96648,33.73041],[10.96548,33.72706],[10.95353,33.72344],[10.95362,33.72419],[10.95672,33.73249],[10.94109,33.72822],[10.92848,33.69663],[10.91522,33.67983],[10.91512,33.67969],[10.90622,33.67525],[10.90013,33.67585],[10.89173,33.66771],[10.88809,33.64107],[10.88779,33.64014],[10.87106,33.65433],[10.87102,33.65663],[10.87232,33.65834],[10.87228,33.66689],[10.87976,33.67862],[10.87698,33.69069],[10.86825,33.69926],[10.859,33.71106],[10.85428,33.71299],[10.83003,33.73681],[10.81434,33.73626],[10.81046,33.73392],[10.80893,33.73432],[10.80355,33.72976],[10.79076,33.72205],[10.78955,33.71717],[10.78192,33.7037],[10.78075,33.70347],[10.7804,33.70373],[10.76944,33.70131],[10.76342,33.70016],[10.75818,33.70361],[10.74938,33.71661],[10.74386,33.71982],[10.74106,33.71612],[10.7438,33.72011],[10.73681,33.72914],[10.73452,33.74405],[10.72977,33.74917],[10.72886,33.75334],[10.73038,33.75736],[10.72789,33.76279],[10.72792,33.76441],[10.73588,33.77923],[10.74171,33.7798],[10.7406,33.78393],[10.74937,33.79816],[10.74892,33.84047]]],[[[11.37856,33.23363],[11.36744,33.24527],[11.36,33.25178],[11.36493,33.24953],[11.40678,33.22006],[11.39275,33.22411],[11.38593,33.22806],[11.37856,33.23363]]],[[[11.11238,33.36406],[11.10579,33.36503],[11.11599,33.36765],[11.11238,33.36406]]]]}},{"type":"Feature","properties":{"id":"TUN:ADM1:TUN-97","name":"Kebili","countryCode":"TUN"},"geometry":{"type":"Polygon","coordinates":[[[9.94314,32.81518],[9.92931,32.81953],[9.91233,32.81083],[9.91269,32.79411],[9.9242,32.78011],[9.92342,32.76352],[9.90239,32.75201],[9.89543,32.74002],[9.8862,32.73956],[9.87986,32.73518],[9.89754,32.7281],[9.89883,32.72254],[9.91273,32.70955],[9.96309,32.68494],[9.96561,32.67834],[9.96174,32.67314],[9.96404,32.65995],[9.95863,32.65143],[9.95051,32.64764],[9.93497,32.64756],[9.9142,32.65847],[9.91107,32.66572],[9.9019,32.67079],[9.90477,32.67859],[9.901,32.68307],[9.87077,32.69285],[9.86089,32.70202],[9.84178,32.70343],[9.83971,32.71758],[9.82813,32.72704],[9.80744,32.7217],[9.79126,32.75205],[9.79118,32.75714],[9.78397,32.7609],[9.78032,32.76891],[9.77457,32.76884],[9.76833,32.7867],[9.75763,32.79129],[9.74998,32.78761],[9.74309,32.79593],[9.73745,32.79681],[9.732,32.79518],[9.72537,32.79775],[9.71486,32.79343],[9.70985,32.80062],[9.70001,32.79936],[9.69473,32.79409],[9.67906,32.79236],[9.6793,32.78331],[9.65766,32.78032],[9.6496,32.77314],[9.64095,32.77681],[9.61339,32.76797],[9.59689,32.7553],[9.58968,32.76119],[9.57952,32.75754],[9.57051,32.75848],[9.56619,32.75331],[9.55954,32.75499],[9.52168,32.72885],[9.47154,32.70685],[9.21126,32.64892],[9.06741,32.6243],[8.35683,32.5026],[8.3226,32.82347],[8.24718,32.92441],[8.16896,33.00497],[8.11615,33.04984],[8.1143,33.06116],[8.11726,33.09981],[7.90565,33.18449],[7.83215,33.18812],[7.78962,33.27999],[7.77775,33.32364],[7.74922,33.32735],[7.73256,33.3747],[7.73658,33.42466],[7.84735,33.45661],[7.90887,33.49328],[8.02858,33.57404],[8.09253,33.62399],[8.22445,33.71767],[8.31776,33.75676],[8.38231,33.80305],[8.43243,33.84155],[8.44715,33.86057],[8.48618,33.88258],[8.54673,33.92374],[8.56257,33.93948],[8.60484,33.99366],[8.63002,34.01513],[8.64814,34.05061],[8.64766,34.06077],[8.65366,34.07872],[8.67967,34.08887],[8.69581,34.08624],[8.72025,34.09122],[8.72533,34.09498],[8.73832,34.09286],[8.76112,34.09676],[8.80044,34.09178],[8.81237,34.09498],[8.84438,34.09498],[8.85442,34.09984],[8.85545,34.1206],[8.89352,34.12242],[8.90543,34.11982],[8.91236,34.12207],[8.95706,34.11579],[9.01684,34.12214],[9.04408,34.12878],[9.07688,34.14251],[9.08817,34.15093],[9.1354,34.1657],[9.14799,34.16792],[9.15666,34.16408],[9.19062,34.17014],[9.22354,34.17183],[9.24739,34.18543],[9.27558,34.14129],[9.30431,34.13258],[9.30752,34.12484],[9.35078,34.11313],[9.32754,34.10655],[9.32573,34.09766],[9.31831,34.09127],[9.3015,34.09196],[9.29205,34.08746],[9.28482,34.0789],[9.27204,34.07324],[9.27602,34.06582],[9.26248,34.05902],[9.26256,34.0532],[9.25282,34.03844],[9.24809,33.92923],[9.27221,33.87042],[9.31149,33.8044],[9.33385,33.77285],[9.33959,33.73611],[9.35091,33.71065],[9.37059,33.70242],[9.39707,33.69925],[9.42439,33.69365],[9.44312,33.68396],[9.4517,33.66844],[9.46011,33.62913],[9.46368,33.62435],[9.51975,33.62999],[9.53109,33.63659],[9.53902,33.6353],[9.53418,33.616],[9.53645,33.60524],[9.54085,33.60191],[9.55586,33.58888],[9.56519,33.58551],[9.58141,33.59428],[9.61677,33.59079],[9.5904,33.58375],[9.58025,33.56609],[9.55984,33.55413],[9.54485,33.52269],[9.54739,33.51471],[9.53145,33.49745],[9.5168,33.49703],[9.50167,33.50182],[9.48828,33.49509],[9.49437,33.49652],[9.50458,33.49223],[9.51283,33.48275],[9.52862,33.47426],[9.53509,33.46733],[9.55002,33.46259],[9.55514,33.45879],[9.55647,33.45134],[9.57078,33.43974],[9.62226,33.41924],[9.62835,33.40604],[9.62972,33.39129],[9.63669,33.38365],[9.64827,33.35019],[9.67491,33.32699],[9.70964,33.28403],[9.79021,33.22009],[9.85754,33.20357],[9.89934,33.21189],[9.91008,33.20613],[9.91155,33.20072],[9.9166,33.19844],[9.91355,33.17046],[9.91887,33.147],[9.91005,33.08871],[9.91537,33.07249],[9.9068,33.06648],[9.8965,33.06525],[9.89355,33.05226],[9.89866,33.048],[9.90979,33.05123],[9.91688,33.04681],[9.92738,33.03374],[9.93663,33.00355],[9.96283,32.99267],[9.97704,32.99643],[9.99508,32.99298],[10.004,32.98861],[10.01166,32.97728],[9.99599,32.96398],[9.96355,32.96142],[9.95564,32.95701],[9.94527,32.95759],[9.93648,32.95193],[9.93096,32.94156],[9.93825,32.93407],[9.93284,32.92291],[9.94077,32.91761],[9.9432,32.88879],[9.97139,32.85563],[9.94314,32.81518]],[[8.84331,33.48722],[8.85841,33.47147],[8.85193,33.47824],[8.82868,33.50992],[8.84331,33.48722]],[[8.94429,33.49959],[8.93854,33.50519],[8.94485,33.49717],[8.94429,33.49959]],[[9.13806,33.70954],[9.13593,33.70842],[9.14264,33.7063],[9.13806,33.70954]],[[9.13457,33.7077],[9.11355,33.69663],[9.13398,33.70534],[9.13457,33.7077]],[[8.84658,33.78368],[8.84896,33.79208],[8.84752,33.78952],[8.84658,33.78368]]]}},{"type":"Feature","properties":{"id":"TUN:ADM1:TUN-98","name":"Tataouine","countryCode":"TUN"},"geometry":{"type":"Polygon","coordinates":[[[10.15359,31.41682],[10.16627,31.37699],[10.19779,31.30628],[10.20371,31.28378],[10.22511,31.24565],[10.24577,31.19787],[10.26214,31.18695],[10.25693,31.16918],[10.26568,31.12181],[10.29414,31.09126],[10.27514,31.04081],[10.28472,30.95504],[10.29712,30.90755],[10.30559,30.89499],[10.29308,30.87754],[10.28484,30.83519],[10.27208,30.80051],[10.21901,30.70434],[10.2019,30.69354],[10.13037,30.59811],[10.0696,30.50836],[10.01712,30.47924],[10.0071,30.46977],[9.98106,30.42549],[9.96926,30.42001],[9.95428,30.40328],[9.94415,30.38342],[9.8775,30.33693],[9.83175,30.33725],[9.72932,30.30046],[9.69533,30.28321],[9.66831,30.27519],[9.60799,30.24234],[9.55845,30.23024],[9.36284,30.99601],[9.35964,31.00002],[9.20353,31.60403],[9.19748,31.63627],[9.09846,31.99944],[9.09281,32.00837],[9.06531,32.08738],[8.80032,32.23621],[8.35683,32.5026],[9.21126,32.64892],[9.47154,32.70685],[9.52168,32.72885],[9.55954,32.75499],[9.56619,32.75331],[9.57051,32.75848],[9.57952,32.75754],[9.58968,32.76119],[9.59689,32.7553],[9.61339,32.76797],[9.64095,32.77681],[9.6496,32.77314],[9.65766,32.78032],[9.6793,32.78331],[9.67906,32.79236],[9.69473,32.79409],[9.70001,32.79936],[9.70985,32.80062],[9.71486,32.79343],[9.72537,32.79775],[9.732,32.79518],[9.73745,32.79681],[9.74309,32.79593],[9.74998,32.78761],[9.75763,32.79129],[9.76833,32.7867],[9.77457,32.76884],[9.78032,32.76891],[9.78397,32.7609],[9.79118,32.75714],[9.79126,32.75205],[9.80744,32.7217],[9.82813,32.72704],[9.83971,32.71758],[9.84178,32.70343],[9.86089,32.70202],[9.87077,32.69285],[9.901,32.68307],[9.90477,32.67859],[9.9019,32.67079],[9.91107,32.66572],[9.9142,32.65847],[9.93497,32.64756],[9.95051,32.64764],[9.95863,32.65143],[9.96404,32.65995],[9.96174,32.67314],[9.96561,32.67834],[9.96309,32.68494],[9.91273,32.70955],[9.89883,32.72254],[9.89754,32.7281],[9.87986,32.73518],[9.8862,32.73956],[9.89543,32.74002],[9.90239,32.75201],[9.92342,32.76352],[9.9242,32.78011],[9.91269,32.79411],[9.91233,32.81083],[9.92931,32.81953],[9.94314,32.81518],[9.97139,32.85563],[9.96903,32.86135],[9.94731,32.88142],[9.9432,32.88879],[9.94077,32.91761],[9.93284,32.92291],[9.93825,32.93407],[9.93096,32.94156],[9.93648,32.95193],[9.94527,32.95759],[9.99599,32.96398],[10.01166,32.97728],[10.004,32.98861],[9.99508,32.99298],[9.97704,32.99643],[9.96283,32.99267],[9.93663,33.00355],[9.92738,33.03374],[9.91688,33.04681],[9.90979,33.05123],[9.89866,33.048],[9.89355,33.05226],[9.8965,33.06525],[9.9068,33.06648],[9.9204,33.062],[9.92606,33.05096],[9.942,33.04631],[9.9495,33.04883],[9.96017,33.06656],[10.01288,33.06036],[10.03172,33.06552],[10.06543,33.06108],[10.07246,33.06345],[10.08444,33.0598],[10.09336,33.07642],[10.09933,33.08035],[10.11004,33.08267],[10.11487,33.07987],[10.1355,33.08849],[10.14433,33.08134],[10.16048,33.08098],[10.17072,33.08842],[10.1866,33.09358],[10.23695,33.13273],[10.2899,33.15353],[10.30674,33.15402],[10.3096,33.15938],[10.32312,33.16615],[10.33603,33.16587],[10.34029,33.1694],[10.34216,33.1595],[10.34167,33.16639],[10.35351,33.17011],[10.35833,33.16629],[10.36628,33.16823],[10.37667,33.179],[10.39395,33.18391],[10.40103,33.19189],[10.44568,33.2071],[10.4678,33.2177],[10.47298,33.22404],[10.47863,33.22484],[10.49084,33.23475],[10.49057,33.21471],[10.50965,33.21507],[10.61391,33.20371],[10.60905,33.19698],[10.57047,33.17198],[10.56637,33.15958],[10.54712,33.15112],[10.52613,33.15148],[10.52354,33.14886],[10.53263,33.13827],[10.54938,33.1186],[10.55905,33.11218],[10.60732,33.10875],[10.70199,33.09616],[10.72,33.09801],[10.72877,33.09576],[10.74208,33.10222],[10.75852,33.09538],[10.77277,33.09701],[10.81108,33.09325],[10.8228,33.0887],[10.85517,33.08897],[10.87218,33.08256],[10.88464,33.09157],[10.89228,33.0893],[10.89762,33.09328],[11.00589,33.07901],[11.0163,33.08981],[11.03635,33.09507],[11.03355,33.05349],[11.02158,33.03451],[11.02797,33.03232],[11.03794,33.02238],[11.03628,33.01501],[11.03984,32.99636],[11.04562,32.99131],[11.08553,32.92025],[11.09257,32.91325],[11.09402,32.90117],[11.11525,32.86588],[11.1097,32.81498],[11.12168,32.77531],[11.12669,32.71766],[11.08482,32.67561],[11.0964,32.65868],[11.14445,32.53301],[11.20228,32.40813],[11.22163,32.38769],[11.22574,32.37674],[11.26519,32.38332],[11.29064,32.39301],[11.32554,32.39849],[11.34198,32.38756],[11.33597,32.38156],[11.33536,32.37304],[11.31594,32.36494],[11.30868,32.3565],[11.28787,32.35215],[11.25666,32.32999],[11.2236,32.32146],[11.20463,32.31428],[11.20091,32.30958],[11.18121,32.30626],[11.15529,32.24992],[11.02917,32.19972],[10.98794,32.17166],[10.86143,32.1053],[10.86098,32.08564],[10.79514,31.99814],[10.75919,31.98451],[10.74725,31.98532],[10.72229,31.96767],[10.70778,31.96809],[10.67948,31.97677],[10.65815,31.9777],[10.65635,31.97414],[10.64723,31.97426],[10.65126,31.97361],[10.64895,31.96911],[10.64062,31.96782],[10.64759,31.96625],[10.64298,31.96338],[10.6444,31.96107],[10.6397,31.96101],[10.63938,31.95695],[10.63442,31.96112],[10.63281,31.95757],[10.63871,31.95205],[10.63481,31.95182],[10.6333,31.94446],[10.64264,31.94411],[10.63388,31.9416],[10.6342,31.93927],[10.63858,31.93953],[10.63436,31.9355],[10.63805,31.93306],[10.63324,31.93199],[10.63028,31.93916],[10.62652,31.93348],[10.63077,31.93162],[10.62468,31.92849],[10.63124,31.92847],[10.61264,31.91634],[10.62386,31.91614],[10.61489,31.91323],[10.61317,31.90924],[10.6275,31.89997],[10.63257,31.89245],[10.63495,31.87925],[10.6181,31.85006],[10.58495,31.82412],[10.56315,31.79715],[10.56158,31.77944],[10.54659,31.76045],[10.52684,31.74083],[10.50826,31.74273],[10.49891,31.75416],[10.4929,31.75085],[10.4862,31.73906],[10.46912,31.73197],[10.44842,31.73025],[10.44423,31.73558],[10.43797,31.73286],[10.43441,31.73786],[10.42076,31.73582],[10.40233,31.73746],[10.3961,31.74151],[10.38615,31.74047],[10.31182,31.70307],[10.27626,31.6724],[10.26706,31.64715],[10.21234,31.56603],[10.18015,31.53756],[10.15299,31.50654],[10.14936,31.49858],[10.13904,31.49009],[10.13391,31.47875],[10.13695,31.46325],[9.98156,31.70166],[10.15041,31.44218],[10.15359,31.41682]],[[10.67055,32.19872],[10.67174,32.19887],[10.66995,32.19914],[10.67055,32.19872]],[[10.68056,32.2],[10.68027,32.22274],[10.67885,32.19978],[10.68056,32.2]],[[10.78081,32.46269],[10.80197,32.49513],[10.72332,32.38501],[10.78081,32.46269]]]}}]}}
