{"type":"FeatureCollection","features":[{"type":"Feature","properties":{"id":"TWN:ADM1:90331920B10925530381331","name":"Taitung County","countryCode":"TWN","adminLevel":1,"sourceCode":"90331920B10925530381331","parentId":"TWN:ADM1:90331920B10925530381331"},"geometry":{"type":"MultiPolygon","coordinates":[[[[121.56981,22.00875],[121.55778,22.02304],[121.5488,22.02623],[121.53604,22.02505],[121.51584,22.04688],[121.50895,22.04599],[121.51104,22.05156],[121.50705,22.05793],[121.51105,22.06589],[121.50825,22.07293],[121.49946,22.0807],[121.50121,22.08218],[121.51061,22.08218],[121.51262,22.08082],[121.52354,22.08218],[121.52688,22.08218],[121.53059,22.07863],[121.53242,22.08117],[121.54036,22.08218],[121.5581,22.08218],[121.55984,22.08026],[121.56222,22.08218],[121.56658,22.08218],[121.56658,22.07599],[121.56463,22.07217],[121.56137,22.06367],[121.56007,22.05353],[121.56349,22.04462],[121.56674,22.04232],[121.56774,22.03978],[121.57827,22.03418],[121.58106,22.03221],[121.58888,22.02351],[121.58766,22.01386],[121.56982,22.00862],[121.56981,22.00875]]],[[[121.48782,22.64301],[121.47307,22.64648],[121.47452,22.6591],[121.46326,22.67352],[121.46446,22.6764],[121.47313,22.67699],[121.47978,22.67563],[121.48627,22.67789],[121.49235,22.6783],[121.49358,22.67527],[121.49948,22.67654],[121.50001,22.67626],[121.50278,22.6695],[121.49977,22.65567],[121.49635,22.65005],[121.49496,22.64419],[121.49635,22.63849],[121.4961,22.63467],[121.49438,22.6351],[121.48782,22.64301]]],[[[121.03656,22.66894],[121.02337,22.65166],[121.02282,22.65006],[121.02101,22.64789],[121.00115,22.60077],[120.99122,22.58308],[120.96062,22.5478],[120.94825,22.5268],[120.94109,22.48363],[120.92286,22.42475],[120.88657,22.36595],[120.88136,22.34593],[120.87501,22.28925],[120.87599,22.2377],[120.87607,22.23306],[120.86626,22.22981],[120.86211,22.23066],[120.86433,22.23422],[120.85867,22.2408],[120.83461,22.24531],[120.82591,22.25659],[120.81539,22.26318],[120.79787,22.25785],[120.79793,22.27627],[120.80669,22.27721],[120.80559,22.28405],[120.79315,22.28587],[120.78986,22.29338],[120.77846,22.297],[120.77688,22.30281],[120.77813,22.30856],[120.78728,22.30924],[120.79673,22.31745],[120.79261,22.33554],[120.78486,22.34569],[120.77528,22.34934],[120.76736,22.34764],[120.76302,22.35914],[120.75277,22.36034],[120.74346,22.36734],[120.74879,22.3731],[120.75052,22.38403],[120.75654,22.38836],[120.7522,22.39249],[120.75766,22.39821],[120.7535,22.405],[120.76549,22.40907],[120.77134,22.40684],[120.77995,22.40925],[120.78958,22.41775],[120.77508,22.44344],[120.77617,22.45019],[120.75104,22.45904],[120.75461,22.47131],[120.75083,22.47923],[120.75765,22.48198],[120.76432,22.49522],[120.75365,22.51099],[120.74991,22.53437],[120.73911,22.55324],[120.74158,22.56873],[120.74879,22.5721],[120.74584,22.58957],[120.75464,22.60078],[120.75446,22.61598],[120.76126,22.62986],[120.78584,22.66143],[120.78623,22.67202],[120.79159,22.67928],[120.78674,22.69295],[120.80907,22.68823],[120.81162,22.69205],[120.81907,22.69083],[120.82031,22.6957],[120.83683,22.69706],[120.84859,22.71696],[120.85486,22.71753],[120.85842,22.7136],[120.86149,22.71668],[120.88326,22.71688],[120.89505,22.73867],[120.89478,22.7625],[120.89194,22.76377],[120.90017,22.76912],[120.90384,22.77566],[120.90335,22.79978],[120.89116,22.81161],[120.87157,22.81494],[120.86163,22.82636],[120.86952,22.85779],[120.8592,22.86324],[120.86557,22.86981],[120.85971,22.87836],[120.84044,22.882],[120.83338,22.90003],[120.8289,22.90357],[120.83328,22.91229],[120.82182,22.9352],[120.82473,22.95257],[120.82082,22.96189],[120.8302,22.97002],[120.82903,22.97416],[120.83244,22.98034],[120.84116,22.98402],[120.84199,22.99104],[120.84897,22.99461],[120.85209,22.99992],[120.85106,23.0051],[120.85822,23.00504],[120.86061,23.00796],[120.86188,23.03107],[120.87985,23.03518],[120.87976,23.0477],[120.86916,23.05969],[120.88556,23.08891],[120.8894,23.11006],[120.88497,23.11928],[120.88807,23.12245],[120.88568,23.14445],[120.87639,23.15134],[120.89498,23.16069],[120.89854,23.17646],[120.9111,23.18228],[120.91153,23.19013],[120.90589,23.19939],[120.9068,23.20549],[120.9116,23.20919],[120.91156,23.22786],[120.9155,23.2375],[120.92621,23.24445],[120.93133,23.24248],[120.93774,23.2448],[120.9413,23.25197],[120.94662,23.25306],[120.97213,23.28193],[120.98662,23.28031],[121.00998,23.29252],[121.02387,23.29373],[121.0389,23.30063],[121.05947,23.28616],[121.06243,23.2659],[121.07908,23.23274],[121.09291,23.23376],[121.10859,23.22347],[121.12926,23.22332],[121.13936,23.20192],[121.14675,23.19915],[121.15455,23.19909],[121.16098,23.20601],[121.17577,23.21013],[121.18939,23.20378],[121.19819,23.18845],[121.1992,23.17518],[121.21253,23.15482],[121.21195,23.14422],[121.23087,23.13928],[121.23852,23.12872],[121.24526,23.12841],[121.24923,23.13153],[121.25768,23.12606],[121.2673,23.11398],[121.26432,23.10392],[121.27237,23.09786],[121.29151,23.10937],[121.31581,23.10972],[121.32198,23.11719],[121.32035,23.13775],[121.32718,23.15221],[121.3221,23.15521],[121.31734,23.16481],[121.31855,23.16814],[121.32189,23.16946],[121.32329,23.17872],[121.32969,23.18037],[121.33498,23.17797],[121.34692,23.20926],[121.34645,23.21702],[121.35717,23.22373],[121.35261,23.23132],[121.36087,23.24421],[121.35937,23.2526],[121.37077,23.26243],[121.37237,23.26783],[121.37789,23.2696],[121.37784,23.30089],[121.38788,23.31068],[121.39021,23.32058],[121.3999,23.3232],[121.4021,23.33395],[121.40975,23.34587],[121.42221,23.35524],[121.42269,23.36006],[121.40428,23.36733],[121.40031,23.38709],[121.41038,23.39873],[121.42024,23.42062],[121.43326,23.43279],[121.44013,23.4332],[121.4468,23.4437],[121.46153,23.44155],[121.46329,23.43875],[121.47329,23.44057],[121.47925,23.43386],[121.46217,23.343],[121.45362,23.32599],[121.42677,23.29312],[121.41676,23.27607],[121.40887,23.25458],[121.40333,23.21475],[121.40338,23.21105],[121.39624,23.2048],[121.39734,23.1871],[121.40165,23.17889],[121.40382,23.17931],[121.40382,23.17927],[121.40353,23.17665],[121.40185,23.17344],[121.40299,23.17183],[121.40065,23.15071],[121.39933,23.14915],[121.39899,23.14344],[121.3816,23.11066],[121.37371,23.10322],[121.35548,23.09101],[121.34742,23.08332],[121.34343,23.07539],[121.33709,23.05508],[121.31886,23.02554],[121.30763,22.9798],[121.30022,22.96082],[121.2921,22.9516],[121.2933,22.95475],[121.29487,22.95582],[121.28305,22.94854],[121.27856,22.93127],[121.27699,22.92919],[121.27511,22.92837],[121.27345,22.92448],[121.26051,22.90729],[121.25563,22.89777],[121.21526,22.86624],[121.20849,22.86495],[121.18991,22.8486],[121.18594,22.83241],[121.18902,22.82914],[121.19093,22.81196],[121.19028,22.80215],[121.18556,22.79096],[121.18309,22.78722],[121.18193,22.78616],[121.18175,22.78519],[121.17742,22.77863],[121.15935,22.75747],[121.14145,22.74177],[121.08025,22.70409],[121.05438,22.67791],[121.03656,22.66894]]]]}},{"type":"Feature","properties":{"id":"TWN:ADM1:90331920B1111134318549","name":"Keelung","countryCode":"TWN","adminLevel":1,"sourceCode":"90331920B1111134318549","parentId":"TWN:ADM1:90331920B1111134318549"},"geometry":{"type":"Polygon","coordinates":[[[121.80537,25.13036],[121.80304,25.12209],[121.79415,25.12554],[121.79877,25.11954],[121.79764,25.11414],[121.7902,25.11262],[121.7858,25.11841],[121.77358,25.1203],[121.76706,25.11278],[121.74985,25.10979],[121.7526,25.10697],[121.75607,25.10839],[121.75676,25.10206],[121.75997,25.1008],[121.76125,25.07912],[121.76997,25.07804],[121.77584,25.0705],[121.76463,25.05776],[121.75704,25.05948],[121.74581,25.0532],[121.73018,25.05297],[121.71255,25.06777],[121.70039,25.06726],[121.68985,25.07103],[121.6791,25.07899],[121.68113,25.08804],[121.67387,25.08301],[121.65575,25.09353],[121.64923,25.10174],[121.65217,25.10518],[121.64636,25.11372],[121.64338,25.12733],[121.62816,25.13545],[121.62905,25.14204],[121.64009,25.14591],[121.64985,25.14496],[121.65837,25.15239],[121.67771,25.15581],[121.69231,25.16625],[121.6939,25.16652],[121.69459,25.16608],[121.69752,25.16258],[121.70387,25.15689],[121.71852,25.152],[121.75259,25.14451],[121.74463,25.13963],[121.73989,25.14429],[121.7436,25.13823],[121.74207,25.13043],[121.74624,25.13673],[121.75932,25.14303],[121.80447,25.1331],[121.80537,25.13036]]]}},{"type":"Feature","properties":{"id":"TWN:ADM1:90331920B14152728161970","name":"Taichung","countryCode":"TWN","adminLevel":1,"sourceCode":"90331920B14152728161970","parentId":"TWN:ADM1:90331920B14152728161970"},"geometry":{"type":"Polygon","coordinates":[[[120.52852,24.31382],[120.54628,24.30626],[120.55019,24.31613],[120.53877,24.32264],[120.55298,24.3245],[120.55025,24.32965],[120.55427,24.33008],[120.55296,24.33077],[120.55107,24.3309],[120.5536,24.33103],[120.55178,24.33435],[120.55564,24.33463],[120.55285,24.33596],[120.583,24.36866],[120.5798,24.37221],[120.58961,24.3937],[120.58982,24.40149],[120.6186,24.43241],[120.6219,24.43973],[120.62862,24.43799],[120.63962,24.42778],[120.64604,24.4122],[120.66372,24.4022],[120.66999,24.39207],[120.67868,24.38701],[120.67733,24.38405],[120.68996,24.37428],[120.69312,24.36688],[120.70745,24.36167],[120.70728,24.35781],[120.73039,24.35182],[120.76301,24.326],[120.78382,24.31834],[120.80652,24.31568],[120.83315,24.29066],[120.84946,24.28852],[120.87611,24.295],[120.9025,24.29219],[120.9119,24.29408],[120.9225,24.30395],[120.9166,24.33512],[120.93563,24.34291],[120.94246,24.33914],[120.95679,24.33931],[120.96649,24.33345],[120.98198,24.3359],[120.99209,24.32961],[121.00357,24.33253],[121.01449,24.3201],[121.01801,24.31129],[121.02936,24.3047],[121.03412,24.29781],[121.04929,24.29605],[121.05535,24.31041],[121.07022,24.31577],[121.07384,24.3192],[121.07307,24.32283],[121.08146,24.32414],[121.08661,24.31759],[121.09193,24.31862],[121.10847,24.33096],[121.11487,24.32864],[121.12156,24.33068],[121.12412,24.34055],[121.12843,24.34216],[121.14085,24.35959],[121.14841,24.35787],[121.16836,24.36092],[121.17418,24.36892],[121.17343,24.37334],[121.1833,24.381],[121.19023,24.38162],[121.19718,24.39658],[121.21029,24.39613],[121.21587,24.37946],[121.23186,24.38385],[121.23465,24.39733],[121.24357,24.40572],[121.2434,24.41915],[121.24999,24.4249],[121.2578,24.42518],[121.25894,24.43804],[121.26003,24.42915],[121.2699,24.42737],[121.27164,24.42977],[121.30546,24.43256],[121.32005,24.44113],[121.32751,24.43274],[121.32569,24.40006],[121.33131,24.39832],[121.33826,24.38993],[121.34247,24.39321],[121.35359,24.39362],[121.36401,24.3895],[121.36906,24.38289],[121.36635,24.37931],[121.36856,24.37272],[121.37305,24.36847],[121.3812,24.36753],[121.38685,24.37019],[121.38901,24.37557],[121.39983,24.38012],[121.40697,24.37806],[121.42965,24.38381],[121.43731,24.38332],[121.44173,24.37373],[121.44701,24.37551],[121.45094,24.36538],[121.44635,24.36027],[121.44066,24.35931],[121.43472,24.34821],[121.43695,24.34291],[121.43173,24.33053],[121.43399,24.32257],[121.42148,24.30824],[121.40448,24.30877],[121.40279,24.2974],[121.39596,24.28925],[121.39021,24.29026],[121.37998,24.28019],[121.38519,24.26476],[121.38459,24.2555],[121.37225,24.25464],[121.36652,24.25262],[121.36032,24.24447],[121.35202,24.24438],[121.35204,24.23517],[121.34275,24.22365],[121.32648,24.23254],[121.30389,24.23367],[121.30116,24.2367],[121.29314,24.22917],[121.27999,24.22977],[121.27677,24.23554],[121.26891,24.23792],[121.26464,24.24588],[121.25464,24.24284],[121.24415,24.22249],[121.23795,24.2197],[121.23042,24.22352],[121.23076,24.22606],[121.21943,24.22921],[121.20842,24.22163],[121.19634,24.22301],[121.19126,24.21636],[121.18145,24.21204],[121.16761,24.22539],[121.16098,24.21518],[121.14785,24.21288],[121.14137,24.19964],[121.13635,24.19634],[121.10841,24.19801],[121.10169,24.19563],[121.08487,24.17593],[121.06459,24.16301],[121.0594,24.16278],[121.05266,24.15479],[121.04758,24.16003],[121.03805,24.15818],[121.03342,24.14857],[121.02775,24.15956],[121.01953,24.15872],[121.00816,24.14705],[120.99956,24.12776],[120.99202,24.12525],[120.98908,24.11877],[120.97587,24.11686],[120.97117,24.12025],[120.96121,24.12016],[120.95012,24.12786],[120.93254,24.11259],[120.91988,24.10744],[120.90956,24.10924],[120.90488,24.1145],[120.89152,24.11591],[120.89424,24.10686],[120.89128,24.0977],[120.88587,24.0954],[120.87802,24.08504],[120.87686,24.09119],[120.8815,24.10051],[120.87914,24.1093],[120.87244,24.11684],[120.8586,24.11621],[120.85386,24.12452],[120.84485,24.12452],[120.83626,24.11694],[120.83038,24.10282],[120.83249,24.09875],[120.82837,24.09394],[120.82929,24.0715],[120.8145,24.06991],[120.80798,24.06538],[120.79154,24.03068],[120.78605,24.02925],[120.78464,24.02407],[120.77519,24.01856],[120.77067,24.00914],[120.75796,24.00611],[120.74603,23.99856],[120.73172,24.00901],[120.71923,24.00965],[120.70638,24.00519],[120.69185,24.00817],[120.67863,24.01403],[120.65578,24.03066],[120.65179,24.02845],[120.64651,24.03397],[120.64471,24.02583],[120.63608,24.03105],[120.62529,24.03004],[120.62424,24.03319],[120.62817,24.03836],[120.62349,24.05201],[120.62546,24.06873],[120.61851,24.07547],[120.61252,24.10252],[120.58836,24.10624],[120.58356,24.10952],[120.57281,24.10825],[120.54545,24.11645],[120.54085,24.12372],[120.53274,24.12628],[120.52365,24.13954],[120.52581,24.149],[120.50837,24.18677],[120.50446,24.19106],[120.48594,24.19739],[120.49393,24.21361],[120.4878,24.20548],[120.47749,24.20933],[120.47779,24.20966],[120.48064,24.2211],[120.49317,24.23066],[120.50164,24.25287],[120.5113,24.29276],[120.52,24.29953],[120.52474,24.30813],[120.52172,24.31097],[120.52319,24.31331],[120.52852,24.31382]]]}},{"type":"Feature","properties":{"id":"TWN:ADM1:90331920B22703176907123","name":"Taipei","countryCode":"TWN","adminLevel":1,"sourceCode":"90331920B22703176907123","parentId":"TWN:ADM1:90331920B22703176907123"},"geometry":{"type":"Polygon","coordinates":[[[121.45701,25.10917],[121.46438,25.1025],[121.4868,25.09841],[121.49974,25.08762],[121.50582,25.07555],[121.5049,25.0497],[121.49571,25.0428],[121.48786,25.04184],[121.48336,25.03576],[121.49049,25.01111],[121.49558,25.00931],[121.51055,25.02181],[121.51908,25.01978],[121.53237,25.00782],[121.53421,25.00255],[121.53074,25],[121.53175,24.99017],[121.53515,24.99501],[121.53704,24.98847],[121.54413,24.98805],[121.54537,24.98359],[121.55231,24.98688],[121.56045,24.96503],[121.57278,24.96386],[121.57867,24.96664],[121.58575,24.9632],[121.5935,24.96432],[121.59713,24.96034],[121.6181,24.9668],[121.61978,24.97013],[121.59926,24.97865],[121.60197,24.98871],[121.59808,24.9945],[121.60062,25.00091],[121.59606,25.00433],[121.59753,25.01457],[121.60222,25.01494],[121.60436,25.01929],[121.62275,25.01715],[121.62894,25.0201],[121.63177,25.02573],[121.64697,25.02162],[121.65389,25.02441],[121.66263,25.02296],[121.66511,25.02554],[121.66589,25.02984],[121.64653,25.02811],[121.62505,25.03779],[121.61832,25.04484],[121.61637,25.051],[121.62328,25.05721],[121.61629,25.06397],[121.62802,25.08352],[121.62591,25.09668],[121.61492,25.10421],[121.59737,25.10965],[121.59548,25.11397],[121.60814,25.13135],[121.60468,25.13084],[121.60413,25.13647],[121.58918,25.15236],[121.59191,25.15583],[121.58982,25.16387],[121.57698,25.16715],[121.58333,25.17721],[121.58091,25.18201],[121.58377,25.19457],[121.57219,25.19362],[121.56433,25.19645],[121.56267,25.20946],[121.55486,25.20847],[121.55156,25.20364],[121.55205,25.1973],[121.54483,25.19576],[121.5406,25.18716],[121.52543,25.18253],[121.52173,25.17902],[121.52026,25.1699],[121.50265,25.17296],[121.48689,25.15079],[121.4838,25.15108],[121.46398,25.13063],[121.46458,25.12435],[121.45882,25.12265],[121.4623,25.11598],[121.45701,25.10917]]]}},{"type":"Feature","properties":{"id":"TWN:ADM1:90331920B2591759826755","name":"Chiayi County","countryCode":"TWN","adminLevel":1,"sourceCode":"90331920B2591759826755","parentId":"TWN:ADM1:90331920B2591759826755"},"geometry":{"type":"Polygon","coordinates":[[[120.15234,23.51824],[120.16652,23.51726],[120.18131,23.50981],[120.19931,23.51303],[120.22304,23.50431],[120.23711,23.50697],[120.24711,23.51512],[120.24193,23.53951],[120.24356,23.54375],[120.25612,23.54609],[120.26342,23.53355],[120.27196,23.53075],[120.27641,23.54351],[120.29089,23.55075],[120.29021,23.56243],[120.3106,23.56448],[120.30738,23.57463],[120.31956,23.57235],[120.32715,23.57426],[120.33311,23.57912],[120.33448,23.59269],[120.35899,23.59498],[120.36566,23.60237],[120.3665,23.60781],[120.37999,23.61],[120.38606,23.62069],[120.40265,23.62694],[120.40147,23.63291],[120.40589,23.63365],[120.40668,23.62513],[120.41584,23.62138],[120.42065,23.62517],[120.42184,23.61951],[120.42521,23.61801],[120.43064,23.61863],[120.43367,23.62286],[120.43685,23.62178],[120.43528,23.62551],[120.44108,23.62594],[120.44456,23.63054],[120.45316,23.63063],[120.45102,23.62716],[120.45423,23.6263],[120.46615,23.63027],[120.47694,23.6295],[120.47906,23.63292],[120.4874,23.63057],[120.48876,23.63591],[120.49321,23.63313],[120.5036,23.63529],[120.50754,23.63109],[120.50639,23.62616],[120.51026,23.61935],[120.5369,23.59474],[120.55617,23.59299],[120.55812,23.58906],[120.57083,23.588],[120.58131,23.58211],[120.58981,23.58572],[120.6003,23.58312],[120.6187,23.58412],[120.62342,23.59011],[120.64562,23.59358],[120.64912,23.59244],[120.64707,23.58751],[120.6492,23.58358],[120.64344,23.57574],[120.64751,23.57658],[120.65083,23.57244],[120.66999,23.5785],[120.67621,23.57051],[120.6935,23.57651],[120.70902,23.57564],[120.71041,23.57098],[120.71768,23.56904],[120.72435,23.57189],[120.73615,23.57043],[120.73213,23.57721],[120.73398,23.5842],[120.7299,23.59367],[120.73264,23.59715],[120.72484,23.60382],[120.73002,23.61053],[120.74748,23.61117],[120.75255,23.61484],[120.76377,23.61247],[120.77026,23.60596],[120.77958,23.60156],[120.791,23.60095],[120.79499,23.59718],[120.81705,23.59981],[120.81987,23.59037],[120.82551,23.58641],[120.81983,23.57755],[120.82065,23.56244],[120.80883,23.54587],[120.80861,23.53602],[120.82035,23.52149],[120.82289,23.49851],[120.83277,23.47459],[120.83918,23.47113],[120.86342,23.47356],[120.88045,23.4676],[120.88644,23.47548],[120.90195,23.47609],[120.91749,23.47567],[120.93083,23.47064],[120.93734,23.47312],[120.94763,23.46707],[120.9576,23.46948],[120.94835,23.46409],[120.93638,23.46362],[120.93509,23.45885],[120.92851,23.45549],[120.92125,23.45915],[120.90991,23.45777],[120.90562,23.4532],[120.90067,23.45417],[120.8952,23.44602],[120.8918,23.4466],[120.88676,23.43484],[120.88376,23.43621],[120.86453,23.42391],[120.85878,23.42504],[120.84988,23.42042],[120.84941,23.41208],[120.83835,23.39797],[120.84094,23.39477],[120.83674,23.3933],[120.83461,23.38665],[120.83075,23.38629],[120.82907,23.37578],[120.8254,23.37165],[120.80843,23.36838],[120.80388,23.37039],[120.80066,23.36067],[120.79203,23.35728],[120.78334,23.3422],[120.76855,23.34382],[120.76449,23.34166],[120.75794,23.34419],[120.75801,23.3348],[120.75246,23.33111],[120.75288,23.32699],[120.73223,23.31373],[120.73062,23.30562],[120.71233,23.30868],[120.70674,23.30464],[120.70294,23.29775],[120.7035,23.28915],[120.69962,23.28446],[120.67728,23.28784],[120.65864,23.2959],[120.65199,23.29115],[120.64712,23.29735],[120.64367,23.29601],[120.64318,23.27601],[120.63828,23.2693],[120.64219,23.25666],[120.64856,23.24912],[120.65132,23.23576],[120.64948,23.22873],[120.65349,23.22453],[120.62829,23.22943],[120.60983,23.22261],[120.59726,23.22899],[120.59249,23.23987],[120.58668,23.22417],[120.57824,23.21478],[120.56536,23.22098],[120.56139,23.2174],[120.55503,23.21744],[120.54146,23.22784],[120.52972,23.23253],[120.52637,23.23106],[120.51953,23.23802],[120.52994,23.24795],[120.53228,23.25516],[120.52045,23.27172],[120.52186,23.28812],[120.52627,23.29541],[120.52252,23.31176],[120.53998,23.32791],[120.53372,23.33647],[120.50508,23.34483],[120.50476,23.35475],[120.50806,23.35277],[120.51247,23.35609],[120.51055,23.3643],[120.50485,23.36889],[120.49945,23.36803],[120.48847,23.37305],[120.48396,23.36959],[120.48457,23.37966],[120.49895,23.38715],[120.49493,23.39435],[120.4901,23.39553],[120.47938,23.38759],[120.47335,23.39812],[120.44003,23.41369],[120.43214,23.4107],[120.43005,23.40641],[120.42197,23.40706],[120.42004,23.40343],[120.41637,23.41035],[120.41034,23.41024],[120.4081,23.41342],[120.3811,23.40342],[120.3486,23.4011],[120.33365,23.38595],[120.32347,23.38359],[120.31485,23.3885],[120.31103,23.38564],[120.31097,23.37544],[120.29288,23.37537],[120.28584,23.36713],[120.28368,23.36011],[120.28623,23.35029],[120.27777,23.3477],[120.27378,23.3525],[120.2674,23.35341],[120.26072,23.34449],[120.2675,23.34475],[120.26708,23.34066],[120.25753,23.33177],[120.23786,23.32691],[120.22084,23.29597],[120.20601,23.29147],[120.18842,23.30125],[120.1858,23.29657],[120.18907,23.29024],[120.1786,23.29174],[120.1686,23.30684],[120.14972,23.3132],[120.14753,23.32069],[120.14295,23.32363],[120.14356,23.32388],[120.14894,23.32225],[120.14576,23.33332],[120.13734,23.32773],[120.13606,23.32802],[120.12525,23.33494],[120.12799,23.33908],[120.1208,23.3413],[120.13015,23.36096],[120.13074,23.361],[120.13004,23.3601],[120.13568,23.35829],[120.13746,23.36143],[120.14375,23.36183],[120.1417,23.34524],[120.14461,23.35959],[120.14975,23.35626],[120.15397,23.36179],[120.16458,23.36171],[120.15688,23.38184],[120.15723,23.38493],[120.15465,23.38768],[120.15399,23.38939],[120.1554,23.39087],[120.16054,23.38879],[120.16363,23.39305],[120.15987,23.40446],[120.16521,23.40455],[120.16041,23.40607],[120.15469,23.40445],[120.1516,23.39905],[120.14806,23.41509],[120.15342,23.42617],[120.16678,23.42946],[120.14626,23.42791],[120.14519,23.43582],[120.1563,23.44821],[120.16527,23.44295],[120.16543,23.44879],[120.1539,23.45751],[120.13667,23.44823],[120.13464,23.44915],[120.13334,23.45146],[120.14481,23.45992],[120.14609,23.46573],[120.14241,23.46877],[120.15571,23.48421],[120.15542,23.48895],[120.15754,23.49148],[120.15527,23.49135],[120.15511,23.49407],[120.13926,23.49043],[120.12611,23.48967],[120.125,23.49075],[120.12429,23.51884],[120.15234,23.51824]],[[120.38976,23.49134],[120.39472,23.49074],[120.39365,23.48262],[120.39911,23.4787],[120.39927,23.47103],[120.39413,23.46253],[120.41133,23.46477],[120.41517,23.46026],[120.4293,23.46102],[120.43019,23.45222],[120.43811,23.44639],[120.43589,23.44364],[120.43953,23.43958],[120.45244,23.44451],[120.4547,23.45035],[120.46529,23.45577],[120.46868,23.4616],[120.47679,23.46198],[120.48939,23.45235],[120.49523,23.45287],[120.50065,23.46099],[120.49975,23.46544],[120.50937,23.47281],[120.50179,23.48093],[120.50373,23.48501],[120.50122,23.48994],[120.48935,23.49135],[120.48405,23.49549],[120.48316,23.50537],[120.47355,23.50685],[120.46952,23.49958],[120.46444,23.49906],[120.45622,23.51167],[120.4571,23.51549],[120.44679,23.51832],[120.44051,23.51819],[120.44063,23.51183],[120.43352,23.51708],[120.43316,23.50887],[120.41667,23.50532],[120.41188,23.49899],[120.40836,23.49857],[120.40881,23.50657],[120.40037,23.49879],[120.39013,23.49946],[120.38919,23.49507],[120.38976,23.49134]]]}},{"type":"Feature","properties":{"id":"TWN:ADM1:90331920B2879670148147","name":"New Taipei","countryCode":"TWN","adminLevel":1,"sourceCode":"90331920B2879670148147","parentId":"TWN:ADM1:90331920B2879670148147"},"geometry":{"type":"Polygon","coordinates":[[[121.97717,24.99192],[121.97578,24.98861],[121.96528,24.9839],[121.96107,24.98832],[121.94458,24.98817],[121.93351,24.98089],[121.91484,24.97936],[121.9103,24.97477],[121.90283,24.97441],[121.89714,24.96703],[121.88857,24.96319],[121.87163,24.96072],[121.8613,24.96369],[121.8469,24.9603],[121.84136,24.95418],[121.83905,24.94461],[121.85388,24.92557],[121.836,24.90793],[121.81926,24.90277],[121.8116,24.90652],[121.80474,24.90124],[121.79197,24.89988],[121.79303,24.89626],[121.78167,24.88948],[121.78519,24.87416],[121.77723,24.87086],[121.77555,24.86515],[121.76845,24.86589],[121.761,24.85672],[121.74541,24.85279],[121.73021,24.8552],[121.71419,24.84172],[121.70207,24.83449],[121.69632,24.8348],[121.69589,24.82959],[121.68766,24.82495],[121.69013,24.82155],[121.68838,24.81619],[121.68064,24.81752],[121.67415,24.81409],[121.66899,24.81804],[121.66072,24.81082],[121.64737,24.81395],[121.64512,24.80929],[121.62593,24.80883],[121.62569,24.79519],[121.62107,24.79245],[121.60958,24.79374],[121.6058,24.78918],[121.59219,24.7878],[121.59758,24.7722],[121.58897,24.75512],[121.59608,24.74832],[121.59165,24.74468],[121.59522,24.73992],[121.59366,24.72972],[121.5974,24.72753],[121.58701,24.72007],[121.57821,24.72229],[121.57469,24.71007],[121.57036,24.71395],[121.5565,24.71125],[121.55068,24.70574],[121.54325,24.70567],[121.53786,24.69988],[121.53679,24.68842],[121.52786,24.68894],[121.52383,24.68328],[121.51181,24.68435],[121.49311,24.67324],[121.47985,24.67378],[121.47392,24.6852],[121.47418,24.69605],[121.45022,24.70568],[121.44099,24.726],[121.43419,24.73008],[121.42844,24.75343],[121.42327,24.7619],[121.42645,24.76807],[121.44955,24.78614],[121.45033,24.79094],[121.44539,24.79025],[121.43756,24.79634],[121.43654,24.812],[121.42973,24.81507],[121.42365,24.82539],[121.41701,24.82538],[121.41386,24.83178],[121.4156,24.83557],[121.40271,24.84352],[121.38804,24.8424],[121.38325,24.83693],[121.37368,24.83327],[121.35768,24.83951],[121.35484,24.84398],[121.34675,24.84591],[121.3361,24.84377],[121.33714,24.84835],[121.34783,24.85094],[121.34863,24.84834],[121.3526,24.84905],[121.3546,24.85322],[121.35801,24.8532],[121.34507,24.86694],[121.3544,24.87346],[121.34559,24.88004],[121.34458,24.88603],[121.34109,24.88808],[121.34218,24.89255],[121.33368,24.89152],[121.33329,24.89939],[121.32658,24.89597],[121.32034,24.90022],[121.32621,24.90916],[121.31754,24.91636],[121.32472,24.92345],[121.33984,24.92852],[121.32202,24.92802],[121.32315,24.93127],[121.31575,24.93849],[121.33154,24.94551],[121.32796,24.9491],[121.3283,24.97179],[121.32345,24.97258],[121.32859,24.97627],[121.32736,24.97843],[121.34268,24.98231],[121.3472,24.97879],[121.3521,24.98079],[121.35395,24.97784],[121.36406,24.9796],[121.36921,24.97683],[121.38527,24.98577],[121.38407,24.99564],[121.39401,24.99339],[121.40281,24.99878],[121.39939,25.00709],[121.39121,25.01198],[121.39254,25.01565],[121.41222,25.01928],[121.39824,25.03008],[121.40118,25.0376],[121.39063,25.04186],[121.40068,25.04323],[121.39819,25.04403],[121.40297,25.04569],[121.39389,25.04908],[121.39435,25.05043],[121.3985,25.04847],[121.40065,25.05139],[121.39101,25.05356],[121.39276,25.05504],[121.38445,25.0525],[121.38742,25.05487],[121.38558,25.05814],[121.3886,25.05686],[121.38761,25.05971],[121.39091,25.06092],[121.38833,25.06304],[121.37678,25.0661],[121.35487,25.06514],[121.35378,25.06856],[121.34641,25.07034],[121.35344,25.07331],[121.35174,25.0745],[121.34983,25.07354],[121.34988,25.07668],[121.34165,25.07258],[121.3402,25.07654],[121.34619,25.07553],[121.34419,25.07761],[121.34799,25.07882],[121.3426,25.08002],[121.34998,25.08183],[121.33882,25.08361],[121.32495,25.09255],[121.30252,25.0969],[121.29897,25.10422],[121.29165,25.10263],[121.29022,25.10688],[121.2827,25.10966],[121.28373,25.11738],[121.30446,25.12602],[121.32984,25.12441],[121.36031,25.13387],[121.36751,25.13732],[121.36216,25.14754],[121.36221,25.14758],[121.36465,25.14311],[121.3788,25.1521],[121.38177,25.14678],[121.36633,25.14],[121.36764,25.13757],[121.3883,25.14632],[121.38866,25.14995],[121.38316,25.15465],[121.3866,25.15789],[121.38756,25.15326],[121.39486,25.15559],[121.39351,25.15799],[121.39506,25.15944],[121.39894,25.15949],[121.41228,25.15546],[121.41944,25.14639],[121.42408,25.13691],[121.43002,25.13158],[121.44321,25.13642],[121.42945,25.15599],[121.4074,25.17621],[121.40072,25.18],[121.40875,25.18795],[121.41983,25.19229],[121.41556,25.19512],[121.42019,25.20237],[121.43907,25.21762],[121.4406,25.22717],[121.44542,25.2303],[121.44494,25.23519],[121.45202,25.24942],[121.46701,25.25034],[121.47302,25.25411],[121.47272,25.25766],[121.47623,25.25742],[121.47401,25.25899],[121.48254,25.27063],[121.50472,25.28018],[121.53972,25.28742],[121.58082,25.28303],[121.59791,25.27143],[121.636,25.22281],[121.64967,25.19709],[121.65414,25.1988],[121.6644,25.20136],[121.67612,25.20258],[121.68442,25.20051],[121.68393,25.19746],[121.67994,25.19302],[121.67612,25.18692],[121.67644,25.17939],[121.68051,25.17504],[121.69459,25.16608],[121.69487,25.16575],[121.67771,25.15581],[121.65837,25.15239],[121.64985,25.14496],[121.64009,25.14591],[121.62679,25.13997],[121.63301,25.13091],[121.64338,25.12733],[121.64636,25.11372],[121.65217,25.10518],[121.64923,25.10174],[121.65575,25.09353],[121.67387,25.08301],[121.68113,25.08804],[121.6791,25.07899],[121.68985,25.07103],[121.70039,25.06726],[121.71255,25.06777],[121.73018,25.05297],[121.73717,25.05485],[121.7433,25.05265],[121.75704,25.05948],[121.76463,25.05776],[121.77584,25.0705],[121.76997,25.07804],[121.76125,25.07912],[121.75997,25.1008],[121.75676,25.10206],[121.75607,25.10839],[121.7526,25.10697],[121.75002,25.11004],[121.76706,25.11278],[121.77358,25.1203],[121.7858,25.11841],[121.78995,25.11272],[121.79491,25.11278],[121.79888,25.11919],[121.79415,25.12554],[121.80304,25.12209],[121.80356,25.1333],[121.8201,25.12967],[121.81849,25.12816],[121.81985,25.12289],[121.82476,25.12107],[121.82944,25.12419],[121.82879,25.12773],[121.82887,25.12774],[121.89283,25.11367],[121.90512,25.10659],[121.89894,25.09398],[121.89723,25.08389],[121.89991,25.06599],[121.90919,25.03604],[121.9192,25.02204],[121.92726,25.0187],[121.94579,25.02125],[121.9473,25.01991],[121.95737,25.02203],[121.96754,25.02106],[121.98357,25.01716],[121.99072,25.01389],[121.99099,25.01216],[121.99203,25.01329],[121.99773,25.01069],[122.00424,25.00321],[121.99577,25.00195],[121.98531,24.99289],[121.98244,24.99161],[121.97717,24.99192]],[[121.46438,25.1025],[121.4868,25.09841],[121.49974,25.08762],[121.50582,25.07555],[121.5049,25.0497],[121.49571,25.0428],[121.48786,25.04184],[121.48336,25.03576],[121.49049,25.01111],[121.49558,25.00931],[121.51055,25.02181],[121.51908,25.01978],[121.53237,25.00782],[121.53421,25.00255],[121.53074,25],[121.53175,24.99017],[121.53515,24.99501],[121.53704,24.98847],[121.54413,24.98805],[121.54537,24.98359],[121.55231,24.98688],[121.56045,24.96503],[121.57278,24.96386],[121.57867,24.96664],[121.58575,24.9632],[121.5935,24.96432],[121.59713,24.96034],[121.6181,24.9668],[121.61978,24.97013],[121.59926,24.97865],[121.60197,24.98871],[121.59808,24.9945],[121.60062,25.00091],[121.59606,25.00433],[121.59753,25.01457],[121.60222,25.01494],[121.60436,25.01929],[121.62275,25.01715],[121.62894,25.0201],[121.63177,25.02573],[121.64697,25.02162],[121.65389,25.02441],[121.66263,25.02296],[121.66511,25.02554],[121.66589,25.02984],[121.64653,25.02811],[121.62505,25.03779],[121.61832,25.04484],[121.61637,25.051],[121.62328,25.05721],[121.61629,25.06397],[121.62802,25.08352],[121.62591,25.09668],[121.61492,25.10421],[121.59737,25.10965],[121.59548,25.11397],[121.60814,25.13135],[121.60468,25.13084],[121.60413,25.13647],[121.58918,25.15236],[121.59191,25.15583],[121.58982,25.16387],[121.57698,25.16715],[121.58333,25.17721],[121.58091,25.18201],[121.58377,25.19457],[121.57219,25.19362],[121.56433,25.19645],[121.56267,25.20946],[121.55486,25.20847],[121.55156,25.20364],[121.55205,25.1973],[121.54483,25.19576],[121.5406,25.18716],[121.52543,25.18253],[121.52173,25.17902],[121.52026,25.1699],[121.50265,25.17296],[121.48689,25.15079],[121.4838,25.15108],[121.46398,25.13063],[121.46458,25.12435],[121.45882,25.12265],[121.4623,25.11598],[121.45701,25.10917],[121.46438,25.1025]]]}},{"type":"Feature","properties":{"id":"TWN:ADM1:90331920B31004800433386","name":"Yunlin County","countryCode":"TWN","adminLevel":1,"sourceCode":"90331920B31004800433386","parentId":"TWN:ADM1:90331920B31004800433386"},"geometry":{"type":"Polygon","coordinates":[[[120.23867,23.82778],[120.24073,23.8218],[120.24378,23.82366],[120.24523,23.82111],[120.24602,23.8237],[120.24887,23.82118],[120.24954,23.82891],[120.24651,23.82679],[120.24864,23.83172],[120.31511,23.8202],[120.35819,23.82284],[120.3698,23.82851],[120.4095,23.8263],[120.43328,23.8301],[120.45211,23.81723],[120.50774,23.80062],[120.5515,23.80112],[120.59081,23.79124],[120.62892,23.78993],[120.64037,23.78605],[120.65553,23.75543],[120.65582,23.73504],[120.64452,23.73664],[120.63998,23.72991],[120.64169,23.72242],[120.63897,23.71058],[120.64566,23.7031],[120.64341,23.69973],[120.64826,23.68282],[120.6469,23.67269],[120.63503,23.65187],[120.63515,23.64276],[120.6291,23.63519],[120.63071,23.62226],[120.63405,23.61918],[120.645,23.63109],[120.65291,23.62959],[120.65144,23.61611],[120.66913,23.60935],[120.68369,23.61094],[120.68602,23.61806],[120.69111,23.62016],[120.70215,23.61725],[120.7104,23.61921],[120.7141,23.62108],[120.71308,23.62791],[120.71855,23.62994],[120.72284,23.62284],[120.73057,23.61845],[120.7309,23.61077],[120.72485,23.60361],[120.73264,23.59715],[120.7299,23.59367],[120.73398,23.5842],[120.73213,23.57721],[120.73615,23.57043],[120.72435,23.57189],[120.71768,23.56904],[120.71041,23.57098],[120.70902,23.57564],[120.6935,23.57651],[120.67621,23.57051],[120.66999,23.5785],[120.65602,23.57224],[120.65005,23.57265],[120.64722,23.57671],[120.64361,23.57547],[120.6492,23.58358],[120.64707,23.58751],[120.64912,23.59244],[120.64562,23.59358],[120.62342,23.59011],[120.6187,23.58412],[120.6003,23.58312],[120.58981,23.58572],[120.58131,23.58211],[120.57083,23.588],[120.55812,23.58906],[120.55617,23.59299],[120.5369,23.59474],[120.51026,23.61935],[120.50375,23.63528],[120.49321,23.63313],[120.48876,23.63591],[120.4874,23.63057],[120.47906,23.63292],[120.47694,23.6295],[120.46615,23.63027],[120.45423,23.6263],[120.45102,23.62716],[120.45316,23.63063],[120.44456,23.63054],[120.44108,23.62594],[120.43528,23.62551],[120.43685,23.62178],[120.43367,23.62286],[120.43064,23.61863],[120.42521,23.61801],[120.42184,23.61951],[120.42065,23.62517],[120.41584,23.62138],[120.40659,23.6252],[120.40461,23.63419],[120.40087,23.63218],[120.40265,23.62694],[120.38606,23.62069],[120.37999,23.61],[120.3665,23.60781],[120.36566,23.60237],[120.35899,23.59498],[120.33448,23.59269],[120.33311,23.57912],[120.32715,23.57426],[120.31956,23.57235],[120.30738,23.57463],[120.3106,23.56448],[120.29021,23.56243],[120.29089,23.55075],[120.27641,23.54351],[120.27196,23.53075],[120.26342,23.53355],[120.25612,23.54609],[120.24356,23.54375],[120.24193,23.53951],[120.24664,23.51378],[120.23841,23.50742],[120.22304,23.50431],[120.19931,23.51303],[120.18131,23.50981],[120.16652,23.51726],[120.15813,23.51593],[120.14576,23.52087],[120.14513,23.52564],[120.15078,23.53556],[120.14159,23.54476],[120.1413,23.56543],[120.14309,23.56827],[120.14105,23.58266],[120.14102,23.58478],[120.14475,23.59749],[120.14113,23.59836],[120.14115,23.59973],[120.14361,23.63804],[120.15096,23.6617],[120.15381,23.66378],[120.16332,23.68359],[120.17578,23.69857],[120.18793,23.69964],[120.18847,23.70261],[120.17188,23.7034],[120.1715,23.70401],[120.17555,23.73383],[120.1818,23.75538],[120.19914,23.75656],[120.20046,23.75964],[120.18943,23.76152],[120.18339,23.76083],[120.18442,23.76439],[120.18922,23.77481],[120.21266,23.80317],[120.21656,23.81265],[120.21949,23.81794],[120.22099,23.81899],[120.22384,23.81857],[120.22378,23.82094],[120.2352,23.82895],[120.23867,23.82778]]]}},{"type":"Feature","properties":{"id":"TWN:ADM1:90331920B33809065648062","name":"Hsinchu","countryCode":"TWN","adminLevel":1,"sourceCode":"90331920B33809065648062","parentId":"TWN:ADM1:90331920B33809065648062"},"geometry":{"type":"Polygon","coordinates":[[[120.91742,24.83747],[120.91938,24.84804],[120.92959,24.85321],[120.94009,24.85022],[120.94481,24.84106],[120.95499,24.83451],[120.97464,24.82998],[120.98305,24.83094],[120.98789,24.82544],[121.00035,24.82208],[121.00829,24.81621],[121.02577,24.79904],[121.02058,24.79883],[121.02315,24.79615],[121.02071,24.79383],[121.02454,24.78905],[121.02309,24.78505],[121.02751,24.78264],[121.02493,24.78002],[121.02971,24.77698],[121.02989,24.76648],[121.03354,24.76372],[121.02801,24.75821],[121.02083,24.75654],[121.00972,24.77377],[120.99308,24.78061],[120.99025,24.77688],[120.98582,24.77689],[120.98322,24.77325],[120.98838,24.76811],[120.98188,24.76738],[120.97931,24.76329],[120.96985,24.76516],[120.96736,24.75645],[120.95748,24.74966],[120.95747,24.74528],[120.94391,24.74397],[120.93983,24.73272],[120.94236,24.73037],[120.93798,24.72947],[120.93858,24.71664],[120.9354,24.71257],[120.93028,24.71663],[120.9234,24.71457],[120.91369,24.71729],[120.91623,24.72162],[120.90783,24.74105],[120.89526,24.73266],[120.87942,24.73457],[120.90262,24.74749],[120.90606,24.7604],[120.90152,24.75993],[120.90098,24.76446],[120.9126,24.76751],[120.91535,24.79534],[120.91332,24.7994],[120.91608,24.80217],[120.91057,24.80311],[120.91064,24.80724],[120.91726,24.80707],[120.91878,24.80999],[120.90875,24.8103],[120.908,24.81455],[120.90919,24.81688],[120.90903,24.82274],[120.90897,24.82289],[120.91742,24.83747]]]}},{"type":"Feature","properties":{"id":"TWN:ADM1:90331920B36822921189496","name":"Tainan","countryCode":"TWN","adminLevel":1,"sourceCode":"90331920B36822921189496","parentId":"TWN:ADM1:90331920B36822921189496"},"geometry":{"type":"MultiPolygon","coordinates":[[[[120.1562,22.98758],[120.16589,22.97418],[120.1629,22.97058],[120.15557,22.9728],[120.15508,22.97982],[120.14928,22.98403],[120.15022,22.98562],[120.15392,22.98804],[120.1562,22.98758]]],[[[120.12525,23.33494],[120.13606,23.32802],[120.13028,23.32934],[120.12294,23.32965],[120.12525,23.33494]]],[[[120.09133,23.22294],[120.0917,23.21845],[120.09527,23.21882],[120.0954,23.22458],[120.09742,23.22037],[120.10605,23.22403],[120.10604,23.22789],[120.09564,23.22881],[120.09422,23.2351],[120.10012,23.24587],[120.10823,23.25201],[120.10932,23.2556],[120.10541,23.25964],[120.10834,23.26656],[120.11668,23.27106],[120.12419,23.27017],[120.11577,23.2723],[120.11919,23.2767],[120.10583,23.26864],[120.10202,23.26993],[120.1089,23.28669],[120.11492,23.29271],[120.12468,23.29499],[120.11049,23.3037],[120.11653,23.3179],[120.13118,23.31881],[120.14295,23.32363],[120.14753,23.32069],[120.14972,23.3132],[120.1686,23.30684],[120.1786,23.29174],[120.18907,23.29024],[120.1858,23.29657],[120.18842,23.30125],[120.20423,23.29193],[120.21234,23.29167],[120.22282,23.29854],[120.23786,23.32691],[120.25639,23.33108],[120.26703,23.34059],[120.2675,23.34475],[120.26072,23.34449],[120.26612,23.35267],[120.27314,23.35279],[120.27777,23.3477],[120.28623,23.35029],[120.28368,23.36011],[120.28584,23.36713],[120.29288,23.37537],[120.31097,23.37544],[120.31103,23.38564],[120.31485,23.3885],[120.32347,23.38359],[120.33365,23.38595],[120.3486,23.4011],[120.3811,23.40342],[120.4081,23.41342],[120.41034,23.41024],[120.41637,23.41035],[120.42004,23.40343],[120.42197,23.40706],[120.43005,23.40641],[120.43214,23.4107],[120.44003,23.41369],[120.47335,23.39812],[120.47938,23.38759],[120.4901,23.39553],[120.49493,23.39435],[120.49895,23.38715],[120.48457,23.37966],[120.48396,23.36959],[120.48847,23.37305],[120.49945,23.36803],[120.50485,23.36889],[120.51055,23.3643],[120.51247,23.35609],[120.50806,23.35277],[120.50476,23.35475],[120.50508,23.34483],[120.53372,23.33647],[120.53998,23.32791],[120.52252,23.31176],[120.52627,23.29541],[120.52186,23.28812],[120.52045,23.27172],[120.53228,23.25516],[120.52784,23.24528],[120.51899,23.2392],[120.52492,23.23225],[120.54146,23.22784],[120.55503,23.21744],[120.56139,23.2174],[120.56536,23.22098],[120.57824,23.21478],[120.58668,23.22417],[120.59249,23.23987],[120.59726,23.22899],[120.60983,23.22261],[120.63403,23.22925],[120.65436,23.22428],[120.65626,23.21783],[120.63695,23.19132],[120.64112,23.18295],[120.63619,23.17509],[120.62928,23.17433],[120.63108,23.17044],[120.62137,23.16299],[120.61658,23.1631],[120.61115,23.15593],[120.61179,23.15161],[120.60107,23.14411],[120.58853,23.12358],[120.58816,23.11415],[120.57024,23.08545],[120.55459,23.06889],[120.53001,23.05573],[120.50374,23.02862],[120.48406,23.01702],[120.48,23.00271],[120.46036,23.00337],[120.46115,22.99075],[120.45472,22.99062],[120.45298,22.97767],[120.44493,22.97952],[120.44269,22.97737],[120.4165,22.91634],[120.40872,22.91233],[120.39861,22.92243],[120.38683,22.91826],[120.38162,22.9211],[120.3712,22.91225],[120.37248,22.90663],[120.35948,22.90138],[120.36107,22.89779],[120.35338,22.89241],[120.35517,22.89036],[120.352,22.88747],[120.34913,22.89055],[120.33221,22.88933],[120.32493,22.9004],[120.31948,22.89496],[120.3143,22.89972],[120.28452,22.9047],[120.27796,22.90426],[120.27955,22.89629],[120.27317,22.89535],[120.2593,22.9019],[120.25686,22.8994],[120.2588,22.89523],[120.25469,22.89413],[120.24291,22.90348],[120.23281,22.90561],[120.23026,22.91674],[120.21766,22.90963],[120.19209,22.9212],[120.17505,22.91175],[120.17353,22.94129],[120.16136,22.96665],[120.16678,22.97099],[120.17324,22.96502],[120.17094,22.97003],[120.17689,22.97929],[120.16589,22.97901],[120.16302,22.98354],[120.15924,22.98371],[120.15697,22.99004],[120.16017,22.99213],[120.16306,22.99821],[120.16324,22.99834],[120.16309,22.99828],[120.17026,23.01337],[120.16619,23.03172],[120.1421,23.0349],[120.13746,23.02839],[120.13347,23.01655],[120.12672,23.00715],[120.12282,23.0073],[120.10937,23.0184],[120.11101,23.03998],[120.10792,23.04857],[120.09246,23.05476],[120.08375,23.04755],[120.07667,23.03742],[120.07573,23.03719],[120.06713,23.0418],[120.06849,23.04491],[120.06454,23.04849],[120.054,23.04998],[120.0536,23.05063],[120.05242,23.05581],[120.05494,23.06778],[120.05942,23.07587],[120.07057,23.0812],[120.08473,23.08295],[120.09645,23.08641],[120.10043,23.09699],[120.09498,23.10248],[120.05942,23.11066],[120.05942,23.1175],[120.0892,23.11774],[120.08627,23.12694],[120.07008,23.1398],[120.06288,23.14738],[120.06383,23.14889],[120.06861,23.16616],[120.06867,23.16849],[120.07154,23.16999],[120.08188,23.17316],[120.08692,23.18203],[120.08383,23.19575],[120.07968,23.2047],[120.07986,23.20763],[120.07903,23.20816],[120.08216,23.21729],[120.08569,23.22597],[120.09133,23.22294]]],[[[120.03767,23.05636],[120.03419,23.06324],[120.03436,23.06779],[120.03533,23.06656],[120.03747,23.06103],[120.03767,23.05636]]]]}},{"type":"Feature","properties":{"id":"TWN:ADM1:90331920B38323674923848","name":"Changhua County","countryCode":"TWN","adminLevel":1,"sourceCode":"90331920B38323674923848","parentId":"TWN:ADM1:90331920B38323674923848"},"geometry":{"type":"MultiPolygon","coordinates":[[[[120.43949,24.15893],[120.46335,24.16088],[120.4675,24.16569],[120.46213,24.16832],[120.48594,24.19739],[120.50446,24.19106],[120.50837,24.18677],[120.52581,24.149],[120.52365,24.13954],[120.53274,24.12628],[120.54085,24.12372],[120.54545,24.11645],[120.57281,24.10825],[120.58356,24.10952],[120.58836,24.10624],[120.61252,24.10252],[120.61851,24.07547],[120.62546,24.06873],[120.62349,24.05201],[120.62817,24.03836],[120.62514,24.03017],[120.63608,24.03105],[120.64471,24.02583],[120.64651,24.03397],[120.65179,24.02845],[120.65578,24.03066],[120.67863,24.01403],[120.67008,24.00996],[120.67369,24.00809],[120.67258,24.00585],[120.64602,24.00916],[120.64034,24.00573],[120.63809,24.00741],[120.63682,23.99451],[120.65019,23.98398],[120.64631,23.97324],[120.64688,23.96349],[120.64265,23.95827],[120.6354,23.95225],[120.63112,23.9563],[120.62698,23.95644],[120.63384,23.95337],[120.62759,23.95177],[120.63465,23.94371],[120.63016,23.94296],[120.63764,23.93559],[120.63548,23.93745],[120.62782,23.93108],[120.6374,23.92409],[120.63645,23.91937],[120.63353,23.91958],[120.63471,23.91312],[120.6294,23.91082],[120.63421,23.90768],[120.63136,23.90343],[120.63506,23.8986],[120.63271,23.88976],[120.6273,23.88951],[120.62958,23.88463],[120.62395,23.86893],[120.6199,23.86837],[120.62223,23.86012],[120.62781,23.8574],[120.62344,23.8489],[120.61943,23.84962],[120.62359,23.84707],[120.61549,23.84048],[120.61717,23.83763],[120.62084,23.84166],[120.62224,23.83866],[120.62612,23.84192],[120.62905,23.83868],[120.62492,23.8366],[120.62997,23.83735],[120.6291,23.8344],[120.63364,23.83409],[120.62359,23.82949],[120.63705,23.83279],[120.63435,23.83111],[120.64,23.82511],[120.63386,23.82584],[120.63919,23.82457],[120.63776,23.82178],[120.65091,23.81251],[120.67674,23.81894],[120.67898,23.80595],[120.68341,23.80542],[120.68389,23.80135],[120.67492,23.79973],[120.66377,23.79214],[120.64154,23.78562],[120.62892,23.78993],[120.59081,23.79124],[120.5515,23.80112],[120.50969,23.80025],[120.45211,23.81723],[120.43328,23.8301],[120.4095,23.8263],[120.3698,23.82851],[120.35819,23.82284],[120.30808,23.82033],[120.27237,23.82962],[120.27406,23.83921],[120.25669,23.84811],[120.25034,23.8567],[120.25164,23.86213],[120.2627,23.85715],[120.25942,23.86019],[120.26411,23.86535],[120.26977,23.86543],[120.26905,23.86049],[120.27275,23.866],[120.2883,23.87461],[120.28877,23.88115],[120.30512,23.90655],[120.31379,23.9267],[120.31408,23.93647],[120.30445,23.94056],[120.32348,23.96632],[120.33046,23.98928],[120.34644,23.98884],[120.35133,23.99201],[120.34718,23.99282],[120.34944,24.00253],[120.37157,24.03978],[120.37453,24.03901],[120.38005,24.04449],[120.37571,24.04719],[120.38149,24.04445],[120.39959,24.05402],[120.40369,24.05224],[120.41088,24.07127],[120.41539,24.074],[120.41968,24.08296],[120.42721,24.08396],[120.43451,24.08964],[120.4349,24.09452],[120.43125,24.09613],[120.43932,24.1333],[120.45919,24.15807],[120.43839,24.13466],[120.43628,24.12524],[120.41866,24.12494],[120.41717,24.12001],[120.41814,24.13505],[120.43949,24.15893]]],[[[120.41944,24.08603],[120.40575,24.06357],[120.39901,24.05834],[120.37969,24.05811],[120.38551,24.06306],[120.38787,24.07331],[120.39235,24.08291],[120.39654,24.08592],[120.41944,24.08603]]]]}},{"type":"Feature","properties":{"id":"TWN:ADM1:90331920B52218866814205","name":"Hualien County","countryCode":"TWN","adminLevel":1,"sourceCode":"90331920B52218866814205","parentId":"TWN:ADM1:90331920B52218866814205"},"geometry":{"type":"Polygon","coordinates":[[[121.47329,23.44057],[121.46329,23.43875],[121.46153,23.44155],[121.44695,23.44374],[121.44013,23.4332],[121.43326,23.43279],[121.42024,23.42062],[121.41251,23.40237],[121.40002,23.38536],[121.40428,23.36733],[121.42269,23.36006],[121.42221,23.35524],[121.40975,23.34587],[121.4021,23.33395],[121.3999,23.3232],[121.39021,23.32058],[121.38788,23.31068],[121.37784,23.30089],[121.37789,23.2696],[121.37237,23.26783],[121.37077,23.26243],[121.35937,23.2526],[121.36087,23.24421],[121.35261,23.23132],[121.35717,23.22373],[121.34645,23.21702],[121.34692,23.20926],[121.33498,23.17797],[121.32969,23.18037],[121.32329,23.17872],[121.32189,23.16946],[121.31855,23.16814],[121.31734,23.16481],[121.3221,23.15521],[121.32718,23.15221],[121.32035,23.13775],[121.32198,23.11719],[121.31581,23.10972],[121.29151,23.10937],[121.27261,23.09778],[121.26432,23.10392],[121.2673,23.11398],[121.25768,23.12606],[121.24923,23.13153],[121.24526,23.12841],[121.23852,23.12872],[121.23087,23.13928],[121.21195,23.14422],[121.21253,23.15482],[121.1992,23.17518],[121.19819,23.18845],[121.18939,23.20378],[121.17577,23.21013],[121.16098,23.20601],[121.15455,23.19909],[121.14675,23.19915],[121.13936,23.20192],[121.12926,23.22332],[121.10655,23.22386],[121.09291,23.23376],[121.07833,23.23342],[121.06243,23.2659],[121.06208,23.27943],[121.05622,23.2904],[121.0389,23.30063],[121.02833,23.29714],[121.03212,23.30372],[121.04627,23.30867],[121.0488,23.32531],[121.02683,23.33771],[121.02003,23.35046],[121.01031,23.34581],[121.00755,23.35206],[121.00088,23.35615],[120.98713,23.3587],[120.98677,23.36582],[120.98801,23.37058],[120.99982,23.38217],[121.00771,23.38476],[121.00111,23.39167],[121.00343,23.39501],[121.01076,23.39514],[121.0283,23.40368],[121.02488,23.41463],[121.02942,23.42233],[121.01291,23.433],[121.0349,23.44591],[121.05174,23.45084],[121.0582,23.46006],[121.03912,23.4742],[121.05349,23.48773],[121.05408,23.49565],[121.0623,23.49973],[121.06845,23.51842],[121.08805,23.51402],[121.0919,23.51454],[121.09738,23.52168],[121.10367,23.51891],[121.11763,23.52166],[121.13532,23.51498],[121.1447,23.52584],[121.15112,23.52704],[121.14692,23.53402],[121.15116,23.5447],[121.1462,23.55469],[121.15179,23.56047],[121.15706,23.5595],[121.16046,23.56647],[121.16041,23.56973],[121.15214,23.57312],[121.1534,23.58681],[121.16676,23.58713],[121.17817,23.58263],[121.17963,23.58991],[121.19358,23.60028],[121.206,23.59576],[121.21359,23.60062],[121.21736,23.61472],[121.22485,23.62714],[121.22403,23.63869],[121.23562,23.66171],[121.23602,23.67037],[121.23244,23.67742],[121.23938,23.68684],[121.24121,23.70874],[121.23776,23.72004],[121.23947,23.72411],[121.22964,23.73005],[121.22856,23.73507],[121.2288,23.74443],[121.23252,23.75057],[121.22156,23.75269],[121.20648,23.76263],[121.2087,23.76583],[121.20464,23.77235],[121.23046,23.78807],[121.22661,23.79237],[121.22604,23.80223],[121.22747,23.80844],[121.23449,23.81207],[121.23479,23.81798],[121.23913,23.82184],[121.23667,23.82517],[121.23937,23.84033],[121.24888,23.85214],[121.25308,23.86798],[121.25817,23.87253],[121.26527,23.87293],[121.26317,23.88069],[121.26849,23.88385],[121.26657,23.89839],[121.26114,23.90267],[121.27607,23.90969],[121.27645,23.92345],[121.27205,23.93829],[121.27432,23.94567],[121.27172,23.94844],[121.2779,23.96567],[121.27351,23.97526],[121.26412,23.97612],[121.2602,23.99249],[121.28569,24.03972],[121.28331,24.05448],[121.29563,24.06384],[121.29947,24.06184],[121.30816,24.0733],[121.32316,24.08493],[121.31891,24.09491],[121.32552,24.10224],[121.32818,24.11175],[121.325,24.11604],[121.31558,24.1166],[121.29537,24.13261],[121.28134,24.13565],[121.28466,24.1522],[121.28033,24.1578],[121.28838,24.1581],[121.28612,24.17737],[121.30664,24.1802],[121.31595,24.18539],[121.32517,24.19593],[121.34917,24.20033],[121.34912,24.21091],[121.34271,24.2241],[121.35204,24.23517],[121.35202,24.24438],[121.36032,24.24447],[121.36652,24.25262],[121.37225,24.25464],[121.3847,24.2556],[121.38519,24.26476],[121.37998,24.28019],[121.39021,24.29026],[121.39596,24.28925],[121.40279,24.2974],[121.40448,24.30877],[121.42148,24.30824],[121.43399,24.32257],[121.43173,24.33053],[121.43695,24.34291],[121.43472,24.34821],[121.44066,24.35931],[121.44635,24.36027],[121.45096,24.36547],[121.46542,24.35532],[121.4857,24.34858],[121.49815,24.33927],[121.5043,24.34298],[121.51349,24.34081],[121.52179,24.34304],[121.53312,24.33708],[121.5452,24.33772],[121.556,24.33122],[121.55977,24.32292],[121.56649,24.3192],[121.57636,24.31959],[121.58941,24.31382],[121.59704,24.31633],[121.60573,24.30946],[121.60528,24.31716],[121.59567,24.33161],[121.59906,24.33364],[121.60466,24.32909],[121.60782,24.33545],[121.61749,24.33362],[121.6188,24.34545],[121.62273,24.33948],[121.62741,24.34111],[121.62861,24.33373],[121.63271,24.3347],[121.63129,24.34399],[121.63543,24.34759],[121.62685,24.34952],[121.62676,24.35433],[121.62112,24.35836],[121.62359,24.36225],[121.62037,24.36326],[121.62179,24.36669],[121.63112,24.37053],[121.63084,24.36611],[121.63477,24.36652],[121.64856,24.34963],[121.65071,24.35102],[121.64781,24.35783],[121.65028,24.35991],[121.65356,24.35214],[121.66286,24.35311],[121.66893,24.34324],[121.67395,24.34339],[121.67481,24.33779],[121.68539,24.34077],[121.68858,24.33362],[121.69521,24.33487],[121.71354,24.32688],[121.74452,24.32292],[121.75911,24.3142],[121.77128,24.31427],[121.77198,24.31293],[121.77265,24.30958],[121.76344,24.29738],[121.76225,24.29633],[121.76228,24.29954],[121.76681,24.30359],[121.75864,24.30633],[121.75495,24.29601],[121.75677,24.29494],[121.75951,24.29979],[121.7585,24.29298],[121.74529,24.28124],[121.72145,24.25117],[121.70387,24.23835],[121.69825,24.23151],[121.70094,24.22419],[121.69988,24.22246],[121.67356,24.20756],[121.66548,24.19661],[121.66482,24.19484],[121.66285,24.1931],[121.65219,24.17219],[121.64129,24.12987],[121.61305,24.09211],[121.60743,24.07685],[121.60816,24.06049],[121.615,24.0423],[121.62078,24.03461],[121.62574,24.03095],[121.62892,24.02619],[121.62916,24.01496],[121.62501,24.00239],[121.6111,23.98249],[121.60816,23.97036],[121.60745,23.95943],[121.60657,23.9582],[121.60714,23.95476],[121.6067,23.94806],[121.59449,23.89151],[121.57032,23.8321],[121.53981,23.69282],[121.5215,23.65868],[121.4795,23.43521],[121.47925,23.43386],[121.47329,23.44057]]]}},{"type":"Feature","properties":{"id":"TWN:ADM1:90331920B62221364431352","name":"Miaoli County","countryCode":"TWN","adminLevel":1,"sourceCode":"90331920B62221364431352","parentId":"TWN:ADM1:90331920B62221364431352"},"geometry":{"type":"Polygon","coordinates":[[[120.8309,24.66894],[120.83204,24.67749],[120.85959,24.70344],[120.86573,24.72442],[120.87939,24.73457],[120.89526,24.73266],[120.90783,24.74105],[120.91623,24.72162],[120.91369,24.71729],[120.9234,24.71457],[120.93028,24.71663],[120.9354,24.71257],[120.942,24.70733],[120.94976,24.71122],[120.95325,24.70405],[120.9634,24.71148],[120.97498,24.71104],[120.97668,24.70643],[120.97217,24.70338],[120.97404,24.69694],[120.96638,24.69119],[120.96447,24.68358],[120.97555,24.68456],[120.977,24.67364],[120.98156,24.67198],[120.98698,24.66361],[120.99066,24.6648],[120.99055,24.66052],[120.99496,24.65939],[120.99718,24.65463],[121.01031,24.65621],[121.00821,24.64437],[121.01441,24.6408],[121.02532,24.64127],[121.02627,24.63558],[121.04314,24.62729],[121.05155,24.61518],[121.06247,24.62188],[121.0679,24.61494],[121.07513,24.61203],[121.07549,24.60424],[121.08147,24.60006],[121.08311,24.59004],[121.07526,24.58079],[121.07047,24.56318],[121.06275,24.55745],[121.05828,24.55944],[121.07386,24.54907],[121.0805,24.54092],[121.07809,24.52853],[121.06717,24.52283],[121.07186,24.49837],[121.08545,24.50134],[121.0982,24.49647],[121.11708,24.50847],[121.12325,24.51023],[121.13714,24.5066],[121.14494,24.51181],[121.15062,24.50603],[121.16943,24.50256],[121.17848,24.50769],[121.18667,24.5052],[121.21701,24.51485],[121.21754,24.50969],[121.22365,24.50654],[121.21867,24.49832],[121.2344,24.48807],[121.23453,24.48379],[121.24344,24.47692],[121.24438,24.46996],[121.25816,24.46325],[121.25801,24.45758],[121.2626,24.45549],[121.25808,24.42563],[121.24999,24.4249],[121.24389,24.42008],[121.24357,24.40572],[121.23465,24.39733],[121.23205,24.38401],[121.21587,24.37946],[121.21029,24.39613],[121.19718,24.39658],[121.19023,24.38162],[121.1833,24.381],[121.17343,24.37334],[121.17418,24.36892],[121.16836,24.36092],[121.14841,24.35787],[121.14085,24.35959],[121.12843,24.34216],[121.12412,24.34055],[121.12156,24.33068],[121.11487,24.32864],[121.10847,24.33096],[121.09193,24.31862],[121.08661,24.31759],[121.08146,24.32414],[121.07307,24.32283],[121.07384,24.3192],[121.07022,24.31577],[121.05552,24.3106],[121.04899,24.29596],[121.03412,24.29781],[121.02936,24.3047],[121.01801,24.31129],[121.00415,24.33229],[120.99209,24.32961],[120.98198,24.3359],[120.96649,24.33345],[120.95679,24.33931],[120.94246,24.33914],[120.93563,24.34291],[120.9166,24.33512],[120.9225,24.30395],[120.9119,24.29408],[120.9025,24.29219],[120.87611,24.295],[120.84727,24.2886],[120.83315,24.29066],[120.80652,24.31568],[120.78382,24.31834],[120.76301,24.326],[120.72983,24.35214],[120.70728,24.35781],[120.70745,24.36167],[120.69232,24.36759],[120.68996,24.37428],[120.67733,24.38405],[120.67868,24.38701],[120.66999,24.39207],[120.66372,24.4022],[120.64604,24.4122],[120.63962,24.42778],[120.62862,24.43799],[120.6219,24.43973],[120.64411,24.4563],[120.66536,24.48238],[120.6661,24.48987],[120.68594,24.52031],[120.71117,24.58561],[120.72338,24.60589],[120.73642,24.6121],[120.74545,24.60741],[120.75303,24.61297],[120.75202,24.61954],[120.76061,24.63267],[120.76112,24.63859],[120.77995,24.66076],[120.81316,24.66842],[120.82667,24.66608],[120.82609,24.66911],[120.8309,24.66894]]]}},{"type":"Feature","properties":{"id":"TWN:ADM1:90331920B64302615154142","name":"Kinmen","countryCode":"TWN","adminLevel":1,"sourceCode":"90331920B64302615154142","parentId":"TWN:ADM1:90331920B64302615154142"},"geometry":{"type":"MultiPolygon","coordinates":[[[[118.21155,24.41228],[118.21565,24.41242],[118.21985,24.41737],[118.217,24.42556],[118.21942,24.42924],[118.2222,24.42815],[118.21996,24.4262],[118.22611,24.42763],[118.22776,24.43369],[118.22957,24.44694],[118.24356,24.44938],[118.24572,24.45274],[118.24626,24.45276],[118.2555,24.44866],[118.25636,24.44811],[118.26271,24.4418],[118.26254,24.43098],[118.25768,24.42424],[118.25149,24.42421],[118.24671,24.4205],[118.24657,24.41849],[118.2448,24.41515],[118.24113,24.41331],[118.24095,24.41453],[118.23403,24.41369],[118.23075,24.41033],[118.22055,24.40762],[118.21155,24.41228]]],[[[118.30068,24.42462],[118.31112,24.42728],[118.30805,24.43083],[118.30949,24.44085],[118.30239,24.45449],[118.30294,24.46171],[118.28853,24.47048],[118.29232,24.47823],[118.31056,24.48749],[118.3102,24.48992],[118.31413,24.48966],[118.35047,24.46449],[118.37523,24.46136],[118.38561,24.46913],[118.38396,24.47986],[118.38242,24.48114],[118.38272,24.48348],[118.38707,24.48304],[118.39502,24.49202],[118.39187,24.49849],[118.39309,24.51046],[118.40998,24.51675],[118.4085,24.52535],[118.41191,24.52598],[118.41369,24.52459],[118.41772,24.52706],[118.42074,24.52762],[118.42363,24.52711],[118.42641,24.52479],[118.42586,24.52404],[118.43242,24.50934],[118.44542,24.50899],[118.4495,24.5056],[118.4478,24.49953],[118.44919,24.49598],[118.45397,24.49476],[118.45437,24.49378],[118.45322,24.48942],[118.45614,24.48232],[118.46009,24.47971],[118.46182,24.47543],[118.46143,24.47514],[118.46198,24.46426],[118.46598,24.45251],[118.46612,24.45249],[118.46463,24.44119],[118.46066,24.43837],[118.46333,24.43149],[118.45825,24.42591],[118.45816,24.426],[118.45472,24.42422],[118.4549,24.42223],[118.44927,24.41604],[118.44908,24.41604],[118.44848,24.41569],[118.4229,24.4303],[118.40362,24.43601],[118.39769,24.43547],[118.38434,24.43493],[118.38217,24.43405],[118.37286,24.4332],[118.35588,24.42341],[118.35172,24.42173],[118.35061,24.42038],[118.34576,24.41758],[118.33099,24.39648],[118.31822,24.39054],[118.30323,24.39704],[118.29533,24.39751],[118.29092,24.40456],[118.2813,24.41127],[118.28438,24.41482],[118.28927,24.41591],[118.28932,24.4205],[118.2894,24.4206],[118.28943,24.42065],[118.2906,24.41413],[118.29702,24.41438],[118.30223,24.42071],[118.29867,24.42226],[118.30112,24.42453],[118.29182,24.42468],[118.29183,24.42471],[118.30068,24.42462]]]]}},{"type":"Feature","properties":{"id":"TWN:ADM1:90331920B66022868712315","name":"Pingtung County","countryCode":"TWN","adminLevel":1,"sourceCode":"90331920B66022868712315","parentId":"TWN:ADM1:90331920B66022868712315"},"geometry":{"type":"MultiPolygon","coordinates":[[[[120.3529,22.32664],[120.36322,22.33993],[120.36095,22.34641],[120.36668,22.35142],[120.37312,22.35367],[120.37387,22.35187],[120.37892,22.34504],[120.37713,22.34349],[120.3777,22.34174],[120.36744,22.33531],[120.36614,22.33422],[120.35979,22.32953],[120.35435,22.32517],[120.3529,22.32664]]],[[[120.44111,22.46629],[120.44553,22.46431],[120.44372,22.46729],[120.4374,22.4665],[120.44661,22.46904],[120.44106,22.4756],[120.43813,22.47498],[120.44107,22.47161],[120.43479,22.46772],[120.43231,22.4694],[120.435,22.46819],[120.43947,22.47305],[120.43768,22.4745],[120.4344,22.46976],[120.43012,22.4767],[120.4237,22.47695],[120.42595,22.4981],[120.42283,22.51867],[120.4309,22.54392],[120.43661,22.54755],[120.4421,22.56018],[120.44704,22.586],[120.44582,22.59886],[120.4375,22.60741],[120.43367,22.61773],[120.43615,22.66237],[120.43962,22.67831],[120.44771,22.68856],[120.45281,22.70403],[120.45607,22.7221],[120.4541,22.77112],[120.46407,22.80028],[120.46879,22.83066],[120.47409,22.83681],[120.49273,22.83726],[120.49787,22.83162],[120.51002,22.82851],[120.53062,22.83297],[120.53647,22.82925],[120.55324,22.82838],[120.60537,22.87298],[120.61539,22.87681],[120.62116,22.87569],[120.64495,22.88515],[120.64854,22.87706],[120.65519,22.88156],[120.65798,22.87983],[120.66057,22.85997],[120.67222,22.85635],[120.67689,22.85733],[120.6791,22.8629],[120.69055,22.86486],[120.70435,22.88051],[120.72502,22.88079],[120.73135,22.87605],[120.74247,22.8737],[120.74909,22.86584],[120.75511,22.86462],[120.76222,22.85659],[120.76413,22.84899],[120.77881,22.83518],[120.79279,22.84124],[120.7934,22.852],[120.80104,22.85099],[120.8253,22.86644],[120.83741,22.86411],[120.8474,22.85191],[120.85317,22.85759],[120.86466,22.84309],[120.86546,22.83561],[120.86161,22.82646],[120.86856,22.81691],[120.89116,22.81161],[120.90351,22.79921],[120.90384,22.77566],[120.90017,22.76912],[120.89194,22.76377],[120.89478,22.7625],[120.89565,22.74163],[120.8915,22.72949],[120.88283,22.71667],[120.86149,22.71668],[120.85842,22.7136],[120.85486,22.71753],[120.84859,22.71696],[120.84009,22.7064],[120.83722,22.69732],[120.81991,22.69556],[120.81907,22.69083],[120.81162,22.69205],[120.80907,22.68823],[120.78674,22.69295],[120.79159,22.67928],[120.78623,22.67202],[120.78584,22.66143],[120.76126,22.62986],[120.75446,22.61598],[120.75464,22.60078],[120.74584,22.58957],[120.74879,22.5721],[120.74158,22.56873],[120.73911,22.55324],[120.74991,22.53437],[120.75365,22.51099],[120.76432,22.49522],[120.75765,22.48198],[120.75083,22.47923],[120.75461,22.47131],[120.75104,22.45904],[120.77617,22.45019],[120.77508,22.44344],[120.78958,22.41775],[120.77995,22.40925],[120.77134,22.40684],[120.76549,22.40907],[120.7535,22.405],[120.75766,22.39821],[120.7522,22.39249],[120.75654,22.38836],[120.75052,22.38403],[120.74879,22.3731],[120.74346,22.36734],[120.75277,22.36034],[120.76302,22.35914],[120.76736,22.34764],[120.77528,22.34934],[120.78486,22.34569],[120.79261,22.33554],[120.79673,22.31745],[120.78728,22.30924],[120.77813,22.30856],[120.77776,22.29788],[120.78986,22.29338],[120.79327,22.2858],[120.80559,22.28405],[120.80669,22.27721],[120.79801,22.27645],[120.79629,22.26988],[120.79956,22.2651],[120.79908,22.25712],[120.81539,22.26318],[120.82591,22.25659],[120.83461,22.24531],[120.85867,22.2408],[120.86433,22.23422],[120.86215,22.23062],[120.87606,22.23358],[120.87924,22.05581],[120.8733,22.02998],[120.86362,22.00894],[120.85084,22.00023],[120.8357,21.98725],[120.83619,21.95771],[120.84156,21.92548],[120.84096,21.91525],[120.83607,21.91673],[120.82208,21.93475],[120.81487,21.93442],[120.79737,21.94676],[120.76743,21.9593],[120.73731,21.96613],[120.7361,21.94282],[120.72731,21.93447],[120.71437,21.93749],[120.71145,21.93977],[120.7124,21.96443],[120.71589,21.97268],[120.71421,21.98099],[120.70809,21.98768],[120.70656,21.99556],[120.69933,21.99826],[120.69433,22.00483],[120.68577,22.0273],[120.68995,22.03661],[120.69785,22.04205],[120.69466,22.04739],[120.69748,22.05474],[120.70604,22.05808],[120.70661,22.06928],[120.70089,22.08331],[120.71615,22.09236],[120.71608,22.10529],[120.70986,22.1242],[120.70267,22.13079],[120.70303,22.1378],[120.69839,22.14033],[120.70046,22.14885],[120.69645,22.15484],[120.69343,22.17756],[120.68414,22.19558],[120.68559,22.20832],[120.67167,22.23438],[120.64944,22.25462],[120.65158,22.26736],[120.64323,22.29099],[120.64242,22.30335],[120.63044,22.31923],[120.60697,22.3396],[120.60027,22.35367],[120.59012,22.36327],[120.59272,22.36452],[120.58363,22.37297],[120.54566,22.39791],[120.51642,22.41289],[120.51441,22.42007],[120.51197,22.42475],[120.49529,22.43476],[120.45721,22.45161],[120.43995,22.46259],[120.43721,22.46481],[120.44111,22.46629]]]]}},{"type":"Feature","properties":{"id":"TWN:ADM1:90331920B67413603294532","name":"Kaohsiung","countryCode":"TWN","adminLevel":1,"sourceCode":"90331920B67413603294532","parentId":"TWN:ADM1:90331920B67413603294532"},"geometry":{"type":"MultiPolygon","coordinates":[[[[120.19293,22.85918],[120.19311,22.86338],[120.17505,22.91175],[120.19209,22.9212],[120.21766,22.90963],[120.22953,22.91686],[120.23281,22.90561],[120.24291,22.90348],[120.25469,22.89413],[120.2588,22.89523],[120.25686,22.8994],[120.2593,22.9019],[120.27317,22.89535],[120.27955,22.89629],[120.27796,22.90426],[120.28452,22.9047],[120.3143,22.89972],[120.31948,22.89496],[120.32493,22.9004],[120.33221,22.88933],[120.34913,22.89055],[120.35184,22.88746],[120.35517,22.89036],[120.35338,22.89241],[120.36107,22.89779],[120.35948,22.90138],[120.37248,22.90663],[120.3712,22.91225],[120.38162,22.9211],[120.38683,22.91826],[120.39861,22.92243],[120.40872,22.91233],[120.41607,22.91602],[120.44269,22.97737],[120.44493,22.97952],[120.45298,22.97767],[120.45472,22.99062],[120.46115,22.99075],[120.46036,23.00337],[120.48,23.00271],[120.48406,23.01702],[120.50374,23.02862],[120.53001,23.05573],[120.55459,23.06889],[120.57429,23.09058],[120.57417,23.09486],[120.58816,23.11415],[120.58853,23.12358],[120.60107,23.14411],[120.61179,23.15161],[120.61115,23.15593],[120.61658,23.1631],[120.62137,23.16299],[120.6307,23.17009],[120.62928,23.17433],[120.63608,23.17499],[120.64112,23.18295],[120.63661,23.19033],[120.64351,23.2036],[120.65146,23.20845],[120.65615,23.21759],[120.65349,23.22453],[120.64948,23.22873],[120.65132,23.23576],[120.64856,23.24912],[120.64219,23.25666],[120.63828,23.2693],[120.64318,23.27601],[120.64391,23.2962],[120.64712,23.29735],[120.65199,23.29115],[120.65864,23.2959],[120.67728,23.28784],[120.69962,23.28446],[120.7035,23.28915],[120.70294,23.29775],[120.70674,23.30464],[120.71233,23.30868],[120.73062,23.30562],[120.73223,23.31373],[120.75288,23.32699],[120.75246,23.33111],[120.75801,23.3348],[120.75794,23.34419],[120.76449,23.34166],[120.76855,23.34382],[120.78334,23.3422],[120.79203,23.35728],[120.80066,23.36067],[120.80388,23.37039],[120.80843,23.36838],[120.8254,23.37165],[120.82907,23.37578],[120.83075,23.38629],[120.83461,23.38665],[120.83674,23.3933],[120.84103,23.39494],[120.83835,23.39797],[120.84941,23.41208],[120.84954,23.42013],[120.85878,23.42504],[120.86453,23.42391],[120.88376,23.43621],[120.88676,23.43484],[120.8918,23.4466],[120.8952,23.44602],[120.90067,23.45417],[120.90562,23.4532],[120.90991,23.45777],[120.92125,23.45915],[120.92851,23.45549],[120.9346,23.45835],[120.93661,23.46373],[120.94835,23.46409],[120.96717,23.47169],[120.99911,23.4622],[121.00771,23.46268],[121.01494,23.45425],[121.01047,23.4411],[121.01514,23.4352],[121.01411,23.43077],[121.02071,23.42949],[121.02256,23.42476],[121.02942,23.42233],[121.02488,23.41463],[121.0284,23.40386],[121.01076,23.39514],[121.00323,23.3948],[121.00111,23.39167],[121.00771,23.38476],[120.99992,23.38225],[120.98801,23.37058],[120.98704,23.35892],[121.00274,23.35511],[121.01031,23.34581],[121.02003,23.35046],[121.02683,23.33771],[121.0488,23.32531],[121.04644,23.30906],[121.03212,23.30372],[121.02387,23.29373],[121.00998,23.29252],[120.98662,23.28031],[120.97213,23.28193],[120.94662,23.25306],[120.9413,23.25197],[120.93774,23.2448],[120.93133,23.24248],[120.92621,23.24445],[120.9158,23.23799],[120.91156,23.22786],[120.9116,23.20919],[120.9068,23.20549],[120.90589,23.19939],[120.91153,23.19013],[120.9111,23.18228],[120.89854,23.17646],[120.89498,23.16069],[120.87639,23.15134],[120.88568,23.14445],[120.88807,23.12245],[120.88497,23.11928],[120.8894,23.11006],[120.88556,23.08891],[120.86916,23.05969],[120.87976,23.0477],[120.87985,23.03518],[120.86188,23.03107],[120.86061,23.00796],[120.85822,23.00504],[120.85106,23.0051],[120.85209,22.99992],[120.84897,22.99461],[120.84199,22.99104],[120.84116,22.98402],[120.83244,22.98034],[120.82903,22.97416],[120.8302,22.97002],[120.82085,22.96217],[120.82473,22.95257],[120.82182,22.9352],[120.83328,22.91229],[120.82865,22.90412],[120.83338,22.90003],[120.84044,22.882],[120.85971,22.87836],[120.86492,22.87245],[120.86411,22.86655],[120.85915,22.86339],[120.86952,22.85779],[120.86466,22.84309],[120.85317,22.85759],[120.8474,22.85191],[120.83741,22.86411],[120.8253,22.86644],[120.80104,22.85099],[120.7934,22.852],[120.79279,22.84124],[120.77881,22.83518],[120.76413,22.84899],[120.76222,22.85659],[120.75511,22.86462],[120.74909,22.86584],[120.74247,22.8737],[120.73135,22.87605],[120.72502,22.88079],[120.70435,22.88051],[120.69055,22.86486],[120.6791,22.8629],[120.67689,22.85733],[120.67222,22.85635],[120.66057,22.85997],[120.65798,22.87983],[120.65519,22.88156],[120.64854,22.87706],[120.64495,22.88515],[120.62116,22.87569],[120.61539,22.87681],[120.60537,22.87298],[120.55324,22.82838],[120.53647,22.82925],[120.53062,22.83297],[120.51002,22.82851],[120.49787,22.83162],[120.49273,22.83726],[120.47409,22.83681],[120.46879,22.83066],[120.46407,22.80028],[120.4541,22.77112],[120.45607,22.7221],[120.45281,22.70403],[120.44771,22.68856],[120.43962,22.67831],[120.43615,22.66237],[120.43367,22.61773],[120.4375,22.60741],[120.44599,22.59823],[120.44441,22.56989],[120.43661,22.54755],[120.4309,22.54392],[120.42283,22.51867],[120.42595,22.4981],[120.4237,22.47695],[120.42236,22.47684],[120.42172,22.47736],[120.41326,22.48233],[120.40211,22.4868],[120.39601,22.48648],[120.39121,22.48483],[120.36074,22.50752],[120.35133,22.50824],[120.33453,22.52201],[120.33723,22.52493],[120.33341,22.52876],[120.33309,22.52856],[120.33032,22.54108],[120.33237,22.53873],[120.33732,22.53691],[120.33556,22.53942],[120.34039,22.54141],[120.3493,22.53769],[120.34262,22.5428],[120.34612,22.54775],[120.34096,22.54404],[120.33612,22.5492],[120.33988,22.55488],[120.33205,22.54928],[120.32584,22.55663],[120.33073,22.56017],[120.32886,22.56239],[120.32394,22.55878],[120.31992,22.56582],[120.31807,22.56904],[120.31937,22.56999],[120.31761,22.56985],[120.31349,22.57705],[120.30477,22.58622],[120.30623,22.58741],[120.30431,22.58671],[120.29331,22.59829],[120.28425,22.60602],[120.28181,22.60998],[120.29198,22.60711],[120.30015,22.59114],[120.29934,22.59745],[120.31056,22.60157],[120.29929,22.59817],[120.29663,22.60961],[120.28988,22.6121],[120.2911,22.61929],[120.28858,22.61625],[120.28002,22.62016],[120.27957,22.61933],[120.28865,22.61515],[120.2878,22.61353],[120.27628,22.61899],[120.27014,22.6181],[120.26937,22.6238],[120.26962,22.6185],[120.26303,22.62412],[120.26313,22.62706],[120.25174,22.64517],[120.25088,22.6641],[120.26366,22.67291],[120.26219,22.69077],[120.26571,22.68982],[120.26824,22.67996],[120.27478,22.68394],[120.27149,22.68798],[120.27365,22.69471],[120.27092,22.69619],[120.27476,22.69577],[120.27477,22.69817],[120.27097,22.69782],[120.27133,22.70092],[120.27474,22.70084],[120.27488,22.70675],[120.26415,22.70837],[120.26724,22.70697],[120.26366,22.7051],[120.26398,22.69762],[120.25963,22.69612],[120.26209,22.699],[120.25605,22.71826],[120.25261,22.72409],[120.24844,22.72427],[120.25065,22.72722],[120.23431,22.76007],[120.22918,22.76078],[120.23341,22.76359],[120.21492,22.80449],[120.21149,22.80754],[120.20366,22.80622],[120.20245,22.81297],[120.20943,22.81697],[120.20271,22.83479],[120.20346,22.83967],[120.20135,22.84414],[120.19843,22.84614],[120.19693,22.85012],[120.19476,22.84902],[120.1918,22.85169],[120.19088,22.85401],[120.18973,22.8583],[120.19293,22.85918]]],[[[120.32504,22.52992],[120.31131,22.54612],[120.31362,22.54832],[120.32791,22.53237],[120.32504,22.52992]]],[[[120.32962,22.52627],[120.32621,22.52983],[120.32857,22.53163],[120.33198,22.52783],[120.32962,22.52627]]]]}},{"type":"Feature","properties":{"id":"TWN:ADM1:90331920B68512430020187","name":"Matsu Islands","countryCode":"TWN","adminLevel":1,"sourceCode":"90331920B68512430020187","parentId":"TWN:ADM1:90331920B68512430020187"},"geometry":{"type":"MultiPolygon","coordinates":[[[[119.94519,25.97528],[119.93814,25.97294],[119.93543,25.96761],[119.93532,25.9676],[119.92856,25.97667],[119.94199,25.9809],[119.94667,25.97872],[119.94519,25.97528]]],[[[119.91763,26.16513],[119.91756,26.16576],[119.91961,26.16934],[119.9236,26.16987],[119.92343,26.16523],[119.92433,26.16308],[119.92386,26.16207],[119.93134,26.16033],[119.93295,26.15982],[119.93545,26.15872],[119.93679,26.15329],[119.94348,26.1582],[119.94148,26.16052],[119.95317,26.16662],[119.95452,26.16446],[119.95604,26.16688],[119.96404,26.16694],[119.9642,26.1628],[119.9594,26.15564],[119.95487,26.1511],[119.94968,26.1533],[119.94473,26.14559],[119.93926,26.14303],[119.93799,26.14277],[119.9345,26.14539],[119.92891,26.14154],[119.93052,26.13961],[119.92628,26.13898],[119.92395,26.14039],[119.92348,26.14194],[119.92173,26.14174],[119.91668,26.1448],[119.91393,26.15248],[119.91774,26.15796],[119.91491,26.1588],[119.91562,26.16238],[119.91648,26.16388],[119.91763,26.16513]]],[[[119.97873,25.95952],[119.97925,25.95593],[119.97364,25.95312],[119.97129,25.95603],[119.97003,25.95464],[119.97584,25.96674],[119.98474,25.96498],[119.97873,25.95952]]],[[[119.98888,25.96873],[119.9854,25.96558],[119.98585,25.96813],[119.98863,25.9689],[119.98888,25.96873]]],[[[119.96901,26.20528],[119.96635,26.20681],[119.97109,26.21255],[119.96825,26.21869],[119.96876,26.22012],[119.97307,26.22248],[119.97826,26.22401],[119.98315,26.2251],[119.98676,26.22905],[119.99407,26.23306],[120.00359,26.2318],[120.00545,26.22929],[120.0041,26.2235],[120.00752,26.22651],[120.00864,26.225],[120.01189,26.22325],[120.01222,26.22284],[120.01005,26.21962],[120.01286,26.21782],[120.01163,26.21427],[120.0064,26.22238],[119.99915,26.21922],[119.99912,26.21924],[120.00054,26.22299],[119.99242,26.21628],[119.98992,26.21507],[119.98959,26.21519],[119.98929,26.21782],[119.98519,26.21864],[119.97515,26.21446],[119.97178,26.2075],[119.97186,26.19902],[119.97259,26.19813],[119.97168,26.19475],[119.97139,26.19503],[119.96789,26.19416],[119.96689,26.19473],[119.9661,26.19706],[119.96564,26.20465],[119.96566,26.2048],[119.96901,26.20528]]],[[[120.48341,26.37658],[120.48153,26.37114],[120.48579,26.36982],[120.49239,26.37056],[120.49368,26.37701],[120.49994,26.37801],[120.49941,26.37566],[120.49903,26.3758],[120.49635,26.37438],[120.49374,26.37124],[120.48959,26.36412],[120.48837,26.36587],[120.48575,26.36629],[120.48634,26.3666],[120.48126,26.37049],[120.47922,26.36894],[120.47751,26.3698],[120.47746,26.37089],[120.48105,26.37592],[120.4791,26.38068],[120.48116,26.38176],[120.48341,26.37658]]]]}},{"type":"Feature","properties":{"id":"TWN:ADM1:90331920B72000317509667","name":"Hsinchu County","countryCode":"TWN","adminLevel":1,"sourceCode":"90331920B72000317509667","parentId":"TWN:ADM1:90331920B72000317509667"},"geometry":{"type":"Polygon","coordinates":[[[120.98581,24.93967],[120.97926,24.93141],[120.9711,24.92789],[120.96616,24.90412],[120.95552,24.89109],[120.94486,24.86943],[120.92959,24.85321],[120.94009,24.85022],[120.94481,24.84106],[120.95499,24.83451],[120.97464,24.82998],[120.98305,24.83094],[120.98789,24.82544],[121.00035,24.82208],[121.00829,24.81621],[121.02577,24.79904],[121.02058,24.79883],[121.02315,24.79615],[121.02071,24.79383],[121.02454,24.78905],[121.02309,24.78505],[121.02751,24.78264],[121.02493,24.78002],[121.02971,24.77698],[121.02989,24.76648],[121.03354,24.76372],[121.02801,24.75821],[121.02083,24.75654],[121.00972,24.77377],[120.99308,24.78061],[120.99025,24.77688],[120.98582,24.77689],[120.98322,24.77325],[120.98838,24.76811],[120.98188,24.76738],[120.97931,24.76329],[120.96985,24.76516],[120.96736,24.75645],[120.95748,24.74966],[120.95747,24.74528],[120.94391,24.74397],[120.93983,24.73272],[120.94236,24.73037],[120.93798,24.72947],[120.93858,24.71664],[120.9354,24.71257],[120.942,24.70733],[120.94976,24.71122],[120.95325,24.70405],[120.9634,24.71148],[120.97498,24.71104],[120.97668,24.70643],[120.97217,24.70338],[120.97404,24.69694],[120.96638,24.69119],[120.96447,24.68358],[120.97555,24.68456],[120.977,24.67364],[120.98156,24.67198],[120.98698,24.66361],[120.99066,24.6648],[120.99055,24.66052],[120.99496,24.65939],[120.99718,24.65463],[121.01031,24.65621],[121.00821,24.64437],[121.01441,24.6408],[121.02532,24.64127],[121.02627,24.63558],[121.04314,24.62729],[121.05155,24.61518],[121.06247,24.62188],[121.0679,24.61494],[121.07513,24.61203],[121.07549,24.60424],[121.08147,24.60006],[121.08311,24.59004],[121.07526,24.58079],[121.07047,24.56318],[121.06275,24.55745],[121.05828,24.55944],[121.07386,24.54907],[121.0805,24.54092],[121.07809,24.52853],[121.06717,24.52283],[121.07186,24.49837],[121.08545,24.50134],[121.0982,24.49647],[121.11708,24.50847],[121.12325,24.51023],[121.13714,24.5066],[121.14494,24.51181],[121.15062,24.50603],[121.16943,24.50256],[121.18017,24.50801],[121.18667,24.5052],[121.19574,24.50704],[121.20316,24.51252],[121.20972,24.51143],[121.21561,24.51569],[121.21754,24.50969],[121.22365,24.50654],[121.21867,24.49832],[121.2344,24.48807],[121.23453,24.48379],[121.24344,24.47692],[121.24438,24.46996],[121.25816,24.46325],[121.25801,24.45758],[121.2626,24.45549],[121.25893,24.44065],[121.26003,24.42915],[121.2699,24.42737],[121.27164,24.42977],[121.30546,24.43256],[121.31373,24.43727],[121.32503,24.45864],[121.33606,24.46741],[121.33561,24.47196],[121.34274,24.48212],[121.35756,24.48644],[121.36404,24.49512],[121.37125,24.49831],[121.37342,24.50993],[121.38348,24.51013],[121.39055,24.52294],[121.40142,24.52883],[121.39674,24.53978],[121.39876,24.54819],[121.39474,24.55583],[121.40362,24.56877],[121.41233,24.57344],[121.40303,24.59171],[121.38723,24.58655],[121.37274,24.59377],[121.36329,24.60314],[121.35884,24.61736],[121.36306,24.62067],[121.36639,24.63181],[121.35781,24.63374],[121.35244,24.64337],[121.35333,24.66784],[121.345,24.66657],[121.34374,24.66945],[121.33916,24.66664],[121.33892,24.67906],[121.32378,24.69522],[121.31597,24.69818],[121.30411,24.69299],[121.29961,24.69524],[121.30759,24.72029],[121.29808,24.73331],[121.30772,24.75516],[121.30086,24.76358],[121.27723,24.77096],[121.27112,24.77486],[121.27081,24.77832],[121.25984,24.78208],[121.26049,24.79284],[121.24756,24.7969],[121.24742,24.80374],[121.24357,24.80862],[121.2216,24.79936],[121.21948,24.8119],[121.20468,24.80726],[121.2033,24.81732],[121.19882,24.81492],[121.18676,24.82339],[121.17365,24.82767],[121.17619,24.83212],[121.16002,24.8374],[121.1543,24.84417],[121.14993,24.84433],[121.16144,24.85957],[121.15567,24.88069],[121.13898,24.88244],[121.13563,24.878],[121.12202,24.88023],[121.10788,24.88601],[121.11104,24.89133],[121.10905,24.89769],[121.09117,24.89337],[121.08283,24.89912],[121.071,24.89952],[121.06919,24.90272],[121.05809,24.90536],[121.06093,24.92368],[121.05753,24.93046],[121.05834,24.93669],[121.03824,24.94636],[121.01943,24.94045],[121.00771,24.94633],[121.00345,24.94015],[120.99439,24.93908],[120.99268,24.93495],[120.98581,24.93967]]]}},{"type":"Feature","properties":{"id":"TWN:ADM1:90331920B80042697765976","name":"Nantou County","countryCode":"TWN","adminLevel":1,"sourceCode":"90331920B80042697765976","parentId":"TWN:ADM1:90331920B80042697765976"},"geometry":{"type":"Polygon","coordinates":[[[120.9576,23.46948],[120.96717,23.47169],[120.99911,23.4622],[121.00771,23.46268],[121.01581,23.45172],[121.01031,23.44547],[121.01514,23.4352],[121.0264,23.43896],[121.0349,23.44591],[121.05174,23.45084],[121.05909,23.46168],[121.03912,23.4742],[121.05349,23.48773],[121.05408,23.49565],[121.0623,23.49973],[121.06845,23.51842],[121.08805,23.51402],[121.0919,23.51454],[121.09738,23.52168],[121.10367,23.51891],[121.11763,23.52166],[121.13532,23.51498],[121.1447,23.52584],[121.15112,23.52704],[121.14692,23.53402],[121.15116,23.5447],[121.1462,23.55469],[121.15179,23.56047],[121.15706,23.5595],[121.16046,23.56647],[121.16041,23.56973],[121.15214,23.57312],[121.1534,23.58681],[121.16676,23.58713],[121.17817,23.58263],[121.17963,23.58991],[121.19358,23.60028],[121.206,23.59576],[121.21359,23.60062],[121.21736,23.61472],[121.22485,23.62714],[121.22403,23.63869],[121.23562,23.66171],[121.23602,23.67037],[121.23244,23.67742],[121.23938,23.68684],[121.24121,23.70874],[121.23776,23.72004],[121.23947,23.72411],[121.22964,23.73005],[121.22856,23.73507],[121.2288,23.74443],[121.23252,23.75057],[121.22156,23.75269],[121.20648,23.76263],[121.2087,23.76583],[121.20464,23.77235],[121.23046,23.78807],[121.22661,23.79237],[121.22604,23.80223],[121.22747,23.80844],[121.23449,23.81207],[121.23479,23.81798],[121.23913,23.82184],[121.23667,23.82517],[121.23937,23.84033],[121.24888,23.85214],[121.25308,23.86798],[121.25817,23.87253],[121.26527,23.87293],[121.26317,23.88069],[121.26849,23.88385],[121.26657,23.89839],[121.26114,23.90267],[121.27607,23.90969],[121.27645,23.92345],[121.27205,23.93829],[121.27432,23.94567],[121.27172,23.94844],[121.2779,23.96567],[121.27351,23.97526],[121.26454,23.97554],[121.25994,23.99045],[121.28569,24.03972],[121.28312,24.05401],[121.29563,24.06384],[121.29947,24.06184],[121.30816,24.0733],[121.32322,24.08521],[121.31891,24.09491],[121.32573,24.10265],[121.32842,24.11456],[121.31558,24.1166],[121.29537,24.13261],[121.28134,24.13565],[121.28466,24.1522],[121.28033,24.1578],[121.28831,24.15769],[121.28632,24.17757],[121.30664,24.1802],[121.31595,24.18539],[121.32517,24.19593],[121.34917,24.20033],[121.34904,24.21108],[121.34275,24.22365],[121.33515,24.22887],[121.31408,24.235],[121.30389,24.23367],[121.30116,24.2367],[121.29314,24.22917],[121.27999,24.22977],[121.27677,24.23554],[121.26891,24.23792],[121.26464,24.24588],[121.25464,24.24284],[121.24415,24.22249],[121.23795,24.2197],[121.23042,24.22352],[121.23076,24.22606],[121.21943,24.22921],[121.20842,24.22163],[121.19634,24.22301],[121.19126,24.21636],[121.18145,24.21204],[121.16761,24.22539],[121.16098,24.21518],[121.14785,24.21288],[121.14137,24.19964],[121.13635,24.19634],[121.10841,24.19801],[121.10169,24.19563],[121.08487,24.17593],[121.06459,24.16301],[121.0594,24.16278],[121.05266,24.15479],[121.04758,24.16003],[121.03805,24.15818],[121.03342,24.14857],[121.02775,24.15956],[121.01953,24.15872],[121.00816,24.14705],[120.99956,24.12776],[120.99202,24.12525],[120.98908,24.11877],[120.97587,24.11686],[120.97117,24.12025],[120.96121,24.12016],[120.95012,24.12786],[120.93254,24.11259],[120.91988,24.10744],[120.90956,24.10924],[120.90488,24.1145],[120.89152,24.11591],[120.89424,24.10686],[120.89128,24.0977],[120.88587,24.0954],[120.87802,24.08504],[120.87686,24.09119],[120.8815,24.10051],[120.87914,24.1093],[120.87244,24.11684],[120.8586,24.11621],[120.85386,24.12452],[120.84491,24.12454],[120.83626,24.11694],[120.83038,24.10282],[120.83249,24.09875],[120.82837,24.09394],[120.82929,24.0715],[120.8145,24.06991],[120.80798,24.06538],[120.79736,24.04109],[120.7917,24.03525],[120.7929,24.03244],[120.77519,24.01856],[120.77067,24.00914],[120.75796,24.00611],[120.74603,23.99856],[120.73172,24.00901],[120.71923,24.00965],[120.70638,24.00519],[120.67876,24.01423],[120.67008,24.00996],[120.67369,24.00809],[120.67258,24.00585],[120.64602,24.00916],[120.64034,24.00573],[120.63809,24.00741],[120.63682,23.99451],[120.65019,23.98398],[120.64631,23.97324],[120.64688,23.96349],[120.64265,23.95827],[120.6354,23.95225],[120.63112,23.9563],[120.62698,23.95644],[120.63384,23.95337],[120.62759,23.95177],[120.63465,23.94371],[120.63016,23.94296],[120.63764,23.93559],[120.63548,23.93745],[120.62782,23.93108],[120.6374,23.92409],[120.63645,23.91937],[120.63353,23.91958],[120.63471,23.91312],[120.6294,23.91082],[120.63421,23.90768],[120.63136,23.90343],[120.63506,23.8986],[120.63271,23.88976],[120.6273,23.88951],[120.62958,23.88463],[120.62395,23.86893],[120.6199,23.86837],[120.62223,23.86012],[120.62781,23.8574],[120.62344,23.8489],[120.61943,23.84962],[120.62359,23.84707],[120.61549,23.84048],[120.61717,23.83763],[120.62084,23.84166],[120.62224,23.83866],[120.62612,23.84192],[120.62905,23.83868],[120.62492,23.8366],[120.62997,23.83735],[120.6291,23.8344],[120.63364,23.83409],[120.62424,23.83175],[120.62359,23.82949],[120.63705,23.83279],[120.63435,23.83111],[120.64,23.82511],[120.63702,23.82586],[120.63386,23.82584],[120.63919,23.82457],[120.63776,23.82178],[120.65091,23.81251],[120.67635,23.81929],[120.67898,23.80595],[120.68341,23.80542],[120.68395,23.80157],[120.67492,23.79973],[120.66377,23.79214],[120.64037,23.78605],[120.65553,23.75543],[120.65582,23.73504],[120.64452,23.73664],[120.63998,23.72991],[120.64169,23.72242],[120.63897,23.71058],[120.64566,23.7031],[120.64341,23.69973],[120.64826,23.68282],[120.6469,23.67269],[120.63503,23.65187],[120.63515,23.64276],[120.6291,23.63519],[120.63084,23.62205],[120.63538,23.61988],[120.64537,23.63121],[120.65291,23.62959],[120.65144,23.61611],[120.66913,23.60935],[120.68369,23.61094],[120.68602,23.61806],[120.69111,23.62016],[120.70215,23.61725],[120.7104,23.61921],[120.7141,23.62108],[120.71308,23.62791],[120.71855,23.62994],[120.72284,23.62284],[120.73057,23.61845],[120.7309,23.61077],[120.74748,23.61117],[120.75345,23.61487],[120.76377,23.61247],[120.77802,23.60216],[120.791,23.60095],[120.79499,23.59718],[120.8176,23.59958],[120.81987,23.59037],[120.82551,23.58641],[120.81983,23.57755],[120.82065,23.56244],[120.80883,23.54587],[120.80861,23.53602],[120.82035,23.52149],[120.82289,23.49851],[120.83277,23.47459],[120.83918,23.47113],[120.86342,23.47356],[120.88045,23.4676],[120.88644,23.47548],[120.90195,23.47609],[120.91749,23.47567],[120.93083,23.47064],[120.93734,23.47312],[120.94763,23.46707],[120.9576,23.46948]]]}},{"type":"Feature","properties":{"id":"TWN:ADM1:90331920B80296133377427","name":"Penghu","countryCode":"TWN","adminLevel":1,"sourceCode":"90331920B80296133377427","parentId":"TWN:ADM1:90331920B80296133377427"},"geometry":{"type":"MultiPolygon","coordinates":[[[[119.42102,23.20297],[119.41085,23.2157],[119.43611,23.21894],[119.4367,23.21239],[119.43564,23.20669],[119.43108,23.20279],[119.42498,23.19493],[119.42172,23.1934],[119.42181,23.19614],[119.41628,23.1939],[119.41608,23.19412],[119.42102,23.20297]]],[[[119.4181,23.19345],[119.4202,23.19433],[119.42158,23.19334],[119.41982,23.19251],[119.4181,23.19345]]],[[[119.66661,23.26115],[119.66844,23.26122],[119.66782,23.25967],[119.66928,23.25886],[119.66762,23.25677],[119.66661,23.26115]]],[[[119.51857,23.36436],[119.51887,23.36708],[119.52738,23.36826],[119.52749,23.37235],[119.53083,23.37308],[119.53272,23.37202],[119.53191,23.36762],[119.52858,23.36689],[119.52556,23.36701],[119.51927,23.36369],[119.51857,23.36436]]],[[[119.48744,23.35693],[119.49495,23.36577],[119.49172,23.37936],[119.4952,23.38757],[119.4901,23.3962],[119.4928,23.39662],[119.49529,23.39354],[119.49551,23.39349],[119.49693,23.39044],[119.49999,23.38969],[119.50034,23.38268],[119.50221,23.37727],[119.50522,23.37527],[119.50782,23.37291],[119.5053,23.3675],[119.50099,23.36343],[119.50131,23.36022],[119.5031,23.35668],[119.49757,23.35468],[119.48856,23.35547],[119.48744,23.35693]]],[[[119.51622,23.36783],[119.51429,23.36708],[119.51619,23.3695],[119.51622,23.36783]]],[[[119.31463,23.40349],[119.31822,23.40948],[119.32073,23.40864],[119.31967,23.40681],[119.32089,23.40302],[119.31861,23.39981],[119.31547,23.39906],[119.31463,23.40349]]],[[[119.50881,23.48566],[119.5102,23.49128],[119.51379,23.48769],[119.50905,23.48545],[119.50881,23.48566]]],[[[119.52077,23.49221],[119.5335,23.49669],[119.52483,23.49132],[119.52337,23.49091],[119.52215,23.4899],[119.51954,23.48969],[119.51785,23.48912],[119.52077,23.49221]]],[[[119.50199,23.63079],[119.50944,23.6439],[119.51735,23.6376],[119.50782,23.63239],[119.50368,23.6245],[119.50199,23.63079]]],[[[119.49936,23.62009],[119.50276,23.62273],[119.50123,23.61982],[119.5009,23.61889],[119.49936,23.62009]]],[[[119.49227,23.59494],[119.49247,23.59526],[119.49234,23.5949],[119.49227,23.59494]]],[[[119.4823,23.57523],[119.49051,23.57085],[119.48023,23.56932],[119.47536,23.56915],[119.4823,23.57523]]],[[[119.54361,23.53708],[119.54343,23.53734],[119.54406,23.53721],[119.54361,23.53708]]],[[[119.57008,23.52419],[119.56334,23.52623],[119.55672,23.52351],[119.55311,23.53229],[119.5485,23.53296],[119.54911,23.53623],[119.55568,23.53495],[119.55442,23.53133],[119.55676,23.52727],[119.56136,23.52682],[119.5608,23.5307],[119.56456,23.52986],[119.56562,23.53448],[119.57445,23.52776],[119.57116,23.52553],[119.57384,23.51993],[119.57876,23.52287],[119.58019,23.53203],[119.58555,23.52957],[119.58912,23.53171],[119.59603,23.52662],[119.59931,23.53036],[119.59569,23.5323],[119.59507,23.53804],[119.60338,23.54115],[119.60041,23.54289],[119.60239,23.54687],[119.59946,23.55034],[119.59437,23.54805],[119.59445,23.54934],[119.59539,23.55016],[119.59114,23.55276],[119.59103,23.54968],[119.59097,23.55211],[119.58742,23.5518],[119.58324,23.55016],[119.57789,23.55199],[119.57409,23.5541],[119.57583,23.5546],[119.57214,23.55903],[119.57242,23.55941],[119.57377,23.55917],[119.57628,23.5569],[119.57746,23.55859],[119.57242,23.56304],[119.57687,23.56046],[119.57636,23.56329],[119.5798,23.5633],[119.57442,23.56791],[119.56826,23.56202],[119.56899,23.56438],[119.56386,23.56276],[119.56069,23.56727],[119.56277,23.56926],[119.55986,23.57023],[119.56073,23.57112],[119.56633,23.5735],[119.5673,23.575],[119.5616,23.58489],[119.57458,23.58485],[119.58418,23.59409],[119.58609,23.5859],[119.58271,23.58316],[119.58555,23.58002],[119.58539,23.57965],[119.58303,23.58042],[119.58281,23.57984],[119.58587,23.57804],[119.58918,23.57953],[119.58585,23.57333],[119.59415,23.57467],[119.59398,23.57051],[119.59732,23.56899],[119.59745,23.57415],[119.60185,23.577],[119.59792,23.5782],[119.59844,23.58261],[119.60643,23.58544],[119.60718,23.59065],[119.62159,23.59467],[119.62713,23.59411],[119.62474,23.59211],[119.62614,23.58282],[119.62009,23.57077],[119.63104,23.58289],[119.63258,23.59357],[119.63331,23.59349],[119.63901,23.59387],[119.63754,23.59075],[119.64131,23.58602],[119.64337,23.58792],[119.64299,23.59575],[119.64643,23.59681],[119.64842,23.60269],[119.66578,23.57331],[119.67066,23.55923],[119.67009,23.55649],[119.6696,23.55633],[119.66662,23.56146],[119.65369,23.5602],[119.65138,23.56159],[119.64064,23.56354],[119.62566,23.55581],[119.615,23.55463],[119.60971,23.55195],[119.60678,23.54682],[119.60271,23.53262],[119.60011,23.52839],[119.58237,23.51895],[119.57352,23.51781],[119.57008,23.52419]]],[[[119.60269,23.60104],[119.60774,23.60439],[119.61113,23.60377],[119.60841,23.59487],[119.60748,23.59291],[119.60269,23.60104]]],[[[119.54918,23.66209],[119.55373,23.66939],[119.5593,23.67002],[119.56027,23.67486],[119.56086,23.67066],[119.57029,23.67023],[119.57091,23.67178],[119.56818,23.67246],[119.5748,23.67508],[119.57887,23.67308],[119.59108,23.66352],[119.5962,23.65327],[119.5877,23.64569],[119.57976,23.65634],[119.58074,23.6615],[119.56785,23.6603],[119.56317,23.65031],[119.55204,23.65932],[119.55169,23.65907],[119.54931,23.66124],[119.54918,23.66209]]],[[[119.5952,23.7387],[119.60726,23.75269],[119.6128,23.74982],[119.61126,23.74356],[119.60271,23.73912],[119.59964,23.73566],[119.5952,23.7387]]]]}},{"type":"Feature","properties":{"id":"TWN:ADM1:90331920B81947240122251","name":"Yilan County","countryCode":"TWN","adminLevel":1,"sourceCode":"90331920B81947240122251","parentId":"TWN:ADM1:90331920B81947240122251"},"geometry":{"type":"MultiPolygon","coordinates":[[[[121.75959,24.31407],[121.74452,24.32292],[121.71354,24.32688],[121.69521,24.33487],[121.68858,24.33362],[121.68539,24.34077],[121.67513,24.33766],[121.67395,24.34339],[121.66893,24.34324],[121.66286,24.35311],[121.65356,24.35214],[121.65028,24.35991],[121.64781,24.35783],[121.65071,24.35102],[121.64856,24.34963],[121.63477,24.36652],[121.63084,24.36611],[121.63112,24.37053],[121.62179,24.36669],[121.62037,24.36326],[121.62359,24.36225],[121.62112,24.35836],[121.62676,24.35433],[121.62685,24.34952],[121.63543,24.34759],[121.63129,24.34399],[121.63271,24.3347],[121.62861,24.33373],[121.62741,24.34111],[121.62273,24.33948],[121.6188,24.34545],[121.61749,24.33362],[121.60782,24.33545],[121.60466,24.32909],[121.59906,24.33364],[121.59567,24.33161],[121.60528,24.31716],[121.60573,24.30946],[121.59704,24.31633],[121.58941,24.31382],[121.57636,24.31959],[121.56649,24.3192],[121.55977,24.32292],[121.556,24.33122],[121.5452,24.33772],[121.53312,24.33708],[121.52179,24.34304],[121.49433,24.34077],[121.4857,24.34858],[121.46542,24.35532],[121.45096,24.36547],[121.44701,24.37551],[121.44173,24.37373],[121.43686,24.38349],[121.40697,24.37806],[121.39983,24.38012],[121.38901,24.37557],[121.38685,24.37019],[121.3812,24.36753],[121.37305,24.36847],[121.36856,24.37272],[121.36635,24.37931],[121.36906,24.38289],[121.36401,24.3895],[121.35359,24.39362],[121.34247,24.39321],[121.33826,24.38993],[121.33131,24.39832],[121.32569,24.40006],[121.32741,24.4334],[121.31766,24.44149],[121.32438,24.45766],[121.33606,24.46741],[121.33561,24.47196],[121.34274,24.48212],[121.35756,24.48644],[121.36404,24.49512],[121.37125,24.49831],[121.37342,24.50993],[121.38348,24.51013],[121.39055,24.52294],[121.40153,24.529],[121.39684,24.5393],[121.39876,24.54819],[121.39474,24.55583],[121.40362,24.56877],[121.41233,24.57344],[121.40314,24.59203],[121.41271,24.60363],[121.41854,24.6011],[121.42761,24.60576],[121.43591,24.62709],[121.44499,24.63727],[121.44508,24.64325],[121.45134,24.65095],[121.44756,24.65624],[121.44936,24.66192],[121.45916,24.67281],[121.48747,24.6752],[121.49278,24.67318],[121.51181,24.68435],[121.52409,24.68334],[121.52786,24.68894],[121.53679,24.68842],[121.53786,24.69988],[121.54325,24.70567],[121.55068,24.70574],[121.5565,24.71125],[121.57036,24.71395],[121.57469,24.71007],[121.57821,24.72229],[121.58701,24.72007],[121.59757,24.72772],[121.59366,24.72972],[121.59522,24.73992],[121.59165,24.74468],[121.59608,24.74832],[121.58897,24.75512],[121.59758,24.7722],[121.59219,24.7878],[121.6058,24.78918],[121.60958,24.79374],[121.62107,24.79245],[121.62569,24.79519],[121.62593,24.80883],[121.64512,24.80929],[121.64737,24.81395],[121.66072,24.81082],[121.66899,24.81804],[121.67415,24.81409],[121.68064,24.81752],[121.68838,24.81619],[121.69013,24.82155],[121.68766,24.82495],[121.69589,24.82959],[121.69632,24.8348],[121.70207,24.83449],[121.71419,24.84172],[121.73021,24.8552],[121.74541,24.85279],[121.761,24.85672],[121.76845,24.86589],[121.77555,24.86515],[121.77723,24.87086],[121.78519,24.87416],[121.78167,24.88948],[121.79303,24.89626],[121.79197,24.89988],[121.80474,24.90124],[121.8116,24.90652],[121.81833,24.90273],[121.83174,24.9049],[121.85364,24.92517],[121.83905,24.94461],[121.84136,24.95418],[121.8469,24.9603],[121.8613,24.96369],[121.87163,24.96072],[121.88851,24.96318],[121.89714,24.96703],[121.90283,24.97441],[121.9103,24.97477],[121.91484,24.97936],[121.93351,24.98089],[121.94458,24.98817],[121.96304,24.98759],[121.96526,24.98389],[121.96337,24.98304],[121.95638,24.98274],[121.94133,24.97353],[121.92647,24.96951],[121.92167,24.96261],[121.90577,24.9501],[121.89713,24.94054],[121.89482,24.94073],[121.88831,24.93622],[121.88699,24.92933],[121.85249,24.89118],[121.85123,24.89067],[121.85028,24.88873],[121.83473,24.87153],[121.8235,24.85493],[121.81463,24.83173],[121.80885,24.80516],[121.80681,24.77875],[121.80779,24.75312],[121.82032,24.69965],[121.81959,24.68598],[121.81422,24.67231],[121.81495,24.64436],[121.82797,24.62279],[121.85271,24.60887],[121.88185,24.60399],[121.88185,24.59919],[121.88172,24.59918],[121.88127,24.59786],[121.86948,24.59894],[121.85776,24.59785],[121.84791,24.59492],[121.84083,24.59032],[121.85084,24.57298],[121.85597,24.55052],[121.85279,24.53099],[121.83009,24.51923],[121.82838,24.51073],[121.83131,24.50039],[121.83774,24.49103],[121.84002,24.48135],[121.83041,24.47313],[121.80681,24.46064],[121.78004,24.43268],[121.77914,24.42178],[121.78077,24.39761],[121.77638,24.38833],[121.7715,24.38056],[121.7684,24.36937],[121.76645,24.34736],[121.76433,24.3417],[121.76051,24.3371],[121.75856,24.33234],[121.76254,24.32661],[121.76336,24.32579],[121.76588,24.32319],[121.7693,24.31806],[121.77129,24.31425],[121.75959,24.31407]]],[[[121.9427,24.83759],[121.93537,24.84574],[121.94343,24.84318],[121.94832,24.85035],[121.95142,24.85004],[121.95395,24.84638],[121.95639,24.84422],[121.95398,24.83721],[121.9427,24.83759]]]]}},{"type":"Feature","properties":{"id":"TWN:ADM1:90331920B8812801353421","name":"Taoyuan","countryCode":"TWN","adminLevel":1,"sourceCode":"90331920B8812801353421","parentId":"TWN:ADM1:90331920B8812801353421"},"geometry":{"type":"Polygon","coordinates":[[[121.28373,25.11738],[121.28281,25.10946],[121.29022,25.10688],[121.29165,25.10263],[121.29897,25.10422],[121.30252,25.0969],[121.32495,25.09255],[121.33882,25.08361],[121.34921,25.08245],[121.3426,25.08002],[121.34799,25.07882],[121.34419,25.07761],[121.34619,25.07553],[121.3402,25.07654],[121.34061,25.0737],[121.34826,25.0739],[121.34988,25.07668],[121.34983,25.07354],[121.35344,25.07331],[121.34641,25.07034],[121.35378,25.06856],[121.35487,25.06514],[121.37678,25.0661],[121.38819,25.06308],[121.39091,25.06092],[121.38761,25.05971],[121.3886,25.05686],[121.38558,25.05814],[121.38742,25.05487],[121.38445,25.0525],[121.39276,25.05504],[121.39101,25.05356],[121.40065,25.05139],[121.3985,25.04847],[121.39389,25.04908],[121.40297,25.04569],[121.39819,25.04403],[121.40068,25.04323],[121.39063,25.04186],[121.40118,25.0376],[121.39824,25.03008],[121.41222,25.01928],[121.39254,25.01565],[121.39121,25.01198],[121.39939,25.00709],[121.40315,24.99915],[121.39401,24.99339],[121.38407,24.99564],[121.38527,24.98577],[121.36921,24.97683],[121.36406,24.9796],[121.35395,24.97784],[121.3521,24.98079],[121.3472,24.97879],[121.34268,24.98231],[121.32736,24.97843],[121.32859,24.97627],[121.32346,24.97191],[121.3283,24.97179],[121.32796,24.9491],[121.33154,24.94551],[121.31575,24.93849],[121.32315,24.93127],[121.32202,24.92802],[121.33984,24.92852],[121.32472,24.92345],[121.31754,24.91636],[121.32621,24.90916],[121.32034,24.90022],[121.32658,24.89597],[121.33329,24.89939],[121.33368,24.89152],[121.34218,24.89255],[121.34109,24.88808],[121.34458,24.88603],[121.34559,24.88004],[121.3544,24.87346],[121.34507,24.86694],[121.35801,24.8532],[121.3546,24.85322],[121.3526,24.84905],[121.34863,24.84834],[121.34783,24.85094],[121.33714,24.84835],[121.3361,24.84377],[121.34675,24.84591],[121.35484,24.84398],[121.35768,24.83951],[121.37368,24.83327],[121.3937,24.84402],[121.40694,24.84177],[121.4156,24.83557],[121.41386,24.83178],[121.41701,24.82538],[121.42365,24.82539],[121.42973,24.81507],[121.43654,24.812],[121.43807,24.79556],[121.44577,24.7901],[121.45046,24.79059],[121.44604,24.78188],[121.42645,24.76807],[121.42327,24.7619],[121.42844,24.75343],[121.43419,24.73008],[121.44099,24.726],[121.45022,24.70568],[121.47418,24.69605],[121.47392,24.6852],[121.47985,24.67378],[121.4574,24.67098],[121.44798,24.65893],[121.45134,24.65095],[121.44508,24.64325],[121.44499,24.63727],[121.43591,24.62709],[121.42761,24.60576],[121.41854,24.6011],[121.41271,24.60363],[121.40303,24.59171],[121.38723,24.58655],[121.36677,24.59917],[121.35879,24.61671],[121.36306,24.62067],[121.36639,24.63181],[121.35781,24.63374],[121.35244,24.64337],[121.35333,24.66784],[121.345,24.66657],[121.34374,24.66945],[121.33916,24.66664],[121.33892,24.67906],[121.32378,24.69522],[121.31597,24.69818],[121.30411,24.69299],[121.29961,24.69524],[121.30759,24.72029],[121.29808,24.73331],[121.30772,24.75516],[121.30086,24.76358],[121.27723,24.77096],[121.27112,24.77486],[121.27081,24.77832],[121.25984,24.78208],[121.26049,24.79284],[121.24756,24.7969],[121.24742,24.80374],[121.24357,24.80862],[121.2216,24.79936],[121.21948,24.8119],[121.20468,24.80726],[121.2033,24.81732],[121.19882,24.81492],[121.18676,24.82339],[121.17365,24.82767],[121.17619,24.83212],[121.16002,24.8374],[121.1543,24.84417],[121.14993,24.84433],[121.16144,24.85957],[121.15567,24.88069],[121.13898,24.88244],[121.13563,24.878],[121.12202,24.88023],[121.10788,24.88601],[121.11104,24.89133],[121.10905,24.89769],[121.09117,24.89337],[121.08283,24.89912],[121.071,24.89952],[121.06919,24.90272],[121.05809,24.90536],[121.06093,24.92368],[121.05753,24.93046],[121.05834,24.93669],[121.04854,24.93949],[121.04621,24.94356],[121.04062,24.94323],[121.03798,24.94637],[121.01943,24.94045],[121.00771,24.94633],[121.00311,24.93993],[120.99439,24.93908],[120.99308,24.93505],[120.98581,24.93967],[120.99094,24.94871],[120.99906,24.95387],[121.01428,24.97229],[121.01635,24.98722],[121.009,24.99018],[121.01636,24.99081],[121.03813,25.02708],[121.04724,25.03534],[121.05566,25.04173],[121.07361,25.04631],[121.09522,25.06093],[121.12941,25.07111],[121.13727,25.07557],[121.17234,25.08532],[121.21193,25.10855],[121.23888,25.11545],[121.23906,25.11576],[121.26821,25.12053],[121.28373,25.11738]]]}},{"type":"Feature","properties":{"id":"TWN:ADM1:90331920B90000183725132","name":"Chiayi","countryCode":"TWN","adminLevel":1,"sourceCode":"90331920B90000183725132","parentId":"TWN:ADM1:90331920B90000183725132"},"geometry":{"type":"Polygon","coordinates":[[[120.38919,23.49507],[120.38976,23.49134],[120.39472,23.49074],[120.39365,23.48262],[120.39911,23.4787],[120.39927,23.47103],[120.39413,23.46253],[120.41133,23.46477],[120.41517,23.46026],[120.4293,23.46102],[120.43019,23.45222],[120.43811,23.44639],[120.43589,23.44364],[120.43953,23.43958],[120.45244,23.44451],[120.4547,23.45035],[120.46529,23.45577],[120.46868,23.4616],[120.47679,23.46198],[120.48939,23.45235],[120.49523,23.45287],[120.50065,23.46099],[120.49975,23.46544],[120.50937,23.47281],[120.50179,23.48093],[120.50373,23.48501],[120.50122,23.48994],[120.48935,23.49135],[120.48405,23.49549],[120.48316,23.50537],[120.47355,23.50685],[120.46952,23.49958],[120.46444,23.49906],[120.45622,23.51167],[120.4571,23.51549],[120.44679,23.51832],[120.44051,23.51819],[120.44063,23.51183],[120.43352,23.51708],[120.43316,23.50887],[120.41667,23.50532],[120.41188,23.49899],[120.40836,23.49857],[120.40881,23.50657],[120.40037,23.49879],[120.39013,23.49946],[120.38919,23.49507]]]}}],"admin1":{"type":"FeatureCollection","features":[{"type":"Feature","properties":{"id":"TWN:ADM1:90331920B10925530381331","name":"Taitung County","countryCode":"TWN"},"geometry":{"type":"MultiPolygon","coordinates":[[[[121.55778,22.02304],[121.5488,22.02623],[121.53604,22.02505],[121.51584,22.04688],[121.50895,22.04599],[121.51104,22.05156],[121.50705,22.05793],[121.51105,22.06589],[121.50825,22.07293],[121.49946,22.0807],[121.50121,22.08218],[121.51061,22.08218],[121.51262,22.08082],[121.52354,22.08218],[121.52688,22.08218],[121.53059,22.07863],[121.53242,22.08117],[121.54036,22.08218],[121.5581,22.08218],[121.55984,22.08026],[121.56222,22.08218],[121.56658,22.08218],[121.56658,22.07599],[121.56463,22.07217],[121.56137,22.06367],[121.56007,22.05353],[121.56349,22.04462],[121.56674,22.04232],[121.56774,22.03978],[121.57827,22.03418],[121.58106,22.03221],[121.58888,22.02351],[121.58766,22.01386],[121.56982,22.00862],[121.56981,22.00875],[121.55778,22.02304]]],[[[121.47452,22.6591],[121.46326,22.67352],[121.46446,22.6764],[121.47313,22.67699],[121.47978,22.67563],[121.48627,22.67789],[121.49235,22.6783],[121.49358,22.67527],[121.49948,22.67654],[121.50001,22.67626],[121.50278,22.6695],[121.49977,22.65567],[121.49635,22.65005],[121.49496,22.64419],[121.49635,22.63849],[121.4961,22.63467],[121.49438,22.6351],[121.48782,22.64301],[121.47307,22.64648],[121.47452,22.6591]]],[[[121.02282,22.65006],[121.02101,22.64789],[121.00115,22.60077],[120.99122,22.58308],[120.96062,22.5478],[120.94825,22.5268],[120.94109,22.48363],[120.92286,22.42475],[120.88657,22.36595],[120.88136,22.34593],[120.87501,22.28925],[120.87599,22.2377],[120.87607,22.23306],[120.86626,22.22981],[120.86211,22.23066],[120.86433,22.23422],[120.85867,22.2408],[120.83461,22.24531],[120.82591,22.25659],[120.81539,22.26318],[120.79787,22.25785],[120.79793,22.27627],[120.80669,22.27721],[120.80559,22.28405],[120.79315,22.28587],[120.78986,22.29338],[120.77846,22.297],[120.77688,22.30281],[120.77813,22.30856],[120.78728,22.30924],[120.79673,22.31745],[120.79261,22.33554],[120.78486,22.34569],[120.77528,22.34934],[120.76736,22.34764],[120.76302,22.35914],[120.75277,22.36034],[120.74346,22.36734],[120.74879,22.3731],[120.75052,22.38403],[120.75654,22.38836],[120.7522,22.39249],[120.75766,22.39821],[120.7535,22.405],[120.76549,22.40907],[120.77134,22.40684],[120.77995,22.40925],[120.78958,22.41775],[120.77508,22.44344],[120.77617,22.45019],[120.75104,22.45904],[120.75461,22.47131],[120.75083,22.47923],[120.75765,22.48198],[120.76432,22.49522],[120.75365,22.51099],[120.74991,22.53437],[120.73911,22.55324],[120.74158,22.56873],[120.74879,22.5721],[120.74584,22.58957],[120.75464,22.60078],[120.75446,22.61598],[120.76126,22.62986],[120.78584,22.66143],[120.78623,22.67202],[120.79159,22.67928],[120.78674,22.69295],[120.80907,22.68823],[120.81162,22.69205],[120.81907,22.69083],[120.82031,22.6957],[120.83683,22.69706],[120.84859,22.71696],[120.85486,22.71753],[120.85842,22.7136],[120.86149,22.71668],[120.88326,22.71688],[120.89505,22.73867],[120.89478,22.7625],[120.89194,22.76377],[120.90017,22.76912],[120.90384,22.77566],[120.90335,22.79978],[120.89116,22.81161],[120.87157,22.81494],[120.86163,22.82636],[120.86952,22.85779],[120.8592,22.86324],[120.86557,22.86981],[120.85971,22.87836],[120.84044,22.882],[120.83338,22.90003],[120.8289,22.90357],[120.83328,22.91229],[120.82182,22.9352],[120.82473,22.95257],[120.82082,22.96189],[120.8302,22.97002],[120.82903,22.97416],[120.83244,22.98034],[120.84116,22.98402],[120.84199,22.99104],[120.84897,22.99461],[120.85209,22.99992],[120.85106,23.0051],[120.85822,23.00504],[120.86061,23.00796],[120.86188,23.03107],[120.87985,23.03518],[120.87976,23.0477],[120.86916,23.05969],[120.88556,23.08891],[120.8894,23.11006],[120.88497,23.11928],[120.88807,23.12245],[120.88568,23.14445],[120.87639,23.15134],[120.89498,23.16069],[120.89854,23.17646],[120.9111,23.18228],[120.91153,23.19013],[120.90589,23.19939],[120.9068,23.20549],[120.9116,23.20919],[120.91156,23.22786],[120.9155,23.2375],[120.92621,23.24445],[120.93133,23.24248],[120.93774,23.2448],[120.9413,23.25197],[120.94662,23.25306],[120.97213,23.28193],[120.98662,23.28031],[121.00998,23.29252],[121.02387,23.29373],[121.0389,23.30063],[121.05947,23.28616],[121.06243,23.2659],[121.07908,23.23274],[121.09291,23.23376],[121.10859,23.22347],[121.12926,23.22332],[121.13936,23.20192],[121.14675,23.19915],[121.15455,23.19909],[121.16098,23.20601],[121.17577,23.21013],[121.18939,23.20378],[121.19819,23.18845],[121.1992,23.17518],[121.21253,23.15482],[121.21195,23.14422],[121.23087,23.13928],[121.23852,23.12872],[121.24526,23.12841],[121.24923,23.13153],[121.25768,23.12606],[121.2673,23.11398],[121.26432,23.10392],[121.27237,23.09786],[121.29151,23.10937],[121.31581,23.10972],[121.32198,23.11719],[121.32035,23.13775],[121.32718,23.15221],[121.3221,23.15521],[121.31734,23.16481],[121.31855,23.16814],[121.32189,23.16946],[121.32329,23.17872],[121.32969,23.18037],[121.33498,23.17797],[121.34692,23.20926],[121.34645,23.21702],[121.35717,23.22373],[121.35261,23.23132],[121.36087,23.24421],[121.35937,23.2526],[121.37077,23.26243],[121.37237,23.26783],[121.37789,23.2696],[121.37784,23.30089],[121.38788,23.31068],[121.39021,23.32058],[121.3999,23.3232],[121.4021,23.33395],[121.40975,23.34587],[121.42221,23.35524],[121.42269,23.36006],[121.40428,23.36733],[121.40031,23.38709],[121.41038,23.39873],[121.42024,23.42062],[121.43326,23.43279],[121.44013,23.4332],[121.4468,23.4437],[121.46153,23.44155],[121.46329,23.43875],[121.47329,23.44057],[121.47925,23.43386],[121.46217,23.343],[121.45362,23.32599],[121.42677,23.29312],[121.41676,23.27607],[121.40887,23.25458],[121.40333,23.21475],[121.40338,23.21105],[121.39624,23.2048],[121.39734,23.1871],[121.40165,23.17889],[121.40382,23.17931],[121.40382,23.17927],[121.40353,23.17665],[121.40185,23.17344],[121.40299,23.17183],[121.40065,23.15071],[121.39933,23.14915],[121.39899,23.14344],[121.3816,23.11066],[121.37371,23.10322],[121.35548,23.09101],[121.34742,23.08332],[121.34343,23.07539],[121.33709,23.05508],[121.31886,23.02554],[121.30763,22.9798],[121.30022,22.96082],[121.2921,22.9516],[121.2933,22.95475],[121.29487,22.95582],[121.28305,22.94854],[121.27856,22.93127],[121.27699,22.92919],[121.27511,22.92837],[121.27345,22.92448],[121.26051,22.90729],[121.25563,22.89777],[121.21526,22.86624],[121.20849,22.86495],[121.18991,22.8486],[121.18594,22.83241],[121.18902,22.82914],[121.19093,22.81196],[121.19028,22.80215],[121.18556,22.79096],[121.18309,22.78722],[121.18193,22.78616],[121.18175,22.78519],[121.17742,22.77863],[121.15935,22.75747],[121.14145,22.74177],[121.08025,22.70409],[121.05438,22.67791],[121.03656,22.66894],[121.02337,22.65166],[121.02282,22.65006]]]]}},{"type":"Feature","properties":{"id":"TWN:ADM1:90331920B1111134318549","name":"Keelung","countryCode":"TWN"},"geometry":{"type":"Polygon","coordinates":[[[121.80537,25.13036],[121.80304,25.12209],[121.79415,25.12554],[121.79877,25.11954],[121.79764,25.11414],[121.7902,25.11262],[121.7858,25.11841],[121.77358,25.1203],[121.76706,25.11278],[121.74985,25.10979],[121.7526,25.10697],[121.75607,25.10839],[121.75676,25.10206],[121.75997,25.1008],[121.76125,25.07912],[121.76997,25.07804],[121.77584,25.0705],[121.76463,25.05776],[121.75704,25.05948],[121.74581,25.0532],[121.73018,25.05297],[121.71255,25.06777],[121.70039,25.06726],[121.68985,25.07103],[121.6791,25.07899],[121.68113,25.08804],[121.67387,25.08301],[121.65575,25.09353],[121.64923,25.10174],[121.65217,25.10518],[121.64636,25.11372],[121.64338,25.12733],[121.62816,25.13545],[121.62905,25.14204],[121.64009,25.14591],[121.64985,25.14496],[121.65837,25.15239],[121.67771,25.15581],[121.69231,25.16625],[121.6939,25.16652],[121.69459,25.16608],[121.69752,25.16258],[121.70387,25.15689],[121.71852,25.152],[121.75259,25.14451],[121.74463,25.13963],[121.73989,25.14429],[121.7436,25.13823],[121.74207,25.13043],[121.74624,25.13673],[121.75932,25.14303],[121.80447,25.1331],[121.80537,25.13036]]]}},{"type":"Feature","properties":{"id":"TWN:ADM1:90331920B14152728161970","name":"Taichung","countryCode":"TWN"},"geometry":{"type":"Polygon","coordinates":[[[120.52852,24.31382],[120.54628,24.30626],[120.55019,24.31613],[120.53877,24.32264],[120.55298,24.3245],[120.55025,24.32965],[120.55427,24.33008],[120.55296,24.33077],[120.55107,24.3309],[120.5536,24.33103],[120.55178,24.33435],[120.55564,24.33463],[120.55285,24.33596],[120.583,24.36866],[120.5798,24.37221],[120.58961,24.3937],[120.58982,24.40149],[120.6186,24.43241],[120.6219,24.43973],[120.62862,24.43799],[120.63962,24.42778],[120.64604,24.4122],[120.66372,24.4022],[120.66999,24.39207],[120.67868,24.38701],[120.67733,24.38405],[120.68996,24.37428],[120.69312,24.36688],[120.70745,24.36167],[120.70728,24.35781],[120.73039,24.35182],[120.76301,24.326],[120.78382,24.31834],[120.80652,24.31568],[120.83315,24.29066],[120.84946,24.28852],[120.87611,24.295],[120.9025,24.29219],[120.9119,24.29408],[120.9225,24.30395],[120.9166,24.33512],[120.93563,24.34291],[120.94246,24.33914],[120.95679,24.33931],[120.96649,24.33345],[120.98198,24.3359],[120.99209,24.32961],[121.00357,24.33253],[121.01449,24.3201],[121.01801,24.31129],[121.02936,24.3047],[121.03412,24.29781],[121.04929,24.29605],[121.05535,24.31041],[121.07022,24.31577],[121.07384,24.3192],[121.07307,24.32283],[121.08146,24.32414],[121.08661,24.31759],[121.09193,24.31862],[121.10847,24.33096],[121.11487,24.32864],[121.12156,24.33068],[121.12412,24.34055],[121.12843,24.34216],[121.14085,24.35959],[121.14841,24.35787],[121.16836,24.36092],[121.17418,24.36892],[121.17343,24.37334],[121.1833,24.381],[121.19023,24.38162],[121.19718,24.39658],[121.21029,24.39613],[121.21587,24.37946],[121.23186,24.38385],[121.23465,24.39733],[121.24357,24.40572],[121.2434,24.41915],[121.24999,24.4249],[121.2578,24.42518],[121.25894,24.43804],[121.26003,24.42915],[121.2699,24.42737],[121.27164,24.42977],[121.30546,24.43256],[121.32005,24.44113],[121.32751,24.43274],[121.32569,24.40006],[121.33131,24.39832],[121.33826,24.38993],[121.34247,24.39321],[121.35359,24.39362],[121.36401,24.3895],[121.36906,24.38289],[121.36635,24.37931],[121.36856,24.37272],[121.37305,24.36847],[121.3812,24.36753],[121.38685,24.37019],[121.38901,24.37557],[121.39983,24.38012],[121.40697,24.37806],[121.42965,24.38381],[121.43731,24.38332],[121.44173,24.37373],[121.44701,24.37551],[121.45094,24.36538],[121.44635,24.36027],[121.44066,24.35931],[121.43472,24.34821],[121.43695,24.34291],[121.43173,24.33053],[121.43399,24.32257],[121.42148,24.30824],[121.40448,24.30877],[121.40279,24.2974],[121.39596,24.28925],[121.39021,24.29026],[121.37998,24.28019],[121.38519,24.26476],[121.38459,24.2555],[121.37225,24.25464],[121.36652,24.25262],[121.36032,24.24447],[121.35202,24.24438],[121.35204,24.23517],[121.34275,24.22365],[121.32648,24.23254],[121.30389,24.23367],[121.30116,24.2367],[121.29314,24.22917],[121.27999,24.22977],[121.27677,24.23554],[121.26891,24.23792],[121.26464,24.24588],[121.25464,24.24284],[121.24415,24.22249],[121.23795,24.2197],[121.23042,24.22352],[121.23076,24.22606],[121.21943,24.22921],[121.20842,24.22163],[121.19634,24.22301],[121.19126,24.21636],[121.18145,24.21204],[121.16761,24.22539],[121.16098,24.21518],[121.14785,24.21288],[121.14137,24.19964],[121.13635,24.19634],[121.10841,24.19801],[121.10169,24.19563],[121.08487,24.17593],[121.06459,24.16301],[121.0594,24.16278],[121.05266,24.15479],[121.04758,24.16003],[121.03805,24.15818],[121.03342,24.14857],[121.02775,24.15956],[121.01953,24.15872],[121.00816,24.14705],[120.99956,24.12776],[120.99202,24.12525],[120.98908,24.11877],[120.97587,24.11686],[120.97117,24.12025],[120.96121,24.12016],[120.95012,24.12786],[120.93254,24.11259],[120.91988,24.10744],[120.90956,24.10924],[120.90488,24.1145],[120.89152,24.11591],[120.89424,24.10686],[120.89128,24.0977],[120.88587,24.0954],[120.87802,24.08504],[120.87686,24.09119],[120.8815,24.10051],[120.87914,24.1093],[120.87244,24.11684],[120.8586,24.11621],[120.85386,24.12452],[120.84485,24.12452],[120.83626,24.11694],[120.83038,24.10282],[120.83249,24.09875],[120.82837,24.09394],[120.82929,24.0715],[120.8145,24.06991],[120.80798,24.06538],[120.79154,24.03068],[120.78605,24.02925],[120.78464,24.02407],[120.77519,24.01856],[120.77067,24.00914],[120.75796,24.00611],[120.74603,23.99856],[120.73172,24.00901],[120.71923,24.00965],[120.70638,24.00519],[120.69185,24.00817],[120.67863,24.01403],[120.65578,24.03066],[120.65179,24.02845],[120.64651,24.03397],[120.64471,24.02583],[120.63608,24.03105],[120.62529,24.03004],[120.62424,24.03319],[120.62817,24.03836],[120.62349,24.05201],[120.62546,24.06873],[120.61851,24.07547],[120.61252,24.10252],[120.58836,24.10624],[120.58356,24.10952],[120.57281,24.10825],[120.54545,24.11645],[120.54085,24.12372],[120.53274,24.12628],[120.52365,24.13954],[120.52581,24.149],[120.50837,24.18677],[120.50446,24.19106],[120.48594,24.19739],[120.49393,24.21361],[120.4878,24.20548],[120.47749,24.20933],[120.47779,24.20966],[120.48064,24.2211],[120.49317,24.23066],[120.50164,24.25287],[120.5113,24.29276],[120.52,24.29953],[120.52474,24.30813],[120.52172,24.31097],[120.52319,24.31331],[120.52852,24.31382]]]}},{"type":"Feature","properties":{"id":"TWN:ADM1:90331920B22703176907123","name":"Taipei","countryCode":"TWN"},"geometry":{"type":"Polygon","coordinates":[[[121.45701,25.10917],[121.46438,25.1025],[121.4868,25.09841],[121.49974,25.08762],[121.50582,25.07555],[121.5049,25.0497],[121.49571,25.0428],[121.48786,25.04184],[121.48336,25.03576],[121.49049,25.01111],[121.49558,25.00931],[121.51055,25.02181],[121.51908,25.01978],[121.53237,25.00782],[121.53421,25.00255],[121.53074,25.0],[121.53175,24.99017],[121.53515,24.99501],[121.53704,24.98847],[121.54413,24.98805],[121.54537,24.98359],[121.55231,24.98688],[121.56045,24.96503],[121.57278,24.96386],[121.57867,24.96664],[121.58575,24.9632],[121.5935,24.96432],[121.59713,24.96034],[121.6181,24.9668],[121.61978,24.97013],[121.59926,24.97865],[121.60197,24.98871],[121.59808,24.9945],[121.60062,25.00091],[121.59606,25.00433],[121.59753,25.01457],[121.60222,25.01494],[121.60436,25.01929],[121.62275,25.01715],[121.62894,25.0201],[121.63177,25.02573],[121.64697,25.02162],[121.65389,25.02441],[121.66263,25.02296],[121.66511,25.02554],[121.66589,25.02984],[121.64653,25.02811],[121.62505,25.03779],[121.61832,25.04484],[121.61637,25.051],[121.62328,25.05721],[121.61629,25.06397],[121.62802,25.08352],[121.62591,25.09668],[121.61492,25.10421],[121.59737,25.10965],[121.59548,25.11397],[121.60814,25.13135],[121.60468,25.13084],[121.60413,25.13647],[121.58918,25.15236],[121.59191,25.15583],[121.58982,25.16387],[121.57698,25.16715],[121.58333,25.17721],[121.58091,25.18201],[121.58377,25.19457],[121.57219,25.19362],[121.56433,25.19645],[121.56267,25.20946],[121.55486,25.20847],[121.55156,25.20364],[121.55205,25.1973],[121.54483,25.19576],[121.5406,25.18716],[121.52543,25.18253],[121.52173,25.17902],[121.52026,25.1699],[121.50265,25.17296],[121.48689,25.15079],[121.4838,25.15108],[121.46398,25.13063],[121.46458,25.12435],[121.45882,25.12265],[121.4623,25.11598],[121.45701,25.10917]]]}},{"type":"Feature","properties":{"id":"TWN:ADM1:90331920B2591759826755","name":"Chiayi County","countryCode":"TWN"},"geometry":{"type":"Polygon","coordinates":[[[120.15234,23.51824],[120.16652,23.51726],[120.18131,23.50981],[120.19931,23.51303],[120.22304,23.50431],[120.23711,23.50697],[120.24711,23.51512],[120.24193,23.53951],[120.24356,23.54375],[120.25612,23.54609],[120.26342,23.53355],[120.27196,23.53075],[120.27641,23.54351],[120.29089,23.55075],[120.29021,23.56243],[120.3106,23.56448],[120.30738,23.57463],[120.31956,23.57235],[120.32715,23.57426],[120.33311,23.57912],[120.33448,23.59269],[120.35899,23.59498],[120.36566,23.60237],[120.3665,23.60781],[120.37999,23.61],[120.38606,23.62069],[120.40265,23.62694],[120.40147,23.63291],[120.40589,23.63365],[120.40668,23.62513],[120.41584,23.62138],[120.42065,23.62517],[120.42184,23.61951],[120.42521,23.61801],[120.43064,23.61863],[120.43367,23.62286],[120.43685,23.62178],[120.43528,23.62551],[120.44108,23.62594],[120.44456,23.63054],[120.45316,23.63063],[120.45102,23.62716],[120.45423,23.6263],[120.46615,23.63027],[120.47694,23.6295],[120.47906,23.63292],[120.4874,23.63057],[120.48876,23.63591],[120.49321,23.63313],[120.5036,23.63529],[120.50754,23.63109],[120.50639,23.62616],[120.51026,23.61935],[120.5369,23.59474],[120.55617,23.59299],[120.55812,23.58906],[120.57083,23.588],[120.58131,23.58211],[120.58981,23.58572],[120.6003,23.58312],[120.6187,23.58412],[120.62342,23.59011],[120.64562,23.59358],[120.64912,23.59244],[120.64707,23.58751],[120.6492,23.58358],[120.64344,23.57574],[120.64751,23.57658],[120.65083,23.57244],[120.66999,23.5785],[120.67621,23.57051],[120.6935,23.57651],[120.70902,23.57564],[120.71041,23.57098],[120.71768,23.56904],[120.72435,23.57189],[120.73615,23.57043],[120.73213,23.57721],[120.73398,23.5842],[120.7299,23.59367],[120.73264,23.59715],[120.72484,23.60382],[120.73002,23.61053],[120.74748,23.61117],[120.75255,23.61484],[120.76377,23.61247],[120.77026,23.60596],[120.77958,23.60156],[120.791,23.60095],[120.79499,23.59718],[120.81705,23.59981],[120.81987,23.59037],[120.82551,23.58641],[120.81983,23.57755],[120.82065,23.56244],[120.80883,23.54587],[120.80861,23.53602],[120.82035,23.52149],[120.82289,23.49851],[120.83277,23.47459],[120.83918,23.47113],[120.86342,23.47356],[120.88045,23.4676],[120.88644,23.47548],[120.90195,23.47609],[120.91749,23.47567],[120.93083,23.47064],[120.93734,23.47312],[120.94763,23.46707],[120.9576,23.46948],[120.94835,23.46409],[120.93638,23.46362],[120.93509,23.45885],[120.92851,23.45549],[120.92125,23.45915],[120.90991,23.45777],[120.90562,23.4532],[120.90067,23.45417],[120.8952,23.44602],[120.8918,23.4466],[120.88676,23.43484],[120.88376,23.43621],[120.86453,23.42391],[120.85878,23.42504],[120.84988,23.42042],[120.84941,23.41208],[120.83835,23.39797],[120.84094,23.39477],[120.83674,23.3933],[120.83461,23.38665],[120.83075,23.38629],[120.82907,23.37578],[120.8254,23.37165],[120.80843,23.36838],[120.80388,23.37039],[120.80066,23.36067],[120.79203,23.35728],[120.78334,23.3422],[120.76855,23.34382],[120.76449,23.34166],[120.75794,23.34419],[120.75801,23.3348],[120.75246,23.33111],[120.75288,23.32699],[120.73223,23.31373],[120.73062,23.30562],[120.71233,23.30868],[120.70674,23.30464],[120.70294,23.29775],[120.7035,23.28915],[120.69962,23.28446],[120.67728,23.28784],[120.65864,23.2959],[120.65199,23.29115],[120.64712,23.29735],[120.64367,23.29601],[120.64318,23.27601],[120.63828,23.2693],[120.64219,23.25666],[120.64856,23.24912],[120.65132,23.23576],[120.64948,23.22873],[120.65349,23.22453],[120.62829,23.22943],[120.60983,23.22261],[120.59726,23.22899],[120.59249,23.23987],[120.58668,23.22417],[120.57824,23.21478],[120.56536,23.22098],[120.56139,23.2174],[120.55503,23.21744],[120.54146,23.22784],[120.52972,23.23253],[120.52637,23.23106],[120.51953,23.23802],[120.52994,23.24795],[120.53228,23.25516],[120.52045,23.27172],[120.52186,23.28812],[120.52627,23.29541],[120.52252,23.31176],[120.53998,23.32791],[120.53372,23.33647],[120.50508,23.34483],[120.50476,23.35475],[120.50806,23.35277],[120.51247,23.35609],[120.51055,23.3643],[120.50485,23.36889],[120.49945,23.36803],[120.48847,23.37305],[120.48396,23.36959],[120.48457,23.37966],[120.49895,23.38715],[120.49493,23.39435],[120.4901,23.39553],[120.47938,23.38759],[120.47335,23.39812],[120.44003,23.41369],[120.43214,23.4107],[120.43005,23.40641],[120.42197,23.40706],[120.42004,23.40343],[120.41637,23.41035],[120.41034,23.41024],[120.4081,23.41342],[120.3811,23.40342],[120.3486,23.4011],[120.33365,23.38595],[120.32347,23.38359],[120.31485,23.3885],[120.31103,23.38564],[120.31097,23.37544],[120.29288,23.37537],[120.28584,23.36713],[120.28368,23.36011],[120.28623,23.35029],[120.27777,23.3477],[120.27378,23.3525],[120.2674,23.35341],[120.26072,23.34449],[120.2675,23.34475],[120.26708,23.34066],[120.25753,23.33177],[120.23786,23.32691],[120.22084,23.29597],[120.20601,23.29147],[120.18842,23.30125],[120.1858,23.29657],[120.18907,23.29024],[120.1786,23.29174],[120.1686,23.30684],[120.14972,23.3132],[120.14753,23.32069],[120.14295,23.32363],[120.14356,23.32388],[120.14894,23.32225],[120.14576,23.33332],[120.13734,23.32773],[120.13606,23.32802],[120.12525,23.33494],[120.12799,23.33908],[120.1208,23.3413],[120.13015,23.36096],[120.13074,23.361],[120.13004,23.3601],[120.13568,23.35829],[120.13746,23.36143],[120.14375,23.36183],[120.1417,23.34524],[120.14461,23.35959],[120.14975,23.35626],[120.15397,23.36179],[120.16458,23.36171],[120.15688,23.38184],[120.15723,23.38493],[120.15465,23.38768],[120.15399,23.38939],[120.1554,23.39087],[120.16054,23.38879],[120.16363,23.39305],[120.15987,23.40446],[120.16521,23.40455],[120.16041,23.40607],[120.15469,23.40445],[120.1516,23.39905],[120.14806,23.41509],[120.15342,23.42617],[120.16678,23.42946],[120.14626,23.42791],[120.14519,23.43582],[120.1563,23.44821],[120.16527,23.44295],[120.16543,23.44879],[120.1539,23.45751],[120.13667,23.44823],[120.13464,23.44915],[120.13334,23.45146],[120.14481,23.45992],[120.14609,23.46573],[120.14241,23.46877],[120.15571,23.48421],[120.15542,23.48895],[120.15754,23.49148],[120.15527,23.49135],[120.15511,23.49407],[120.13926,23.49043],[120.12611,23.48967],[120.125,23.49075],[120.12429,23.51884],[120.15234,23.51824]],[[120.38976,23.49134],[120.39472,23.49074],[120.39365,23.48262],[120.39911,23.4787],[120.39927,23.47103],[120.39413,23.46253],[120.41133,23.46477],[120.41517,23.46026],[120.4293,23.46102],[120.43019,23.45222],[120.43811,23.44639],[120.43589,23.44364],[120.43953,23.43958],[120.45244,23.44451],[120.4547,23.45035],[120.46529,23.45577],[120.46868,23.4616],[120.47679,23.46198],[120.48939,23.45235],[120.49523,23.45287],[120.50065,23.46099],[120.49975,23.46544],[120.50937,23.47281],[120.50179,23.48093],[120.50373,23.48501],[120.50122,23.48994],[120.48935,23.49135],[120.48405,23.49549],[120.48316,23.50537],[120.47355,23.50685],[120.46952,23.49958],[120.46444,23.49906],[120.45622,23.51167],[120.4571,23.51549],[120.44679,23.51832],[120.44051,23.51819],[120.44063,23.51183],[120.43352,23.51708],[120.43316,23.50887],[120.41667,23.50532],[120.41188,23.49899],[120.40836,23.49857],[120.40881,23.50657],[120.40037,23.49879],[120.39013,23.49946],[120.38919,23.49507],[120.38976,23.49134]]]}},{"type":"Feature","properties":{"id":"TWN:ADM1:90331920B2879670148147","name":"New Taipei","countryCode":"TWN"},"geometry":{"type":"Polygon","coordinates":[[[121.97717,24.99192],[121.97578,24.98861],[121.96528,24.9839],[121.96107,24.98832],[121.94458,24.98817],[121.93351,24.98089],[121.91484,24.97936],[121.9103,24.97477],[121.90283,24.97441],[121.89714,24.96703],[121.88857,24.96319],[121.87163,24.96072],[121.8613,24.96369],[121.8469,24.9603],[121.84136,24.95418],[121.83905,24.94461],[121.85388,24.92557],[121.836,24.90793],[121.81926,24.90277],[121.8116,24.90652],[121.80474,24.90124],[121.79197,24.89988],[121.79303,24.89626],[121.78167,24.88948],[121.78519,24.87416],[121.77723,24.87086],[121.77555,24.86515],[121.76845,24.86589],[121.761,24.85672],[121.74541,24.85279],[121.73021,24.8552],[121.71419,24.84172],[121.70207,24.83449],[121.69632,24.8348],[121.69589,24.82959],[121.68766,24.82495],[121.69013,24.82155],[121.68838,24.81619],[121.68064,24.81752],[121.67415,24.81409],[121.66899,24.81804],[121.66072,24.81082],[121.64737,24.81395],[121.64512,24.80929],[121.62593,24.80883],[121.62569,24.79519],[121.62107,24.79245],[121.60958,24.79374],[121.6058,24.78918],[121.59219,24.7878],[121.59758,24.7722],[121.58897,24.75512],[121.59608,24.74832],[121.59165,24.74468],[121.59522,24.73992],[121.59366,24.72972],[121.5974,24.72753],[121.58701,24.72007],[121.57821,24.72229],[121.57469,24.71007],[121.57036,24.71395],[121.5565,24.71125],[121.55068,24.70574],[121.54325,24.70567],[121.53786,24.69988],[121.53679,24.68842],[121.52786,24.68894],[121.52383,24.68328],[121.51181,24.68435],[121.49311,24.67324],[121.47985,24.67378],[121.47392,24.6852],[121.47418,24.69605],[121.45022,24.70568],[121.44099,24.726],[121.43419,24.73008],[121.42844,24.75343],[121.42327,24.7619],[121.42645,24.76807],[121.44955,24.78614],[121.45033,24.79094],[121.44539,24.79025],[121.43756,24.79634],[121.43654,24.812],[121.42973,24.81507],[121.42365,24.82539],[121.41701,24.82538],[121.41386,24.83178],[121.4156,24.83557],[121.40271,24.84352],[121.38804,24.8424],[121.38325,24.83693],[121.37368,24.83327],[121.35768,24.83951],[121.35484,24.84398],[121.34675,24.84591],[121.3361,24.84377],[121.33714,24.84835],[121.34783,24.85094],[121.34863,24.84834],[121.3526,24.84905],[121.3546,24.85322],[121.35801,24.8532],[121.34507,24.86694],[121.3544,24.87346],[121.34559,24.88004],[121.34458,24.88603],[121.34109,24.88808],[121.34218,24.89255],[121.33368,24.89152],[121.33329,24.89939],[121.32658,24.89597],[121.32034,24.90022],[121.32621,24.90916],[121.31754,24.91636],[121.32472,24.92345],[121.33984,24.92852],[121.32202,24.92802],[121.32315,24.93127],[121.31575,24.93849],[121.33154,24.94551],[121.32796,24.9491],[121.3283,24.97179],[121.32345,24.97258],[121.32859,24.97627],[121.32736,24.97843],[121.34268,24.98231],[121.3472,24.97879],[121.3521,24.98079],[121.35395,24.97784],[121.36406,24.9796],[121.36921,24.97683],[121.38527,24.98577],[121.38407,24.99564],[121.39401,24.99339],[121.40281,24.99878],[121.39939,25.00709],[121.39121,25.01198],[121.39254,25.01565],[121.41222,25.01928],[121.39824,25.03008],[121.40118,25.0376],[121.39063,25.04186],[121.40068,25.04323],[121.39819,25.04403],[121.40297,25.04569],[121.39389,25.04908],[121.39435,25.05043],[121.3985,25.04847],[121.40065,25.05139],[121.39101,25.05356],[121.39276,25.05504],[121.38445,25.0525],[121.38742,25.05487],[121.38558,25.05814],[121.3886,25.05686],[121.38761,25.05971],[121.39091,25.06092],[121.38833,25.06304],[121.37678,25.0661],[121.35487,25.06514],[121.35378,25.06856],[121.34641,25.07034],[121.35344,25.07331],[121.35174,25.0745],[121.34983,25.07354],[121.34988,25.07668],[121.34165,25.07258],[121.3402,25.07654],[121.34619,25.07553],[121.34419,25.07761],[121.34799,25.07882],[121.3426,25.08002],[121.34998,25.08183],[121.33882,25.08361],[121.32495,25.09255],[121.30252,25.0969],[121.29897,25.10422],[121.29165,25.10263],[121.29022,25.10688],[121.2827,25.10966],[121.28373,25.11738],[121.30446,25.12602],[121.32984,25.12441],[121.36031,25.13387],[121.36751,25.13732],[121.36216,25.14754],[121.36221,25.14758],[121.36465,25.14311],[121.3788,25.1521],[121.38177,25.14678],[121.36633,25.14],[121.36764,25.13757],[121.3883,25.14632],[121.38866,25.14995],[121.38316,25.15465],[121.3866,25.15789],[121.38756,25.15326],[121.39486,25.15559],[121.39351,25.15799],[121.39506,25.15944],[121.39894,25.15949],[121.41228,25.15546],[121.41944,25.14639],[121.42408,25.13691],[121.43002,25.13158],[121.44321,25.13642],[121.42945,25.15599],[121.4074,25.17621],[121.40072,25.18],[121.40875,25.18795],[121.41983,25.19229],[121.41556,25.19512],[121.42019,25.20237],[121.43907,25.21762],[121.4406,25.22717],[121.44542,25.2303],[121.44494,25.23519],[121.45202,25.24942],[121.46701,25.25034],[121.47302,25.25411],[121.47272,25.25766],[121.47623,25.25742],[121.47401,25.25899],[121.48254,25.27063],[121.50472,25.28018],[121.53972,25.28742],[121.58082,25.28303],[121.59791,25.27143],[121.636,25.22281],[121.64967,25.19709],[121.65414,25.1988],[121.6644,25.20136],[121.67612,25.20258],[121.68442,25.20051],[121.68393,25.19746],[121.67994,25.19302],[121.67612,25.18692],[121.67644,25.17939],[121.68051,25.17504],[121.69459,25.16608],[121.69487,25.16575],[121.67771,25.15581],[121.65837,25.15239],[121.64985,25.14496],[121.64009,25.14591],[121.62679,25.13997],[121.63301,25.13091],[121.64338,25.12733],[121.64636,25.11372],[121.65217,25.10518],[121.64923,25.10174],[121.65575,25.09353],[121.67387,25.08301],[121.68113,25.08804],[121.6791,25.07899],[121.68985,25.07103],[121.70039,25.06726],[121.71255,25.06777],[121.73018,25.05297],[121.73717,25.05485],[121.7433,25.05265],[121.75704,25.05948],[121.76463,25.05776],[121.77584,25.0705],[121.76997,25.07804],[121.76125,25.07912],[121.75997,25.1008],[121.75676,25.10206],[121.75607,25.10839],[121.7526,25.10697],[121.75002,25.11004],[121.76706,25.11278],[121.77358,25.1203],[121.7858,25.11841],[121.78995,25.11272],[121.79491,25.11278],[121.79888,25.11919],[121.79415,25.12554],[121.80304,25.12209],[121.80356,25.1333],[121.8201,25.12967],[121.81849,25.12816],[121.81985,25.12289],[121.82476,25.12107],[121.82944,25.12419],[121.82879,25.12773],[121.82887,25.12774],[121.89283,25.11367],[121.90512,25.10659],[121.89894,25.09398],[121.89723,25.08389],[121.89991,25.06599],[121.90919,25.03604],[121.9192,25.02204],[121.92726,25.0187],[121.94579,25.02125],[121.9473,25.01991],[121.95737,25.02203],[121.96754,25.02106],[121.98357,25.01716],[121.99072,25.01389],[121.99099,25.01216],[121.99203,25.01329],[121.99773,25.01069],[122.00424,25.00321],[121.99577,25.00195],[121.98531,24.99289],[121.98244,24.99161],[121.97717,24.99192]],[[121.46438,25.1025],[121.4868,25.09841],[121.49974,25.08762],[121.50582,25.07555],[121.5049,25.0497],[121.49571,25.0428],[121.48786,25.04184],[121.48336,25.03576],[121.49049,25.01111],[121.49558,25.00931],[121.51055,25.02181],[121.51908,25.01978],[121.53237,25.00782],[121.53421,25.00255],[121.53074,25.0],[121.53175,24.99017],[121.53515,24.99501],[121.53704,24.98847],[121.54413,24.98805],[121.54537,24.98359],[121.55231,24.98688],[121.56045,24.96503],[121.57278,24.96386],[121.57867,24.96664],[121.58575,24.9632],[121.5935,24.96432],[121.59713,24.96034],[121.6181,24.9668],[121.61978,24.97013],[121.59926,24.97865],[121.60197,24.98871],[121.59808,24.9945],[121.60062,25.00091],[121.59606,25.00433],[121.59753,25.01457],[121.60222,25.01494],[121.60436,25.01929],[121.62275,25.01715],[121.62894,25.0201],[121.63177,25.02573],[121.64697,25.02162],[121.65389,25.02441],[121.66263,25.02296],[121.66511,25.02554],[121.66589,25.02984],[121.64653,25.02811],[121.62505,25.03779],[121.61832,25.04484],[121.61637,25.051],[121.62328,25.05721],[121.61629,25.06397],[121.62802,25.08352],[121.62591,25.09668],[121.61492,25.10421],[121.59737,25.10965],[121.59548,25.11397],[121.60814,25.13135],[121.60468,25.13084],[121.60413,25.13647],[121.58918,25.15236],[121.59191,25.15583],[121.58982,25.16387],[121.57698,25.16715],[121.58333,25.17721],[121.58091,25.18201],[121.58377,25.19457],[121.57219,25.19362],[121.56433,25.19645],[121.56267,25.20946],[121.55486,25.20847],[121.55156,25.20364],[121.55205,25.1973],[121.54483,25.19576],[121.5406,25.18716],[121.52543,25.18253],[121.52173,25.17902],[121.52026,25.1699],[121.50265,25.17296],[121.48689,25.15079],[121.4838,25.15108],[121.46398,25.13063],[121.46458,25.12435],[121.45882,25.12265],[121.4623,25.11598],[121.45701,25.10917],[121.46438,25.1025]]]}},{"type":"Feature","properties":{"id":"TWN:ADM1:90331920B31004800433386","name":"Yunlin County","countryCode":"TWN"},"geometry":{"type":"Polygon","coordinates":[[[120.23867,23.82778],[120.24073,23.8218],[120.24378,23.82366],[120.24523,23.82111],[120.24602,23.8237],[120.24887,23.82118],[120.24954,23.82891],[120.24651,23.82679],[120.24864,23.83172],[120.31511,23.8202],[120.35819,23.82284],[120.3698,23.82851],[120.4095,23.8263],[120.43328,23.8301],[120.45211,23.81723],[120.50774,23.80062],[120.5515,23.80112],[120.59081,23.79124],[120.62892,23.78993],[120.64037,23.78605],[120.65553,23.75543],[120.65582,23.73504],[120.64452,23.73664],[120.63998,23.72991],[120.64169,23.72242],[120.63897,23.71058],[120.64566,23.7031],[120.64341,23.69973],[120.64826,23.68282],[120.6469,23.67269],[120.63503,23.65187],[120.63515,23.64276],[120.6291,23.63519],[120.63071,23.62226],[120.63405,23.61918],[120.645,23.63109],[120.65291,23.62959],[120.65144,23.61611],[120.66913,23.60935],[120.68369,23.61094],[120.68602,23.61806],[120.69111,23.62016],[120.70215,23.61725],[120.7104,23.61921],[120.7141,23.62108],[120.71308,23.62791],[120.71855,23.62994],[120.72284,23.62284],[120.73057,23.61845],[120.7309,23.61077],[120.72485,23.60361],[120.73264,23.59715],[120.7299,23.59367],[120.73398,23.5842],[120.73213,23.57721],[120.73615,23.57043],[120.72435,23.57189],[120.71768,23.56904],[120.71041,23.57098],[120.70902,23.57564],[120.6935,23.57651],[120.67621,23.57051],[120.66999,23.5785],[120.65602,23.57224],[120.65005,23.57265],[120.64722,23.57671],[120.64361,23.57547],[120.6492,23.58358],[120.64707,23.58751],[120.64912,23.59244],[120.64562,23.59358],[120.62342,23.59011],[120.6187,23.58412],[120.6003,23.58312],[120.58981,23.58572],[120.58131,23.58211],[120.57083,23.588],[120.55812,23.58906],[120.55617,23.59299],[120.5369,23.59474],[120.51026,23.61935],[120.50375,23.63528],[120.49321,23.63313],[120.48876,23.63591],[120.4874,23.63057],[120.47906,23.63292],[120.47694,23.6295],[120.46615,23.63027],[120.45423,23.6263],[120.45102,23.62716],[120.45316,23.63063],[120.44456,23.63054],[120.44108,23.62594],[120.43528,23.62551],[120.43685,23.62178],[120.43367,23.62286],[120.43064,23.61863],[120.42521,23.61801],[120.42184,23.61951],[120.42065,23.62517],[120.41584,23.62138],[120.40659,23.6252],[120.40461,23.63419],[120.40087,23.63218],[120.40265,23.62694],[120.38606,23.62069],[120.37999,23.61],[120.3665,23.60781],[120.36566,23.60237],[120.35899,23.59498],[120.33448,23.59269],[120.33311,23.57912],[120.32715,23.57426],[120.31956,23.57235],[120.30738,23.57463],[120.3106,23.56448],[120.29021,23.56243],[120.29089,23.55075],[120.27641,23.54351],[120.27196,23.53075],[120.26342,23.53355],[120.25612,23.54609],[120.24356,23.54375],[120.24193,23.53951],[120.24664,23.51378],[120.23841,23.50742],[120.22304,23.50431],[120.19931,23.51303],[120.18131,23.50981],[120.16652,23.51726],[120.15813,23.51593],[120.14576,23.52087],[120.14513,23.52564],[120.15078,23.53556],[120.14159,23.54476],[120.1413,23.56543],[120.14309,23.56827],[120.14105,23.58266],[120.14102,23.58478],[120.14475,23.59749],[120.14113,23.59836],[120.14115,23.59973],[120.14361,23.63804],[120.15096,23.6617],[120.15381,23.66378],[120.16332,23.68359],[120.17578,23.69857],[120.18793,23.69964],[120.18847,23.70261],[120.17188,23.7034],[120.1715,23.70401],[120.17555,23.73383],[120.1818,23.75538],[120.19914,23.75656],[120.20046,23.75964],[120.18943,23.76152],[120.18339,23.76083],[120.18442,23.76439],[120.18922,23.77481],[120.21266,23.80317],[120.21656,23.81265],[120.21949,23.81794],[120.22099,23.81899],[120.22384,23.81857],[120.22378,23.82094],[120.2352,23.82895],[120.23867,23.82778]]]}},{"type":"Feature","properties":{"id":"TWN:ADM1:90331920B33809065648062","name":"Hsinchu","countryCode":"TWN"},"geometry":{"type":"Polygon","coordinates":[[[120.91742,24.83747],[120.91938,24.84804],[120.92959,24.85321],[120.94009,24.85022],[120.94481,24.84106],[120.95499,24.83451],[120.97464,24.82998],[120.98305,24.83094],[120.98789,24.82544],[121.00035,24.82208],[121.00829,24.81621],[121.02577,24.79904],[121.02058,24.79883],[121.02315,24.79615],[121.02071,24.79383],[121.02454,24.78905],[121.02309,24.78505],[121.02751,24.78264],[121.02493,24.78002],[121.02971,24.77698],[121.02989,24.76648],[121.03354,24.76372],[121.02801,24.75821],[121.02083,24.75654],[121.00972,24.77377],[120.99308,24.78061],[120.99025,24.77688],[120.98582,24.77689],[120.98322,24.77325],[120.98838,24.76811],[120.98188,24.76738],[120.97931,24.76329],[120.96985,24.76516],[120.96736,24.75645],[120.95748,24.74966],[120.95747,24.74528],[120.94391,24.74397],[120.93983,24.73272],[120.94236,24.73037],[120.93798,24.72947],[120.93858,24.71664],[120.9354,24.71257],[120.93028,24.71663],[120.9234,24.71457],[120.91369,24.71729],[120.91623,24.72162],[120.90783,24.74105],[120.89526,24.73266],[120.87942,24.73457],[120.90262,24.74749],[120.90606,24.7604],[120.90152,24.75993],[120.90098,24.76446],[120.9126,24.76751],[120.91535,24.79534],[120.91332,24.7994],[120.91608,24.80217],[120.91057,24.80311],[120.91064,24.80724],[120.91726,24.80707],[120.91878,24.80999],[120.90875,24.8103],[120.908,24.81455],[120.90919,24.81688],[120.90903,24.82274],[120.90897,24.82289],[120.91742,24.83747]]]}},{"type":"Feature","properties":{"id":"TWN:ADM1:90331920B36822921189496","name":"Tainan","countryCode":"TWN"},"geometry":{"type":"MultiPolygon","coordinates":[[[[120.1629,22.97058],[120.15557,22.9728],[120.15508,22.97982],[120.14928,22.98403],[120.15022,22.98562],[120.15392,22.98804],[120.1562,22.98758],[120.16589,22.97418],[120.1629,22.97058]]],[[[120.03436,23.06779],[120.03533,23.06656],[120.03747,23.06103],[120.03767,23.05636],[120.03419,23.06324],[120.03436,23.06779]]],[[[120.09527,23.21882],[120.0954,23.22458],[120.09742,23.22037],[120.10605,23.22403],[120.10604,23.22789],[120.09564,23.22881],[120.09422,23.2351],[120.10012,23.24587],[120.10823,23.25201],[120.10932,23.2556],[120.10541,23.25964],[120.10834,23.26656],[120.11668,23.27106],[120.12419,23.27017],[120.11577,23.2723],[120.11919,23.2767],[120.10583,23.26864],[120.10202,23.26993],[120.1089,23.28669],[120.11492,23.29271],[120.12468,23.29499],[120.11049,23.3037],[120.11653,23.3179],[120.13118,23.31881],[120.14295,23.32363],[120.14753,23.32069],[120.14972,23.3132],[120.1686,23.30684],[120.1786,23.29174],[120.18907,23.29024],[120.1858,23.29657],[120.18842,23.30125],[120.20423,23.29193],[120.21234,23.29167],[120.22282,23.29854],[120.23786,23.32691],[120.25639,23.33108],[120.26703,23.34059],[120.2675,23.34475],[120.26072,23.34449],[120.26612,23.35267],[120.27314,23.35279],[120.27777,23.3477],[120.28623,23.35029],[120.28368,23.36011],[120.28584,23.36713],[120.29288,23.37537],[120.31097,23.37544],[120.31103,23.38564],[120.31485,23.3885],[120.32347,23.38359],[120.33365,23.38595],[120.3486,23.4011],[120.3811,23.40342],[120.4081,23.41342],[120.41034,23.41024],[120.41637,23.41035],[120.42004,23.40343],[120.42197,23.40706],[120.43005,23.40641],[120.43214,23.4107],[120.44003,23.41369],[120.47335,23.39812],[120.47938,23.38759],[120.4901,23.39553],[120.49493,23.39435],[120.49895,23.38715],[120.48457,23.37966],[120.48396,23.36959],[120.48847,23.37305],[120.49945,23.36803],[120.50485,23.36889],[120.51055,23.3643],[120.51247,23.35609],[120.50806,23.35277],[120.50476,23.35475],[120.50508,23.34483],[120.53372,23.33647],[120.53998,23.32791],[120.52252,23.31176],[120.52627,23.29541],[120.52186,23.28812],[120.52045,23.27172],[120.53228,23.25516],[120.52784,23.24528],[120.51899,23.2392],[120.52492,23.23225],[120.54146,23.22784],[120.55503,23.21744],[120.56139,23.2174],[120.56536,23.22098],[120.57824,23.21478],[120.58668,23.22417],[120.59249,23.23987],[120.59726,23.22899],[120.60983,23.22261],[120.63403,23.22925],[120.65436,23.22428],[120.65626,23.21783],[120.63695,23.19132],[120.64112,23.18295],[120.63619,23.17509],[120.62928,23.17433],[120.63108,23.17044],[120.62137,23.16299],[120.61658,23.1631],[120.61115,23.15593],[120.61179,23.15161],[120.60107,23.14411],[120.58853,23.12358],[120.58816,23.11415],[120.57024,23.08545],[120.55459,23.06889],[120.53001,23.05573],[120.50374,23.02862],[120.48406,23.01702],[120.48,23.00271],[120.46036,23.00337],[120.46115,22.99075],[120.45472,22.99062],[120.45298,22.97767],[120.44493,22.97952],[120.44269,22.97737],[120.4165,22.91634],[120.40872,22.91233],[120.39861,22.92243],[120.38683,22.91826],[120.38162,22.9211],[120.3712,22.91225],[120.37248,22.90663],[120.35948,22.90138],[120.36107,22.89779],[120.35338,22.89241],[120.35517,22.89036],[120.352,22.88747],[120.34913,22.89055],[120.33221,22.88933],[120.32493,22.9004],[120.31948,22.89496],[120.3143,22.89972],[120.28452,22.9047],[120.27796,22.90426],[120.27955,22.89629],[120.27317,22.89535],[120.2593,22.9019],[120.25686,22.8994],[120.2588,22.89523],[120.25469,22.89413],[120.24291,22.90348],[120.23281,22.90561],[120.23026,22.91674],[120.21766,22.90963],[120.19209,22.9212],[120.17505,22.91175],[120.17353,22.94129],[120.16136,22.96665],[120.16678,22.97099],[120.17324,22.96502],[120.17094,22.97003],[120.17689,22.97929],[120.16589,22.97901],[120.16302,22.98354],[120.15924,22.98371],[120.15697,22.99004],[120.16017,22.99213],[120.16306,22.99821],[120.16324,22.99834],[120.16309,22.99828],[120.17026,23.01337],[120.16619,23.03172],[120.1421,23.0349],[120.13746,23.02839],[120.13347,23.01655],[120.12672,23.00715],[120.12282,23.0073],[120.10937,23.0184],[120.11101,23.03998],[120.10792,23.04857],[120.09246,23.05476],[120.08375,23.04755],[120.07667,23.03742],[120.07573,23.03719],[120.06713,23.0418],[120.06849,23.04491],[120.06454,23.04849],[120.054,23.04998],[120.0536,23.05063],[120.05242,23.05581],[120.05494,23.06778],[120.05942,23.07587],[120.07057,23.0812],[120.08473,23.08295],[120.09645,23.08641],[120.10043,23.09699],[120.09498,23.10248],[120.05942,23.11066],[120.05942,23.1175],[120.0892,23.11774],[120.08627,23.12694],[120.07008,23.1398],[120.06288,23.14738],[120.06383,23.14889],[120.06861,23.16616],[120.06867,23.16849],[120.07154,23.16999],[120.08188,23.17316],[120.08692,23.18203],[120.08383,23.19575],[120.07968,23.2047],[120.07986,23.20763],[120.07903,23.20816],[120.08216,23.21729],[120.08569,23.22597],[120.09133,23.22294],[120.0917,23.21845],[120.09527,23.21882]]],[[[120.13028,23.32934],[120.12294,23.32965],[120.12525,23.33494],[120.13606,23.32802],[120.13028,23.32934]]]]}},{"type":"Feature","properties":{"id":"TWN:ADM1:90331920B38323674923848","name":"Changhua County","countryCode":"TWN"},"geometry":{"type":"MultiPolygon","coordinates":[[[[120.46335,24.16088],[120.4675,24.16569],[120.46213,24.16832],[120.48594,24.19739],[120.50446,24.19106],[120.50837,24.18677],[120.52581,24.149],[120.52365,24.13954],[120.53274,24.12628],[120.54085,24.12372],[120.54545,24.11645],[120.57281,24.10825],[120.58356,24.10952],[120.58836,24.10624],[120.61252,24.10252],[120.61851,24.07547],[120.62546,24.06873],[120.62349,24.05201],[120.62817,24.03836],[120.62514,24.03017],[120.63608,24.03105],[120.64471,24.02583],[120.64651,24.03397],[120.65179,24.02845],[120.65578,24.03066],[120.67863,24.01403],[120.67008,24.00996],[120.67369,24.00809],[120.67258,24.00585],[120.64602,24.00916],[120.64034,24.00573],[120.63809,24.00741],[120.63682,23.99451],[120.65019,23.98398],[120.64631,23.97324],[120.64688,23.96349],[120.64265,23.95827],[120.6354,23.95225],[120.63112,23.9563],[120.62698,23.95644],[120.63384,23.95337],[120.62759,23.95177],[120.63465,23.94371],[120.63016,23.94296],[120.63764,23.93559],[120.63548,23.93745],[120.62782,23.93108],[120.6374,23.92409],[120.63645,23.91937],[120.63353,23.91958],[120.63471,23.91312],[120.6294,23.91082],[120.63421,23.90768],[120.63136,23.90343],[120.63506,23.8986],[120.63271,23.88976],[120.6273,23.88951],[120.62958,23.88463],[120.62395,23.86893],[120.6199,23.86837],[120.62223,23.86012],[120.62781,23.8574],[120.62344,23.8489],[120.61943,23.84962],[120.62359,23.84707],[120.61549,23.84048],[120.61717,23.83763],[120.62084,23.84166],[120.62224,23.83866],[120.62612,23.84192],[120.62905,23.83868],[120.62492,23.8366],[120.62997,23.83735],[120.6291,23.8344],[120.63364,23.83409],[120.62359,23.82949],[120.63705,23.83279],[120.63435,23.83111],[120.64,23.82511],[120.63386,23.82584],[120.63919,23.82457],[120.63776,23.82178],[120.65091,23.81251],[120.67674,23.81894],[120.67898,23.80595],[120.68341,23.80542],[120.68389,23.80135],[120.67492,23.79973],[120.66377,23.79214],[120.64154,23.78562],[120.62892,23.78993],[120.59081,23.79124],[120.5515,23.80112],[120.50969,23.80025],[120.45211,23.81723],[120.43328,23.8301],[120.4095,23.8263],[120.3698,23.82851],[120.35819,23.82284],[120.30808,23.82033],[120.27237,23.82962],[120.27406,23.83921],[120.25669,23.84811],[120.25034,23.8567],[120.25164,23.86213],[120.2627,23.85715],[120.25942,23.86019],[120.26411,23.86535],[120.26977,23.86543],[120.26905,23.86049],[120.27275,23.866],[120.2883,23.87461],[120.28877,23.88115],[120.30512,23.90655],[120.31379,23.9267],[120.31408,23.93647],[120.30445,23.94056],[120.32348,23.96632],[120.33046,23.98928],[120.34644,23.98884],[120.35133,23.99201],[120.34718,23.99282],[120.34944,24.00253],[120.37157,24.03978],[120.37453,24.03901],[120.38005,24.04449],[120.37571,24.04719],[120.38149,24.04445],[120.39959,24.05402],[120.40369,24.05224],[120.41088,24.07127],[120.41539,24.074],[120.41968,24.08296],[120.42721,24.08396],[120.43451,24.08964],[120.4349,24.09452],[120.43125,24.09613],[120.43932,24.1333],[120.45919,24.15807],[120.43839,24.13466],[120.43628,24.12524],[120.41866,24.12494],[120.41717,24.12001],[120.41814,24.13505],[120.43949,24.15893],[120.46335,24.16088]]],[[[120.40575,24.06357],[120.39901,24.05834],[120.37969,24.05811],[120.38551,24.06306],[120.38787,24.07331],[120.39235,24.08291],[120.39654,24.08592],[120.41944,24.08603],[120.40575,24.06357]]]]}},{"type":"Feature","properties":{"id":"TWN:ADM1:90331920B52218866814205","name":"Hualien County","countryCode":"TWN"},"geometry":{"type":"Polygon","coordinates":[[[121.47329,23.44057],[121.46329,23.43875],[121.46153,23.44155],[121.44695,23.44374],[121.44013,23.4332],[121.43326,23.43279],[121.42024,23.42062],[121.41251,23.40237],[121.40002,23.38536],[121.40428,23.36733],[121.42269,23.36006],[121.42221,23.35524],[121.40975,23.34587],[121.4021,23.33395],[121.3999,23.3232],[121.39021,23.32058],[121.38788,23.31068],[121.37784,23.30089],[121.37789,23.2696],[121.37237,23.26783],[121.37077,23.26243],[121.35937,23.2526],[121.36087,23.24421],[121.35261,23.23132],[121.35717,23.22373],[121.34645,23.21702],[121.34692,23.20926],[121.33498,23.17797],[121.32969,23.18037],[121.32329,23.17872],[121.32189,23.16946],[121.31855,23.16814],[121.31734,23.16481],[121.3221,23.15521],[121.32718,23.15221],[121.32035,23.13775],[121.32198,23.11719],[121.31581,23.10972],[121.29151,23.10937],[121.27261,23.09778],[121.26432,23.10392],[121.2673,23.11398],[121.25768,23.12606],[121.24923,23.13153],[121.24526,23.12841],[121.23852,23.12872],[121.23087,23.13928],[121.21195,23.14422],[121.21253,23.15482],[121.1992,23.17518],[121.19819,23.18845],[121.18939,23.20378],[121.17577,23.21013],[121.16098,23.20601],[121.15455,23.19909],[121.14675,23.19915],[121.13936,23.20192],[121.12926,23.22332],[121.10655,23.22386],[121.09291,23.23376],[121.07833,23.23342],[121.06243,23.2659],[121.06208,23.27943],[121.05622,23.2904],[121.0389,23.30063],[121.02833,23.29714],[121.03212,23.30372],[121.04627,23.30867],[121.0488,23.32531],[121.02683,23.33771],[121.02003,23.35046],[121.01031,23.34581],[121.00755,23.35206],[121.00088,23.35615],[120.98713,23.3587],[120.98677,23.36582],[120.98801,23.37058],[120.99982,23.38217],[121.00771,23.38476],[121.00111,23.39167],[121.00343,23.39501],[121.01076,23.39514],[121.0283,23.40368],[121.02488,23.41463],[121.02942,23.42233],[121.01291,23.433],[121.0349,23.44591],[121.05174,23.45084],[121.0582,23.46006],[121.03912,23.4742],[121.05349,23.48773],[121.05408,23.49565],[121.0623,23.49973],[121.06845,23.51842],[121.08805,23.51402],[121.0919,23.51454],[121.09738,23.52168],[121.10367,23.51891],[121.11763,23.52166],[121.13532,23.51498],[121.1447,23.52584],[121.15112,23.52704],[121.14692,23.53402],[121.15116,23.5447],[121.1462,23.55469],[121.15179,23.56047],[121.15706,23.5595],[121.16046,23.56647],[121.16041,23.56973],[121.15214,23.57312],[121.1534,23.58681],[121.16676,23.58713],[121.17817,23.58263],[121.17963,23.58991],[121.19358,23.60028],[121.206,23.59576],[121.21359,23.60062],[121.21736,23.61472],[121.22485,23.62714],[121.22403,23.63869],[121.23562,23.66171],[121.23602,23.67037],[121.23244,23.67742],[121.23938,23.68684],[121.24121,23.70874],[121.23776,23.72004],[121.23947,23.72411],[121.22964,23.73005],[121.22856,23.73507],[121.2288,23.74443],[121.23252,23.75057],[121.22156,23.75269],[121.20648,23.76263],[121.2087,23.76583],[121.20464,23.77235],[121.23046,23.78807],[121.22661,23.79237],[121.22604,23.80223],[121.22747,23.80844],[121.23449,23.81207],[121.23479,23.81798],[121.23913,23.82184],[121.23667,23.82517],[121.23937,23.84033],[121.24888,23.85214],[121.25308,23.86798],[121.25817,23.87253],[121.26527,23.87293],[121.26317,23.88069],[121.26849,23.88385],[121.26657,23.89839],[121.26114,23.90267],[121.27607,23.90969],[121.27645,23.92345],[121.27205,23.93829],[121.27432,23.94567],[121.27172,23.94844],[121.2779,23.96567],[121.27351,23.97526],[121.26412,23.97612],[121.2602,23.99249],[121.28569,24.03972],[121.28331,24.05448],[121.29563,24.06384],[121.29947,24.06184],[121.30816,24.0733],[121.32316,24.08493],[121.31891,24.09491],[121.32552,24.10224],[121.32818,24.11175],[121.325,24.11604],[121.31558,24.1166],[121.29537,24.13261],[121.28134,24.13565],[121.28466,24.1522],[121.28033,24.1578],[121.28838,24.1581],[121.28612,24.17737],[121.30664,24.1802],[121.31595,24.18539],[121.32517,24.19593],[121.34917,24.20033],[121.34912,24.21091],[121.34271,24.2241],[121.35204,24.23517],[121.35202,24.24438],[121.36032,24.24447],[121.36652,24.25262],[121.37225,24.25464],[121.3847,24.2556],[121.38519,24.26476],[121.37998,24.28019],[121.39021,24.29026],[121.39596,24.28925],[121.40279,24.2974],[121.40448,24.30877],[121.42148,24.30824],[121.43399,24.32257],[121.43173,24.33053],[121.43695,24.34291],[121.43472,24.34821],[121.44066,24.35931],[121.44635,24.36027],[121.45096,24.36547],[121.46542,24.35532],[121.4857,24.34858],[121.49815,24.33927],[121.5043,24.34298],[121.51349,24.34081],[121.52179,24.34304],[121.53312,24.33708],[121.5452,24.33772],[121.556,24.33122],[121.55977,24.32292],[121.56649,24.3192],[121.57636,24.31959],[121.58941,24.31382],[121.59704,24.31633],[121.60573,24.30946],[121.60528,24.31716],[121.59567,24.33161],[121.59906,24.33364],[121.60466,24.32909],[121.60782,24.33545],[121.61749,24.33362],[121.6188,24.34545],[121.62273,24.33948],[121.62741,24.34111],[121.62861,24.33373],[121.63271,24.3347],[121.63129,24.34399],[121.63543,24.34759],[121.62685,24.34952],[121.62676,24.35433],[121.62112,24.35836],[121.62359,24.36225],[121.62037,24.36326],[121.62179,24.36669],[121.63112,24.37053],[121.63084,24.36611],[121.63477,24.36652],[121.64856,24.34963],[121.65071,24.35102],[121.64781,24.35783],[121.65028,24.35991],[121.65356,24.35214],[121.66286,24.35311],[121.66893,24.34324],[121.67395,24.34339],[121.67481,24.33779],[121.68539,24.34077],[121.68858,24.33362],[121.69521,24.33487],[121.71354,24.32688],[121.74452,24.32292],[121.75911,24.3142],[121.77128,24.31427],[121.77198,24.31293],[121.77265,24.30958],[121.76344,24.29738],[121.76225,24.29633],[121.76228,24.29954],[121.76681,24.30359],[121.75864,24.30633],[121.75495,24.29601],[121.75677,24.29494],[121.75951,24.29979],[121.7585,24.29298],[121.74529,24.28124],[121.72145,24.25117],[121.70387,24.23835],[121.69825,24.23151],[121.70094,24.22419],[121.69988,24.22246],[121.67356,24.20756],[121.66548,24.19661],[121.66482,24.19484],[121.66285,24.1931],[121.65219,24.17219],[121.64129,24.12987],[121.61305,24.09211],[121.60743,24.07685],[121.60816,24.06049],[121.615,24.0423],[121.62078,24.03461],[121.62574,24.03095],[121.62892,24.02619],[121.62916,24.01496],[121.62501,24.00239],[121.6111,23.98249],[121.60816,23.97036],[121.60745,23.95943],[121.60657,23.9582],[121.60714,23.95476],[121.6067,23.94806],[121.59449,23.89151],[121.57032,23.8321],[121.53981,23.69282],[121.5215,23.65868],[121.4795,23.43521],[121.47925,23.43386],[121.47329,23.44057]]]}},{"type":"Feature","properties":{"id":"TWN:ADM1:90331920B62221364431352","name":"Miaoli County","countryCode":"TWN"},"geometry":{"type":"Polygon","coordinates":[[[120.8309,24.66894],[120.83204,24.67749],[120.85959,24.70344],[120.86573,24.72442],[120.87939,24.73457],[120.89526,24.73266],[120.90783,24.74105],[120.91623,24.72162],[120.91369,24.71729],[120.9234,24.71457],[120.93028,24.71663],[120.9354,24.71257],[120.942,24.70733],[120.94976,24.71122],[120.95325,24.70405],[120.9634,24.71148],[120.97498,24.71104],[120.97668,24.70643],[120.97217,24.70338],[120.97404,24.69694],[120.96638,24.69119],[120.96447,24.68358],[120.97555,24.68456],[120.977,24.67364],[120.98156,24.67198],[120.98698,24.66361],[120.99066,24.6648],[120.99055,24.66052],[120.99496,24.65939],[120.99718,24.65463],[121.01031,24.65621],[121.00821,24.64437],[121.01441,24.6408],[121.02532,24.64127],[121.02627,24.63558],[121.04314,24.62729],[121.05155,24.61518],[121.06247,24.62188],[121.0679,24.61494],[121.07513,24.61203],[121.07549,24.60424],[121.08147,24.60006],[121.08311,24.59004],[121.07526,24.58079],[121.07047,24.56318],[121.06275,24.55745],[121.05828,24.55944],[121.07386,24.54907],[121.0805,24.54092],[121.07809,24.52853],[121.06717,24.52283],[121.07186,24.49837],[121.08545,24.50134],[121.0982,24.49647],[121.11708,24.50847],[121.12325,24.51023],[121.13714,24.5066],[121.14494,24.51181],[121.15062,24.50603],[121.16943,24.50256],[121.17848,24.50769],[121.18667,24.5052],[121.21701,24.51485],[121.21754,24.50969],[121.22365,24.50654],[121.21867,24.49832],[121.2344,24.48807],[121.23453,24.48379],[121.24344,24.47692],[121.24438,24.46996],[121.25816,24.46325],[121.25801,24.45758],[121.2626,24.45549],[121.25808,24.42563],[121.24999,24.4249],[121.24389,24.42008],[121.24357,24.40572],[121.23465,24.39733],[121.23205,24.38401],[121.21587,24.37946],[121.21029,24.39613],[121.19718,24.39658],[121.19023,24.38162],[121.1833,24.381],[121.17343,24.37334],[121.17418,24.36892],[121.16836,24.36092],[121.14841,24.35787],[121.14085,24.35959],[121.12843,24.34216],[121.12412,24.34055],[121.12156,24.33068],[121.11487,24.32864],[121.10847,24.33096],[121.09193,24.31862],[121.08661,24.31759],[121.08146,24.32414],[121.07307,24.32283],[121.07384,24.3192],[121.07022,24.31577],[121.05552,24.3106],[121.04899,24.29596],[121.03412,24.29781],[121.02936,24.3047],[121.01801,24.31129],[121.00415,24.33229],[120.99209,24.32961],[120.98198,24.3359],[120.96649,24.33345],[120.95679,24.33931],[120.94246,24.33914],[120.93563,24.34291],[120.9166,24.33512],[120.9225,24.30395],[120.9119,24.29408],[120.9025,24.29219],[120.87611,24.295],[120.84727,24.2886],[120.83315,24.29066],[120.80652,24.31568],[120.78382,24.31834],[120.76301,24.326],[120.72983,24.35214],[120.70728,24.35781],[120.70745,24.36167],[120.69232,24.36759],[120.68996,24.37428],[120.67733,24.38405],[120.67868,24.38701],[120.66999,24.39207],[120.66372,24.4022],[120.64604,24.4122],[120.63962,24.42778],[120.62862,24.43799],[120.6219,24.43973],[120.64411,24.4563],[120.66536,24.48238],[120.6661,24.48987],[120.68594,24.52031],[120.71117,24.58561],[120.72338,24.60589],[120.73642,24.6121],[120.74545,24.60741],[120.75303,24.61297],[120.75202,24.61954],[120.76061,24.63267],[120.76112,24.63859],[120.77995,24.66076],[120.81316,24.66842],[120.82667,24.66608],[120.82609,24.66911],[120.8309,24.66894]]]}},{"type":"Feature","properties":{"id":"TWN:ADM1:90331920B64302615154142","name":"Kinmen","countryCode":"TWN"},"geometry":{"type":"MultiPolygon","coordinates":[[[[118.21565,24.41242],[118.21985,24.41737],[118.217,24.42556],[118.21942,24.42924],[118.2222,24.42815],[118.21996,24.4262],[118.22611,24.42763],[118.22776,24.43369],[118.22957,24.44694],[118.24356,24.44938],[118.24572,24.45274],[118.24626,24.45276],[118.2555,24.44866],[118.25636,24.44811],[118.26271,24.4418],[118.26254,24.43098],[118.25768,24.42424],[118.25149,24.42421],[118.24671,24.4205],[118.24657,24.41849],[118.2448,24.41515],[118.24113,24.41331],[118.24095,24.41453],[118.23403,24.41369],[118.23075,24.41033],[118.22055,24.40762],[118.21155,24.41228],[118.21565,24.41242]]],[[[118.31112,24.42728],[118.30805,24.43083],[118.30949,24.44085],[118.30239,24.45449],[118.30294,24.46171],[118.28853,24.47048],[118.29232,24.47823],[118.31056,24.48749],[118.3102,24.48992],[118.31413,24.48966],[118.35047,24.46449],[118.37523,24.46136],[118.38561,24.46913],[118.38396,24.47986],[118.38242,24.48114],[118.38272,24.48348],[118.38707,24.48304],[118.39502,24.49202],[118.39187,24.49849],[118.39309,24.51046],[118.40998,24.51675],[118.4085,24.52535],[118.41191,24.52598],[118.41369,24.52459],[118.41772,24.52706],[118.42074,24.52762],[118.42363,24.52711],[118.42641,24.52479],[118.42586,24.52404],[118.43242,24.50934],[118.44542,24.50899],[118.4495,24.5056],[118.4478,24.49953],[118.44919,24.49598],[118.45397,24.49476],[118.45437,24.49378],[118.45322,24.48942],[118.45614,24.48232],[118.46009,24.47971],[118.46182,24.47543],[118.46143,24.47514],[118.46198,24.46426],[118.46598,24.45251],[118.46612,24.45249],[118.46463,24.44119],[118.46066,24.43837],[118.46333,24.43149],[118.45825,24.42591],[118.45816,24.426],[118.45472,24.42422],[118.4549,24.42223],[118.44927,24.41604],[118.44908,24.41604],[118.44848,24.41569],[118.4229,24.4303],[118.40362,24.43601],[118.39769,24.43547],[118.38434,24.43493],[118.38217,24.43405],[118.37286,24.4332],[118.35588,24.42341],[118.35172,24.42173],[118.35061,24.42038],[118.34576,24.41758],[118.33099,24.39648],[118.31822,24.39054],[118.30323,24.39704],[118.29533,24.39751],[118.29092,24.40456],[118.2813,24.41127],[118.28438,24.41482],[118.28927,24.41591],[118.28932,24.4205],[118.2894,24.4206],[118.28943,24.42065],[118.2906,24.41413],[118.29702,24.41438],[118.30223,24.42071],[118.29867,24.42226],[118.30112,24.42453],[118.29182,24.42468],[118.29183,24.42471],[118.30068,24.42462],[118.31112,24.42728]]]]}},{"type":"Feature","properties":{"id":"TWN:ADM1:90331920B66022868712315","name":"Pingtung County","countryCode":"TWN"},"geometry":{"type":"MultiPolygon","coordinates":[[[[120.36322,22.33993],[120.36095,22.34641],[120.36668,22.35142],[120.37312,22.35367],[120.37387,22.35187],[120.37892,22.34504],[120.37713,22.34349],[120.3777,22.34174],[120.36744,22.33531],[120.36614,22.33422],[120.35979,22.32953],[120.35435,22.32517],[120.3529,22.32664],[120.36322,22.33993]]],[[[120.44553,22.46431],[120.44372,22.46729],[120.4374,22.4665],[120.44661,22.46904],[120.44106,22.4756],[120.43813,22.47498],[120.44107,22.47161],[120.43479,22.46772],[120.43231,22.4694],[120.435,22.46819],[120.43947,22.47305],[120.43768,22.4745],[120.4344,22.46976],[120.43012,22.4767],[120.4237,22.47695],[120.42595,22.4981],[120.42283,22.51867],[120.4309,22.54392],[120.43661,22.54755],[120.4421,22.56018],[120.44704,22.586],[120.44582,22.59886],[120.4375,22.60741],[120.43367,22.61773],[120.43615,22.66237],[120.43962,22.67831],[120.44771,22.68856],[120.45281,22.70403],[120.45607,22.7221],[120.4541,22.77112],[120.46407,22.80028],[120.46879,22.83066],[120.47409,22.83681],[120.49273,22.83726],[120.49787,22.83162],[120.51002,22.82851],[120.53062,22.83297],[120.53647,22.82925],[120.55324,22.82838],[120.60537,22.87298],[120.61539,22.87681],[120.62116,22.87569],[120.64495,22.88515],[120.64854,22.87706],[120.65519,22.88156],[120.65798,22.87983],[120.66057,22.85997],[120.67222,22.85635],[120.67689,22.85733],[120.6791,22.8629],[120.69055,22.86486],[120.70435,22.88051],[120.72502,22.88079],[120.73135,22.87605],[120.74247,22.8737],[120.74909,22.86584],[120.75511,22.86462],[120.76222,22.85659],[120.76413,22.84899],[120.77881,22.83518],[120.79279,22.84124],[120.7934,22.852],[120.80104,22.85099],[120.8253,22.86644],[120.83741,22.86411],[120.8474,22.85191],[120.85317,22.85759],[120.86466,22.84309],[120.86546,22.83561],[120.86161,22.82646],[120.86856,22.81691],[120.89116,22.81161],[120.90351,22.79921],[120.90384,22.77566],[120.90017,22.76912],[120.89194,22.76377],[120.89478,22.7625],[120.89565,22.74163],[120.8915,22.72949],[120.88283,22.71667],[120.86149,22.71668],[120.85842,22.7136],[120.85486,22.71753],[120.84859,22.71696],[120.84009,22.7064],[120.83722,22.69732],[120.81991,22.69556],[120.81907,22.69083],[120.81162,22.69205],[120.80907,22.68823],[120.78674,22.69295],[120.79159,22.67928],[120.78623,22.67202],[120.78584,22.66143],[120.76126,22.62986],[120.75446,22.61598],[120.75464,22.60078],[120.74584,22.58957],[120.74879,22.5721],[120.74158,22.56873],[120.73911,22.55324],[120.74991,22.53437],[120.75365,22.51099],[120.76432,22.49522],[120.75765,22.48198],[120.75083,22.47923],[120.75461,22.47131],[120.75104,22.45904],[120.77617,22.45019],[120.77508,22.44344],[120.78958,22.41775],[120.77995,22.40925],[120.77134,22.40684],[120.76549,22.40907],[120.7535,22.405],[120.75766,22.39821],[120.7522,22.39249],[120.75654,22.38836],[120.75052,22.38403],[120.74879,22.3731],[120.74346,22.36734],[120.75277,22.36034],[120.76302,22.35914],[120.76736,22.34764],[120.77528,22.34934],[120.78486,22.34569],[120.79261,22.33554],[120.79673,22.31745],[120.78728,22.30924],[120.77813,22.30856],[120.77776,22.29788],[120.78986,22.29338],[120.79327,22.2858],[120.80559,22.28405],[120.80669,22.27721],[120.79801,22.27645],[120.79629,22.26988],[120.79956,22.2651],[120.79908,22.25712],[120.81539,22.26318],[120.82591,22.25659],[120.83461,22.24531],[120.85867,22.2408],[120.86433,22.23422],[120.86215,22.23062],[120.87606,22.23358],[120.87924,22.05581],[120.8733,22.02998],[120.86362,22.00894],[120.85084,22.00023],[120.8357,21.98725],[120.83619,21.95771],[120.84156,21.92548],[120.84096,21.91525],[120.83607,21.91673],[120.82208,21.93475],[120.81487,21.93442],[120.79737,21.94676],[120.76743,21.9593],[120.73731,21.96613],[120.7361,21.94282],[120.72731,21.93447],[120.71437,21.93749],[120.71145,21.93977],[120.7124,21.96443],[120.71589,21.97268],[120.71421,21.98099],[120.70809,21.98768],[120.70656,21.99556],[120.69933,21.99826],[120.69433,22.00483],[120.68577,22.0273],[120.68995,22.03661],[120.69785,22.04205],[120.69466,22.04739],[120.69748,22.05474],[120.70604,22.05808],[120.70661,22.06928],[120.70089,22.08331],[120.71615,22.09236],[120.71608,22.10529],[120.70986,22.1242],[120.70267,22.13079],[120.70303,22.1378],[120.69839,22.14033],[120.70046,22.14885],[120.69645,22.15484],[120.69343,22.17756],[120.68414,22.19558],[120.68559,22.20832],[120.67167,22.23438],[120.64944,22.25462],[120.65158,22.26736],[120.64323,22.29099],[120.64242,22.30335],[120.63044,22.31923],[120.60697,22.3396],[120.60027,22.35367],[120.59012,22.36327],[120.59272,22.36452],[120.58363,22.37297],[120.54566,22.39791],[120.51642,22.41289],[120.51441,22.42007],[120.51197,22.42475],[120.49529,22.43476],[120.45721,22.45161],[120.43995,22.46259],[120.43721,22.46481],[120.44111,22.46629],[120.44553,22.46431]]]]}},{"type":"Feature","properties":{"id":"TWN:ADM1:90331920B67413603294532","name":"Kaohsiung","countryCode":"TWN"},"geometry":{"type":"MultiPolygon","coordinates":[[[[120.32621,22.52983],[120.32857,22.53163],[120.33198,22.52783],[120.32962,22.52627],[120.32621,22.52983]]],[[[120.31362,22.54832],[120.32791,22.53237],[120.32504,22.52992],[120.31131,22.54612],[120.31362,22.54832]]],[[[120.17505,22.91175],[120.19209,22.9212],[120.21766,22.90963],[120.22953,22.91686],[120.23281,22.90561],[120.24291,22.90348],[120.25469,22.89413],[120.2588,22.89523],[120.25686,22.8994],[120.2593,22.9019],[120.27317,22.89535],[120.27955,22.89629],[120.27796,22.90426],[120.28452,22.9047],[120.3143,22.89972],[120.31948,22.89496],[120.32493,22.9004],[120.33221,22.88933],[120.34913,22.89055],[120.35184,22.88746],[120.35517,22.89036],[120.35338,22.89241],[120.36107,22.89779],[120.35948,22.90138],[120.37248,22.90663],[120.3712,22.91225],[120.38162,22.9211],[120.38683,22.91826],[120.39861,22.92243],[120.40872,22.91233],[120.41607,22.91602],[120.44269,22.97737],[120.44493,22.97952],[120.45298,22.97767],[120.45472,22.99062],[120.46115,22.99075],[120.46036,23.00337],[120.48,23.00271],[120.48406,23.01702],[120.50374,23.02862],[120.53001,23.05573],[120.55459,23.06889],[120.57429,23.09058],[120.57417,23.09486],[120.58816,23.11415],[120.58853,23.12358],[120.60107,23.14411],[120.61179,23.15161],[120.61115,23.15593],[120.61658,23.1631],[120.62137,23.16299],[120.6307,23.17009],[120.62928,23.17433],[120.63608,23.17499],[120.64112,23.18295],[120.63661,23.19033],[120.64351,23.2036],[120.65146,23.20845],[120.65615,23.21759],[120.65349,23.22453],[120.64948,23.22873],[120.65132,23.23576],[120.64856,23.24912],[120.64219,23.25666],[120.63828,23.2693],[120.64318,23.27601],[120.64391,23.2962],[120.64712,23.29735],[120.65199,23.29115],[120.65864,23.2959],[120.67728,23.28784],[120.69962,23.28446],[120.7035,23.28915],[120.70294,23.29775],[120.70674,23.30464],[120.71233,23.30868],[120.73062,23.30562],[120.73223,23.31373],[120.75288,23.32699],[120.75246,23.33111],[120.75801,23.3348],[120.75794,23.34419],[120.76449,23.34166],[120.76855,23.34382],[120.78334,23.3422],[120.79203,23.35728],[120.80066,23.36067],[120.80388,23.37039],[120.80843,23.36838],[120.8254,23.37165],[120.82907,23.37578],[120.83075,23.38629],[120.83461,23.38665],[120.83674,23.3933],[120.84103,23.39494],[120.83835,23.39797],[120.84941,23.41208],[120.84954,23.42013],[120.85878,23.42504],[120.86453,23.42391],[120.88376,23.43621],[120.88676,23.43484],[120.8918,23.4466],[120.8952,23.44602],[120.90067,23.45417],[120.90562,23.4532],[120.90991,23.45777],[120.92125,23.45915],[120.92851,23.45549],[120.9346,23.45835],[120.93661,23.46373],[120.94835,23.46409],[120.96717,23.47169],[120.99911,23.4622],[121.00771,23.46268],[121.01494,23.45425],[121.01047,23.4411],[121.01514,23.4352],[121.01411,23.43077],[121.02071,23.42949],[121.02256,23.42476],[121.02942,23.42233],[121.02488,23.41463],[121.0284,23.40386],[121.01076,23.39514],[121.00323,23.3948],[121.00111,23.39167],[121.00771,23.38476],[120.99992,23.38225],[120.98801,23.37058],[120.98704,23.35892],[121.00274,23.35511],[121.01031,23.34581],[121.02003,23.35046],[121.02683,23.33771],[121.0488,23.32531],[121.04644,23.30906],[121.03212,23.30372],[121.02387,23.29373],[121.00998,23.29252],[120.98662,23.28031],[120.97213,23.28193],[120.94662,23.25306],[120.9413,23.25197],[120.93774,23.2448],[120.93133,23.24248],[120.92621,23.24445],[120.9158,23.23799],[120.91156,23.22786],[120.9116,23.20919],[120.9068,23.20549],[120.90589,23.19939],[120.91153,23.19013],[120.9111,23.18228],[120.89854,23.17646],[120.89498,23.16069],[120.87639,23.15134],[120.88568,23.14445],[120.88807,23.12245],[120.88497,23.11928],[120.8894,23.11006],[120.88556,23.08891],[120.86916,23.05969],[120.87976,23.0477],[120.87985,23.03518],[120.86188,23.03107],[120.86061,23.00796],[120.85822,23.00504],[120.85106,23.0051],[120.85209,22.99992],[120.84897,22.99461],[120.84199,22.99104],[120.84116,22.98402],[120.83244,22.98034],[120.82903,22.97416],[120.8302,22.97002],[120.82085,22.96217],[120.82473,22.95257],[120.82182,22.9352],[120.83328,22.91229],[120.82865,22.90412],[120.83338,22.90003],[120.84044,22.882],[120.85971,22.87836],[120.86492,22.87245],[120.86411,22.86655],[120.85915,22.86339],[120.86952,22.85779],[120.86466,22.84309],[120.85317,22.85759],[120.8474,22.85191],[120.83741,22.86411],[120.8253,22.86644],[120.80104,22.85099],[120.7934,22.852],[120.79279,22.84124],[120.77881,22.83518],[120.76413,22.84899],[120.76222,22.85659],[120.75511,22.86462],[120.74909,22.86584],[120.74247,22.8737],[120.73135,22.87605],[120.72502,22.88079],[120.70435,22.88051],[120.69055,22.86486],[120.6791,22.8629],[120.67689,22.85733],[120.67222,22.85635],[120.66057,22.85997],[120.65798,22.87983],[120.65519,22.88156],[120.64854,22.87706],[120.64495,22.88515],[120.62116,22.87569],[120.61539,22.87681],[120.60537,22.87298],[120.55324,22.82838],[120.53647,22.82925],[120.53062,22.83297],[120.51002,22.82851],[120.49787,22.83162],[120.49273,22.83726],[120.47409,22.83681],[120.46879,22.83066],[120.46407,22.80028],[120.4541,22.77112],[120.45607,22.7221],[120.45281,22.70403],[120.44771,22.68856],[120.43962,22.67831],[120.43615,22.66237],[120.43367,22.61773],[120.4375,22.60741],[120.44599,22.59823],[120.44441,22.56989],[120.43661,22.54755],[120.4309,22.54392],[120.42283,22.51867],[120.42595,22.4981],[120.4237,22.47695],[120.42236,22.47684],[120.42172,22.47736],[120.41326,22.48233],[120.40211,22.4868],[120.39601,22.48648],[120.39121,22.48483],[120.36074,22.50752],[120.35133,22.50824],[120.33453,22.52201],[120.33723,22.52493],[120.33341,22.52876],[120.33309,22.52856],[120.33032,22.54108],[120.33237,22.53873],[120.33732,22.53691],[120.33556,22.53942],[120.34039,22.54141],[120.3493,22.53769],[120.34262,22.5428],[120.34612,22.54775],[120.34096,22.54404],[120.33612,22.5492],[120.33988,22.55488],[120.33205,22.54928],[120.32584,22.55663],[120.33073,22.56017],[120.32886,22.56239],[120.32394,22.55878],[120.31992,22.56582],[120.31807,22.56904],[120.31937,22.56999],[120.31761,22.56985],[120.31349,22.57705],[120.30477,22.58622],[120.30623,22.58741],[120.30431,22.58671],[120.29331,22.59829],[120.28425,22.60602],[120.28181,22.60998],[120.29198,22.60711],[120.30015,22.59114],[120.29934,22.59745],[120.31056,22.60157],[120.29929,22.59817],[120.29663,22.60961],[120.28988,22.6121],[120.2911,22.61929],[120.28858,22.61625],[120.28002,22.62016],[120.27957,22.61933],[120.28865,22.61515],[120.2878,22.61353],[120.27628,22.61899],[120.27014,22.6181],[120.26937,22.6238],[120.26962,22.6185],[120.26303,22.62412],[120.26313,22.62706],[120.25174,22.64517],[120.25088,22.6641],[120.26366,22.67291],[120.26219,22.69077],[120.26571,22.68982],[120.26824,22.67996],[120.27478,22.68394],[120.27149,22.68798],[120.27365,22.69471],[120.27092,22.69619],[120.27476,22.69577],[120.27477,22.69817],[120.27097,22.69782],[120.27133,22.70092],[120.27474,22.70084],[120.27488,22.70675],[120.26415,22.70837],[120.26724,22.70697],[120.26366,22.7051],[120.26398,22.69762],[120.25963,22.69612],[120.26209,22.699],[120.25605,22.71826],[120.25261,22.72409],[120.24844,22.72427],[120.25065,22.72722],[120.23431,22.76007],[120.22918,22.76078],[120.23341,22.76359],[120.21492,22.80449],[120.21149,22.80754],[120.20366,22.80622],[120.20245,22.81297],[120.20943,22.81697],[120.20271,22.83479],[120.20346,22.83967],[120.20135,22.84414],[120.19843,22.84614],[120.19693,22.85012],[120.19476,22.84902],[120.1918,22.85169],[120.19088,22.85401],[120.18973,22.8583],[120.19293,22.85918],[120.19311,22.86338],[120.17505,22.91175]]]]}},{"type":"Feature","properties":{"id":"TWN:ADM1:90331920B68512430020187","name":"Matsu Islands","countryCode":"TWN"},"geometry":{"type":"MultiPolygon","coordinates":[[[[119.97364,25.95312],[119.97129,25.95603],[119.97003,25.95464],[119.97584,25.96674],[119.98474,25.96498],[119.97873,25.95952],[119.97925,25.95593],[119.97364,25.95312]]],[[[119.98863,25.9689],[119.98888,25.96873],[119.9854,25.96558],[119.98585,25.96813],[119.98863,25.9689]]],[[[119.93532,25.9676],[119.92856,25.97667],[119.94199,25.9809],[119.94667,25.97872],[119.94519,25.97528],[119.93814,25.97294],[119.93543,25.96761],[119.93532,25.9676]]],[[[119.91961,26.16934],[119.9236,26.16987],[119.92343,26.16523],[119.92433,26.16308],[119.92386,26.16207],[119.93134,26.16033],[119.93295,26.15982],[119.93545,26.15872],[119.93679,26.15329],[119.94348,26.1582],[119.94148,26.16052],[119.95317,26.16662],[119.95452,26.16446],[119.95604,26.16688],[119.96404,26.16694],[119.9642,26.1628],[119.9594,26.15564],[119.95487,26.1511],[119.94968,26.1533],[119.94473,26.14559],[119.93926,26.14303],[119.93799,26.14277],[119.9345,26.14539],[119.92891,26.14154],[119.93052,26.13961],[119.92628,26.13898],[119.92395,26.14039],[119.92348,26.14194],[119.92173,26.14174],[119.91668,26.1448],[119.91393,26.15248],[119.91774,26.15796],[119.91491,26.1588],[119.91562,26.16238],[119.91648,26.16388],[119.91763,26.16513],[119.91756,26.16576],[119.91961,26.16934]]],[[[119.96825,26.21869],[119.96876,26.22012],[119.97307,26.22248],[119.97826,26.22401],[119.98315,26.2251],[119.98676,26.22905],[119.99407,26.23306],[120.00359,26.2318],[120.00545,26.22929],[120.0041,26.2235],[120.00752,26.22651],[120.00864,26.225],[120.01189,26.22325],[120.01222,26.22284],[120.01005,26.21962],[120.01286,26.21782],[120.01163,26.21427],[120.0064,26.22238],[119.99915,26.21922],[119.99912,26.21924],[120.00054,26.22299],[119.99242,26.21628],[119.98992,26.21507],[119.98959,26.21519],[119.98929,26.21782],[119.98519,26.21864],[119.97515,26.21446],[119.97178,26.2075],[119.97186,26.19902],[119.97259,26.19813],[119.97168,26.19475],[119.97139,26.19503],[119.96789,26.19416],[119.96689,26.19473],[119.9661,26.19706],[119.96564,26.20465],[119.96566,26.2048],[119.96901,26.20528],[119.96635,26.20681],[119.97109,26.21255],[119.96825,26.21869]]],[[[120.49239,26.37056],[120.49368,26.37701],[120.49994,26.37801],[120.49941,26.37566],[120.49903,26.3758],[120.49635,26.37438],[120.49374,26.37124],[120.48959,26.36412],[120.48837,26.36587],[120.48575,26.36629],[120.48634,26.3666],[120.48126,26.37049],[120.47922,26.36894],[120.47751,26.3698],[120.47746,26.37089],[120.48105,26.37592],[120.4791,26.38068],[120.48116,26.38176],[120.48341,26.37658],[120.48153,26.37114],[120.48579,26.36982],[120.49239,26.37056]]]]}},{"type":"Feature","properties":{"id":"TWN:ADM1:90331920B72000317509667","name":"Hsinchu County","countryCode":"TWN"},"geometry":{"type":"Polygon","coordinates":[[[120.98581,24.93967],[120.97926,24.93141],[120.9711,24.92789],[120.96616,24.90412],[120.95552,24.89109],[120.94486,24.86943],[120.92959,24.85321],[120.94009,24.85022],[120.94481,24.84106],[120.95499,24.83451],[120.97464,24.82998],[120.98305,24.83094],[120.98789,24.82544],[121.00035,24.82208],[121.00829,24.81621],[121.02577,24.79904],[121.02058,24.79883],[121.02315,24.79615],[121.02071,24.79383],[121.02454,24.78905],[121.02309,24.78505],[121.02751,24.78264],[121.02493,24.78002],[121.02971,24.77698],[121.02989,24.76648],[121.03354,24.76372],[121.02801,24.75821],[121.02083,24.75654],[121.00972,24.77377],[120.99308,24.78061],[120.99025,24.77688],[120.98582,24.77689],[120.98322,24.77325],[120.98838,24.76811],[120.98188,24.76738],[120.97931,24.76329],[120.96985,24.76516],[120.96736,24.75645],[120.95748,24.74966],[120.95747,24.74528],[120.94391,24.74397],[120.93983,24.73272],[120.94236,24.73037],[120.93798,24.72947],[120.93858,24.71664],[120.9354,24.71257],[120.942,24.70733],[120.94976,24.71122],[120.95325,24.70405],[120.9634,24.71148],[120.97498,24.71104],[120.97668,24.70643],[120.97217,24.70338],[120.97404,24.69694],[120.96638,24.69119],[120.96447,24.68358],[120.97555,24.68456],[120.977,24.67364],[120.98156,24.67198],[120.98698,24.66361],[120.99066,24.6648],[120.99055,24.66052],[120.99496,24.65939],[120.99718,24.65463],[121.01031,24.65621],[121.00821,24.64437],[121.01441,24.6408],[121.02532,24.64127],[121.02627,24.63558],[121.04314,24.62729],[121.05155,24.61518],[121.06247,24.62188],[121.0679,24.61494],[121.07513,24.61203],[121.07549,24.60424],[121.08147,24.60006],[121.08311,24.59004],[121.07526,24.58079],[121.07047,24.56318],[121.06275,24.55745],[121.05828,24.55944],[121.07386,24.54907],[121.0805,24.54092],[121.07809,24.52853],[121.06717,24.52283],[121.07186,24.49837],[121.08545,24.50134],[121.0982,24.49647],[121.11708,24.50847],[121.12325,24.51023],[121.13714,24.5066],[121.14494,24.51181],[121.15062,24.50603],[121.16943,24.50256],[121.18017,24.50801],[121.18667,24.5052],[121.19574,24.50704],[121.20316,24.51252],[121.20972,24.51143],[121.21561,24.51569],[121.21754,24.50969],[121.22365,24.50654],[121.21867,24.49832],[121.2344,24.48807],[121.23453,24.48379],[121.24344,24.47692],[121.24438,24.46996],[121.25816,24.46325],[121.25801,24.45758],[121.2626,24.45549],[121.25893,24.44065],[121.26003,24.42915],[121.2699,24.42737],[121.27164,24.42977],[121.30546,24.43256],[121.31373,24.43727],[121.32503,24.45864],[121.33606,24.46741],[121.33561,24.47196],[121.34274,24.48212],[121.35756,24.48644],[121.36404,24.49512],[121.37125,24.49831],[121.37342,24.50993],[121.38348,24.51013],[121.39055,24.52294],[121.40142,24.52883],[121.39674,24.53978],[121.39876,24.54819],[121.39474,24.55583],[121.40362,24.56877],[121.41233,24.57344],[121.40303,24.59171],[121.38723,24.58655],[121.37274,24.59377],[121.36329,24.60314],[121.35884,24.61736],[121.36306,24.62067],[121.36639,24.63181],[121.35781,24.63374],[121.35244,24.64337],[121.35333,24.66784],[121.345,24.66657],[121.34374,24.66945],[121.33916,24.66664],[121.33892,24.67906],[121.32378,24.69522],[121.31597,24.69818],[121.30411,24.69299],[121.29961,24.69524],[121.30759,24.72029],[121.29808,24.73331],[121.30772,24.75516],[121.30086,24.76358],[121.27723,24.77096],[121.27112,24.77486],[121.27081,24.77832],[121.25984,24.78208],[121.26049,24.79284],[121.24756,24.7969],[121.24742,24.80374],[121.24357,24.80862],[121.2216,24.79936],[121.21948,24.8119],[121.20468,24.80726],[121.2033,24.81732],[121.19882,24.81492],[121.18676,24.82339],[121.17365,24.82767],[121.17619,24.83212],[121.16002,24.8374],[121.1543,24.84417],[121.14993,24.84433],[121.16144,24.85957],[121.15567,24.88069],[121.13898,24.88244],[121.13563,24.878],[121.12202,24.88023],[121.10788,24.88601],[121.11104,24.89133],[121.10905,24.89769],[121.09117,24.89337],[121.08283,24.89912],[121.071,24.89952],[121.06919,24.90272],[121.05809,24.90536],[121.06093,24.92368],[121.05753,24.93046],[121.05834,24.93669],[121.03824,24.94636],[121.01943,24.94045],[121.00771,24.94633],[121.00345,24.94015],[120.99439,24.93908],[120.99268,24.93495],[120.98581,24.93967]]]}},{"type":"Feature","properties":{"id":"TWN:ADM1:90331920B80042697765976","name":"Nantou County","countryCode":"TWN"},"geometry":{"type":"Polygon","coordinates":[[[120.9576,23.46948],[120.96717,23.47169],[120.99911,23.4622],[121.00771,23.46268],[121.01581,23.45172],[121.01031,23.44547],[121.01514,23.4352],[121.0264,23.43896],[121.0349,23.44591],[121.05174,23.45084],[121.05909,23.46168],[121.03912,23.4742],[121.05349,23.48773],[121.05408,23.49565],[121.0623,23.49973],[121.06845,23.51842],[121.08805,23.51402],[121.0919,23.51454],[121.09738,23.52168],[121.10367,23.51891],[121.11763,23.52166],[121.13532,23.51498],[121.1447,23.52584],[121.15112,23.52704],[121.14692,23.53402],[121.15116,23.5447],[121.1462,23.55469],[121.15179,23.56047],[121.15706,23.5595],[121.16046,23.56647],[121.16041,23.56973],[121.15214,23.57312],[121.1534,23.58681],[121.16676,23.58713],[121.17817,23.58263],[121.17963,23.58991],[121.19358,23.60028],[121.206,23.59576],[121.21359,23.60062],[121.21736,23.61472],[121.22485,23.62714],[121.22403,23.63869],[121.23562,23.66171],[121.23602,23.67037],[121.23244,23.67742],[121.23938,23.68684],[121.24121,23.70874],[121.23776,23.72004],[121.23947,23.72411],[121.22964,23.73005],[121.22856,23.73507],[121.2288,23.74443],[121.23252,23.75057],[121.22156,23.75269],[121.20648,23.76263],[121.2087,23.76583],[121.20464,23.77235],[121.23046,23.78807],[121.22661,23.79237],[121.22604,23.80223],[121.22747,23.80844],[121.23449,23.81207],[121.23479,23.81798],[121.23913,23.82184],[121.23667,23.82517],[121.23937,23.84033],[121.24888,23.85214],[121.25308,23.86798],[121.25817,23.87253],[121.26527,23.87293],[121.26317,23.88069],[121.26849,23.88385],[121.26657,23.89839],[121.26114,23.90267],[121.27607,23.90969],[121.27645,23.92345],[121.27205,23.93829],[121.27432,23.94567],[121.27172,23.94844],[121.2779,23.96567],[121.27351,23.97526],[121.26454,23.97554],[121.25994,23.99045],[121.28569,24.03972],[121.28312,24.05401],[121.29563,24.06384],[121.29947,24.06184],[121.30816,24.0733],[121.32322,24.08521],[121.31891,24.09491],[121.32573,24.10265],[121.32842,24.11456],[121.31558,24.1166],[121.29537,24.13261],[121.28134,24.13565],[121.28466,24.1522],[121.28033,24.1578],[121.28831,24.15769],[121.28632,24.17757],[121.30664,24.1802],[121.31595,24.18539],[121.32517,24.19593],[121.34917,24.20033],[121.34904,24.21108],[121.34275,24.22365],[121.33515,24.22887],[121.31408,24.235],[121.30389,24.23367],[121.30116,24.2367],[121.29314,24.22917],[121.27999,24.22977],[121.27677,24.23554],[121.26891,24.23792],[121.26464,24.24588],[121.25464,24.24284],[121.24415,24.22249],[121.23795,24.2197],[121.23042,24.22352],[121.23076,24.22606],[121.21943,24.22921],[121.20842,24.22163],[121.19634,24.22301],[121.19126,24.21636],[121.18145,24.21204],[121.16761,24.22539],[121.16098,24.21518],[121.14785,24.21288],[121.14137,24.19964],[121.13635,24.19634],[121.10841,24.19801],[121.10169,24.19563],[121.08487,24.17593],[121.06459,24.16301],[121.0594,24.16278],[121.05266,24.15479],[121.04758,24.16003],[121.03805,24.15818],[121.03342,24.14857],[121.02775,24.15956],[121.01953,24.15872],[121.00816,24.14705],[120.99956,24.12776],[120.99202,24.12525],[120.98908,24.11877],[120.97587,24.11686],[120.97117,24.12025],[120.96121,24.12016],[120.95012,24.12786],[120.93254,24.11259],[120.91988,24.10744],[120.90956,24.10924],[120.90488,24.1145],[120.89152,24.11591],[120.89424,24.10686],[120.89128,24.0977],[120.88587,24.0954],[120.87802,24.08504],[120.87686,24.09119],[120.8815,24.10051],[120.87914,24.1093],[120.87244,24.11684],[120.8586,24.11621],[120.85386,24.12452],[120.84491,24.12454],[120.83626,24.11694],[120.83038,24.10282],[120.83249,24.09875],[120.82837,24.09394],[120.82929,24.0715],[120.8145,24.06991],[120.80798,24.06538],[120.79736,24.04109],[120.7917,24.03525],[120.7929,24.03244],[120.77519,24.01856],[120.77067,24.00914],[120.75796,24.00611],[120.74603,23.99856],[120.73172,24.00901],[120.71923,24.00965],[120.70638,24.00519],[120.67876,24.01423],[120.67008,24.00996],[120.67369,24.00809],[120.67258,24.00585],[120.64602,24.00916],[120.64034,24.00573],[120.63809,24.00741],[120.63682,23.99451],[120.65019,23.98398],[120.64631,23.97324],[120.64688,23.96349],[120.64265,23.95827],[120.6354,23.95225],[120.63112,23.9563],[120.62698,23.95644],[120.63384,23.95337],[120.62759,23.95177],[120.63465,23.94371],[120.63016,23.94296],[120.63764,23.93559],[120.63548,23.93745],[120.62782,23.93108],[120.6374,23.92409],[120.63645,23.91937],[120.63353,23.91958],[120.63471,23.91312],[120.6294,23.91082],[120.63421,23.90768],[120.63136,23.90343],[120.63506,23.8986],[120.63271,23.88976],[120.6273,23.88951],[120.62958,23.88463],[120.62395,23.86893],[120.6199,23.86837],[120.62223,23.86012],[120.62781,23.8574],[120.62344,23.8489],[120.61943,23.84962],[120.62359,23.84707],[120.61549,23.84048],[120.61717,23.83763],[120.62084,23.84166],[120.62224,23.83866],[120.62612,23.84192],[120.62905,23.83868],[120.62492,23.8366],[120.62997,23.83735],[120.6291,23.8344],[120.63364,23.83409],[120.62424,23.83175],[120.62359,23.82949],[120.63705,23.83279],[120.63435,23.83111],[120.64,23.82511],[120.63702,23.82586],[120.63386,23.82584],[120.63919,23.82457],[120.63776,23.82178],[120.65091,23.81251],[120.67635,23.81929],[120.67898,23.80595],[120.68341,23.80542],[120.68395,23.80157],[120.67492,23.79973],[120.66377,23.79214],[120.64037,23.78605],[120.65553,23.75543],[120.65582,23.73504],[120.64452,23.73664],[120.63998,23.72991],[120.64169,23.72242],[120.63897,23.71058],[120.64566,23.7031],[120.64341,23.69973],[120.64826,23.68282],[120.6469,23.67269],[120.63503,23.65187],[120.63515,23.64276],[120.6291,23.63519],[120.63084,23.62205],[120.63538,23.61988],[120.64537,23.63121],[120.65291,23.62959],[120.65144,23.61611],[120.66913,23.60935],[120.68369,23.61094],[120.68602,23.61806],[120.69111,23.62016],[120.70215,23.61725],[120.7104,23.61921],[120.7141,23.62108],[120.71308,23.62791],[120.71855,23.62994],[120.72284,23.62284],[120.73057,23.61845],[120.7309,23.61077],[120.74748,23.61117],[120.75345,23.61487],[120.76377,23.61247],[120.77802,23.60216],[120.791,23.60095],[120.79499,23.59718],[120.8176,23.59958],[120.81987,23.59037],[120.82551,23.58641],[120.81983,23.57755],[120.82065,23.56244],[120.80883,23.54587],[120.80861,23.53602],[120.82035,23.52149],[120.82289,23.49851],[120.83277,23.47459],[120.83918,23.47113],[120.86342,23.47356],[120.88045,23.4676],[120.88644,23.47548],[120.90195,23.47609],[120.91749,23.47567],[120.93083,23.47064],[120.93734,23.47312],[120.94763,23.46707],[120.9576,23.46948]]]}},{"type":"Feature","properties":{"id":"TWN:ADM1:90331920B80296133377427","name":"Penghu","countryCode":"TWN"},"geometry":{"type":"MultiPolygon","coordinates":[[[[119.4181,23.19345],[119.4202,23.19433],[119.42158,23.19334],[119.41982,23.19251],[119.4181,23.19345]]],[[[119.43564,23.20669],[119.43108,23.20279],[119.42498,23.19493],[119.42172,23.1934],[119.42181,23.19614],[119.41628,23.1939],[119.41608,23.19412],[119.42102,23.20297],[119.41085,23.2157],[119.43611,23.21894],[119.4367,23.21239],[119.43564,23.20669]]],[[[119.4901,23.3962],[119.4928,23.39662],[119.49529,23.39354],[119.49551,23.39349],[119.49693,23.39044],[119.49999,23.38969],[119.50034,23.38268],[119.50221,23.37727],[119.50522,23.37527],[119.50782,23.37291],[119.5053,23.3675],[119.50099,23.36343],[119.50131,23.36022],[119.5031,23.35668],[119.49757,23.35468],[119.48856,23.35547],[119.48744,23.35693],[119.49495,23.36577],[119.49172,23.37936],[119.4952,23.38757],[119.4901,23.3962]]],[[[119.32089,23.40302],[119.31861,23.39981],[119.31547,23.39906],[119.31463,23.40349],[119.31822,23.40948],[119.32073,23.40864],[119.31967,23.40681],[119.32089,23.40302]]],[[[119.50881,23.48566],[119.5102,23.49128],[119.51379,23.48769],[119.50905,23.48545],[119.50881,23.48566]]],[[[119.4823,23.57523],[119.49051,23.57085],[119.48023,23.56932],[119.47536,23.56915],[119.4823,23.57523]]],[[[119.49247,23.59526],[119.49234,23.5949],[119.49227,23.59494],[119.49247,23.59526]]],[[[119.50276,23.62273],[119.50123,23.61982],[119.5009,23.61889],[119.49936,23.62009],[119.50276,23.62273]]],[[[119.50199,23.63079],[119.50944,23.6439],[119.51735,23.6376],[119.50782,23.63239],[119.50368,23.6245],[119.50199,23.63079]]],[[[119.66762,23.25677],[119.66661,23.26115],[119.66844,23.26122],[119.66782,23.25967],[119.66928,23.25886],[119.66762,23.25677]]],[[[119.51429,23.36708],[119.51619,23.3695],[119.51622,23.36783],[119.51429,23.36708]]],[[[119.53083,23.37308],[119.53272,23.37202],[119.53191,23.36762],[119.52858,23.36689],[119.52556,23.36701],[119.51927,23.36369],[119.51857,23.36436],[119.51887,23.36708],[119.52738,23.36826],[119.52749,23.37235],[119.53083,23.37308]]],[[[119.52215,23.4899],[119.51954,23.48969],[119.51785,23.48912],[119.52077,23.49221],[119.5335,23.49669],[119.52483,23.49132],[119.52337,23.49091],[119.52215,23.4899]]],[[[119.54343,23.53734],[119.54406,23.53721],[119.54361,23.53708],[119.54343,23.53734]]],[[[119.5485,23.53296],[119.54911,23.53623],[119.55568,23.53495],[119.55442,23.53133],[119.55676,23.52727],[119.56136,23.52682],[119.5608,23.5307],[119.56456,23.52986],[119.56562,23.53448],[119.57445,23.52776],[119.57116,23.52553],[119.57384,23.51993],[119.57876,23.52287],[119.58019,23.53203],[119.58555,23.52957],[119.58912,23.53171],[119.59603,23.52662],[119.59931,23.53036],[119.59569,23.5323],[119.59507,23.53804],[119.60338,23.54115],[119.60041,23.54289],[119.60239,23.54687],[119.59946,23.55034],[119.59437,23.54805],[119.59445,23.54934],[119.59539,23.55016],[119.59114,23.55276],[119.59103,23.54968],[119.59097,23.55211],[119.58742,23.5518],[119.58324,23.55016],[119.57789,23.55199],[119.57409,23.5541],[119.57583,23.5546],[119.57214,23.55903],[119.57242,23.55941],[119.57377,23.55917],[119.57628,23.5569],[119.57746,23.55859],[119.57242,23.56304],[119.57687,23.56046],[119.57636,23.56329],[119.5798,23.5633],[119.57442,23.56791],[119.56826,23.56202],[119.56899,23.56438],[119.56386,23.56276],[119.56069,23.56727],[119.56277,23.56926],[119.55986,23.57023],[119.56073,23.57112],[119.56633,23.5735],[119.5673,23.575],[119.5616,23.58489],[119.57458,23.58485],[119.58418,23.59409],[119.58609,23.5859],[119.58271,23.58316],[119.58555,23.58002],[119.58539,23.57965],[119.58303,23.58042],[119.58281,23.57984],[119.58587,23.57804],[119.58918,23.57953],[119.58585,23.57333],[119.59415,23.57467],[119.59398,23.57051],[119.59732,23.56899],[119.59745,23.57415],[119.60185,23.577],[119.59792,23.5782],[119.59844,23.58261],[119.60643,23.58544],[119.60718,23.59065],[119.62159,23.59467],[119.62713,23.59411],[119.62474,23.59211],[119.62614,23.58282],[119.62009,23.57077],[119.63104,23.58289],[119.63258,23.59357],[119.63331,23.59349],[119.63901,23.59387],[119.63754,23.59075],[119.64131,23.58602],[119.64337,23.58792],[119.64299,23.59575],[119.64643,23.59681],[119.64842,23.60269],[119.66578,23.57331],[119.67066,23.55923],[119.67009,23.55649],[119.6696,23.55633],[119.66662,23.56146],[119.65369,23.5602],[119.65138,23.56159],[119.64064,23.56354],[119.62566,23.55581],[119.615,23.55463],[119.60971,23.55195],[119.60678,23.54682],[119.60271,23.53262],[119.60011,23.52839],[119.58237,23.51895],[119.57352,23.51781],[119.57008,23.52419],[119.56334,23.52623],[119.55672,23.52351],[119.55311,23.53229],[119.5485,23.53296]]],[[[119.60748,23.59291],[119.60269,23.60104],[119.60774,23.60439],[119.61113,23.60377],[119.60841,23.59487],[119.60748,23.59291]]],[[[119.57029,23.67023],[119.57091,23.67178],[119.56818,23.67246],[119.5748,23.67508],[119.57887,23.67308],[119.59108,23.66352],[119.5962,23.65327],[119.5877,23.64569],[119.57976,23.65634],[119.58074,23.6615],[119.56785,23.6603],[119.56317,23.65031],[119.55204,23.65932],[119.55169,23.65907],[119.54931,23.66124],[119.54918,23.66209],[119.55373,23.66939],[119.5593,23.67002],[119.56027,23.67486],[119.56086,23.67066],[119.57029,23.67023]]],[[[119.59964,23.73566],[119.5952,23.7387],[119.60726,23.75269],[119.6128,23.74982],[119.61126,23.74356],[119.60271,23.73912],[119.59964,23.73566]]]]}},{"type":"Feature","properties":{"id":"TWN:ADM1:90331920B81947240122251","name":"Yilan County","countryCode":"TWN"},"geometry":{"type":"MultiPolygon","coordinates":[[[[121.74452,24.32292],[121.71354,24.32688],[121.69521,24.33487],[121.68858,24.33362],[121.68539,24.34077],[121.67513,24.33766],[121.67395,24.34339],[121.66893,24.34324],[121.66286,24.35311],[121.65356,24.35214],[121.65028,24.35991],[121.64781,24.35783],[121.65071,24.35102],[121.64856,24.34963],[121.63477,24.36652],[121.63084,24.36611],[121.63112,24.37053],[121.62179,24.36669],[121.62037,24.36326],[121.62359,24.36225],[121.62112,24.35836],[121.62676,24.35433],[121.62685,24.34952],[121.63543,24.34759],[121.63129,24.34399],[121.63271,24.3347],[121.62861,24.33373],[121.62741,24.34111],[121.62273,24.33948],[121.6188,24.34545],[121.61749,24.33362],[121.60782,24.33545],[121.60466,24.32909],[121.59906,24.33364],[121.59567,24.33161],[121.60528,24.31716],[121.60573,24.30946],[121.59704,24.31633],[121.58941,24.31382],[121.57636,24.31959],[121.56649,24.3192],[121.55977,24.32292],[121.556,24.33122],[121.5452,24.33772],[121.53312,24.33708],[121.52179,24.34304],[121.49433,24.34077],[121.4857,24.34858],[121.46542,24.35532],[121.45096,24.36547],[121.44701,24.37551],[121.44173,24.37373],[121.43686,24.38349],[121.40697,24.37806],[121.39983,24.38012],[121.38901,24.37557],[121.38685,24.37019],[121.3812,24.36753],[121.37305,24.36847],[121.36856,24.37272],[121.36635,24.37931],[121.36906,24.38289],[121.36401,24.3895],[121.35359,24.39362],[121.34247,24.39321],[121.33826,24.38993],[121.33131,24.39832],[121.32569,24.40006],[121.32741,24.4334],[121.31766,24.44149],[121.32438,24.45766],[121.33606,24.46741],[121.33561,24.47196],[121.34274,24.48212],[121.35756,24.48644],[121.36404,24.49512],[121.37125,24.49831],[121.37342,24.50993],[121.38348,24.51013],[121.39055,24.52294],[121.40153,24.529],[121.39684,24.5393],[121.39876,24.54819],[121.39474,24.55583],[121.40362,24.56877],[121.41233,24.57344],[121.40314,24.59203],[121.41271,24.60363],[121.41854,24.6011],[121.42761,24.60576],[121.43591,24.62709],[121.44499,24.63727],[121.44508,24.64325],[121.45134,24.65095],[121.44756,24.65624],[121.44936,24.66192],[121.45916,24.67281],[121.48747,24.6752],[121.49278,24.67318],[121.51181,24.68435],[121.52409,24.68334],[121.52786,24.68894],[121.53679,24.68842],[121.53786,24.69988],[121.54325,24.70567],[121.55068,24.70574],[121.5565,24.71125],[121.57036,24.71395],[121.57469,24.71007],[121.57821,24.72229],[121.58701,24.72007],[121.59757,24.72772],[121.59366,24.72972],[121.59522,24.73992],[121.59165,24.74468],[121.59608,24.74832],[121.58897,24.75512],[121.59758,24.7722],[121.59219,24.7878],[121.6058,24.78918],[121.60958,24.79374],[121.62107,24.79245],[121.62569,24.79519],[121.62593,24.80883],[121.64512,24.80929],[121.64737,24.81395],[121.66072,24.81082],[121.66899,24.81804],[121.67415,24.81409],[121.68064,24.81752],[121.68838,24.81619],[121.69013,24.82155],[121.68766,24.82495],[121.69589,24.82959],[121.69632,24.8348],[121.70207,24.83449],[121.71419,24.84172],[121.73021,24.8552],[121.74541,24.85279],[121.761,24.85672],[121.76845,24.86589],[121.77555,24.86515],[121.77723,24.87086],[121.78519,24.87416],[121.78167,24.88948],[121.79303,24.89626],[121.79197,24.89988],[121.80474,24.90124],[121.8116,24.90652],[121.81833,24.90273],[121.83174,24.9049],[121.85364,24.92517],[121.83905,24.94461],[121.84136,24.95418],[121.8469,24.9603],[121.8613,24.96369],[121.87163,24.96072],[121.88851,24.96318],[121.89714,24.96703],[121.90283,24.97441],[121.9103,24.97477],[121.91484,24.97936],[121.93351,24.98089],[121.94458,24.98817],[121.96304,24.98759],[121.96526,24.98389],[121.96337,24.98304],[121.95638,24.98274],[121.94133,24.97353],[121.92647,24.96951],[121.92167,24.96261],[121.90577,24.9501],[121.89713,24.94054],[121.89482,24.94073],[121.88831,24.93622],[121.88699,24.92933],[121.85249,24.89118],[121.85123,24.89067],[121.85028,24.88873],[121.83473,24.87153],[121.8235,24.85493],[121.81463,24.83173],[121.80885,24.80516],[121.80681,24.77875],[121.80779,24.75312],[121.82032,24.69965],[121.81959,24.68598],[121.81422,24.67231],[121.81495,24.64436],[121.82797,24.62279],[121.85271,24.60887],[121.88185,24.60399],[121.88185,24.59919],[121.88172,24.59918],[121.88127,24.59786],[121.86948,24.59894],[121.85776,24.59785],[121.84791,24.59492],[121.84083,24.59032],[121.85084,24.57298],[121.85597,24.55052],[121.85279,24.53099],[121.83009,24.51923],[121.82838,24.51073],[121.83131,24.50039],[121.83774,24.49103],[121.84002,24.48135],[121.83041,24.47313],[121.80681,24.46064],[121.78004,24.43268],[121.77914,24.42178],[121.78077,24.39761],[121.77638,24.38833],[121.7715,24.38056],[121.7684,24.36937],[121.76645,24.34736],[121.76433,24.3417],[121.76051,24.3371],[121.75856,24.33234],[121.76254,24.32661],[121.76336,24.32579],[121.76588,24.32319],[121.7693,24.31806],[121.77129,24.31425],[121.75959,24.31407],[121.74452,24.32292]]],[[[121.93537,24.84574],[121.94343,24.84318],[121.94832,24.85035],[121.95142,24.85004],[121.95395,24.84638],[121.95639,24.84422],[121.95398,24.83721],[121.9427,24.83759],[121.93537,24.84574]]]]}},{"type":"Feature","properties":{"id":"TWN:ADM1:90331920B8812801353421","name":"Taoyuan","countryCode":"TWN"},"geometry":{"type":"Polygon","coordinates":[[[121.28373,25.11738],[121.28281,25.10946],[121.29022,25.10688],[121.29165,25.10263],[121.29897,25.10422],[121.30252,25.0969],[121.32495,25.09255],[121.33882,25.08361],[121.34921,25.08245],[121.3426,25.08002],[121.34799,25.07882],[121.34419,25.07761],[121.34619,25.07553],[121.3402,25.07654],[121.34061,25.0737],[121.34826,25.0739],[121.34988,25.07668],[121.34983,25.07354],[121.35344,25.07331],[121.34641,25.07034],[121.35378,25.06856],[121.35487,25.06514],[121.37678,25.0661],[121.38819,25.06308],[121.39091,25.06092],[121.38761,25.05971],[121.3886,25.05686],[121.38558,25.05814],[121.38742,25.05487],[121.38445,25.0525],[121.39276,25.05504],[121.39101,25.05356],[121.40065,25.05139],[121.3985,25.04847],[121.39389,25.04908],[121.40297,25.04569],[121.39819,25.04403],[121.40068,25.04323],[121.39063,25.04186],[121.40118,25.0376],[121.39824,25.03008],[121.41222,25.01928],[121.39254,25.01565],[121.39121,25.01198],[121.39939,25.00709],[121.40315,24.99915],[121.39401,24.99339],[121.38407,24.99564],[121.38527,24.98577],[121.36921,24.97683],[121.36406,24.9796],[121.35395,24.97784],[121.3521,24.98079],[121.3472,24.97879],[121.34268,24.98231],[121.32736,24.97843],[121.32859,24.97627],[121.32346,24.97191],[121.3283,24.97179],[121.32796,24.9491],[121.33154,24.94551],[121.31575,24.93849],[121.32315,24.93127],[121.32202,24.92802],[121.33984,24.92852],[121.32472,24.92345],[121.31754,24.91636],[121.32621,24.90916],[121.32034,24.90022],[121.32658,24.89597],[121.33329,24.89939],[121.33368,24.89152],[121.34218,24.89255],[121.34109,24.88808],[121.34458,24.88603],[121.34559,24.88004],[121.3544,24.87346],[121.34507,24.86694],[121.35801,24.8532],[121.3546,24.85322],[121.3526,24.84905],[121.34863,24.84834],[121.34783,24.85094],[121.33714,24.84835],[121.3361,24.84377],[121.34675,24.84591],[121.35484,24.84398],[121.35768,24.83951],[121.37368,24.83327],[121.3937,24.84402],[121.40694,24.84177],[121.4156,24.83557],[121.41386,24.83178],[121.41701,24.82538],[121.42365,24.82539],[121.42973,24.81507],[121.43654,24.812],[121.43807,24.79556],[121.44577,24.7901],[121.45046,24.79059],[121.44604,24.78188],[121.42645,24.76807],[121.42327,24.7619],[121.42844,24.75343],[121.43419,24.73008],[121.44099,24.726],[121.45022,24.70568],[121.47418,24.69605],[121.47392,24.6852],[121.47985,24.67378],[121.4574,24.67098],[121.44798,24.65893],[121.45134,24.65095],[121.44508,24.64325],[121.44499,24.63727],[121.43591,24.62709],[121.42761,24.60576],[121.41854,24.6011],[121.41271,24.60363],[121.40303,24.59171],[121.38723,24.58655],[121.36677,24.59917],[121.35879,24.61671],[121.36306,24.62067],[121.36639,24.63181],[121.35781,24.63374],[121.35244,24.64337],[121.35333,24.66784],[121.345,24.66657],[121.34374,24.66945],[121.33916,24.66664],[121.33892,24.67906],[121.32378,24.69522],[121.31597,24.69818],[121.30411,24.69299],[121.29961,24.69524],[121.30759,24.72029],[121.29808,24.73331],[121.30772,24.75516],[121.30086,24.76358],[121.27723,24.77096],[121.27112,24.77486],[121.27081,24.77832],[121.25984,24.78208],[121.26049,24.79284],[121.24756,24.7969],[121.24742,24.80374],[121.24357,24.80862],[121.2216,24.79936],[121.21948,24.8119],[121.20468,24.80726],[121.2033,24.81732],[121.19882,24.81492],[121.18676,24.82339],[121.17365,24.82767],[121.17619,24.83212],[121.16002,24.8374],[121.1543,24.84417],[121.14993,24.84433],[121.16144,24.85957],[121.15567,24.88069],[121.13898,24.88244],[121.13563,24.878],[121.12202,24.88023],[121.10788,24.88601],[121.11104,24.89133],[121.10905,24.89769],[121.09117,24.89337],[121.08283,24.89912],[121.071,24.89952],[121.06919,24.90272],[121.05809,24.90536],[121.06093,24.92368],[121.05753,24.93046],[121.05834,24.93669],[121.04854,24.93949],[121.04621,24.94356],[121.04062,24.94323],[121.03798,24.94637],[121.01943,24.94045],[121.00771,24.94633],[121.00311,24.93993],[120.99439,24.93908],[120.99308,24.93505],[120.98581,24.93967],[120.99094,24.94871],[120.99906,24.95387],[121.01428,24.97229],[121.01635,24.98722],[121.009,24.99018],[121.01636,24.99081],[121.03813,25.02708],[121.04724,25.03534],[121.05566,25.04173],[121.07361,25.04631],[121.09522,25.06093],[121.12941,25.07111],[121.13727,25.07557],[121.17234,25.08532],[121.21193,25.10855],[121.23888,25.11545],[121.23906,25.11576],[121.26821,25.12053],[121.28373,25.11738]]]}},{"type":"Feature","properties":{"id":"TWN:ADM1:90331920B90000183725132","name":"Chiayi","countryCode":"TWN"},"geometry":{"type":"Polygon","coordinates":[[[120.38919,23.49507],[120.38976,23.49134],[120.39472,23.49074],[120.39365,23.48262],[120.39911,23.4787],[120.39927,23.47103],[120.39413,23.46253],[120.41133,23.46477],[120.41517,23.46026],[120.4293,23.46102],[120.43019,23.45222],[120.43811,23.44639],[120.43589,23.44364],[120.43953,23.43958],[120.45244,23.44451],[120.4547,23.45035],[120.46529,23.45577],[120.46868,23.4616],[120.47679,23.46198],[120.48939,23.45235],[120.49523,23.45287],[120.50065,23.46099],[120.49975,23.46544],[120.50937,23.47281],[120.50179,23.48093],[120.50373,23.48501],[120.50122,23.48994],[120.48935,23.49135],[120.48405,23.49549],[120.48316,23.50537],[120.47355,23.50685],[120.46952,23.49958],[120.46444,23.49906],[120.45622,23.51167],[120.4571,23.51549],[120.44679,23.51832],[120.44051,23.51819],[120.44063,23.51183],[120.43352,23.51708],[120.43316,23.50887],[120.41667,23.50532],[120.41188,23.49899],[120.40836,23.49857],[120.40881,23.50657],[120.40037,23.49879],[120.39013,23.49946],[120.38919,23.49507]]]}}]}}
