{"type":"FeatureCollection","features":[{"type":"Feature","properties":{"id":"ZWE:ADM2:62879985B11044582115440","name":"Matobo","countryCode":"ZWE","adminLevel":2,"sourceCode":"62879985B11044582115440","parentId":"ZWE:ADM1:ZWE-530"},"geometry":{"type":"Polygon","coordinates":[[[28.49657,-20.23545],[28.48105,-20.23666],[28.45877,-20.26538],[28.4297,-20.29315],[28.4131,-20.29533],[28.3896,-20.28968],[28.38038,-20.29447],[28.36609,-20.31493],[28.34343,-20.36194],[28.33159,-20.35462],[28.30831,-20.40602],[28.3013,-20.42605],[28.29868,-20.44794],[28.26946,-20.46153],[28.26662,-20.48896],[28.18371,-20.55057],[28.25061,-20.59352],[28.21202,-20.6528],[28.2131,-20.67133],[28.21693,-20.67561],[28.21848,-20.69263],[28.23169,-20.7359],[28.24274,-20.75051],[28.2476,-20.76325],[28.25479,-20.76719],[28.2544,-20.77247],[28.27102,-20.81071],[28.27868,-20.82219],[28.28601,-20.82577],[28.30357,-20.82119],[28.3039,-20.82622],[28.31051,-20.83351],[28.24214,-20.89131],[28.23603,-20.90023],[28.23836,-20.90604],[28.2231,-20.9138],[28.22137,-20.92163],[28.20914,-20.92857],[28.19922,-20.94888],[28.2031,-20.95344],[28.20363,-20.96058],[28.19769,-20.96453],[28.18914,-20.97996],[28.18869,-20.99076],[28.19568,-20.99523],[28.20619,-21.02596],[28.20297,-21.04522],[28.229,-21.05639],[28.23529,-21.05403],[28.23227,-21.05988],[28.23379,-21.06366],[28.22297,-21.06628],[28.2277,-21.09043],[28.22052,-21.09541],[28.22192,-21.101],[28.2284,-21.10525],[28.23183,-21.11878],[28.22472,-21.1275],[28.2179,-21.12996],[28.21703,-21.13557],[28.21227,-21.13859],[28.21889,-21.14721],[28.22032,-21.17103],[28.21631,-21.18026],[28.20587,-21.18775],[28.20288,-21.1972],[28.2108,-21.21256],[28.20728,-21.22396],[28.20853,-21.23244],[28.20378,-21.23998],[28.21084,-21.24807],[28.20381,-21.25403],[28.20598,-21.26149],[28.19958,-21.26775],[28.21262,-21.29221],[28.20871,-21.2977],[28.20315,-21.29896],[28.19651,-21.31282],[28.20364,-21.321],[28.21574,-21.32432],[28.22857,-21.34194],[28.25923,-21.36774],[28.26023,-21.38419],[28.27121,-21.39993],[28.27238,-21.40912],[28.28513,-21.40849],[28.28277,-21.418],[28.28761,-21.42464],[28.28905,-21.43472],[28.29775,-21.43983],[28.30481,-21.45417],[28.31944,-21.45945],[28.32515,-21.4743],[28.33752,-21.49123],[28.35476,-21.493],[28.35926,-21.51175],[28.3733,-21.52222],[28.38426,-21.53568],[28.38143,-21.54442],[28.3829,-21.55911],[28.36935,-21.56183],[28.3671,-21.56744],[28.37523,-21.5899],[28.38875,-21.59358],[28.39396,-21.61355],[28.39269,-21.61694],[28.38839,-21.61643],[28.40832,-21.62912],[28.4422,-21.63755],[28.45939,-21.65386],[28.50344,-21.66919],[28.52596,-21.65652],[28.53958,-21.64141],[28.55632,-21.64219],[28.57235,-21.62864],[28.58219,-21.62843],[28.59936,-21.6434],[28.63916,-21.6487],[28.65314,-21.65423],[28.66942,-21.67577],[28.69809,-21.68642],[28.74999,-21.69969],[28.76926,-21.70996],[28.77514,-21.71626],[28.77981,-21.70072],[28.77368,-21.69323],[28.7745,-21.67678],[28.7642,-21.66788],[28.76353,-21.66254],[28.75665,-21.66079],[28.75526,-21.65526],[28.74343,-21.65421],[28.73212,-21.64269],[28.73412,-21.63491],[28.73938,-21.63429],[28.74186,-21.62944],[28.73058,-21.62585],[28.72385,-21.60532],[28.76678,-21.45922],[28.74698,-21.32934],[28.68112,-21.27082],[28.69506,-21.23994],[28.62038,-21.22771],[28.65697,-21.18924],[28.63382,-21.13938],[28.68921,-21.08282],[28.67527,-21.05474],[28.7,-21.03607],[28.71995,-21.07001],[28.76287,-21.05165],[28.74256,-21.01548],[28.76234,-20.99446],[28.69914,-20.94866],[28.70607,-20.85378],[28.65531,-20.69347],[28.67951,-20.69274],[28.73305,-20.6798],[28.74801,-20.64713],[28.78438,-20.62296],[28.73767,-20.60833],[28.73931,-20.6023],[28.72453,-20.57862],[28.6997,-20.54707],[28.69203,-20.54214],[28.68054,-20.5152],[28.67925,-20.49583],[28.6579,-20.47307],[28.73396,-20.48147],[28.73561,-20.50532],[28.77285,-20.48834],[28.78216,-20.4595],[28.76603,-20.44351],[28.78523,-20.38471],[28.77077,-20.3456],[28.71782,-20.35976],[28.71334,-20.33128],[28.67809,-20.31172],[28.65703,-20.28242],[28.60532,-20.22744],[28.5773,-20.22763],[28.55262,-20.222],[28.53878,-20.25867],[28.49657,-20.23545]]]}},{"type":"Feature","properties":{"id":"ZWE:ADM2:62879985B11590561680965","name":"Masvingo","countryCode":"ZWE","adminLevel":2,"sourceCode":"62879985B11590561680965","parentId":"ZWE:ADM1:ZWE-532"},"geometry":{"type":"Polygon","coordinates":[[[31.42957,-19.92251],[31.41389,-19.92831],[31.40004,-19.93775],[31.38468,-19.93799],[31.36971,-19.93324],[31.35921,-19.92438],[31.30804,-19.95877],[31.29938,-19.94943],[31.21809,-19.97394],[31.21262,-19.99345],[31.20797,-19.99681],[31.20415,-20.0082],[31.20169,-20.02688],[31.19488,-20.03275],[31.15227,-20.00288],[31.1113,-19.99652],[31.09939,-19.98917],[31.06189,-19.992],[31.03223,-19.96805],[30.98687,-19.97579],[30.98396,-19.97108],[30.98702,-19.96685],[30.98565,-19.9566],[31.02712,-19.93319],[31.02515,-19.92237],[30.96854,-19.93168],[30.96306,-19.91343],[30.95542,-19.878],[30.95721,-19.85537],[30.95082,-19.84829],[30.95216,-19.81588],[30.96161,-19.80109],[30.97122,-19.77316],[30.99454,-19.75852],[31.00208,-19.74721],[30.98912,-19.7372],[30.97989,-19.70024],[30.96539,-19.69434],[30.959,-19.68622],[30.93948,-19.6944],[30.85388,-19.71501],[30.82287,-19.70436],[30.82135,-19.71709],[30.80905,-19.73055],[30.80805,-19.73776],[30.79988,-19.74404],[30.79615,-19.78735],[30.77085,-19.76536],[30.77491,-19.79687],[30.78178,-19.81949],[30.75655,-19.82512],[30.74053,-19.81429],[30.73437,-19.80529],[30.73719,-19.79639],[30.73409,-19.79338],[30.74636,-19.78333],[30.74975,-19.76552],[30.75524,-19.75836],[30.76018,-19.758],[30.76612,-19.71811],[30.70471,-19.74412],[30.69562,-19.74416],[30.6902,-19.74838],[30.68828,-19.75635],[30.6928,-19.77952],[30.68354,-19.7846],[30.67884,-19.80224],[30.68114,-19.809],[30.67772,-19.81306],[30.68026,-19.82335],[30.68307,-19.82449],[30.67906,-19.83015],[30.67771,-19.84173],[30.69338,-19.85394],[30.68648,-19.8614],[30.63387,-19.86636],[30.52202,-19.8365],[30.46945,-19.84235],[30.45969,-19.83979],[30.45897,-19.84567],[30.45385,-19.84992],[30.45904,-19.86315],[30.44822,-19.86944],[30.45441,-19.87729],[30.45115,-19.88491],[30.45945,-19.88614],[30.45447,-19.89517],[30.45767,-19.8949],[30.46449,-19.90219],[30.46958,-19.90081],[30.47049,-19.90374],[30.45701,-19.92187],[30.45492,-19.93236],[30.45039,-19.92977],[30.44288,-19.93983],[30.43074,-19.93749],[30.42542,-19.94334],[30.42631,-19.95207],[30.42275,-19.96119],[30.43331,-19.96215],[30.42794,-19.98496],[30.43139,-19.9861],[30.43924,-19.9813],[30.4423,-19.98644],[30.43263,-19.99485],[30.43389,-20.01154],[30.44029,-20.01583],[30.44217,-20.02445],[30.44,-20.0334],[30.42871,-20.03209],[30.42374,-20.03908],[30.42246,-20.04365],[30.42884,-20.0489],[30.42164,-20.05643],[30.42974,-20.0682],[30.43659,-20.06945],[30.43664,-20.07862],[30.44327,-20.08119],[30.45812,-20.10051],[30.44457,-20.11188],[30.44288,-20.11893],[30.44643,-20.12858],[30.44498,-20.13862],[30.45998,-20.16509],[30.47699,-20.18502],[30.48888,-20.19132],[30.49019,-20.19578],[30.48698,-20.1999],[30.49041,-20.20571],[30.50421,-20.20717],[30.51421,-20.21495],[30.52727,-20.215],[30.53901,-20.20838],[30.5449,-20.2196],[30.56692,-20.22224],[30.58464,-20.23704],[30.59355,-20.22765],[30.60161,-20.22847],[30.60786,-20.23676],[30.60552,-20.25113],[30.61746,-20.25523],[30.6399,-20.27581],[30.65299,-20.29213],[30.65258,-20.30921],[30.6693,-20.32792],[30.68456,-20.33737],[30.67763,-20.37863],[30.69952,-20.40775],[30.69667,-20.4153],[30.70348,-20.4313],[30.69817,-20.4382],[30.70443,-20.45316],[30.70281,-20.46246],[30.71085,-20.47916],[30.71693,-20.50509],[30.71653,-20.51102],[30.71012,-20.51987],[30.71243,-20.54157],[30.70952,-20.55159],[30.73424,-20.57862],[30.75058,-20.62548],[30.75694,-20.62457],[30.76682,-20.61495],[30.7777,-20.618],[30.78844,-20.61621],[30.80139,-20.62183],[30.80797,-20.62063],[30.81195,-20.63618],[30.81079,-20.65904],[30.81432,-20.67424],[30.84339,-20.69257],[30.86028,-20.69943],[30.87584,-20.721],[30.88947,-20.71647],[30.89426,-20.71782],[30.91505,-20.73911],[30.92213,-20.75598],[30.92952,-20.75052],[30.93683,-20.75181],[30.95268,-20.76141],[30.9675,-20.77653],[30.97639,-20.77956],[30.99388,-20.80214],[30.99777,-20.81463],[31.01233,-20.83371],[31.01968,-20.86245],[31.03103,-20.88748],[31.03658,-20.88218],[31.04189,-20.88368],[31.04203,-20.89299],[31.03854,-20.89744],[31.04347,-20.90083],[31.04289,-20.90454],[31.0534,-20.91886],[31.06486,-20.92668],[31.07016,-20.92138],[31.0776,-20.92081],[31.08422,-20.93417],[31.13345,-20.89207],[31.17408,-20.87815],[31.19024,-20.86866],[31.20362,-20.87343],[31.18662,-20.88698],[31.19925,-20.92069],[31.24398,-20.90145],[31.27008,-20.83155],[31.26062,-20.82018],[31.24407,-20.81061],[31.2404,-20.8034],[31.2388,-20.79113],[31.24969,-20.75156],[31.24153,-20.75246],[31.23156,-20.68776],[31.22602,-20.68651],[31.19138,-20.69335],[31.16917,-20.683],[31.17249,-20.67358],[31.16553,-20.66688],[31.18043,-20.65387],[31.17696,-20.64532],[31.18107,-20.6421],[31.23752,-20.61975],[31.26061,-20.60896],[31.26882,-20.60138],[31.26559,-20.56978],[31.24796,-20.5172],[31.24399,-20.4966],[31.2219,-20.4873],[31.21383,-20.46576],[31.21507,-20.46059],[31.19692,-20.41635],[31.19913,-20.40697],[31.19629,-20.401],[31.19126,-20.39867],[31.19072,-20.38769],[31.18444,-20.3728],[31.14901,-20.38082],[31.13921,-20.38428],[31.13673,-20.38913],[31.13126,-20.38638],[31.11956,-20.38736],[31.12015,-20.3768],[31.10017,-20.33915],[31.10271,-20.33224],[31.09763,-20.32738],[31.10141,-20.31589],[31.10935,-20.31455],[31.10763,-20.30815],[31.11309,-20.30374],[31.11375,-20.28673],[31.14232,-20.25448],[31.1707,-20.23036],[31.25694,-20.17741],[31.25661,-20.11703],[31.3232,-20.13445],[31.32297,-20.11008],[31.30993,-20.0657],[31.31282,-20.04828],[31.32265,-20.05475],[31.36834,-20.03475],[31.36661,-20.02835],[31.39461,-20.01925],[31.40317,-20.0025],[31.41473,-19.99107],[31.40927,-19.9709],[31.42957,-19.92251]],[[30.83687,-20.02688],[30.88693,-20.04152],[30.85367,-20.0963],[30.86635,-20.10707],[30.86579,-20.11191],[30.84662,-20.12654],[30.84656,-20.13058],[30.83664,-20.14173],[30.83015,-20.11359],[30.81775,-20.11641],[30.82612,-20.10935],[30.80663,-20.11039],[30.78878,-20.06375],[30.79418,-20.05723],[30.79051,-20.05754],[30.79004,-20.05451],[30.80188,-20.04141],[30.80505,-20.04405],[30.81227,-20.03429],[30.83687,-20.02688]]]}},{"type":"Feature","properties":{"id":"ZWE:ADM2:62879985B11813721132111","name":"Mutoko","countryCode":"ZWE","adminLevel":2,"sourceCode":"62879985B11813721132111","parentId":"ZWE:ADM1:ZWE-528"},"geometry":{"type":"Polygon","coordinates":[[[32.57936,-17.60591],[32.58283,-17.58856],[32.58939,-17.58583],[32.59382,-17.57546],[32.60268,-17.5723],[32.61211,-17.56117],[32.62759,-17.56969],[32.62927,-17.55908],[32.63536,-17.55803],[32.63924,-17.55272],[32.64538,-17.52619],[32.63935,-17.49858],[32.64988,-17.49063],[32.67434,-17.48089],[32.71314,-17.47199],[32.7338,-17.45783],[32.73259,-17.42922],[32.74548,-17.40681],[32.6621,-17.35578],[32.55092,-17.32179],[32.56006,-17.2826],[32.55885,-17.27741],[32.53925,-17.28406],[32.53192,-17.28283],[32.51264,-17.29518],[32.50548,-17.29527],[32.489,-17.28848],[32.48326,-17.27637],[32.4818,-17.25576],[32.47425,-17.24997],[32.47003,-17.23905],[32.45569,-17.22296],[32.45209,-17.20407],[32.44645,-17.20238],[32.44602,-17.19857],[32.43482,-17.20121],[32.43275,-17.20434],[32.42516,-17.20488],[32.42014,-17.20168],[32.41074,-17.20792],[32.40024,-17.20753],[32.39539,-17.21557],[32.38275,-17.21477],[32.38059,-17.2117],[32.38804,-17.19186],[32.37783,-17.1804],[32.36551,-17.15684],[32.34968,-17.1382],[32.34111,-17.11692],[32.33419,-17.12664],[32.30171,-17.14141],[32.29258,-17.17269],[32.27573,-17.15317],[32.2129,-17.16245],[32.20647,-17.15451],[32.18759,-17.08827],[32.18498,-17.08692],[32.18569,-17.07599],[32.17258,-17.04187],[32.17289,-17.03382],[32.15494,-17.03987],[32.13288,-17.04259],[32.12217,-17.03939],[32.11978,-17.04203],[32.10835,-17.03901],[32.09187,-17.04077],[32.09001,-17.06008],[32.08447,-17.07533],[32.0875,-17.0877],[32.08116,-17.09197],[32.07538,-17.11386],[32.06866,-17.1217],[32.04907,-17.16136],[32.03614,-17.19048],[32.02898,-17.21597],[32.02956,-17.22124],[32.04101,-17.23494],[32.03648,-17.25513],[32.03944,-17.26029],[32.0394,-17.27516],[32.05908,-17.29498],[32.08387,-17.33319],[32.07549,-17.3456],[32.06335,-17.34407],[32.04793,-17.36176],[32.04651,-17.37005],[32.05386,-17.37889],[32.05737,-17.40551],[32.04871,-17.41096],[32.04153,-17.40958],[32.01793,-17.41946],[32.00518,-17.41925],[31.99576,-17.4153],[31.98333,-17.42097],[31.9688,-17.43378],[31.95934,-17.43094],[31.94841,-17.43351],[31.94012,-17.42872],[31.9082,-17.42486],[31.90764,-17.42746],[31.89436,-17.43034],[31.87607,-17.43964],[31.85613,-17.43954],[31.94762,-17.62164],[31.95206,-17.6254],[32.00301,-17.64081],[32.01784,-17.65054],[32.01045,-17.65738],[32.01092,-17.6649],[32.00615,-17.66809],[32.00838,-17.67977],[32.00035,-17.6945],[32.00187,-17.70314],[32.12644,-17.72517],[32.10592,-17.75714],[32.1221,-17.77442],[32.13335,-17.77728],[32.13388,-17.80353],[32.16931,-17.78177],[32.21477,-17.81196],[32.2265,-17.79784],[32.24575,-17.7876],[32.26091,-17.77165],[32.26574,-17.77062],[32.26774,-17.75998],[32.2757,-17.74638],[32.29075,-17.74182],[32.2932,-17.73907],[32.2916,-17.73392],[32.30094,-17.72519],[32.32486,-17.71976],[32.33125,-17.70894],[32.36573,-17.68875],[32.38202,-17.67464],[32.41241,-17.67158],[32.42212,-17.66322],[32.43547,-17.67221],[32.44251,-17.66987],[32.44577,-17.66518],[32.44234,-17.6604],[32.46494,-17.64685],[32.47039,-17.63962],[32.47321,-17.62672],[32.4917,-17.62422],[32.50265,-17.60882],[32.53074,-17.61759],[32.54211,-17.61545],[32.54844,-17.61938],[32.55143,-17.61529],[32.55047,-17.6065],[32.55647,-17.60588],[32.56246,-17.59632],[32.56438,-17.6007],[32.56797,-17.59723],[32.57143,-17.6047],[32.57936,-17.60591]]]}},{"type":"Feature","properties":{"id":"ZWE:ADM2:62879985B12004776276546","name":"Chivi","countryCode":"ZWE","adminLevel":2,"sourceCode":"62879985B12004776276546","parentId":"ZWE:ADM1:ZWE-532"},"geometry":{"type":"Polygon","coordinates":[[[31.05871,-20.92183],[31.0534,-20.91886],[31.04289,-20.90454],[31.04347,-20.90083],[31.03854,-20.89744],[31.04203,-20.89299],[31.04189,-20.88368],[31.03658,-20.88218],[31.03103,-20.88748],[31.01968,-20.86245],[31.01233,-20.83371],[30.99777,-20.81463],[30.99388,-20.80214],[30.97639,-20.77956],[30.9675,-20.77653],[30.95268,-20.76141],[30.93683,-20.75181],[30.92952,-20.75052],[30.92213,-20.75598],[30.91505,-20.73911],[30.89426,-20.71782],[30.88947,-20.71647],[30.87584,-20.721],[30.86028,-20.69943],[30.84339,-20.69257],[30.81432,-20.67424],[30.81079,-20.65904],[30.81195,-20.63618],[30.80797,-20.62063],[30.80139,-20.62183],[30.78844,-20.61621],[30.7777,-20.618],[30.76682,-20.61495],[30.75694,-20.62457],[30.75058,-20.62548],[30.73424,-20.57862],[30.70952,-20.55159],[30.71243,-20.54157],[30.71012,-20.51987],[30.71653,-20.51102],[30.71693,-20.50509],[30.71085,-20.47916],[30.70281,-20.46246],[30.70443,-20.45316],[30.69817,-20.4382],[30.70348,-20.4313],[30.69667,-20.4153],[30.69952,-20.40775],[30.67763,-20.37863],[30.68456,-20.33737],[30.6693,-20.32792],[30.65258,-20.30921],[30.65299,-20.29213],[30.6399,-20.27581],[30.61746,-20.25523],[30.60552,-20.25113],[30.60786,-20.23676],[30.60161,-20.22847],[30.59355,-20.22765],[30.58464,-20.23704],[30.56692,-20.22224],[30.5449,-20.2196],[30.53901,-20.20838],[30.52727,-20.215],[30.51421,-20.21495],[30.50421,-20.20717],[30.49041,-20.20571],[30.48698,-20.1999],[30.49019,-20.19578],[30.48888,-20.19132],[30.47699,-20.18502],[30.45998,-20.16509],[30.44498,-20.13862],[30.44643,-20.12858],[30.44288,-20.11893],[30.44457,-20.11188],[30.45812,-20.10051],[30.44327,-20.08119],[30.43664,-20.07862],[30.43659,-20.06945],[30.42974,-20.0682],[30.42164,-20.05643],[30.42884,-20.0489],[30.42246,-20.04365],[30.42374,-20.03908],[30.42871,-20.03209],[30.44,-20.0334],[30.44217,-20.02445],[30.44029,-20.01583],[30.43389,-20.01154],[30.43263,-19.99485],[30.4423,-19.98644],[30.43924,-19.9813],[30.43139,-19.9861],[30.431,-19.99011],[30.35481,-19.99741],[30.33417,-19.99281],[30.3221,-19.99955],[30.24052,-20.00805],[30.2238,-20.01255],[30.21982,-20.01682],[30.14515,-20.02408],[30.1426,-20.02832],[30.14402,-20.03333],[30.16042,-20.04403],[30.16682,-20.04358],[30.17071,-20.05446],[30.19167,-20.06729],[30.18532,-20.08064],[30.18745,-20.09805],[30.17675,-20.10014],[30.1683,-20.11879],[30.15817,-20.12669],[30.16671,-20.15504],[30.16004,-20.18775],[30.15269,-20.19028],[30.14792,-20.19877],[30.15355,-20.20038],[30.15645,-20.20726],[30.15855,-20.20654],[30.19777,-20.17168],[30.27778,-20.22905],[30.27954,-20.24255],[30.2748,-20.25694],[30.26811,-20.26272],[30.26714,-20.27198],[30.26134,-20.27637],[30.24361,-20.32196],[30.24356,-20.33478],[30.25804,-20.35226],[30.2868,-20.35657],[30.31384,-20.36493],[30.32014,-20.37135],[30.31832,-20.38762],[30.33907,-20.41812],[30.3452,-20.42305],[30.36015,-20.41611],[30.37174,-20.43894],[30.41348,-20.47775],[30.41232,-20.49121],[30.44375,-20.52803],[30.46096,-20.55664],[30.46026,-20.5629],[30.45254,-20.56288],[30.44503,-20.57194],[30.45056,-20.58954],[30.44947,-20.60921],[30.4538,-20.61732],[30.44898,-20.62488],[30.4506,-20.63286],[30.45805,-20.64645],[30.47877,-20.65625],[30.48138,-20.66108],[30.47883,-20.6761],[30.48084,-20.67973],[30.49252,-20.68403],[30.5116,-20.68101],[30.52335,-20.68528],[30.52087,-20.7051],[30.51273,-20.72567],[30.51551,-20.74074],[30.52178,-20.74884],[30.54183,-20.75627],[30.55973,-20.77057],[30.59052,-20.77641],[30.59343,-20.77936],[30.60488,-20.76783],[30.62746,-20.75308],[30.63468,-20.77116],[30.62782,-20.77701],[30.63083,-20.78491],[30.64267,-20.78759],[30.64843,-20.80721],[30.66852,-20.8103],[30.67796,-20.83007],[30.70842,-20.82555],[30.7001,-20.86735],[30.68977,-20.89656],[30.69158,-20.90878],[30.70995,-20.91286],[30.73761,-20.91227],[30.76445,-20.89467],[30.77945,-20.88904],[30.81259,-20.91418],[30.81243,-20.92562],[30.83876,-20.93261],[30.85634,-20.94061],[30.87111,-20.95182],[30.90669,-20.95765],[30.92564,-20.96629],[30.9472,-20.96863],[30.96451,-20.97893],[30.98209,-20.99856],[30.99305,-20.99316],[31.00338,-20.99353],[31.01362,-21.00008],[31.02616,-21.0154],[31.03938,-21.01879],[31.05424,-20.92295],[31.05871,-20.92183]]]}},{"type":"Feature","properties":{"id":"ZWE:ADM2:62879985B12430304395671","name":"Mwenezi","countryCode":"ZWE","adminLevel":2,"sourceCode":"62879985B12430304395671","parentId":"ZWE:ADM1:ZWE-532"},"geometry":{"type":"Polygon","coordinates":[[[30.94401,-22.11279],[30.94788,-22.10721],[30.95929,-22.10189],[30.98782,-22.08998],[30.99931,-22.08997],[31.06612,-22.0616],[31.24881,-21.74238],[31.25699,-21.7296],[31.2777,-21.71684],[31.26188,-21.70942],[31.24651,-21.6879],[31.22976,-21.67999],[31.22924,-21.67553],[31.23972,-21.65923],[31.25199,-21.6524],[31.25519,-21.6474],[31.25461,-21.64114],[31.24913,-21.64108],[31.23902,-21.62735],[31.24386,-21.59866],[31.25276,-21.58708],[31.252,-21.56577],[31.24695,-21.5606],[31.24322,-21.54834],[31.26697,-21.49802],[31.26745,-21.49139],[31.50345,-21.29034],[31.51224,-21.26633],[31.52547,-21.26548],[31.52855,-21.26063],[31.54965,-21.25408],[31.56333,-21.24354],[31.584,-21.23851],[31.58279,-21.23527],[31.58799,-21.23374],[31.59432,-21.21263],[31.60045,-21.21091],[31.60266,-21.21381],[31.60837,-21.20967],[31.58097,-21.18803],[31.57057,-21.16757],[31.55217,-21.17397],[31.54016,-21.17358],[31.51471,-21.15365],[31.49789,-21.14914],[31.48142,-21.15639],[31.3778,-21.17161],[31.35445,-21.17785],[31.32511,-21.17999],[31.31315,-21.17016],[31.30905,-21.15152],[31.29971,-21.1393],[31.26785,-21.13574],[31.25908,-21.14859],[31.23865,-21.15237],[31.21156,-21.14961],[31.19022,-21.14081],[31.1648,-21.14331],[31.1563,-21.141],[31.14636,-21.12618],[31.12639,-21.11485],[31.12119,-21.10341],[31.11026,-21.09205],[31.108,-21.07371],[31.06243,-21.05449],[31.03938,-21.01879],[31.02616,-21.0154],[31.01362,-21.00008],[31.00338,-20.99353],[30.99305,-20.99316],[30.98209,-20.99856],[30.96451,-20.97893],[30.9472,-20.96863],[30.92564,-20.96629],[30.90669,-20.95765],[30.87111,-20.95182],[30.85634,-20.94061],[30.83876,-20.93261],[30.81243,-20.92562],[30.81259,-20.91418],[30.77945,-20.88904],[30.76445,-20.89467],[30.73761,-20.91227],[30.70995,-20.91286],[30.69158,-20.90878],[30.68977,-20.89656],[30.7001,-20.86735],[30.70842,-20.82555],[30.67796,-20.83007],[30.66852,-20.8103],[30.64843,-20.80721],[30.64267,-20.78759],[30.63083,-20.78491],[30.62782,-20.77701],[30.63468,-20.77116],[30.62746,-20.75308],[30.60488,-20.76783],[30.59343,-20.77936],[30.59052,-20.77641],[30.55973,-20.77057],[30.54183,-20.75627],[30.52178,-20.74884],[30.51551,-20.74074],[30.51273,-20.72567],[30.52369,-20.6938],[30.52335,-20.68528],[30.51991,-20.68232],[30.50981,-20.69187],[30.48687,-20.70491],[30.48142,-20.71514],[30.48006,-20.74836],[30.47343,-20.75628],[30.46915,-20.76959],[30.45431,-20.83106],[30.45082,-20.8692],[30.45344,-20.88261],[30.44341,-20.92314],[30.44518,-20.96251],[30.41752,-20.98654],[30.40928,-20.99933],[30.40267,-20.99977],[30.39338,-21.01954],[30.37833,-21.02043],[30.35683,-21.03986],[30.3372,-21.04306],[30.31633,-21.03012],[30.3089,-21.03069],[30.30093,-21.03657],[30.28169,-21.01945],[30.25329,-21.02979],[30.25011,-21.041],[30.22941,-21.03745],[30.21707,-21.03171],[30.1933,-21.03785],[30.17944,-21.02784],[30.16595,-21.03453],[30.13129,-21.00845],[30.10902,-21.00704],[30.07358,-20.99013],[30.06728,-20.97454],[30.06882,-20.96632],[30.05949,-20.96028],[30.0492,-20.95935],[29.99105,-20.9181],[29.98759,-20.91136],[29.9718,-20.90944],[29.95434,-20.91528],[29.94679,-20.91173],[29.92745,-20.9228],[29.90295,-20.94541],[29.8823,-20.95861],[29.82356,-21.01287],[29.78463,-21.03147],[29.76737,-21.03236],[29.7307,-21.02292],[29.73103,-21.0333],[29.75212,-21.08728],[29.75675,-21.09086],[29.76596,-21.0889],[29.76552,-21.09802],[29.77068,-21.1074],[29.80132,-21.13565],[29.84106,-21.15137],[29.84344,-21.15853],[29.83143,-21.16487],[29.8313,-21.17511],[29.83847,-21.17896],[29.84221,-21.18841],[29.84568,-21.189],[29.84669,-21.20031],[29.84968,-21.20335],[29.87909,-21.21004],[29.89382,-21.22536],[29.89342,-21.22894],[29.88619,-21.23166],[29.88743,-21.24596],[29.89238,-21.25097],[29.88647,-21.26337],[29.89142,-21.26978],[29.90624,-21.26941],[29.91885,-21.27678],[29.91902,-21.29338],[29.9214,-21.29852],[29.93642,-21.30828],[29.94812,-21.34887],[29.95382,-21.35363],[29.99908,-21.37126],[30.01882,-21.38783],[30.02472,-21.40736],[30.04021,-21.42303],[30.04154,-21.4394],[30.06888,-21.45939],[30.07274,-21.47894],[30.09355,-21.47622],[30.10866,-21.48341],[30.10703,-21.48752],[30.09703,-21.49279],[30.09614,-21.50074],[30.12688,-21.49652],[30.14618,-21.50581],[30.16578,-21.50049],[30.17015,-21.50409],[30.16611,-21.51619],[30.17252,-21.53186],[30.19303,-21.52866],[30.20855,-21.53868],[30.21828,-21.55386],[30.23075,-21.54401],[30.23575,-21.54552],[30.24052,-21.54972],[30.24303,-21.55885],[30.23968,-21.57583],[30.22924,-21.58803],[30.2334,-21.59438],[30.26391,-21.59159],[30.2757,-21.59693],[30.29498,-21.59532],[30.30605,-21.6014],[30.32815,-21.6002],[30.33827,-21.61108],[30.35592,-21.59558],[30.36109,-21.59486],[30.37222,-21.60103],[30.38119,-21.61084],[30.39523,-21.60882],[30.40753,-21.62456],[30.42693,-21.63051],[30.44335,-21.63121],[30.44636,-21.63573],[30.44609,-21.64703],[30.45022,-21.65257],[30.47039,-21.65157],[30.48252,-21.66322],[30.49209,-21.65648],[30.50323,-21.65798],[30.50845,-21.66479],[30.50759,-21.67415],[30.49923,-21.68178],[30.50191,-21.69142],[30.49822,-21.70497],[30.50376,-21.71026],[30.51847,-21.71148],[30.52433,-21.71982],[30.53411,-21.71993],[30.53528,-21.72831],[30.54311,-21.736],[30.54084,-21.745],[30.54426,-21.74792],[30.55396,-21.74533],[30.56219,-21.72983],[30.57121,-21.73744],[30.58211,-21.73595],[30.59018,-21.75404],[30.59647,-21.7519],[30.59954,-21.74305],[30.60715,-21.74582],[30.61952,-21.76325],[30.63157,-21.75939],[30.64448,-21.74811],[30.64896,-21.74885],[30.64881,-21.75313],[30.63756,-21.76399],[30.63535,-21.77135],[30.65321,-21.78138],[30.66522,-21.78162],[30.66902,-21.79719],[30.66507,-21.81125],[30.67419,-21.81744],[30.66978,-21.82374],[30.67022,-21.82945],[30.68521,-21.83156],[30.70288,-21.84725],[30.71082,-21.85027],[30.71508,-21.85596],[30.71015,-21.86183],[30.71276,-21.87212],[30.71665,-21.87527],[30.73047,-21.87507],[30.72763,-21.8903],[30.7381,-21.89126],[30.75027,-21.90353],[30.76137,-21.90702],[30.76025,-21.91348],[30.77126,-21.92221],[30.75417,-21.93263],[30.76156,-21.94918],[30.78331,-21.96461],[30.79806,-21.96423],[30.80684,-21.96976],[30.80872,-21.97484],[30.80106,-21.97527],[30.7966,-21.98082],[30.80369,-21.99907],[30.83296,-21.99748],[30.85741,-22.01667],[30.85952,-22.03435],[30.8734,-22.04181],[30.8895,-22.08432],[30.89974,-22.08351],[30.91708,-22.07357],[30.9313,-22.07383],[30.93528,-22.0862],[30.93118,-22.10533],[30.94401,-22.11279]]]}},{"type":"Feature","properties":{"id":"ZWE:ADM2:62879985B13905566839040","name":"Goromonzi","countryCode":"ZWE","adminLevel":2,"sourceCode":"62879985B13905566839040","parentId":"ZWE:ADM1:ZWE-528"},"geometry":{"type":"Polygon","coordinates":[[[31.13819,-17.44483],[31.14565,-17.45235],[31.13456,-17.46521],[31.12639,-17.46533],[31.12507,-17.46869],[31.11922,-17.4701],[31.1162,-17.47709],[31.11971,-17.47862],[31.11859,-17.4822],[31.12489,-17.48437],[31.12545,-17.49241],[31.10845,-17.50618],[31.1124,-17.51269],[31.10883,-17.51686],[31.1161,-17.51857],[31.12083,-17.52497],[31.1148,-17.54275],[31.06387,-17.54392],[31.05843,-17.61629],[31.05178,-17.61284],[31.06761,-17.63446],[31.05225,-17.6413],[31.07395,-17.687],[31.07884,-17.68033],[31.08441,-17.68015],[31.08881,-17.66556],[31.11538,-17.66781],[31.11886,-17.68089],[31.11615,-17.69386],[31.12211,-17.69134],[31.13882,-17.69253],[31.13787,-17.69769],[31.14826,-17.70072],[31.14389,-17.6893],[31.14697,-17.68623],[31.15158,-17.69334],[31.15909,-17.69651],[31.15437,-17.70146],[31.15722,-17.70373],[31.15992,-17.7041],[31.16377,-17.69604],[31.17255,-17.69957],[31.18121,-17.6962],[31.19729,-17.71858],[31.20041,-17.71206],[31.20544,-17.71193],[31.20981,-17.72647],[31.20149,-17.72965],[31.20208,-17.74247],[31.19604,-17.75242],[31.20122,-17.77492],[31.21183,-17.7926],[31.1921,-17.805],[31.20966,-17.81257],[31.20324,-17.81995],[31.21505,-17.82047],[31.22032,-17.85052],[31.25578,-17.85456],[31.25501,-17.86245],[31.26159,-17.86282],[31.2584,-17.88193],[31.25199,-17.89135],[31.26258,-17.89423],[31.25862,-17.89915],[31.26758,-17.90944],[31.26356,-17.91242],[31.25197,-17.89718],[31.24292,-17.89942],[31.23936,-17.91614],[31.22384,-17.92307],[31.21912,-17.92023],[31.22152,-17.91708],[31.2118,-17.91345],[31.20984,-17.91671],[31.19119,-17.91011],[31.18958,-17.91489],[31.17361,-17.90752],[31.17073,-17.9206],[31.16356,-17.92191],[31.16583,-17.92813],[31.13612,-17.92888],[31.13502,-17.94705],[31.13732,-17.9498],[31.13395,-17.95051],[31.14163,-17.95902],[31.12734,-17.96285],[31.1118,-17.98651],[31.11562,-17.99152],[31.15666,-17.99582],[31.15704,-18.00207],[31.16502,-18.00736],[31.17187,-18.00444],[31.17797,-18.00886],[31.1829,-18.00772],[31.18744,-18.01598],[31.19668,-18.02117],[31.19648,-18.02623],[31.20647,-18.02359],[31.20913,-18.03122],[31.21694,-18.0394],[31.2201,-18.03895],[31.22406,-18.05191],[31.22878,-18.05643],[31.22489,-18.07167],[31.227,-18.08255],[31.23281,-18.08986],[31.24563,-18.09244],[31.25823,-18.09947],[31.25994,-18.10363],[31.27003,-18.10295],[31.2804,-18.11207],[31.29121,-18.1082],[31.30663,-18.12419],[31.32678,-18.13133],[31.34217,-18.13102],[31.35746,-18.14802],[31.36368,-18.15098],[31.37166,-18.14973],[31.38443,-18.15753],[31.39331,-18.15836],[31.39861,-18.14884],[31.38456,-18.14092],[31.39975,-18.12754],[31.4078,-18.13197],[31.42262,-18.10441],[31.44275,-18.09939],[31.479,-18.06492],[31.46319,-18.04324],[31.48152,-18.02323],[31.4894,-17.99851],[31.5091,-18.01366],[31.51259,-18.0029],[31.52764,-17.99258],[31.52067,-17.98822],[31.50309,-17.98497],[31.4994,-17.97568],[31.50448,-17.96739],[31.51136,-17.96907],[31.5122,-17.96559],[31.53206,-17.96533],[31.5485,-17.9581],[31.55926,-17.94681],[31.55573,-17.91493],[31.55752,-17.90515],[31.54565,-17.86912],[31.54406,-17.84813],[31.54708,-17.84097],[31.53825,-17.82524],[31.5408,-17.8189],[31.53763,-17.79655],[31.53001,-17.79182],[31.53283,-17.77812],[31.5193,-17.76944],[31.51634,-17.76293],[31.52058,-17.75749],[31.51635,-17.73917],[31.5245,-17.71373],[31.52086,-17.69901],[31.52553,-17.6772],[31.52907,-17.67689],[31.53402,-17.66679],[31.54104,-17.66336],[31.53781,-17.64814],[31.5406,-17.63904],[31.53953,-17.62612],[31.54824,-17.60481],[31.54522,-17.59581],[31.54891,-17.59049],[31.54699,-17.58665],[31.57009,-17.55982],[31.57643,-17.54235],[31.58506,-17.53516],[31.58016,-17.52959],[31.58369,-17.52008],[31.6044,-17.497],[31.60816,-17.4798],[31.6056,-17.46852],[31.61322,-17.45807],[31.61073,-17.44134],[31.59635,-17.45295],[31.59011,-17.45436],[31.58589,-17.45181],[31.58426,-17.45951],[31.56961,-17.45863],[31.564,-17.46083],[31.56335,-17.46448],[31.54045,-17.46922],[31.53149,-17.46817],[31.52766,-17.4721],[31.52644,-17.4819],[31.51311,-17.48973],[31.50534,-17.50891],[31.5062,-17.51737],[31.47386,-17.55886],[31.47265,-17.56583],[31.47557,-17.57161],[31.46948,-17.58285],[31.45863,-17.56254],[31.37452,-17.62876],[31.33524,-17.60833],[31.3086,-17.6434],[31.29035,-17.64143],[31.27993,-17.64369],[31.28519,-17.61771],[31.2805,-17.60948],[31.2768,-17.59013],[31.28593,-17.57269],[31.28775,-17.55478],[31.30026,-17.52034],[31.30707,-17.48661],[31.29231,-17.4858],[31.27553,-17.47829],[31.26925,-17.47997],[31.2386,-17.4706],[31.22784,-17.47368],[31.13819,-17.44483]]]}},{"type":"Feature","properties":{"id":"ZWE:ADM2:62879985B16821678583413","name":"Nyanga","countryCode":"ZWE","adminLevel":2,"sourceCode":"62879985B16821678583413","parentId":"ZWE:ADM1:ZWE-529"},"geometry":{"type":"Polygon","coordinates":[[[32.44583,-18.39946],[32.4825,-18.38613],[32.49213,-18.43618],[32.55533,-18.43718],[32.58251,-18.41848],[32.60199,-18.4449],[32.57705,-18.47117],[32.59039,-18.49354],[32.63438,-18.53221],[32.63887,-18.52723],[32.64467,-18.52882],[32.64318,-18.52565],[32.64869,-18.52076],[32.65123,-18.54859],[32.65901,-18.54808],[32.67986,-18.56995],[32.69599,-18.56287],[32.69702,-18.5744],[32.70465,-18.5767],[32.72993,-18.53799],[32.74486,-18.50024],[32.75063,-18.49534],[32.80188,-18.51115],[32.81637,-18.45666],[32.81118,-18.41517],[32.91141,-18.37282],[32.89725,-18.33907],[32.88088,-18.31147],[32.90402,-18.30317],[32.92461,-18.33549],[32.94228,-18.32991],[32.94938,-18.30476],[32.97221,-18.27684],[32.97587,-18.26356],[32.97385,-18.25663],[32.9628,-18.25223],[32.9773,-18.23128],[32.98951,-18.23495],[32.98916,-18.19492],[33.0091,-18.19502],[33.00971,-18.17433],[32.99776,-18.162],[32.99817,-18.15568],[32.99253,-18.1578],[32.98265,-18.15353],[32.97959,-18.14634],[32.98243,-18.14293],[32.97495,-18.13919],[32.97602,-18.13652],[32.97209,-18.13362],[32.97811,-18.12519],[32.97583,-18.11467],[32.98076,-18.11472],[32.98198,-18.10995],[32.97546,-18.11078],[32.97091,-18.10562],[32.97206,-18.10186],[32.9676,-18.09341],[32.97074,-18.08842],[32.95902,-18.08278],[32.96408,-18.078],[32.95946,-18.0675],[32.95486,-18.06687],[32.95656,-18.05987],[32.94755,-18.05001],[32.95294,-18.04897],[32.953,-18.0534],[32.95937,-18.04994],[32.9523,-18.03942],[32.94779,-18.038],[32.95043,-18.02566],[32.93572,-18.02991],[32.93651,-18.0232],[32.94203,-18.01878],[32.93776,-18.01595],[32.93837,-18.0122],[32.95595,-17.99797],[32.95152,-17.98926],[32.94546,-17.9903],[32.93731,-17.98304],[32.94508,-17.97772],[32.94596,-17.96744],[32.95202,-17.95933],[32.96769,-17.96169],[32.97324,-17.94305],[32.97191,-17.93882],[32.97545,-17.9381],[32.97248,-17.93314],[32.97507,-17.93084],[32.9721,-17.9251],[32.97373,-17.91699],[32.9834,-17.91675],[32.97739,-17.9075],[32.96981,-17.91107],[32.95377,-17.91072],[32.95509,-17.90041],[32.9526,-17.89499],[32.95485,-17.89361],[32.94952,-17.8875],[32.95266,-17.88557],[32.95338,-17.87191],[32.96145,-17.87012],[32.96101,-17.86152],[32.96537,-17.85016],[32.9623,-17.84713],[32.96791,-17.84212],[32.96724,-17.83389],[32.96056,-17.82102],[32.9631,-17.81913],[32.96066,-17.81127],[32.97097,-17.80336],[32.97413,-17.79641],[32.98114,-17.79958],[32.98474,-17.79416],[32.99583,-17.80114],[33.00453,-17.8009],[33.0053,-17.79571],[33.01322,-17.80393],[33.01912,-17.79988],[33.01398,-17.79561],[33.01484,-17.78715],[33.01163,-17.78329],[33.01724,-17.78448],[33.02194,-17.78167],[33.02299,-17.77648],[33.01925,-17.77634],[33.01723,-17.76365],[33.02135,-17.75915],[33.03037,-17.75827],[33.02913,-17.74645],[33.02672,-17.74428],[33.02421,-17.74924],[33.01621,-17.75083],[33.01523,-17.74367],[33.01031,-17.74502],[33.00564,-17.74169],[33.00965,-17.73467],[33.00679,-17.73111],[33.011,-17.72592],[33.01139,-17.71577],[33.02188,-17.72256],[33.0279,-17.72002],[33.02297,-17.70881],[33.0155,-17.70746],[33.01683,-17.68538],[33.0236,-17.68337],[33.01828,-17.67793],[33.02375,-17.67197],[33.02058,-17.66726],[33.02163,-17.6611],[33.03156,-17.65697],[33.03115,-17.64629],[33.04675,-17.6325],[33.04364,-17.62524],[33.04653,-17.60586],[33.05364,-17.60302],[33.04316,-17.59489],[33.03996,-17.58551],[33.01984,-17.56881],[33.00645,-17.56356],[32.99603,-17.56634],[32.98381,-17.5571],[32.98185,-17.54247],[32.96968,-17.5232],[32.96383,-17.49797],[32.96676,-17.47764],[32.97486,-17.47612],[32.99214,-17.45192],[33.00189,-17.451],[32.99964,-17.44032],[33.00852,-17.42794],[33.01111,-17.41751],[33.00589,-17.39514],[33.01669,-17.39105],[33.01629,-17.38486],[33.02977,-17.36189],[33.05306,-17.34257],[32.99889,-17.30416],[32.99432,-17.24566],[32.96278,-17.25956],[32.92482,-17.26322],[32.91969,-17.26995],[32.90754,-17.27658],[32.87234,-17.27814],[32.85488,-17.29304],[32.85406,-17.30279],[32.84348,-17.3167],[32.82481,-17.31684],[32.80128,-17.33519],[32.79297,-17.33472],[32.77092,-17.35475],[32.76322,-17.36917],[32.75859,-17.37201],[32.75938,-17.37835],[32.75354,-17.39213],[32.73259,-17.42922],[32.7338,-17.45783],[32.71314,-17.47199],[32.67434,-17.48089],[32.64988,-17.49063],[32.63935,-17.49858],[32.64538,-17.52619],[32.63924,-17.55272],[32.63536,-17.55803],[32.62927,-17.55908],[32.62759,-17.56969],[32.61211,-17.56117],[32.60268,-17.5723],[32.59382,-17.57546],[32.58788,-17.58749],[32.58283,-17.58856],[32.57807,-17.63373],[32.53963,-17.64744],[32.54417,-17.68906],[32.54977,-17.69775],[32.53966,-17.71925],[32.54157,-17.72851],[32.53828,-17.73946],[32.5544,-17.75436],[32.55131,-17.76101],[32.55377,-17.7683],[32.54728,-17.78638],[32.56003,-17.80129],[32.55812,-17.80923],[32.56506,-17.81119],[32.56488,-17.81865],[32.56904,-17.81817],[32.56363,-17.82629],[32.58024,-17.85921],[32.58921,-17.86575],[32.59418,-17.88003],[32.59642,-17.90664],[32.59975,-17.91036],[32.59497,-17.91891],[32.60642,-17.95065],[32.58598,-17.96633],[32.58604,-17.97914],[32.57947,-17.98388],[32.57048,-18.01237],[32.57487,-18.01861],[32.56483,-18.03069],[32.5638,-18.04482],[32.55755,-18.04941],[32.55766,-18.05745],[32.55363,-18.05811],[32.55508,-18.06158],[32.55168,-18.06649],[32.52172,-18.09133],[32.48613,-18.10848],[32.48149,-18.12119],[32.47745,-18.12268],[32.47596,-18.12932],[32.4602,-18.15127],[32.43651,-18.15711],[32.41932,-18.17555],[32.38907,-18.19354],[32.3798,-18.20919],[32.38707,-18.22249],[32.40248,-18.23977],[32.41056,-18.26899],[32.41838,-18.27631],[32.42073,-18.2928],[32.45388,-18.31902],[32.42468,-18.33618],[32.40964,-18.38464],[32.44077,-18.37301],[32.44583,-18.39946]]]}},{"type":"Feature","properties":{"id":"ZWE:ADM2:62879985B16966915887003","name":"Shurugwi Town","countryCode":"ZWE","adminLevel":2,"sourceCode":"62879985B16966915887003","parentId":"ZWE:ADM1:ZWE-527"},"geometry":{"type":"Polygon","coordinates":[[[29.92769,-19.68261],[29.92772,-19.69152],[29.95209,-19.69276],[29.95223,-19.7215],[29.9645,-19.72223],[29.96669,-19.73345],[29.97632,-19.73834],[29.97527,-19.78219],[29.99413,-19.7841],[30.00124,-19.77367],[30.00812,-19.7705],[30.01015,-19.77293],[30.00184,-19.7855],[30.01446,-19.78505],[30.0353,-19.72666],[30.03973,-19.72445],[30.0468,-19.71115],[30.05247,-19.70851],[30.05723,-19.69461],[30.0481,-19.70162],[30.0344,-19.69395],[30.02999,-19.68359],[30.01604,-19.6809],[30.03099,-19.67198],[30.03157,-19.64868],[30.03949,-19.64855],[30.03937,-19.64246],[30.03123,-19.64353],[30.03173,-19.60132],[29.99838,-19.60703],[29.99996,-19.6124],[29.9664,-19.64407],[29.96975,-19.65159],[29.96207,-19.65645],[29.94758,-19.68088],[29.92769,-19.68261]]]}},{"type":"Feature","properties":{"id":"ZWE:ADM2:62879985B17872129948675","name":"Redcliff","countryCode":"ZWE","adminLevel":2,"sourceCode":"62879985B17872129948675","parentId":"ZWE:ADM1:ZWE-527"},"geometry":{"type":"Polygon","coordinates":[[[29.7522,-18.95307],[29.72883,-18.94713],[29.729,-18.9576],[29.73186,-18.95906],[29.7287,-18.97736],[29.732,-18.98689],[29.74094,-18.99483],[29.74133,-18.99991],[29.69907,-19.00888],[29.70313,-19.03412],[29.6952,-19.03575],[29.69931,-19.06041],[29.74589,-19.05417],[29.75048,-19.07529],[29.78052,-19.06324],[29.78345,-19.04856],[29.7908,-19.05143],[29.78887,-19.05504],[29.79104,-19.05803],[29.80067,-19.06293],[29.80376,-19.05734],[29.81603,-19.06169],[29.83034,-19.06096],[29.84192,-19.02498],[29.81947,-19.01422],[29.82838,-18.99441],[29.7913,-18.99677],[29.78062,-18.97898],[29.7416,-18.97777],[29.7522,-18.95307]]]}},{"type":"Feature","properties":{"id":"ZWE:ADM2:62879985B19451757525909","name":"Mvurwi","countryCode":"ZWE","adminLevel":2,"sourceCode":"62879985B19451757525909","parentId":"ZWE:ADM1:ZWE-524"},"geometry":{"type":"Polygon","coordinates":[[[30.84611,-17.03164],[30.85021,-17.03304],[30.85232,-17.02864],[30.85963,-17.03234],[30.86344,-17.02202],[30.85654,-17.0206],[30.85528,-17.02298],[30.84522,-17.01895],[30.84524,-17.01402],[30.84055,-17.01418],[30.84059,-17.02476],[30.84611,-17.03164]]]}},{"type":"Feature","properties":{"id":"ZWE:ADM2:62879985B19621940565976","name":"Marondera","countryCode":"ZWE","adminLevel":2,"sourceCode":"62879985B19621940565976","parentId":"ZWE:ADM1:ZWE-528"},"geometry":{"type":"Polygon","coordinates":[[[31.22117,-18.53014],[31.25534,-18.47857],[31.27613,-18.47736],[31.30592,-18.48074],[31.34726,-18.45239],[31.34946,-18.44227],[31.40298,-18.49466],[31.47822,-18.44996],[31.45589,-18.42593],[31.46009,-18.40763],[31.55394,-18.43175],[31.55659,-18.46469],[31.57999,-18.47522],[31.6218,-18.48009],[31.63512,-18.51204],[31.60914,-18.51866],[31.62669,-18.53559],[31.63899,-18.53956],[31.64456,-18.54787],[31.65591,-18.54891],[31.66196,-18.56486],[31.67153,-18.56973],[31.67615,-18.5764],[31.69494,-18.5736],[31.70332,-18.58059],[31.73422,-18.57841],[31.73304,-18.58803],[31.74484,-18.59175],[31.74622,-18.59859],[31.7509,-18.6013],[31.75562,-18.5973],[31.75641,-18.59141],[31.77084,-18.57947],[31.77165,-18.57075],[31.74696,-18.5468],[31.75035,-18.53676],[31.72181,-18.51326],[31.74945,-18.49893],[31.7618,-18.44756],[31.8443,-18.42722],[31.84495,-18.41495],[31.83079,-18.39745],[31.83215,-18.39306],[31.84506,-18.38756],[31.84155,-18.38037],[31.85454,-18.36391],[31.85629,-18.34703],[31.86409,-18.32994],[31.85884,-18.31725],[31.85945,-18.29636],[31.85686,-18.28902],[31.85977,-18.28447],[31.85328,-18.27648],[31.85677,-18.27303],[31.85504,-18.25924],[31.85775,-18.25608],[31.8548,-18.243],[31.85636,-18.23857],[31.86064,-18.23712],[31.86177,-18.23056],[31.85495,-18.22196],[31.83267,-18.21496],[31.82682,-18.2101],[31.81552,-18.2134],[31.80018,-18.20695],[31.79265,-18.20907],[31.77854,-18.20644],[31.76899,-18.21246],[31.77063,-18.20391],[31.69907,-18.16411],[31.72952,-18.15158],[31.77371,-18.1242],[31.76998,-18.10341],[31.77518,-18.09735],[31.78245,-18.07704],[31.77418,-18.05644],[31.7484,-18.01661],[31.74727,-17.998],[31.75049,-17.99431],[31.69625,-17.99487],[31.68852,-17.94848],[31.69004,-17.93486],[31.64332,-17.90669],[31.62545,-17.90045],[31.58563,-17.90824],[31.55738,-17.9276],[31.55926,-17.94681],[31.5485,-17.9581],[31.53206,-17.96533],[31.5122,-17.96559],[31.51136,-17.96907],[31.50448,-17.96739],[31.4994,-17.97568],[31.50309,-17.98497],[31.52067,-17.98822],[31.52764,-17.99258],[31.51259,-18.0029],[31.5091,-18.01366],[31.4894,-17.99851],[31.48152,-18.02323],[31.46319,-18.04324],[31.479,-18.06492],[31.44275,-18.09939],[31.42262,-18.10441],[31.4078,-18.13197],[31.39975,-18.12754],[31.38456,-18.14092],[31.39861,-18.14884],[31.39331,-18.15836],[31.40696,-18.16611],[31.39608,-18.17679],[31.40922,-18.21283],[31.39679,-18.21338],[31.39665,-18.22337],[31.40357,-18.22579],[31.39962,-18.23538],[31.3629,-18.23241],[31.36475,-18.21442],[31.37054,-18.20443],[31.35712,-18.20376],[31.34639,-18.20958],[31.33043,-18.20783],[31.32464,-18.20216],[31.31956,-18.18961],[31.30657,-18.18516],[31.30036,-18.17585],[31.29302,-18.17639],[31.28582,-18.17032],[31.27806,-18.16925],[31.26183,-18.15414],[31.2511,-18.15535],[31.24294,-18.16244],[31.22309,-18.1658],[31.22125,-18.17058],[31.21608,-18.171],[31.21451,-18.17459],[31.20643,-18.17509],[31.19813,-18.18221],[31.18903,-18.18318],[31.16823,-18.17483],[31.16365,-18.16934],[31.1628,-18.15921],[31.15543,-18.15019],[31.08961,-18.15893],[31.09456,-18.18044],[31.08373,-18.20343],[31.06754,-18.26179],[30.99957,-18.32094],[31.01136,-18.33012],[31.02568,-18.32402],[31.03459,-18.33455],[31.06498,-18.33602],[31.08752,-18.34702],[31.0972,-18.35841],[31.10164,-18.38398],[31.12242,-18.3969],[31.12796,-18.40858],[31.1398,-18.41644],[31.17672,-18.40843],[31.17964,-18.41461],[31.19511,-18.41407],[31.20973,-18.40881],[31.22162,-18.41807],[31.21911,-18.42922],[31.2228,-18.43587],[31.20068,-18.45584],[31.15739,-18.4466],[31.13276,-18.45071],[31.13011,-18.4846],[31.16561,-18.49228],[31.20187,-18.51189],[31.22117,-18.53014]],[[31.49359,-18.18694],[31.52672,-18.18029],[31.50892,-18.1726],[31.52506,-18.15815],[31.58398,-18.16705],[31.58238,-18.17288],[31.5748,-18.17859],[31.57707,-18.1817],[31.56799,-18.18648],[31.60094,-18.20562],[31.5992,-18.23076],[31.58709,-18.22867],[31.56934,-18.23387],[31.57235,-18.22208],[31.55533,-18.20836],[31.55067,-18.21895],[31.55166,-18.22489],[31.54228,-18.23321],[31.52165,-18.22861],[31.51324,-18.26801],[31.50954,-18.25437],[31.51282,-18.2443],[31.50811,-18.23337],[31.51184,-18.21179],[31.52322,-18.20323],[31.51285,-18.1977],[31.5124,-18.1926],[31.50478,-18.18681],[31.48725,-18.19031],[31.49359,-18.18694]]]}},{"type":"Feature","properties":{"id":"ZWE:ADM2:62879985B19801447956475","name":"Marondera Urban","countryCode":"ZWE","adminLevel":2,"sourceCode":"62879985B19801447956475","parentId":"ZWE:ADM1:ZWE-528"},"geometry":{"type":"Polygon","coordinates":[[[31.49359,-18.18694],[31.48725,-18.19031],[31.50478,-18.18681],[31.5124,-18.1926],[31.51285,-18.1977],[31.52322,-18.20323],[31.51184,-18.21179],[31.50811,-18.23337],[31.51282,-18.2443],[31.50954,-18.25437],[31.51324,-18.26801],[31.52165,-18.22861],[31.54228,-18.23321],[31.55166,-18.22489],[31.55067,-18.21895],[31.55533,-18.20836],[31.57235,-18.22208],[31.56934,-18.23387],[31.58709,-18.22867],[31.5992,-18.23076],[31.60094,-18.20562],[31.56799,-18.18648],[31.57707,-18.1817],[31.5748,-18.17859],[31.58238,-18.17288],[31.58398,-18.16705],[31.52506,-18.15815],[31.50892,-18.1726],[31.52672,-18.18029],[31.49359,-18.18694]]]}},{"type":"Feature","properties":{"id":"ZWE:ADM2:62879985B20095614329171","name":"Chegutu","countryCode":"ZWE","adminLevel":2,"sourceCode":"62879985B20095614329171","parentId":"ZWE:ADM1:ZWE-533"},"geometry":{"type":"Polygon","coordinates":[[[30.66771,-17.84588],[30.65537,-17.83495],[30.64805,-17.8376],[30.63328,-17.82994],[30.63078,-17.83947],[30.63217,-17.85143],[30.62349,-17.83087],[30.60326,-17.82621],[30.59781,-17.83774],[30.60377,-17.85732],[30.59089,-17.84358],[30.5877,-17.84781],[30.58419,-17.84487],[30.58597,-17.84053],[30.57059,-17.83647],[30.57118,-17.82942],[30.55903,-17.82618],[30.54994,-17.83519],[30.55325,-17.84592],[30.56326,-17.8561],[30.56995,-17.87038],[30.55941,-17.85884],[30.54509,-17.85821],[30.53853,-17.84306],[30.53125,-17.8698],[30.52445,-17.87541],[30.51691,-17.86731],[30.513,-17.84436],[30.48529,-17.84136],[30.48828,-17.83541],[30.48474,-17.83365],[30.46405,-17.83511],[30.45694,-17.82896],[30.4428,-17.82793],[30.42775,-17.83216],[30.4199,-17.84728],[30.40895,-17.82241],[30.39131,-17.84038],[30.35171,-17.86179],[30.34384,-17.86917],[30.31819,-17.86426],[30.30352,-17.87281],[30.2985,-17.87086],[30.29665,-17.87304],[30.2875,-17.86896],[30.28053,-17.87022],[30.26911,-17.8638],[30.26521,-17.86805],[30.2595,-17.86602],[30.25374,-17.86981],[30.24222,-17.86284],[30.22803,-17.8653],[30.20232,-17.85484],[30.16981,-17.85692],[30.16232,-17.85232],[30.15578,-17.85686],[30.14867,-17.85528],[30.14206,-17.86484],[30.13844,-17.86817],[30.13462,-17.86666],[30.12986,-17.87298],[30.11505,-17.86022],[30.10664,-17.86366],[30.1026,-17.85654],[30.08328,-17.86199],[30.07286,-17.87267],[30.0679,-17.86938],[30.05726,-17.87165],[30.05528,-17.86613],[30.04898,-17.86743],[30.04542,-17.8643],[30.04099,-17.86637],[30.04225,-17.87095],[30.03658,-17.87251],[30.03095,-17.8648],[29.9816,-17.86348],[29.97821,-17.8609],[29.97146,-17.86336],[29.96747,-17.85982],[29.95782,-17.86674],[29.94858,-17.86184],[29.94506,-17.86914],[29.93778,-17.86585],[29.91102,-17.8743],[29.90296,-17.8832],[29.90367,-17.89392],[29.8922,-17.90101],[29.89349,-17.90708],[29.89679,-17.90852],[29.89423,-17.92343],[29.89902,-17.93555],[29.89407,-17.94594],[29.90613,-17.95705],[29.91072,-17.98342],[29.91912,-17.98881],[29.91569,-17.9983],[29.92795,-18.00582],[29.92212,-18.02145],[29.91876,-18.02307],[29.92204,-18.03592],[29.9192,-18.04994],[29.92413,-18.05487],[29.92392,-18.06427],[29.92848,-18.06632],[29.93524,-18.07825],[29.93913,-18.09386],[29.94072,-18.10476],[29.93462,-18.1127],[29.93411,-18.14245],[29.94642,-18.16537],[29.95291,-18.1673],[29.9615,-18.1852],[30.00577,-18.17739],[30.00768,-18.18655],[29.99643,-18.19758],[30.02736,-18.23494],[30.03636,-18.22746],[30.06518,-18.25884],[30.08007,-18.24337],[30.08675,-18.28349],[30.09714,-18.27287],[30.11608,-18.29901],[30.12143,-18.29694],[30.12565,-18.30955],[30.0951,-18.35079],[30.19094,-18.3451],[30.19211,-18.39041],[30.19949,-18.38843],[30.1967,-18.38448],[30.20282,-18.37933],[30.20345,-18.38483],[30.21352,-18.38044],[30.21991,-18.38517],[30.22036,-18.38225],[30.22936,-18.38568],[30.22855,-18.38147],[30.24249,-18.38216],[30.23998,-18.38809],[30.24313,-18.388],[30.24412,-18.39144],[30.24987,-18.39015],[30.25073,-18.39934],[30.2551,-18.40358],[30.28956,-18.41306],[30.35494,-18.41597],[30.3807,-18.422],[30.39809,-18.40903],[30.43228,-18.43745],[30.47585,-18.44232],[30.44646,-18.50371],[30.45577,-18.51146],[30.46416,-18.51255],[30.46612,-18.51864],[30.47612,-18.52159],[30.4892,-18.51309],[30.49046,-18.52206],[30.49406,-18.52565],[30.50017,-18.52147],[30.52016,-18.53186],[30.53022,-18.53397],[30.53265,-18.53101],[30.54183,-18.54515],[30.55034,-18.54968],[30.55565,-18.54704],[30.56737,-18.54799],[30.57211,-18.53533],[30.58118,-18.53702],[30.58438,-18.53301],[30.59179,-18.53301],[30.59909,-18.53786],[30.60185,-18.53322],[30.61225,-18.53585],[30.62082,-18.53015],[30.64481,-18.53509],[30.65588,-18.54194],[30.66317,-18.5393],[30.69094,-18.54877],[30.7219,-18.55085],[30.73378,-18.5558],[30.76517,-18.50601],[30.77089,-18.41307],[30.78576,-18.40345],[30.79053,-18.39014],[30.78153,-18.37777],[30.7833,-18.37373],[30.77274,-18.36108],[30.76702,-18.36023],[30.76389,-18.34885],[30.75854,-18.35035],[30.75822,-18.3437],[30.75374,-18.3413],[30.74635,-18.34317],[30.74034,-18.33254],[30.7342,-18.33207],[30.72286,-18.32294],[30.72337,-18.31512],[30.71969,-18.3143],[30.71813,-18.30841],[30.70915,-18.30635],[30.70889,-18.29539],[30.69916,-18.28745],[30.69569,-18.27176],[30.69902,-18.26711],[30.69534,-18.26668],[30.70115,-18.25813],[30.69696,-18.2409],[30.6979,-18.23655],[30.71748,-18.22828],[30.72184,-18.22038],[30.74363,-18.20519],[30.74886,-18.19876],[30.74936,-18.19063],[30.76458,-18.17226],[30.76265,-18.16761],[30.75742,-18.16792],[30.75736,-18.16134],[30.74655,-18.15432],[30.75476,-18.14846],[30.75366,-18.14201],[30.76171,-18.12602],[30.76141,-18.10548],[30.77518,-18.09404],[30.79022,-18.09311],[30.80013,-18.08666],[30.79041,-18.07718],[30.79067,-18.06672],[30.78328,-18.05099],[30.78426,-18.04424],[30.77466,-18.03236],[30.77232,-18.02218],[30.81655,-17.98119],[30.80851,-17.94694],[30.83125,-17.92091],[30.81776,-17.91967],[30.80154,-17.94344],[30.75125,-17.92369],[30.73741,-17.90461],[30.76784,-17.87829],[30.76041,-17.86541],[30.75399,-17.8682],[30.74759,-17.86427],[30.71658,-17.89395],[30.69941,-17.89274],[30.65902,-17.92883],[30.63615,-17.91198],[30.6244,-17.89671],[30.64648,-17.86043],[30.66771,-17.84588]],[[30.14448,-18.07992],[30.14818,-18.09463],[30.139,-18.09792],[30.13922,-18.10219],[30.1458,-18.10616],[30.16351,-18.10666],[30.16196,-18.11692],[30.16594,-18.13086],[30.155,-18.15841],[30.13772,-18.17022],[30.10933,-18.13922],[30.11769,-18.13098],[30.0964,-18.10796],[30.12832,-18.08092],[30.13265,-18.08685],[30.14448,-18.07992]]]}},{"type":"Feature","properties":{"id":"ZWE:ADM2:62879985B20819792882543","name":"Uzumba Maramba Pfungwe","countryCode":"ZWE","adminLevel":2,"sourceCode":"62879985B20819792882543","parentId":"ZWE:ADM1:ZWE-528"},"geometry":{"type":"Polygon","coordinates":[[[32.00763,-16.84297],[32.00069,-16.85604],[32.00415,-16.87997],[32.00983,-16.8883],[32.00375,-16.90124],[32.00478,-16.9052],[31.9808,-16.92117],[31.97341,-16.92221],[31.96069,-16.91607],[31.95429,-16.91708],[31.94415,-16.93869],[31.94247,-16.95664],[31.90962,-16.97269],[31.9149,-16.97788],[31.91274,-17.001],[31.89482,-17.00086],[31.89613,-17.01067],[31.89194,-17.01848],[31.90635,-17.02241],[31.91071,-17.03236],[31.90992,-17.03826],[31.88652,-17.0614],[31.87526,-17.06998],[31.86688,-17.07073],[31.85381,-17.08223],[31.85514,-17.08949],[31.84912,-17.10317],[31.83341,-17.12314],[31.83507,-17.13135],[31.83254,-17.13625],[31.84805,-17.15103],[31.81129,-17.16799],[31.79852,-17.17785],[31.78818,-17.17886],[31.78264,-17.18523],[31.76484,-17.18646],[31.76194,-17.1953],[31.75779,-17.19825],[31.74981,-17.19898],[31.74024,-17.19535],[31.72803,-17.20214],[31.72273,-17.21603],[31.74137,-17.23647],[31.74941,-17.25846],[31.74817,-17.26913],[31.75417,-17.28054],[31.75135,-17.28809],[31.73736,-17.30254],[31.69255,-17.34185],[31.68092,-17.36219],[31.6727,-17.36875],[31.66588,-17.38334],[31.70124,-17.4136],[31.7002,-17.41767],[31.71633,-17.43154],[31.73305,-17.46259],[31.73724,-17.45938],[31.74696,-17.4623],[31.75131,-17.47245],[31.75963,-17.47409],[31.79092,-17.49576],[31.79879,-17.49623],[31.80315,-17.48997],[31.82919,-17.49246],[31.82463,-17.47782],[31.85226,-17.43247],[31.85613,-17.43954],[31.86607,-17.44094],[31.87607,-17.43964],[31.89436,-17.43034],[31.90764,-17.42746],[31.9082,-17.42486],[31.94012,-17.42872],[31.94841,-17.43351],[31.95934,-17.43094],[31.9688,-17.43378],[31.98333,-17.42097],[31.99576,-17.4153],[32.00518,-17.41925],[32.01793,-17.41946],[32.04153,-17.40958],[32.04871,-17.41096],[32.05737,-17.40551],[32.05386,-17.37889],[32.04651,-17.37005],[32.04793,-17.36176],[32.06335,-17.34407],[32.07549,-17.3456],[32.08387,-17.33319],[32.05908,-17.29498],[32.0394,-17.27516],[32.03944,-17.26029],[32.03648,-17.25513],[32.04101,-17.23494],[32.02956,-17.22124],[32.02898,-17.21597],[32.03614,-17.19048],[32.04907,-17.16136],[32.06866,-17.1217],[32.07538,-17.11386],[32.08116,-17.09197],[32.0875,-17.0877],[32.08447,-17.07533],[32.09001,-17.06008],[32.09187,-17.04077],[32.10835,-17.03901],[32.11978,-17.04203],[32.12217,-17.03939],[32.13288,-17.04259],[32.15494,-17.03987],[32.18908,-17.02461],[32.22213,-16.9909],[32.22376,-16.98545],[32.23805,-16.97781],[32.23916,-16.97363],[32.25427,-16.96839],[32.26005,-16.95625],[32.296,-16.94582],[32.30067,-16.9362],[32.3211,-16.93069],[32.33115,-16.91515],[32.33467,-16.90204],[32.34217,-16.90117],[32.34419,-16.89546],[32.35895,-16.8936],[32.3583,-16.88718],[32.37087,-16.87802],[32.37535,-16.86998],[32.38323,-16.87],[32.38887,-16.86567],[32.39643,-16.84577],[32.40373,-16.84637],[32.41377,-16.83966],[32.45253,-16.82563],[32.49079,-16.79372],[32.52215,-16.77558],[32.5393,-16.73983],[32.55007,-16.72774],[32.54516,-16.72201],[32.52747,-16.71902],[32.50998,-16.70458],[32.50111,-16.702],[32.48728,-16.70384],[32.48195,-16.69889],[32.47114,-16.7023],[32.46017,-16.69694],[32.44131,-16.70529],[32.4264,-16.70492],[32.40797,-16.7132],[32.39687,-16.71264],[32.39004,-16.71885],[32.37089,-16.71594],[32.33935,-16.74278],[32.27233,-16.7473],[32.25556,-16.76704],[32.2479,-16.77218],[32.23435,-16.77358],[32.22807,-16.78391],[32.21611,-16.7724],[32.20049,-16.76688],[32.17712,-16.77732],[32.16295,-16.77861],[32.1535,-16.7888],[32.1377,-16.79111],[32.12502,-16.78934],[32.11012,-16.79446],[32.10434,-16.7998],[32.10369,-16.80609],[32.09843,-16.80557],[32.09262,-16.80982],[32.07712,-16.80313],[32.05159,-16.80351],[32.03991,-16.81163],[32.04043,-16.82692],[32.00763,-16.84297]]]}},{"type":"Feature","properties":{"id":"ZWE:ADM2:62879985B22521901004108","name":"Rushinga","countryCode":"ZWE","adminLevel":2,"sourceCode":"62879985B22521901004108","parentId":"ZWE:ADM1:ZWE-524"},"geometry":{"type":"Polygon","coordinates":[[[32.05159,-16.80351],[32.07712,-16.80313],[32.09262,-16.80982],[32.09843,-16.80557],[32.10369,-16.80609],[32.10434,-16.7998],[32.11012,-16.79446],[32.12502,-16.78934],[32.1377,-16.79111],[32.1535,-16.7888],[32.16295,-16.77861],[32.17712,-16.77732],[32.20049,-16.76688],[32.21611,-16.7724],[32.22807,-16.78391],[32.23435,-16.77358],[32.2479,-16.77218],[32.25556,-16.76704],[32.27233,-16.7473],[32.33935,-16.74278],[32.37089,-16.71594],[32.39004,-16.71885],[32.39687,-16.71264],[32.40797,-16.7132],[32.4264,-16.70492],[32.44131,-16.70529],[32.46017,-16.69694],[32.47114,-16.7023],[32.48195,-16.69889],[32.48728,-16.70384],[32.50111,-16.702],[32.50998,-16.70458],[32.52747,-16.71902],[32.54516,-16.72201],[32.55007,-16.72774],[32.56189,-16.72991],[32.5751,-16.73904],[32.59373,-16.74178],[32.63014,-16.73199],[32.649,-16.72182],[32.65645,-16.72301],[32.66219,-16.73004],[32.68336,-16.74168],[32.69674,-16.73781],[32.70907,-16.72904],[32.73284,-16.72412],[32.74816,-16.71297],[32.7568,-16.70218],[32.70634,-16.67959],[32.70233,-16.67514],[32.71273,-16.59668],[32.56882,-16.52845],[32.4048,-16.46635],[32.27268,-16.43089],[32.05885,-16.43928],[32.05453,-16.45322],[32.04798,-16.46117],[32.01424,-16.46996],[31.99311,-16.46716],[31.98674,-16.4698],[31.98819,-16.47666],[31.97852,-16.48489],[31.97415,-16.49912],[31.94866,-16.50831],[31.94433,-16.52128],[31.9359,-16.52709],[31.94096,-16.53479],[31.95715,-16.53948],[31.95771,-16.54314],[31.95238,-16.54407],[31.95084,-16.54939],[31.928,-16.54519],[31.92051,-16.55593],[31.91055,-16.55765],[31.90742,-16.56105],[31.91387,-16.5718],[31.94473,-16.59247],[31.94361,-16.59583],[31.94844,-16.59824],[31.94454,-16.60453],[31.94808,-16.61318],[31.95922,-16.61569],[31.97345,-16.62789],[31.96504,-16.64508],[31.96483,-16.65609],[31.96013,-16.65884],[31.96551,-16.6694],[31.97612,-16.671],[31.97852,-16.67692],[32.01151,-16.65857],[32.01505,-16.67191],[32.02701,-16.66788],[32.03354,-16.74146],[32.03662,-16.74731],[32.03389,-16.75251],[32.03627,-16.76196],[32.04496,-16.77224],[32.04352,-16.77778],[32.04722,-16.77687],[32.05036,-16.78231],[32.05104,-16.79277],[32.04617,-16.79826],[32.05159,-16.80351]]]}},{"type":"Feature","properties":{"id":"ZWE:ADM2:62879985B2376154175895","name":"Plumtree","countryCode":"ZWE","adminLevel":2,"sourceCode":"62879985B2376154175895","parentId":"ZWE:ADM1:ZWE-530"},"geometry":{"type":"Polygon","coordinates":[[[27.72379,-20.51277],[27.78095,-20.52885],[27.77306,-20.5544],[27.81899,-20.59306],[27.86769,-20.52589],[27.90519,-20.51558],[27.92855,-20.48825],[27.8648,-20.49342],[27.87005,-20.47734],[27.86684,-20.45932],[27.83168,-20.42278],[27.82745,-20.42838],[27.79151,-20.45199],[27.77483,-20.4717],[27.73118,-20.4657],[27.72751,-20.51209],[27.72379,-20.51277]]]}},{"type":"Feature","properties":{"id":"ZWE:ADM2:62879985B25079588336993","name":"Kwekwe","countryCode":"ZWE","adminLevel":2,"sourceCode":"62879985B25079588336993","parentId":"ZWE:ADM1:ZWE-527"},"geometry":{"type":"Polygon","coordinates":[[[29.09214,-19.37321],[29.09883,-19.35823],[29.13125,-19.31989],[29.23842,-19.22394],[29.36431,-19.15175],[29.41628,-19.13268],[29.52554,-19.1676],[29.55225,-19.16737],[29.62648,-19.18519],[29.67433,-19.16785],[29.72917,-19.14233],[29.73619,-19.15901],[29.75248,-19.15356],[29.75571,-19.18141],[29.79671,-19.15911],[29.86152,-19.14861],[29.86019,-19.14539],[29.88999,-19.13487],[29.92547,-19.10895],[29.93841,-19.13379],[30.01786,-19.15312],[30.01542,-19.09376],[30.01878,-19.09096],[30.02991,-19.09239],[30.03112,-19.09963],[30.04386,-19.10136],[30.04579,-19.1045],[30.04991,-19.0983],[30.05736,-19.1025],[30.07066,-19.10066],[30.09074,-19.11165],[30.1017,-19.11252],[30.10599,-19.12249],[30.11487,-19.12283],[30.13067,-19.13142],[30.18034,-19.08017],[30.25881,-19.11948],[30.26139,-19.09108],[30.27042,-19.07109],[30.27122,-19.05599],[30.28662,-19.05654],[30.29089,-19.04852],[30.30529,-19.04856],[30.30593,-19.04534],[30.32093,-19.05289],[30.33864,-19.05529],[30.34885,-19.06441],[30.3406,-19.03511],[30.34808,-18.95462],[30.38154,-18.95645],[30.38256,-18.90148],[30.37386,-18.85203],[30.36619,-18.84779],[30.35533,-18.84796],[30.35341,-18.83746],[30.3478,-18.83724],[30.34213,-18.8307],[30.32854,-18.82451],[30.32276,-18.81846],[30.32685,-18.81427],[30.31658,-18.80085],[30.29602,-18.79565],[30.2892,-18.80488],[30.27456,-18.80911],[30.26824,-18.80281],[30.26022,-18.78498],[30.25454,-18.78683],[30.23895,-18.78028],[30.2358,-18.78292],[30.22188,-18.78099],[30.21153,-18.75811],[30.18168,-18.73048],[30.15078,-18.72539],[30.14664,-18.7193],[30.1402,-18.72135],[30.13226,-18.7183],[30.12039,-18.72443],[30.11321,-18.72077],[30.10519,-18.72245],[30.10048,-18.71704],[30.07184,-18.72274],[30.06704,-18.70953],[30.05428,-18.70872],[30.04974,-18.69986],[30.03972,-18.69809],[30.03086,-18.70245],[30.02856,-18.70892],[30.01803,-18.71296],[30.0085,-18.69558],[29.98923,-18.69505],[29.98094,-18.68972],[29.97669,-18.68051],[29.95409,-18.69232],[29.94663,-18.68729],[29.93663,-18.69387],[29.93141,-18.68883],[29.92363,-18.70362],[29.915,-18.70295],[29.90995,-18.69474],[29.89125,-18.70309],[29.88951,-18.69571],[29.884,-18.69603],[29.87961,-18.68975],[29.8648,-18.6837],[29.8557,-18.69077],[29.85044,-18.67751],[29.84227,-18.67147],[29.83532,-18.67285],[29.82981,-18.68198],[29.81455,-18.67383],[29.80607,-18.6747],[29.79988,-18.66106],[29.80013,-18.65107],[29.79359,-18.64675],[29.78108,-18.64924],[29.78144,-18.64524],[29.77592,-18.63872],[29.77708,-18.63034],[29.7627,-18.63388],[29.75071,-18.64551],[29.73604,-18.64288],[29.73549,-18.61916],[29.73054,-18.61112],[29.7201,-18.61087],[29.70768,-18.6156],[29.69614,-18.61022],[29.69062,-18.6139],[29.66545,-18.60403],[29.64829,-18.61668],[29.63577,-18.61291],[29.62567,-18.6005],[29.61815,-18.59934],[29.59694,-18.57984],[29.58136,-18.57767],[29.57561,-18.57921],[29.57131,-18.5847],[29.55682,-18.58186],[29.54706,-18.5543],[29.54495,-18.53573],[29.54504,-18.52871],[29.5521,-18.52139],[29.55411,-18.51414],[29.5514,-18.50009],[29.55369,-18.48855],[29.54731,-18.48271],[29.55153,-18.47687],[29.5455,-18.45424],[29.55003,-18.4457],[29.55895,-18.44352],[29.56043,-18.43239],[29.56744,-18.42688],[29.56442,-18.40607],[29.57602,-18.37962],[29.57524,-18.35864],[29.56753,-18.35413],[29.55845,-18.35778],[29.54784,-18.35639],[29.53315,-18.33702],[29.49897,-18.31965],[29.48562,-18.3051],[29.46071,-18.29771],[29.44179,-18.2852],[29.42844,-18.28407],[29.41268,-18.26868],[29.39976,-18.28509],[29.40279,-18.29072],[29.40114,-18.29345],[29.39714,-18.29319],[29.39665,-18.29695],[29.39062,-18.30004],[29.38921,-18.30659],[29.37911,-18.30825],[29.38294,-18.31763],[29.37991,-18.32998],[29.38586,-18.33724],[29.38552,-18.34814],[29.38048,-18.35319],[29.38922,-18.36306],[29.3883,-18.37299],[29.39424,-18.38592],[29.40439,-18.401],[29.40972,-18.40346],[29.40573,-18.4104],[29.41249,-18.42055],[29.40914,-18.42773],[29.41404,-18.4326],[29.40753,-18.43994],[29.41522,-18.44724],[29.41209,-18.46163],[29.41407,-18.46622],[29.40785,-18.47554],[29.40195,-18.47857],[29.39731,-18.49266],[29.38411,-18.50755],[29.37874,-18.52598],[29.37998,-18.53308],[29.37227,-18.53501],[29.36774,-18.54098],[29.36862,-18.55103],[29.36062,-18.55866],[29.3581,-18.57464],[29.34563,-18.57752],[29.34539,-18.58668],[29.32799,-18.59706],[29.30138,-18.59492],[29.28677,-18.60018],[29.26408,-18.59802],[29.23393,-18.60516],[29.22772,-18.60312],[29.20264,-18.60686],[29.19177,-18.60456],[29.12905,-18.61292],[29.12547,-18.63338],[28.92295,-18.70886],[28.86692,-18.72333],[28.93766,-19.0099],[28.95107,-19.02011],[28.97765,-19.02101],[28.97473,-19.0367],[28.98665,-19.04329],[28.99244,-19.05834],[29.00178,-19.06476],[29.01109,-19.0852],[29.00953,-19.08982],[29.0148,-19.09207],[29.01734,-19.10239],[29.01095,-19.10745],[29.00311,-19.12594],[29.0084,-19.12972],[29.00087,-19.1413],[28.99946,-19.15819],[29.00614,-19.17614],[29.00096,-19.18233],[29.00423,-19.18575],[29.00281,-19.19562],[29.01537,-19.20782],[29.01661,-19.21954],[29.03279,-19.24238],[29.01889,-19.25879],[29.01702,-19.26789],[29.02095,-19.27442],[29.01971,-19.28491],[29.03361,-19.3033],[29.0342,-19.31037],[29.04781,-19.31194],[29.05799,-19.33103],[29.07213,-19.33968],[29.07276,-19.35052],[29.0855,-19.35991],[29.09214,-19.37321]],[[29.84326,-18.85854],[29.84934,-18.85815],[29.85416,-18.86627],[29.862,-18.86756],[29.86968,-18.93001],[29.84823,-18.93809],[29.83347,-18.96422],[29.82032,-18.96828],[29.78226,-18.95931],[29.78467,-18.94646],[29.77651,-18.94931],[29.77625,-18.9426],[29.77229,-18.94094],[29.77232,-18.93046],[29.73307,-18.92073],[29.74703,-18.91446],[29.74868,-18.91101],[29.73742,-18.9093],[29.73615,-18.90369],[29.72945,-18.90202],[29.7295,-18.89848],[29.78066,-18.91052],[29.8188,-18.8859],[29.82327,-18.87476],[29.83213,-18.86829],[29.83199,-18.85866],[29.84326,-18.85854]],[[29.7522,-18.95307],[29.7416,-18.97777],[29.78062,-18.97898],[29.7913,-18.99677],[29.82838,-18.99441],[29.81947,-19.01422],[29.84192,-19.02498],[29.83034,-19.06096],[29.81603,-19.06169],[29.80376,-19.05734],[29.80067,-19.06293],[29.79104,-19.05803],[29.78887,-19.05504],[29.7908,-19.05143],[29.78345,-19.04856],[29.78052,-19.06324],[29.75048,-19.07529],[29.74589,-19.05417],[29.69931,-19.06041],[29.6952,-19.03575],[29.70313,-19.03412],[29.69907,-19.00888],[29.74133,-18.99991],[29.74094,-18.99483],[29.732,-18.98689],[29.7287,-18.97736],[29.73186,-18.95906],[29.729,-18.9576],[29.72883,-18.94713],[29.7522,-18.95307]]]}},{"type":"Feature","properties":{"id":"ZWE:ADM2:62879985B25596949610081","name":"Epworth","countryCode":"ZWE","adminLevel":2,"sourceCode":"62879985B25596949610081","parentId":"ZWE:ADM1:ZWE-525"},"geometry":{"type":"Polygon","coordinates":[[[31.19119,-17.91011],[31.19203,-17.9032],[31.19821,-17.89681],[31.19787,-17.88974],[31.20306,-17.88632],[31.19747,-17.88268],[31.13033,-17.86535],[31.12014,-17.87364],[31.11764,-17.88201],[31.14291,-17.90218],[31.13612,-17.92888],[31.16583,-17.92813],[31.16356,-17.92191],[31.17073,-17.9206],[31.17361,-17.90752],[31.18958,-17.91489],[31.19119,-17.91011]]]}},{"type":"Feature","properties":{"id":"ZWE:ADM2:62879985B25835202040787","name":"Chegutu Urban","countryCode":"ZWE","adminLevel":2,"sourceCode":"62879985B25835202040787","parentId":"ZWE:ADM1:ZWE-533"},"geometry":{"type":"Polygon","coordinates":[[[30.14448,-18.07992],[30.13265,-18.08685],[30.12832,-18.08092],[30.0964,-18.10796],[30.11769,-18.13098],[30.10933,-18.13922],[30.13772,-18.17022],[30.155,-18.15841],[30.16594,-18.13086],[30.16196,-18.11692],[30.16351,-18.10666],[30.1458,-18.10616],[30.13922,-18.10219],[30.139,-18.09792],[30.14818,-18.09463],[30.14448,-18.07992]]]}},{"type":"Feature","properties":{"id":"ZWE:ADM2:62879985B26822606878793","name":"Bikita","countryCode":"ZWE","adminLevel":2,"sourceCode":"62879985B26822606878793","parentId":"ZWE:ADM1:ZWE-532"},"geometry":{"type":"Polygon","coordinates":[[[32.34059,-19.99997],[32.32936,-19.98547],[32.31838,-19.98165],[32.28484,-19.97827],[32.26742,-19.96109],[32.25504,-19.95884],[32.23361,-19.9414],[32.20957,-19.93073],[32.2022,-19.90937],[32.19658,-19.90385],[32.14214,-19.9015],[32.09556,-19.90452],[32.09,-19.89295],[32.08293,-19.88737],[32.07618,-19.87024],[32.05306,-19.86223],[32.02695,-19.8654],[31.99962,-19.85777],[31.97889,-19.84259],[31.97267,-19.82137],[31.96262,-19.82124],[31.90225,-19.83226],[31.88663,-19.83029],[31.8629,-19.8337],[31.85315,-19.83814],[31.83165,-19.84013],[31.81308,-19.84762],[31.79533,-19.84134],[31.76946,-19.84214],[31.72206,-19.83437],[31.71593,-19.83616],[31.6896,-19.83268],[31.6806,-19.84596],[31.66744,-19.84735],[31.66718,-19.85421],[31.66255,-19.86038],[31.65591,-19.86099],[31.62927,-19.84399],[31.62529,-19.84907],[31.62276,-19.86315],[31.61375,-19.8681],[31.58352,-19.87383],[31.57858,-19.8817],[31.55242,-19.88612],[31.54054,-19.87082],[31.51824,-19.88246],[31.51352,-19.87982],[31.50563,-19.8866],[31.49324,-19.88355],[31.48129,-19.89945],[31.48123,-19.90595],[31.46428,-19.90198],[31.44928,-19.90644],[31.4423,-19.91747],[31.43344,-19.91395],[31.40927,-19.9709],[31.41473,-19.99107],[31.40317,-20.0025],[31.42197,-20.03641],[31.4383,-20.02232],[31.45654,-20.0508],[31.46793,-20.06083],[31.47069,-20.07763],[31.48037,-20.07602],[31.49422,-20.08591],[31.51208,-20.08189],[31.51769,-20.08368],[31.52155,-20.09008],[31.52768,-20.08727],[31.53884,-20.1014],[31.5402,-20.10874],[31.53396,-20.11668],[31.53802,-20.12544],[31.55937,-20.13833],[31.57139,-20.15039],[31.57689,-20.14927],[31.59311,-20.1596],[31.59562,-20.16708],[31.59108,-20.17439],[31.59377,-20.18493],[31.59061,-20.20118],[31.59176,-20.21885],[31.6031,-20.22555],[31.60622,-20.23724],[31.61933,-20.24293],[31.61034,-20.28737],[31.63581,-20.28871],[31.63817,-20.29885],[31.65235,-20.30376],[31.65613,-20.30816],[31.65311,-20.31519],[31.66038,-20.32333],[31.66363,-20.31926],[31.66717,-20.31964],[31.67214,-20.32332],[31.67332,-20.33085],[31.67663,-20.32733],[31.67964,-20.33391],[31.69732,-20.34098],[31.71576,-20.35363],[31.72309,-20.3548],[31.72196,-20.36545],[31.73163,-20.37068],[31.71541,-20.37225],[31.7035,-20.38282],[31.69944,-20.39064],[31.70167,-20.39948],[31.69433,-20.40495],[31.69161,-20.41724],[31.67836,-20.43111],[31.68318,-20.43509],[31.6969,-20.46557],[31.69493,-20.47304],[31.69789,-20.47717],[31.69434,-20.48028],[31.69173,-20.4917],[31.7028,-20.49374],[31.70121,-20.50709],[31.70879,-20.52879],[31.71565,-20.53145],[31.72217,-20.55378],[31.74386,-20.56439],[31.73991,-20.5677],[31.74009,-20.57239],[31.75261,-20.57068],[31.77501,-20.58256],[31.78971,-20.58253],[31.82835,-20.56563],[31.86474,-20.48879],[31.96541,-20.423],[31.96676,-20.4193],[31.99467,-20.40544],[32.01645,-20.41313],[32.06268,-20.41162],[32.10324,-20.40626],[32.14623,-20.40932],[32.17462,-20.42003],[32.1941,-20.43687],[32.23792,-20.4445],[32.25821,-20.45214],[32.28438,-20.45518],[32.29571,-20.34489],[32.3146,-20.269],[32.31971,-20.26008],[32.32716,-20.18754],[32.33906,-20.15745],[32.33957,-20.09603],[32.34505,-20.07891],[32.33728,-20.04217],[32.3434,-20.01843],[32.34059,-19.99997]]]}},{"type":"Feature","properties":{"id":"ZWE:ADM2:62879985B27116987268551","name":"Makoni","countryCode":"ZWE","adminLevel":2,"sourceCode":"62879985B27116987268551","parentId":"ZWE:ADM1:ZWE-529"},"geometry":{"type":"Polygon","coordinates":[[[32.03307,-19.17339],[32.03468,-19.16158],[32.04023,-19.15409],[32.0526,-19.15706],[32.06605,-19.14219],[32.07406,-19.14228],[32.08179,-19.13805],[32.08678,-19.13966],[32.09093,-19.12731],[32.0814,-19.11167],[32.08831,-19.08963],[32.11073,-19.07214],[32.11643,-19.06371],[32.11526,-19.04766],[32.1335,-19.03678],[32.13944,-19.0289],[32.14886,-18.99649],[32.16409,-18.99261],[32.16798,-18.98501],[32.17543,-18.98123],[32.17917,-18.96918],[32.17444,-18.96305],[32.18082,-18.94885],[32.18519,-18.94593],[32.18335,-18.94287],[32.1861,-18.93945],[32.18243,-18.93169],[32.18561,-18.9273],[32.18275,-18.91658],[32.16503,-18.90325],[32.20219,-18.90207],[32.20786,-18.89574],[32.20832,-18.88528],[32.22017,-18.86602],[32.22011,-18.85434],[32.21558,-18.85173],[32.21627,-18.84806],[32.21266,-18.84447],[32.21272,-18.82884],[32.19561,-18.80332],[32.20681,-18.77357],[32.24963,-18.78784],[32.27971,-18.76028],[32.32487,-18.74926],[32.34517,-18.72677],[32.35572,-18.72591],[32.36051,-18.74657],[32.36973,-18.73879],[32.38555,-18.73878],[32.39535,-18.73304],[32.39588,-18.73756],[32.40021,-18.73886],[32.40493,-18.74625],[32.40747,-18.75589],[32.41201,-18.75638],[32.41059,-18.7603],[32.41433,-18.76058],[32.4181,-18.76741],[32.44774,-18.74058],[32.46337,-18.76398],[32.4661,-18.76162],[32.48754,-18.76238],[32.48089,-18.75593],[32.48433,-18.75206],[32.48614,-18.74032],[32.48537,-18.73239],[32.48107,-18.72863],[32.48319,-18.72672],[32.48032,-18.7103],[32.48531,-18.70458],[32.48599,-18.69817],[32.47646,-18.67676],[32.47635,-18.67283],[32.47993,-18.67058],[32.46761,-18.65038],[32.46751,-18.64182],[32.44786,-18.61774],[32.44842,-18.61271],[32.43948,-18.60084],[32.45008,-18.5908],[32.45451,-18.5915],[32.4581,-18.58607],[32.45673,-18.57821],[32.47471,-18.56129],[32.4807,-18.54153],[32.48628,-18.53744],[32.48406,-18.52911],[32.48767,-18.52292],[32.42236,-18.4816],[32.44583,-18.39946],[32.44077,-18.37301],[32.40964,-18.38464],[32.42468,-18.33618],[32.45388,-18.31902],[32.42073,-18.2928],[32.41838,-18.27631],[32.41056,-18.26899],[32.40248,-18.23977],[32.38707,-18.22249],[32.3798,-18.20919],[32.38907,-18.19354],[32.41932,-18.17555],[32.43651,-18.15711],[32.4602,-18.15127],[32.47596,-18.12932],[32.47745,-18.12268],[32.48149,-18.12119],[32.48613,-18.10848],[32.52172,-18.09133],[32.55168,-18.06649],[32.55508,-18.06158],[32.55363,-18.05811],[32.55766,-18.05745],[32.55755,-18.04941],[32.5638,-18.04482],[32.56483,-18.03069],[32.57487,-18.01861],[32.57048,-18.01237],[32.57947,-17.98388],[32.58604,-17.97914],[32.58598,-17.96633],[32.60642,-17.95065],[32.59497,-17.91891],[32.59975,-17.91036],[32.59642,-17.90664],[32.59418,-17.88003],[32.58921,-17.86575],[32.58024,-17.85921],[32.56363,-17.82629],[32.56904,-17.81817],[32.56488,-17.81865],[32.56506,-17.81119],[32.55812,-17.80923],[32.56003,-17.80129],[32.54728,-17.78638],[32.55377,-17.7683],[32.55131,-17.76101],[32.5544,-17.75436],[32.53828,-17.73946],[32.54157,-17.72851],[32.53966,-17.71925],[32.54977,-17.69775],[32.54417,-17.68906],[32.53963,-17.64744],[32.57807,-17.63373],[32.57994,-17.62564],[32.57936,-17.60591],[32.57143,-17.6047],[32.56797,-17.59723],[32.56438,-17.6007],[32.56246,-17.59632],[32.55647,-17.60588],[32.55047,-17.6065],[32.55143,-17.61529],[32.54844,-17.61938],[32.54211,-17.61545],[32.53074,-17.61759],[32.50265,-17.60882],[32.4917,-17.62422],[32.47321,-17.62672],[32.47039,-17.63962],[32.46494,-17.64685],[32.44234,-17.6604],[32.44577,-17.66518],[32.44251,-17.66987],[32.43547,-17.67221],[32.42212,-17.66322],[32.41241,-17.67158],[32.38202,-17.67464],[32.36573,-17.68875],[32.33125,-17.70894],[32.32486,-17.71976],[32.30094,-17.72519],[32.2916,-17.73392],[32.2932,-17.73907],[32.29075,-17.74182],[32.2757,-17.74638],[32.26774,-17.75998],[32.26574,-17.77062],[32.26091,-17.77165],[32.24575,-17.7876],[32.2265,-17.79784],[32.21477,-17.81196],[32.20224,-17.82037],[32.19089,-17.81995],[32.1842,-17.82765],[32.16058,-17.83349],[32.15558,-17.83986],[32.1487,-17.84251],[32.15142,-17.85795],[32.1429,-17.87442],[32.1462,-17.8956],[32.14088,-17.90493],[32.14136,-17.90951],[32.14762,-17.91258],[32.14552,-17.91684],[32.14766,-17.9283],[32.13838,-17.93189],[32.10024,-17.96377],[32.08011,-17.98611],[32.05298,-18.00921],[32.047,-18.02213],[32.01746,-18.04526],[32.01374,-18.05345],[32.00675,-18.05469],[31.97349,-18.08035],[31.99448,-18.10627],[32.00054,-18.1444],[31.86841,-18.14204],[31.87491,-18.17327],[31.86563,-18.18622],[31.86863,-18.1931],[31.86486,-18.20146],[31.86465,-18.22468],[31.86064,-18.23712],[31.85636,-18.23857],[31.8548,-18.243],[31.85775,-18.25608],[31.85504,-18.25924],[31.85677,-18.27303],[31.85328,-18.27648],[31.85977,-18.28447],[31.85686,-18.28902],[31.85945,-18.29636],[31.85884,-18.31725],[31.86409,-18.32994],[31.85629,-18.34703],[31.85454,-18.36391],[31.84155,-18.38037],[31.84506,-18.38756],[31.83215,-18.39306],[31.83079,-18.39745],[31.84495,-18.41495],[31.8443,-18.42722],[31.7618,-18.44756],[31.74945,-18.49893],[31.72181,-18.51326],[31.75035,-18.53676],[31.74696,-18.5468],[31.77165,-18.57075],[31.77084,-18.57947],[31.75641,-18.59141],[31.75562,-18.5973],[31.7509,-18.6013],[31.75827,-18.61169],[31.75668,-18.62226],[31.76321,-18.63601],[31.77246,-18.63952],[31.77235,-18.64659],[31.7814,-18.65428],[31.78593,-18.669],[31.79269,-18.66797],[31.79561,-18.67608],[31.81329,-18.69476],[31.83035,-18.72298],[31.83368,-18.73553],[31.82967,-18.74707],[31.84169,-18.74634],[31.85202,-18.75241],[31.86906,-18.74561],[31.88309,-18.74846],[31.90819,-18.79364],[31.90677,-18.8339],[31.91326,-18.84931],[31.9123,-18.8633],[31.91722,-18.87479],[31.92104,-18.905],[31.92908,-18.90782],[31.93417,-18.90406],[31.95408,-18.9208],[31.94828,-18.93797],[31.96728,-18.95897],[31.96985,-18.96631],[31.97588,-18.97014],[31.97531,-18.99608],[31.97853,-19.00551],[31.97431,-19.0227],[31.97743,-19.04222],[31.9691,-19.0531],[31.97143,-19.09324],[31.98263,-19.1121],[31.98909,-19.13046],[31.99736,-19.13996],[32.00027,-19.1558],[32.00814,-19.15541],[32.02774,-19.16562],[32.03307,-19.17339]],[[32.12503,-18.51836],[32.12649,-18.51222],[32.13426,-18.50952],[32.16243,-18.56188],[32.13026,-18.54927],[32.12327,-18.55636],[32.109,-18.55563],[32.10527,-18.54414],[32.11239,-18.53972],[32.11353,-18.52624],[32.12503,-18.51836]]]}},{"type":"Feature","properties":{"id":"ZWE:ADM2:62879985B2724410998329","name":"Karoi","countryCode":"ZWE","adminLevel":2,"sourceCode":"62879985B2724410998329","parentId":"ZWE:ADM1:ZWE-533"},"geometry":{"type":"Polygon","coordinates":[[[29.69155,-16.79828],[29.68917,-16.80035],[29.6857,-16.7984],[29.67295,-16.81082],[29.67487,-16.81795],[29.67141,-16.81956],[29.67083,-16.82807],[29.67788,-16.83266],[29.68492,-16.83277],[29.68655,-16.836],[29.69751,-16.83708],[29.70277,-16.84917],[29.71478,-16.83942],[29.71455,-16.8188],[29.70396,-16.80739],[29.70697,-16.8015],[29.69691,-16.7954],[29.69155,-16.79828]]]}},{"type":"Feature","properties":{"id":"ZWE:ADM2:62879985B28116741742257","name":"Mutasa","countryCode":"ZWE","adminLevel":2,"sourceCode":"62879985B28116741742257","parentId":"ZWE:ADM1:ZWE-529"},"geometry":{"type":"Polygon","coordinates":[[[32.48754,-18.76238],[32.52108,-18.76249],[32.4878,-18.78197],[32.48624,-18.81514],[32.48114,-18.82493],[32.48494,-18.83075],[32.48408,-18.83839],[32.47608,-18.84966],[32.46088,-18.857],[32.45769,-18.86263],[32.45145,-18.8604],[32.43567,-18.86938],[32.43463,-18.87727],[32.42645,-18.88748],[32.42127,-18.91294],[32.41728,-18.91573],[32.41416,-18.92939],[32.4086,-18.93764],[32.40899,-18.94395],[32.39359,-18.96559],[32.4479,-18.95588],[32.46633,-18.94685],[32.50396,-18.94176],[32.51968,-18.94313],[32.53182,-18.95016],[32.55804,-18.95284],[32.62703,-18.94368],[32.66099,-18.93468],[32.69172,-18.93304],[32.70516,-18.93576],[32.74167,-18.9248],[32.73357,-18.91835],[32.72666,-18.90483],[32.72504,-18.87173],[32.70271,-18.84123],[32.71117,-18.82961],[32.72652,-18.8203],[32.72975,-18.82331],[32.73581,-18.81432],[32.74298,-18.81001],[32.74871,-18.80867],[32.75239,-18.81277],[32.75693,-18.81213],[32.7783,-18.79669],[32.79204,-18.79489],[32.81459,-18.77876],[32.84481,-18.77639],[32.8798,-18.79801],[32.90692,-18.79183],[32.91936,-18.78302],[32.93183,-18.76788],[32.93694,-18.76803],[32.93673,-18.75963],[32.94174,-18.75058],[32.94532,-18.73247],[32.95195,-18.72411],[32.95344,-18.70746],[32.95903,-18.70531],[32.96185,-18.68381],[32.9104,-18.61116],[32.91028,-18.58713],[32.8965,-18.58158],[32.89125,-18.57476],[32.90052,-18.54326],[32.87591,-18.51731],[32.88836,-18.51115],[32.89654,-18.51099],[32.89861,-18.50439],[32.90931,-18.49717],[32.91578,-18.50323],[32.92391,-18.50317],[32.92592,-18.49971],[32.9351,-18.49733],[32.93597,-18.49227],[32.93976,-18.49461],[32.95006,-18.4913],[32.95112,-18.48605],[32.9716,-18.47279],[32.97984,-18.47146],[32.97711,-18.47887],[32.98305,-18.49272],[33.02811,-18.46328],[33.02995,-18.42842],[33.01914,-18.42546],[33.01873,-18.41993],[33.03025,-18.40397],[33.03158,-18.39066],[33.03954,-18.38081],[33.04698,-18.37545],[33.05073,-18.38265],[33.0572,-18.37963],[33.05822,-18.36501],[33.06418,-18.35816],[33.0628,-18.35423],[33.06718,-18.34578],[33.05636,-18.33897],[33.05212,-18.33159],[33.05451,-18.31631],[33.04428,-18.32018],[33.0369,-18.31439],[33.03545,-18.31824],[33.02864,-18.30664],[33.02511,-18.30797],[33.02165,-18.29889],[33.01585,-18.29506],[33.01622,-18.28944],[33.01945,-18.28727],[33.01099,-18.27924],[33.01971,-18.27678],[33.0137,-18.2693],[33.01674,-18.26845],[33.01582,-18.25786],[33.02299,-18.24946],[33.01533,-18.24475],[33.01609,-18.2388],[33.022,-18.23563],[33.0214,-18.22678],[33.01642,-18.21912],[33.01811,-18.20868],[33.0091,-18.19502],[32.98916,-18.19492],[32.98951,-18.23495],[32.9773,-18.23128],[32.96424,-18.2487],[32.9628,-18.25223],[32.97385,-18.25663],[32.97587,-18.26356],[32.97221,-18.27684],[32.94938,-18.30476],[32.94228,-18.32991],[32.92461,-18.33549],[32.90402,-18.30317],[32.88088,-18.31147],[32.89725,-18.33907],[32.91141,-18.37282],[32.81118,-18.41517],[32.81637,-18.45666],[32.80188,-18.51115],[32.75063,-18.49534],[32.74486,-18.50024],[32.72993,-18.53799],[32.70465,-18.5767],[32.69702,-18.5744],[32.69599,-18.56287],[32.67986,-18.56995],[32.65901,-18.54808],[32.65123,-18.54859],[32.64869,-18.52076],[32.64318,-18.52565],[32.64467,-18.52882],[32.63887,-18.52723],[32.63438,-18.53221],[32.59039,-18.49354],[32.57705,-18.47117],[32.60199,-18.4449],[32.58251,-18.41848],[32.55533,-18.43718],[32.49213,-18.43618],[32.4825,-18.38613],[32.44583,-18.39946],[32.42236,-18.4816],[32.48767,-18.52292],[32.48406,-18.52911],[32.48628,-18.53744],[32.4807,-18.54153],[32.47471,-18.56129],[32.45673,-18.57821],[32.4581,-18.58607],[32.45451,-18.5915],[32.45008,-18.5908],[32.43948,-18.60084],[32.44842,-18.61271],[32.44786,-18.61774],[32.46751,-18.64182],[32.46761,-18.65038],[32.47993,-18.67058],[32.47635,-18.67283],[32.47646,-18.67676],[32.48599,-18.69817],[32.48531,-18.70458],[32.48032,-18.7103],[32.48319,-18.72672],[32.48107,-18.72863],[32.48537,-18.73239],[32.48614,-18.74032],[32.48433,-18.75206],[32.48089,-18.75593],[32.48754,-18.76238]]]}},{"type":"Feature","properties":{"id":"ZWE:ADM2:62879985B28907517418650","name":"Tsholotsho","countryCode":"ZWE","adminLevel":2,"sourceCode":"62879985B28907517418650","parentId":"ZWE:ADM1:ZWE-526"},"geometry":{"type":"Polygon","coordinates":[[[28.13467,-20.08617],[28.12788,-20.06846],[28.10388,-20.05014],[28.08638,-20.04187],[28.03501,-19.98159],[28.02515,-19.98068],[28.02348,-19.97603],[28.00825,-19.97129],[28.00425,-19.97486],[27.99237,-19.96474],[27.99373,-19.95388],[27.982,-19.95455],[27.97519,-19.94792],[27.96787,-19.94783],[27.96873,-19.93744],[27.95828,-19.92638],[27.95914,-19.91733],[27.95483,-19.91117],[27.95221,-19.89778],[27.9459,-19.89296],[27.93175,-19.89229],[27.92371,-19.88424],[27.92129,-19.86328],[27.90852,-19.85009],[27.91396,-19.83987],[27.90707,-19.83528],[27.90209,-19.80968],[27.88722,-19.80648],[27.87864,-19.80795],[27.86968,-19.80217],[27.85769,-19.80543],[27.85806,-19.79638],[27.85216,-19.79509],[27.85568,-19.78849],[27.85394,-19.78605],[27.84863,-19.78154],[27.84139,-19.78364],[27.84044,-19.77324],[27.82632,-19.76854],[27.82751,-19.75058],[27.81816,-19.74867],[27.80746,-19.73298],[27.80044,-19.73558],[27.79811,-19.73074],[27.79275,-19.72974],[27.78584,-19.72176],[27.78777,-19.71176],[27.77739,-19.70714],[27.77828,-19.69582],[27.7617,-19.6811],[27.77213,-19.66457],[27.77976,-19.62294],[27.79251,-19.61264],[27.77773,-19.6044],[27.77471,-19.59914],[27.78402,-19.57907],[27.78059,-19.5693],[27.78286,-19.55717],[27.77206,-19.55525],[27.75981,-19.54071],[27.75916,-19.52709],[27.77961,-19.50813],[27.76955,-19.49438],[27.75552,-19.49618],[27.7494,-19.48737],[27.73943,-19.48494],[27.73173,-19.4736],[27.7213,-19.47012],[27.72462,-19.45488],[27.71546,-19.44086],[27.71571,-19.4321],[27.71793,-19.42902],[27.72656,-19.42926],[27.72724,-19.42643],[27.71578,-19.42141],[27.71493,-19.41711],[27.71748,-19.40414],[27.72798,-19.40551],[27.7279,-19.40073],[27.70644,-19.39118],[27.69919,-19.39418],[27.69397,-19.3924],[27.70285,-19.38088],[27.69977,-19.37642],[27.6937,-19.37764],[27.6868,-19.38543],[27.68193,-19.38422],[27.6756,-19.37571],[27.66433,-19.37742],[27.66202,-19.37304],[27.66492,-19.3655],[27.658,-19.36477],[27.65493,-19.36008],[27.65689,-19.35675],[27.66603,-19.35797],[27.67064,-19.35269],[27.65884,-19.34021],[27.66114,-19.33405],[27.67225,-19.34183],[27.6778,-19.3402],[27.67506,-19.33356],[27.66704,-19.33445],[27.669,-19.32772],[27.6748,-19.32853],[27.67779,-19.3248],[27.67625,-19.31994],[27.67113,-19.3231],[27.66925,-19.31856],[27.6749,-19.3137],[27.68249,-19.3184],[27.68487,-19.31541],[27.68278,-19.30071],[27.68904,-19.29735],[27.68643,-19.29141],[27.68862,-19.28404],[27.69527,-19.28594],[27.70138,-19.27439],[27.6978,-19.25531],[27.70767,-19.25079],[27.71029,-19.25657],[27.7223,-19.2545],[27.73847,-19.26051],[27.74104,-19.25688],[27.74162,-19.25167],[27.73461,-19.24939],[27.73244,-19.24014],[27.7248,-19.23323],[27.72308,-19.22355],[27.71409,-19.2207],[27.71342,-19.20638],[27.70606,-19.20147],[27.70322,-19.17893],[27.69923,-19.17084],[27.70224,-19.16346],[27.6966,-19.16131],[27.70478,-19.15159],[27.70408,-19.13005],[27.6963,-19.12642],[27.69642,-19.11746],[27.68328,-19.10421],[27.68615,-19.09942],[27.69224,-19.1007],[27.69409,-19.10662],[27.69877,-19.09778],[27.70334,-19.09849],[27.70301,-19.09329],[27.70871,-19.09198],[27.46654,-19.09812],[27.44528,-19.1258],[27.44757,-19.13104],[27.44285,-19.14648],[27.45259,-19.16019],[27.45655,-19.1726],[27.45559,-19.18539],[27.45951,-19.19004],[27.45992,-19.19731],[27.45353,-19.20236],[27.45321,-19.21718],[27.44023,-19.21149],[27.41836,-19.21348],[27.39841,-19.22741],[27.39063,-19.22875],[27.37489,-19.22498],[27.35838,-19.21631],[27.35703,-19.2248],[27.34949,-19.22805],[27.32383,-19.22693],[27.30914,-19.23641],[27.30624,-19.23343],[27.29996,-19.23548],[27.28007,-19.2506],[27.27885,-19.26266],[27.26767,-19.26352],[27.24281,-19.28119],[27.23363,-19.29338],[27.23129,-19.30891],[27.23429,-19.31374],[27.22588,-19.3177],[27.21167,-19.31931],[27.20463,-19.3234],[27.18006,-19.31733],[27.13455,-19.31471],[27.12653,-19.3196],[27.11213,-19.31724],[27.08834,-19.32496],[27.06767,-19.32241],[27.06552,-19.32612],[27.06102,-19.32246],[27.00886,-19.33263],[26.99126,-19.32748],[26.99329,-19.33232],[26.97735,-19.33635],[26.96531,-19.33387],[26.95975,-19.33721],[26.93909,-19.33666],[26.93446,-19.34061],[26.9289,-19.34034],[26.89503,-19.38172],[26.88713,-19.3955],[26.88367,-19.41362],[26.87244,-19.42565],[26.8689,-19.43488],[26.87213,-19.4472],[26.86377,-19.45264],[26.84819,-19.50338],[26.80866,-19.60613],[26.80617,-19.62481],[26.78557,-19.67151],[26.75833,-19.75246],[26.7435,-19.76645],[26.71868,-19.85674],[26.69803,-19.88747],[26.70302,-19.89006],[26.73342,-19.8833],[26.74928,-19.86179],[26.75676,-19.8581],[26.78149,-19.85546],[26.80573,-19.84157],[26.84021,-19.83166],[26.86109,-19.82003],[26.88408,-19.81938],[26.90439,-19.8132],[26.92474,-19.81084],[26.9471,-19.81387],[26.95316,-19.8102],[26.97568,-19.8081],[26.98219,-19.81437],[26.99587,-19.8175],[27.04908,-19.80849],[27.0647,-19.81427],[27.07534,-19.80828],[27.10808,-19.80544],[27.1364,-19.79575],[27.15941,-19.80449],[27.17645,-19.80367],[27.18127,-19.80568],[27.1836,-19.81234],[27.1943,-19.81675],[27.22048,-19.81166],[27.26516,-19.82295],[27.27136,-19.81219],[27.28945,-19.80487],[27.29733,-19.7956],[27.30582,-19.79302],[27.33831,-19.80051],[27.35664,-19.79717],[27.36284,-19.80258],[27.37011,-19.80399],[27.38504,-19.79915],[27.42317,-19.82229],[27.44798,-19.84598],[27.46108,-19.84548],[27.50316,-19.85601],[27.51708,-19.85475],[27.53854,-19.87019],[27.54085,-19.88187],[27.54856,-19.88814],[27.55854,-19.8899],[27.56435,-19.89636],[27.56607,-19.92678],[27.57303,-19.93841],[27.57586,-19.95413],[27.59028,-19.97951],[27.60988,-19.99806],[27.64428,-20.01498],[27.65213,-20.03204],[27.66169,-20.04232],[27.68281,-20.05064],[27.68909,-20.06169],[27.69949,-20.07121],[27.70943,-20.07464],[27.72616,-20.08665],[27.73174,-20.09704],[27.74074,-20.09879],[27.74602,-20.10973],[27.7522,-20.11342],[27.75882,-20.1345],[27.76664,-20.13041],[27.78014,-20.14433],[27.80507,-20.15138],[27.81251,-20.17141],[27.81868,-20.17489],[27.83036,-20.17524],[27.83723,-20.17107],[27.84862,-20.17859],[27.85708,-20.18026],[27.86107,-20.177],[27.86833,-20.1866],[27.88012,-20.18361],[27.89027,-20.1882],[27.89717,-20.18415],[27.94419,-20.05888],[27.99264,-20.12251],[28.03344,-20.10262],[28.09194,-20.09735],[28.13467,-20.08617]]]}},{"type":"Feature","properties":{"id":"ZWE:ADM2:62879985B291328644758","name":"Bubi","countryCode":"ZWE","adminLevel":2,"sourceCode":"62879985B291328644758","parentId":"ZWE:ADM1:ZWE-526"},"geometry":{"type":"Polygon","coordinates":[[[28.43691,-19.15819],[28.29333,-19.13425],[28.285,-19.17743],[28.28465,-19.21966],[28.25803,-19.21485],[28.26008,-19.20195],[28.2137,-19.18893],[27.93987,-19.40737],[28.06634,-19.46674],[28.07193,-19.35794],[28.40165,-19.50869],[28.53619,-19.59073],[28.49294,-19.65486],[28.49314,-19.66657],[28.5001,-19.67849],[28.53731,-19.71516],[28.53492,-19.71522],[28.55133,-19.72303],[28.52649,-19.80396],[28.54974,-19.83261],[28.56733,-19.83371],[28.56835,-19.84762],[28.57416,-19.8501],[28.57851,-19.84791],[28.58926,-19.85554],[28.58507,-19.85949],[28.59284,-19.8691],[28.59821,-19.86881],[28.59881,-19.87305],[28.59463,-19.87475],[28.59701,-19.88152],[28.6,-19.87814],[28.60956,-19.8804],[28.61106,-19.88463],[28.60657,-19.89283],[28.61195,-19.89848],[28.61763,-19.89735],[28.61792,-19.90158],[28.62151,-19.90102],[28.61165,-19.90723],[28.61254,-19.9109],[28.62121,-19.90978],[28.62629,-19.92051],[28.6236,-19.92446],[28.62659,-19.92672],[28.63495,-19.92305],[28.64273,-19.92459],[28.63623,-19.93479],[28.64703,-19.94696],[28.65001,-19.94572],[28.65578,-19.96335],[28.67181,-19.9556],[28.70293,-19.99877],[28.71765,-19.99401],[28.72846,-19.98186],[28.75455,-19.97203],[28.77681,-19.99946],[28.78054,-19.99965],[28.78803,-19.97257],[28.81467,-19.96783],[28.82127,-19.9272],[28.87159,-19.91557],[28.87054,-19.91035],[28.95248,-19.90223],[28.98332,-19.9568],[28.99144,-19.94269],[28.955,-19.82168],[29.04658,-19.85319],[29.07202,-19.82999],[29.09785,-19.81403],[29.08582,-19.80721],[29.1035,-19.77538],[29.10294,-19.70935],[29.04166,-19.65728],[29.06917,-19.65436],[29.11573,-19.60127],[29.19508,-19.56466],[29.1271,-19.53474],[29.09437,-19.53425],[29.08347,-19.5193],[29.08213,-19.50974],[29.09034,-19.50646],[29.09211,-19.50151],[29.10725,-19.49031],[29.17186,-19.49767],[29.21548,-19.5296],[29.23379,-19.4824],[29.21916,-19.47604],[29.20729,-19.45953],[29.20074,-19.46135],[29.19624,-19.45858],[29.19345,-19.44785],[29.16324,-19.42272],[29.15538,-19.40163],[29.14866,-19.39507],[29.12898,-19.38869],[29.12117,-19.3894],[29.09214,-19.37321],[29.0855,-19.35991],[29.07276,-19.35052],[29.07213,-19.33968],[29.05799,-19.33103],[29.04781,-19.31194],[29.0342,-19.31037],[29.03361,-19.3033],[29.01971,-19.28491],[29.02095,-19.27442],[29.01702,-19.26789],[29.01889,-19.25879],[29.03279,-19.24238],[29.01661,-19.21954],[29.01537,-19.20782],[29.00281,-19.19562],[28.83454,-19.29625],[28.64886,-19.22761],[28.52128,-19.17261],[28.43691,-19.15819]]]}},{"type":"Feature","properties":{"id":"ZWE:ADM2:62879985B29850987700829","name":"Mount Darwin","countryCode":"ZWE","adminLevel":2,"sourceCode":"62879985B29850987700829","parentId":"ZWE:ADM1:ZWE-524"},"geometry":{"type":"Polygon","coordinates":[[[31.40305,-16.84036],[31.49879,-16.85106],[31.50066,-16.84835],[31.52252,-16.88344],[31.52727,-16.88493],[31.53487,-16.89817],[31.55102,-16.91397],[31.5676,-16.89001],[31.61302,-16.85604],[31.59307,-16.90871],[31.62,-16.92291],[31.64374,-16.91102],[31.66093,-16.90998],[31.66123,-16.90758],[31.66756,-16.91097],[31.66995,-16.90695],[31.67294,-16.90904],[31.68207,-16.90578],[31.6817,-16.91011],[31.68608,-16.91115],[31.69243,-16.90488],[31.68923,-16.89882],[31.70315,-16.89898],[31.70219,-16.89332],[31.70712,-16.88697],[31.71609,-16.88882],[31.72883,-16.88355],[31.73052,-16.88011],[31.73708,-16.88349],[31.74214,-16.87804],[31.75422,-16.87725],[31.75162,-16.87036],[31.75589,-16.86497],[31.75029,-16.86039],[31.75753,-16.85129],[31.76803,-16.85624],[31.77052,-16.85289],[31.77662,-16.85264],[31.77586,-16.85701],[31.78084,-16.86114],[31.78948,-16.84872],[31.79598,-16.85022],[31.7956,-16.84411],[31.80138,-16.84587],[31.80432,-16.84098],[31.80889,-16.843],[31.82353,-16.82656],[31.82902,-16.83174],[31.83873,-16.83411],[31.83901,-16.83058],[31.8588,-16.82555],[31.85905,-16.82056],[31.87161,-16.82498],[31.87111,-16.81911],[31.87379,-16.81858],[31.88027,-16.82079],[31.88108,-16.82889],[31.88426,-16.82423],[31.89425,-16.82813],[31.90111,-16.82386],[31.90539,-16.82929],[31.91325,-16.82594],[31.92824,-16.82949],[31.94189,-16.82824],[31.96252,-16.83307],[31.9717,-16.83862],[31.97989,-16.83396],[32.0002,-16.83679],[32.00763,-16.84297],[32.03015,-16.83377],[32.03318,-16.82888],[32.04043,-16.82692],[32.03991,-16.81163],[32.05159,-16.80351],[32.04617,-16.79826],[32.05104,-16.79277],[32.05036,-16.78231],[32.04722,-16.77687],[32.04352,-16.77778],[32.04496,-16.77224],[32.03627,-16.76196],[32.03389,-16.75251],[32.03662,-16.74731],[32.03354,-16.74146],[32.02701,-16.66788],[32.01505,-16.67191],[32.01151,-16.65857],[31.97852,-16.67692],[31.97612,-16.671],[31.96551,-16.6694],[31.96013,-16.65884],[31.96483,-16.65609],[31.96504,-16.64508],[31.97345,-16.62789],[31.95922,-16.61569],[31.94808,-16.61318],[31.94454,-16.60453],[31.94844,-16.59824],[31.94361,-16.59583],[31.94473,-16.59247],[31.91387,-16.5718],[31.90742,-16.56105],[31.91055,-16.55765],[31.92051,-16.55593],[31.928,-16.54519],[31.95084,-16.54939],[31.95238,-16.54407],[31.95771,-16.54314],[31.95715,-16.53948],[31.94096,-16.53479],[31.9359,-16.52709],[31.94433,-16.52128],[31.94866,-16.50831],[31.97415,-16.49912],[31.97852,-16.48489],[31.98819,-16.47666],[31.98674,-16.4698],[31.99311,-16.46716],[32.01424,-16.46996],[32.04798,-16.46117],[32.05453,-16.45322],[32.05885,-16.43928],[32.03829,-16.43997],[31.91503,-16.40671],[31.9115,-16.39686],[31.90867,-16.39789],[31.90581,-16.39202],[31.91181,-16.38553],[31.90963,-16.37206],[31.91336,-16.37266],[31.91373,-16.37017],[31.90879,-16.3609],[31.90396,-16.36225],[31.90664,-16.35446],[31.90293,-16.34875],[31.90523,-16.34345],[31.89958,-16.34027],[31.90133,-16.33581],[31.89911,-16.33256],[31.89502,-16.33459],[31.89126,-16.32501],[31.88367,-16.32435],[31.8779,-16.32807],[31.87625,-16.32466],[31.87916,-16.32073],[31.87218,-16.32171],[31.87266,-16.3177],[31.86783,-16.31891],[31.86175,-16.31574],[31.85399,-16.30777],[31.84905,-16.31022],[31.8444,-16.30094],[31.83946,-16.3034],[31.83865,-16.29942],[31.8358,-16.29975],[31.82964,-16.30486],[31.82812,-16.30103],[31.83103,-16.29738],[31.82725,-16.29456],[31.82832,-16.29109],[31.82318,-16.28541],[31.81451,-16.28739],[31.81498,-16.28269],[31.82262,-16.27976],[31.81277,-16.27377],[31.81505,-16.26751],[31.80442,-16.26485],[31.80422,-16.26223],[31.79581,-16.2631],[31.79701,-16.25342],[31.78236,-16.24974],[31.77733,-16.23632],[31.77307,-16.23725],[31.7673,-16.22868],[31.75862,-16.23011],[31.73657,-16.2201],[31.73652,-16.20896],[31.73263,-16.20566],[31.72994,-16.2097],[31.71523,-16.19678],[31.7087,-16.19941],[31.70698,-16.19626],[31.70457,-16.1988],[31.68103,-16.19463],[31.66626,-16.18828],[31.64659,-16.19248],[31.63648,-16.18723],[31.63345,-16.18073],[31.62729,-16.17677],[31.61274,-16.18455],[31.59605,-16.17794],[31.57689,-16.17764],[31.56176,-16.18254],[31.55743,-16.17258],[31.53769,-16.17369],[31.53665,-16.16873],[31.52254,-16.16863],[31.51737,-16.16247],[31.49959,-16.16908],[31.49042,-16.15478],[31.47377,-16.15626],[31.46915,-16.15358],[31.46131,-16.15878],[31.45682,-16.15585],[31.45246,-16.15921],[31.45092,-16.15433],[31.44335,-16.1536],[31.42679,-16.15913],[31.43202,-16.16456],[31.44519,-16.20286],[31.45342,-16.21491],[31.45473,-16.23336],[31.46415,-16.24982],[31.43145,-16.29415],[31.50115,-16.45041],[31.49968,-16.45604],[31.5118,-16.48022],[31.49858,-16.47249],[31.47136,-16.47229],[31.46112,-16.46825],[31.42567,-16.46898],[31.40208,-16.46483],[31.39281,-16.46774],[31.37338,-16.46646],[31.35217,-16.45224],[31.28786,-16.47802],[31.29751,-16.48451],[31.29941,-16.49059],[31.31036,-16.49296],[31.31491,-16.4985],[31.32534,-16.50089],[31.33583,-16.50948],[31.34525,-16.50988],[31.34969,-16.51614],[31.31346,-16.54765],[31.32482,-16.56219],[31.28662,-16.59708],[31.28965,-16.59856],[31.29147,-16.60896],[31.29765,-16.60769],[31.30156,-16.61245],[31.31518,-16.61258],[31.3231,-16.61746],[31.31615,-16.633],[31.29656,-16.6502],[31.31115,-16.67011],[31.30025,-16.68043],[31.28033,-16.64772],[31.2426,-16.66611],[31.24609,-16.67829],[31.25398,-16.68287],[31.25176,-16.68841],[31.25497,-16.69225],[31.26217,-16.69301],[31.26245,-16.69984],[31.26634,-16.70393],[31.27198,-16.70025],[31.27592,-16.71177],[31.29099,-16.7054],[31.28985,-16.71325],[31.28287,-16.71994],[31.28703,-16.72711],[31.29863,-16.7212],[31.29884,-16.72641],[31.31184,-16.73004],[31.31777,-16.74045],[31.31616,-16.74512],[31.32482,-16.7517],[31.25289,-16.82019],[31.37156,-16.83635],[31.35131,-16.8575],[31.35933,-16.88284],[31.38595,-16.83845],[31.40305,-16.84036]]]}},{"type":"Feature","properties":{"id":"ZWE:ADM2:62879985B31454704835515","name":"Chitungwiza","countryCode":"ZWE","adminLevel":2,"sourceCode":"62879985B31454704835515","parentId":"ZWE:ADM1:ZWE-525"},"geometry":{"type":"Polygon","coordinates":[[[30.99996,-17.99941],[30.99446,-18.00089],[31.00263,-18.00547],[31.00275,-18.01164],[31.01177,-18.01546],[31.01837,-18.0129],[31.03404,-18.02034],[31.04222,-18.03145],[31.0498,-18.03305],[31.05012,-18.03928],[31.05949,-18.04573],[31.06145,-18.05088],[31.09118,-18.03353],[31.11175,-18.03342],[31.12711,-18.01974],[31.09654,-18.00345],[31.07359,-17.99983],[31.06585,-17.98925],[31.05683,-17.98381],[31.05611,-17.97929],[31.02487,-17.98748],[31.02064,-18.00254],[31.01678,-18.00339],[31.0072,-17.99795],[30.99996,-17.99941]]]}},{"type":"Feature","properties":{"id":"ZWE:ADM2:62879985B32287047423365","name":"Chipinge Urban","countryCode":"ZWE","adminLevel":2,"sourceCode":"62879985B32287047423365","parentId":"ZWE:ADM1:ZWE-529"},"geometry":{"type":"Polygon","coordinates":[[[32.6137,-20.22519],[32.66067,-20.23773],[32.65161,-20.21489],[32.6364,-20.20575],[32.63613,-20.20227],[32.64736,-20.20324],[32.63942,-20.17798],[32.62365,-20.17559],[32.61501,-20.16494],[32.5999,-20.16883],[32.61035,-20.20481],[32.59442,-20.21063],[32.59765,-20.22196],[32.6137,-20.22519]]]}},{"type":"Feature","properties":{"id":"ZWE:ADM2:62879985B32453879798080","name":"Zvishavane Urban","countryCode":"ZWE","adminLevel":2,"sourceCode":"62879985B32453879798080","parentId":"ZWE:ADM1:ZWE-527"},"geometry":{"type":"Polygon","coordinates":[[[30.00606,-20.29137],[29.9954,-20.29616],[29.99111,-20.30615],[30.00497,-20.32098],[30.01668,-20.31969],[30.0181,-20.32735],[30.02635,-20.32437],[30.03216,-20.33032],[30.03656,-20.33001],[30.03321,-20.33382],[30.04056,-20.33981],[30.04803,-20.34093],[30.05268,-20.34567],[30.05152,-20.35227],[30.06274,-20.35546],[30.06395,-20.36196],[30.07975,-20.3626],[30.08502,-20.36733],[30.08735,-20.36347],[30.0984,-20.37657],[30.10187,-20.32582],[30.08346,-20.31134],[30.08599,-20.30613],[30.06853,-20.29433],[30.066,-20.28457],[30.05857,-20.28741],[30.03948,-20.27616],[30.00606,-20.29137]]]}},{"type":"Feature","properties":{"id":"ZWE:ADM2:62879985B33346343467018","name":"Chinhoyi","countryCode":"ZWE","adminLevel":2,"sourceCode":"62879985B33346343467018","parentId":"ZWE:ADM1:ZWE-533"},"geometry":{"type":"Polygon","coordinates":[[[30.23396,-17.3115],[30.19285,-17.30491],[30.17683,-17.32246],[30.16568,-17.32515],[30.14932,-17.34308],[30.16078,-17.35411],[30.14723,-17.36215],[30.13256,-17.34761],[30.12578,-17.35453],[30.09871,-17.358],[30.09268,-17.37162],[30.06994,-17.35798],[30.04658,-17.28375],[30.00377,-17.30726],[30.01519,-17.31274],[30.02216,-17.32143],[30.02289,-17.3502],[30.02906,-17.34806],[30.03573,-17.35415],[30.03956,-17.37237],[30.04968,-17.38095],[30.04822,-17.38651],[30.05297,-17.39653],[30.05939,-17.39886],[30.06831,-17.40996],[30.07343,-17.4075],[30.07598,-17.41069],[30.08004,-17.40442],[30.07714,-17.40021],[30.0825,-17.38933],[30.09217,-17.39333],[30.12649,-17.37839],[30.13928,-17.39167],[30.14949,-17.40877],[30.14789,-17.41606],[30.20854,-17.41834],[30.20501,-17.40977],[30.20696,-17.39949],[30.21041,-17.39642],[30.20767,-17.39062],[30.21638,-17.37397],[30.22249,-17.36875],[30.21369,-17.34968],[30.21698,-17.34508],[30.21579,-17.3394],[30.22075,-17.3262],[30.2265,-17.3238],[30.23396,-17.3115]]]}},{"type":"Feature","properties":{"id":"ZWE:ADM2:62879985B33947363062254","name":"Harare","countryCode":"ZWE","adminLevel":2,"sourceCode":"62879985B33947363062254","parentId":"ZWE:ADM1:ZWE-525"},"geometry":{"type":"Polygon","coordinates":[[[31.20306,-17.88632],[31.21182,-17.88656],[31.20863,-17.87959],[31.21536,-17.87969],[31.19509,-17.86186],[31.1963,-17.8593],[31.22166,-17.84899],[31.21505,-17.82047],[31.20324,-17.81995],[31.20966,-17.81257],[31.1921,-17.805],[31.21183,-17.7926],[31.20122,-17.77492],[31.19604,-17.75242],[31.20208,-17.74247],[31.20149,-17.72965],[31.20981,-17.72647],[31.20544,-17.71193],[31.20041,-17.71206],[31.19729,-17.71858],[31.18121,-17.6962],[31.17255,-17.69957],[31.16377,-17.69604],[31.15992,-17.7041],[31.15722,-17.70373],[31.15437,-17.70146],[31.15909,-17.69651],[31.15158,-17.69334],[31.14697,-17.68623],[31.14389,-17.6893],[31.14826,-17.70072],[31.13787,-17.69769],[31.13882,-17.69253],[31.12211,-17.69134],[31.11615,-17.69386],[31.11886,-17.68089],[31.11538,-17.66781],[31.08881,-17.66556],[31.08441,-17.68015],[31.07884,-17.68033],[31.07395,-17.687],[31.08167,-17.73041],[31.04632,-17.74023],[31.04155,-17.73243],[31.03754,-17.73738],[31.02591,-17.7271],[31.02618,-17.73918],[30.99563,-17.73713],[30.97548,-17.71883],[30.95082,-17.7094],[30.94863,-17.7571],[30.90859,-17.76429],[30.9185,-17.77944],[30.90521,-17.77722],[30.89025,-17.78051],[30.88935,-17.796],[30.89594,-17.80107],[30.88323,-17.8111],[30.89012,-17.82641],[30.89914,-17.86568],[30.89681,-17.86912],[30.8858,-17.86773],[30.87743,-17.87548],[30.93657,-17.91189],[30.92586,-17.91695],[30.9458,-17.91828],[30.96028,-17.92722],[30.96566,-17.92081],[30.97178,-17.92618],[30.97967,-17.92764],[30.98523,-17.9193],[30.99095,-17.92246],[30.99222,-17.91973],[30.9978,-17.91989],[31.00569,-17.93217],[31.032,-17.92133],[31.02856,-17.90716],[31.10771,-17.88856],[31.117,-17.89194],[31.12501,-17.88804],[31.11764,-17.88201],[31.12014,-17.87364],[31.13033,-17.86535],[31.20306,-17.88632]]]}},{"type":"Feature","properties":{"id":"ZWE:ADM2:62879985B33993196799610","name":"Centenary/ Muzarabani","countryCode":"ZWE","adminLevel":2,"sourceCode":"62879985B33993196799610","parentId":"ZWE:ADM1:ZWE-524"},"geometry":{"type":"Polygon","coordinates":[[[31.42679,-16.15913],[31.42442,-16.15409],[31.43457,-16.15025],[31.43451,-16.14036],[31.42383,-16.13329],[31.41314,-16.14033],[31.40431,-16.13556],[31.4035,-16.11899],[31.39727,-16.10907],[31.37194,-16.09253],[31.35564,-16.0738],[31.33864,-16.06656],[31.33665,-16.05743],[31.34464,-16.05117],[31.34392,-16.0458],[31.32857,-16.03838],[31.32059,-16.02369],[31.31642,-16.02537],[31.31265,-16.01802],[31.30878,-16.01969],[31.30747,-16.01448],[31.30001,-16.01011],[31.29699,-16.01715],[31.29399,-16.0175],[31.27548,-16.00213],[31.26327,-16.00833],[31.25691,-16.00597],[31.24946,-16.0096],[31.23813,-16.00059],[31.22505,-16.00712],[31.20736,-16.00352],[31.18657,-16.00467],[31.18474,-15.99375],[31.18047,-15.98869],[31.15804,-15.98684],[31.15003,-15.98987],[31.14395,-15.98465],[31.10666,-15.99581],[31.10471,-16.00089],[31.09882,-16.00216],[31.09442,-16.00866],[31.08787,-16.00883],[31.08811,-16.01642],[31.0923,-16.01158],[31.1035,-16.01407],[31.11533,-16.0098],[31.1163,-16.01297],[31.11066,-16.02214],[31.115,-16.02798],[31.13807,-16.02556],[31.12222,-16.04397],[31.12175,-16.04904],[31.12707,-16.0533],[31.13895,-16.04236],[31.14527,-16.0461],[31.13008,-16.06209],[31.13387,-16.06813],[31.13271,-16.07817],[31.13652,-16.08094],[31.13407,-16.08833],[31.1398,-16.09819],[31.13724,-16.10484],[31.1409,-16.1131],[31.13609,-16.11382],[31.13913,-16.11701],[31.11628,-16.11625],[31.1197,-16.12821],[31.1153,-16.13305],[31.11636,-16.1376],[31.10578,-16.13807],[31.10494,-16.13225],[31.08549,-16.1313],[31.08356,-16.1406],[31.07852,-16.14279],[31.07527,-16.13801],[31.06947,-16.13788],[31.06678,-16.14864],[31.04152,-16.16405],[31.01657,-16.16518],[31.01076,-16.16842],[30.99932,-16.18457],[30.98141,-16.19441],[30.98146,-16.20582],[30.97168,-16.22692],[30.9715,-16.23473],[30.97764,-16.24291],[30.96327,-16.25092],[30.96355,-16.25493],[30.97135,-16.25519],[30.97055,-16.26087],[30.96496,-16.2597],[30.95493,-16.26495],[30.95672,-16.27353],[30.95203,-16.28251],[30.95984,-16.28345],[30.94696,-16.29277],[30.94493,-16.28742],[30.94249,-16.29216],[30.93721,-16.29117],[30.92969,-16.29501],[30.92975,-16.29824],[30.92733,-16.29339],[30.9205,-16.29624],[30.92346,-16.30274],[30.91847,-16.30155],[30.92213,-16.30746],[30.91975,-16.30486],[30.91709,-16.30862],[30.91381,-16.30681],[30.91497,-16.30914],[30.90956,-16.30689],[30.91106,-16.31136],[30.90699,-16.31025],[30.90261,-16.31395],[30.90174,-16.31083],[30.89743,-16.31169],[30.89471,-16.31779],[30.88748,-16.31527],[30.88281,-16.32034],[30.88406,-16.31651],[30.87773,-16.31925],[30.87063,-16.31292],[30.85792,-16.31538],[30.85485,-16.31914],[30.85275,-16.31527],[30.85247,-16.32202],[30.8471,-16.32201],[30.84762,-16.32826],[30.83806,-16.33106],[30.83942,-16.33348],[30.84393,-16.33116],[30.84179,-16.33598],[30.8353,-16.3355],[30.83813,-16.34064],[30.83621,-16.34605],[30.83144,-16.34583],[30.83343,-16.34942],[30.8307,-16.34966],[30.83029,-16.35475],[30.82266,-16.3584],[30.82365,-16.36268],[30.81812,-16.36473],[30.81145,-16.37686],[30.80656,-16.37498],[30.80849,-16.38091],[30.80392,-16.3804],[30.806,-16.38311],[30.80188,-16.38513],[30.80255,-16.38825],[30.79982,-16.38849],[30.80078,-16.39131],[30.79483,-16.39825],[30.79842,-16.41188],[30.79269,-16.41461],[30.79381,-16.42066],[30.79843,-16.424],[30.79534,-16.42679],[30.80231,-16.43108],[30.80146,-16.43432],[30.80681,-16.43364],[30.80478,-16.43886],[30.81396,-16.44262],[30.80961,-16.44827],[30.80695,-16.44674],[30.80897,-16.45208],[30.80613,-16.45174],[30.80712,-16.45592],[30.80317,-16.45657],[30.80608,-16.46005],[30.80358,-16.46185],[30.8018,-16.45904],[30.79933,-16.46231],[30.8046,-16.46799],[30.80722,-16.46707],[30.80352,-16.47544],[30.81775,-16.49486],[30.81638,-16.50914],[30.82191,-16.51624],[30.82633,-16.51383],[30.82742,-16.52262],[30.83155,-16.52534],[30.82498,-16.55185],[30.84765,-16.55948],[30.80126,-16.61034],[30.83502,-16.60207],[30.86919,-16.63708],[30.8823,-16.64064],[30.94619,-16.6394],[30.95532,-16.64895],[30.96813,-16.65628],[30.97988,-16.67656],[30.97445,-16.69516],[30.96425,-16.70791],[30.95552,-16.74825],[30.9577,-16.75939],[30.93642,-16.77915],[30.86977,-16.81243],[30.91704,-16.83475],[30.97965,-16.85204],[31.07267,-16.83911],[31.27136,-16.78484],[31.28506,-16.78835],[31.32482,-16.7517],[31.31616,-16.74512],[31.31777,-16.74045],[31.31184,-16.73004],[31.29884,-16.72641],[31.29863,-16.7212],[31.28703,-16.72711],[31.28287,-16.71994],[31.28985,-16.71325],[31.29099,-16.7054],[31.27592,-16.71177],[31.27198,-16.70025],[31.26634,-16.70393],[31.26245,-16.69984],[31.26217,-16.69301],[31.25497,-16.69225],[31.25176,-16.68841],[31.25398,-16.68287],[31.24609,-16.67829],[31.2426,-16.66611],[31.27878,-16.64801],[31.28033,-16.64772],[31.30025,-16.68043],[31.31115,-16.67011],[31.29656,-16.6502],[31.31615,-16.633],[31.3231,-16.61746],[31.31518,-16.61258],[31.30156,-16.61245],[31.29765,-16.60769],[31.29147,-16.60896],[31.28965,-16.59856],[31.28662,-16.59708],[31.32482,-16.56219],[31.31346,-16.54765],[31.34969,-16.51614],[31.34525,-16.50988],[31.33583,-16.50948],[31.32534,-16.50089],[31.31491,-16.4985],[31.31036,-16.49296],[31.29941,-16.49059],[31.29751,-16.48451],[31.28786,-16.47802],[31.35217,-16.45224],[31.37338,-16.46646],[31.39281,-16.46774],[31.40208,-16.46483],[31.42567,-16.46898],[31.46112,-16.46825],[31.47136,-16.47229],[31.49858,-16.47249],[31.5118,-16.48022],[31.49968,-16.45604],[31.50115,-16.45041],[31.43145,-16.29415],[31.46415,-16.24982],[31.45473,-16.23336],[31.45342,-16.21491],[31.44519,-16.20286],[31.43202,-16.16456],[31.42679,-16.15913]]]}},{"type":"Feature","properties":{"id":"ZWE:ADM2:62879985B34329227357286","name":"Mutare Urban","countryCode":"ZWE","adminLevel":2,"sourceCode":"62879985B34329227357286","parentId":"ZWE:ADM1:ZWE-529"},"geometry":{"type":"Polygon","coordinates":[[[32.7054,-18.99005],[32.70005,-18.98348],[32.71109,-18.98189],[32.69867,-18.93477],[32.69172,-18.93304],[32.66099,-18.93468],[32.62703,-18.94368],[32.55804,-18.95284],[32.56598,-18.96859],[32.56216,-18.97104],[32.55066,-18.97239],[32.533,-18.96834],[32.52185,-18.97269],[32.53283,-19.05337],[32.56386,-19.04727],[32.59388,-19.03034],[32.6261,-19.0301],[32.63369,-19.04268],[32.63585,-19.03976],[32.64335,-19.04401],[32.6415,-19.04604],[32.6441,-19.04882],[32.66173,-19.05002],[32.66726,-19.04653],[32.67378,-19.05724],[32.68893,-19.04637],[32.68549,-19.03896],[32.68747,-19.01943],[32.69935,-19.02315],[32.69808,-19.00128],[32.7054,-18.99005]]]}},{"type":"Feature","properties":{"id":"ZWE:ADM2:62879985B3462136177187","name":"Zvimba","countryCode":"ZWE","adminLevel":2,"sourceCode":"62879985B3462136177187","parentId":"ZWE:ADM1:ZWE-533"},"geometry":{"type":"Polygon","coordinates":[[[30.83125,-17.92091],[30.83745,-17.92971],[30.84107,-17.94511],[30.84416,-17.94449],[30.84392,-17.93202],[30.84724,-17.92903],[30.84472,-17.92442],[30.85801,-17.92679],[30.86182,-17.92379],[30.87071,-17.93466],[30.87331,-17.93164],[30.88199,-17.93535],[30.89451,-17.94903],[30.88687,-17.93641],[30.93657,-17.91189],[30.87743,-17.87548],[30.8858,-17.86773],[30.89681,-17.86912],[30.89914,-17.86568],[30.89012,-17.82641],[30.88323,-17.8111],[30.89594,-17.80107],[30.88935,-17.796],[30.89025,-17.78051],[30.90521,-17.77722],[30.9185,-17.77944],[30.90859,-17.76429],[30.94863,-17.7571],[30.95082,-17.7094],[30.96255,-17.71391],[30.95535,-17.66052],[30.93049,-17.66211],[30.92853,-17.70061],[30.91271,-17.68718],[30.84461,-17.6505],[30.83749,-17.66273],[30.78985,-17.63997],[30.76007,-17.6043],[30.78542,-17.5577],[30.72849,-17.55261],[30.69125,-17.55964],[30.64476,-17.55193],[30.61149,-17.55194],[30.61236,-17.51832],[30.6213,-17.47627],[30.61952,-17.45496],[30.63235,-17.40634],[30.61773,-17.36284],[30.66848,-17.25124],[30.67145,-17.24097],[30.65514,-17.2362],[30.68196,-17.21772],[30.71831,-17.1558],[30.73887,-17.0613],[30.69211,-17.05081],[30.66931,-17.06316],[30.66302,-17.03617],[30.64059,-17.04809],[30.63653,-17.02743],[30.63345,-17.02509],[30.61901,-17.0298],[30.59836,-17.03127],[30.58082,-17.0425],[30.57692,-17.05181],[30.54626,-17.05242],[30.54216,-17.02164],[30.53684,-17.01302],[30.54036,-17.00177],[30.5369,-16.99801],[30.54205,-16.98822],[30.55075,-16.98627],[30.55236,-16.98151],[30.54868,-16.97267],[30.52957,-16.96647],[30.53388,-16.96137],[30.52755,-16.95951],[30.52695,-16.94274],[30.52083,-16.93709],[30.52211,-16.9317],[30.51876,-16.92222],[30.52345,-16.91809],[30.52527,-16.88454],[30.51797,-16.87041],[30.52308,-16.86543],[30.52031,-16.86011],[30.5241,-16.85326],[30.52133,-16.84707],[30.50977,-16.84152],[30.51014,-16.83449],[30.50312,-16.83369],[30.50572,-16.83125],[30.50374,-16.81711],[30.49641,-16.81347],[30.49712,-16.80577],[30.48915,-16.80227],[30.47947,-16.81953],[30.47225,-16.81924],[30.46345,-16.82633],[30.46477,-16.83364],[30.46176,-16.84394],[30.4404,-16.84755],[30.43007,-16.84329],[30.42703,-16.84483],[30.42215,-16.86699],[30.42364,-16.88104],[30.41738,-16.87817],[30.40408,-16.87972],[30.39548,-16.89433],[30.38438,-16.8977],[30.37602,-16.9057],[30.37146,-16.91856],[30.36145,-16.92867],[30.36163,-16.93338],[30.37045,-16.93785],[30.36415,-16.95002],[30.37392,-16.95169],[30.37577,-16.96472],[30.35748,-16.96307],[30.34613,-16.96721],[30.34177,-16.97199],[30.34359,-16.97605],[30.33887,-16.9815],[30.33819,-16.99149],[30.34499,-16.99896],[30.33835,-16.9999],[30.33287,-17.00814],[30.33792,-17.03864],[30.33647,-17.05969],[30.33029,-17.07094],[30.3337,-17.07971],[30.32925,-17.08979],[30.33049,-17.09742],[30.31562,-17.10409],[30.30965,-17.11002],[30.3091,-17.11962],[30.29699,-17.12593],[30.29423,-17.14849],[30.27287,-17.15797],[30.27434,-17.18409],[30.26707,-17.19616],[30.26628,-17.20565],[30.25539,-17.21738],[30.25446,-17.22236],[30.26315,-17.24802],[30.25903,-17.25333],[30.25512,-17.2528],[30.25497,-17.25831],[30.25772,-17.26362],[30.265,-17.26688],[30.26726,-17.27706],[30.26173,-17.27957],[30.25411,-17.27774],[30.24599,-17.28374],[30.23884,-17.29238],[30.24037,-17.30485],[30.2265,-17.3238],[30.22075,-17.3262],[30.21369,-17.34968],[30.22249,-17.36875],[30.21638,-17.37397],[30.20767,-17.39062],[30.21041,-17.39642],[30.20696,-17.39949],[30.20501,-17.40977],[30.20994,-17.42455],[30.2047,-17.43452],[30.20594,-17.44348],[30.19735,-17.44518],[30.20092,-17.46512],[30.21063,-17.47087],[30.21536,-17.4854],[30.21653,-17.50374],[30.22593,-17.51104],[30.2288,-17.51796],[30.22318,-17.52711],[30.22649,-17.53635],[30.22807,-17.56395],[30.2202,-17.57733],[30.22097,-17.58752],[30.21309,-17.60023],[30.01041,-17.63511],[30.01044,-17.63974],[29.98865,-17.65567],[29.9563,-17.71146],[29.94713,-17.75397],[29.94841,-17.76546],[29.93741,-17.77575],[29.93133,-17.78844],[29.89983,-17.81107],[29.88409,-17.81843],[29.86327,-17.84915],[29.8362,-17.85236],[29.83485,-17.86039],[29.87077,-17.8818],[29.8902,-17.87962],[29.90296,-17.8832],[29.91102,-17.8743],[29.93778,-17.86585],[29.94506,-17.86914],[29.94858,-17.86184],[29.95782,-17.86674],[29.96747,-17.85982],[29.97146,-17.86336],[29.97821,-17.8609],[29.9816,-17.86348],[30.03095,-17.8648],[30.03658,-17.87251],[30.04225,-17.87095],[30.04099,-17.86637],[30.04542,-17.8643],[30.04898,-17.86743],[30.05528,-17.86613],[30.05726,-17.87165],[30.0679,-17.86938],[30.07286,-17.87267],[30.08328,-17.86199],[30.1026,-17.85654],[30.10664,-17.86366],[30.11505,-17.86022],[30.12986,-17.87298],[30.13462,-17.86666],[30.13844,-17.86817],[30.14206,-17.86484],[30.14867,-17.85528],[30.15578,-17.85686],[30.16232,-17.85232],[30.16981,-17.85692],[30.20232,-17.85484],[30.22803,-17.8653],[30.24222,-17.86284],[30.25374,-17.86981],[30.2595,-17.86602],[30.26521,-17.86805],[30.26911,-17.8638],[30.28053,-17.87022],[30.2875,-17.86896],[30.30352,-17.87281],[30.31819,-17.86426],[30.34384,-17.86917],[30.35171,-17.86179],[30.39131,-17.84038],[30.40895,-17.82241],[30.4199,-17.84728],[30.42775,-17.83216],[30.4428,-17.82793],[30.45694,-17.82896],[30.46405,-17.83511],[30.48474,-17.83365],[30.48828,-17.83541],[30.48529,-17.84136],[30.513,-17.84436],[30.51691,-17.86731],[30.52445,-17.87541],[30.53125,-17.8698],[30.53853,-17.84306],[30.54509,-17.85821],[30.55941,-17.85884],[30.56995,-17.87038],[30.56326,-17.8561],[30.55325,-17.84592],[30.54994,-17.83519],[30.55903,-17.82618],[30.57118,-17.82942],[30.57059,-17.83647],[30.58597,-17.84053],[30.58419,-17.84487],[30.5877,-17.84781],[30.59089,-17.84358],[30.60377,-17.85732],[30.5979,-17.83391],[30.60326,-17.82621],[30.60751,-17.82581],[30.61257,-17.82972],[30.62349,-17.83087],[30.63217,-17.85143],[30.63078,-17.83947],[30.63328,-17.82994],[30.64805,-17.8376],[30.65537,-17.83495],[30.65942,-17.84109],[30.66588,-17.84227],[30.66597,-17.85339],[30.67366,-17.84789],[30.6772,-17.85453],[30.68287,-17.8535],[30.68561,-17.85792],[30.68915,-17.84962],[30.7006,-17.84619],[30.70607,-17.85294],[30.71245,-17.875],[30.71679,-17.85471],[30.73147,-17.85236],[30.73672,-17.86343],[30.74142,-17.85512],[30.75399,-17.8682],[30.76041,-17.86541],[30.76784,-17.87829],[30.73741,-17.90461],[30.75125,-17.92369],[30.80154,-17.94344],[30.81776,-17.91967],[30.83125,-17.92091]]]}},{"type":"Feature","properties":{"id":"ZWE:ADM2:62879985B3510020236883","name":"Zaka","countryCode":"ZWE","adminLevel":2,"sourceCode":"62879985B3510020236883","parentId":"ZWE:ADM1:ZWE-532"},"geometry":{"type":"Polygon","coordinates":[[[31.40317,-20.0025],[31.39461,-20.01925],[31.36661,-20.02835],[31.36834,-20.03475],[31.32265,-20.05475],[31.31282,-20.04828],[31.30993,-20.0657],[31.32297,-20.11008],[31.3232,-20.13445],[31.25661,-20.11703],[31.25694,-20.17741],[31.1707,-20.23036],[31.14232,-20.25448],[31.1384,-20.26168],[31.13343,-20.26269],[31.13361,-20.26652],[31.12726,-20.26922],[31.12378,-20.27748],[31.11375,-20.28673],[31.11309,-20.30374],[31.10763,-20.30815],[31.10935,-20.31455],[31.10141,-20.31589],[31.09763,-20.32738],[31.10271,-20.33224],[31.10017,-20.33915],[31.1054,-20.35161],[31.12015,-20.3768],[31.11956,-20.38736],[31.13126,-20.38638],[31.13673,-20.38913],[31.13921,-20.38428],[31.14901,-20.38082],[31.18444,-20.3728],[31.19072,-20.38769],[31.19126,-20.39867],[31.19629,-20.401],[31.19913,-20.40697],[31.19692,-20.41635],[31.21507,-20.46059],[31.21383,-20.46576],[31.2219,-20.4873],[31.24399,-20.4966],[31.24796,-20.5172],[31.26559,-20.56978],[31.26882,-20.60138],[31.26061,-20.60896],[31.23752,-20.61975],[31.18107,-20.6421],[31.17696,-20.64532],[31.18043,-20.65387],[31.16553,-20.66688],[31.17249,-20.67358],[31.16917,-20.683],[31.19138,-20.69335],[31.22602,-20.68651],[31.23156,-20.68776],[31.23767,-20.71817],[31.23835,-20.7406],[31.24344,-20.7535],[31.24969,-20.75156],[31.28839,-20.6896],[31.32796,-20.66343],[31.38283,-20.64444],[31.40679,-20.64791],[31.45809,-20.67912],[31.51493,-20.65343],[31.60421,-20.62724],[31.60206,-20.6255],[31.61159,-20.62137],[31.6142,-20.62453],[31.63319,-20.60274],[31.68789,-20.60262],[31.71778,-20.65208],[31.72464,-20.64324],[31.78009,-20.62323],[31.77849,-20.61522],[31.78197,-20.61685],[31.78319,-20.61454],[31.77899,-20.60775],[31.78341,-20.59219],[31.78082,-20.58929],[31.7823,-20.58619],[31.75261,-20.57068],[31.74009,-20.57239],[31.73991,-20.5677],[31.74386,-20.56439],[31.72217,-20.55378],[31.71565,-20.53145],[31.70879,-20.52879],[31.70121,-20.50709],[31.7028,-20.49374],[31.69173,-20.4917],[31.69434,-20.48028],[31.69789,-20.47717],[31.69493,-20.47304],[31.6969,-20.46557],[31.68318,-20.43509],[31.67836,-20.43111],[31.69161,-20.41724],[31.69433,-20.40495],[31.70167,-20.39948],[31.69944,-20.39064],[31.7035,-20.38282],[31.71541,-20.37225],[31.73163,-20.37068],[31.72196,-20.36545],[31.72309,-20.3548],[31.71576,-20.35363],[31.69732,-20.34098],[31.67964,-20.33391],[31.67663,-20.32733],[31.67332,-20.33085],[31.67214,-20.32332],[31.66717,-20.31964],[31.66363,-20.31926],[31.66038,-20.32333],[31.65311,-20.31519],[31.65613,-20.30816],[31.65235,-20.30376],[31.63817,-20.29885],[31.63581,-20.28871],[31.61034,-20.28737],[31.61933,-20.24293],[31.60622,-20.23724],[31.6031,-20.22555],[31.59176,-20.21885],[31.59061,-20.20118],[31.59377,-20.18493],[31.59108,-20.17439],[31.59562,-20.16708],[31.59311,-20.1596],[31.57689,-20.14927],[31.57139,-20.15039],[31.55937,-20.13833],[31.53802,-20.12544],[31.53396,-20.11668],[31.5402,-20.10874],[31.53884,-20.1014],[31.52768,-20.08727],[31.52155,-20.09008],[31.51769,-20.08368],[31.51208,-20.08189],[31.49422,-20.08591],[31.48037,-20.07602],[31.47069,-20.07763],[31.46793,-20.06083],[31.45654,-20.0508],[31.4383,-20.02232],[31.42197,-20.03641],[31.40317,-20.0025]]]}},{"type":"Feature","properties":{"id":"ZWE:ADM2:62879985B35130574204282","name":"Murehwa","countryCode":"ZWE","adminLevel":2,"sourceCode":"62879985B35130574204282","parentId":"ZWE:ADM1:ZWE-528"},"geometry":{"type":"Polygon","coordinates":[[[31.55738,-17.9276],[31.58563,-17.90824],[31.62545,-17.90045],[31.64332,-17.90669],[31.69004,-17.93486],[31.68852,-17.94848],[31.69625,-17.99487],[31.75049,-17.99431],[31.74727,-17.998],[31.7484,-18.01661],[31.77418,-18.05644],[31.78245,-18.07704],[31.77518,-18.09735],[31.76998,-18.10341],[31.77371,-18.1242],[31.72952,-18.15158],[31.69907,-18.16411],[31.77063,-18.20391],[31.76899,-18.21246],[31.77854,-18.20644],[31.79265,-18.20907],[31.80018,-18.20695],[31.81552,-18.2134],[31.82682,-18.2101],[31.83267,-18.21496],[31.85495,-18.22196],[31.86177,-18.23056],[31.86465,-18.22468],[31.86486,-18.20146],[31.86863,-18.1931],[31.86563,-18.18622],[31.87491,-18.17327],[31.86841,-18.14204],[32.00054,-18.1444],[31.99448,-18.10627],[31.97349,-18.08035],[32.00675,-18.05469],[32.01374,-18.05345],[32.01746,-18.04526],[32.047,-18.02213],[32.05298,-18.00921],[32.08011,-17.98611],[32.10024,-17.96377],[32.13838,-17.93189],[32.14766,-17.9283],[32.14552,-17.91684],[32.14762,-17.91258],[32.14136,-17.90951],[32.14088,-17.90493],[32.1462,-17.8956],[32.1429,-17.87442],[32.15142,-17.85795],[32.1487,-17.84251],[32.15558,-17.83986],[32.16058,-17.83349],[32.1842,-17.82765],[32.19089,-17.81995],[32.20224,-17.82037],[32.21477,-17.81196],[32.16931,-17.78177],[32.13388,-17.80353],[32.13335,-17.77728],[32.1221,-17.77442],[32.10592,-17.75714],[32.12644,-17.72517],[32.00187,-17.70314],[32.00035,-17.6945],[32.00838,-17.67977],[32.00615,-17.66809],[32.01092,-17.6649],[32.01045,-17.65738],[32.01784,-17.65054],[32.00301,-17.64081],[31.95206,-17.6254],[31.94762,-17.62164],[31.85226,-17.43247],[31.82463,-17.47782],[31.82919,-17.49246],[31.80315,-17.48997],[31.79879,-17.49623],[31.79092,-17.49576],[31.75963,-17.47409],[31.75131,-17.47245],[31.74696,-17.4623],[31.73724,-17.45938],[31.73305,-17.46259],[31.71633,-17.43154],[31.7002,-17.41767],[31.70124,-17.4136],[31.66588,-17.38334],[31.6727,-17.36875],[31.66704,-17.36878],[31.65646,-17.37442],[31.64934,-17.38597],[31.64093,-17.38654],[31.63559,-17.39207],[31.63384,-17.40052],[31.61386,-17.41654],[31.62304,-17.43296],[31.61335,-17.43236],[31.61073,-17.44134],[31.61322,-17.45807],[31.6056,-17.46852],[31.60679,-17.49053],[31.5943,-17.51116],[31.58369,-17.52008],[31.58016,-17.52959],[31.58506,-17.53516],[31.57643,-17.54235],[31.57009,-17.55982],[31.54699,-17.58665],[31.54891,-17.59049],[31.54522,-17.59581],[31.54824,-17.60481],[31.53953,-17.62612],[31.5406,-17.63904],[31.53781,-17.64814],[31.54104,-17.66336],[31.53402,-17.66679],[31.52907,-17.67689],[31.52553,-17.6772],[31.52234,-17.68751],[31.52086,-17.69901],[31.5245,-17.71373],[31.51635,-17.73917],[31.52058,-17.75749],[31.51634,-17.76293],[31.5193,-17.76944],[31.53283,-17.77812],[31.53001,-17.79182],[31.53763,-17.79655],[31.5408,-17.8189],[31.53825,-17.82524],[31.54708,-17.84097],[31.54406,-17.84813],[31.54565,-17.86912],[31.55752,-17.90515],[31.55738,-17.9276]]]}},{"type":"Feature","properties":{"id":"ZWE:ADM2:62879985B35185654442710","name":"Mutare","countryCode":"ZWE","adminLevel":2,"sourceCode":"62879985B35185654442710","parentId":"ZWE:ADM1:ZWE-529"},"geometry":{"type":"Polygon","coordinates":[[[32.38971,-19.77266],[32.40841,-19.77095],[32.41547,-19.74849],[32.40788,-19.73788],[32.41033,-19.73598],[32.41023,-19.72356],[32.43144,-19.69994],[32.43365,-19.68472],[32.45743,-19.67274],[32.45845,-19.66716],[32.45492,-19.66281],[32.45763,-19.65353],[32.46543,-19.6446],[32.46461,-19.63578],[32.47413,-19.62383],[32.47621,-19.6077],[32.48349,-19.60019],[32.49176,-19.5684],[32.50151,-19.55063],[32.50749,-19.51285],[32.51369,-19.50659],[32.52558,-19.50547],[32.52665,-19.4995],[32.53347,-19.49786],[32.54902,-19.49774],[32.55093,-19.50338],[32.55634,-19.50637],[32.5637,-19.49877],[32.58013,-19.49914],[32.587,-19.50396],[32.58793,-19.50877],[32.60139,-19.50747],[32.60997,-19.50268],[32.62796,-19.50571],[32.65093,-19.49796],[32.65892,-19.49302],[32.66333,-19.48203],[32.68215,-19.47389],[32.68329,-19.45837],[32.68885,-19.45556],[32.69007,-19.44838],[32.69771,-19.44381],[32.72838,-19.43606],[32.75111,-19.41919],[32.75673,-19.40962],[32.75236,-19.38248],[32.78562,-19.37144],[32.77663,-19.35448],[32.78432,-19.3523],[32.81082,-19.33415],[32.82221,-19.31758],[32.83657,-19.31086],[32.85611,-19.27809],[32.84853,-19.24281],[32.85334,-19.23621],[32.85077,-19.22519],[32.8591,-19.22227],[32.86851,-19.13787],[32.88473,-19.10216],[32.87648,-19.08483],[32.87637,-19.07248],[32.86871,-19.0719],[32.86315,-19.07571],[32.8509,-19.06126],[32.84774,-19.02415],[32.84558,-19.01442],[32.84065,-19.00933],[32.80584,-19.01875],[32.77557,-19.0181],[32.77556,-19.02571],[32.71686,-19.0238],[32.71431,-19.00056],[32.7054,-18.99005],[32.69808,-19.00128],[32.69935,-19.02315],[32.68747,-19.01943],[32.68549,-19.03896],[32.68893,-19.04637],[32.67378,-19.05724],[32.66726,-19.04653],[32.66173,-19.05002],[32.6441,-19.04882],[32.6415,-19.04604],[32.64335,-19.04401],[32.63585,-19.03976],[32.63369,-19.04268],[32.6261,-19.0301],[32.59388,-19.03034],[32.56386,-19.04727],[32.53283,-19.05337],[32.52185,-18.97269],[32.533,-18.96834],[32.55066,-18.97239],[32.56216,-18.97104],[32.56598,-18.96859],[32.55804,-18.95284],[32.53182,-18.95016],[32.51968,-18.94313],[32.50396,-18.94176],[32.46633,-18.94685],[32.4479,-18.95588],[32.39359,-18.96559],[32.40899,-18.94395],[32.4086,-18.93764],[32.41416,-18.92939],[32.41728,-18.91573],[32.42127,-18.91294],[32.42645,-18.88748],[32.43463,-18.87727],[32.43567,-18.86938],[32.45145,-18.8604],[32.45769,-18.86263],[32.46088,-18.857],[32.47608,-18.84966],[32.48408,-18.83839],[32.48494,-18.83075],[32.48114,-18.82493],[32.48624,-18.81514],[32.4878,-18.78197],[32.52108,-18.76249],[32.4661,-18.76162],[32.46337,-18.76398],[32.44774,-18.74058],[32.4181,-18.76741],[32.41433,-18.76058],[32.41059,-18.7603],[32.41201,-18.75638],[32.40747,-18.75589],[32.40493,-18.74625],[32.40021,-18.73886],[32.39588,-18.73756],[32.39535,-18.73304],[32.38555,-18.73878],[32.36973,-18.73879],[32.36051,-18.74657],[32.35572,-18.72591],[32.34517,-18.72677],[32.32487,-18.74926],[32.27971,-18.76028],[32.24963,-18.78784],[32.20681,-18.77357],[32.19561,-18.80332],[32.21272,-18.82884],[32.21266,-18.84447],[32.21627,-18.84806],[32.21558,-18.85173],[32.22011,-18.85434],[32.22017,-18.86602],[32.20832,-18.88528],[32.20786,-18.89574],[32.20219,-18.90207],[32.16503,-18.90325],[32.18275,-18.91658],[32.18561,-18.9273],[32.18243,-18.93169],[32.1861,-18.93945],[32.18335,-18.94287],[32.18519,-18.94593],[32.18082,-18.94885],[32.17444,-18.96305],[32.17917,-18.96918],[32.17543,-18.98123],[32.16798,-18.98501],[32.16409,-18.99261],[32.14886,-18.99649],[32.13944,-19.0289],[32.1335,-19.03678],[32.11526,-19.04766],[32.11643,-19.06371],[32.11073,-19.07214],[32.08831,-19.08963],[32.0814,-19.11167],[32.09093,-19.12731],[32.08678,-19.13966],[32.08179,-19.13805],[32.07406,-19.14228],[32.06605,-19.14219],[32.0526,-19.15706],[32.04023,-19.15409],[32.03468,-19.16158],[32.02977,-19.18606],[32.02013,-19.19457],[32.01493,-19.21402],[32.02822,-19.25558],[32.03522,-19.26917],[32.04584,-19.27817],[32.04938,-19.29171],[32.05976,-19.3021],[32.07967,-19.31173],[32.08412,-19.32893],[32.08894,-19.3329],[32.09309,-19.35845],[32.10163,-19.37093],[32.10319,-19.38563],[32.11131,-19.40113],[32.12544,-19.40756],[32.13039,-19.41559],[32.14057,-19.42197],[32.14656,-19.43431],[32.16092,-19.44805],[32.17407,-19.48182],[32.19098,-19.50477],[32.20064,-19.52493],[32.22237,-19.5389],[32.2273,-19.5738],[32.23437,-19.59356],[32.23489,-19.60966],[32.24984,-19.62582],[32.26218,-19.6538],[32.26412,-19.66899],[32.29313,-19.71609],[32.32529,-19.73625],[32.3533,-19.74006],[32.38304,-19.74843],[32.38733,-19.75527],[32.38971,-19.77266]]]}},{"type":"Feature","properties":{"id":"ZWE:ADM2:62879985B37979176120849","name":"Chiredzi","countryCode":"ZWE","adminLevel":2,"sourceCode":"62879985B37979176120849","parentId":"ZWE:ADM1:ZWE-532"},"geometry":{"type":"Polygon","coordinates":[[[31.11333,-22.33753],[31.12052,-22.33822],[31.14781,-22.32848],[31.1736,-22.329],[31.1856,-22.33412],[31.19775,-22.3549],[31.21093,-22.36396],[31.22721,-22.3666],[31.24876,-22.36172],[31.2641,-22.36349],[31.27427,-22.37274],[31.28596,-22.40415],[31.30462,-22.41462],[31.30957,-22.42105],[31.37628,-22.37972],[31.7578,-21.99394],[32.41388,-21.3163],[32.44808,-21.3075],[32.43585,-21.30483],[32.41749,-21.2933],[32.39236,-21.2625],[32.37655,-21.25474],[32.3379,-21.24608],[32.31244,-21.22215],[32.30466,-21.2102],[32.30588,-21.20225],[32.28922,-21.18435],[32.28578,-21.15964],[32.27072,-21.10452],[32.25773,-21.09688],[32.24045,-21.09755],[32.23381,-21.07952],[32.22471,-21.07698],[32.21649,-21.06856],[32.19466,-21.06426],[32.18602,-21.04553],[32.19527,-21.0355],[32.19606,-21.02404],[32.19054,-21.01638],[32.16489,-21.00534],[32.15773,-20.99777],[32.15203,-20.97837],[32.15868,-20.96083],[32.1571,-20.94897],[32.14731,-20.94008],[32.14008,-20.93804],[32.13555,-20.92662],[32.13983,-20.91426],[32.14962,-20.90407],[32.15627,-20.89092],[32.15686,-20.87758],[32.18328,-20.84046],[32.19659,-20.80432],[32.21084,-20.79709],[32.2197,-20.78066],[32.20913,-20.76899],[32.20893,-20.75268],[32.21269,-20.75084],[32.21729,-20.72967],[32.22768,-20.71181],[32.22526,-20.69974],[32.22774,-20.69215],[32.24755,-20.68144],[32.25601,-20.66948],[32.26085,-20.64575],[32.25685,-20.61673],[32.27122,-20.59985],[32.28881,-20.5581],[32.28775,-20.53193],[32.28272,-20.51725],[32.28913,-20.48964],[32.28438,-20.45518],[32.25821,-20.45214],[32.23792,-20.4445],[32.1941,-20.43687],[32.17462,-20.42003],[32.14623,-20.40932],[32.10324,-20.40626],[32.06268,-20.41162],[32.01645,-20.41313],[31.99467,-20.40544],[31.96676,-20.4193],[31.96541,-20.423],[31.86474,-20.48879],[31.82835,-20.56563],[31.78971,-20.58253],[31.77501,-20.58256],[31.7823,-20.58619],[31.78082,-20.58929],[31.78341,-20.59219],[31.77899,-20.60775],[31.78319,-20.61454],[31.78197,-20.61685],[31.77849,-20.61522],[31.78009,-20.62323],[31.72464,-20.64324],[31.71778,-20.65208],[31.68789,-20.60262],[31.63319,-20.60274],[31.6142,-20.62453],[31.61159,-20.62137],[31.60206,-20.6255],[31.60421,-20.62724],[31.51493,-20.65343],[31.45809,-20.67912],[31.40679,-20.64791],[31.38283,-20.64444],[31.32796,-20.66343],[31.28839,-20.6896],[31.2495,-20.74988],[31.24966,-20.75887],[31.24322,-20.7705],[31.2388,-20.79113],[31.2404,-20.8034],[31.24407,-20.81061],[31.26062,-20.82018],[31.27008,-20.83155],[31.24398,-20.90145],[31.19925,-20.92069],[31.18662,-20.88698],[31.20362,-20.87343],[31.19024,-20.86866],[31.17408,-20.87815],[31.13345,-20.89207],[31.08422,-20.93417],[31.0776,-20.92081],[31.07016,-20.92138],[31.06486,-20.92668],[31.05871,-20.92183],[31.05424,-20.92295],[31.03938,-21.01879],[31.06243,-21.05449],[31.108,-21.07371],[31.11026,-21.09205],[31.12119,-21.10341],[31.12639,-21.11485],[31.14636,-21.12618],[31.1563,-21.141],[31.1648,-21.14331],[31.19022,-21.14081],[31.21156,-21.14961],[31.23865,-21.15237],[31.25908,-21.14859],[31.26785,-21.13574],[31.29971,-21.1393],[31.30905,-21.15152],[31.31315,-21.17016],[31.32511,-21.17999],[31.35445,-21.17785],[31.3778,-21.17161],[31.48142,-21.15639],[31.49789,-21.14914],[31.51471,-21.15365],[31.54016,-21.17358],[31.55217,-21.17397],[31.57057,-21.16757],[31.58097,-21.18803],[31.60837,-21.20967],[31.60266,-21.21381],[31.60045,-21.21091],[31.59432,-21.21263],[31.58799,-21.23374],[31.58279,-21.23527],[31.584,-21.23851],[31.56333,-21.24354],[31.54965,-21.25408],[31.52855,-21.26063],[31.52547,-21.26548],[31.51224,-21.26633],[31.50345,-21.29034],[31.26745,-21.49139],[31.26697,-21.49802],[31.24322,-21.54834],[31.24695,-21.5606],[31.252,-21.56577],[31.25276,-21.58708],[31.24386,-21.59866],[31.23902,-21.62735],[31.24913,-21.64108],[31.25461,-21.64114],[31.25519,-21.6474],[31.25199,-21.6524],[31.23972,-21.65923],[31.22924,-21.67553],[31.22976,-21.67999],[31.24651,-21.6879],[31.26188,-21.70942],[31.2777,-21.71684],[31.25699,-21.7296],[31.24881,-21.74238],[31.06612,-22.0616],[30.99931,-22.08997],[30.98782,-22.08998],[30.95929,-22.10189],[30.94788,-22.10721],[30.94401,-22.11279],[30.94806,-22.125],[30.94786,-22.1365],[30.95468,-22.15508],[30.96263,-22.15979],[30.98296,-22.16185],[30.98944,-22.16922],[30.98767,-22.17423],[31.00534,-22.17864],[31.00976,-22.19396],[31.00239,-22.20722],[31.01329,-22.20839],[31.00593,-22.22459],[31.01094,-22.22754],[31.02036,-22.21841],[31.0345,-22.224],[31.03626,-22.23019],[31.03185,-22.23579],[31.01624,-22.23314],[31.01309,-22.25043],[31.02761,-22.25187],[31.0343,-22.26673],[31.0533,-22.26661],[31.04958,-22.27158],[31.05123,-22.28589],[31.06113,-22.28522],[31.06831,-22.29406],[31.0802,-22.28851],[31.08409,-22.28972],[31.0861,-22.302],[31.09856,-22.31432],[31.11333,-22.33753]],[[31.66773,-21.02061],[31.74497,-21.00446],[31.74806,-21.00963],[31.71092,-21.02313],[31.69598,-21.02459],[31.66934,-21.05913],[31.63929,-21.03564],[31.62468,-21.02955],[31.66773,-21.02061]]]}},{"type":"Feature","properties":{"id":"ZWE:ADM2:62879985B38074336306054","name":"Gweru","countryCode":"ZWE","adminLevel":2,"sourceCode":"62879985B38074336306054","parentId":"ZWE:ADM1:ZWE-527"},"geometry":{"type":"Polygon","coordinates":[[[29.23191,-19.48053],[29.23991,-19.48412],[29.24601,-19.4981],[29.25377,-19.50261],[29.25795,-19.51197],[29.26515,-19.5149],[29.27983,-19.53226],[29.28231,-19.56507],[29.30149,-19.57429],[29.29554,-19.58346],[29.30758,-19.59527],[29.30696,-19.60112],[29.31668,-19.60919],[29.31646,-19.61731],[29.34823,-19.63166],[29.35676,-19.64135],[29.35439,-19.64318],[29.35879,-19.64959],[29.35671,-19.65488],[29.36184,-19.66061],[29.35969,-19.66903],[29.36307,-19.67908],[29.37027,-19.6777],[29.37688,-19.68821],[29.40147,-19.69902],[29.4007,-19.70322],[29.40636,-19.71444],[29.40353,-19.71934],[29.41297,-19.73329],[29.41365,-19.74354],[29.40949,-19.74785],[29.41211,-19.75197],[29.41675,-19.75039],[29.42358,-19.75667],[29.41602,-19.76363],[29.4184,-19.7659],[29.41276,-19.80684],[29.40369,-19.81834],[29.40324,-19.84268],[29.41385,-19.88708],[29.47243,-19.84775],[29.5024,-19.86137],[29.51762,-19.86345],[29.56225,-19.88607],[29.58224,-19.91816],[29.59846,-19.93421],[29.6185,-19.9322],[29.65406,-19.91221],[29.68021,-19.90514],[29.69523,-19.97216],[29.71097,-19.97286],[29.75279,-19.95507],[29.79767,-19.94495],[29.7868,-19.92343],[29.84803,-19.89574],[29.84125,-19.89601],[29.84395,-19.88988],[29.83704,-19.88748],[29.83621,-19.86985],[29.8407,-19.86808],[29.83517,-19.8643],[29.84386,-19.84804],[29.84046,-19.84324],[29.8418,-19.83873],[29.83772,-19.83594],[29.84538,-19.81245],[29.84583,-19.79495],[29.84201,-19.79328],[29.85383,-19.7742],[29.85177,-19.76481],[29.85524,-19.76263],[29.85412,-19.75613],[29.85953,-19.74952],[29.85173,-19.74583],[29.847,-19.7371],[29.83729,-19.73624],[29.83314,-19.7217],[29.81352,-19.72034],[29.819,-19.70531],[29.80811,-19.69226],[29.82151,-19.68589],[29.81686,-19.67234],[29.83241,-19.63671],[29.82856,-19.61074],[29.85595,-19.55035],[29.93793,-19.54748],[29.95371,-19.52636],[29.99413,-19.50666],[30.01782,-19.51435],[30.03365,-19.48576],[30.04337,-19.45795],[30.08028,-19.46371],[30.10577,-19.48155],[30.14439,-19.48309],[30.15777,-19.47469],[30.16795,-19.45644],[30.16691,-19.43401],[30.17577,-19.43384],[30.18711,-19.40712],[30.16995,-19.40608],[30.12972,-19.39034],[30.1264,-19.39633],[30.11648,-19.39515],[30.1302,-19.35663],[30.07368,-19.34809],[30.07492,-19.32502],[30.03712,-19.32553],[30.03576,-19.29809],[30.06387,-19.29522],[30.07156,-19.28398],[30.11479,-19.26951],[30.13541,-19.25015],[30.16627,-19.27357],[30.17108,-19.24918],[30.06514,-19.2004],[30.13067,-19.13142],[30.11487,-19.12283],[30.10599,-19.12249],[30.1017,-19.11252],[30.09074,-19.11165],[30.07066,-19.10066],[30.05736,-19.1025],[30.04991,-19.0983],[30.04579,-19.1045],[30.04386,-19.10136],[30.03112,-19.09963],[30.02991,-19.09239],[30.01878,-19.09096],[30.01542,-19.09376],[30.01786,-19.15312],[29.93841,-19.13379],[29.92547,-19.10895],[29.88999,-19.13487],[29.86019,-19.14539],[29.86152,-19.14861],[29.79671,-19.15911],[29.75571,-19.18141],[29.75248,-19.15356],[29.73619,-19.15901],[29.72917,-19.14233],[29.67433,-19.16785],[29.62648,-19.18519],[29.55225,-19.16737],[29.52554,-19.1676],[29.41628,-19.13268],[29.36431,-19.15175],[29.23842,-19.22394],[29.13125,-19.31989],[29.09883,-19.35823],[29.09214,-19.37321],[29.12117,-19.3894],[29.12898,-19.38869],[29.14866,-19.39507],[29.15538,-19.40163],[29.16324,-19.42272],[29.19345,-19.44785],[29.19624,-19.45858],[29.20074,-19.46135],[29.20729,-19.45953],[29.21916,-19.47604],[29.23191,-19.48053]],[[29.81016,-19.37298],[29.81701,-19.3847],[29.83198,-19.39084],[29.82763,-19.40019],[29.83573,-19.3968],[29.84119,-19.40171],[29.84563,-19.39811],[29.85334,-19.40479],[29.86471,-19.40104],[29.86711,-19.40566],[29.86438,-19.41332],[29.87366,-19.41983],[29.88211,-19.41127],[29.90269,-19.41934],[29.90627,-19.41623],[29.9187,-19.42311],[29.90023,-19.43151],[29.92017,-19.44753],[29.91104,-19.4536],[29.89962,-19.44452],[29.88546,-19.44663],[29.88455,-19.44359],[29.88123,-19.44415],[29.87632,-19.45269],[29.87808,-19.47326],[29.86748,-19.46915],[29.86611,-19.47661],[29.87132,-19.47989],[29.86715,-19.48658],[29.87273,-19.49267],[29.86533,-19.50573],[29.85177,-19.50606],[29.8468,-19.4976],[29.84117,-19.50633],[29.83398,-19.50614],[29.82415,-19.49562],[29.81503,-19.50704],[29.78652,-19.50728],[29.78448,-19.49935],[29.76187,-19.53997],[29.75057,-19.48212],[29.74563,-19.47507],[29.75072,-19.47215],[29.73318,-19.44753],[29.75086,-19.42544],[29.75707,-19.43054],[29.75419,-19.43472],[29.76542,-19.44092],[29.77636,-19.43341],[29.77918,-19.4351],[29.78203,-19.43169],[29.77407,-19.42498],[29.78068,-19.41601],[29.78598,-19.41715],[29.79298,-19.38671],[29.81016,-19.37298]]]}},{"type":"Feature","properties":{"id":"ZWE:ADM2:62879985B39326733261715","name":"Bulilima","countryCode":"ZWE","adminLevel":2,"sourceCode":"62879985B39326733261715","parentId":"ZWE:ADM1:ZWE-530"},"geometry":{"type":"Polygon","coordinates":[[[28.13467,-20.08617],[28.09194,-20.09735],[28.03344,-20.10262],[27.99264,-20.12251],[27.94419,-20.05888],[27.89717,-20.18415],[27.89027,-20.1882],[27.88012,-20.18361],[27.86833,-20.1866],[27.86107,-20.177],[27.85708,-20.18026],[27.84862,-20.17859],[27.83723,-20.17107],[27.83036,-20.17524],[27.81868,-20.17489],[27.81251,-20.17141],[27.80507,-20.15138],[27.78014,-20.14433],[27.76664,-20.13041],[27.75882,-20.1345],[27.7522,-20.11342],[27.74602,-20.10973],[27.74074,-20.09879],[27.73174,-20.09704],[27.72616,-20.08665],[27.70943,-20.07464],[27.69949,-20.07121],[27.68909,-20.06169],[27.68281,-20.05064],[27.66169,-20.04232],[27.65213,-20.03204],[27.64428,-20.01498],[27.60988,-19.99806],[27.59028,-19.97951],[27.57586,-19.95413],[27.57303,-19.93841],[27.56607,-19.92678],[27.56435,-19.89636],[27.55854,-19.8899],[27.54856,-19.88814],[27.54085,-19.88187],[27.53854,-19.87019],[27.51708,-19.85475],[27.50316,-19.85601],[27.46108,-19.84548],[27.44798,-19.84598],[27.42317,-19.82229],[27.38504,-19.79915],[27.37011,-19.80399],[27.36284,-19.80258],[27.35664,-19.79717],[27.33831,-19.80051],[27.30582,-19.79302],[27.29733,-19.7956],[27.28945,-19.80487],[27.27136,-19.81219],[27.26516,-19.82295],[27.22048,-19.81166],[27.1943,-19.81675],[27.1836,-19.81234],[27.18127,-19.80568],[27.17645,-19.80367],[27.15941,-19.80449],[27.1364,-19.79575],[27.10808,-19.80544],[27.07534,-19.80828],[27.0647,-19.81427],[27.04908,-19.80849],[26.99587,-19.8175],[26.98219,-19.81437],[26.97568,-19.8081],[26.95316,-19.8102],[26.9471,-19.81387],[26.92474,-19.81084],[26.90439,-19.8132],[26.88408,-19.81938],[26.86109,-19.82003],[26.84021,-19.83166],[26.80573,-19.84157],[26.78149,-19.85546],[26.75676,-19.8581],[26.74928,-19.86179],[26.73342,-19.8833],[26.70302,-19.89006],[26.70229,-19.89406],[26.7267,-19.93774],[26.76003,-19.936],[26.79142,-19.94318],[26.81128,-19.95323],[26.81881,-19.95336],[26.82699,-19.96153],[26.85194,-19.95918],[26.87876,-19.97272],[26.90318,-19.97892],[26.91603,-19.98842],[26.97113,-20.0118],[26.98815,-20.01305],[27.01568,-20.00718],[27.04624,-20.00945],[27.07882,-20.02773],[27.0871,-20.03456],[27.09907,-20.05431],[27.12971,-20.07393],[27.14727,-20.08051],[27.1632,-20.07722],[27.19319,-20.0784],[27.2134,-20.08814],[27.22254,-20.10658],[27.2357,-20.11774],[27.24564,-20.14231],[27.24902,-20.16231],[27.26541,-20.19546],[27.26689,-20.21145],[27.27338,-20.21943],[27.27968,-20.22086],[27.28566,-20.23077],[27.28831,-20.25602],[27.29206,-20.26333],[27.29057,-20.27602],[27.30108,-20.29617],[27.29994,-20.30464],[27.30497,-20.32581],[27.29654,-20.3569],[27.29911,-20.42424],[27.28615,-20.47986],[27.28965,-20.49701],[27.36282,-20.4667],[27.37747,-20.47633],[27.43401,-20.48072],[27.47187,-20.46597],[27.55312,-20.48376],[27.57752,-20.49251],[27.60427,-20.47791],[27.62232,-20.47712],[27.64738,-20.49762],[27.67564,-20.49228],[27.68369,-20.48507],[27.6955,-20.4888],[27.72379,-20.51277],[27.72751,-20.51209],[27.73118,-20.4657],[27.77483,-20.4717],[27.79151,-20.45199],[27.82745,-20.42838],[27.83168,-20.42278],[27.86684,-20.45932],[27.87005,-20.47734],[27.8648,-20.49342],[27.92855,-20.48825],[27.97697,-20.51691],[28.00034,-20.49527],[28.05168,-20.49098],[28.06991,-20.48517],[28.14954,-20.41157],[28.1876,-20.43993],[28.20437,-20.41451],[28.2186,-20.43314],[28.22269,-20.45211],[28.24549,-20.41758],[28.27682,-20.42702],[28.30831,-20.40602],[28.33159,-20.35462],[28.31441,-20.27257],[28.30661,-20.28236],[28.29067,-20.25399],[28.27621,-20.24774],[28.27103,-20.23711],[28.25105,-20.22637],[28.24973,-20.21461],[28.2371,-20.2045],[28.23527,-20.19403],[28.2224,-20.18764],[28.19921,-20.14572],[28.19007,-20.13991],[28.19107,-20.12254],[28.16619,-20.11329],[28.16133,-20.11488],[28.15455,-20.11036],[28.14887,-20.11154],[28.14102,-20.10059],[28.13715,-20.08609],[28.13467,-20.08617]]]}},{"type":"Feature","properties":{"id":"ZWE:ADM2:62879985B43566873745809","name":"Umzingwane","countryCode":"ZWE","adminLevel":2,"sourceCode":"62879985B43566873745809","parentId":"ZWE:ADM1:ZWE-530"},"geometry":{"type":"Polygon","coordinates":[[[29.15874,-20.55736],[29.15297,-20.55571],[29.13669,-20.53317],[29.127,-20.52503],[29.12985,-20.51361],[29.12487,-20.48868],[29.12746,-20.48288],[29.12364,-20.4767],[29.12794,-20.47108],[29.12818,-20.46019],[29.1348,-20.45597],[29.12795,-20.43994],[29.12997,-20.42435],[29.12238,-20.42402],[29.12175,-20.41099],[29.17699,-20.40569],[29.23171,-20.37803],[29.19364,-20.32014],[29.19954,-20.28715],[29.1871,-20.26618],[29.19383,-20.22489],[29.21017,-20.19145],[29.15796,-20.19121],[29.0887,-20.14847],[29.08924,-20.10814],[29.0566,-20.10103],[29.04017,-20.00302],[29.01992,-20.0063],[29.01474,-19.97441],[28.98332,-19.9568],[28.96184,-19.97282],[28.89562,-20.03987],[28.81601,-20.04466],[28.86019,-20.076],[28.79331,-20.13095],[28.79171,-20.12194],[28.77867,-20.12549],[28.77332,-20.13337],[28.77672,-20.13465],[28.77449,-20.13881],[28.77078,-20.137],[28.76783,-20.14037],[28.78122,-20.14288],[28.7528,-20.21488],[28.74242,-20.22077],[28.71388,-20.25274],[28.72243,-20.26528],[28.66905,-20.29826],[28.67809,-20.31172],[28.71334,-20.33128],[28.71782,-20.35976],[28.77077,-20.3456],[28.78523,-20.38471],[28.76603,-20.44351],[28.78216,-20.4595],[28.77285,-20.48834],[28.73561,-20.50532],[28.73396,-20.48147],[28.6579,-20.47307],[28.67925,-20.49583],[28.68054,-20.5152],[28.69203,-20.54214],[28.6997,-20.54707],[28.72453,-20.57862],[28.73931,-20.6023],[28.73767,-20.60833],[28.78438,-20.62296],[28.81513,-20.65929],[28.82539,-20.65904],[28.9232,-20.6992],[28.95699,-20.59717],[28.97624,-20.6111],[29.04811,-20.60494],[29.13372,-20.58809],[29.15874,-20.55736]]]}},{"type":"Feature","properties":{"id":"ZWE:ADM2:62879985B49874859197959","name":"Buhera","countryCode":"ZWE","adminLevel":2,"sourceCode":"62879985B49874859197959","parentId":"ZWE:ADM1:ZWE-529"},"geometry":{"type":"Polygon","coordinates":[[[32.34059,-19.99997],[32.34575,-19.96947],[32.34053,-19.94897],[32.36345,-19.93142],[32.36705,-19.92535],[32.37012,-19.90624],[32.39179,-19.85421],[32.39659,-19.78533],[32.39089,-19.77793],[32.38733,-19.75527],[32.38304,-19.74843],[32.3533,-19.74006],[32.32529,-19.73625],[32.32327,-19.73267],[32.30039,-19.72128],[32.29313,-19.71609],[32.27081,-19.68233],[32.24984,-19.62582],[32.23489,-19.60966],[32.23437,-19.59356],[32.2273,-19.5738],[32.22237,-19.5389],[32.20064,-19.52493],[32.19098,-19.50477],[32.17407,-19.48182],[32.16092,-19.44805],[32.14656,-19.43431],[32.14057,-19.42197],[32.13039,-19.41559],[32.12544,-19.40756],[32.11131,-19.40113],[32.10319,-19.38563],[32.10163,-19.37093],[32.09309,-19.35845],[32.08894,-19.3329],[32.08412,-19.32893],[32.07967,-19.31173],[32.05976,-19.3021],[32.04938,-19.29171],[32.04584,-19.27817],[32.03522,-19.26917],[32.01493,-19.21402],[32.02013,-19.19457],[32.02977,-19.18606],[32.03307,-19.17339],[32.02774,-19.16562],[32.00814,-19.15541],[32.00027,-19.1558],[31.99736,-19.13996],[31.98281,-19.11812],[31.97219,-19.1233],[31.9633,-19.11517],[31.95387,-19.11779],[31.94072,-19.11593],[31.91969,-19.12302],[31.91007,-19.12214],[31.89769,-19.11452],[31.8929,-19.11758],[31.88628,-19.11475],[31.88028,-19.11676],[31.86072,-19.10169],[31.8549,-19.10367],[31.83979,-19.09994],[31.83248,-19.08648],[31.81469,-19.08191],[31.81163,-19.0785],[31.81311,-19.07125],[31.80227,-19.05924],[31.79713,-19.0597],[31.79512,-19.05193],[31.78446,-19.04779],[31.77425,-19.0347],[31.73885,-19.0277],[31.72938,-19.02184],[31.71997,-19.02477],[31.72023,-19.03098],[31.71222,-19.03405],[31.71201,-19.03826],[31.69662,-19.03793],[31.69078,-19.04335],[31.66189,-19.04284],[31.6496,-19.03755],[31.63685,-19.04067],[31.6324,-19.03669],[31.62419,-19.03815],[31.62693,-19.03411],[31.62054,-19.02306],[31.59577,-19.01742],[31.58971,-19.01131],[31.59878,-19.04904],[31.59158,-19.0746],[31.52718,-19.16488],[31.5215,-19.16866],[31.50498,-19.15821],[31.50239,-19.15036],[31.48783,-19.14757],[31.48303,-19.15648],[31.47953,-19.15554],[31.46819,-19.14339],[31.4656,-19.12907],[31.45398,-19.11187],[31.44269,-19.10148],[31.44157,-19.0935],[31.43635,-19.09462],[31.42593,-19.10798],[31.40799,-19.11612],[31.39861,-19.11107],[31.39354,-19.10428],[31.38837,-19.10726],[31.37674,-19.09671],[31.37345,-19.0871],[31.36352,-19.08969],[31.34464,-19.08131],[31.33931,-19.08603],[31.31522,-19.08915],[31.3189,-19.12768],[31.32957,-19.15015],[31.2975,-19.15737],[31.30479,-19.22049],[31.1885,-19.23383],[31.19323,-19.2407],[31.20365,-19.23977],[31.20929,-19.2444],[31.21779,-19.24479],[31.23057,-19.25476],[31.24142,-19.25858],[31.25881,-19.27293],[31.28383,-19.28083],[31.29385,-19.29109],[31.31125,-19.29945],[31.31814,-19.30938],[31.33832,-19.31881],[31.36491,-19.33692],[31.396,-19.36878],[31.40677,-19.37429],[31.42514,-19.37001],[31.43377,-19.37748],[31.44383,-19.36013],[31.44835,-19.36242],[31.4613,-19.38126],[31.48002,-19.37266],[31.48926,-19.37677],[31.4923,-19.38516],[31.52157,-19.3905],[31.52644,-19.39468],[31.52496,-19.40573],[31.5275,-19.41183],[31.54864,-19.41733],[31.57301,-19.45689],[31.58317,-19.45388],[31.58965,-19.45588],[31.59367,-19.45067],[31.61036,-19.44705],[31.62199,-19.46335],[31.63961,-19.45751],[31.64934,-19.46649],[31.66892,-19.46086],[31.67535,-19.4619],[31.67781,-19.47015],[31.67522,-19.47426],[31.67594,-19.48661],[31.67932,-19.4927],[31.68317,-19.52233],[31.70313,-19.52432],[31.70954,-19.52864],[31.71434,-19.54054],[31.72647,-19.5424],[31.73935,-19.58398],[31.75628,-19.58584],[31.77014,-19.58369],[31.77472,-19.59012],[31.79097,-19.59396],[31.79551,-19.6051],[31.82549,-19.62031],[31.82771,-19.63036],[31.82351,-19.65519],[31.83294,-19.65695],[31.83531,-19.66492],[31.84298,-19.66793],[31.84349,-19.67852],[31.85891,-19.68381],[31.87702,-19.70199],[31.89938,-19.71185],[31.92668,-19.76795],[31.96741,-19.79906],[31.97889,-19.84259],[31.98482,-19.84897],[32.01661,-19.86322],[32.02695,-19.8654],[32.05306,-19.86223],[32.07618,-19.87024],[32.08293,-19.88737],[32.09,-19.89295],[32.09556,-19.90452],[32.14214,-19.9015],[32.19658,-19.90385],[32.2022,-19.90937],[32.20957,-19.93073],[32.23361,-19.9414],[32.25504,-19.95884],[32.26742,-19.96109],[32.28484,-19.97827],[32.31838,-19.98165],[32.32936,-19.98547],[32.34059,-19.99997]]]}},{"type":"Feature","properties":{"id":"ZWE:ADM2:62879985B50430993830170","name":"Bindura","countryCode":"ZWE","adminLevel":2,"sourceCode":"62879985B50430993830170","parentId":"ZWE:ADM1:ZWE-524"},"geometry":{"type":"Polygon","coordinates":[[[31.40305,-16.84036],[31.38595,-16.83845],[31.35933,-16.88284],[31.35131,-16.8575],[31.37156,-16.83635],[31.27738,-16.82345],[31.27812,-16.83108],[31.27292,-16.83698],[31.26569,-16.8394],[31.26061,-16.83242],[31.25685,-16.84923],[31.24959,-16.85512],[31.25311,-16.86457],[31.23911,-16.87352],[31.2363,-16.89081],[31.19909,-16.92579],[31.20344,-16.94707],[31.20206,-16.98324],[31.20667,-16.98625],[31.21278,-16.984],[31.21733,-16.99132],[31.21965,-17.00309],[31.21703,-17.0039],[31.21692,-17.01491],[31.20591,-17.02888],[31.19939,-17.02951],[31.18927,-17.04112],[31.18258,-17.04426],[31.17712,-17.06692],[31.17012,-17.07159],[31.17007,-17.07605],[31.13711,-17.10067],[31.13326,-17.1487],[31.11959,-17.17963],[31.12719,-17.18654],[31.1312,-17.23088],[31.14065,-17.22819],[31.13176,-17.31986],[31.11928,-17.31575],[31.11626,-17.31981],[31.13666,-17.36459],[31.14786,-17.37939],[31.14852,-17.41631],[31.1384,-17.43804],[31.13819,-17.44483],[31.22784,-17.47368],[31.2386,-17.4706],[31.26925,-17.47997],[31.27553,-17.47829],[31.29231,-17.4858],[31.30707,-17.48661],[31.30026,-17.52034],[31.28775,-17.55478],[31.28593,-17.57269],[31.2768,-17.59013],[31.2805,-17.60948],[31.28519,-17.61771],[31.27993,-17.64369],[31.29035,-17.64143],[31.3086,-17.6434],[31.33524,-17.60833],[31.37452,-17.62876],[31.45863,-17.56254],[31.46948,-17.58285],[31.47557,-17.57161],[31.47265,-17.56583],[31.47386,-17.55886],[31.50731,-17.5144],[31.50534,-17.50891],[31.50874,-17.50014],[31.45852,-17.50914],[31.47322,-17.45386],[31.46118,-17.44627],[31.46604,-17.43241],[31.47252,-17.4243],[31.46873,-17.41318],[31.48033,-17.4078],[31.47818,-17.39976],[31.45836,-17.40481],[31.45176,-17.38109],[31.47353,-17.37512],[31.47006,-17.35838],[31.46301,-17.36019],[31.43142,-17.3521],[31.4314,-17.35455],[31.42526,-17.35597],[31.42942,-17.35844],[31.43073,-17.36741],[31.42455,-17.37337],[31.42487,-17.3834],[31.42221,-17.38525],[31.41597,-17.38226],[31.4126,-17.38477],[31.4125,-17.38142],[31.40874,-17.38126],[31.43208,-17.32704],[31.46064,-17.32394],[31.47058,-17.2723],[31.48337,-17.2742],[31.49414,-17.26742],[31.49507,-17.27183],[31.49537,-17.20467],[31.47348,-17.20373],[31.47448,-17.1767],[31.42183,-17.17744],[31.43931,-17.13693],[31.40951,-17.12443],[31.4344,-17.0931],[31.43014,-17.08781],[31.42726,-17.0887],[31.42405,-17.08118],[31.40665,-17.07223],[31.40549,-17.06499],[31.39919,-17.06651],[31.39336,-17.06081],[31.39034,-17.06328],[31.38572,-17.06008],[31.38185,-17.06478],[31.37482,-17.06144],[31.36524,-17.06253],[31.3541,-17.05613],[31.34439,-17.04342],[31.34582,-17.03622],[31.3517,-17.03587],[31.37948,-17.00681],[31.37036,-16.98125],[31.40305,-16.84036]],[[31.31847,-17.31754],[31.3187,-17.28528],[31.34617,-17.27719],[31.34739,-17.31116],[31.36431,-17.31668],[31.36938,-17.33838],[31.35808,-17.34149],[31.34797,-17.32175],[31.31838,-17.33097],[31.31847,-17.31754]]]}},{"type":"Feature","properties":{"id":"ZWE:ADM2:62879985B51591282802552","name":"Rusape","countryCode":"ZWE","adminLevel":2,"sourceCode":"62879985B51591282802552","parentId":"ZWE:ADM1:ZWE-529"},"geometry":{"type":"Polygon","coordinates":[[[32.12503,-18.51836],[32.11353,-18.52624],[32.11239,-18.53972],[32.10527,-18.54414],[32.109,-18.55563],[32.12327,-18.55636],[32.13026,-18.54927],[32.16243,-18.56188],[32.13426,-18.50952],[32.12649,-18.51222],[32.12503,-18.51836]]]}},{"type":"Feature","properties":{"id":"ZWE:ADM2:62879985B51719638002761","name":"Bulawayo","countryCode":"ZWE","adminLevel":2,"sourceCode":"62879985B51719638002761","parentId":"ZWE:ADM1:ZWE-531"},"geometry":{"type":"Polygon","coordinates":[[[28.60532,-20.22744],[28.60835,-20.23073],[28.62704,-20.23206],[28.63802,-20.22988],[28.64091,-20.22642],[28.65055,-20.2266],[28.66249,-20.2364],[28.66507,-20.23331],[28.66315,-20.22187],[28.67234,-20.21986],[28.67359,-20.21522],[28.68457,-20.22081],[28.69317,-20.20205],[28.69678,-20.20248],[28.6965,-20.19099],[28.67563,-20.18198],[28.67695,-20.17634],[28.67033,-20.17234],[28.67518,-20.16823],[28.66446,-20.16635],[28.65126,-20.15295],[28.67654,-20.11433],[28.6512,-20.11327],[28.65748,-20.1001],[28.65663,-20.0893],[28.66045,-20.08898],[28.66792,-20.06761],[28.64358,-20.06865],[28.66178,-20.02796],[28.66799,-20.02404],[28.67117,-20.01631],[28.6436,-20.00416],[28.60724,-19.96147],[28.57376,-20.02809],[28.55416,-20.04434],[28.55371,-20.0565],[28.54693,-20.04932],[28.5477,-20.04443],[28.53076,-20.03047],[28.51265,-20.04297],[28.51302,-20.05924],[28.4687,-20.07058],[28.44584,-20.04063],[28.40871,-20.01803],[28.41514,-20.11845],[28.40412,-20.11874],[28.39667,-20.13459],[28.41538,-20.13249],[28.42814,-20.15362],[28.38741,-20.15389],[28.39776,-20.17022],[28.44255,-20.17774],[28.43691,-20.16713],[28.43781,-20.16253],[28.43251,-20.16139],[28.4315,-20.15774],[28.49144,-20.17074],[28.48098,-20.1908],[28.49994,-20.18929],[28.51311,-20.20094],[28.49657,-20.23545],[28.53878,-20.25867],[28.55262,-20.222],[28.5773,-20.22763],[28.60532,-20.22744]]]}},{"type":"Feature","properties":{"id":"ZWE:ADM2:62879985B53444954846030","name":"Kadoma Urban","countryCode":"ZWE","adminLevel":2,"sourceCode":"62879985B53444954846030","parentId":"ZWE:ADM1:ZWE-533"},"geometry":{"type":"Polygon","coordinates":[[[29.83624,-18.38705],[29.84452,-18.38158],[29.90409,-18.41789],[29.94724,-18.40997],[29.96304,-18.38702],[29.98939,-18.39764],[29.99996,-18.37855],[30.01536,-18.37929],[30.01502,-18.36665],[30.00266,-18.36591],[30.00746,-18.34343],[30.02692,-18.30659],[30.01393,-18.30087],[30.02272,-18.28928],[30.02198,-18.28458],[29.96878,-18.2249],[29.95138,-18.24028],[29.98287,-18.2724],[29.956,-18.29578],[29.92252,-18.26618],[29.88392,-18.30581],[29.81547,-18.35008],[29.80475,-18.35012],[29.78034,-18.3594],[29.83624,-18.38705]]]}},{"type":"Feature","properties":{"id":"ZWE:ADM2:62879985B54181646880786","name":"Binga","countryCode":"ZWE","adminLevel":2,"sourceCode":"62879985B54181646880786","parentId":"ZWE:ADM1:ZWE-526"},"geometry":{"type":"Polygon","coordinates":[[[28.25037,-17.40096],[28.24266,-17.3997],[28.2394,-17.39195],[28.24239,-17.37294],[28.23382,-17.35506],[28.22105,-17.35004],[28.20991,-17.35038],[28.20459,-17.34223],[28.19634,-17.34179],[28.19327,-17.33603],[28.19785,-17.32911],[28.18204,-17.31576],[28.17312,-17.32344],[28.17177,-17.30797],[28.16352,-17.30714],[28.16544,-17.29664],[28.1721,-17.28577],[28.17212,-17.2822],[28.16451,-17.27899],[28.16598,-17.27365],[28.17197,-17.27269],[28.17056,-17.26773],[28.15304,-17.26585],[28.14213,-17.26084],[28.14218,-17.25272],[28.14715,-17.24957],[28.15081,-17.25791],[28.15661,-17.25437],[28.16467,-17.25442],[28.16407,-17.2496],[28.1437,-17.24253],[28.15052,-17.23176],[28.13836,-17.22831],[28.13601,-17.22141],[28.13762,-17.21807],[28.15245,-17.21818],[28.15596,-17.21287],[28.15388,-17.20195],[28.14584,-17.20458],[28.1355,-17.19534],[28.13617,-17.18346],[28.13104,-17.16761],[28.14342,-17.15471],[28.14304,-17.14534],[28.13469,-17.13976],[28.11803,-17.1364],[28.10816,-17.13904],[28.09511,-17.14788],[28.08738,-17.13412],[28.09287,-17.124],[28.07092,-17.10104],[28.06273,-17.09905],[28.04625,-17.11137],[28.03211,-17.10174],[28.03245,-17.09753],[28.04773,-17.09074],[28.05231,-17.08438],[28.05273,-17.06127],[28.04695,-17.04532],[28.06775,-17.02633],[28.06531,-17.02288],[28.04755,-17.02302],[28.03254,-17.01915],[28.04014,-17.00787],[28.02913,-16.99762],[28.02122,-16.98475],[28.02036,-16.98048],[28.03301,-16.94892],[28.02878,-16.92592],[28.02984,-16.89618],[28.02319,-16.88597],[28.01396,-16.87658],[27.91925,-16.92388],[27.82683,-16.96382],[27.74929,-17.08209],[27.64277,-17.22542],[27.62985,-17.25326],[27.62072,-17.33193],[27.54635,-17.41577],[27.31962,-17.58786],[27.14413,-17.80492],[27.15342,-17.8349],[27.0823,-17.90063],[27.04076,-17.96017],[27.01989,-17.95221],[26.99836,-17.9587],[26.98407,-17.96771],[26.96772,-17.96258],[26.95304,-17.96893],[26.93576,-17.97113],[26.92345,-17.97499],[26.92741,-17.98163],[26.92133,-17.99494],[26.88168,-18.00914],[26.88653,-18.01906],[26.88656,-18.03107],[26.89126,-18.03537],[26.88407,-18.04034],[26.88812,-18.04581],[26.89013,-18.06998],[26.86682,-18.08814],[26.86448,-18.11939],[26.85273,-18.14071],[26.85311,-18.14632],[26.86418,-18.14995],[26.86903,-18.16054],[26.97114,-18.15849],[26.97221,-18.16982],[26.95764,-18.18629],[26.96497,-18.20604],[26.98419,-18.21367],[26.98817,-18.21945],[27.04191,-18.21521],[27.04375,-18.22587],[27.05276,-18.2242],[27.0571,-18.23374],[27.08413,-18.23157],[27.11934,-18.23468],[27.1251,-18.24833],[27.12088,-18.26287],[27.12447,-18.27503],[27.11772,-18.28488],[27.11688,-18.29931],[27.12952,-18.30299],[27.14784,-18.29961],[27.1562,-18.32288],[27.1666,-18.32253],[27.17013,-18.32773],[27.1886,-18.33431],[27.20035,-18.35163],[27.2092,-18.3534],[27.24132,-18.34644],[27.24627,-18.349],[27.26908,-18.34191],[27.26969,-18.36265],[27.26222,-18.37546],[27.27658,-18.38245],[27.29364,-18.38466],[27.29217,-18.40909],[27.2982,-18.43395],[27.27738,-18.43376],[27.2527,-18.44215],[27.23908,-18.45164],[27.23553,-18.48353],[27.22188,-18.49898],[27.22308,-18.50112],[27.24732,-18.49407],[27.26513,-18.50776],[27.27752,-18.50757],[27.27931,-18.50105],[27.28703,-18.49761],[27.29616,-18.49852],[27.29855,-18.48992],[27.31057,-18.50047],[27.38919,-18.49727],[27.46555,-18.4387],[27.34336,-18.43666],[27.33293,-18.41063],[27.51771,-18.36637],[27.57525,-18.42667],[27.85409,-18.3859],[27.85782,-18.33692],[27.86214,-18.32746],[27.87703,-18.31329],[27.87661,-18.30233],[27.89758,-18.28634],[27.90229,-18.27257],[27.90534,-18.27073],[27.90709,-18.27395],[27.90718,-18.27096],[27.91289,-18.27035],[27.91901,-18.2735],[27.92775,-18.26917],[27.94415,-18.25577],[27.9511,-18.25426],[27.95367,-18.24478],[27.95774,-18.2423],[27.97379,-18.23977],[27.98026,-18.24198],[27.98672,-18.23686],[27.99397,-18.23923],[27.9975,-18.23721],[28.00195,-18.22323],[28.02727,-18.20562],[28.05986,-18.2024],[28.09012,-18.20679],[28.09806,-18.20523],[28.10989,-18.18995],[28.10192,-18.1862],[28.05098,-18.1804],[28.05409,-18.16822],[28.04688,-18.16065],[28.04921,-18.15],[28.06981,-18.13772],[28.06884,-18.10883],[28.07199,-18.10425],[28.06782,-18.07158],[28.07092,-18.0594],[28.05022,-18.05267],[28.03756,-18.06338],[28.0304,-18.06114],[28.02556,-18.049],[28.01756,-18.04068],[28.00828,-18.01814],[28.0127,-17.99953],[28.04325,-17.96036],[28.04986,-17.94052],[28.06854,-17.93655],[28.06591,-17.92845],[28.06935,-17.91072],[28.07961,-17.89121],[28.07683,-17.87244],[28.08639,-17.85757],[28.09123,-17.83825],[28.08079,-17.82444],[28.07427,-17.79222],[28.06991,-17.78955],[28.09345,-17.75796],[28.0971,-17.75029],[28.09378,-17.74431],[28.10158,-17.73356],[28.11671,-17.72717],[28.14327,-17.73737],[28.16522,-17.71441],[28.17171,-17.70056],[28.18229,-17.69464],[28.18426,-17.68547],[28.18105,-17.67943],[28.19484,-17.66649],[28.19306,-17.66284],[28.19698,-17.65766],[28.19794,-17.61583],[28.20894,-17.60256],[28.2188,-17.58028],[28.21631,-17.57475],[28.20223,-17.57652],[28.20978,-17.56152],[28.20456,-17.54425],[28.20944,-17.54073],[28.20866,-17.52586],[28.21661,-17.51225],[28.2269,-17.50404],[28.2227,-17.48812],[28.22772,-17.46933],[28.2512,-17.44622],[28.25117,-17.43906],[28.24348,-17.4251],[28.24744,-17.40356],[28.25037,-17.40096]]]}},{"type":"Feature","properties":{"id":"ZWE:ADM2:62879985B59782036697495","name":"Zvishavane","countryCode":"ZWE","adminLevel":2,"sourceCode":"62879985B59782036697495","parentId":"ZWE:ADM1:ZWE-527"},"geometry":{"type":"Polygon","coordinates":[[[30.14515,-20.02408],[30.14664,-20.01599],[30.13905,-20.01037],[30.14249,-20.0059],[30.1391,-19.99218],[30.14438,-19.98697],[30.13801,-19.97455],[30.14422,-19.96474],[30.14334,-19.9586],[30.04745,-19.93484],[30.03333,-19.9394],[29.98587,-19.97354],[29.97713,-20.00059],[29.93844,-20.00773],[29.90189,-20.07181],[29.87344,-20.06143],[29.84081,-20.10598],[29.79214,-20.21553],[29.79219,-20.23917],[29.77818,-20.28464],[29.75637,-20.33492],[29.7684,-20.33374],[29.78363,-20.35183],[29.78892,-20.35182],[29.79679,-20.35744],[29.80193,-20.36593],[29.81972,-20.36536],[29.82604,-20.37891],[29.84522,-20.38087],[29.85745,-20.38719],[29.87348,-20.40022],[29.87897,-20.41093],[29.90292,-20.41888],[29.92001,-20.41855],[29.92346,-20.42943],[29.92852,-20.4328],[29.93499,-20.4312],[29.94798,-20.43834],[29.96361,-20.43587],[29.97538,-20.44901],[29.99764,-20.45827],[29.99534,-20.39466],[30.13735,-20.50953],[30.13259,-20.53211],[30.1391,-20.53743],[30.15283,-20.53725],[30.16326,-20.53266],[30.17705,-20.51889],[30.18665,-20.53212],[30.20338,-20.5273],[30.20563,-20.5399],[30.21067,-20.54311],[30.23042,-20.54191],[30.25037,-20.54988],[30.25531,-20.54838],[30.27174,-20.56278],[30.27519,-20.56336],[30.27938,-20.55685],[30.29767,-20.5625],[30.30733,-20.56854],[30.31066,-20.57553],[30.33626,-20.57518],[30.36743,-20.5689],[30.38919,-20.57962],[30.39758,-20.5786],[30.41532,-20.58898],[30.41506,-20.58098],[30.4287,-20.57462],[30.441,-20.59583],[30.44088,-20.60585],[30.44744,-20.61655],[30.44511,-20.62274],[30.45145,-20.6237],[30.4538,-20.61732],[30.44947,-20.60921],[30.45056,-20.58954],[30.44503,-20.57194],[30.45254,-20.56288],[30.46026,-20.5629],[30.46096,-20.55664],[30.44375,-20.52803],[30.41232,-20.49121],[30.41348,-20.47775],[30.37174,-20.43894],[30.36015,-20.41611],[30.3452,-20.42305],[30.33907,-20.41812],[30.31832,-20.38762],[30.32014,-20.37135],[30.31384,-20.36493],[30.2868,-20.35657],[30.25804,-20.35226],[30.24356,-20.33478],[30.24361,-20.32196],[30.26134,-20.27637],[30.26714,-20.27198],[30.26811,-20.26272],[30.2748,-20.25694],[30.27954,-20.24255],[30.27778,-20.22905],[30.19777,-20.17168],[30.15855,-20.20654],[30.15645,-20.20726],[30.15355,-20.20038],[30.14792,-20.19877],[30.15269,-20.19028],[30.16004,-20.18775],[30.16671,-20.15504],[30.15817,-20.12669],[30.1683,-20.11879],[30.17675,-20.10014],[30.18745,-20.09805],[30.18532,-20.08064],[30.19167,-20.06729],[30.17071,-20.05446],[30.16682,-20.04358],[30.16042,-20.04403],[30.14402,-20.03333],[30.1426,-20.02832],[30.14515,-20.02408]],[[30.00606,-20.29137],[30.03948,-20.27616],[30.05857,-20.28741],[30.066,-20.28457],[30.06853,-20.29433],[30.08599,-20.30613],[30.08346,-20.31134],[30.10187,-20.32582],[30.0984,-20.37657],[30.08735,-20.36347],[30.08502,-20.36733],[30.07975,-20.3626],[30.06395,-20.36196],[30.06274,-20.35546],[30.05152,-20.35227],[30.05268,-20.34567],[30.04803,-20.34093],[30.04056,-20.33981],[30.03321,-20.33382],[30.03656,-20.33001],[30.03216,-20.33032],[30.02635,-20.32437],[30.0181,-20.32735],[30.01668,-20.31969],[30.00497,-20.32098],[29.99111,-20.30615],[29.9954,-20.29616],[30.00606,-20.29137]]]}},{"type":"Feature","properties":{"id":"ZWE:ADM2:62879985B6112756891378","name":"Insiza","countryCode":"ZWE","adminLevel":2,"sourceCode":"62879985B6112756891378","parentId":"ZWE:ADM1:ZWE-530"},"geometry":{"type":"Polygon","coordinates":[[[28.98332,-19.9568],[29.01474,-19.97441],[29.01992,-20.0063],[29.04017,-20.00302],[29.0566,-20.10103],[29.08924,-20.10814],[29.0887,-20.14847],[29.15796,-20.19121],[29.21017,-20.19145],[29.19383,-20.22489],[29.1871,-20.26618],[29.19954,-20.28715],[29.19364,-20.32014],[29.23171,-20.37803],[29.17699,-20.40569],[29.12175,-20.41099],[29.12238,-20.42402],[29.12997,-20.42435],[29.12795,-20.43994],[29.1348,-20.45597],[29.12818,-20.46019],[29.12794,-20.47108],[29.12364,-20.4767],[29.12746,-20.48288],[29.12487,-20.48868],[29.12985,-20.51361],[29.127,-20.52503],[29.13669,-20.53317],[29.15297,-20.55571],[29.18291,-20.56083],[29.18209,-20.59466],[29.19783,-20.65299],[29.19995,-20.67107],[29.22258,-20.72215],[29.24852,-20.80652],[29.25764,-20.81743],[29.25814,-20.82828],[29.27023,-20.83792],[29.27129,-20.84736],[29.2853,-20.85608],[29.2899,-20.87037],[29.28984,-20.8854],[29.29755,-20.90316],[29.30194,-20.90662],[29.31149,-20.90615],[29.32477,-20.91086],[29.3492,-20.93113],[29.35608,-20.94496],[29.35262,-20.96133],[29.34583,-20.9731],[29.34994,-21.00066],[29.34666,-21.00721],[29.35794,-21.01851],[29.35729,-21.03074],[29.43954,-21.05626],[29.4986,-21.02818],[29.45778,-21.01558],[29.48939,-20.99527],[29.54143,-20.95338],[29.58571,-20.92599],[29.6243,-20.89118],[29.65064,-20.75569],[29.6668,-20.71266],[29.67537,-20.67048],[29.66166,-20.65473],[29.60788,-20.66818],[29.5968,-20.65061],[29.5845,-20.60428],[29.6203,-20.59519],[29.60531,-20.57532],[29.70112,-20.51616],[29.7134,-20.47359],[29.7312,-20.45558],[29.73089,-20.39153],[29.77818,-20.28464],[29.79219,-20.23917],[29.79214,-20.21553],[29.81596,-20.15915],[29.84081,-20.10598],[29.87344,-20.06143],[29.8756,-20.0057],[29.80944,-20.00009],[29.80043,-20.00324],[29.80141,-19.95409],[29.79816,-19.9526],[29.79767,-19.94495],[29.75279,-19.95507],[29.71097,-19.97286],[29.69523,-19.97216],[29.68021,-19.90514],[29.65406,-19.91221],[29.6185,-19.9322],[29.59846,-19.93421],[29.58224,-19.91816],[29.56225,-19.88607],[29.51762,-19.86345],[29.5024,-19.86137],[29.47243,-19.84775],[29.41385,-19.88708],[29.40324,-19.84268],[29.40369,-19.81834],[29.41276,-19.80684],[29.4184,-19.7659],[29.41602,-19.76363],[29.42358,-19.75667],[29.41675,-19.75039],[29.41211,-19.75197],[29.40949,-19.74785],[29.41365,-19.74354],[29.41297,-19.73329],[29.40353,-19.71934],[29.40636,-19.71444],[29.4007,-19.70322],[29.40147,-19.69902],[29.37688,-19.68821],[29.37027,-19.6777],[29.36307,-19.67908],[29.35969,-19.66903],[29.36184,-19.66061],[29.35671,-19.65488],[29.35879,-19.64959],[29.35439,-19.64318],[29.35676,-19.64135],[29.34823,-19.63166],[29.31646,-19.61731],[29.31668,-19.60919],[29.30696,-19.60112],[29.30758,-19.59527],[29.29554,-19.58346],[29.30149,-19.57429],[29.28231,-19.56507],[29.27983,-19.53226],[29.26515,-19.5149],[29.25795,-19.51197],[29.25377,-19.50261],[29.24601,-19.4981],[29.23991,-19.48412],[29.23191,-19.48053],[29.23379,-19.4824],[29.21548,-19.5296],[29.17186,-19.49767],[29.10725,-19.49031],[29.09211,-19.50151],[29.09034,-19.50646],[29.08213,-19.50974],[29.08347,-19.5193],[29.09437,-19.53425],[29.1271,-19.53474],[29.19508,-19.56466],[29.11573,-19.60127],[29.06917,-19.65436],[29.04166,-19.65728],[29.10294,-19.70935],[29.1035,-19.77538],[29.08582,-19.80721],[29.09785,-19.81403],[29.07202,-19.82999],[29.04658,-19.85319],[28.955,-19.82168],[28.99144,-19.94269],[28.98332,-19.9568]]]}},{"type":"Feature","properties":{"id":"ZWE:ADM2:62879985B61982490553927","name":"Hwedza","countryCode":"ZWE","adminLevel":2,"sourceCode":"62879985B61982490553927","parentId":"ZWE:ADM1:ZWE-528"},"geometry":{"type":"Polygon","coordinates":[[[31.98281,-19.11812],[31.98263,-19.1121],[31.97143,-19.09324],[31.96971,-19.08465],[31.97191,-19.0691],[31.9691,-19.0531],[31.97743,-19.04222],[31.97431,-19.0227],[31.97853,-19.00551],[31.97531,-18.99608],[31.97588,-18.97014],[31.96985,-18.96631],[31.96728,-18.95897],[31.94828,-18.93797],[31.95408,-18.9208],[31.93417,-18.90406],[31.92908,-18.90782],[31.92104,-18.905],[31.91722,-18.87479],[31.9123,-18.8633],[31.91326,-18.84931],[31.90677,-18.8339],[31.90819,-18.79364],[31.88309,-18.74846],[31.86906,-18.74561],[31.85202,-18.75241],[31.84169,-18.74634],[31.82967,-18.74707],[31.83368,-18.73553],[31.83035,-18.72298],[31.81329,-18.69476],[31.79561,-18.67608],[31.79269,-18.66797],[31.78593,-18.669],[31.7814,-18.65428],[31.77235,-18.64659],[31.77246,-18.63952],[31.76321,-18.63601],[31.75668,-18.62226],[31.75827,-18.61169],[31.74622,-18.59859],[31.74484,-18.59175],[31.73304,-18.58803],[31.73422,-18.57841],[31.70332,-18.58059],[31.69494,-18.5736],[31.67615,-18.5764],[31.67153,-18.56973],[31.66196,-18.56486],[31.65591,-18.54891],[31.64456,-18.54787],[31.63899,-18.53956],[31.62669,-18.53559],[31.60914,-18.51866],[31.63512,-18.51204],[31.6218,-18.48009],[31.57999,-18.47522],[31.55659,-18.46469],[31.55394,-18.43175],[31.46009,-18.40763],[31.45589,-18.42593],[31.47822,-18.44996],[31.40298,-18.49466],[31.34946,-18.44227],[31.34726,-18.45239],[31.30592,-18.48074],[31.27613,-18.47736],[31.25534,-18.47857],[31.20332,-18.55748],[31.20662,-18.59285],[31.21573,-18.60214],[31.22882,-18.60783],[31.24263,-18.60359],[31.24655,-18.60646],[31.24662,-18.61333],[31.25458,-18.6079],[31.26606,-18.60966],[31.27191,-18.62021],[31.29677,-18.64107],[31.31463,-18.6455],[31.3225,-18.64438],[31.32441,-18.64708],[31.33167,-18.63945],[31.33825,-18.64638],[31.35145,-18.64835],[31.35415,-18.65611],[31.36898,-18.66056],[31.3798,-18.69306],[31.40794,-18.7025],[31.41309,-18.70681],[31.41643,-18.72625],[31.43165,-18.73142],[31.44913,-18.73295],[31.45903,-18.73796],[31.46813,-18.73736],[31.46705,-18.74515],[31.47896,-18.76875],[31.49566,-18.77461],[31.52064,-18.77079],[31.51936,-18.78395],[31.52314,-18.79381],[31.5281,-18.79789],[31.5431,-18.79675],[31.55833,-18.78932],[31.57861,-18.79522],[31.58424,-18.78277],[31.59274,-18.77745],[31.6034,-18.78224],[31.60897,-18.78114],[31.61987,-18.7874],[31.63615,-18.83218],[31.64997,-18.85648],[31.66885,-18.90655],[31.67041,-18.91805],[31.67956,-18.929],[31.68132,-18.94105],[31.70178,-18.98056],[31.70119,-18.99281],[31.70275,-18.99967],[31.70617,-19.00078],[31.70526,-19.00722],[31.71997,-19.02477],[31.72938,-19.02184],[31.73885,-19.0277],[31.77425,-19.0347],[31.78446,-19.04779],[31.79512,-19.05193],[31.79713,-19.0597],[31.80227,-19.05924],[31.81311,-19.07125],[31.81163,-19.0785],[31.81469,-19.08191],[31.83248,-19.08648],[31.83979,-19.09994],[31.8549,-19.10367],[31.86072,-19.10169],[31.88028,-19.11676],[31.88628,-19.11475],[31.8929,-19.11758],[31.89769,-19.11452],[31.91007,-19.12214],[31.91969,-19.12302],[31.94072,-19.11593],[31.95387,-19.11779],[31.9633,-19.11517],[31.97219,-19.1233],[31.98281,-19.11812]]]}},{"type":"Feature","properties":{"id":"ZWE:ADM2:62879985B62139417575129","name":"Chikomba","countryCode":"ZWE","adminLevel":2,"sourceCode":"62879985B62139417575129","parentId":"ZWE:ADM1:ZWE-528"},"geometry":{"type":"Polygon","coordinates":[[[31.71997,-19.02477],[31.70526,-19.00722],[31.70617,-19.00078],[31.70275,-18.99967],[31.70119,-18.99281],[31.70178,-18.98056],[31.68132,-18.94105],[31.67956,-18.929],[31.67041,-18.91805],[31.66885,-18.90655],[31.64997,-18.85648],[31.63615,-18.83218],[31.61987,-18.7874],[31.60897,-18.78114],[31.6034,-18.78224],[31.59274,-18.77745],[31.58424,-18.78277],[31.57861,-18.79522],[31.55833,-18.78932],[31.53404,-18.79926],[31.52314,-18.79381],[31.51936,-18.78395],[31.52064,-18.77079],[31.49566,-18.77461],[31.47896,-18.76875],[31.46705,-18.74515],[31.46813,-18.73736],[31.45903,-18.73796],[31.44913,-18.73295],[31.43165,-18.73142],[31.41643,-18.72625],[31.41309,-18.70681],[31.40794,-18.7025],[31.3798,-18.69306],[31.36898,-18.66056],[31.35415,-18.65611],[31.35145,-18.64835],[31.33825,-18.64638],[31.33167,-18.63945],[31.32441,-18.64708],[31.3225,-18.64438],[31.31463,-18.6455],[31.29677,-18.64107],[31.27191,-18.62021],[31.26606,-18.60966],[31.25458,-18.6079],[31.24662,-18.61333],[31.24655,-18.60646],[31.24263,-18.60359],[31.22882,-18.60783],[31.21573,-18.60214],[31.20662,-18.59285],[31.20332,-18.55748],[31.22117,-18.53014],[31.20187,-18.51189],[31.16561,-18.49228],[31.13011,-18.4846],[31.13276,-18.45071],[31.09217,-18.44868],[31.05463,-18.46048],[31.05787,-18.45031],[31.03824,-18.43049],[31.00764,-18.4373],[31.01525,-18.45433],[31.02528,-18.53751],[30.97981,-18.54237],[30.95195,-18.52445],[30.91599,-18.55665],[30.8794,-18.55962],[30.8756,-18.56547],[30.88856,-18.58485],[30.88055,-18.59037],[30.86969,-18.5781],[30.86894,-18.58499],[30.8593,-18.58833],[30.85653,-18.58605],[30.85573,-18.59431],[30.84592,-18.59549],[30.84396,-18.60258],[30.83734,-18.60474],[30.83796,-18.60961],[30.83033,-18.61486],[30.81086,-18.60844],[30.80031,-18.61889],[30.78483,-18.62027],[30.77085,-18.63105],[30.76649,-18.63012],[30.75807,-18.63576],[30.75436,-18.64352],[30.74767,-18.64208],[30.746,-18.66015],[30.77229,-18.65594],[30.77429,-18.6769],[30.79151,-18.67298],[30.79276,-18.68224],[30.74348,-18.68607],[30.70665,-18.64332],[30.68235,-18.67098],[30.64909,-18.73294],[30.63953,-18.6954],[30.63038,-18.7242],[30.6028,-18.69678],[30.59843,-18.69969],[30.61144,-18.74691],[30.60252,-18.76013],[30.59981,-18.80902],[30.55821,-18.81956],[30.55752,-18.87675],[30.58137,-18.90561],[30.5544,-18.92796],[30.575,-18.94054],[30.59531,-18.92309],[30.63043,-18.90049],[30.63556,-18.90783],[30.65417,-18.88449],[30.67867,-18.93218],[30.69563,-18.95432],[30.67712,-18.96388],[30.71244,-18.97656],[30.67468,-19.02082],[30.74992,-19.13213],[30.7451,-19.12955],[30.73616,-19.13393],[30.72342,-19.13205],[30.73498,-19.17897],[30.7315,-19.1805],[30.73765,-19.18022],[30.75219,-19.20358],[30.76327,-19.20754],[30.76591,-19.21555],[30.77191,-19.21479],[30.77454,-19.21989],[30.78468,-19.22419],[30.78556,-19.2292],[30.79125,-19.2314],[30.80887,-19.24991],[30.831,-19.24416],[30.84596,-19.25278],[30.87054,-19.26055],[30.89391,-19.24446],[30.90845,-19.2439],[30.90697,-19.22227],[30.88978,-19.19734],[30.89238,-19.19202],[30.92141,-19.19228],[30.91999,-19.18018],[30.93762,-19.14856],[30.96949,-19.15566],[30.99906,-19.15564],[30.9895,-19.19529],[30.98909,-19.22502],[31.00014,-19.24874],[30.996,-19.25787],[31.08213,-19.24401],[31.30479,-19.22049],[31.2975,-19.15737],[31.32957,-19.15015],[31.3189,-19.12768],[31.31522,-19.08915],[31.33931,-19.08603],[31.34464,-19.08131],[31.36352,-19.08969],[31.37345,-19.0871],[31.37674,-19.09671],[31.38837,-19.10726],[31.39354,-19.10428],[31.39861,-19.11107],[31.40799,-19.11612],[31.42593,-19.10798],[31.43635,-19.09462],[31.44157,-19.0935],[31.44269,-19.10148],[31.45398,-19.11187],[31.4656,-19.12907],[31.46819,-19.14339],[31.47953,-19.15554],[31.48303,-19.15648],[31.48783,-19.14757],[31.50239,-19.15036],[31.50498,-19.15821],[31.5215,-19.16866],[31.52718,-19.16488],[31.59158,-19.0746],[31.59878,-19.04904],[31.58971,-19.01131],[31.59577,-19.01742],[31.61609,-19.02015],[31.62584,-19.03066],[31.62419,-19.03815],[31.6324,-19.03669],[31.63685,-19.04067],[31.6496,-19.03755],[31.66189,-19.04284],[31.69078,-19.04335],[31.69662,-19.03793],[31.71201,-19.03826],[31.71222,-19.03405],[31.72023,-19.03098],[31.71997,-19.02477]]]}},{"type":"Feature","properties":{"id":"ZWE:ADM2:62879985B62286453442238","name":"Gokwe South","countryCode":"ZWE","adminLevel":2,"sourceCode":"62879985B62286453442238","parentId":"ZWE:ADM1:ZWE-527"},"geometry":{"type":"Polygon","coordinates":[[[27.9975,-18.23721],[27.99876,-18.34894],[28.00119,-18.35023],[28.00133,-18.36306],[27.99994,-18.49778],[28.00205,-18.51797],[27.99903,-18.52122],[27.99946,-18.54674],[28.00871,-18.54995],[28.03034,-18.5514],[28.04228,-18.54657],[28.05862,-18.54695],[28.06497,-18.55221],[28.07107,-18.55286],[28.08623,-18.541],[28.09573,-18.54333],[28.10025,-18.53862],[28.10804,-18.54136],[28.11124,-18.53829],[28.12004,-18.54498],[28.14217,-18.54876],[28.15229,-18.55808],[28.16366,-18.55168],[28.17907,-18.55211],[28.19748,-18.55979],[28.20698,-18.55718],[28.22175,-18.56583],[28.23596,-18.56409],[28.24288,-18.56731],[28.25904,-18.56081],[28.27135,-18.56566],[28.28112,-18.56398],[28.28958,-18.56663],[28.31412,-18.56298],[28.32961,-18.56979],[28.33328,-18.56631],[28.3427,-18.56783],[28.35135,-18.56431],[28.36817,-18.56501],[28.38355,-18.56149],[28.38894,-18.56428],[28.39501,-18.55986],[28.4065,-18.56069],[28.40753,-18.55836],[28.42948,-18.56572],[28.43841,-18.56394],[28.44245,-18.56643],[28.45109,-18.56273],[28.45799,-18.56774],[28.46044,-18.56321],[28.47285,-18.56547],[28.47603,-18.56111],[28.48462,-18.56479],[28.48784,-18.56113],[28.55163,-18.55975],[28.57162,-18.55534],[28.57477,-18.55956],[28.58191,-18.56162],[28.58856,-18.55902],[28.59483,-18.56278],[28.60859,-18.55885],[28.61884,-18.56046],[28.6237,-18.55744],[28.64471,-18.56186],[28.65665,-18.55367],[28.6807,-18.55066],[28.75059,-18.57065],[28.94139,-18.57541],[29.00861,-18.58047],[29.09031,-18.57862],[29.12905,-18.61292],[29.19177,-18.60456],[29.20264,-18.60686],[29.22772,-18.60312],[29.23393,-18.60516],[29.26408,-18.59802],[29.28677,-18.60018],[29.30138,-18.59492],[29.31461,-18.59429],[29.32197,-18.59752],[29.33407,-18.59446],[29.34539,-18.58668],[29.34563,-18.57752],[29.3581,-18.57464],[29.36062,-18.55866],[29.36862,-18.55103],[29.36774,-18.54098],[29.37227,-18.53501],[29.37998,-18.53308],[29.37874,-18.52598],[29.38411,-18.50755],[29.39731,-18.49266],[29.40195,-18.47857],[29.40785,-18.47554],[29.41407,-18.46622],[29.41209,-18.46163],[29.41522,-18.44724],[29.40753,-18.43994],[29.41404,-18.4326],[29.40914,-18.42773],[29.41249,-18.42055],[29.40573,-18.4104],[29.40972,-18.40346],[29.40439,-18.401],[29.39424,-18.38592],[29.3883,-18.37299],[29.38922,-18.36306],[29.38048,-18.35319],[29.38552,-18.34814],[29.38586,-18.33724],[29.37991,-18.32998],[29.38294,-18.31763],[29.37911,-18.30825],[29.38921,-18.30659],[29.39062,-18.30004],[29.39665,-18.29695],[29.39714,-18.29319],[29.40114,-18.29345],[29.40279,-18.29072],[29.39976,-18.28509],[29.41268,-18.26868],[29.39275,-18.25545],[29.3767,-18.26044],[29.36079,-18.26041],[29.34778,-18.225],[29.34756,-18.21714],[29.31828,-18.20983],[29.30381,-18.1949],[29.27284,-18.17574],[29.2506,-18.1275],[29.25228,-18.11798],[29.24489,-18.10901],[29.2444,-18.09926],[29.22751,-18.0876],[29.21347,-18.04031],[29.21304,-18.02983],[29.20482,-18.01593],[29.2079,-17.99758],[29.21738,-17.99161],[29.21306,-17.97072],[29.22675,-17.96322],[29.22925,-17.957],[29.22098,-17.95264],[29.22007,-17.94919],[29.21168,-17.94961],[29.21489,-17.95289],[29.21224,-17.95533],[29.20809,-17.95272],[29.20536,-17.96382],[29.20252,-17.9599],[29.19631,-17.96203],[29.18649,-17.95254],[29.18161,-17.95634],[29.17797,-17.95387],[29.16999,-17.95766],[29.17407,-17.9578],[29.17408,-17.96204],[29.16838,-17.96051],[29.16774,-17.96768],[29.16276,-17.96012],[29.16012,-17.95996],[29.16153,-17.96499],[29.15897,-17.96574],[29.1545,-17.96234],[29.15121,-17.96947],[29.15358,-17.9733],[29.14968,-17.97539],[29.14617,-17.97312],[29.14577,-17.96601],[29.14225,-17.96467],[29.14814,-17.96132],[29.14597,-17.95854],[29.14051,-17.9604],[29.14053,-17.9708],[29.13547,-17.96202],[29.12655,-17.96175],[29.12424,-17.96416],[29.12615,-17.96824],[29.11973,-17.95963],[29.1088,-17.97778],[29.10156,-17.97351],[29.10499,-17.97004],[29.10369,-17.96736],[29.09682,-17.96689],[29.09708,-17.97031],[29.09213,-17.97266],[29.08637,-17.96961],[29.08002,-17.97442],[29.07909,-17.97008],[29.07441,-17.97081],[29.07104,-17.97474],[29.073,-17.97695],[29.06645,-17.98014],[29.06529,-17.98451],[29.05938,-17.9834],[29.05478,-17.98941],[29.04221,-17.99237],[29.03812,-17.99669],[29.03244,-17.99646],[29.02995,-17.99074],[29.01314,-17.99263],[29.01047,-17.99033],[29.02427,-17.98389],[29.03373,-17.97585],[29.03392,-17.97224],[29.02772,-17.97472],[29.02328,-17.97198],[29.03047,-17.96462],[29.02876,-17.96001],[29.01251,-17.96298],[29.0022,-17.97716],[28.99887,-17.97227],[28.99323,-17.97239],[29.00205,-17.96385],[28.99989,-17.95967],[28.992,-17.96062],[28.99169,-17.95779],[29.00646,-17.95423],[29.00103,-17.93982],[29.01519,-17.94575],[29.01848,-17.94356],[29.01474,-17.93426],[28.99881,-17.92673],[28.99605,-17.91839],[29.00174,-17.91511],[29.0115,-17.91865],[29.0171,-17.91366],[29.01691,-17.90956],[29.01176,-17.90781],[28.99816,-17.91239],[28.99412,-17.907],[28.98384,-17.91507],[28.9801,-17.92473],[28.98155,-17.92975],[28.97737,-17.93051],[28.97644,-17.93736],[28.96881,-17.93973],[28.97299,-17.94684],[28.9672,-17.94772],[28.96847,-17.95257],[28.96491,-17.95735],[28.96477,-17.95128],[28.9606,-17.94836],[28.95814,-17.95457],[28.95147,-17.95607],[28.95413,-17.9591],[28.94785,-17.95785],[28.95081,-17.96686],[28.94453,-17.96134],[28.93947,-17.96734],[28.93707,-17.96371],[28.9403,-17.95586],[28.93479,-17.9534],[28.93134,-17.96348],[28.92737,-17.96543],[28.93475,-17.96786],[28.93497,-17.97393],[28.92994,-17.97728],[28.929,-17.98337],[28.91807,-17.98191],[28.91479,-17.99205],[28.90395,-17.99324],[28.89418,-17.9805],[28.87954,-17.96879],[28.85506,-17.95751],[28.84997,-17.95784],[28.83211,-17.94256],[28.79611,-17.93079],[28.7869,-17.91001],[28.7665,-17.90164],[28.75673,-17.89204],[28.75247,-17.88167],[28.74388,-17.87777],[28.74151,-17.86827],[28.74344,-17.8641],[28.73844,-17.85763],[28.73918,-17.84779],[28.73059,-17.82375],[28.72279,-17.81787],[28.72327,-17.813],[28.7084,-17.81783],[28.7017,-17.81194],[28.69337,-17.79338],[28.70038,-17.78994],[28.70548,-17.77665],[28.68199,-17.75793],[28.67907,-17.7431],[28.68347,-17.73608],[28.67829,-17.71824],[28.69228,-17.69464],[28.69299,-17.68773],[28.68686,-17.68768],[28.68592,-17.68514],[28.68814,-17.67262],[28.6859,-17.66903],[28.66477,-17.66702],[28.65277,-17.66201],[28.58994,-17.67219],[28.5685,-17.68968],[28.54716,-17.69957],[28.52446,-17.72098],[28.50004,-17.72459],[28.4974,-17.71309],[28.50243,-17.70392],[28.4894,-17.69428],[28.48189,-17.67867],[28.48529,-17.67402],[28.45979,-17.64973],[28.43356,-17.66329],[28.4062,-17.66176],[28.39584,-17.66987],[28.36165,-17.68323],[28.36238,-17.71063],[28.35751,-17.71613],[28.33887,-17.71932],[28.33635,-17.72435],[28.31428,-17.72663],[28.30453,-17.73291],[28.27316,-17.73343],[28.261,-17.74688],[28.25349,-17.7863],[28.25006,-17.78998],[28.19548,-17.80464],[28.18242,-17.82012],[28.17519,-17.82261],[28.14011,-17.82499],[28.13186,-17.81974],[28.11049,-17.82043],[28.09123,-17.83825],[28.08639,-17.85757],[28.07683,-17.87244],[28.07961,-17.89121],[28.06935,-17.91072],[28.06591,-17.92845],[28.06854,-17.93655],[28.04986,-17.94052],[28.04325,-17.96036],[28.0127,-17.99953],[28.00828,-18.01814],[28.01756,-18.04068],[28.02556,-18.049],[28.0304,-18.06114],[28.03756,-18.06338],[28.05022,-18.05267],[28.07092,-18.0594],[28.06782,-18.07158],[28.07199,-18.10425],[28.06884,-18.10883],[28.06981,-18.13772],[28.04921,-18.15],[28.04688,-18.16065],[28.05409,-18.16822],[28.05098,-18.1804],[28.10192,-18.1862],[28.10989,-18.18995],[28.09806,-18.20523],[28.09012,-18.20679],[28.05986,-18.2024],[28.02727,-18.20562],[28.00195,-18.22323],[27.9975,-18.23721]],[[28.91341,-18.20445],[28.91472,-18.20137],[28.94076,-18.21019],[28.94173,-18.20686],[28.9646,-18.21131],[28.96358,-18.21599],[28.9771,-18.22163],[28.97695,-18.22554],[28.96778,-18.23262],[28.96004,-18.23033],[28.94275,-18.23832],[28.92315,-18.23653],[28.91474,-18.22783],[28.91341,-18.20445]]]}},{"type":"Feature","properties":{"id":"ZWE:ADM2:62879985B63106535588765","name":"Hwange Urban","countryCode":"ZWE","adminLevel":2,"sourceCode":"62879985B63106535588765","parentId":"ZWE:ADM1:ZWE-526"},"geometry":{"type":"Polygon","coordinates":[[[26.51621,-18.24972],[26.47311,-18.31502],[26.45214,-18.31491],[26.44928,-18.31192],[26.44319,-18.31455],[26.43888,-18.32381],[26.42385,-18.32681],[26.41243,-18.33766],[26.41865,-18.34206],[26.35265,-18.39471],[26.39291,-18.48385],[26.48407,-18.44635],[26.49936,-18.4445],[26.5035,-18.45131],[26.50858,-18.4507],[26.51547,-18.44583],[26.52467,-18.42282],[26.53665,-18.41407],[26.53623,-18.40971],[26.54188,-18.40397],[26.55132,-18.36252],[26.54274,-18.34456],[26.546,-18.34045],[26.54658,-18.27746],[26.53263,-18.26192],[26.53365,-18.24632],[26.56608,-18.21029],[26.58852,-18.19467],[26.57138,-18.19127],[26.55522,-18.20254],[26.51503,-18.24353],[26.51621,-18.24972]]]}},{"type":"Feature","properties":{"id":"ZWE:ADM2:62879985B63510140227201","name":"Gwanda Urban","countryCode":"ZWE","adminLevel":2,"sourceCode":"62879985B63510140227201","parentId":"ZWE:ADM1:ZWE-530"},"geometry":{"type":"Polygon","coordinates":[[[28.99564,-20.91363],[28.99496,-20.91734],[28.9896,-20.91581],[28.98851,-20.9238],[28.99224,-20.93063],[28.94965,-20.91975],[28.95012,-20.92723],[28.97373,-20.9396],[28.98845,-20.94288],[28.9946,-20.95071],[28.99967,-20.95052],[29.00164,-20.95892],[29.03076,-20.94721],[29.03562,-20.92441],[29.00437,-20.91617],[29.00563,-20.91241],[28.99631,-20.91023],[28.99564,-20.91363]]]}},{"type":"Feature","properties":{"id":"ZWE:ADM2:62879985B6381696170590","name":"Victoria Falls","countryCode":"ZWE","adminLevel":2,"sourceCode":"62879985B6381696170590","parentId":"ZWE:ADM1:ZWE-526"},"geometry":{"type":"Polygon","coordinates":[[[25.84717,-17.9409],[25.85272,-17.93612],[25.85321,-17.92685],[25.84923,-17.91685],[25.85123,-17.90585],[25.84123,-17.89385],[25.82024,-17.89079],[25.81726,-17.90923],[25.80954,-17.92524],[25.80997,-17.97373],[25.81344,-17.96881],[25.83022,-17.9596],[25.83676,-17.94823],[25.84717,-17.9409]]]}},{"type":"Feature","properties":{"id":"ZWE:ADM2:62879985B64547719639207","name":"Gweru Urban","countryCode":"ZWE","adminLevel":2,"sourceCode":"62879985B64547719639207","parentId":"ZWE:ADM1:ZWE-527"},"geometry":{"type":"Polygon","coordinates":[[[29.81016,-19.37298],[29.79298,-19.38671],[29.78598,-19.41715],[29.78068,-19.41601],[29.77407,-19.42498],[29.78203,-19.43169],[29.77918,-19.4351],[29.77636,-19.43341],[29.76542,-19.44092],[29.75419,-19.43472],[29.75707,-19.43054],[29.75086,-19.42544],[29.73318,-19.44753],[29.75072,-19.47215],[29.74563,-19.47507],[29.75057,-19.48212],[29.76187,-19.53997],[29.78448,-19.49935],[29.78652,-19.50728],[29.81503,-19.50704],[29.82415,-19.49562],[29.83398,-19.50614],[29.84117,-19.50633],[29.8468,-19.4976],[29.85177,-19.50606],[29.86533,-19.50573],[29.87273,-19.49267],[29.86715,-19.48658],[29.87132,-19.47989],[29.86611,-19.47661],[29.86748,-19.46915],[29.87808,-19.47326],[29.87632,-19.45269],[29.88123,-19.44415],[29.88455,-19.44359],[29.88546,-19.44663],[29.89962,-19.44452],[29.91104,-19.4536],[29.92017,-19.44753],[29.90023,-19.43151],[29.9187,-19.42311],[29.90627,-19.41623],[29.90269,-19.41934],[29.88211,-19.41127],[29.87366,-19.41983],[29.86438,-19.41332],[29.86711,-19.40566],[29.86471,-19.40104],[29.85334,-19.40479],[29.84563,-19.39811],[29.84119,-19.40171],[29.83573,-19.3968],[29.82763,-19.40019],[29.83198,-19.39084],[29.81701,-19.3847],[29.81016,-19.37298]]]}},{"type":"Feature","properties":{"id":"ZWE:ADM2:62879985B67434637878842","name":"Sanyati","countryCode":"ZWE","adminLevel":2,"sourceCode":"62879985B67434637878842","parentId":"ZWE:ADM1:ZWE-533"},"geometry":{"type":"Polygon","coordinates":[[[29.90296,-17.8832],[29.8902,-17.87962],[29.87077,-17.8818],[29.851,-17.86776],[29.83825,-17.86381],[29.83485,-17.86039],[29.8362,-17.85236],[29.83219,-17.84094],[29.82026,-17.84537],[29.81293,-17.85493],[29.78785,-17.85865],[29.78505,-17.85446],[29.79117,-17.84013],[29.78518,-17.83291],[29.7907,-17.81725],[29.78751,-17.81554],[29.77577,-17.81864],[29.7666,-17.81485],[29.75195,-17.83816],[29.73869,-17.82793],[29.73845,-17.81069],[29.73206,-17.79425],[29.71758,-17.78275],[29.71703,-17.77499],[29.69841,-17.76393],[29.69047,-17.77338],[29.67165,-17.76773],[29.64797,-17.72841],[29.63153,-17.72509],[29.62829,-17.71938],[29.62431,-17.71925],[29.60946,-17.74388],[29.60641,-17.74426],[29.59979,-17.73854],[29.5986,-17.7313],[29.58892,-17.72748],[29.58217,-17.71108],[29.57263,-17.70459],[29.55606,-17.70407],[29.546,-17.69034],[29.54561,-17.68017],[29.54164,-17.67356],[29.52123,-17.66719],[29.52562,-17.65234],[29.51635,-17.64089],[29.49732,-17.6368],[29.49404,-17.62731],[29.48571,-17.62103],[29.48414,-17.6121],[29.48864,-17.60473],[29.48536,-17.59559],[29.49153,-17.58622],[29.47892,-17.56756],[29.47257,-17.56322],[29.4518,-17.55905],[29.45258,-17.5537],[29.45774,-17.55039],[29.4523,-17.54197],[29.43535,-17.54647],[29.43,-17.54502],[29.43101,-17.5392],[29.42488,-17.53335],[29.41911,-17.5362],[29.41226,-17.53117],[29.40648,-17.53332],[29.40306,-17.53127],[29.40096,-17.52828],[29.40346,-17.52476],[29.38952,-17.50402],[29.36742,-17.5181],[29.36988,-17.52705],[29.36726,-17.53224],[29.34485,-17.55198],[29.33342,-17.56755],[29.31425,-17.57666],[29.32084,-17.59935],[29.32992,-17.59931],[29.34425,-17.61646],[29.34042,-17.62576],[29.34246,-17.63939],[29.3402,-17.64463],[29.34742,-17.65166],[29.34471,-17.6585],[29.33516,-17.66712],[29.33856,-17.67952],[29.34617,-17.68611],[29.34589,-17.68955],[29.33393,-17.70405],[29.3054,-17.71636],[29.30673,-17.73165],[29.2988,-17.74165],[29.30056,-17.74822],[29.30722,-17.75404],[29.32331,-17.75263],[29.32869,-17.76037],[29.31898,-17.77387],[29.30101,-17.77704],[29.2905,-17.78669],[29.29163,-17.79583],[29.28343,-17.8411],[29.26671,-17.85334],[29.26385,-17.87526],[29.2478,-17.89919],[29.23818,-17.92819],[29.22007,-17.94919],[29.22925,-17.95827],[29.22675,-17.96322],[29.21306,-17.97072],[29.21738,-17.99161],[29.2079,-17.99758],[29.20482,-18.01593],[29.21304,-18.02983],[29.21347,-18.04031],[29.22751,-18.0876],[29.2444,-18.09926],[29.24489,-18.10901],[29.25228,-18.11798],[29.2506,-18.1275],[29.27284,-18.17574],[29.30381,-18.1949],[29.31828,-18.20983],[29.34756,-18.21714],[29.34778,-18.225],[29.36079,-18.26041],[29.3767,-18.26044],[29.39275,-18.25545],[29.41268,-18.26868],[29.42844,-18.28407],[29.44179,-18.2852],[29.46071,-18.29771],[29.48562,-18.3051],[29.49897,-18.31965],[29.53315,-18.33702],[29.54784,-18.35639],[29.57126,-18.35527],[29.57524,-18.35864],[29.57754,-18.36879],[29.58734,-18.37331],[29.6024,-18.3673],[29.62725,-18.37049],[29.63799,-18.37535],[29.64203,-18.38768],[29.64641,-18.38231],[29.66207,-18.38395],[29.66331,-18.3935],[29.68182,-18.39519],[29.68312,-18.40202],[29.68874,-18.4062],[29.69025,-18.40214],[29.70879,-18.40247],[29.71716,-18.41214],[29.7315,-18.40831],[29.73995,-18.4139],[29.76029,-18.41667],[29.76365,-18.41887],[29.76042,-18.42286],[29.76392,-18.42671],[29.77236,-18.42291],[29.7776,-18.4302],[29.7856,-18.43027],[29.78957,-18.43833],[29.80022,-18.43398],[29.81426,-18.44001],[29.8152,-18.44299],[29.82894,-18.43847],[29.83624,-18.38705],[29.78034,-18.3594],[29.80475,-18.35012],[29.81547,-18.35008],[29.88392,-18.30581],[29.92252,-18.26618],[29.956,-18.29578],[29.98287,-18.2724],[29.95138,-18.24028],[29.96878,-18.2249],[29.99955,-18.25808],[30.02736,-18.23494],[29.99643,-18.19758],[30.00768,-18.18655],[30.00577,-18.17739],[29.9615,-18.1852],[29.95291,-18.1673],[29.94642,-18.16537],[29.93411,-18.14245],[29.93462,-18.1127],[29.94072,-18.10476],[29.93913,-18.09386],[29.93524,-18.07825],[29.92848,-18.06632],[29.92392,-18.06427],[29.92413,-18.05487],[29.9192,-18.04994],[29.92204,-18.03592],[29.91876,-18.02307],[29.92212,-18.02145],[29.92795,-18.00582],[29.91569,-17.9983],[29.91912,-17.98881],[29.91072,-17.98342],[29.90613,-17.95705],[29.89407,-17.94594],[29.89902,-17.93555],[29.89423,-17.92343],[29.89679,-17.90852],[29.89349,-17.90708],[29.8922,-17.90101],[29.90367,-17.89392],[29.90296,-17.8832]]]}},{"type":"Feature","properties":{"id":"ZWE:ADM2:62879985B68584159333685","name":"Nkayi","countryCode":"ZWE","adminLevel":2,"sourceCode":"62879985B68584159333685","parentId":"ZWE:ADM1:ZWE-526"},"geometry":{"type":"Polygon","coordinates":[[[29.00281,-19.19562],[29.00423,-19.18575],[29.00096,-19.18233],[29.00614,-19.17614],[28.99946,-19.15819],[29.00087,-19.1413],[29.0084,-19.12972],[29.00311,-19.12594],[29.00583,-19.11786],[29.01101,-19.11205],[29.01095,-19.10745],[29.01734,-19.10239],[29.0148,-19.09207],[29.00953,-19.08982],[29.01109,-19.0852],[29.00178,-19.06476],[28.99244,-19.05834],[28.98665,-19.04329],[28.97473,-19.0367],[28.97765,-19.02101],[28.95107,-19.02011],[28.93766,-19.0099],[28.86692,-18.72333],[28.92295,-18.70886],[29.12547,-18.63338],[29.12905,-18.61292],[29.09031,-18.57862],[29.00861,-18.58047],[28.94139,-18.57541],[28.75059,-18.57065],[28.6807,-18.55066],[28.65665,-18.55367],[28.64471,-18.56186],[28.6237,-18.55744],[28.61884,-18.56046],[28.60859,-18.55885],[28.59483,-18.56278],[28.58856,-18.55902],[28.58191,-18.56162],[28.57477,-18.55956],[28.57162,-18.55534],[28.55163,-18.55975],[28.48784,-18.56113],[28.48462,-18.56479],[28.47603,-18.56111],[28.47285,-18.56547],[28.46044,-18.56321],[28.45799,-18.56774],[28.45109,-18.56273],[28.44245,-18.56643],[28.43841,-18.56394],[28.42948,-18.56572],[28.40753,-18.55836],[28.4065,-18.56069],[28.39501,-18.55986],[28.38894,-18.56428],[28.38355,-18.56149],[28.36817,-18.56501],[28.35135,-18.56431],[28.3427,-18.56783],[28.33328,-18.56631],[28.32961,-18.56979],[28.31412,-18.56298],[28.28958,-18.56663],[28.30528,-18.659],[28.31632,-18.66751],[28.31404,-18.67512],[28.30555,-18.67981],[28.30631,-18.68515],[28.32396,-18.71414],[28.32073,-18.72942],[28.32731,-18.74383],[28.32647,-18.75033],[28.32254,-18.75385],[28.32322,-18.77368],[28.31819,-18.78924],[28.29988,-18.79646],[28.30954,-18.8228],[28.31485,-19.04742],[28.35364,-19.05462],[28.36667,-19.06043],[28.38179,-19.06015],[28.43549,-19.07913],[28.43691,-19.15819],[28.52128,-19.17261],[28.64886,-19.22761],[28.83454,-19.29625],[29.00281,-19.19562]]]}},{"type":"Feature","properties":{"id":"ZWE:ADM2:62879985B70697135902781","name":"Mhondoro-Ngezi","countryCode":"ZWE","adminLevel":2,"sourceCode":"62879985B70697135902781","parentId":"ZWE:ADM1:ZWE-533"},"geometry":{"type":"Polygon","coordinates":[[[30.02736,-18.23494],[29.99955,-18.25808],[30.02198,-18.28458],[30.02272,-18.28928],[30.01393,-18.30087],[30.02692,-18.30659],[30.00746,-18.34343],[30.00266,-18.36591],[30.01502,-18.36665],[30.01536,-18.37929],[29.99996,-18.37855],[29.98939,-18.39764],[29.96304,-18.38702],[29.94724,-18.40997],[29.90409,-18.41789],[29.84452,-18.38158],[29.83406,-18.39138],[29.83358,-18.41526],[29.82894,-18.43847],[29.8152,-18.44299],[29.81426,-18.44001],[29.80022,-18.43398],[29.78957,-18.43833],[29.7856,-18.43027],[29.7776,-18.4302],[29.77236,-18.42291],[29.76392,-18.42671],[29.76042,-18.42286],[29.76365,-18.41887],[29.76029,-18.41667],[29.73995,-18.4139],[29.7315,-18.40831],[29.71716,-18.41214],[29.70879,-18.40247],[29.69025,-18.40214],[29.68874,-18.4062],[29.68312,-18.40202],[29.68182,-18.39519],[29.66331,-18.3935],[29.66207,-18.38395],[29.64641,-18.38231],[29.64203,-18.38768],[29.63799,-18.37535],[29.62725,-18.37049],[29.6024,-18.3673],[29.58734,-18.37331],[29.57754,-18.36879],[29.57602,-18.37962],[29.56442,-18.40607],[29.56744,-18.42688],[29.56043,-18.43239],[29.55895,-18.44352],[29.55003,-18.4457],[29.5455,-18.45424],[29.55153,-18.47687],[29.54731,-18.48271],[29.55369,-18.48855],[29.5514,-18.50009],[29.55411,-18.51414],[29.5521,-18.52139],[29.54504,-18.52871],[29.54495,-18.53573],[29.55391,-18.57879],[29.57131,-18.5847],[29.57561,-18.57921],[29.58136,-18.57767],[29.59694,-18.57984],[29.61815,-18.59934],[29.62567,-18.6005],[29.63577,-18.61291],[29.64829,-18.61668],[29.66545,-18.60403],[29.69062,-18.6139],[29.69614,-18.61022],[29.70768,-18.6156],[29.7201,-18.61087],[29.73054,-18.61112],[29.73549,-18.61916],[29.73604,-18.64288],[29.75071,-18.64551],[29.7627,-18.63388],[29.77708,-18.63034],[29.77592,-18.63872],[29.78144,-18.64524],[29.78108,-18.64924],[29.79359,-18.64675],[29.80013,-18.65107],[29.79988,-18.66106],[29.80607,-18.6747],[29.81455,-18.67383],[29.82981,-18.68198],[29.83532,-18.67285],[29.84227,-18.67147],[29.85044,-18.67751],[29.8557,-18.69077],[29.8648,-18.6837],[29.87961,-18.68975],[29.884,-18.69603],[29.88951,-18.69571],[29.89125,-18.70309],[29.90995,-18.69474],[29.915,-18.70295],[29.92363,-18.70362],[29.93141,-18.68883],[29.93663,-18.69387],[29.94663,-18.68729],[29.95409,-18.69232],[29.97669,-18.68051],[29.98094,-18.68972],[29.98923,-18.69505],[30.0085,-18.69558],[30.01803,-18.71296],[30.02856,-18.70892],[30.03086,-18.70245],[30.03972,-18.69809],[30.04974,-18.69986],[30.05428,-18.70872],[30.06704,-18.70953],[30.07184,-18.72274],[30.10048,-18.71704],[30.10519,-18.72245],[30.11321,-18.72077],[30.12039,-18.72443],[30.13226,-18.7183],[30.1402,-18.72135],[30.14664,-18.7193],[30.15078,-18.72539],[30.18168,-18.73048],[30.21153,-18.75811],[30.22188,-18.78099],[30.2358,-18.78292],[30.23895,-18.78028],[30.25454,-18.78683],[30.26022,-18.78498],[30.26824,-18.80281],[30.27456,-18.80911],[30.2892,-18.80488],[30.29602,-18.79565],[30.31658,-18.80085],[30.32685,-18.81427],[30.32276,-18.81846],[30.3478,-18.83724],[30.35341,-18.83746],[30.35533,-18.84796],[30.36619,-18.84779],[30.37386,-18.85203],[30.38492,-18.84884],[30.39058,-18.84057],[30.39508,-18.85554],[30.40212,-18.85968],[30.40806,-18.85811],[30.41191,-18.86487],[30.42088,-18.86028],[30.43975,-18.87754],[30.44688,-18.89203],[30.45684,-18.89328],[30.46353,-18.89863],[30.47609,-18.90215],[30.49089,-18.90065],[30.50448,-18.91116],[30.53028,-18.90954],[30.55752,-18.87675],[30.55821,-18.81956],[30.59981,-18.80902],[30.60252,-18.76013],[30.61144,-18.74691],[30.59843,-18.69969],[30.6028,-18.69678],[30.63038,-18.7242],[30.63953,-18.6954],[30.64909,-18.73294],[30.68235,-18.67098],[30.70665,-18.64332],[30.70914,-18.63497],[30.70391,-18.63433],[30.76624,-18.57073],[30.76517,-18.50601],[30.73378,-18.5558],[30.7219,-18.55085],[30.69094,-18.54877],[30.66317,-18.5393],[30.65588,-18.54194],[30.64481,-18.53509],[30.62082,-18.53015],[30.61225,-18.53585],[30.60185,-18.53322],[30.59909,-18.53786],[30.59179,-18.53301],[30.58438,-18.53301],[30.58118,-18.53702],[30.57211,-18.53533],[30.56737,-18.54799],[30.55565,-18.54704],[30.55034,-18.54968],[30.54183,-18.54515],[30.53265,-18.53101],[30.53022,-18.53397],[30.52016,-18.53186],[30.50017,-18.52147],[30.49406,-18.52565],[30.49046,-18.52206],[30.4892,-18.51309],[30.47612,-18.52159],[30.46612,-18.51864],[30.46416,-18.51255],[30.45577,-18.51146],[30.44646,-18.50371],[30.47585,-18.44232],[30.43228,-18.43745],[30.39809,-18.40903],[30.3807,-18.422],[30.35494,-18.41597],[30.28956,-18.41306],[30.2551,-18.40358],[30.25073,-18.39934],[30.24987,-18.39015],[30.24412,-18.39144],[30.24313,-18.388],[30.23998,-18.38809],[30.24249,-18.38216],[30.22855,-18.38147],[30.22936,-18.38568],[30.22036,-18.38225],[30.21991,-18.38517],[30.21352,-18.38044],[30.20345,-18.38483],[30.20282,-18.37933],[30.1967,-18.38448],[30.19949,-18.38843],[30.19211,-18.39041],[30.19094,-18.3451],[30.0951,-18.35079],[30.12565,-18.30955],[30.12143,-18.29694],[30.11608,-18.29901],[30.09714,-18.27287],[30.08675,-18.28349],[30.08007,-18.24337],[30.06518,-18.25884],[30.03636,-18.22746],[30.02736,-18.23494]]]}},{"type":"Feature","properties":{"id":"ZWE:ADM2:62879985B71906244719276","name":"Seke","countryCode":"ZWE","adminLevel":2,"sourceCode":"62879985B71906244719276","parentId":"ZWE:ADM1:ZWE-528"},"geometry":{"type":"Polygon","coordinates":[[[30.76517,-18.50601],[30.76624,-18.57073],[30.70391,-18.63433],[30.70914,-18.63497],[30.70665,-18.64332],[30.74348,-18.68607],[30.79276,-18.68224],[30.79151,-18.67298],[30.77429,-18.6769],[30.77229,-18.65594],[30.746,-18.66015],[30.74767,-18.64208],[30.75436,-18.64352],[30.75807,-18.63576],[30.76649,-18.63012],[30.77085,-18.63105],[30.78483,-18.62027],[30.80031,-18.61889],[30.81086,-18.60844],[30.83033,-18.61486],[30.83796,-18.60961],[30.83734,-18.60474],[30.84396,-18.60258],[30.84592,-18.59549],[30.85573,-18.59431],[30.85653,-18.58605],[30.8593,-18.58833],[30.86894,-18.58499],[30.86969,-18.5781],[30.88055,-18.59037],[30.88856,-18.58485],[30.8756,-18.56547],[30.8794,-18.55962],[30.91599,-18.55665],[30.95195,-18.52445],[30.97981,-18.54237],[31.02528,-18.53751],[31.01525,-18.45433],[31.00764,-18.4373],[31.03824,-18.43049],[31.05787,-18.45031],[31.05463,-18.46048],[31.05737,-18.46075],[31.09217,-18.44868],[31.13276,-18.45071],[31.15739,-18.4466],[31.20068,-18.45584],[31.2228,-18.43587],[31.21911,-18.42922],[31.22162,-18.41807],[31.20973,-18.40881],[31.19511,-18.41407],[31.17964,-18.41461],[31.17672,-18.40843],[31.1398,-18.41644],[31.12796,-18.40858],[31.12242,-18.3969],[31.10164,-18.38398],[31.0972,-18.35841],[31.08752,-18.34702],[31.06498,-18.33602],[31.03459,-18.33455],[31.02568,-18.32402],[31.01136,-18.33012],[30.99957,-18.32094],[31.06754,-18.26179],[31.08373,-18.20343],[31.09456,-18.18044],[31.08961,-18.15893],[31.15543,-18.15019],[31.1628,-18.15921],[31.16365,-18.16934],[31.16823,-18.17483],[31.18903,-18.18318],[31.19813,-18.18221],[31.20643,-18.17509],[31.21451,-18.17459],[31.21608,-18.171],[31.22125,-18.17058],[31.22309,-18.1658],[31.24294,-18.16244],[31.2511,-18.15535],[31.26183,-18.15414],[31.27806,-18.16925],[31.28582,-18.17032],[31.29302,-18.17639],[31.30036,-18.17585],[31.30657,-18.18516],[31.31956,-18.18961],[31.32464,-18.20216],[31.33043,-18.20783],[31.34639,-18.20958],[31.35712,-18.20376],[31.37054,-18.20443],[31.36475,-18.21442],[31.3629,-18.23241],[31.39962,-18.23538],[31.40357,-18.22579],[31.39665,-18.22337],[31.39679,-18.21338],[31.40922,-18.21283],[31.39608,-18.17679],[31.40696,-18.16611],[31.37166,-18.14973],[31.36368,-18.15098],[31.35746,-18.14802],[31.34217,-18.13102],[31.32678,-18.13133],[31.30663,-18.12419],[31.29121,-18.1082],[31.2804,-18.11207],[31.27003,-18.10295],[31.25994,-18.10363],[31.25823,-18.09947],[31.24563,-18.09244],[31.23281,-18.08986],[31.227,-18.08255],[31.22489,-18.07167],[31.22878,-18.05643],[31.22406,-18.05191],[31.2201,-18.03895],[31.21694,-18.0394],[31.20913,-18.03122],[31.20647,-18.02359],[31.19648,-18.02623],[31.19668,-18.02117],[31.18744,-18.01598],[31.1829,-18.00772],[31.17797,-18.00886],[31.17187,-18.00444],[31.16502,-18.00736],[31.15704,-18.00207],[31.15666,-17.99582],[31.14049,-17.99579],[31.12723,-17.99168],[31.11562,-17.99152],[31.11352,-17.99447],[31.10322,-17.98668],[31.068,-17.98335],[31.0564,-17.97808],[31.05683,-17.98381],[31.06585,-17.98925],[31.07359,-17.99983],[31.09654,-18.00345],[31.12711,-18.01974],[31.11175,-18.03342],[31.09118,-18.03353],[31.06145,-18.05088],[31.05949,-18.04573],[31.05012,-18.03928],[31.0498,-18.03305],[31.04222,-18.03145],[31.03404,-18.02034],[31.01837,-18.0129],[31.01177,-18.01546],[31.00275,-18.01164],[31.00263,-18.00547],[30.99446,-18.00089],[30.99965,-17.99767],[30.99499,-17.99762],[30.98806,-17.9911],[30.98736,-17.98489],[30.98032,-17.98805],[30.97396,-17.97831],[30.96779,-17.98267],[30.96054,-17.98135],[30.96032,-17.97812],[30.951,-17.97753],[30.94718,-17.97129],[30.93658,-17.96919],[30.92218,-17.96011],[30.91155,-17.95975],[30.90554,-17.96415],[30.90824,-17.95524],[30.90174,-17.95741],[30.88199,-17.93535],[30.87331,-17.93164],[30.87071,-17.93466],[30.86182,-17.92379],[30.85801,-17.92679],[30.84472,-17.92442],[30.84724,-17.92903],[30.84392,-17.93202],[30.84416,-17.94449],[30.84107,-17.94511],[30.83745,-17.92971],[30.83125,-17.92091],[30.80851,-17.94694],[30.81655,-17.98119],[30.77232,-18.02218],[30.77466,-18.03236],[30.78426,-18.04424],[30.78328,-18.05099],[30.79067,-18.06672],[30.79041,-18.07718],[30.80013,-18.08666],[30.79022,-18.09311],[30.77518,-18.09404],[30.76141,-18.10548],[30.76171,-18.12602],[30.75366,-18.14201],[30.75476,-18.14846],[30.74655,-18.15432],[30.75736,-18.16134],[30.75742,-18.16792],[30.76265,-18.16761],[30.76458,-18.17226],[30.74936,-18.19063],[30.74886,-18.19876],[30.74363,-18.20519],[30.72184,-18.22038],[30.71748,-18.22828],[30.6979,-18.23655],[30.69696,-18.2409],[30.70115,-18.25813],[30.69534,-18.26668],[30.69902,-18.26711],[30.69569,-18.27176],[30.69916,-18.28745],[30.70889,-18.29539],[30.70915,-18.30635],[30.71813,-18.30841],[30.71969,-18.3143],[30.72337,-18.31512],[30.72286,-18.32294],[30.7342,-18.33207],[30.74034,-18.33254],[30.74635,-18.34317],[30.75374,-18.3413],[30.75822,-18.3437],[30.75854,-18.35035],[30.76389,-18.34885],[30.76702,-18.36023],[30.77274,-18.36108],[30.7833,-18.37373],[30.78153,-18.37777],[30.79053,-18.39014],[30.78576,-18.40345],[30.77089,-18.41307],[30.76517,-18.50601]]]}},{"type":"Feature","properties":{"id":"ZWE:ADM2:62879985B71976011533530","name":"Ruwa","countryCode":"ZWE","adminLevel":2,"sourceCode":"62879985B71976011533530","parentId":"ZWE:ADM1:ZWE-528"},"geometry":{"type":"Polygon","coordinates":[[[31.19119,-17.91011],[31.20984,-17.91671],[31.2118,-17.91345],[31.22152,-17.91708],[31.21912,-17.92023],[31.22384,-17.92307],[31.23936,-17.91614],[31.24292,-17.89942],[31.25197,-17.89718],[31.26356,-17.91242],[31.26758,-17.90944],[31.25862,-17.89915],[31.26258,-17.89423],[31.25199,-17.89135],[31.2584,-17.88193],[31.26159,-17.86282],[31.25501,-17.86245],[31.25578,-17.85456],[31.22032,-17.85052],[31.1963,-17.8593],[31.19509,-17.86186],[31.21536,-17.87969],[31.20863,-17.87959],[31.21182,-17.88656],[31.20306,-17.88632],[31.19787,-17.88974],[31.19821,-17.89681],[31.19203,-17.9032],[31.19119,-17.91011]]]}},{"type":"Feature","properties":{"id":"ZWE:ADM2:62879985B72104982716343","name":"Mberengwa","countryCode":"ZWE","adminLevel":2,"sourceCode":"62879985B72104982716343","parentId":"ZWE:ADM1:ZWE-527"},"geometry":{"type":"Polygon","coordinates":[[[30.44898,-20.62488],[30.44511,-20.62274],[30.44744,-20.61655],[30.44088,-20.60585],[30.441,-20.59583],[30.4287,-20.57462],[30.41506,-20.58098],[30.41532,-20.58898],[30.39758,-20.5786],[30.38919,-20.57962],[30.36743,-20.5689],[30.33626,-20.57518],[30.31066,-20.57553],[30.30733,-20.56854],[30.29767,-20.5625],[30.27938,-20.55685],[30.27519,-20.56336],[30.27174,-20.56278],[30.25531,-20.54838],[30.25037,-20.54988],[30.23042,-20.54191],[30.21067,-20.54311],[30.20563,-20.5399],[30.20338,-20.5273],[30.18665,-20.53212],[30.17705,-20.51889],[30.16326,-20.53266],[30.15283,-20.53725],[30.1391,-20.53743],[30.13259,-20.53211],[30.13735,-20.50953],[29.99534,-20.39466],[29.99764,-20.45827],[29.97538,-20.44901],[29.96361,-20.43587],[29.94798,-20.43834],[29.93499,-20.4312],[29.92852,-20.4328],[29.92346,-20.42943],[29.92001,-20.41855],[29.90292,-20.41888],[29.87897,-20.41093],[29.87348,-20.40022],[29.85745,-20.38719],[29.84522,-20.38087],[29.82604,-20.37891],[29.81972,-20.36536],[29.80193,-20.36593],[29.79679,-20.35744],[29.78892,-20.35182],[29.78363,-20.35183],[29.7684,-20.33374],[29.75637,-20.33492],[29.73089,-20.39153],[29.7312,-20.45558],[29.7134,-20.47359],[29.70112,-20.51616],[29.60531,-20.57532],[29.6203,-20.59519],[29.5845,-20.60428],[29.5968,-20.65061],[29.60788,-20.66818],[29.66166,-20.65473],[29.67537,-20.67048],[29.6668,-20.71266],[29.65064,-20.75569],[29.6243,-20.89118],[29.58571,-20.92599],[29.54143,-20.95338],[29.48939,-20.99527],[29.45778,-21.01558],[29.53447,-21.03681],[29.59246,-21.04054],[29.6896,-21.02134],[29.7307,-21.02292],[29.76737,-21.03236],[29.78463,-21.03147],[29.82356,-21.01287],[29.8823,-20.95861],[29.90295,-20.94541],[29.92745,-20.9228],[29.94679,-20.91173],[29.95434,-20.91528],[29.9718,-20.90944],[29.98759,-20.91136],[29.99105,-20.9181],[30.0492,-20.95935],[30.05949,-20.96028],[30.06882,-20.96632],[30.06728,-20.97454],[30.07358,-20.99013],[30.10902,-21.00704],[30.13129,-21.00845],[30.16595,-21.03453],[30.17944,-21.02784],[30.1933,-21.03785],[30.21707,-21.03171],[30.22941,-21.03745],[30.25011,-21.041],[30.25329,-21.02979],[30.28169,-21.01945],[30.30093,-21.03657],[30.3089,-21.03069],[30.31633,-21.03012],[30.3372,-21.04306],[30.35683,-21.03986],[30.37833,-21.02043],[30.39338,-21.01954],[30.40267,-20.99977],[30.40928,-20.99933],[30.41752,-20.98654],[30.44518,-20.96251],[30.44341,-20.92314],[30.45344,-20.88261],[30.45082,-20.8692],[30.45431,-20.83106],[30.46915,-20.76959],[30.47343,-20.75628],[30.48006,-20.74836],[30.48142,-20.71514],[30.48687,-20.70491],[30.50981,-20.69187],[30.51991,-20.68232],[30.49252,-20.68403],[30.48084,-20.67973],[30.47883,-20.6761],[30.48138,-20.66108],[30.47877,-20.65625],[30.45805,-20.64645],[30.44898,-20.62488]]]}},{"type":"Feature","properties":{"id":"ZWE:ADM2:62879985B72758591248620","name":"Mangwe","countryCode":"ZWE","adminLevel":2,"sourceCode":"62879985B72758591248620","parentId":"ZWE:ADM1:ZWE-530"},"geometry":{"type":"Polygon","coordinates":[[[27.92855,-20.48825],[27.90519,-20.51558],[27.86769,-20.52589],[27.81899,-20.59306],[27.77306,-20.5544],[27.78095,-20.52885],[27.72379,-20.51277],[27.73031,-20.52309],[27.7274,-20.53254],[27.73126,-20.54142],[27.72699,-20.54823],[27.72934,-20.55496],[27.71859,-20.57171],[27.72222,-20.57794],[27.70469,-20.60115],[27.70519,-20.62105],[27.70906,-20.62534],[27.70439,-20.63716],[27.70398,-20.65313],[27.70889,-20.66974],[27.72635,-20.6915],[27.72483,-20.69429],[27.7347,-20.70245],[27.72966,-20.71191],[27.73308,-20.71463],[27.72721,-20.72],[27.73464,-20.73949],[27.73067,-20.74551],[27.73603,-20.76035],[27.72578,-20.78045],[27.7255,-20.78812],[27.72084,-20.79641],[27.7212,-20.80584],[27.71309,-20.82674],[27.71695,-20.8366],[27.71096,-20.84784],[27.70667,-20.84809],[27.6942,-20.86396],[27.6928,-20.87662],[27.69963,-20.89179],[27.70056,-20.9044],[27.69675,-20.90979],[27.69651,-20.92306],[27.69008,-20.93245],[27.70983,-20.95668],[27.70901,-20.9665],[27.70197,-20.98007],[27.70299,-20.9923],[27.70744,-20.99906],[27.69815,-21.00138],[27.69631,-21.00484],[27.70061,-21.01139],[27.69915,-21.0168],[27.70284,-21.0212],[27.70146,-21.02804],[27.70453,-21.03698],[27.69893,-21.0442],[27.68588,-21.04976],[27.69003,-21.06532],[27.69633,-21.07382],[27.69364,-21.08413],[27.69948,-21.08895],[27.70079,-21.09825],[27.72399,-21.11529],[27.73306,-21.13106],[27.74712,-21.13947],[27.75358,-21.15243],[27.77891,-21.15743],[27.78868,-21.17658],[27.80489,-21.17373],[27.81651,-21.18812],[27.81368,-21.19699],[27.82536,-21.20158],[27.83591,-21.2203],[27.85612,-21.23951],[27.86813,-21.26697],[27.88353,-21.27897],[27.88494,-21.28858],[27.90348,-21.30066],[27.91995,-21.32957],[27.91721,-21.3407],[27.9192,-21.36057],[27.93087,-21.37633],[27.94561,-21.38793],[27.95676,-21.41079],[27.95095,-21.42876],[27.96603,-21.44082],[27.97236,-21.45194],[27.98016,-21.45655],[27.97557,-21.46084],[27.96267,-21.45926],[27.95722,-21.47039],[27.96043,-21.47627],[27.97571,-21.47848],[27.98436,-21.48356],[27.98401,-21.48674],[27.97313,-21.4947],[27.97674,-21.50457],[27.97122,-21.51158],[27.97142,-21.51608],[27.97828,-21.52244],[27.98429,-21.51496],[28.00374,-21.51377],[28.00345,-21.51833],[27.99645,-21.52403],[27.99679,-21.53051],[28.00542,-21.53905],[28.00823,-21.55519],[28.01911,-21.572],[28.05073,-21.57785],[28.06785,-21.57718],[28.08095,-21.58154],[28.0992,-21.57743],[28.14433,-21.59116],[28.17079,-21.59272],[28.19753,-21.60169],[28.28613,-21.59075],[28.29263,-21.58737],[28.30944,-21.59419],[28.3391,-21.59879],[28.34754,-21.60579],[28.36176,-21.60213],[28.3759,-21.60595],[28.39269,-21.61694],[28.38875,-21.59358],[28.37523,-21.5899],[28.3671,-21.56744],[28.36935,-21.56183],[28.3829,-21.55911],[28.38143,-21.54442],[28.38426,-21.53568],[28.3733,-21.52222],[28.35926,-21.51175],[28.35476,-21.493],[28.33752,-21.49123],[28.32515,-21.4743],[28.31944,-21.45945],[28.30481,-21.45417],[28.29775,-21.43983],[28.28905,-21.43472],[28.28761,-21.42464],[28.28277,-21.418],[28.28513,-21.40849],[28.27238,-21.40912],[28.27121,-21.39993],[28.26023,-21.38419],[28.25923,-21.36774],[28.22857,-21.34194],[28.21574,-21.32432],[28.20364,-21.321],[28.19651,-21.31282],[28.20315,-21.29896],[28.20871,-21.2977],[28.21262,-21.29221],[28.19958,-21.26775],[28.20598,-21.26149],[28.20381,-21.25403],[28.21084,-21.24807],[28.20378,-21.23998],[28.20853,-21.23244],[28.20728,-21.22396],[28.2108,-21.21256],[28.20288,-21.1972],[28.20587,-21.18775],[28.21631,-21.18026],[28.22032,-21.17103],[28.21889,-21.14721],[28.21227,-21.13859],[28.21703,-21.13557],[28.2179,-21.12996],[28.22472,-21.1275],[28.23183,-21.11878],[28.2284,-21.10525],[28.22192,-21.101],[28.22052,-21.09541],[28.2277,-21.09043],[28.22297,-21.06628],[28.23379,-21.06366],[28.23227,-21.05988],[28.23529,-21.05403],[28.229,-21.05639],[28.20297,-21.04522],[28.20619,-21.02596],[28.19568,-20.99523],[28.18869,-20.99076],[28.18914,-20.97996],[28.19769,-20.96453],[28.20363,-20.96058],[28.2031,-20.95344],[28.19922,-20.94888],[28.20914,-20.92857],[28.22137,-20.92163],[28.2231,-20.9138],[28.23836,-20.90604],[28.23603,-20.90023],[28.24214,-20.89131],[28.31051,-20.83351],[28.3039,-20.82622],[28.30357,-20.82119],[28.28601,-20.82577],[28.27868,-20.82219],[28.27102,-20.81071],[28.2544,-20.77247],[28.25479,-20.76719],[28.2476,-20.76325],[28.24274,-20.75051],[28.23169,-20.7359],[28.21848,-20.69263],[28.21693,-20.67561],[28.2131,-20.67133],[28.21202,-20.6528],[28.25061,-20.59352],[28.18371,-20.55057],[28.26662,-20.48896],[28.26946,-20.46153],[28.29868,-20.44794],[28.3013,-20.42605],[28.30831,-20.40602],[28.27682,-20.42702],[28.24549,-20.41758],[28.22269,-20.45211],[28.2186,-20.43314],[28.20437,-20.41451],[28.1876,-20.43993],[28.14954,-20.41157],[28.06991,-20.48517],[28.05168,-20.49098],[28.00034,-20.49527],[27.97697,-20.51691],[27.92855,-20.48825]]]}},{"type":"Feature","properties":{"id":"ZWE:ADM2:62879985B73698916591345","name":"Gutu","countryCode":"ZWE","adminLevel":2,"sourceCode":"62879985B73698916591345","parentId":"ZWE:ADM1:ZWE-532"},"geometry":{"type":"Polygon","coordinates":[[[31.97267,-19.82137],[31.96741,-19.79906],[31.92668,-19.76795],[31.89938,-19.71185],[31.87702,-19.70199],[31.85891,-19.68381],[31.84349,-19.67852],[31.84298,-19.66793],[31.83531,-19.66492],[31.83294,-19.65695],[31.82351,-19.65519],[31.82771,-19.63036],[31.82549,-19.62031],[31.79551,-19.6051],[31.79097,-19.59396],[31.77472,-19.59012],[31.77014,-19.58369],[31.75628,-19.58584],[31.73935,-19.58398],[31.72647,-19.5424],[31.71434,-19.54054],[31.70954,-19.52864],[31.70313,-19.52432],[31.68317,-19.52233],[31.67932,-19.4927],[31.67594,-19.48661],[31.67522,-19.47426],[31.67781,-19.47015],[31.67535,-19.4619],[31.66892,-19.46086],[31.64934,-19.46649],[31.63961,-19.45751],[31.62199,-19.46335],[31.61036,-19.44705],[31.59367,-19.45067],[31.58965,-19.45588],[31.58317,-19.45388],[31.57301,-19.45689],[31.54864,-19.41733],[31.5275,-19.41183],[31.52496,-19.40573],[31.52644,-19.39468],[31.52157,-19.3905],[31.4923,-19.38516],[31.48926,-19.37677],[31.48002,-19.37266],[31.4613,-19.38126],[31.44835,-19.36242],[31.44383,-19.36013],[31.43377,-19.37748],[31.42514,-19.37001],[31.40677,-19.37429],[31.396,-19.36878],[31.36491,-19.33692],[31.33832,-19.31881],[31.31814,-19.30938],[31.31125,-19.29945],[31.29385,-19.29109],[31.28383,-19.28083],[31.25881,-19.27293],[31.24142,-19.25858],[31.23057,-19.25476],[31.21779,-19.24479],[31.20929,-19.2444],[31.20365,-19.23977],[31.19323,-19.2407],[31.1885,-19.23383],[31.08213,-19.24401],[30.996,-19.25787],[31.00014,-19.24874],[30.98909,-19.22502],[30.9895,-19.19529],[30.99906,-19.15564],[30.96949,-19.15566],[30.93762,-19.14856],[30.91999,-19.18018],[30.92141,-19.19228],[30.89238,-19.19202],[30.88978,-19.19734],[30.90697,-19.22227],[30.90845,-19.2439],[30.89391,-19.24446],[30.87054,-19.26055],[30.69566,-19.39585],[30.75837,-19.40255],[30.75517,-19.40677],[30.76,-19.41449],[30.75406,-19.42251],[30.7534,-19.4374],[30.71404,-19.429],[30.70935,-19.4565],[30.71823,-19.46369],[30.71895,-19.5301],[30.70974,-19.54784],[30.70921,-19.55379],[30.71272,-19.55893],[30.69778,-19.56895],[30.69493,-19.58039],[30.68719,-19.58794],[30.70937,-19.63687],[30.70547,-19.65892],[30.70553,-19.68656],[30.69649,-19.69112],[30.6961,-19.71808],[30.70471,-19.74412],[30.76612,-19.71811],[30.76018,-19.758],[30.75524,-19.75836],[30.74975,-19.76552],[30.74636,-19.78333],[30.73409,-19.79338],[30.73719,-19.79639],[30.73437,-19.80529],[30.74053,-19.81429],[30.75655,-19.82512],[30.78178,-19.81949],[30.77491,-19.79687],[30.77085,-19.76536],[30.79615,-19.78735],[30.79988,-19.74404],[30.80805,-19.73776],[30.80905,-19.73055],[30.82135,-19.71709],[30.82287,-19.70436],[30.85388,-19.71501],[30.93948,-19.6944],[30.959,-19.68622],[30.96539,-19.69434],[30.97989,-19.70024],[30.98912,-19.7372],[31.00208,-19.74721],[30.99454,-19.75852],[30.97122,-19.77316],[30.96161,-19.80109],[30.95216,-19.81588],[30.95082,-19.84829],[30.95721,-19.85537],[30.95542,-19.878],[30.96854,-19.93168],[31.02515,-19.92237],[31.02712,-19.93319],[30.98565,-19.9566],[30.98702,-19.96685],[30.98396,-19.97108],[30.98687,-19.97579],[31.03223,-19.96805],[31.06189,-19.992],[31.09939,-19.98917],[31.1113,-19.99652],[31.15227,-20.00288],[31.19488,-20.03275],[31.20169,-20.02688],[31.20415,-20.0082],[31.20797,-19.99681],[31.21262,-19.99345],[31.21809,-19.97394],[31.29938,-19.94943],[31.30804,-19.95877],[31.35921,-19.92438],[31.36971,-19.93324],[31.38468,-19.93799],[31.40004,-19.93775],[31.41389,-19.92831],[31.42957,-19.92251],[31.43344,-19.91395],[31.4423,-19.91747],[31.44928,-19.90644],[31.46428,-19.90198],[31.48123,-19.90595],[31.48129,-19.89945],[31.49324,-19.88355],[31.50563,-19.8866],[31.51352,-19.87982],[31.51824,-19.88246],[31.54054,-19.87082],[31.55242,-19.88612],[31.57858,-19.8817],[31.58352,-19.87383],[31.61375,-19.8681],[31.62276,-19.86315],[31.62529,-19.84907],[31.62927,-19.84399],[31.65591,-19.86099],[31.66255,-19.86038],[31.66718,-19.85421],[31.66744,-19.84735],[31.6806,-19.84596],[31.6896,-19.83268],[31.71593,-19.83616],[31.72206,-19.83437],[31.76946,-19.84214],[31.79533,-19.84134],[31.81308,-19.84762],[31.83165,-19.84013],[31.85315,-19.83814],[31.8629,-19.8337],[31.88663,-19.83029],[31.90225,-19.83226],[31.92723,-19.82598],[31.97267,-19.82137]]]}},{"type":"Feature","properties":{"id":"ZWE:ADM2:62879985B7429577065299","name":"Norton","countryCode":"ZWE","adminLevel":2,"sourceCode":"62879985B7429577065299","parentId":"ZWE:ADM1:ZWE-533"},"geometry":{"type":"Polygon","coordinates":[[[30.74759,-17.86427],[30.74142,-17.85512],[30.73672,-17.86343],[30.73147,-17.85236],[30.71679,-17.85471],[30.71245,-17.875],[30.70607,-17.85294],[30.7006,-17.84619],[30.68915,-17.84962],[30.68561,-17.85792],[30.68287,-17.8535],[30.6772,-17.85453],[30.67366,-17.84789],[30.66597,-17.85339],[30.66771,-17.84588],[30.64648,-17.86043],[30.6244,-17.89671],[30.63615,-17.91198],[30.65902,-17.92883],[30.69941,-17.89274],[30.71658,-17.89395],[30.74759,-17.86427]]]}},{"type":"Feature","properties":{"id":"ZWE:ADM2:62879985B74735389049647","name":"Shurugwi","countryCode":"ZWE","adminLevel":2,"sourceCode":"62879985B74735389049647","parentId":"ZWE:ADM1:ZWE-527"},"geometry":{"type":"Polygon","coordinates":[[[30.15777,-19.47469],[30.14439,-19.48309],[30.10577,-19.48155],[30.08028,-19.46371],[30.04337,-19.45795],[30.03365,-19.48576],[30.01782,-19.51435],[29.99413,-19.50666],[29.95371,-19.52636],[29.93793,-19.54748],[29.85595,-19.55035],[29.82856,-19.61074],[29.83241,-19.63671],[29.81686,-19.67234],[29.82151,-19.68589],[29.80811,-19.69226],[29.819,-19.70531],[29.81352,-19.72034],[29.83314,-19.7217],[29.83729,-19.73624],[29.847,-19.7371],[29.85173,-19.74583],[29.85953,-19.74952],[29.85412,-19.75613],[29.85524,-19.76263],[29.85177,-19.76481],[29.85383,-19.7742],[29.84201,-19.79328],[29.84583,-19.79495],[29.84538,-19.81245],[29.83772,-19.83594],[29.8418,-19.83873],[29.84046,-19.84324],[29.84386,-19.84804],[29.83517,-19.8643],[29.8407,-19.86808],[29.83621,-19.86985],[29.83704,-19.88748],[29.84395,-19.88988],[29.84125,-19.89601],[29.84803,-19.89574],[29.7868,-19.92343],[29.79767,-19.94495],[29.79816,-19.9526],[29.80141,-19.95409],[29.80043,-20.00324],[29.80944,-20.00009],[29.8756,-20.0057],[29.87344,-20.06143],[29.90189,-20.07181],[29.93844,-20.00773],[29.97713,-20.00059],[29.98587,-19.97354],[30.03333,-19.9394],[30.04745,-19.93484],[30.14334,-19.9586],[30.14422,-19.96474],[30.13801,-19.97455],[30.14438,-19.98697],[30.1391,-19.99218],[30.14249,-20.0059],[30.13905,-20.01037],[30.14664,-20.01599],[30.14515,-20.02408],[30.21982,-20.01682],[30.2238,-20.01255],[30.24052,-20.00805],[30.3221,-19.99955],[30.33417,-19.99281],[30.35481,-19.99741],[30.431,-19.99011],[30.43139,-19.9861],[30.42794,-19.98496],[30.43331,-19.96215],[30.42275,-19.96119],[30.42631,-19.95207],[30.42542,-19.94334],[30.43074,-19.93749],[30.44288,-19.93983],[30.45039,-19.92977],[30.45492,-19.93236],[30.45701,-19.92187],[30.47049,-19.90374],[30.46958,-19.90081],[30.46449,-19.90219],[30.45767,-19.8949],[30.45447,-19.89517],[30.45945,-19.88614],[30.45115,-19.88491],[30.45441,-19.87729],[30.44822,-19.86944],[30.45904,-19.86315],[30.45385,-19.84992],[30.45897,-19.84567],[30.45969,-19.83979],[30.45482,-19.83542],[30.45622,-19.8321],[30.46759,-19.83521],[30.47116,-19.8322],[30.4673,-19.82554],[30.47752,-19.81528],[30.47996,-19.80674],[30.47662,-19.79729],[30.47816,-19.78255],[30.48853,-19.7672],[30.47575,-19.75429],[30.47873,-19.74501],[30.46652,-19.74209],[30.4665,-19.73288],[30.45349,-19.72151],[30.45674,-19.69972],[30.44696,-19.6967],[30.4432,-19.68202],[30.4386,-19.67835],[30.4437,-19.67159],[30.44357,-19.66121],[30.44095,-19.64385],[30.43782,-19.64053],[30.4403,-19.61509],[30.43253,-19.58923],[30.43863,-19.57361],[30.43445,-19.5713],[30.4359,-19.56119],[30.4261,-19.5475],[30.42981,-19.53425],[30.42818,-19.52961],[30.4358,-19.52539],[30.43399,-19.52295],[30.44503,-19.51828],[30.44453,-19.51304],[30.43879,-19.50882],[30.44007,-19.50085],[30.43647,-19.49005],[30.44158,-19.47882],[30.44378,-19.45018],[30.45054,-19.44504],[30.45377,-19.42441],[30.44411,-19.41533],[30.40811,-19.45118],[30.37312,-19.47695],[30.33809,-19.4985],[30.31819,-19.50345],[30.2906,-19.472],[30.24638,-19.50418],[30.15777,-19.47469]],[[29.92769,-19.68261],[29.94758,-19.68088],[29.96207,-19.65645],[29.96975,-19.65159],[29.9664,-19.64407],[29.99996,-19.6124],[29.99838,-19.60703],[30.03173,-19.60132],[30.03123,-19.64353],[30.03937,-19.64246],[30.03949,-19.64855],[30.03157,-19.64868],[30.03099,-19.67198],[30.01604,-19.6809],[30.02999,-19.68359],[30.0344,-19.69395],[30.0481,-19.70162],[30.05723,-19.69461],[30.05247,-19.70851],[30.0468,-19.71115],[30.03973,-19.72445],[30.0353,-19.72666],[30.01446,-19.78505],[30.00184,-19.7855],[30.01015,-19.77293],[30.00812,-19.7705],[30.00124,-19.77367],[29.99413,-19.7841],[29.97527,-19.78219],[29.97632,-19.73834],[29.96669,-19.73345],[29.9645,-19.72223],[29.95223,-19.7215],[29.95209,-19.69276],[29.92772,-19.69152],[29.92769,-19.68261]]]}},{"type":"Feature","properties":{"id":"ZWE:ADM2:62879985B75244512710705","name":"Harare Rural","countryCode":"ZWE","adminLevel":2,"sourceCode":"62879985B75244512710705","parentId":"ZWE:ADM1:ZWE-525"},"geometry":{"type":"Polygon","coordinates":[[[31.05611,-17.97929],[31.06493,-17.9801],[31.068,-17.98335],[31.10322,-17.98668],[31.11352,-17.99447],[31.11562,-17.99152],[31.1118,-17.98651],[31.12734,-17.96285],[31.14163,-17.95902],[31.13395,-17.95051],[31.13732,-17.9498],[31.13502,-17.94705],[31.13612,-17.92888],[31.14291,-17.90218],[31.12501,-17.88804],[31.117,-17.89194],[31.10771,-17.88856],[31.02856,-17.90716],[31.032,-17.92133],[31.00569,-17.93217],[30.9978,-17.91989],[30.99222,-17.91973],[30.99095,-17.92246],[30.98523,-17.9193],[30.97967,-17.92764],[30.97178,-17.92618],[30.96566,-17.92081],[30.96028,-17.92722],[30.9458,-17.91828],[30.92586,-17.91695],[30.88687,-17.93641],[30.90174,-17.95741],[30.909,-17.95625],[30.90428,-17.96165],[30.90554,-17.96415],[30.91155,-17.95975],[30.92218,-17.96011],[30.93658,-17.96919],[30.94718,-17.97129],[30.951,-17.97753],[30.96032,-17.97812],[30.96054,-17.98135],[30.96779,-17.98267],[30.97396,-17.97831],[30.98032,-17.98805],[30.98736,-17.98489],[30.98806,-17.9911],[30.99996,-17.99941],[31.0072,-17.99795],[31.01678,-18.00339],[31.02064,-18.00254],[31.02487,-17.98748],[31.05611,-17.97929]]]}},{"type":"Feature","properties":{"id":"ZWE:ADM2:62879985B76003628227782","name":"Mazowe","countryCode":"ZWE","adminLevel":2,"sourceCode":"62879985B76003628227782","parentId":"ZWE:ADM1:ZWE-524"},"geometry":{"type":"Polygon","coordinates":[[[31.27738,-16.82345],[31.25289,-16.82019],[31.28506,-16.78835],[31.27136,-16.78484],[31.07267,-16.83911],[30.97965,-16.85204],[30.91704,-16.83475],[30.86977,-16.81243],[30.86326,-16.82938],[30.8602,-16.8625],[30.84061,-16.88338],[30.83798,-16.89853],[30.80832,-16.91489],[30.79054,-16.9468],[30.78294,-16.96941],[30.76904,-16.98866],[30.76072,-17.01441],[30.76064,-17.04348],[30.73887,-17.0613],[30.71831,-17.1558],[30.68196,-17.21772],[30.65514,-17.2362],[30.67145,-17.24097],[30.66848,-17.25124],[30.61773,-17.36284],[30.63235,-17.40634],[30.61952,-17.45496],[30.6213,-17.47627],[30.61236,-17.51832],[30.61149,-17.55194],[30.64476,-17.55193],[30.69125,-17.55964],[30.72849,-17.55261],[30.78542,-17.5577],[30.76007,-17.6043],[30.78985,-17.63997],[30.83749,-17.66273],[30.84461,-17.6505],[30.91271,-17.68718],[30.92853,-17.70061],[30.93049,-17.66211],[30.95535,-17.66052],[30.96255,-17.71391],[30.97548,-17.71883],[30.99563,-17.73713],[31.02618,-17.73918],[31.02591,-17.7271],[31.03754,-17.73738],[31.04155,-17.73243],[31.04632,-17.74023],[31.08167,-17.73041],[31.07395,-17.687],[31.05225,-17.6413],[31.06761,-17.63446],[31.05178,-17.61284],[31.05843,-17.61629],[31.06387,-17.54392],[31.1148,-17.54275],[31.12083,-17.52497],[31.1161,-17.51857],[31.10883,-17.51686],[31.1124,-17.51269],[31.10845,-17.50618],[31.12545,-17.49241],[31.12489,-17.48437],[31.11859,-17.4822],[31.11971,-17.47862],[31.1162,-17.47709],[31.11922,-17.4701],[31.12507,-17.46869],[31.12639,-17.46533],[31.13456,-17.46521],[31.14565,-17.45235],[31.13819,-17.44483],[31.1384,-17.43804],[31.1451,-17.42719],[31.14939,-17.40429],[31.14786,-17.37939],[31.13666,-17.36459],[31.11626,-17.31981],[31.11928,-17.31575],[31.13176,-17.31986],[31.14065,-17.22819],[31.1312,-17.23088],[31.12719,-17.18654],[31.11959,-17.17963],[31.12067,-17.17351],[31.13326,-17.1487],[31.13711,-17.10067],[31.17007,-17.07605],[31.17012,-17.07159],[31.17712,-17.06692],[31.18258,-17.04426],[31.18927,-17.04112],[31.19939,-17.02951],[31.20591,-17.02888],[31.21692,-17.01491],[31.21703,-17.0039],[31.21965,-17.00309],[31.21733,-16.99132],[31.21278,-16.984],[31.20667,-16.98625],[31.20206,-16.98324],[31.20344,-16.94707],[31.19909,-16.92579],[31.2363,-16.89081],[31.23911,-16.87352],[31.25311,-16.86457],[31.24959,-16.85512],[31.25685,-16.84923],[31.26061,-16.83242],[31.26569,-16.8394],[31.27292,-16.83698],[31.27812,-16.83108],[31.27738,-16.82345]],[[30.84611,-17.03164],[30.84059,-17.02476],[30.84055,-17.01418],[30.84524,-17.01402],[30.84522,-17.01895],[30.85528,-17.02298],[30.85654,-17.0206],[30.86344,-17.02202],[30.85963,-17.03234],[30.85232,-17.02864],[30.85021,-17.03304],[30.84611,-17.03164]]]}},{"type":"Feature","properties":{"id":"ZWE:ADM2:62879985B77595643638308","name":"Mudzi","countryCode":"ZWE","adminLevel":2,"sourceCode":"62879985B77595643638308","parentId":"ZWE:ADM1:ZWE-528"},"geometry":{"type":"Polygon","coordinates":[[[32.99432,-17.24566],[32.98978,-17.18404],[32.93751,-17.0653],[32.8332,-16.92093],[32.91141,-16.89609],[32.96276,-16.7822],[32.991,-16.69442],[32.97952,-16.70431],[32.9213,-16.6938],[32.89054,-16.71698],[32.8679,-16.70611],[32.8527,-16.70399],[32.83862,-16.69559],[32.81687,-16.70516],[32.80489,-16.7003],[32.79295,-16.70667],[32.78249,-16.70294],[32.77299,-16.70537],[32.7568,-16.70218],[32.74816,-16.71297],[32.73284,-16.72412],[32.70907,-16.72904],[32.69674,-16.73781],[32.68336,-16.74168],[32.66219,-16.73004],[32.65645,-16.72301],[32.649,-16.72182],[32.63014,-16.73199],[32.59373,-16.74178],[32.5751,-16.73904],[32.56189,-16.72991],[32.55007,-16.72774],[32.5393,-16.73983],[32.52215,-16.77558],[32.49079,-16.79372],[32.45253,-16.82563],[32.41377,-16.83966],[32.40373,-16.84637],[32.39643,-16.84577],[32.38887,-16.86567],[32.38323,-16.87],[32.37535,-16.86998],[32.37087,-16.87802],[32.3583,-16.88718],[32.35895,-16.8936],[32.34419,-16.89546],[32.34217,-16.90117],[32.33467,-16.90204],[32.33115,-16.91515],[32.3211,-16.93069],[32.30067,-16.9362],[32.296,-16.94582],[32.26005,-16.95625],[32.25427,-16.96839],[32.23916,-16.97363],[32.23805,-16.97781],[32.22376,-16.98545],[32.22213,-16.9909],[32.18908,-17.02461],[32.17289,-17.03382],[32.17258,-17.04187],[32.18569,-17.07599],[32.18498,-17.08692],[32.18759,-17.08827],[32.20647,-17.15451],[32.2129,-17.16245],[32.27573,-17.15317],[32.29258,-17.17269],[32.30171,-17.14141],[32.33419,-17.12664],[32.34111,-17.11692],[32.34968,-17.1382],[32.36551,-17.15684],[32.37783,-17.1804],[32.38804,-17.19186],[32.38059,-17.2117],[32.38275,-17.21477],[32.39539,-17.21557],[32.40024,-17.20753],[32.41074,-17.20792],[32.42014,-17.20168],[32.42516,-17.20488],[32.43275,-17.20434],[32.43482,-17.20121],[32.44602,-17.19857],[32.44645,-17.20238],[32.45209,-17.20407],[32.45569,-17.22296],[32.47003,-17.23905],[32.47425,-17.24997],[32.4818,-17.25576],[32.48326,-17.27637],[32.489,-17.28848],[32.50548,-17.29527],[32.51264,-17.29518],[32.53192,-17.28283],[32.53925,-17.28406],[32.55885,-17.27741],[32.56006,-17.2826],[32.55092,-17.32179],[32.6621,-17.35578],[32.74548,-17.40681],[32.75938,-17.37835],[32.75859,-17.37201],[32.76322,-17.36917],[32.77092,-17.35475],[32.79297,-17.33472],[32.80128,-17.33519],[32.82481,-17.31684],[32.84348,-17.3167],[32.85406,-17.30279],[32.85488,-17.29304],[32.86956,-17.27944],[32.88488,-17.27567],[32.90754,-17.27658],[32.91969,-17.26995],[32.92482,-17.26322],[32.96278,-17.25956],[32.99432,-17.24566]]]}},{"type":"Feature","properties":{"id":"ZWE:ADM2:62879985B77670672881921","name":"Hwange","countryCode":"ZWE","adminLevel":2,"sourceCode":"62879985B77670672881921","parentId":"ZWE:ADM1:ZWE-526"},"geometry":{"type":"Polygon","coordinates":[[[26.92345,-17.97499],[26.8957,-17.98714],[26.87635,-17.98129],[26.8684,-17.98976],[26.86147,-17.99215],[26.83068,-17.99063],[26.82486,-17.99778],[26.82994,-18.00965],[26.82464,-18.01173],[26.80428,-18.00931],[26.80269,-18.0203],[26.79933,-18.02278],[26.76922,-18.01649],[26.7479,-18.01868],[26.73273,-18.02987],[26.71939,-18.04506],[26.70062,-18.05721],[26.69445,-18.06531],[26.69722,-18.07201],[26.69339,-18.07403],[26.67556,-18.06766],[26.65285,-18.05397],[26.61032,-18.05291],[26.59896,-18.04828],[26.5972,-18.04507],[26.6012,-18.03371],[26.59085,-18.02362],[26.57485,-18.01555],[26.56962,-17.99246],[26.56045,-17.98502],[26.54128,-17.98375],[26.51287,-17.98821],[26.48595,-17.98048],[26.47067,-17.96437],[26.4651,-17.96133],[26.45823,-17.96293],[26.44775,-17.95186],[26.4382,-17.95268],[26.42654,-17.94906],[26.41546,-17.93747],[26.40653,-17.93459],[26.37975,-17.93518],[26.3495,-17.9273],[26.30956,-17.93483],[26.29332,-17.91966],[26.28617,-17.91667],[26.24778,-17.91624],[26.22633,-17.89691],[26.2271,-17.88892],[26.21851,-17.88066],[26.17517,-17.90592],[26.16132,-17.90875],[26.15275,-17.9168],[26.14241,-17.91409],[26.13614,-17.92027],[26.12635,-17.91682],[26.10796,-17.92547],[26.10255,-17.92318],[26.09001,-17.93207],[26.08803,-17.93512],[26.09105,-17.94367],[26.10747,-17.94711],[26.09656,-17.95839],[26.09743,-17.9653],[26.09331,-17.97764],[26.0879,-17.98225],[26.07501,-17.97667],[26.06899,-17.97922],[26.05206,-17.97849],[26.04406,-17.97032],[26.0335,-17.97837],[26.01243,-17.97324],[25.99481,-17.97777],[25.97648,-17.99795],[25.96947,-18.00145],[25.95906,-17.9977],[25.95423,-18.00043],[25.94023,-17.99509],[25.91663,-17.99916],[25.91079,-17.98883],[25.89056,-17.98267],[25.88349,-17.98387],[25.87712,-17.97568],[25.86537,-17.97414],[25.86088,-17.96385],[25.86356,-17.95215],[25.85004,-17.94919],[25.84717,-17.9409],[25.83676,-17.94823],[25.83022,-17.9596],[25.81344,-17.96881],[25.80997,-17.97373],[25.80954,-17.92524],[25.81726,-17.90923],[25.82024,-17.89079],[25.80531,-17.88558],[25.79311,-17.87665],[25.79021,-17.86036],[25.77606,-17.85409],[25.76709,-17.84456],[25.75958,-17.84287],[25.74888,-17.84755],[25.73294,-17.83948],[25.70427,-17.83497],[25.69894,-17.82547],[25.69969,-17.81414],[25.69228,-17.80926],[25.68381,-17.80838],[25.66998,-17.81238],[25.64371,-17.8326],[25.61952,-17.83865],[25.6077,-17.83694],[25.5906,-17.84081],[25.5803,-17.83617],[25.55263,-17.83557],[25.52988,-17.8568],[25.51481,-17.86247],[25.49994,-17.85814],[25.48107,-17.84695],[25.45703,-17.8399],[25.43227,-17.85085],[25.42025,-17.84567],[25.39632,-17.84894],[25.38098,-17.8415],[25.36897,-17.83141],[25.34836,-17.8376],[25.31038,-17.82361],[25.26303,-17.79012],[25.26477,-17.81606],[25.2488,-17.84609],[25.2392,-17.87321],[25.2426,-17.89706],[25.2376,-17.90856],[25.25247,-17.93734],[25.26862,-17.95155],[25.28238,-17.98695],[25.28208,-18.00546],[25.29863,-18.04195],[25.3166,-18.06212],[25.32009,-18.07648],[25.36265,-18.09192],[25.3687,-18.11347],[25.37455,-18.11712],[25.38853,-18.11713],[25.39489,-18.12028],[25.41915,-18.15572],[25.4258,-18.1742],[25.44452,-18.20206],[25.44787,-18.21711],[25.45651,-18.22488],[25.46308,-18.25002],[25.46162,-18.25796],[25.47465,-18.2753],[25.49239,-18.31025],[25.50055,-18.31505],[25.51787,-18.35948],[25.5214,-18.37917],[25.57495,-18.43227],[25.60457,-18.47519],[25.61943,-18.48528],[25.64902,-18.49524],[25.65387,-18.51223],[25.66577,-18.52565],[25.67388,-18.54537],[25.69148,-18.56927],[25.71975,-18.59062],[25.73363,-18.5927],[25.75957,-18.60306],[25.78295,-18.62298],[25.78779,-18.63392],[25.79088,-18.66095],[25.80409,-18.6838],[25.79176,-18.69587],[25.79355,-18.70608],[25.79115,-18.71784],[25.79671,-18.75049],[25.80717,-18.78871],[25.81953,-18.80379],[25.82611,-18.83488],[25.84664,-18.84442],[25.85507,-18.85263],[25.86368,-18.85343],[25.87434,-18.85921],[25.9249,-18.89679],[25.94417,-18.90194],[25.96816,-18.93769],[25.97117,-18.94974],[25.98684,-18.97671],[25.99669,-19.03019],[25.96794,-19.06062],[25.96291,-19.08031],[25.96596,-19.10658],[25.97558,-19.12959],[25.99526,-19.14909],[26.0422,-19.20752],[26.04443,-19.23599],[26.07166,-19.26901],[26.07701,-19.29606],[26.09118,-19.32157],[26.09871,-19.34583],[26.11017,-19.36206],[26.12725,-19.42536],[26.1423,-19.4362],[26.14168,-19.44632],[26.15435,-19.49955],[26.15906,-19.50547],[26.16924,-19.54133],[26.19672,-19.55614],[26.21533,-19.56004],[26.24482,-19.58223],[26.31199,-19.57357],[26.33588,-19.59973],[26.35718,-19.61102],[26.34048,-19.6289],[26.3294,-19.64838],[26.32914,-19.66317],[26.33887,-19.66452],[26.3507,-19.67239],[26.39064,-19.66705],[26.39651,-19.68144],[26.40574,-19.69057],[26.41531,-19.7234],[26.43184,-19.74064],[26.45275,-19.74994],[26.49232,-19.75523],[26.50071,-19.75729],[26.51144,-19.76517],[26.52586,-19.76547],[26.53665,-19.7747],[26.55688,-19.7821],[26.57211,-19.79317],[26.59445,-19.84417],[26.6163,-19.876],[26.66374,-19.88713],[26.69803,-19.88747],[26.71868,-19.85674],[26.7435,-19.76645],[26.75833,-19.75246],[26.78557,-19.67151],[26.80617,-19.62481],[26.80866,-19.60613],[26.84819,-19.50338],[26.86377,-19.45264],[26.87213,-19.4472],[26.8689,-19.43488],[26.87244,-19.42565],[26.88367,-19.41362],[26.88713,-19.3955],[26.89503,-19.38172],[26.9289,-19.34034],[26.93446,-19.34061],[26.93909,-19.33666],[26.95975,-19.33721],[26.96531,-19.33387],[26.97735,-19.33635],[26.99329,-19.33232],[26.99126,-19.32748],[27.00886,-19.33263],[27.06102,-19.32246],[27.06552,-19.32612],[27.06767,-19.32241],[27.08834,-19.32496],[27.11213,-19.31724],[27.12653,-19.3196],[27.13455,-19.31471],[27.18006,-19.31733],[27.20463,-19.3234],[27.21167,-19.31931],[27.22588,-19.3177],[27.23429,-19.31374],[27.23129,-19.30891],[27.23363,-19.29338],[27.24281,-19.28119],[27.26767,-19.26352],[27.27885,-19.26266],[27.28007,-19.2506],[27.29996,-19.23548],[27.30624,-19.23343],[27.30914,-19.23641],[27.32383,-19.22693],[27.34949,-19.22805],[27.35703,-19.2248],[27.35838,-19.21631],[27.37489,-19.22498],[27.39063,-19.22875],[27.39841,-19.22741],[27.41836,-19.21348],[27.44023,-19.21149],[27.45321,-19.21718],[27.45353,-19.20236],[27.45992,-19.19731],[27.45259,-19.16019],[27.44285,-19.14648],[27.44757,-19.13104],[27.44528,-19.1258],[27.4683,-19.09808],[27.28308,-18.95578],[27.36637,-18.86003],[27.33632,-18.80557],[27.24268,-18.78283],[27.18162,-18.7776],[27.1534,-18.76115],[27.15701,-18.73167],[27.14154,-18.73342],[27.036,-18.66585],[27.07419,-18.59857],[27.10334,-18.58797],[27.11387,-18.59009],[27.11824,-18.58699],[27.12235,-18.59042],[27.13588,-18.59041],[27.14032,-18.58028],[27.13518,-18.57098],[27.13578,-18.56364],[27.14784,-18.55742],[27.1481,-18.54762],[27.15752,-18.54043],[27.16657,-18.5276],[27.17692,-18.52147],[27.18085,-18.51159],[27.18633,-18.50865],[27.19283,-18.51084],[27.22188,-18.49898],[27.23553,-18.48353],[27.23908,-18.45164],[27.2527,-18.44215],[27.27738,-18.43376],[27.2982,-18.43395],[27.29217,-18.40909],[27.29364,-18.38466],[27.27658,-18.38245],[27.26222,-18.37546],[27.26969,-18.36265],[27.26908,-18.34191],[27.24627,-18.349],[27.24132,-18.34644],[27.2092,-18.3534],[27.20035,-18.35163],[27.1886,-18.33431],[27.17013,-18.32773],[27.1666,-18.32253],[27.1562,-18.32288],[27.14784,-18.29961],[27.12952,-18.30299],[27.11688,-18.29931],[27.11772,-18.28488],[27.12447,-18.27503],[27.12088,-18.26287],[27.1251,-18.24833],[27.11934,-18.23468],[27.08413,-18.23157],[27.0571,-18.23374],[27.05276,-18.2242],[27.04375,-18.22587],[27.04191,-18.21521],[26.98817,-18.21945],[26.98419,-18.21367],[26.96497,-18.20604],[26.95764,-18.18629],[26.97221,-18.16982],[26.97114,-18.15849],[26.86903,-18.16054],[26.86418,-18.14995],[26.85311,-18.14632],[26.85273,-18.14071],[26.86448,-18.11939],[26.86682,-18.08814],[26.89013,-18.06998],[26.88812,-18.04581],[26.88407,-18.04034],[26.89126,-18.03537],[26.88656,-18.03107],[26.88653,-18.01906],[26.88168,-18.00914],[26.92133,-17.99494],[26.92741,-17.98163],[26.92345,-17.97499]],[[26.51621,-18.24972],[26.51503,-18.24353],[26.55522,-18.20254],[26.57138,-18.19127],[26.58852,-18.19467],[26.56608,-18.21029],[26.53365,-18.24632],[26.53263,-18.26192],[26.54658,-18.27746],[26.546,-18.34045],[26.54274,-18.34456],[26.55132,-18.36252],[26.54188,-18.40397],[26.53623,-18.40971],[26.53665,-18.41407],[26.52467,-18.42282],[26.51547,-18.44583],[26.50858,-18.4507],[26.5035,-18.45131],[26.49936,-18.4445],[26.48407,-18.44635],[26.39291,-18.48385],[26.35265,-18.39471],[26.41865,-18.34206],[26.41243,-18.33766],[26.42385,-18.32681],[26.43888,-18.32381],[26.44319,-18.31455],[26.44928,-18.31192],[26.45214,-18.31491],[26.47311,-18.31502],[26.51621,-18.24972]]]}},{"type":"Feature","properties":{"id":"ZWE:ADM2:62879985B80414783582816","name":"Kwekwe Urban","countryCode":"ZWE","adminLevel":2,"sourceCode":"62879985B80414783582816","parentId":"ZWE:ADM1:ZWE-527"},"geometry":{"type":"Polygon","coordinates":[[[29.84326,-18.85854],[29.83199,-18.85866],[29.83213,-18.86829],[29.82327,-18.87476],[29.8188,-18.8859],[29.78066,-18.91052],[29.7295,-18.89848],[29.72945,-18.90202],[29.73615,-18.90369],[29.73742,-18.9093],[29.74868,-18.91101],[29.74703,-18.91446],[29.73307,-18.92073],[29.77232,-18.93046],[29.77229,-18.94094],[29.77625,-18.9426],[29.77651,-18.94931],[29.78467,-18.94646],[29.78226,-18.95931],[29.82032,-18.96828],[29.83347,-18.96422],[29.84823,-18.93809],[29.86968,-18.93001],[29.862,-18.86756],[29.85416,-18.86627],[29.84934,-18.85815],[29.84326,-18.85854]]]}},{"type":"Feature","properties":{"id":"ZWE:ADM2:62879985B80856032780976","name":"Kariba Urban","countryCode":"ZWE","adminLevel":2,"sourceCode":"62879985B80856032780976","parentId":"ZWE:ADM1:ZWE-533"},"geometry":{"type":"Polygon","coordinates":[[[28.77843,-16.50977],[28.76113,-16.5211],[28.76338,-16.52199],[28.7551,-16.5317],[28.75889,-16.53001],[28.75536,-16.54663],[28.76507,-16.5403],[28.76586,-16.53263],[28.77129,-16.53653],[28.77362,-16.53518],[28.77033,-16.52893],[28.77679,-16.5286],[28.77433,-16.53275],[28.77693,-16.53322],[28.77887,-16.5283],[28.78407,-16.52812],[28.78399,-16.5317],[28.78642,-16.52841],[28.79164,-16.53291],[28.80224,-16.53223],[28.80084,-16.53482],[28.80662,-16.53682],[28.81671,-16.52869],[28.81767,-16.53402],[28.82299,-16.52811],[28.82743,-16.53247],[28.83121,-16.52751],[28.8364,-16.52993],[28.83814,-16.52453],[28.84131,-16.52832],[28.84249,-16.52428],[28.84257,-16.52998],[28.84724,-16.52678],[28.85072,-16.53279],[28.85443,-16.53055],[28.85427,-16.53785],[28.85912,-16.53707],[28.86802,-16.52783],[28.86824,-16.52446],[28.85194,-16.52186],[28.85457,-16.51585],[28.8527,-16.51062],[28.84897,-16.50982],[28.83423,-16.50998],[28.8141,-16.51552],[28.81081,-16.52185],[28.81075,-16.51852],[28.80041,-16.50958],[28.77843,-16.50977]]]}},{"type":"Feature","properties":{"id":"ZWE:ADM2:62879985B81037274427079","name":"Gwanda","countryCode":"ZWE","adminLevel":2,"sourceCode":"62879985B81037274427079","parentId":"ZWE:ADM1:ZWE-530"},"geometry":{"type":"Polygon","coordinates":[[[29.90624,-21.26941],[29.89142,-21.26978],[29.88647,-21.26337],[29.89238,-21.25097],[29.88743,-21.24596],[29.88619,-21.23166],[29.89342,-21.22894],[29.89382,-21.22536],[29.87909,-21.21004],[29.84968,-21.20335],[29.84669,-21.20031],[29.84568,-21.189],[29.84221,-21.18841],[29.83847,-21.17896],[29.8313,-21.17511],[29.83143,-21.16487],[29.84344,-21.15853],[29.84106,-21.15137],[29.80132,-21.13565],[29.77068,-21.1074],[29.76552,-21.09802],[29.76596,-21.0889],[29.75675,-21.09086],[29.75212,-21.08728],[29.73103,-21.0333],[29.7307,-21.02292],[29.6896,-21.02134],[29.59246,-21.04054],[29.53447,-21.03681],[29.4986,-21.02818],[29.43954,-21.05626],[29.35729,-21.03074],[29.35794,-21.01851],[29.34666,-21.00721],[29.34994,-21.00066],[29.34583,-20.9731],[29.35262,-20.96133],[29.35608,-20.94496],[29.3492,-20.93113],[29.32477,-20.91086],[29.31149,-20.90615],[29.30194,-20.90662],[29.29755,-20.90316],[29.28984,-20.8854],[29.2899,-20.87037],[29.2853,-20.85608],[29.27129,-20.84736],[29.27023,-20.83792],[29.25814,-20.82828],[29.25764,-20.81743],[29.24852,-20.80652],[29.22258,-20.72215],[29.19995,-20.67107],[29.19783,-20.65299],[29.18209,-20.59466],[29.18291,-20.56083],[29.15874,-20.55736],[29.13372,-20.58809],[29.04811,-20.60494],[28.97624,-20.6111],[28.95699,-20.59717],[28.9232,-20.6992],[28.82539,-20.65904],[28.81513,-20.65929],[28.78438,-20.62296],[28.74801,-20.64713],[28.73305,-20.6798],[28.67951,-20.69274],[28.65531,-20.69347],[28.70607,-20.85378],[28.69914,-20.94866],[28.76234,-20.99446],[28.74256,-21.01548],[28.76287,-21.05165],[28.71995,-21.07001],[28.7,-21.03607],[28.67527,-21.05474],[28.68921,-21.08282],[28.63382,-21.13938],[28.65697,-21.18924],[28.62038,-21.22771],[28.69506,-21.23994],[28.68112,-21.27082],[28.74698,-21.32934],[28.76678,-21.45922],[28.72385,-21.60532],[28.73058,-21.62585],[28.74186,-21.62944],[28.73938,-21.63429],[28.73412,-21.63491],[28.73212,-21.64269],[28.74343,-21.65421],[28.75526,-21.65526],[28.75665,-21.66079],[28.76353,-21.66254],[28.7642,-21.66788],[28.7745,-21.67678],[28.77368,-21.69323],[28.77981,-21.70072],[28.77514,-21.71626],[28.79455,-21.72853],[28.82825,-21.73202],[28.86013,-21.75225],[28.88945,-21.75618],[28.90215,-21.76132],[28.91737,-21.76211],[28.95923,-21.77222],[28.99014,-21.76725],[29.00869,-21.78736],[29.05848,-21.79916],[29.07165,-21.80678],[29.0783,-21.81662],[29.05311,-21.8399],[29.0368,-21.86393],[29.02568,-21.88991],[29.02303,-21.90421],[29.02047,-21.94029],[29.02732,-21.97306],[29.03772,-21.99684],[29.1881,-21.89766],[29.17839,-21.87419],[29.20087,-21.85827],[29.19884,-21.84995],[29.20449,-21.84063],[29.21589,-21.83928],[29.21508,-21.83441],[29.20802,-21.82892],[29.20622,-21.82074],[29.21717,-21.81667],[29.22591,-21.80284],[29.22398,-21.78681],[29.2282,-21.78317],[29.22894,-21.7774],[29.23293,-21.77669],[29.23488,-21.76859],[29.23222,-21.7679],[29.2375,-21.75764],[29.24794,-21.74742],[29.29873,-21.65386],[29.35992,-21.56118],[29.42987,-21.54677],[29.51976,-21.51474],[29.49588,-21.45399],[29.80353,-21.49895],[29.89638,-21.35927],[29.8907,-21.32847],[29.8548,-21.31032],[29.90624,-21.26941]],[[28.99564,-20.91363],[28.99631,-20.91023],[29.00563,-20.91241],[29.00437,-20.91617],[29.03562,-20.92441],[29.03076,-20.94721],[29.00164,-20.95892],[28.99967,-20.95052],[28.9946,-20.95071],[28.98845,-20.94288],[28.97373,-20.9396],[28.95012,-20.92723],[28.94965,-20.91975],[28.99224,-20.93063],[28.98851,-20.9238],[28.9896,-20.91581],[28.99496,-20.91734],[28.99564,-20.91363]]]}},{"type":"Feature","properties":{"id":"ZWE:ADM2:62879985B8135663934724","name":"Beitbridge Urban","countryCode":"ZWE","adminLevel":2,"sourceCode":"62879985B8135663934724","parentId":"ZWE:ADM1:ZWE-530"},"geometry":{"type":"Polygon","coordinates":[[[29.93013,-22.18616],[29.92684,-22.18835],[29.96104,-22.21357],[29.96511,-22.21384],[29.9707,-22.22265],[29.99773,-22.22948],[30.01727,-22.22871],[30.02125,-22.23167],[30.02317,-22.2506],[30.03245,-22.25416],[30.05486,-22.25411],[30.05141,-22.16248],[29.98785,-22.15269],[29.93013,-22.18616]]]}},{"type":"Feature","properties":{"id":"ZWE:ADM2:62879985B8175030067165","name":"Chirumhanzu","countryCode":"ZWE","adminLevel":2,"sourceCode":"62879985B8175030067165","parentId":"ZWE:ADM1:ZWE-527"},"geometry":{"type":"Polygon","coordinates":[[[30.55752,-18.87675],[30.53028,-18.90954],[30.50448,-18.91116],[30.49089,-18.90065],[30.47609,-18.90215],[30.46353,-18.89863],[30.45684,-18.89328],[30.44688,-18.89203],[30.43975,-18.87754],[30.42088,-18.86028],[30.41191,-18.86487],[30.40806,-18.85811],[30.40212,-18.85968],[30.39508,-18.85554],[30.39058,-18.84057],[30.38492,-18.84884],[30.37386,-18.85203],[30.38256,-18.90148],[30.38154,-18.95645],[30.34808,-18.95462],[30.3406,-19.03511],[30.34885,-19.06441],[30.33864,-19.05529],[30.32093,-19.05289],[30.30593,-19.04534],[30.30529,-19.04856],[30.29089,-19.04852],[30.28662,-19.05654],[30.27122,-19.05599],[30.27042,-19.07109],[30.26139,-19.09108],[30.25881,-19.11948],[30.18034,-19.08017],[30.06514,-19.2004],[30.17108,-19.24918],[30.16627,-19.27357],[30.13541,-19.25015],[30.11479,-19.26951],[30.07156,-19.28398],[30.06387,-19.29522],[30.03576,-19.29809],[30.03712,-19.32553],[30.07492,-19.32502],[30.07368,-19.34809],[30.1302,-19.35663],[30.11648,-19.39515],[30.1264,-19.39633],[30.12972,-19.39034],[30.16995,-19.40608],[30.18711,-19.40712],[30.17577,-19.43384],[30.16691,-19.43401],[30.16795,-19.45644],[30.15777,-19.47469],[30.24638,-19.50418],[30.2906,-19.472],[30.31819,-19.50345],[30.33809,-19.4985],[30.40811,-19.45118],[30.44411,-19.41533],[30.45377,-19.42441],[30.45054,-19.44504],[30.44378,-19.45018],[30.44158,-19.47882],[30.43647,-19.49005],[30.44007,-19.50085],[30.43879,-19.50882],[30.44453,-19.51304],[30.44503,-19.51828],[30.43399,-19.52295],[30.4358,-19.52539],[30.42818,-19.52961],[30.42981,-19.53425],[30.4261,-19.5475],[30.4359,-19.56119],[30.43445,-19.5713],[30.43863,-19.57361],[30.43253,-19.58923],[30.4403,-19.61509],[30.43782,-19.64053],[30.44095,-19.64385],[30.44357,-19.66121],[30.4437,-19.67159],[30.4386,-19.67835],[30.4432,-19.68202],[30.44696,-19.6967],[30.45674,-19.69972],[30.45349,-19.72151],[30.4665,-19.73288],[30.46652,-19.74209],[30.47873,-19.74501],[30.47575,-19.75429],[30.48853,-19.7672],[30.47816,-19.78255],[30.47662,-19.79729],[30.47996,-19.80674],[30.47752,-19.81528],[30.4673,-19.82554],[30.47116,-19.8322],[30.46759,-19.83521],[30.45622,-19.8321],[30.45482,-19.83542],[30.46945,-19.84235],[30.52202,-19.8365],[30.63387,-19.86636],[30.68648,-19.8614],[30.69338,-19.85394],[30.67771,-19.84173],[30.67906,-19.83015],[30.68307,-19.82449],[30.68026,-19.82335],[30.67772,-19.81306],[30.68114,-19.809],[30.67884,-19.80224],[30.68354,-19.7846],[30.6928,-19.77952],[30.68828,-19.75635],[30.6902,-19.74838],[30.69562,-19.74416],[30.70471,-19.74412],[30.6961,-19.71808],[30.69649,-19.69112],[30.70553,-19.68656],[30.70547,-19.65892],[30.70937,-19.63687],[30.68719,-19.58794],[30.69493,-19.58039],[30.69778,-19.56895],[30.71272,-19.55893],[30.70921,-19.55379],[30.70974,-19.54784],[30.71895,-19.5301],[30.71823,-19.46369],[30.70935,-19.4565],[30.71404,-19.429],[30.7534,-19.4374],[30.75406,-19.42251],[30.76,-19.41449],[30.75517,-19.40677],[30.75837,-19.40255],[30.69566,-19.39585],[30.87054,-19.26055],[30.84596,-19.25278],[30.831,-19.24416],[30.80887,-19.24991],[30.79125,-19.2314],[30.78556,-19.2292],[30.78468,-19.22419],[30.77454,-19.21989],[30.77191,-19.21479],[30.76591,-19.21555],[30.76327,-19.20754],[30.75219,-19.20358],[30.73765,-19.18022],[30.7315,-19.1805],[30.73498,-19.17897],[30.72342,-19.13205],[30.73616,-19.13393],[30.7451,-19.12955],[30.74992,-19.13213],[30.67468,-19.02082],[30.71244,-18.97656],[30.67712,-18.96388],[30.69563,-18.95432],[30.67867,-18.93218],[30.65417,-18.88449],[30.63556,-18.90783],[30.63043,-18.90049],[30.59531,-18.92309],[30.575,-18.94054],[30.5544,-18.92796],[30.58137,-18.90561],[30.55752,-18.87675]]]}},{"type":"Feature","properties":{"id":"ZWE:ADM2:62879985B81925630456869","name":"Chiredzi Urban","countryCode":"ZWE","adminLevel":2,"sourceCode":"62879985B81925630456869","parentId":"ZWE:ADM1:ZWE-532"},"geometry":{"type":"Polygon","coordinates":[[[31.66773,-21.02061],[31.62468,-21.02955],[31.63929,-21.03564],[31.66934,-21.05913],[31.69598,-21.02459],[31.71092,-21.02313],[31.74806,-21.00963],[31.74497,-21.00446],[31.66773,-21.02061]]]}},{"type":"Feature","properties":{"id":"ZWE:ADM2:62879985B82265466456290","name":"Masvingo Urban","countryCode":"ZWE","adminLevel":2,"sourceCode":"62879985B82265466456290","parentId":"ZWE:ADM1:ZWE-532"},"geometry":{"type":"Polygon","coordinates":[[[30.83687,-20.02688],[30.81227,-20.03429],[30.80505,-20.04405],[30.80188,-20.04141],[30.79004,-20.05451],[30.79051,-20.05754],[30.79418,-20.05723],[30.78878,-20.06375],[30.80663,-20.11039],[30.82612,-20.10935],[30.81775,-20.11641],[30.83015,-20.11359],[30.83664,-20.14173],[30.84656,-20.13058],[30.84662,-20.12654],[30.86579,-20.11191],[30.86635,-20.10707],[30.85367,-20.0963],[30.88693,-20.04152],[30.83687,-20.02688]]]}},{"type":"Feature","properties":{"id":"ZWE:ADM2:62879985B85730198836463","name":"Hurungwe","countryCode":"ZWE","adminLevel":2,"sourceCode":"62879985B85730198836463","parentId":"ZWE:ADM1:ZWE-533"},"geometry":{"type":"Polygon","coordinates":[[[29.33235,-17.43043],[29.34862,-17.43365],[29.35071,-17.42345],[29.35849,-17.42114],[29.36289,-17.42554],[29.37404,-17.42415],[29.38371,-17.42815],[29.38675,-17.4211],[29.38555,-17.41314],[29.39118,-17.40485],[29.39861,-17.40229],[29.3937,-17.39374],[29.39776,-17.39142],[29.40933,-17.39708],[29.41905,-17.39345],[29.41725,-17.38498],[29.42252,-17.38391],[29.4195,-17.37901],[29.42297,-17.37064],[29.44187,-17.3861],[29.44989,-17.38959],[29.46078,-17.38819],[29.46397,-17.39334],[29.47286,-17.39667],[29.47425,-17.39194],[29.48357,-17.39701],[29.48004,-17.39154],[29.48392,-17.3927],[29.48151,-17.38814],[29.48739,-17.38657],[29.50267,-17.3896],[29.49928,-17.38049],[29.50446,-17.38598],[29.50408,-17.37635],[29.51007,-17.37559],[29.5086,-17.37206],[29.511,-17.36975],[29.51615,-17.37262],[29.51648,-17.36883],[29.52076,-17.36899],[29.5216,-17.36594],[29.5247,-17.36881],[29.52468,-17.36371],[29.52761,-17.3674],[29.52939,-17.36246],[29.52604,-17.36082],[29.53609,-17.35444],[29.54534,-17.36325],[29.55188,-17.35759],[29.55153,-17.3543],[29.56609,-17.35393],[29.56691,-17.34471],[29.57768,-17.33925],[29.58583,-17.32227],[29.59622,-17.32997],[29.6015,-17.32304],[29.6092,-17.31989],[29.60919,-17.31643],[29.61499,-17.31296],[29.6131,-17.31082],[29.62405,-17.30832],[29.63308,-17.29644],[29.66151,-17.29552],[29.68423,-17.28441],[29.69145,-17.29064],[29.69364,-17.2829],[29.69897,-17.286],[29.69878,-17.28288],[29.70238,-17.2827],[29.70081,-17.27826],[29.70904,-17.27905],[29.70816,-17.27429],[29.70284,-17.27217],[29.70025,-17.26625],[29.69168,-17.26546],[29.68689,-17.2489],[29.69053,-17.24313],[29.68465,-17.24075],[29.68724,-17.23702],[29.68229,-17.23453],[29.67664,-17.22423],[29.67381,-17.22559],[29.67369,-17.22106],[29.66157,-17.21632],[29.66404,-17.21575],[29.6618,-17.21315],[29.66592,-17.21021],[29.66828,-17.21462],[29.67522,-17.20319],[29.68087,-17.20624],[29.69204,-17.19866],[29.70087,-17.19753],[29.70193,-17.20081],[29.70816,-17.19572],[29.71534,-17.19515],[29.71982,-17.19798],[29.7247,-17.19583],[29.73269,-17.18089],[29.73881,-17.18179],[29.74955,-17.17691],[29.75766,-17.17899],[29.76722,-17.17401],[29.76944,-17.1661],[29.80038,-17.17809],[29.85601,-17.12876],[29.83633,-17.10133],[29.88115,-17.06866],[29.88526,-17.08288],[29.89919,-17.10407],[29.90735,-17.10553],[29.91297,-17.11091],[29.9187,-17.106],[29.92839,-17.10807],[29.93501,-17.1045],[29.94203,-17.10854],[29.94863,-17.097],[29.94506,-17.09308],[29.94773,-17.09087],[29.95347,-17.09393],[29.95279,-17.07284],[29.96197,-17.07307],[29.95289,-17.0596],[29.96179,-17.05014],[29.95641,-17.03531],[29.96227,-17.03383],[29.96867,-17.02222],[29.96726,-17.01879],[29.97133,-17.01449],[29.96877,-17.00591],[29.97468,-16.99941],[29.97304,-16.99089],[29.97678,-16.98834],[29.97587,-16.98368],[29.97999,-16.97868],[29.97762,-16.97622],[29.98318,-16.97262],[29.98054,-16.96814],[29.98502,-16.96726],[29.98456,-16.95997],[29.99032,-16.95092],[29.97609,-16.94196],[29.9844,-16.93397],[29.97747,-16.92825],[29.97931,-16.91455],[29.9846,-16.9106],[29.98178,-16.90594],[29.98525,-16.90058],[29.98334,-16.89206],[29.9921,-16.88477],[29.98353,-16.87827],[29.98135,-16.87274],[29.9964,-16.87143],[29.99339,-16.86695],[30.00071,-16.86598],[30.00176,-16.85621],[30.01071,-16.85567],[30.00737,-16.84786],[30.0236,-16.84598],[30.01935,-16.84048],[30.02045,-16.83559],[30.03473,-16.82821],[30.02578,-16.82271],[30.02466,-16.81739],[30.03259,-16.81241],[30.02926,-16.80434],[30.03255,-16.79181],[30.03041,-16.77681],[30.03289,-16.77298],[30.02801,-16.77095],[30.02744,-16.76287],[30.0209,-16.76243],[30.02014,-16.75018],[30.0102,-16.74318],[30.01406,-16.7391],[30.0118,-16.73166],[30.01387,-16.72803],[30.00502,-16.70779],[30.00709,-16.69872],[30.00333,-16.69772],[29.99465,-16.70447],[29.99383,-16.69634],[29.98487,-16.6845],[29.98518,-16.67785],[29.97303,-16.66701],[29.97664,-16.66413],[29.97633,-16.65728],[29.96747,-16.64962],[29.96768,-16.64475],[29.97624,-16.63324],[29.97532,-16.62728],[29.97892,-16.62619],[29.97923,-16.61885],[29.97214,-16.60662],[29.97997,-16.60117],[29.97379,-16.59202],[29.98368,-16.58528],[29.97936,-16.57514],[29.97937,-16.56183],[29.98277,-16.55648],[29.99431,-16.55212],[29.99266,-16.54655],[29.98391,-16.54476],[29.99092,-16.52868],[29.97312,-16.52022],[29.97929,-16.51913],[29.98157,-16.50751],[29.98579,-16.50404],[29.98908,-16.50653],[29.99351,-16.50445],[29.99234,-16.49274],[29.9984,-16.49597],[30.00276,-16.49388],[30.00296,-16.49055],[29.99793,-16.48751],[30.00444,-16.48076],[30.00853,-16.48075],[30.00693,-16.45141],[30.01381,-16.44702],[30.02094,-16.45011],[30.02416,-16.44823],[30.01939,-16.44076],[30.0224,-16.43534],[30.01094,-16.42726],[30.01651,-16.41746],[30.02794,-16.4195],[30.0322,-16.40328],[30.0298,-16.39413],[30.04632,-16.39595],[30.05123,-16.38261],[30.05031,-16.36555],[30.05824,-16.35408],[30.05842,-16.34555],[30.06509,-16.34303],[30.06355,-16.33284],[30.07407,-16.32052],[30.08579,-16.31763],[30.09171,-16.30701],[30.08925,-16.30305],[30.0941,-16.29344],[30.09035,-16.28793],[30.09488,-16.28353],[30.09525,-16.27451],[30.09042,-16.25997],[30.09318,-16.24882],[30.09006,-16.228],[30.09557,-16.22785],[30.11205,-16.21299],[30.11993,-16.203],[30.12329,-16.19243],[30.13522,-16.18577],[30.14149,-16.17734],[30.13842,-16.16765],[30.13972,-16.16107],[30.13368,-16.16559],[30.12786,-16.16241],[30.1245,-16.16848],[30.12863,-16.17106],[30.12473,-16.17276],[30.11394,-16.16723],[30.11371,-16.16428],[30.11892,-16.16361],[30.11199,-16.15814],[30.10984,-16.1469],[30.09905,-16.13109],[30.10272,-16.12828],[30.09852,-16.12621],[30.10418,-16.12473],[30.08746,-16.11844],[30.08583,-16.10471],[30.07829,-16.10131],[30.08086,-16.09414],[30.07881,-16.09199],[30.08907,-16.07477],[30.09901,-16.07287],[30.09426,-16.0671],[30.09542,-16.06231],[30.1005,-16.06329],[30.09942,-16.04943],[30.11009,-16.04407],[30.09356,-16.04431],[30.0961,-16.0394],[30.09258,-16.03404],[30.08784,-16.03892],[30.08666,-16.03398],[30.08236,-16.0366],[30.07509,-16.03387],[30.07224,-16.02997],[30.0742,-16.0276],[30.06502,-16.02351],[30.06359,-16.0163],[30.05891,-16.01625],[30.0633,-16.00564],[30.06115,-16.00082],[30.05534,-16.00329],[30.04628,-16.0012],[30.052,-15.99385],[30.05155,-15.98829],[30.15128,-15.9189],[30.33452,-15.7503],[30.31308,-15.71682],[30.28633,-15.70168],[30.28544,-15.64461],[30.26949,-15.63621],[30.26384,-15.62533],[30.25848,-15.62445],[30.25298,-15.62876],[30.24119,-15.64559],[30.21821,-15.66583],[30.21228,-15.6674],[30.20665,-15.65863],[30.18856,-15.6464],[30.17567,-15.62225],[30.1647,-15.61648],[30.13572,-15.61817],[30.11245,-15.62661],[30.07466,-15.62267],[30.05212,-15.63197],[29.96766,-15.64166],[29.95547,-15.63679],[29.94293,-15.6261],[29.91566,-15.61974],[29.8939,-15.62093],[29.88163,-15.61259],[29.83278,-15.60715],[29.80717,-15.60972],[29.78934,-15.60804],[29.77581,-15.61774],[29.75978,-15.62405],[29.73821,-15.62674],[29.70538,-15.6384],[29.67095,-15.64352],[29.6364,-15.66014],[29.62476,-15.66196],[29.60026,-15.65984],[29.58093,-15.64328],[29.55742,-15.64182],[29.54451,-15.65176],[29.52682,-15.6741],[29.50762,-15.68302],[29.49877,-15.68612],[29.47576,-15.68469],[29.46389,-15.68793],[29.43642,-15.68685],[29.42492,-15.68937],[29.39894,-15.71059],[29.36405,-15.70807],[29.34511,-15.71598],[29.33397,-15.72604],[29.30798,-15.73215],[29.29424,-15.74365],[29.26899,-15.75514],[29.24559,-15.7634],[29.22814,-15.76195],[29.21439,-15.76877],[29.19446,-15.79066],[29.15804,-15.81328],[29.09184,-15.86284],[29.0647,-15.87826],[29.04347,-15.90521],[29.03562,-15.92534],[29.02854,-15.93432],[29.01515,-15.94041],[28.98171,-15.93604],[28.96424,-15.9396],[28.92856,-15.93773],[28.91331,-15.94382],[28.90321,-15.96646],[28.88941,-15.98477],[28.87644,-16.01483],[28.87129,-16.02178],[28.8489,-16.03796],[28.84775,-16.05291],[28.85337,-16.07802],[28.86363,-16.10307],[28.86448,-16.11593],[28.85416,-16.1397],[28.83993,-16.15328],[28.83628,-16.16228],[28.83977,-16.18785],[28.83562,-16.21042],[28.84275,-16.23195],[28.8557,-16.23631],[28.85729,-16.24054],[28.855,-16.25192],[28.8357,-16.27536],[28.82297,-16.30592],[28.8284,-16.31969],[28.84055,-16.32606],[28.84405,-16.33213],[28.84049,-16.34923],[28.85109,-16.36818],[28.8462,-16.37862],[29.1553,-16.36563],[29.21437,-16.45917],[29.07632,-16.76556],[29.07935,-16.81766],[29.12476,-16.9459],[29.1191,-16.95358],[29.11504,-16.95008],[29.10981,-16.95259],[29.10808,-16.94784],[29.10677,-16.95147],[29.09966,-16.95398],[29.09705,-16.95175],[29.0985,-16.94602],[29.09008,-16.94867],[29.08153,-16.94671],[29.07688,-16.95145],[29.07689,-16.94335],[29.06876,-16.94865],[29.06819,-16.94041],[29.05817,-16.94529],[29.05598,-16.95144],[29.05323,-16.9485],[29.0101,-16.97247],[28.99886,-16.96496],[28.9867,-16.9737],[28.9811,-16.9691],[28.97578,-16.97449],[28.97082,-16.96885],[28.96596,-16.9796],[28.95864,-16.98109],[28.95963,-16.98521],[28.95028,-16.98053],[28.94825,-16.9824],[28.95118,-16.98743],[28.94372,-16.99335],[28.93684,-16.99051],[28.93647,-16.99891],[28.92832,-17.00299],[28.92024,-17.01867],[28.91439,-17.01936],[28.91412,-17.02352],[28.90405,-17.02387],[28.89604,-17.01972],[28.874,-17.02145],[28.85439,-17.03634],[28.85565,-17.04257],[28.86915,-17.04932],[28.87312,-17.05997],[28.8866,-17.05602],[28.88963,-17.06153],[28.90141,-17.0668],[28.90771,-17.0797],[28.91242,-17.08261],[28.93221,-17.13204],[28.9315,-17.13888],[28.93777,-17.15999],[28.94795,-17.16553],[28.95609,-17.18072],[28.96181,-17.20353],[28.9775,-17.22112],[28.98655,-17.2249],[29.01767,-17.22456],[29.02737,-17.23625],[29.04434,-17.23851],[29.0578,-17.24828],[29.06668,-17.24901],[29.07321,-17.27136],[29.1057,-17.27018],[29.11659,-17.28435],[29.12776,-17.28535],[29.16243,-17.29952],[29.20262,-17.30638],[29.21342,-17.3055],[29.22839,-17.29659],[29.23814,-17.29989],[29.25147,-17.31717],[29.27086,-17.33121],[29.2785,-17.35238],[29.27605,-17.37071],[29.28017,-17.38126],[29.29497,-17.3905],[29.3195,-17.41269],[29.32839,-17.41586],[29.33235,-17.43043]],[[29.69155,-16.79828],[29.69691,-16.7954],[29.70697,-16.8015],[29.70396,-16.80739],[29.71455,-16.8188],[29.71478,-16.83942],[29.70277,-16.84917],[29.69751,-16.83708],[29.68655,-16.836],[29.68492,-16.83277],[29.67788,-16.83266],[29.67083,-16.82807],[29.67141,-16.81956],[29.67487,-16.81795],[29.67295,-16.81082],[29.6857,-16.7984],[29.68917,-16.80035],[29.69155,-16.79828]]]}},{"type":"Feature","properties":{"id":"ZWE:ADM2:62879985B87269615821372","name":"Gokwe North","countryCode":"ZWE","adminLevel":2,"sourceCode":"62879985B87269615821372","parentId":"ZWE:ADM1:ZWE-527"},"geometry":{"type":"Polygon","coordinates":[[[28.09123,-17.83825],[28.11049,-17.82043],[28.13186,-17.81974],[28.14011,-17.82499],[28.17519,-17.82261],[28.18242,-17.82012],[28.19548,-17.80464],[28.25006,-17.78998],[28.25349,-17.7863],[28.261,-17.74688],[28.27316,-17.73343],[28.30453,-17.73291],[28.31428,-17.72663],[28.33635,-17.72435],[28.33887,-17.71932],[28.35751,-17.71613],[28.36238,-17.71063],[28.36165,-17.68323],[28.39584,-17.66987],[28.4062,-17.66176],[28.43356,-17.66329],[28.45979,-17.64973],[28.48529,-17.67402],[28.48189,-17.67867],[28.4894,-17.69428],[28.50243,-17.70392],[28.4974,-17.71309],[28.50004,-17.72459],[28.52446,-17.72098],[28.54716,-17.69957],[28.5685,-17.68968],[28.58994,-17.67219],[28.65277,-17.66201],[28.66477,-17.66702],[28.6859,-17.66903],[28.68814,-17.67262],[28.68592,-17.68514],[28.68686,-17.68768],[28.69299,-17.68773],[28.69228,-17.69464],[28.67829,-17.71824],[28.68347,-17.73608],[28.67907,-17.7431],[28.68199,-17.75793],[28.70548,-17.77665],[28.70038,-17.78994],[28.69337,-17.79338],[28.7017,-17.81194],[28.7084,-17.81783],[28.72327,-17.813],[28.72279,-17.81787],[28.73059,-17.82375],[28.73918,-17.84779],[28.73844,-17.85763],[28.74344,-17.8641],[28.74151,-17.86827],[28.74388,-17.87777],[28.75247,-17.88167],[28.75673,-17.89204],[28.7665,-17.90164],[28.7869,-17.91001],[28.79611,-17.93079],[28.83211,-17.94256],[28.84997,-17.95784],[28.85506,-17.95751],[28.87954,-17.96879],[28.89418,-17.9805],[28.90395,-17.99324],[28.91479,-17.99205],[28.91807,-17.98191],[28.929,-17.98337],[28.92994,-17.97728],[28.93497,-17.97393],[28.93475,-17.96786],[28.92737,-17.96543],[28.93134,-17.96348],[28.93479,-17.9534],[28.9403,-17.95586],[28.93707,-17.96371],[28.93947,-17.96734],[28.94453,-17.96134],[28.95081,-17.96686],[28.94785,-17.95785],[28.95413,-17.9591],[28.95147,-17.95607],[28.95814,-17.95457],[28.9606,-17.94836],[28.96477,-17.95128],[28.96491,-17.95735],[28.96847,-17.95257],[28.9672,-17.94772],[28.97299,-17.94684],[28.96881,-17.93973],[28.97644,-17.93736],[28.97737,-17.93051],[28.98155,-17.92975],[28.9801,-17.92473],[28.98384,-17.91507],[28.99412,-17.907],[28.99816,-17.91239],[29.01176,-17.90781],[29.01691,-17.90956],[29.0171,-17.91366],[29.0115,-17.91865],[29.00174,-17.91511],[28.99605,-17.91839],[28.99881,-17.92673],[29.01474,-17.93426],[29.01848,-17.94356],[29.01519,-17.94575],[29.00103,-17.93982],[29.00646,-17.95423],[28.99169,-17.95779],[28.992,-17.96062],[28.99989,-17.95967],[29.00205,-17.96385],[28.99323,-17.97239],[28.99887,-17.97227],[29.0022,-17.97716],[29.01251,-17.96298],[29.02876,-17.96001],[29.03047,-17.96462],[29.02328,-17.97198],[29.02772,-17.97472],[29.03392,-17.97224],[29.03373,-17.97585],[29.02427,-17.98389],[29.01047,-17.99033],[29.01314,-17.99263],[29.02995,-17.99074],[29.03244,-17.99646],[29.03812,-17.99669],[29.04221,-17.99237],[29.05478,-17.98941],[29.05938,-17.9834],[29.06529,-17.98451],[29.06645,-17.98014],[29.073,-17.97695],[29.07104,-17.97474],[29.07441,-17.97081],[29.07909,-17.97008],[29.08002,-17.97442],[29.08637,-17.96961],[29.09213,-17.97266],[29.09708,-17.97031],[29.09682,-17.96689],[29.10369,-17.96736],[29.10499,-17.97004],[29.10156,-17.97351],[29.1088,-17.97778],[29.11973,-17.95963],[29.12615,-17.96824],[29.12424,-17.96416],[29.12655,-17.96175],[29.13547,-17.96202],[29.14053,-17.9708],[29.14051,-17.9604],[29.14597,-17.95854],[29.14814,-17.96132],[29.14225,-17.96467],[29.14577,-17.96601],[29.14617,-17.97312],[29.14968,-17.97539],[29.15358,-17.9733],[29.15121,-17.96947],[29.1545,-17.96234],[29.15897,-17.96574],[29.16153,-17.96499],[29.16012,-17.95996],[29.16276,-17.96012],[29.16774,-17.96768],[29.16838,-17.96051],[29.17408,-17.96204],[29.17407,-17.9578],[29.16999,-17.95766],[29.17797,-17.95387],[29.18161,-17.95634],[29.18649,-17.95254],[29.19631,-17.96203],[29.20252,-17.9599],[29.20536,-17.96382],[29.20809,-17.95272],[29.21224,-17.95533],[29.21489,-17.95289],[29.21168,-17.94961],[29.22007,-17.94919],[29.23818,-17.92819],[29.2478,-17.89919],[29.26385,-17.87526],[29.26671,-17.85334],[29.28343,-17.8411],[29.29163,-17.79583],[29.2905,-17.78669],[29.29777,-17.77857],[29.3164,-17.77558],[29.32729,-17.76559],[29.32691,-17.75477],[29.31989,-17.7522],[29.30722,-17.75404],[29.30056,-17.74822],[29.2988,-17.74165],[29.30673,-17.73165],[29.3054,-17.71636],[29.33393,-17.70405],[29.34589,-17.68955],[29.34617,-17.68611],[29.33856,-17.67952],[29.33516,-17.66712],[29.34471,-17.6585],[29.34742,-17.65166],[29.3402,-17.64463],[29.34246,-17.63939],[29.34042,-17.62576],[29.34425,-17.61646],[29.32992,-17.59931],[29.32084,-17.59935],[29.31425,-17.57666],[29.33342,-17.56755],[29.34485,-17.55198],[29.36726,-17.53224],[29.36988,-17.52705],[29.36742,-17.5181],[29.38952,-17.50402],[29.40455,-17.48015],[29.40648,-17.46659],[29.38751,-17.4725],[29.36853,-17.46512],[29.35904,-17.4583],[29.35335,-17.44667],[29.33816,-17.43894],[29.33235,-17.43043],[29.32839,-17.41586],[29.3195,-17.41269],[29.29497,-17.3905],[29.28017,-17.38126],[29.27605,-17.37071],[29.2785,-17.35238],[29.27086,-17.33121],[29.25147,-17.31717],[29.23814,-17.29989],[29.22839,-17.29659],[29.21342,-17.3055],[29.20262,-17.30638],[29.16243,-17.29952],[29.12776,-17.28535],[29.11659,-17.28435],[29.1057,-17.27018],[29.07321,-17.27136],[29.06668,-17.24901],[29.0578,-17.24828],[29.04434,-17.23851],[29.02737,-17.23625],[29.01767,-17.22456],[28.98655,-17.2249],[28.9775,-17.22112],[28.96181,-17.20353],[28.95609,-17.18072],[28.94795,-17.16553],[28.93777,-17.15999],[28.9315,-17.13888],[28.93221,-17.13204],[28.92472,-17.11707],[28.9161,-17.13741],[28.90908,-17.14192],[28.90044,-17.14106],[28.88533,-17.15387],[28.86498,-17.14886],[28.85922,-17.15518],[28.85138,-17.15484],[28.83387,-17.15069],[28.83207,-17.1474],[28.82325,-17.14757],[28.8029,-17.15242],[28.7983,-17.16035],[28.79156,-17.15637],[28.78689,-17.1625],[28.77908,-17.15756],[28.77696,-17.16365],[28.77372,-17.16441],[28.76598,-17.15662],[28.75613,-17.15837],[28.74889,-17.16181],[28.74355,-17.17708],[28.73498,-17.17839],[28.72584,-17.19038],[28.7147,-17.19571],[28.71094,-17.20196],[28.71231,-17.21527],[28.70968,-17.21362],[28.7083,-17.216],[28.70776,-17.21123],[28.70335,-17.21229],[28.70253,-17.21596],[28.67153,-17.20043],[28.67009,-17.21252],[28.66143,-17.23112],[28.66328,-17.23689],[28.65748,-17.24006],[28.63833,-17.26679],[28.63188,-17.28763],[28.63692,-17.30252],[28.62919,-17.30973],[28.60673,-17.31601],[28.59011,-17.34391],[28.56161,-17.37542],[28.55448,-17.38891],[28.53891,-17.40174],[28.54475,-17.41092],[28.54085,-17.41338],[28.52993,-17.41107],[28.52303,-17.413],[28.50772,-17.3979],[28.50459,-17.39883],[28.49921,-17.38595],[28.4744,-17.38427],[28.47686,-17.37916],[28.46355,-17.372],[28.46573,-17.36561],[28.45601,-17.37036],[28.45895,-17.378],[28.43795,-17.37107],[28.35113,-17.38419],[28.34032,-17.3956],[28.33435,-17.39429],[28.32735,-17.40146],[28.31522,-17.3978],[28.3042,-17.40046],[28.29733,-17.39423],[28.28636,-17.40034],[28.27961,-17.39416],[28.265,-17.40095],[28.25786,-17.39983],[28.24744,-17.40356],[28.24348,-17.4251],[28.25117,-17.43906],[28.2512,-17.44622],[28.22772,-17.46933],[28.2227,-17.48812],[28.2269,-17.50404],[28.21661,-17.51225],[28.20866,-17.52586],[28.20944,-17.54073],[28.20456,-17.54425],[28.20978,-17.56152],[28.20223,-17.57652],[28.21631,-17.57475],[28.2188,-17.58028],[28.20894,-17.60256],[28.19794,-17.61583],[28.19698,-17.65766],[28.19306,-17.66284],[28.19484,-17.66649],[28.18105,-17.67943],[28.18426,-17.68547],[28.18229,-17.69464],[28.17171,-17.70056],[28.16522,-17.71441],[28.14327,-17.73737],[28.11671,-17.72717],[28.10158,-17.73356],[28.09378,-17.74431],[28.0971,-17.75029],[28.09345,-17.75796],[28.06991,-17.78955],[28.07427,-17.79222],[28.08079,-17.82444],[28.09123,-17.83825]]]}},{"type":"Feature","properties":{"id":"ZWE:ADM2:62879985B88663690016764","name":"Chimanimani","countryCode":"ZWE","adminLevel":2,"sourceCode":"62879985B88663690016764","parentId":"ZWE:ADM1:ZWE-529"},"geometry":{"type":"Polygon","coordinates":[[[32.34819,-19.94088],[32.35245,-19.94373],[32.36361,-19.94034],[32.38534,-19.95369],[32.39267,-19.96214],[32.40998,-19.96512],[32.4158,-19.96089],[32.42196,-19.9614],[32.42352,-19.95605],[32.44228,-19.95157],[32.46857,-19.92878],[32.48624,-19.91856],[32.5016,-19.91917],[32.51407,-19.92379],[32.53394,-19.91584],[32.56329,-19.92617],[32.57251,-19.92527],[32.58502,-19.91295],[32.6013,-19.91596],[32.5797,-19.94919],[32.64146,-19.99905],[32.59589,-20.07554],[32.67211,-20.04493],[32.73168,-20.03585],[32.73046,-20.04135],[32.73505,-20.04359],[32.74042,-20.05646],[32.74444,-20.05883],[32.73817,-20.08812],[32.79306,-20.07474],[32.84853,-20.0559],[32.85839,-20.05601],[32.86368,-20.06435],[32.86367,-20.0704],[32.85215,-20.08092],[32.85808,-20.11024],[32.88354,-20.0921],[32.89255,-20.09114],[32.89421,-20.1065],[32.90953,-20.10896],[32.92347,-20.09809],[32.94056,-20.09775],[32.91847,-20.04982],[32.92107,-20.04298],[32.93484,-20.0386],[32.94499,-20.04021],[32.95588,-20.03405],[32.96384,-20.03872],[32.97535,-20.03722],[32.98855,-20.02747],[32.99847,-20.02608],[33.02996,-20.03369],[33.02542,-20.01698],[33.02365,-19.98981],[33.02528,-19.95564],[33.04801,-19.84262],[33.04728,-19.80911],[33.06178,-19.77462],[33.01453,-19.74762],[33.00772,-19.75015],[32.98376,-19.74019],[32.9739,-19.72886],[32.96735,-19.72874],[32.95588,-19.71613],[32.95613,-19.71061],[32.98523,-19.68807],[32.98606,-19.67979],[32.97514,-19.6492],[32.9567,-19.65511],[32.93617,-19.67205],[32.9152,-19.67538],[32.90744,-19.68133],[32.90439,-19.67864],[32.88446,-19.68313],[32.87665,-19.67804],[32.85374,-19.68357],[32.84108,-19.67826],[32.8323,-19.6699],[32.83127,-19.66648],[32.84006,-19.65549],[32.84653,-19.65304],[32.84477,-19.6336],[32.85357,-19.62838],[32.85699,-19.61679],[32.84573,-19.60465],[32.85012,-19.60005],[32.85856,-19.54363],[32.85176,-19.54013],[32.84049,-19.51144],[32.84536,-19.47459],[32.79326,-19.47463],[32.77634,-19.45604],[32.78009,-19.43179],[32.77794,-19.40864],[32.79116,-19.38744],[32.78739,-19.38399],[32.78562,-19.37144],[32.77726,-19.37316],[32.75236,-19.38248],[32.75673,-19.40962],[32.75111,-19.41919],[32.72838,-19.43606],[32.69771,-19.44381],[32.69007,-19.44838],[32.68885,-19.45556],[32.68329,-19.45837],[32.68215,-19.47389],[32.66333,-19.48203],[32.65892,-19.49302],[32.65093,-19.49796],[32.62796,-19.50571],[32.60997,-19.50268],[32.60139,-19.50747],[32.58793,-19.50877],[32.587,-19.50396],[32.58013,-19.49914],[32.5637,-19.49877],[32.55634,-19.50637],[32.55093,-19.50338],[32.54902,-19.49774],[32.53347,-19.49786],[32.52665,-19.4995],[32.52558,-19.50547],[32.51369,-19.50659],[32.50749,-19.51285],[32.50151,-19.55063],[32.49176,-19.5684],[32.48349,-19.60019],[32.47621,-19.6077],[32.47413,-19.62383],[32.46461,-19.63578],[32.46543,-19.6446],[32.45763,-19.65353],[32.45492,-19.66281],[32.45845,-19.66716],[32.45743,-19.67274],[32.43365,-19.68472],[32.43144,-19.69994],[32.41023,-19.72356],[32.41033,-19.73598],[32.40788,-19.73788],[32.41547,-19.74849],[32.40841,-19.77095],[32.38971,-19.77266],[32.39659,-19.78533],[32.39179,-19.85421],[32.37012,-19.90624],[32.36705,-19.92535],[32.36345,-19.93142],[32.34819,-19.94088]]]}},{"type":"Feature","properties":{"id":"ZWE:ADM2:62879985B92853728292751","name":"Umguza","countryCode":"ZWE","adminLevel":2,"sourceCode":"62879985B92853728292751","parentId":"ZWE:ADM1:ZWE-526"},"geometry":{"type":"Polygon","coordinates":[[[27.93987,-19.40737],[27.8164,-19.49349],[27.80872,-19.48839],[27.79543,-19.49428],[27.78972,-19.49304],[27.78023,-19.50157],[27.77306,-19.50007],[27.77961,-19.50813],[27.75916,-19.52709],[27.75981,-19.54071],[27.77206,-19.55525],[27.78286,-19.55717],[27.78059,-19.5693],[27.78402,-19.57907],[27.77471,-19.59914],[27.77773,-19.6044],[27.79251,-19.61264],[27.77976,-19.62294],[27.77213,-19.66457],[27.7617,-19.6811],[27.77828,-19.69582],[27.77739,-19.70714],[27.78777,-19.71176],[27.78584,-19.72176],[27.79275,-19.72974],[27.79811,-19.73074],[27.80044,-19.73558],[27.80746,-19.73298],[27.81816,-19.74867],[27.82751,-19.75058],[27.82632,-19.76854],[27.84044,-19.77324],[27.84139,-19.78364],[27.84863,-19.78154],[27.85394,-19.78605],[27.85568,-19.78849],[27.85216,-19.79509],[27.85806,-19.79638],[27.85769,-19.80543],[27.86968,-19.80217],[27.87864,-19.80795],[27.88722,-19.80648],[27.90209,-19.80968],[27.90707,-19.83528],[27.91396,-19.83987],[27.90852,-19.85009],[27.92129,-19.86328],[27.92371,-19.88424],[27.93175,-19.89229],[27.9459,-19.89296],[27.95221,-19.89778],[27.95483,-19.91117],[27.95914,-19.91733],[27.95828,-19.92638],[27.96873,-19.93744],[27.96787,-19.94783],[27.97519,-19.94792],[27.982,-19.95455],[27.99373,-19.95388],[27.99237,-19.96474],[28.00425,-19.97486],[28.00825,-19.97129],[28.02348,-19.97603],[28.02515,-19.98068],[28.03501,-19.98159],[28.08638,-20.04187],[28.10388,-20.05014],[28.12788,-20.06846],[28.14102,-20.10059],[28.14887,-20.11154],[28.15455,-20.11036],[28.16133,-20.11488],[28.16619,-20.11329],[28.19107,-20.12254],[28.19007,-20.13991],[28.19921,-20.14572],[28.2224,-20.18764],[28.23527,-20.19403],[28.2371,-20.2045],[28.24973,-20.21461],[28.25105,-20.22637],[28.27103,-20.23711],[28.27621,-20.24774],[28.29067,-20.25399],[28.30661,-20.28236],[28.31441,-20.27257],[28.33159,-20.35462],[28.34343,-20.36194],[28.36609,-20.31493],[28.38038,-20.29447],[28.3896,-20.28968],[28.4131,-20.29533],[28.4297,-20.29315],[28.45877,-20.26538],[28.48105,-20.23666],[28.49657,-20.23545],[28.51311,-20.20094],[28.49994,-20.18929],[28.48098,-20.1908],[28.49144,-20.17074],[28.4315,-20.15774],[28.43251,-20.16139],[28.43781,-20.16253],[28.43691,-20.16713],[28.44255,-20.17774],[28.39776,-20.17022],[28.38741,-20.15389],[28.42814,-20.15362],[28.41538,-20.13249],[28.39667,-20.13459],[28.40412,-20.11874],[28.41514,-20.11845],[28.40871,-20.01803],[28.44584,-20.04063],[28.4687,-20.07058],[28.51302,-20.05924],[28.51265,-20.04297],[28.53076,-20.03047],[28.5477,-20.04443],[28.54693,-20.04932],[28.55371,-20.0565],[28.55416,-20.04434],[28.57376,-20.02809],[28.60724,-19.96147],[28.6436,-20.00416],[28.67117,-20.01631],[28.66799,-20.02404],[28.66178,-20.02796],[28.64358,-20.06865],[28.66792,-20.06761],[28.66045,-20.08898],[28.65663,-20.0893],[28.65748,-20.1001],[28.6512,-20.11327],[28.67654,-20.11433],[28.65126,-20.15295],[28.66446,-20.16635],[28.67518,-20.16823],[28.67033,-20.17234],[28.67695,-20.17634],[28.67563,-20.18198],[28.6965,-20.19099],[28.69678,-20.20248],[28.69317,-20.20205],[28.68457,-20.22081],[28.67359,-20.21522],[28.67234,-20.21986],[28.66315,-20.22187],[28.66507,-20.23331],[28.66249,-20.2364],[28.65055,-20.2266],[28.64091,-20.22642],[28.63802,-20.22988],[28.62704,-20.23206],[28.60835,-20.23073],[28.60532,-20.22744],[28.66905,-20.29826],[28.72243,-20.26528],[28.71388,-20.25274],[28.74242,-20.22077],[28.7528,-20.21488],[28.78122,-20.14288],[28.76783,-20.14037],[28.77078,-20.137],[28.77449,-20.13881],[28.77672,-20.13465],[28.77332,-20.13337],[28.77867,-20.12549],[28.79171,-20.12194],[28.79331,-20.13095],[28.86019,-20.076],[28.81601,-20.04466],[28.89562,-20.03987],[28.96184,-19.97282],[28.98332,-19.9568],[28.95248,-19.90223],[28.87054,-19.91035],[28.87159,-19.91557],[28.82127,-19.9272],[28.81467,-19.96783],[28.78803,-19.97257],[28.78054,-19.99965],[28.77681,-19.99946],[28.75455,-19.97203],[28.72846,-19.98186],[28.71765,-19.99401],[28.70293,-19.99877],[28.67181,-19.9556],[28.65578,-19.96335],[28.65001,-19.94572],[28.64703,-19.94696],[28.63623,-19.93479],[28.64273,-19.92459],[28.63495,-19.92305],[28.62659,-19.92672],[28.6236,-19.92446],[28.62629,-19.92051],[28.62121,-19.90978],[28.61254,-19.9109],[28.61165,-19.90723],[28.62151,-19.90102],[28.61792,-19.90158],[28.61763,-19.89735],[28.61195,-19.89848],[28.60657,-19.89283],[28.61106,-19.88463],[28.60956,-19.8804],[28.6,-19.87814],[28.59701,-19.88152],[28.59463,-19.87475],[28.59881,-19.87305],[28.59821,-19.86881],[28.59284,-19.8691],[28.58507,-19.85949],[28.58926,-19.85554],[28.57851,-19.84791],[28.57416,-19.8501],[28.56835,-19.84762],[28.56733,-19.83371],[28.54974,-19.83261],[28.52649,-19.80396],[28.55133,-19.72303],[28.53492,-19.71522],[28.53731,-19.71516],[28.5001,-19.67849],[28.49314,-19.66657],[28.49294,-19.65486],[28.53619,-19.59073],[28.40165,-19.50869],[28.07193,-19.35794],[28.06634,-19.46674],[27.93987,-19.40737]]]}},{"type":"Feature","properties":{"id":"ZWE:ADM2:62879985B93379184763454","name":"Shamva","countryCode":"ZWE","adminLevel":2,"sourceCode":"62879985B93379184763454","parentId":"ZWE:ADM1:ZWE-524"},"geometry":{"type":"Polygon","coordinates":[[[31.50874,-17.50014],[31.51311,-17.48973],[31.52644,-17.4819],[31.52766,-17.4721],[31.53149,-17.46817],[31.54045,-17.46922],[31.56335,-17.46448],[31.564,-17.46083],[31.56961,-17.45863],[31.58426,-17.45951],[31.58589,-17.45181],[31.59011,-17.45436],[31.59635,-17.45295],[31.60486,-17.44734],[31.60578,-17.44325],[31.61073,-17.44134],[31.61335,-17.43236],[31.62304,-17.43296],[31.61386,-17.41654],[31.63384,-17.40052],[31.63559,-17.39207],[31.64093,-17.38654],[31.64934,-17.38597],[31.65646,-17.37442],[31.6727,-17.36875],[31.68092,-17.36219],[31.69255,-17.34185],[31.6968,-17.34038],[31.70364,-17.33013],[31.71596,-17.32199],[31.75135,-17.28809],[31.75417,-17.28054],[31.74817,-17.26913],[31.74941,-17.25846],[31.74137,-17.23647],[31.72273,-17.21603],[31.72803,-17.20214],[31.74024,-17.19535],[31.74981,-17.19898],[31.75779,-17.19825],[31.76194,-17.1953],[31.76484,-17.18646],[31.78264,-17.18523],[31.78818,-17.17886],[31.79852,-17.17785],[31.81129,-17.16799],[31.84805,-17.15103],[31.83254,-17.13625],[31.83507,-17.13135],[31.83341,-17.12314],[31.84912,-17.10317],[31.85514,-17.08949],[31.85381,-17.08223],[31.86688,-17.07073],[31.87526,-17.06998],[31.88652,-17.0614],[31.90992,-17.03826],[31.91071,-17.03236],[31.90635,-17.02241],[31.89451,-17.02066],[31.89165,-17.01578],[31.89613,-17.01067],[31.89482,-17.00086],[31.91274,-17.001],[31.9149,-16.97788],[31.90962,-16.97269],[31.94247,-16.95664],[31.94415,-16.93869],[31.95429,-16.91708],[31.96069,-16.91607],[31.97341,-16.92221],[31.9808,-16.92117],[32.00478,-16.9052],[32.00375,-16.90124],[32.00983,-16.8883],[32.00415,-16.87997],[32.00069,-16.85604],[32.00763,-16.84297],[32.0002,-16.83679],[31.97989,-16.83396],[31.9717,-16.83862],[31.96252,-16.83307],[31.94189,-16.82824],[31.92824,-16.82949],[31.91325,-16.82594],[31.90539,-16.82929],[31.90111,-16.82386],[31.89425,-16.82813],[31.88426,-16.82423],[31.88108,-16.82889],[31.88027,-16.82079],[31.87379,-16.81858],[31.87111,-16.81911],[31.87161,-16.82498],[31.85905,-16.82056],[31.8588,-16.82555],[31.83901,-16.83058],[31.83873,-16.83411],[31.82902,-16.83174],[31.82353,-16.82656],[31.80889,-16.843],[31.80432,-16.84098],[31.80138,-16.84587],[31.7956,-16.84411],[31.79598,-16.85022],[31.78948,-16.84872],[31.78084,-16.86114],[31.77586,-16.85701],[31.77662,-16.85264],[31.77052,-16.85289],[31.76803,-16.85624],[31.75753,-16.85129],[31.75029,-16.86039],[31.75589,-16.86497],[31.75162,-16.87036],[31.75422,-16.87725],[31.74214,-16.87804],[31.73708,-16.88349],[31.73052,-16.88011],[31.72883,-16.88355],[31.71609,-16.88882],[31.70712,-16.88697],[31.70219,-16.89332],[31.70315,-16.89898],[31.68923,-16.89882],[31.69243,-16.90488],[31.68608,-16.91115],[31.6817,-16.91011],[31.68207,-16.90578],[31.67294,-16.90904],[31.66995,-16.90695],[31.66756,-16.91097],[31.66123,-16.90758],[31.66093,-16.90998],[31.64374,-16.91102],[31.62,-16.92291],[31.59307,-16.90871],[31.61302,-16.85604],[31.5676,-16.89001],[31.55102,-16.91397],[31.53487,-16.89817],[31.52727,-16.88493],[31.52252,-16.88344],[31.50066,-16.84835],[31.49879,-16.85106],[31.40305,-16.84036],[31.37036,-16.98125],[31.37948,-17.00681],[31.3517,-17.03587],[31.34582,-17.03622],[31.34439,-17.04342],[31.3541,-17.05613],[31.36524,-17.06253],[31.37482,-17.06144],[31.38185,-17.06478],[31.38572,-17.06008],[31.39034,-17.06328],[31.39336,-17.06081],[31.39919,-17.06651],[31.40549,-17.06499],[31.40665,-17.07223],[31.42405,-17.08118],[31.42726,-17.0887],[31.43014,-17.08781],[31.4344,-17.0931],[31.40951,-17.12443],[31.43931,-17.13693],[31.42183,-17.17744],[31.47448,-17.1767],[31.47348,-17.20373],[31.49537,-17.20467],[31.49507,-17.27183],[31.49414,-17.26742],[31.48337,-17.2742],[31.47058,-17.2723],[31.46064,-17.32394],[31.43208,-17.32704],[31.40874,-17.38126],[31.4125,-17.38142],[31.4126,-17.38477],[31.41597,-17.38226],[31.42221,-17.38525],[31.42487,-17.3834],[31.42455,-17.37337],[31.43073,-17.36741],[31.42942,-17.35844],[31.42526,-17.35597],[31.4314,-17.35455],[31.43142,-17.3521],[31.46301,-17.36019],[31.47006,-17.35838],[31.47353,-17.37512],[31.45176,-17.38109],[31.45836,-17.40481],[31.47818,-17.39976],[31.48033,-17.4078],[31.46873,-17.41318],[31.47252,-17.4243],[31.46604,-17.43241],[31.46118,-17.44627],[31.47322,-17.45386],[31.45852,-17.50914],[31.50874,-17.50014]]]}},{"type":"Feature","properties":{"id":"ZWE:ADM2:62879985B94368680034661","name":"Mbire","countryCode":"ZWE","adminLevel":2,"sourceCode":"62879985B94368680034661","parentId":"ZWE:ADM1:ZWE-524"},"geometry":{"type":"Polygon","coordinates":[[[31.08811,-16.01642],[31.07798,-16.01182],[31.06504,-16.0182],[31.0619,-16.01416],[31.06646,-16.00245],[31.0632,-15.99969],[31.05809,-16.01171],[31.05182,-16.0176],[31.04382,-16.02115],[31.02851,-16.02159],[31.02383,-16.03457],[31.02511,-16.03881],[31.01706,-16.04976],[31.01258,-16.04993],[31.00684,-16.05698],[30.98849,-16.05947],[30.97104,-16.05057],[30.96416,-16.04402],[30.96557,-16.04106],[30.95523,-16.0344],[30.95841,-16.03231],[30.95806,-16.02628],[30.94772,-16.00995],[30.9408,-16.00953],[30.93619,-16.00434],[30.93124,-16.00565],[30.91489,-15.99636],[30.90547,-15.99917],[30.4219,-16.0008],[30.4224,-15.61854],[30.39532,-15.63698],[30.35457,-15.6523],[30.33264,-15.64846],[30.32176,-15.64302],[30.28544,-15.64461],[30.28633,-15.70168],[30.31308,-15.71682],[30.33452,-15.7503],[30.15128,-15.9189],[30.05155,-15.98829],[30.052,-15.99385],[30.04628,-16.0012],[30.05534,-16.00329],[30.06115,-16.00082],[30.0633,-16.00564],[30.05891,-16.01625],[30.06359,-16.0163],[30.06502,-16.02351],[30.0742,-16.0276],[30.07224,-16.02997],[30.07509,-16.03387],[30.08236,-16.0366],[30.08666,-16.03398],[30.08784,-16.03892],[30.09258,-16.03404],[30.0961,-16.0394],[30.09356,-16.04431],[30.11009,-16.04407],[30.09942,-16.04943],[30.1005,-16.06329],[30.09542,-16.06231],[30.09426,-16.0671],[30.09901,-16.07287],[30.08907,-16.07477],[30.07881,-16.09199],[30.08086,-16.09414],[30.07829,-16.10131],[30.08583,-16.10471],[30.08746,-16.11844],[30.10418,-16.12473],[30.09852,-16.12621],[30.10272,-16.12828],[30.09905,-16.13109],[30.10984,-16.1469],[30.11199,-16.15814],[30.11892,-16.16361],[30.11371,-16.16428],[30.11394,-16.16723],[30.12473,-16.17276],[30.12863,-16.17106],[30.1245,-16.16848],[30.12786,-16.16241],[30.13368,-16.16559],[30.13972,-16.16107],[30.13842,-16.16765],[30.14149,-16.17734],[30.13522,-16.18577],[30.12329,-16.19243],[30.11993,-16.203],[30.11205,-16.21299],[30.09557,-16.22785],[30.09006,-16.228],[30.09318,-16.24882],[30.09042,-16.25997],[30.09525,-16.27451],[30.09488,-16.28353],[30.09035,-16.28793],[30.0941,-16.29344],[30.08925,-16.30305],[30.09171,-16.30701],[30.08579,-16.31763],[30.07407,-16.32052],[30.06355,-16.33284],[30.06509,-16.34303],[30.05842,-16.34555],[30.05824,-16.35408],[30.05031,-16.36555],[30.04952,-16.38658],[30.06557,-16.39824],[30.08341,-16.40364],[30.08636,-16.39871],[30.08121,-16.38912],[30.09128,-16.37245],[30.14424,-16.36879],[30.16388,-16.35475],[30.19761,-16.34898],[30.20841,-16.33637],[30.21034,-16.32903],[30.20567,-16.31564],[30.21426,-16.30957],[30.20689,-16.29961],[30.20711,-16.27625],[30.21773,-16.26822],[30.23421,-16.26494],[30.24418,-16.26732],[30.25419,-16.27623],[30.27669,-16.26999],[30.2949,-16.27675],[30.3021,-16.2904],[30.30168,-16.31161],[30.31498,-16.31778],[30.31838,-16.32425],[30.31616,-16.33045],[30.32037,-16.33519],[30.32765,-16.33714],[30.34295,-16.335],[30.35932,-16.34064],[30.37409,-16.33477],[30.42825,-16.33907],[30.43298,-16.35157],[30.4421,-16.35033],[30.46967,-16.35613],[30.49244,-16.35105],[30.5069,-16.36066],[30.52789,-16.3612],[30.5483,-16.36945],[30.56959,-16.36993],[30.59405,-16.37832],[30.62209,-16.37696],[30.62716,-16.38617],[30.6399,-16.39111],[30.64695,-16.40047],[30.65936,-16.39657],[30.71553,-16.39403],[30.75001,-16.40292],[30.77194,-16.41294],[30.79253,-16.41686],[30.79842,-16.41188],[30.79483,-16.39825],[30.80078,-16.39131],[30.79982,-16.38849],[30.80255,-16.38825],[30.80188,-16.38513],[30.806,-16.38311],[30.80392,-16.3804],[30.80849,-16.38091],[30.80656,-16.37498],[30.81145,-16.37686],[30.81812,-16.36473],[30.82365,-16.36268],[30.82266,-16.3584],[30.83029,-16.35475],[30.8307,-16.34966],[30.83343,-16.34942],[30.83144,-16.34583],[30.83621,-16.34605],[30.83813,-16.34064],[30.8353,-16.3355],[30.84179,-16.33598],[30.84393,-16.33116],[30.83942,-16.33348],[30.83806,-16.33106],[30.84762,-16.32826],[30.8471,-16.32201],[30.85247,-16.32202],[30.85275,-16.31527],[30.85485,-16.31914],[30.85792,-16.31538],[30.87063,-16.31292],[30.87773,-16.31925],[30.88406,-16.31651],[30.88281,-16.32034],[30.88748,-16.31527],[30.89471,-16.31779],[30.89743,-16.31169],[30.90174,-16.31083],[30.90261,-16.31395],[30.90699,-16.31025],[30.91106,-16.31136],[30.90956,-16.30689],[30.91497,-16.30914],[30.91381,-16.30681],[30.91709,-16.30862],[30.91975,-16.30486],[30.92213,-16.30746],[30.91847,-16.30155],[30.92346,-16.30274],[30.9205,-16.29624],[30.92733,-16.29339],[30.92975,-16.29824],[30.92969,-16.29501],[30.93721,-16.29117],[30.94249,-16.29216],[30.94493,-16.28742],[30.94696,-16.29277],[30.95984,-16.28345],[30.95203,-16.28251],[30.95672,-16.27353],[30.95493,-16.26495],[30.96496,-16.2597],[30.97055,-16.26087],[30.97135,-16.25519],[30.96355,-16.25493],[30.96327,-16.25092],[30.97764,-16.24291],[30.9715,-16.23473],[30.97168,-16.22692],[30.98146,-16.20582],[30.98141,-16.19441],[30.99932,-16.18457],[31.01076,-16.16842],[31.01657,-16.16518],[31.04152,-16.16405],[31.06678,-16.14864],[31.06947,-16.13788],[31.07527,-16.13801],[31.07852,-16.14279],[31.08356,-16.1406],[31.08549,-16.1313],[31.10494,-16.13225],[31.10578,-16.13807],[31.11636,-16.1376],[31.1153,-16.13305],[31.1197,-16.12821],[31.11628,-16.11625],[31.13913,-16.11701],[31.13609,-16.11382],[31.1409,-16.1131],[31.13724,-16.10484],[31.1398,-16.09819],[31.13407,-16.08833],[31.13652,-16.08094],[31.13271,-16.07817],[31.13387,-16.06813],[31.13008,-16.06209],[31.14527,-16.0461],[31.13895,-16.04236],[31.12707,-16.0533],[31.12175,-16.04904],[31.12222,-16.04397],[31.13807,-16.02556],[31.12538,-16.02866],[31.11293,-16.0267],[31.11066,-16.02214],[31.1163,-16.01297],[31.11533,-16.0098],[31.1035,-16.01407],[31.0923,-16.01158],[31.08811,-16.01642]]]}},{"type":"Feature","properties":{"id":"ZWE:ADM2:62879985B94385115404707","name":"Kariba","countryCode":"ZWE","adminLevel":2,"sourceCode":"62879985B94385115404707","parentId":"ZWE:ADM1:ZWE-533"},"geometry":{"type":"Polygon","coordinates":[[[28.25037,-17.40096],[28.265,-17.40095],[28.27961,-17.39416],[28.28636,-17.40034],[28.29733,-17.39423],[28.3042,-17.40046],[28.31522,-17.3978],[28.32735,-17.40146],[28.33435,-17.39429],[28.34032,-17.3956],[28.35113,-17.38419],[28.43795,-17.37107],[28.45895,-17.378],[28.45601,-17.37036],[28.46573,-17.36561],[28.46355,-17.372],[28.47686,-17.37916],[28.4744,-17.38427],[28.49921,-17.38595],[28.50459,-17.39883],[28.50772,-17.3979],[28.52303,-17.413],[28.52993,-17.41107],[28.54085,-17.41338],[28.54475,-17.41092],[28.53891,-17.40174],[28.55448,-17.38891],[28.56161,-17.37542],[28.59011,-17.34391],[28.60673,-17.31601],[28.62919,-17.30973],[28.63692,-17.30252],[28.63188,-17.28763],[28.63833,-17.26679],[28.65748,-17.24006],[28.66328,-17.23689],[28.66143,-17.23112],[28.67009,-17.21252],[28.67153,-17.20043],[28.70253,-17.21596],[28.70335,-17.21229],[28.70776,-17.21123],[28.7094,-17.21627],[28.71315,-17.21356],[28.71094,-17.20196],[28.7147,-17.19571],[28.72584,-17.19038],[28.73498,-17.17839],[28.74355,-17.17708],[28.74889,-17.16181],[28.75291,-17.15943],[28.76598,-17.15662],[28.77372,-17.16441],[28.77696,-17.16365],[28.77908,-17.15756],[28.78689,-17.1625],[28.79156,-17.15637],[28.7983,-17.16035],[28.8029,-17.15242],[28.82325,-17.14757],[28.83207,-17.1474],[28.83387,-17.15069],[28.85138,-17.15484],[28.85922,-17.15518],[28.86498,-17.14886],[28.88533,-17.15387],[28.90044,-17.14106],[28.90908,-17.14192],[28.9161,-17.13741],[28.92472,-17.11707],[28.92079,-17.09858],[28.90141,-17.0668],[28.88963,-17.06153],[28.8866,-17.05602],[28.87312,-17.05997],[28.86915,-17.04932],[28.85565,-17.04257],[28.85439,-17.03634],[28.86276,-17.02786],[28.88137,-17.02015],[28.91412,-17.02352],[28.91439,-17.01936],[28.92024,-17.01867],[28.92832,-17.00299],[28.93647,-16.99891],[28.93684,-16.99051],[28.94372,-16.99335],[28.95118,-16.98743],[28.94825,-16.9824],[28.95028,-16.98053],[28.95963,-16.98521],[28.95864,-16.98109],[28.96596,-16.9796],[28.97082,-16.96885],[28.97578,-16.97449],[28.9811,-16.9691],[28.9867,-16.9737],[28.99886,-16.96496],[29.0101,-16.97247],[29.05323,-16.9485],[29.05598,-16.95144],[29.05817,-16.94529],[29.06819,-16.94041],[29.06687,-16.94697],[29.07456,-16.9467],[29.07689,-16.94335],[29.07688,-16.95145],[29.08153,-16.94671],[29.09008,-16.94867],[29.0985,-16.94602],[29.09705,-16.95175],[29.09966,-16.95398],[29.10677,-16.95147],[29.10808,-16.94784],[29.10981,-16.95259],[29.11504,-16.95008],[29.1191,-16.95358],[29.12476,-16.9459],[29.07935,-16.81766],[29.07632,-16.76556],[29.21437,-16.45917],[29.1553,-16.36563],[28.8462,-16.37862],[28.83974,-16.40699],[28.82317,-16.42537],[28.81806,-16.43682],[28.81722,-16.44626],[28.82392,-16.46515],[28.81581,-16.48417],[28.77843,-16.50977],[28.80041,-16.50958],[28.81075,-16.51852],[28.81081,-16.52185],[28.8141,-16.51552],[28.83423,-16.50998],[28.8527,-16.51062],[28.85486,-16.51806],[28.85194,-16.52186],[28.86824,-16.52446],[28.86691,-16.53071],[28.85912,-16.53707],[28.85427,-16.53785],[28.85443,-16.53055],[28.85072,-16.53279],[28.84724,-16.52678],[28.84257,-16.52998],[28.84249,-16.52428],[28.84131,-16.52832],[28.83814,-16.52453],[28.8364,-16.52993],[28.83121,-16.52751],[28.82743,-16.53247],[28.82299,-16.52811],[28.81767,-16.53402],[28.81671,-16.52869],[28.80662,-16.53682],[28.80084,-16.53482],[28.80224,-16.53223],[28.79164,-16.53291],[28.78642,-16.52841],[28.78399,-16.5317],[28.7821,-16.52751],[28.77693,-16.53322],[28.77433,-16.53275],[28.77679,-16.5286],[28.77033,-16.52893],[28.77362,-16.53518],[28.77129,-16.53653],[28.76586,-16.53263],[28.76507,-16.5403],[28.75536,-16.54663],[28.75889,-16.53001],[28.7551,-16.5317],[28.76338,-16.52199],[28.76113,-16.5211],[28.74203,-16.5427],[28.64003,-16.56194],[28.50224,-16.62021],[28.48881,-16.61702],[28.48263,-16.62151],[28.48327,-16.62946],[28.47136,-16.63638],[28.46179,-16.65089],[28.44845,-16.65694],[28.44004,-16.66722],[28.42956,-16.66766],[28.41176,-16.6542],[28.40683,-16.65359],[28.3847,-16.65895],[28.36687,-16.65334],[28.33001,-16.66369],[28.32195,-16.67147],[28.31496,-16.6846],[28.29588,-16.69962],[28.2871,-16.70187],[28.27338,-16.69823],[28.26388,-16.70022],[28.26326,-16.71672],[28.2482,-16.72094],[28.24685,-16.73509],[28.2384,-16.7389],[28.13588,-16.82385],[28.06338,-16.85293],[28.01396,-16.87658],[28.02984,-16.89618],[28.02878,-16.92592],[28.03301,-16.94892],[28.02036,-16.98048],[28.02913,-16.99762],[28.04014,-17.00787],[28.03254,-17.01915],[28.04755,-17.02302],[28.06531,-17.02288],[28.06775,-17.02633],[28.04695,-17.04532],[28.05273,-17.06127],[28.05231,-17.08438],[28.04773,-17.09074],[28.03245,-17.09753],[28.03211,-17.10174],[28.04625,-17.11137],[28.06273,-17.09905],[28.07092,-17.10104],[28.09287,-17.124],[28.08738,-17.13412],[28.09511,-17.14788],[28.10816,-17.13904],[28.11803,-17.1364],[28.13469,-17.13976],[28.14304,-17.14534],[28.14342,-17.15471],[28.13104,-17.16761],[28.13617,-17.18346],[28.1355,-17.19534],[28.14584,-17.20458],[28.15388,-17.20195],[28.15596,-17.21287],[28.15245,-17.21818],[28.13762,-17.21807],[28.13601,-17.22141],[28.13836,-17.22831],[28.15052,-17.23176],[28.1437,-17.24253],[28.16407,-17.2496],[28.16467,-17.25442],[28.15661,-17.25437],[28.15081,-17.25791],[28.14715,-17.24957],[28.14218,-17.25272],[28.14213,-17.26084],[28.15304,-17.26585],[28.17056,-17.26773],[28.17197,-17.27269],[28.16598,-17.27365],[28.16451,-17.27899],[28.17212,-17.2822],[28.1721,-17.28577],[28.16544,-17.29664],[28.16352,-17.30714],[28.17177,-17.30797],[28.17312,-17.32344],[28.18204,-17.31576],[28.19785,-17.32911],[28.19327,-17.33603],[28.19634,-17.34179],[28.20459,-17.34223],[28.20991,-17.35038],[28.22105,-17.35004],[28.23382,-17.35506],[28.24239,-17.37294],[28.2394,-17.39195],[28.24266,-17.3997],[28.25037,-17.40096]]]}},{"type":"Feature","properties":{"id":"ZWE:ADM2:62879985B9450607738823","name":"Gokwe South Urban","countryCode":"ZWE","adminLevel":2,"sourceCode":"62879985B9450607738823","parentId":"ZWE:ADM1:ZWE-527"},"geometry":{"type":"Polygon","coordinates":[[[28.91341,-18.20445],[28.91474,-18.22783],[28.92315,-18.23653],[28.94275,-18.23832],[28.96004,-18.23033],[28.96778,-18.23262],[28.97695,-18.22554],[28.9771,-18.22163],[28.96358,-18.21599],[28.9646,-18.21131],[28.94173,-18.20686],[28.94076,-18.21019],[28.91472,-18.20137],[28.91341,-18.20445]]]}},{"type":"Feature","properties":{"id":"ZWE:ADM2:62879985B9452203972303","name":"Makonde","countryCode":"ZWE","adminLevel":2,"sourceCode":"62879985B9452203972303","parentId":"ZWE:ADM1:ZWE-533"},"geometry":{"type":"Polygon","coordinates":[[[30.23396,-17.3115],[30.24037,-17.30485],[30.23884,-17.29238],[30.24599,-17.28374],[30.25411,-17.27774],[30.26173,-17.27957],[30.26726,-17.27706],[30.265,-17.26688],[30.25772,-17.26362],[30.25497,-17.25831],[30.25512,-17.2528],[30.25903,-17.25333],[30.26315,-17.24802],[30.25446,-17.22236],[30.25539,-17.21738],[30.26628,-17.20565],[30.26707,-17.19616],[30.27434,-17.18409],[30.27287,-17.15797],[30.29423,-17.14849],[30.29699,-17.12593],[30.3091,-17.11962],[30.30965,-17.11002],[30.31562,-17.10409],[30.33049,-17.09742],[30.32925,-17.08979],[30.3337,-17.07971],[30.33029,-17.07094],[30.33647,-17.05969],[30.33792,-17.03864],[30.33287,-17.00814],[30.33835,-16.9999],[30.34499,-16.99896],[30.33819,-16.99149],[30.33887,-16.9815],[30.34359,-16.97605],[30.34177,-16.97199],[30.34613,-16.96721],[30.35748,-16.96307],[30.37577,-16.96472],[30.37392,-16.95169],[30.36415,-16.95002],[30.37045,-16.93785],[30.36163,-16.93338],[30.36145,-16.92867],[30.37146,-16.91856],[30.37602,-16.9057],[30.38438,-16.8977],[30.39548,-16.89433],[30.40408,-16.87972],[30.41738,-16.87817],[30.42364,-16.88104],[30.42215,-16.86699],[30.42703,-16.84483],[30.43007,-16.84329],[30.4404,-16.84755],[30.46176,-16.84394],[30.46477,-16.83364],[30.46345,-16.82633],[30.47225,-16.81924],[30.47947,-16.81953],[30.48549,-16.81185],[30.48915,-16.80227],[30.48457,-16.79074],[30.50641,-16.76715],[30.51018,-16.75687],[30.52161,-16.74397],[30.51845,-16.73538],[30.52792,-16.73],[30.52551,-16.72512],[30.51823,-16.72379],[30.51916,-16.71494],[30.51033,-16.69588],[30.51459,-16.68181],[30.51003,-16.68078],[30.50177,-16.68526],[30.49753,-16.67585],[30.47166,-16.67198],[30.45577,-16.66358],[30.44794,-16.66362],[30.43965,-16.6562],[30.42221,-16.65524],[30.41374,-16.64537],[30.40664,-16.64898],[30.40275,-16.64711],[30.39939,-16.64463],[30.39946,-16.63801],[30.39474,-16.63449],[30.39679,-16.63074],[30.39475,-16.62297],[30.37828,-16.6085],[30.37252,-16.59451],[30.37778,-16.57376],[30.38594,-16.56473],[30.38026,-16.55514],[30.38784,-16.54661],[30.38834,-16.52978],[30.39543,-16.52627],[30.39742,-16.51676],[30.40689,-16.51377],[30.40378,-16.48922],[30.40844,-16.47944],[30.40779,-16.46932],[30.41364,-16.46146],[30.41603,-16.45049],[30.40629,-16.43795],[30.4185,-16.43175],[30.41796,-16.4256],[30.42345,-16.42316],[30.4275,-16.41323],[30.43332,-16.40815],[30.43817,-16.39383],[30.43067,-16.38497],[30.42762,-16.37146],[30.41747,-16.3551],[30.42161,-16.35089],[30.41877,-16.34661],[30.42003,-16.33911],[30.37409,-16.33477],[30.35932,-16.34064],[30.34295,-16.335],[30.32765,-16.33714],[30.32037,-16.33519],[30.31616,-16.33045],[30.31838,-16.32425],[30.31498,-16.31778],[30.30168,-16.31161],[30.3021,-16.2904],[30.2949,-16.27675],[30.27669,-16.26999],[30.25419,-16.27623],[30.24418,-16.26732],[30.23421,-16.26494],[30.21773,-16.26822],[30.20711,-16.27625],[30.20689,-16.29961],[30.21426,-16.30957],[30.20567,-16.31564],[30.21034,-16.32903],[30.20841,-16.33637],[30.19761,-16.34898],[30.16388,-16.35475],[30.14424,-16.36879],[30.09128,-16.37245],[30.08121,-16.38912],[30.08636,-16.39871],[30.08341,-16.40364],[30.06557,-16.39824],[30.04952,-16.38658],[30.04632,-16.39595],[30.0298,-16.39413],[30.0322,-16.40328],[30.02794,-16.4195],[30.01651,-16.41746],[30.01094,-16.42726],[30.0224,-16.43534],[30.01939,-16.44076],[30.02416,-16.44823],[30.02094,-16.45011],[30.01381,-16.44702],[30.00693,-16.45141],[30.00853,-16.48075],[30.00444,-16.48076],[29.99793,-16.48751],[30.00296,-16.49055],[30.00276,-16.49388],[29.9984,-16.49597],[29.99234,-16.49274],[29.99351,-16.50445],[29.98908,-16.50653],[29.98579,-16.50404],[29.98157,-16.50751],[29.97929,-16.51913],[29.97353,-16.51843],[29.97353,-16.52161],[29.99092,-16.52868],[29.98391,-16.54476],[29.99266,-16.54655],[29.99431,-16.55212],[29.98277,-16.55648],[29.97937,-16.56183],[29.97936,-16.57514],[29.98368,-16.58528],[29.97379,-16.59202],[29.97997,-16.60117],[29.97214,-16.60662],[29.97923,-16.61885],[29.97892,-16.62619],[29.97532,-16.62728],[29.97624,-16.63324],[29.96768,-16.64475],[29.96747,-16.64962],[29.97633,-16.65728],[29.97664,-16.66413],[29.97303,-16.66701],[29.98518,-16.67785],[29.98487,-16.6845],[29.99383,-16.69634],[29.99465,-16.70447],[30.00333,-16.69772],[30.00709,-16.69872],[30.00502,-16.70779],[30.01387,-16.72803],[30.0118,-16.73166],[30.01406,-16.7391],[30.0102,-16.74318],[30.02014,-16.75018],[30.0209,-16.76243],[30.02744,-16.76287],[30.02801,-16.77095],[30.03289,-16.77298],[30.03041,-16.77681],[30.03255,-16.79181],[30.02926,-16.80434],[30.03259,-16.81241],[30.02466,-16.81739],[30.02578,-16.82271],[30.03473,-16.82821],[30.02045,-16.83559],[30.01935,-16.84048],[30.0236,-16.84598],[30.00737,-16.84786],[30.01071,-16.85567],[30.00176,-16.85621],[30.00071,-16.86598],[29.99339,-16.86695],[29.9964,-16.87143],[29.98135,-16.87274],[29.98353,-16.87827],[29.9921,-16.88477],[29.98334,-16.89206],[29.98525,-16.90058],[29.98178,-16.90594],[29.9846,-16.9106],[29.97931,-16.91455],[29.97747,-16.92825],[29.9844,-16.93397],[29.97609,-16.94196],[29.99032,-16.95092],[29.98456,-16.95997],[29.98502,-16.96726],[29.98054,-16.96814],[29.98318,-16.97262],[29.97762,-16.97622],[29.97999,-16.97868],[29.97587,-16.98368],[29.97678,-16.98834],[29.97304,-16.99089],[29.97468,-16.99941],[29.96877,-17.00591],[29.97133,-17.01449],[29.96726,-17.01879],[29.96867,-17.02222],[29.96227,-17.03383],[29.95641,-17.03531],[29.96179,-17.05014],[29.95289,-17.0596],[29.96197,-17.07307],[29.95279,-17.07284],[29.95192,-17.08449],[29.95474,-17.09012],[29.95347,-17.09393],[29.94773,-17.09087],[29.94506,-17.09308],[29.94863,-17.097],[29.94432,-17.10755],[29.93501,-17.1045],[29.92839,-17.10807],[29.9187,-17.106],[29.91297,-17.11091],[29.90735,-17.10553],[29.89919,-17.10407],[29.88526,-17.08288],[29.88115,-17.06866],[29.83633,-17.10133],[29.85601,-17.12876],[29.80038,-17.17809],[29.76944,-17.1661],[29.76722,-17.17401],[29.75766,-17.17899],[29.74955,-17.17691],[29.73881,-17.18179],[29.73269,-17.18089],[29.7247,-17.19583],[29.71982,-17.19798],[29.71534,-17.19515],[29.70816,-17.19572],[29.70193,-17.20081],[29.70087,-17.19753],[29.69204,-17.19866],[29.68087,-17.20624],[29.67522,-17.20319],[29.66828,-17.21462],[29.66592,-17.21021],[29.6618,-17.21315],[29.66404,-17.21575],[29.66157,-17.21632],[29.67369,-17.22106],[29.67381,-17.22559],[29.67664,-17.22423],[29.68229,-17.23453],[29.68724,-17.23702],[29.68465,-17.24075],[29.69053,-17.24313],[29.68689,-17.2489],[29.69168,-17.26546],[29.70025,-17.26625],[29.70284,-17.27217],[29.70816,-17.27429],[29.70904,-17.27905],[29.70081,-17.27826],[29.70238,-17.2827],[29.69878,-17.28288],[29.69897,-17.286],[29.69364,-17.2829],[29.69145,-17.29064],[29.68423,-17.28441],[29.66151,-17.29552],[29.63308,-17.29644],[29.62405,-17.30832],[29.6131,-17.31082],[29.61499,-17.31296],[29.60919,-17.31643],[29.6092,-17.31989],[29.6015,-17.32304],[29.59622,-17.32997],[29.58583,-17.32227],[29.57768,-17.33925],[29.56691,-17.34471],[29.56609,-17.35393],[29.55153,-17.3543],[29.55188,-17.35759],[29.54534,-17.36325],[29.53609,-17.35444],[29.52604,-17.36082],[29.52939,-17.36246],[29.52761,-17.3674],[29.52468,-17.36371],[29.5247,-17.36881],[29.5216,-17.36594],[29.52076,-17.36899],[29.51648,-17.36883],[29.51615,-17.37262],[29.511,-17.36975],[29.5086,-17.37206],[29.51007,-17.37559],[29.50408,-17.37635],[29.50446,-17.38598],[29.49928,-17.38049],[29.50267,-17.3896],[29.48739,-17.38657],[29.48151,-17.38814],[29.48392,-17.3927],[29.48004,-17.39154],[29.48357,-17.39701],[29.47425,-17.39194],[29.47286,-17.39667],[29.46397,-17.39334],[29.46078,-17.38819],[29.44989,-17.38959],[29.44187,-17.3861],[29.42297,-17.37064],[29.4195,-17.37901],[29.42252,-17.38391],[29.41725,-17.38498],[29.41905,-17.39345],[29.40933,-17.39708],[29.39776,-17.39142],[29.3937,-17.39374],[29.39861,-17.40229],[29.39118,-17.40485],[29.38555,-17.41314],[29.38675,-17.4211],[29.38371,-17.42815],[29.37404,-17.42415],[29.36289,-17.42554],[29.35849,-17.42114],[29.35071,-17.42345],[29.34862,-17.43365],[29.33235,-17.43043],[29.33816,-17.43894],[29.35335,-17.44667],[29.35904,-17.4583],[29.36853,-17.46512],[29.38751,-17.4725],[29.40648,-17.46659],[29.40455,-17.48015],[29.38952,-17.50402],[29.40346,-17.52476],[29.40096,-17.52828],[29.40648,-17.53332],[29.41226,-17.53117],[29.41911,-17.5362],[29.42488,-17.53335],[29.43101,-17.5392],[29.43,-17.54502],[29.43535,-17.54647],[29.4523,-17.54197],[29.45774,-17.55039],[29.45258,-17.5537],[29.4518,-17.55905],[29.47257,-17.56322],[29.47892,-17.56756],[29.49153,-17.58622],[29.48536,-17.59559],[29.48864,-17.60473],[29.48414,-17.6121],[29.48571,-17.62103],[29.49404,-17.62731],[29.49732,-17.6368],[29.51635,-17.64089],[29.5235,-17.64916],[29.52548,-17.65615],[29.52123,-17.66719],[29.54164,-17.67356],[29.54561,-17.68017],[29.546,-17.69034],[29.55606,-17.70407],[29.57263,-17.70459],[29.58217,-17.71108],[29.58892,-17.72748],[29.5986,-17.7313],[29.59979,-17.73854],[29.60641,-17.74426],[29.61742,-17.73271],[29.621,-17.7214],[29.62829,-17.71938],[29.63153,-17.72509],[29.64797,-17.72841],[29.67165,-17.76773],[29.69047,-17.77338],[29.69841,-17.76393],[29.71703,-17.77499],[29.71758,-17.78275],[29.73206,-17.79425],[29.73845,-17.81069],[29.73869,-17.82793],[29.75195,-17.83816],[29.7666,-17.81485],[29.77577,-17.81864],[29.7907,-17.81725],[29.78518,-17.83291],[29.79117,-17.84013],[29.78505,-17.85446],[29.78785,-17.85865],[29.81293,-17.85493],[29.82026,-17.84537],[29.8294,-17.84038],[29.83219,-17.84094],[29.8362,-17.85236],[29.84172,-17.85326],[29.86327,-17.84915],[29.88409,-17.81843],[29.89983,-17.81107],[29.93133,-17.78844],[29.93741,-17.77575],[29.94841,-17.76546],[29.94713,-17.75397],[29.9563,-17.71146],[29.98865,-17.65567],[30.01044,-17.63974],[30.01041,-17.63511],[30.21309,-17.60023],[30.22097,-17.58752],[30.2202,-17.57733],[30.22807,-17.56395],[30.22649,-17.53635],[30.22318,-17.52711],[30.2288,-17.51796],[30.22593,-17.51104],[30.21653,-17.50374],[30.21536,-17.4854],[30.21063,-17.47087],[30.20092,-17.46512],[30.19756,-17.45219],[30.19735,-17.44518],[30.20594,-17.44348],[30.2047,-17.43452],[30.20994,-17.42455],[30.20854,-17.41834],[30.14789,-17.41606],[30.14949,-17.40877],[30.13928,-17.39167],[30.12649,-17.37839],[30.09217,-17.39333],[30.0825,-17.38933],[30.07714,-17.40021],[30.08004,-17.40442],[30.07598,-17.41069],[30.07343,-17.4075],[30.06831,-17.40996],[30.05939,-17.39886],[30.05297,-17.39653],[30.04822,-17.38651],[30.04968,-17.38095],[30.03956,-17.37237],[30.03573,-17.35415],[30.02906,-17.34806],[30.02289,-17.3502],[30.02216,-17.32143],[30.00391,-17.30543],[30.04658,-17.28375],[30.06994,-17.35798],[30.09268,-17.37162],[30.09871,-17.358],[30.12578,-17.35453],[30.13256,-17.34761],[30.14723,-17.36215],[30.16078,-17.35411],[30.14932,-17.34308],[30.16568,-17.32515],[30.17683,-17.32246],[30.19285,-17.30491],[30.23396,-17.3115]]]}},{"type":"Feature","properties":{"id":"ZWE:ADM2:62879985B94788523957313","name":"Guruve","countryCode":"ZWE","adminLevel":2,"sourceCode":"62879985B94788523957313","parentId":"ZWE:ADM1:ZWE-524"},"geometry":{"type":"Polygon","coordinates":[[[30.79253,-16.41686],[30.77194,-16.41294],[30.75001,-16.40292],[30.71553,-16.39403],[30.65936,-16.39657],[30.64695,-16.40047],[30.6399,-16.39111],[30.62716,-16.38617],[30.62209,-16.37696],[30.59405,-16.37832],[30.56959,-16.36993],[30.5483,-16.36945],[30.52789,-16.3612],[30.5069,-16.36066],[30.49244,-16.35105],[30.46967,-16.35613],[30.4421,-16.35033],[30.43298,-16.35157],[30.42825,-16.33907],[30.42003,-16.33911],[30.41877,-16.34661],[30.42161,-16.35089],[30.41747,-16.3551],[30.42762,-16.37146],[30.43067,-16.38497],[30.43817,-16.39383],[30.43332,-16.40815],[30.4275,-16.41323],[30.42345,-16.42316],[30.41796,-16.4256],[30.4185,-16.43175],[30.40629,-16.43795],[30.41603,-16.45049],[30.41364,-16.46146],[30.40779,-16.46932],[30.40844,-16.47944],[30.40378,-16.48922],[30.40689,-16.51377],[30.39742,-16.51676],[30.39543,-16.52627],[30.38834,-16.52978],[30.38784,-16.54661],[30.38026,-16.55514],[30.38594,-16.56473],[30.37778,-16.57376],[30.37252,-16.59451],[30.37828,-16.6085],[30.39475,-16.62297],[30.39679,-16.63074],[30.39474,-16.63449],[30.39946,-16.63801],[30.39939,-16.64463],[30.40275,-16.64711],[30.40664,-16.64898],[30.41374,-16.64537],[30.42221,-16.65524],[30.43965,-16.6562],[30.44794,-16.66362],[30.45577,-16.66358],[30.47166,-16.67198],[30.49753,-16.67585],[30.50177,-16.68526],[30.51003,-16.68078],[30.51459,-16.68181],[30.51033,-16.69588],[30.51916,-16.71494],[30.51823,-16.72379],[30.52551,-16.72512],[30.52792,-16.73],[30.51845,-16.73538],[30.52161,-16.74397],[30.51018,-16.75687],[30.50641,-16.76715],[30.48457,-16.79074],[30.48915,-16.80227],[30.49712,-16.80577],[30.49762,-16.81526],[30.50374,-16.81711],[30.50572,-16.83125],[30.50312,-16.83369],[30.51014,-16.83449],[30.50977,-16.84152],[30.52133,-16.84707],[30.5241,-16.85326],[30.52031,-16.86011],[30.52308,-16.86543],[30.51797,-16.87041],[30.52527,-16.88454],[30.52345,-16.91809],[30.51876,-16.92222],[30.52211,-16.9317],[30.52083,-16.93709],[30.52695,-16.94274],[30.52755,-16.95951],[30.53388,-16.96137],[30.52957,-16.96647],[30.54868,-16.97267],[30.55236,-16.98151],[30.55075,-16.98627],[30.54205,-16.98822],[30.5369,-16.99801],[30.54036,-17.00177],[30.53684,-17.01302],[30.54216,-17.02164],[30.54626,-17.05242],[30.57692,-17.05181],[30.58082,-17.0425],[30.59836,-17.03127],[30.61901,-17.0298],[30.63345,-17.02509],[30.63653,-17.02743],[30.64059,-17.04809],[30.66302,-17.03617],[30.66931,-17.06316],[30.69211,-17.05081],[30.73887,-17.0613],[30.76064,-17.04348],[30.76072,-17.01441],[30.76904,-16.98866],[30.78294,-16.96941],[30.79054,-16.9468],[30.80832,-16.91489],[30.83798,-16.89853],[30.84061,-16.88338],[30.8602,-16.8625],[30.86326,-16.82938],[30.86977,-16.81243],[30.93642,-16.77915],[30.9577,-16.75939],[30.95552,-16.74825],[30.96425,-16.70791],[30.97445,-16.69516],[30.97988,-16.67656],[30.96813,-16.65628],[30.95532,-16.64895],[30.94619,-16.6394],[30.8823,-16.64064],[30.86919,-16.63708],[30.83502,-16.60207],[30.80126,-16.61034],[30.84765,-16.55948],[30.82498,-16.55185],[30.83155,-16.52534],[30.82742,-16.52262],[30.82633,-16.51383],[30.82191,-16.51624],[30.81638,-16.50914],[30.81775,-16.49486],[30.80352,-16.47544],[30.80722,-16.46707],[30.8046,-16.46799],[30.79933,-16.46231],[30.8018,-16.45904],[30.80358,-16.46185],[30.80608,-16.46005],[30.80317,-16.45657],[30.80712,-16.45592],[30.80613,-16.45174],[30.80897,-16.45208],[30.80695,-16.44674],[30.80961,-16.44827],[30.81396,-16.44262],[30.80478,-16.43886],[30.80681,-16.43364],[30.79992,-16.43327],[30.80231,-16.43108],[30.79534,-16.42679],[30.79843,-16.424],[30.79253,-16.41686]]]}},{"type":"Feature","properties":{"id":"ZWE:ADM2:62879985B95307090216295","name":"Beitbridge","countryCode":"ZWE","adminLevel":2,"sourceCode":"62879985B95307090216295","parentId":"ZWE:ADM1:ZWE-530"},"geometry":{"type":"Polygon","coordinates":[[[30.94401,-22.11279],[30.93118,-22.10533],[30.93528,-22.0862],[30.9313,-22.07383],[30.91708,-22.07357],[30.89974,-22.08351],[30.8895,-22.08432],[30.8734,-22.04181],[30.85952,-22.03435],[30.85741,-22.01667],[30.83296,-21.99748],[30.80369,-21.99907],[30.7966,-21.98082],[30.80106,-21.97527],[30.80872,-21.97484],[30.80684,-21.96976],[30.79806,-21.96423],[30.78331,-21.96461],[30.76156,-21.94918],[30.75417,-21.93263],[30.77126,-21.92221],[30.76025,-21.91348],[30.76137,-21.90702],[30.75027,-21.90353],[30.7381,-21.89126],[30.72763,-21.8903],[30.73047,-21.87507],[30.71665,-21.87527],[30.71276,-21.87212],[30.71015,-21.86183],[30.71508,-21.85596],[30.71082,-21.85027],[30.70288,-21.84725],[30.68521,-21.83156],[30.67022,-21.82945],[30.66978,-21.82374],[30.67419,-21.81744],[30.66507,-21.81125],[30.66902,-21.79719],[30.66522,-21.78162],[30.65321,-21.78138],[30.63535,-21.77135],[30.63756,-21.76399],[30.64881,-21.75313],[30.64896,-21.74885],[30.64448,-21.74811],[30.63157,-21.75939],[30.61952,-21.76325],[30.60715,-21.74582],[30.59954,-21.74305],[30.59647,-21.7519],[30.59018,-21.75404],[30.58211,-21.73595],[30.57121,-21.73744],[30.56219,-21.72983],[30.55396,-21.74533],[30.54426,-21.74792],[30.54084,-21.745],[30.54311,-21.736],[30.53528,-21.72831],[30.53411,-21.71993],[30.52433,-21.71982],[30.51847,-21.71148],[30.50376,-21.71026],[30.49822,-21.70497],[30.50191,-21.69142],[30.49923,-21.68178],[30.50759,-21.67415],[30.50654,-21.66048],[30.49209,-21.65648],[30.48252,-21.66322],[30.47039,-21.65157],[30.45022,-21.65257],[30.44609,-21.64703],[30.44636,-21.63573],[30.44335,-21.63121],[30.42693,-21.63051],[30.40753,-21.62456],[30.39523,-21.60882],[30.38119,-21.61084],[30.37222,-21.60103],[30.36109,-21.59486],[30.35592,-21.59558],[30.33827,-21.61108],[30.32815,-21.6002],[30.30605,-21.6014],[30.29498,-21.59532],[30.2757,-21.59693],[30.26391,-21.59159],[30.2334,-21.59438],[30.22924,-21.58803],[30.24168,-21.57078],[30.24303,-21.55885],[30.24052,-21.54972],[30.23075,-21.54401],[30.21828,-21.55386],[30.20855,-21.53868],[30.19303,-21.52866],[30.17252,-21.53186],[30.16611,-21.51619],[30.17015,-21.50409],[30.16578,-21.50049],[30.14618,-21.50581],[30.12688,-21.49652],[30.09614,-21.50074],[30.09703,-21.49279],[30.10703,-21.48752],[30.10866,-21.48341],[30.09355,-21.47622],[30.07274,-21.47894],[30.06888,-21.45939],[30.04154,-21.4394],[30.04021,-21.42303],[30.02472,-21.40736],[30.01882,-21.38783],[29.99908,-21.37126],[29.95382,-21.35363],[29.94812,-21.34887],[29.93642,-21.30828],[29.9214,-21.29852],[29.91885,-21.27678],[29.90624,-21.26941],[29.8548,-21.31032],[29.8907,-21.32847],[29.89638,-21.35927],[29.80353,-21.49895],[29.49588,-21.45399],[29.51976,-21.51474],[29.42987,-21.54677],[29.35992,-21.56118],[29.29873,-21.65386],[29.24794,-21.74742],[29.2375,-21.75764],[29.23222,-21.7679],[29.23488,-21.76859],[29.23293,-21.77669],[29.22894,-21.7774],[29.2282,-21.78317],[29.22398,-21.78681],[29.22591,-21.80284],[29.21717,-21.81667],[29.20622,-21.82074],[29.20802,-21.82892],[29.21508,-21.83441],[29.21589,-21.83928],[29.20449,-21.84063],[29.19884,-21.84995],[29.20087,-21.85827],[29.17839,-21.87419],[29.1881,-21.89766],[29.03772,-21.99684],[29.05019,-22.01663],[29.07165,-22.03798],[29.09354,-22.05362],[29.12381,-22.06633],[29.15859,-22.07358],[29.18503,-22.07466],[29.20448,-22.07234],[29.24825,-22.05847],[29.25701,-22.06317],[29.27379,-22.08517],[29.28464,-22.11539],[29.33614,-22.15988],[29.35232,-22.18166],[29.36283,-22.19025],[29.38022,-22.19088],[29.42509,-22.17019],[29.46532,-22.16321],[29.48497,-22.16503],[29.51581,-22.17639],[29.5254,-22.17456],[29.5454,-22.16533],[29.57821,-22.13911],[29.58343,-22.13922],[29.60909,-22.15396],[29.61765,-22.14902],[29.62612,-22.13414],[29.65503,-22.12333],[29.66297,-22.12449],[29.67479,-22.1371],[29.69574,-22.13526],[29.71638,-22.14184],[29.7734,-22.13827],[29.81174,-22.16464],[29.83383,-22.17008],[29.85679,-22.17118],[29.88614,-22.19019],[29.93013,-22.18616],[29.98785,-22.15269],[30.05141,-22.16248],[30.05486,-22.25411],[30.07492,-22.27185],[30.10047,-22.28462],[30.12501,-22.30885],[30.13209,-22.3088],[30.15824,-22.29877],[30.23324,-22.2946],[30.23897,-22.30608],[30.2553,-22.31594],[30.27458,-22.34503],[30.2893,-22.35487],[30.31771,-22.34544],[30.3359,-22.34875],[30.39087,-22.34706],[30.4553,-22.32859],[30.48543,-22.31431],[30.50366,-22.32023],[30.5295,-22.32305],[30.54914,-22.33007],[30.55553,-22.32906],[30.57169,-22.31839],[30.60124,-22.31895],[30.62077,-22.33191],[30.63054,-22.33438],[30.63899,-22.3306],[30.65016,-22.31638],[30.66134,-22.30916],[30.67133,-22.3082],[30.70696,-22.31479],[30.83329,-22.2892],[30.86558,-22.29522],[30.88346,-22.30265],[30.89907,-22.29433],[30.9329,-22.3002],[30.93969,-22.3033],[30.94583,-22.31243],[30.97049,-22.31374],[30.9734,-22.32192],[30.98234,-22.3256],[30.98982,-22.32496],[30.99509,-22.31549],[30.99979,-22.31374],[31.03663,-22.33105],[31.07048,-22.33738],[31.08704,-22.34527],[31.09844,-22.34526],[31.11333,-22.33753],[31.09856,-22.31432],[31.0861,-22.302],[31.08409,-22.28972],[31.0802,-22.28851],[31.06831,-22.29406],[31.06113,-22.28522],[31.05123,-22.28589],[31.04958,-22.27158],[31.0533,-22.26661],[31.0343,-22.26673],[31.02761,-22.25187],[31.01309,-22.25043],[31.01624,-22.23314],[31.03185,-22.23579],[31.03626,-22.23019],[31.0345,-22.224],[31.02036,-22.21841],[31.01094,-22.22754],[31.00593,-22.22459],[31.01329,-22.20839],[31.00239,-22.20722],[31.00976,-22.19396],[31.00534,-22.17864],[30.98767,-22.17423],[30.98944,-22.16922],[30.98296,-22.16185],[30.96263,-22.15979],[30.95468,-22.15508],[30.94786,-22.1365],[30.94806,-22.125],[30.94401,-22.11279]]]}},{"type":"Feature","properties":{"id":"ZWE:ADM2:62879985B95649455057602","name":"Bindura Urban","countryCode":"ZWE","adminLevel":2,"sourceCode":"62879985B95649455057602","parentId":"ZWE:ADM1:ZWE-524"},"geometry":{"type":"Polygon","coordinates":[[[31.31847,-17.31754],[31.31838,-17.33097],[31.34797,-17.32175],[31.35808,-17.34149],[31.36938,-17.33838],[31.36431,-17.31668],[31.34739,-17.31116],[31.34617,-17.27719],[31.3187,-17.28528],[31.31847,-17.31754]]]}},{"type":"Feature","properties":{"id":"ZWE:ADM2:62879985B9904230629136","name":"Lupane","countryCode":"ZWE","adminLevel":2,"sourceCode":"62879985B9904230629136","parentId":"ZWE:ADM1:ZWE-526"},"geometry":{"type":"Polygon","coordinates":[[[27.22188,-18.49898],[27.19283,-18.51084],[27.18633,-18.50865],[27.18085,-18.51159],[27.17692,-18.52147],[27.16657,-18.5276],[27.15752,-18.54043],[27.1481,-18.54762],[27.14784,-18.55742],[27.13578,-18.56364],[27.13518,-18.57098],[27.14032,-18.58028],[27.13588,-18.59041],[27.12235,-18.59042],[27.11824,-18.58699],[27.11387,-18.59009],[27.10334,-18.58797],[27.07419,-18.59857],[27.036,-18.66585],[27.14154,-18.73342],[27.15701,-18.73167],[27.1534,-18.76115],[27.18162,-18.7776],[27.24268,-18.78283],[27.33632,-18.80557],[27.36637,-18.86003],[27.28308,-18.95578],[27.4683,-19.09808],[27.70871,-19.09198],[27.70301,-19.09329],[27.70334,-19.09849],[27.69877,-19.09778],[27.69409,-19.10662],[27.69224,-19.1007],[27.68615,-19.09942],[27.68328,-19.10421],[27.69642,-19.11746],[27.6963,-19.12642],[27.70408,-19.13005],[27.70478,-19.15159],[27.6966,-19.16131],[27.70224,-19.16346],[27.69923,-19.17084],[27.70322,-19.17893],[27.70606,-19.20147],[27.71342,-19.20638],[27.71409,-19.2207],[27.72308,-19.22355],[27.7248,-19.23323],[27.73244,-19.24014],[27.73461,-19.24939],[27.74162,-19.25167],[27.74104,-19.25688],[27.73847,-19.26051],[27.7223,-19.2545],[27.71029,-19.25657],[27.70767,-19.25079],[27.6978,-19.25531],[27.70138,-19.27439],[27.69527,-19.28594],[27.68862,-19.28404],[27.68643,-19.29141],[27.68904,-19.29735],[27.68278,-19.30071],[27.68487,-19.31541],[27.68249,-19.3184],[27.6749,-19.3137],[27.66925,-19.31856],[27.67113,-19.3231],[27.67625,-19.31994],[27.67779,-19.3248],[27.6748,-19.32853],[27.669,-19.32772],[27.66704,-19.33445],[27.67506,-19.33356],[27.6778,-19.3402],[27.67225,-19.34183],[27.66114,-19.33405],[27.65884,-19.34021],[27.67064,-19.35269],[27.66603,-19.35797],[27.65689,-19.35675],[27.65493,-19.36008],[27.658,-19.36477],[27.66492,-19.3655],[27.66202,-19.37304],[27.66433,-19.37742],[27.6756,-19.37571],[27.68193,-19.38422],[27.6868,-19.38543],[27.6937,-19.37764],[27.69977,-19.37642],[27.70285,-19.38088],[27.69397,-19.3924],[27.69919,-19.39418],[27.70644,-19.39118],[27.7279,-19.40073],[27.72798,-19.40551],[27.71748,-19.40414],[27.71493,-19.41711],[27.71578,-19.42141],[27.72724,-19.42643],[27.72656,-19.42926],[27.71793,-19.42902],[27.71571,-19.4321],[27.71546,-19.44086],[27.72462,-19.45488],[27.7213,-19.47012],[27.73173,-19.4736],[27.73943,-19.48494],[27.7494,-19.48737],[27.75552,-19.49618],[27.76955,-19.49438],[27.77306,-19.50007],[27.78023,-19.50157],[27.78972,-19.49304],[27.79543,-19.49428],[27.80872,-19.48839],[27.8164,-19.49349],[27.93987,-19.40737],[28.2137,-19.18893],[28.26008,-19.20195],[28.25803,-19.21485],[28.28465,-19.21966],[28.285,-19.17743],[28.29333,-19.13425],[28.43691,-19.15819],[28.43549,-19.07913],[28.38179,-19.06015],[28.36667,-19.06043],[28.35364,-19.05462],[28.31485,-19.04742],[28.30954,-18.8228],[28.29988,-18.79646],[28.31819,-18.78924],[28.32322,-18.77368],[28.32254,-18.75385],[28.32647,-18.75033],[28.32731,-18.74383],[28.32073,-18.72942],[28.32396,-18.71414],[28.30631,-18.68515],[28.30555,-18.67981],[28.31404,-18.67512],[28.31632,-18.66751],[28.30528,-18.659],[28.28958,-18.56663],[28.28112,-18.56398],[28.27135,-18.56566],[28.25904,-18.56081],[28.24288,-18.56731],[28.23596,-18.56409],[28.22175,-18.56583],[28.20698,-18.55718],[28.19748,-18.55979],[28.17907,-18.55211],[28.16366,-18.55168],[28.15229,-18.55808],[28.14217,-18.54876],[28.12004,-18.54498],[28.11124,-18.53829],[28.10804,-18.54136],[28.10025,-18.53862],[28.09573,-18.54333],[28.08623,-18.541],[28.07107,-18.55286],[28.06497,-18.55221],[28.05862,-18.54695],[28.04228,-18.54657],[28.03034,-18.5514],[27.99946,-18.54674],[27.99903,-18.52122],[28.00205,-18.51797],[27.99994,-18.49778],[28.00133,-18.36306],[28.00119,-18.35023],[27.99876,-18.34894],[27.9975,-18.23721],[27.99397,-18.23923],[27.98672,-18.23686],[27.98026,-18.24198],[27.97379,-18.23977],[27.95774,-18.2423],[27.95367,-18.24478],[27.9511,-18.25426],[27.94415,-18.25577],[27.92775,-18.26917],[27.91901,-18.2735],[27.91289,-18.27035],[27.90718,-18.27096],[27.90709,-18.27395],[27.90534,-18.27073],[27.90229,-18.27257],[27.89758,-18.28634],[27.87661,-18.30233],[27.87703,-18.31329],[27.86214,-18.32746],[27.85782,-18.33692],[27.85409,-18.3859],[27.57525,-18.42667],[27.51771,-18.36637],[27.33293,-18.41063],[27.34336,-18.43666],[27.46555,-18.4387],[27.38919,-18.49727],[27.31057,-18.50047],[27.29855,-18.48992],[27.29616,-18.49852],[27.28703,-18.49761],[27.27931,-18.50105],[27.27752,-18.50757],[27.26513,-18.50776],[27.24732,-18.49407],[27.2308,-18.49974],[27.22308,-18.50112],[27.22188,-18.49898]]]}},{"type":"Feature","properties":{"id":"ZWE:ADM2:62879985B99568881619892","name":"Chipinge","countryCode":"ZWE","adminLevel":2,"sourceCode":"62879985B99568881619892","parentId":"ZWE:ADM1:ZWE-529"},"geometry":{"type":"Polygon","coordinates":[[[32.28438,-20.45518],[32.28913,-20.48964],[32.28272,-20.51725],[32.28775,-20.53193],[32.28881,-20.5581],[32.27122,-20.59985],[32.25685,-20.61673],[32.26085,-20.64575],[32.25601,-20.66948],[32.24755,-20.68144],[32.22774,-20.69215],[32.22526,-20.69974],[32.22768,-20.71181],[32.21729,-20.72967],[32.21269,-20.75084],[32.20893,-20.75268],[32.20913,-20.76899],[32.2197,-20.78066],[32.21084,-20.79709],[32.19659,-20.80432],[32.18328,-20.84046],[32.15686,-20.87758],[32.15627,-20.89092],[32.14962,-20.90407],[32.13983,-20.91426],[32.13555,-20.92662],[32.14008,-20.93804],[32.14731,-20.94008],[32.1571,-20.94897],[32.15868,-20.96083],[32.15203,-20.97837],[32.15773,-20.99777],[32.16489,-21.00534],[32.19054,-21.01638],[32.19606,-21.02404],[32.19527,-21.0355],[32.18602,-21.04553],[32.19466,-21.06426],[32.21649,-21.06856],[32.22471,-21.07698],[32.23381,-21.07952],[32.24045,-21.09755],[32.25773,-21.09688],[32.27072,-21.10452],[32.28578,-21.15964],[32.28922,-21.18435],[32.30588,-21.20225],[32.30466,-21.2102],[32.31244,-21.22215],[32.3379,-21.24608],[32.37655,-21.25474],[32.39236,-21.2625],[32.41749,-21.2933],[32.43585,-21.30483],[32.45261,-21.30967],[32.48023,-21.32725],[32.47614,-21.3104],[32.43365,-21.25033],[32.42482,-21.24228],[32.42944,-21.23167],[32.41858,-21.22595],[32.40883,-21.21165],[32.40069,-21.20731],[32.39638,-21.19862],[32.39717,-21.19289],[32.39411,-21.18887],[32.39885,-21.1805],[32.41319,-21.17382],[32.39374,-21.16206],[32.39069,-21.16535],[32.38436,-21.16259],[32.38311,-21.15952],[32.39034,-21.15697],[32.38072,-21.14595],[32.36298,-21.1396],[32.37787,-21.12327],[32.38318,-21.122],[32.38023,-21.10959],[32.48753,-20.98974],[32.52434,-20.90704],[32.50223,-20.81363],[32.49419,-20.71699],[32.50302,-20.71069],[32.49442,-20.69945],[32.49247,-20.6772],[32.48578,-20.67053],[32.49332,-20.66954],[32.49522,-20.66546],[32.49399,-20.66187],[32.48836,-20.65992],[32.48991,-20.65617],[32.48532,-20.65503],[32.48939,-20.6534],[32.48722,-20.65128],[32.49007,-20.64973],[32.49058,-20.64222],[32.49534,-20.64409],[32.49499,-20.63822],[32.49161,-20.63749],[32.4954,-20.62966],[32.50363,-20.62746],[32.49713,-20.62514],[32.4985,-20.62168],[32.50492,-20.62073],[32.49824,-20.61155],[32.50306,-20.60713],[32.50767,-20.6079],[32.50833,-20.59914],[32.52101,-20.59293],[32.56693,-20.55287],[32.66761,-20.55445],[32.76104,-20.41525],[32.80618,-20.36543],[32.80356,-20.34186],[32.87281,-20.27603],[32.86665,-20.27191],[32.86384,-20.25826],[32.87069,-20.24894],[32.87438,-20.23263],[32.86144,-20.22598],[32.85789,-20.22922],[32.84779,-20.2197],[32.84847,-20.19361],[32.87426,-20.18725],[32.8692,-20.1624],[32.86259,-20.1527],[32.87038,-20.14372],[32.8615,-20.1348],[32.86762,-20.12826],[32.87017,-20.10356],[32.85808,-20.11024],[32.85215,-20.08092],[32.86367,-20.0704],[32.86173,-20.05933],[32.85839,-20.05601],[32.84853,-20.0559],[32.79306,-20.07474],[32.73817,-20.08812],[32.74444,-20.05883],[32.74042,-20.05646],[32.73505,-20.04359],[32.73046,-20.04135],[32.73168,-20.03585],[32.67211,-20.04493],[32.59589,-20.07554],[32.64146,-19.99905],[32.5797,-19.94919],[32.6013,-19.91596],[32.58502,-19.91295],[32.57251,-19.92527],[32.56329,-19.92617],[32.53394,-19.91584],[32.51407,-19.92379],[32.5016,-19.91917],[32.48624,-19.91856],[32.46857,-19.92878],[32.44228,-19.95157],[32.42352,-19.95605],[32.42196,-19.9614],[32.4158,-19.96089],[32.40998,-19.96512],[32.39267,-19.96214],[32.38534,-19.95369],[32.36361,-19.94034],[32.35245,-19.94373],[32.34819,-19.94088],[32.34053,-19.94897],[32.34575,-19.96947],[32.34059,-19.99997],[32.3434,-20.01843],[32.33728,-20.04217],[32.34505,-20.07891],[32.33957,-20.09603],[32.33906,-20.15745],[32.32716,-20.18754],[32.31971,-20.26008],[32.3146,-20.269],[32.29571,-20.34489],[32.28438,-20.45518]],[[32.6137,-20.22519],[32.59765,-20.22196],[32.59442,-20.21063],[32.61035,-20.20481],[32.5999,-20.16883],[32.61501,-20.16494],[32.62365,-20.17559],[32.63942,-20.17798],[32.64736,-20.20324],[32.63613,-20.20227],[32.6364,-20.20575],[32.65161,-20.21489],[32.66067,-20.23773],[32.6137,-20.22519]]]}}],"admin1":{"type":"FeatureCollection","features":[{"type":"Feature","properties":{"id":"ZWE:ADM1:ZWE-524","name":"Mashonaland Central","countryCode":"ZWE"},"geometry":{"type":"Polygon","coordinates":[[[31.13456,-17.46521],[31.12639,-17.46533],[31.12507,-17.46869],[31.11922,-17.4701],[31.1162,-17.47709],[31.11971,-17.47862],[31.11859,-17.4822],[31.12489,-17.48437],[31.12545,-17.49241],[31.10845,-17.50618],[31.1124,-17.51269],[31.10883,-17.51686],[31.1161,-17.51857],[31.12083,-17.52497],[31.1148,-17.54275],[31.06387,-17.54392],[31.05843,-17.61629],[31.05178,-17.61284],[31.06761,-17.63446],[31.05225,-17.6413],[31.07395,-17.687],[31.08167,-17.73041],[31.04632,-17.74023],[31.04155,-17.73243],[31.03754,-17.73738],[31.02591,-17.7271],[31.02618,-17.73918],[30.99563,-17.73713],[30.97548,-17.71883],[30.96255,-17.71391],[30.95535,-17.66052],[30.93049,-17.66211],[30.92853,-17.70061],[30.91271,-17.68718],[30.84461,-17.6505],[30.83749,-17.66273],[30.78985,-17.63997],[30.76007,-17.6043],[30.78542,-17.5577],[30.72849,-17.55261],[30.69125,-17.55964],[30.64476,-17.55193],[30.61149,-17.55194],[30.61236,-17.51832],[30.6213,-17.47627],[30.61952,-17.45496],[30.63235,-17.40634],[30.61773,-17.36284],[30.66848,-17.25124],[30.67145,-17.24097],[30.65514,-17.2362],[30.68196,-17.21772],[30.71831,-17.1558],[30.73887,-17.0613],[30.69211,-17.05081],[30.66931,-17.06316],[30.66302,-17.03617],[30.64059,-17.04809],[30.63653,-17.02743],[30.63345,-17.02509],[30.61901,-17.0298],[30.59836,-17.03127],[30.58082,-17.0425],[30.57692,-17.05181],[30.54626,-17.05242],[30.54216,-17.02164],[30.53684,-17.01302],[30.54036,-17.00177],[30.5369,-16.99801],[30.54205,-16.98822],[30.55075,-16.98627],[30.55236,-16.98151],[30.54868,-16.97267],[30.52957,-16.96647],[30.53388,-16.96137],[30.52755,-16.95951],[30.52695,-16.94274],[30.52083,-16.93709],[30.52211,-16.9317],[30.51876,-16.92222],[30.52345,-16.91809],[30.52527,-16.88454],[30.51797,-16.87041],[30.52308,-16.86543],[30.52031,-16.86011],[30.5241,-16.85326],[30.52133,-16.84707],[30.50977,-16.84152],[30.51014,-16.83449],[30.50312,-16.83369],[30.50572,-16.83125],[30.50374,-16.81711],[30.49762,-16.81526],[30.49712,-16.80577],[30.48915,-16.80227],[30.48457,-16.79074],[30.50641,-16.76715],[30.51018,-16.75687],[30.52161,-16.74397],[30.51845,-16.73538],[30.52792,-16.73],[30.52551,-16.72512],[30.51823,-16.72379],[30.51916,-16.71494],[30.51033,-16.69588],[30.51459,-16.68181],[30.51003,-16.68078],[30.50177,-16.68526],[30.49753,-16.67585],[30.47166,-16.67198],[30.45577,-16.66358],[30.44794,-16.66362],[30.43965,-16.6562],[30.42221,-16.65524],[30.41374,-16.64537],[30.40664,-16.64898],[30.40275,-16.64711],[30.39939,-16.64463],[30.39946,-16.63801],[30.39474,-16.63449],[30.39679,-16.63074],[30.39475,-16.62297],[30.37828,-16.6085],[30.37252,-16.59451],[30.37778,-16.57376],[30.38594,-16.56473],[30.38026,-16.55514],[30.38784,-16.54661],[30.38834,-16.52978],[30.39543,-16.52627],[30.39742,-16.51676],[30.40689,-16.51377],[30.40378,-16.48922],[30.40844,-16.47944],[30.40779,-16.46932],[30.41364,-16.46146],[30.41603,-16.45049],[30.40629,-16.43795],[30.4185,-16.43175],[30.41796,-16.4256],[30.42345,-16.42316],[30.4275,-16.41323],[30.43332,-16.40815],[30.43817,-16.39383],[30.43067,-16.38497],[30.42762,-16.37146],[30.41747,-16.3551],[30.42161,-16.35089],[30.41877,-16.34661],[30.42003,-16.33911],[30.42825,-16.33907],[30.37409,-16.33477],[30.35932,-16.34064],[30.34295,-16.335],[30.32765,-16.33714],[30.32037,-16.33519],[30.31616,-16.33045],[30.31838,-16.32425],[30.31498,-16.31778],[30.30168,-16.31161],[30.3021,-16.2904],[30.2949,-16.27675],[30.27669,-16.26999],[30.25419,-16.27623],[30.24418,-16.26732],[30.23421,-16.26494],[30.21773,-16.26822],[30.20711,-16.27625],[30.20689,-16.29961],[30.21426,-16.30957],[30.20567,-16.31564],[30.21034,-16.32903],[30.20841,-16.33637],[30.19761,-16.34898],[30.16388,-16.35475],[30.14424,-16.36879],[30.09128,-16.37245],[30.08121,-16.38912],[30.08636,-16.39871],[30.08341,-16.40364],[30.06557,-16.39824],[30.04952,-16.38658],[30.05031,-16.36555],[30.05824,-16.35408],[30.05842,-16.34555],[30.06509,-16.34303],[30.06355,-16.33284],[30.07407,-16.32052],[30.08579,-16.31763],[30.09171,-16.30701],[30.08925,-16.30305],[30.0941,-16.29344],[30.09035,-16.28793],[30.09488,-16.28353],[30.09525,-16.27451],[30.09042,-16.25997],[30.09318,-16.24882],[30.09006,-16.228],[30.09557,-16.22785],[30.11205,-16.21299],[30.11993,-16.203],[30.12329,-16.19243],[30.13522,-16.18577],[30.14149,-16.17734],[30.13842,-16.16765],[30.13972,-16.16107],[30.13368,-16.16559],[30.12786,-16.16241],[30.1245,-16.16848],[30.12863,-16.17106],[30.12473,-16.17276],[30.11394,-16.16723],[30.11371,-16.16428],[30.11892,-16.16361],[30.11199,-16.15814],[30.10984,-16.1469],[30.09905,-16.13109],[30.10272,-16.12828],[30.09852,-16.12621],[30.10418,-16.12473],[30.08746,-16.11844],[30.08583,-16.10471],[30.07829,-16.10131],[30.08086,-16.09414],[30.07881,-16.09199],[30.08907,-16.07477],[30.09901,-16.07287],[30.09426,-16.0671],[30.09542,-16.06231],[30.1005,-16.06329],[30.09942,-16.04943],[30.11009,-16.04407],[30.09356,-16.04431],[30.0961,-16.0394],[30.09258,-16.03404],[30.08784,-16.03892],[30.08666,-16.03398],[30.08236,-16.0366],[30.07509,-16.03387],[30.07224,-16.02997],[30.0742,-16.0276],[30.06502,-16.02351],[30.06359,-16.0163],[30.05891,-16.01625],[30.0633,-16.00564],[30.06115,-16.00082],[30.05534,-16.00329],[30.04628,-16.0012],[30.052,-15.99385],[30.05155,-15.98829],[30.15128,-15.9189],[30.33452,-15.7503],[30.31308,-15.71682],[30.28633,-15.70168],[30.28544,-15.64461],[30.32176,-15.64302],[30.33264,-15.64846],[30.35457,-15.6523],[30.39532,-15.63698],[30.4224,-15.61854],[30.4219,-16.0008],[30.90547,-15.99917],[30.91489,-15.99636],[30.93124,-16.00565],[30.93619,-16.00434],[30.9408,-16.00953],[30.94772,-16.00995],[30.95806,-16.02628],[30.95841,-16.03231],[30.95523,-16.0344],[30.96557,-16.04106],[30.96416,-16.04402],[30.97104,-16.05057],[30.98849,-16.05947],[31.00684,-16.05698],[31.01258,-16.04993],[31.01706,-16.04976],[31.02511,-16.03881],[31.02383,-16.03457],[31.02851,-16.02159],[31.04382,-16.02115],[31.05182,-16.0176],[31.05809,-16.01171],[31.0632,-15.99969],[31.06646,-16.00245],[31.0619,-16.01416],[31.06504,-16.0182],[31.07798,-16.01182],[31.08811,-16.01642],[31.08787,-16.00883],[31.09442,-16.00866],[31.09882,-16.00216],[31.10471,-16.00089],[31.10666,-15.99581],[31.14395,-15.98465],[31.15003,-15.98987],[31.15804,-15.98684],[31.18047,-15.98869],[31.18474,-15.99375],[31.18657,-16.00467],[31.20736,-16.00352],[31.22505,-16.00712],[31.23813,-16.00059],[31.24946,-16.0096],[31.25691,-16.00597],[31.26327,-16.00833],[31.27548,-16.00213],[31.29399,-16.0175],[31.29699,-16.01715],[31.30001,-16.01011],[31.30747,-16.01448],[31.30878,-16.01969],[31.31265,-16.01802],[31.31642,-16.02537],[31.32059,-16.02369],[31.32857,-16.03838],[31.34392,-16.0458],[31.34464,-16.05117],[31.33665,-16.05743],[31.33864,-16.06656],[31.35564,-16.0738],[31.37194,-16.09253],[31.39727,-16.10907],[31.4035,-16.11899],[31.40431,-16.13556],[31.41314,-16.14033],[31.42383,-16.13329],[31.43451,-16.14036],[31.43457,-16.15025],[31.42442,-16.15409],[31.42679,-16.15913],[31.44335,-16.1536],[31.45092,-16.15433],[31.45246,-16.15921],[31.45682,-16.15585],[31.46131,-16.15878],[31.46915,-16.15358],[31.47377,-16.15626],[31.49042,-16.15478],[31.49959,-16.16908],[31.51737,-16.16247],[31.52254,-16.16863],[31.53665,-16.16873],[31.53769,-16.17369],[31.55743,-16.17258],[31.56176,-16.18254],[31.57689,-16.17764],[31.59605,-16.17794],[31.61274,-16.18455],[31.62729,-16.17677],[31.63345,-16.18073],[31.63648,-16.18723],[31.64659,-16.19248],[31.66626,-16.18828],[31.68103,-16.19463],[31.70457,-16.1988],[31.70698,-16.19626],[31.7087,-16.19941],[31.71523,-16.19678],[31.72994,-16.2097],[31.73263,-16.20566],[31.73652,-16.20896],[31.73657,-16.2201],[31.75862,-16.23011],[31.7673,-16.22868],[31.77307,-16.23725],[31.77733,-16.23632],[31.78236,-16.24974],[31.79701,-16.25342],[31.79581,-16.2631],[31.80422,-16.26223],[31.80442,-16.26485],[31.81505,-16.26751],[31.81277,-16.27377],[31.82262,-16.27976],[31.81498,-16.28269],[31.81451,-16.28739],[31.82318,-16.28541],[31.82832,-16.29109],[31.82725,-16.29456],[31.83103,-16.29738],[31.82812,-16.30103],[31.82964,-16.30486],[31.8358,-16.29975],[31.83865,-16.29942],[31.83946,-16.3034],[31.8444,-16.30094],[31.84905,-16.31022],[31.85399,-16.30777],[31.86175,-16.31574],[31.86783,-16.31891],[31.87266,-16.3177],[31.87218,-16.32171],[31.87916,-16.32073],[31.87625,-16.32466],[31.8779,-16.32807],[31.88367,-16.32435],[31.89126,-16.32501],[31.89502,-16.33459],[31.89911,-16.33256],[31.90133,-16.33581],[31.89958,-16.34027],[31.90523,-16.34345],[31.90293,-16.34875],[31.90664,-16.35446],[31.90396,-16.36225],[31.90879,-16.3609],[31.91373,-16.37017],[31.91336,-16.37266],[31.90963,-16.37206],[31.91181,-16.38553],[31.90581,-16.39202],[31.90867,-16.39789],[31.9115,-16.39686],[31.91503,-16.40671],[32.03829,-16.43997],[32.05885,-16.43928],[32.27268,-16.43089],[32.4048,-16.46635],[32.56882,-16.52845],[32.71273,-16.59668],[32.70233,-16.67514],[32.70634,-16.67959],[32.7568,-16.70218],[32.74816,-16.71297],[32.73284,-16.72412],[32.70907,-16.72904],[32.69674,-16.73781],[32.68336,-16.74168],[32.66219,-16.73004],[32.65645,-16.72301],[32.649,-16.72182],[32.63014,-16.73199],[32.59373,-16.74178],[32.5751,-16.73904],[32.56189,-16.72991],[32.55007,-16.72774],[32.54516,-16.72201],[32.52747,-16.71902],[32.50998,-16.70458],[32.50111,-16.702],[32.48728,-16.70384],[32.48195,-16.69889],[32.47114,-16.7023],[32.46017,-16.69694],[32.44131,-16.70529],[32.4264,-16.70492],[32.40797,-16.7132],[32.39687,-16.71264],[32.39004,-16.71885],[32.37089,-16.71594],[32.33935,-16.74278],[32.27233,-16.7473],[32.25556,-16.76704],[32.2479,-16.77218],[32.23435,-16.77358],[32.22807,-16.78391],[32.21611,-16.7724],[32.20049,-16.76688],[32.17712,-16.77732],[32.16295,-16.77861],[32.1535,-16.7888],[32.1377,-16.79111],[32.12502,-16.78934],[32.11012,-16.79446],[32.10434,-16.7998],[32.10369,-16.80609],[32.09843,-16.80557],[32.09262,-16.80982],[32.07712,-16.80313],[32.05159,-16.80351],[32.03991,-16.81163],[32.04043,-16.82692],[32.03318,-16.82888],[32.03015,-16.83377],[32.00763,-16.84297],[32.00069,-16.85604],[32.00415,-16.87997],[32.00983,-16.8883],[32.00375,-16.90124],[32.00478,-16.9052],[31.9808,-16.92117],[31.97341,-16.92221],[31.96069,-16.91607],[31.95429,-16.91708],[31.94415,-16.93869],[31.94247,-16.95664],[31.90962,-16.97269],[31.9149,-16.97788],[31.91274,-17.001],[31.89482,-17.00086],[31.89613,-17.01067],[31.89165,-17.01578],[31.89451,-17.02066],[31.90635,-17.02241],[31.91071,-17.03236],[31.90992,-17.03826],[31.88652,-17.0614],[31.87526,-17.06998],[31.86688,-17.07073],[31.85381,-17.08223],[31.85514,-17.08949],[31.84912,-17.10317],[31.83341,-17.12314],[31.83507,-17.13135],[31.83254,-17.13625],[31.84805,-17.15103],[31.81129,-17.16799],[31.79852,-17.17785],[31.78818,-17.17886],[31.78264,-17.18523],[31.76484,-17.18646],[31.76194,-17.1953],[31.75779,-17.19825],[31.74981,-17.19898],[31.74024,-17.19535],[31.72803,-17.20214],[31.72273,-17.21603],[31.74137,-17.23647],[31.74941,-17.25846],[31.74817,-17.26913],[31.75417,-17.28054],[31.75135,-17.28809],[31.71596,-17.32199],[31.70364,-17.33013],[31.6968,-17.34038],[31.69255,-17.34185],[31.68092,-17.36219],[31.6727,-17.36875],[31.65646,-17.37442],[31.64934,-17.38597],[31.64093,-17.38654],[31.63559,-17.39207],[31.63384,-17.40052],[31.61386,-17.41654],[31.62304,-17.43296],[31.61335,-17.43236],[31.61073,-17.44134],[31.60578,-17.44325],[31.60486,-17.44734],[31.59635,-17.45295],[31.59011,-17.45436],[31.58589,-17.45181],[31.58426,-17.45951],[31.56961,-17.45863],[31.564,-17.46083],[31.56335,-17.46448],[31.54045,-17.46922],[31.53149,-17.46817],[31.52766,-17.4721],[31.52644,-17.4819],[31.51311,-17.48973],[31.50874,-17.50014],[31.50534,-17.50891],[31.50731,-17.5144],[31.47386,-17.55886],[31.47265,-17.56583],[31.47557,-17.57161],[31.46948,-17.58285],[31.45863,-17.56254],[31.37452,-17.62876],[31.33524,-17.60833],[31.3086,-17.6434],[31.29035,-17.64143],[31.27993,-17.64369],[31.28519,-17.61771],[31.2805,-17.60948],[31.2768,-17.59013],[31.28593,-17.57269],[31.28775,-17.55478],[31.30026,-17.52034],[31.30707,-17.48661],[31.29231,-17.4858],[31.27553,-17.47829],[31.26925,-17.47997],[31.2386,-17.4706],[31.22784,-17.47368],[31.13819,-17.44483],[31.14565,-17.45235],[31.13456,-17.46521]],[[31.25289,-16.82019],[31.32482,-16.7517],[31.28506,-16.78835],[31.25289,-16.82019]],[[31.11959,-17.17963],[31.13326,-17.1487],[31.12067,-17.17351],[31.11959,-17.17963]],[[31.14852,-17.41631],[31.1484,-17.40958],[31.14621,-17.42127],[31.14852,-17.41631]],[[30.80171,-16.43337],[30.80231,-16.43108],[30.79992,-16.43327],[30.80171,-16.43337]],[[30.79303,-16.41644],[30.79253,-16.41686],[30.79327,-16.41776],[30.79303,-16.41644]],[[31.2426,-16.66611],[31.28033,-16.64772],[31.27878,-16.64801],[31.2426,-16.66611]],[[31.11066,-16.02214],[31.11293,-16.0267],[31.1142,-16.0269],[31.11066,-16.02214]],[[31.11864,-16.0276],[31.12538,-16.02866],[31.13807,-16.02556],[31.11864,-16.0276]]]}},{"type":"Feature","properties":{"id":"ZWE:ADM1:ZWE-525","name":"Harare","countryCode":"ZWE"},"geometry":{"type":"Polygon","coordinates":[[[31.06585,-17.98925],[31.07359,-17.99983],[31.09654,-18.00345],[31.12711,-18.01974],[31.11175,-18.03342],[31.09118,-18.03353],[31.06145,-18.05088],[31.05949,-18.04573],[31.05012,-18.03928],[31.0498,-18.03305],[31.04222,-18.03145],[31.03404,-18.02034],[31.01837,-18.0129],[31.01177,-18.01546],[31.00275,-18.01164],[31.00263,-18.00547],[30.99446,-18.00089],[30.99996,-17.99941],[30.98806,-17.9911],[30.98736,-17.98489],[30.98032,-17.98805],[30.97396,-17.97831],[30.96779,-17.98267],[30.96054,-17.98135],[30.96032,-17.97812],[30.951,-17.97753],[30.94718,-17.97129],[30.93658,-17.96919],[30.92218,-17.96011],[30.91155,-17.95975],[30.90554,-17.96415],[30.90428,-17.96165],[30.909,-17.95625],[30.90174,-17.95741],[30.88687,-17.93641],[30.92586,-17.91695],[30.93657,-17.91189],[30.87743,-17.87548],[30.8858,-17.86773],[30.89681,-17.86912],[30.89914,-17.86568],[30.89012,-17.82641],[30.88323,-17.8111],[30.89594,-17.80107],[30.88935,-17.796],[30.89025,-17.78051],[30.90521,-17.77722],[30.9185,-17.77944],[30.90859,-17.76429],[30.94863,-17.7571],[30.95082,-17.7094],[30.97548,-17.71883],[30.99563,-17.73713],[31.02618,-17.73918],[31.02591,-17.7271],[31.03754,-17.73738],[31.04155,-17.73243],[31.04632,-17.74023],[31.08167,-17.73041],[31.07395,-17.687],[31.07884,-17.68033],[31.08441,-17.68015],[31.08881,-17.66556],[31.11538,-17.66781],[31.11886,-17.68089],[31.11615,-17.69386],[31.12211,-17.69134],[31.13882,-17.69253],[31.13787,-17.69769],[31.14826,-17.70072],[31.14389,-17.6893],[31.14697,-17.68623],[31.15158,-17.69334],[31.15909,-17.69651],[31.15437,-17.70146],[31.15722,-17.70373],[31.15992,-17.7041],[31.16377,-17.69604],[31.17255,-17.69957],[31.18121,-17.6962],[31.19729,-17.71858],[31.20041,-17.71206],[31.20544,-17.71193],[31.20981,-17.72647],[31.20149,-17.72965],[31.20208,-17.74247],[31.19604,-17.75242],[31.20122,-17.77492],[31.21183,-17.7926],[31.1921,-17.805],[31.20966,-17.81257],[31.20324,-17.81995],[31.21505,-17.82047],[31.22166,-17.84899],[31.1963,-17.8593],[31.19509,-17.86186],[31.21536,-17.87969],[31.20863,-17.87959],[31.21182,-17.88656],[31.20306,-17.88632],[31.19787,-17.88974],[31.19821,-17.89681],[31.19203,-17.9032],[31.19119,-17.91011],[31.18958,-17.91489],[31.17361,-17.90752],[31.17073,-17.9206],[31.16356,-17.92191],[31.16583,-17.92813],[31.13612,-17.92888],[31.13502,-17.94705],[31.13732,-17.9498],[31.13395,-17.95051],[31.14163,-17.95902],[31.12734,-17.96285],[31.1118,-17.98651],[31.11562,-17.99152],[31.11352,-17.99447],[31.10322,-17.98668],[31.068,-17.98335],[31.06493,-17.9801],[31.05611,-17.97929],[31.05683,-17.98381],[31.06585,-17.98925]],[[31.14291,-17.90218],[31.11764,-17.88201],[31.12501,-17.88804],[31.14291,-17.90218]]]}},{"type":"Feature","properties":{"id":"ZWE:ADM1:ZWE-526","name":"Matabeleland North","countryCode":"ZWE"},"geometry":{"type":"Polygon","coordinates":[[[28.31412,-18.56298],[28.32961,-18.56979],[28.33328,-18.56631],[28.3427,-18.56783],[28.35135,-18.56431],[28.36817,-18.56501],[28.38355,-18.56149],[28.38894,-18.56428],[28.39501,-18.55986],[28.4065,-18.56069],[28.40753,-18.55836],[28.42948,-18.56572],[28.43841,-18.56394],[28.44245,-18.56643],[28.45109,-18.56273],[28.45799,-18.56774],[28.46044,-18.56321],[28.47285,-18.56547],[28.47603,-18.56111],[28.48462,-18.56479],[28.48784,-18.56113],[28.55163,-18.55975],[28.57162,-18.55534],[28.57477,-18.55956],[28.58191,-18.56162],[28.58856,-18.55902],[28.59483,-18.56278],[28.60859,-18.55885],[28.61884,-18.56046],[28.6237,-18.55744],[28.64471,-18.56186],[28.65665,-18.55367],[28.6807,-18.55066],[28.75059,-18.57065],[28.94139,-18.57541],[29.00861,-18.58047],[29.09031,-18.57862],[29.12905,-18.61292],[29.12547,-18.63338],[28.92295,-18.70886],[28.86692,-18.72333],[28.93766,-19.0099],[28.95107,-19.02011],[28.97765,-19.02101],[28.97473,-19.0367],[28.98665,-19.04329],[28.99244,-19.05834],[29.00178,-19.06476],[29.01109,-19.0852],[29.00953,-19.08982],[29.0148,-19.09207],[29.01734,-19.10239],[29.01095,-19.10745],[29.01101,-19.11205],[29.00583,-19.11786],[29.00311,-19.12594],[29.0084,-19.12972],[29.00087,-19.1413],[28.99946,-19.15819],[29.00614,-19.17614],[29.00096,-19.18233],[29.00423,-19.18575],[29.00281,-19.19562],[29.01537,-19.20782],[29.01661,-19.21954],[29.03279,-19.24238],[29.01889,-19.25879],[29.01702,-19.26789],[29.02095,-19.27442],[29.01971,-19.28491],[29.03361,-19.3033],[29.0342,-19.31037],[29.04781,-19.31194],[29.05799,-19.33103],[29.07213,-19.33968],[29.07276,-19.35052],[29.0855,-19.35991],[29.09214,-19.37321],[29.12117,-19.3894],[29.12898,-19.38869],[29.14866,-19.39507],[29.15538,-19.40163],[29.16324,-19.42272],[29.19345,-19.44785],[29.19624,-19.45858],[29.20074,-19.46135],[29.20729,-19.45953],[29.21916,-19.47604],[29.23379,-19.4824],[29.21548,-19.5296],[29.17186,-19.49767],[29.10725,-19.49031],[29.09211,-19.50151],[29.09034,-19.50646],[29.08213,-19.50974],[29.08347,-19.5193],[29.09437,-19.53425],[29.1271,-19.53474],[29.19508,-19.56466],[29.11573,-19.60127],[29.06917,-19.65436],[29.04166,-19.65728],[29.10294,-19.70935],[29.1035,-19.77538],[29.08582,-19.80721],[29.09785,-19.81403],[29.07202,-19.82999],[29.04658,-19.85319],[28.955,-19.82168],[28.99144,-19.94269],[28.98332,-19.9568],[28.96184,-19.97282],[28.89562,-20.03987],[28.81601,-20.04466],[28.86019,-20.076],[28.79331,-20.13095],[28.79171,-20.12194],[28.77867,-20.12549],[28.77332,-20.13337],[28.77672,-20.13465],[28.77449,-20.13881],[28.77078,-20.137],[28.76783,-20.14037],[28.78122,-20.14288],[28.7528,-20.21488],[28.74242,-20.22077],[28.71388,-20.25274],[28.72243,-20.26528],[28.66905,-20.29826],[28.60532,-20.22744],[28.60835,-20.23073],[28.62704,-20.23206],[28.63802,-20.22988],[28.64091,-20.22642],[28.65055,-20.2266],[28.66249,-20.2364],[28.66507,-20.23331],[28.66315,-20.22187],[28.67234,-20.21986],[28.67359,-20.21522],[28.68457,-20.22081],[28.69317,-20.20205],[28.69678,-20.20248],[28.6965,-20.19099],[28.67563,-20.18198],[28.67695,-20.17634],[28.67033,-20.17234],[28.67518,-20.16823],[28.66446,-20.16635],[28.65126,-20.15295],[28.67654,-20.11433],[28.6512,-20.11327],[28.65748,-20.1001],[28.65663,-20.0893],[28.66045,-20.08898],[28.66792,-20.06761],[28.64358,-20.06865],[28.66178,-20.02796],[28.66799,-20.02404],[28.67117,-20.01631],[28.6436,-20.00416],[28.60724,-19.96147],[28.57376,-20.02809],[28.55416,-20.04434],[28.55371,-20.0565],[28.54693,-20.04932],[28.5477,-20.04443],[28.53076,-20.03047],[28.51265,-20.04297],[28.51302,-20.05924],[28.4687,-20.07058],[28.44584,-20.04063],[28.40871,-20.01803],[28.41514,-20.11845],[28.40412,-20.11874],[28.39667,-20.13459],[28.41538,-20.13249],[28.42814,-20.15362],[28.38741,-20.15389],[28.39776,-20.17022],[28.44255,-20.17774],[28.43691,-20.16713],[28.43781,-20.16253],[28.43251,-20.16139],[28.4315,-20.15774],[28.49144,-20.17074],[28.48098,-20.1908],[28.49994,-20.18929],[28.51311,-20.20094],[28.49657,-20.23545],[28.48105,-20.23666],[28.45877,-20.26538],[28.4297,-20.29315],[28.4131,-20.29533],[28.3896,-20.28968],[28.38038,-20.29447],[28.36609,-20.31493],[28.34343,-20.36194],[28.33159,-20.35462],[28.31441,-20.27257],[28.30661,-20.28236],[28.29067,-20.25399],[28.27621,-20.24774],[28.27103,-20.23711],[28.25105,-20.22637],[28.24973,-20.21461],[28.2371,-20.2045],[28.23527,-20.19403],[28.2224,-20.18764],[28.19921,-20.14572],[28.19007,-20.13991],[28.19107,-20.12254],[28.16619,-20.11329],[28.16133,-20.11488],[28.15455,-20.11036],[28.14887,-20.11154],[28.14102,-20.10059],[28.12788,-20.06846],[28.13467,-20.08617],[28.09194,-20.09735],[28.03344,-20.10262],[27.99264,-20.12251],[27.94419,-20.05888],[27.89717,-20.18415],[27.89027,-20.1882],[27.88012,-20.18361],[27.86833,-20.1866],[27.86107,-20.177],[27.85708,-20.18026],[27.84862,-20.17859],[27.83723,-20.17107],[27.83036,-20.17524],[27.81868,-20.17489],[27.81251,-20.17141],[27.80507,-20.15138],[27.78014,-20.14433],[27.76664,-20.13041],[27.75882,-20.1345],[27.7522,-20.11342],[27.74602,-20.10973],[27.74074,-20.09879],[27.73174,-20.09704],[27.72616,-20.08665],[27.70943,-20.07464],[27.69949,-20.07121],[27.68909,-20.06169],[27.68281,-20.05064],[27.66169,-20.04232],[27.65213,-20.03204],[27.64428,-20.01498],[27.60988,-19.99806],[27.59028,-19.97951],[27.57586,-19.95413],[27.57303,-19.93841],[27.56607,-19.92678],[27.56435,-19.89636],[27.55854,-19.8899],[27.54856,-19.88814],[27.54085,-19.88187],[27.53854,-19.87019],[27.51708,-19.85475],[27.50316,-19.85601],[27.46108,-19.84548],[27.44798,-19.84598],[27.42317,-19.82229],[27.38504,-19.79915],[27.37011,-19.80399],[27.36284,-19.80258],[27.35664,-19.79717],[27.33831,-19.80051],[27.30582,-19.79302],[27.29733,-19.7956],[27.28945,-19.80487],[27.27136,-19.81219],[27.26516,-19.82295],[27.22048,-19.81166],[27.1943,-19.81675],[27.1836,-19.81234],[27.18127,-19.80568],[27.17645,-19.80367],[27.15941,-19.80449],[27.1364,-19.79575],[27.10808,-19.80544],[27.07534,-19.80828],[27.0647,-19.81427],[27.04908,-19.80849],[26.99587,-19.8175],[26.98219,-19.81437],[26.97568,-19.8081],[26.95316,-19.8102],[26.9471,-19.81387],[26.92474,-19.81084],[26.90439,-19.8132],[26.88408,-19.81938],[26.86109,-19.82003],[26.84021,-19.83166],[26.80573,-19.84157],[26.78149,-19.85546],[26.75676,-19.8581],[26.74928,-19.86179],[26.73342,-19.8833],[26.70302,-19.89006],[26.69803,-19.88747],[26.66374,-19.88713],[26.6163,-19.876],[26.59445,-19.84417],[26.57211,-19.79317],[26.55688,-19.7821],[26.53665,-19.7747],[26.52586,-19.76547],[26.51144,-19.76517],[26.50071,-19.75729],[26.49232,-19.75523],[26.45275,-19.74994],[26.43184,-19.74064],[26.41531,-19.7234],[26.40574,-19.69057],[26.39651,-19.68144],[26.39064,-19.66705],[26.3507,-19.67239],[26.33887,-19.66452],[26.32914,-19.66317],[26.3294,-19.64838],[26.34048,-19.6289],[26.35718,-19.61102],[26.33588,-19.59973],[26.31199,-19.57357],[26.24482,-19.58223],[26.21533,-19.56004],[26.19672,-19.55614],[26.16924,-19.54133],[26.15906,-19.50547],[26.15435,-19.49955],[26.14168,-19.44632],[26.1423,-19.4362],[26.12725,-19.42536],[26.11017,-19.36206],[26.09871,-19.34583],[26.09118,-19.32157],[26.07701,-19.29606],[26.07166,-19.26901],[26.04443,-19.23599],[26.0422,-19.20752],[25.99526,-19.14909],[25.97558,-19.12959],[25.96596,-19.10658],[25.96291,-19.08031],[25.96794,-19.06062],[25.99669,-19.03019],[25.98684,-18.97671],[25.97117,-18.94974],[25.96816,-18.93769],[25.94417,-18.90194],[25.9249,-18.89679],[25.87434,-18.85921],[25.86368,-18.85343],[25.85507,-18.85263],[25.84664,-18.84442],[25.82611,-18.83488],[25.81953,-18.80379],[25.80717,-18.78871],[25.79671,-18.75049],[25.79115,-18.71784],[25.79355,-18.70608],[25.79176,-18.69587],[25.80409,-18.6838],[25.79088,-18.66095],[25.78779,-18.63392],[25.78295,-18.62298],[25.75957,-18.60306],[25.73363,-18.5927],[25.71975,-18.59062],[25.69148,-18.56927],[25.67388,-18.54537],[25.66577,-18.52565],[25.65387,-18.51223],[25.64902,-18.49524],[25.61943,-18.48528],[25.60457,-18.47519],[25.57495,-18.43227],[25.5214,-18.37917],[25.51787,-18.35948],[25.50055,-18.31505],[25.49239,-18.31025],[25.47465,-18.2753],[25.46162,-18.25796],[25.46308,-18.25002],[25.45651,-18.22488],[25.44787,-18.21711],[25.44452,-18.20206],[25.4258,-18.1742],[25.41915,-18.15572],[25.39489,-18.12028],[25.38853,-18.11713],[25.37455,-18.11712],[25.3687,-18.11347],[25.36265,-18.09192],[25.32009,-18.07648],[25.3166,-18.06212],[25.29863,-18.04195],[25.28208,-18.00546],[25.28238,-17.98695],[25.26862,-17.95155],[25.25247,-17.93734],[25.2376,-17.90856],[25.2426,-17.89706],[25.2392,-17.87321],[25.2488,-17.84609],[25.26477,-17.81606],[25.26303,-17.79012],[25.31038,-17.82361],[25.34836,-17.8376],[25.36897,-17.83141],[25.38098,-17.8415],[25.39632,-17.84894],[25.42025,-17.84567],[25.43227,-17.85085],[25.45703,-17.8399],[25.48107,-17.84695],[25.49994,-17.85814],[25.51481,-17.86247],[25.52988,-17.8568],[25.55263,-17.83557],[25.5803,-17.83617],[25.5906,-17.84081],[25.6077,-17.83694],[25.61952,-17.83865],[25.64371,-17.8326],[25.66998,-17.81238],[25.68381,-17.80838],[25.69228,-17.80926],[25.69969,-17.81414],[25.69894,-17.82547],[25.70427,-17.83497],[25.73294,-17.83948],[25.74888,-17.84755],[25.75958,-17.84287],[25.76709,-17.84456],[25.77606,-17.85409],[25.79021,-17.86036],[25.79311,-17.87665],[25.80531,-17.88558],[25.82024,-17.89079],[25.84123,-17.89385],[25.85123,-17.90585],[25.84923,-17.91685],[25.85321,-17.92685],[25.85272,-17.93612],[25.84717,-17.9409],[25.85004,-17.94919],[25.86356,-17.95215],[25.86088,-17.96385],[25.86537,-17.97414],[25.87712,-17.97568],[25.88349,-17.98387],[25.89056,-17.98267],[25.91079,-17.98883],[25.91663,-17.99916],[25.94023,-17.99509],[25.95423,-18.00043],[25.95906,-17.9977],[25.96947,-18.00145],[25.97648,-17.99795],[25.99481,-17.97777],[26.01243,-17.97324],[26.0335,-17.97837],[26.04406,-17.97032],[26.05206,-17.97849],[26.06899,-17.97922],[26.07501,-17.97667],[26.0879,-17.98225],[26.09331,-17.97764],[26.09743,-17.9653],[26.09656,-17.95839],[26.10747,-17.94711],[26.09105,-17.94367],[26.08803,-17.93512],[26.09001,-17.93207],[26.10255,-17.92318],[26.10796,-17.92547],[26.12635,-17.91682],[26.13614,-17.92027],[26.14241,-17.91409],[26.15275,-17.9168],[26.16132,-17.90875],[26.17517,-17.90592],[26.21851,-17.88066],[26.2271,-17.88892],[26.22633,-17.89691],[26.24778,-17.91624],[26.28617,-17.91667],[26.29332,-17.91966],[26.30956,-17.93483],[26.3495,-17.9273],[26.37975,-17.93518],[26.40653,-17.93459],[26.41546,-17.93747],[26.42654,-17.94906],[26.4382,-17.95268],[26.44775,-17.95186],[26.45823,-17.96293],[26.4651,-17.96133],[26.47067,-17.96437],[26.48595,-17.98048],[26.51287,-17.98821],[26.54128,-17.98375],[26.56045,-17.98502],[26.56962,-17.99246],[26.57485,-18.01555],[26.59085,-18.02362],[26.6012,-18.03371],[26.5972,-18.04507],[26.59896,-18.04828],[26.61032,-18.05291],[26.65285,-18.05397],[26.67556,-18.06766],[26.69339,-18.07403],[26.69722,-18.07201],[26.69445,-18.06531],[26.70062,-18.05721],[26.71939,-18.04506],[26.73273,-18.02987],[26.7479,-18.01868],[26.76922,-18.01649],[26.79933,-18.02278],[26.80269,-18.0203],[26.80428,-18.00931],[26.82464,-18.01173],[26.82994,-18.00965],[26.82486,-17.99778],[26.83068,-17.99063],[26.86147,-17.99215],[26.8684,-17.98976],[26.87635,-17.98129],[26.8957,-17.98714],[26.92345,-17.97499],[26.93576,-17.97113],[26.95304,-17.96893],[26.96772,-17.96258],[26.98407,-17.96771],[26.99836,-17.9587],[27.01989,-17.95221],[27.04076,-17.96017],[27.0823,-17.90063],[27.15342,-17.8349],[27.14413,-17.80492],[27.31962,-17.58786],[27.54635,-17.41577],[27.62072,-17.33193],[27.62985,-17.25326],[27.64277,-17.22542],[27.74929,-17.08209],[27.82683,-16.96382],[27.91925,-16.92388],[28.01396,-16.87658],[28.02319,-16.88597],[28.02984,-16.89618],[28.02878,-16.92592],[28.03301,-16.94892],[28.02036,-16.98048],[28.02122,-16.98475],[28.02913,-16.99762],[28.04014,-17.00787],[28.03254,-17.01915],[28.04755,-17.02302],[28.06531,-17.02288],[28.06775,-17.02633],[28.04695,-17.04532],[28.05273,-17.06127],[28.05231,-17.08438],[28.04773,-17.09074],[28.03245,-17.09753],[28.03211,-17.10174],[28.04625,-17.11137],[28.06273,-17.09905],[28.07092,-17.10104],[28.09287,-17.124],[28.08738,-17.13412],[28.09511,-17.14788],[28.10816,-17.13904],[28.11803,-17.1364],[28.13469,-17.13976],[28.14304,-17.14534],[28.14342,-17.15471],[28.13104,-17.16761],[28.13617,-17.18346],[28.1355,-17.19534],[28.14584,-17.20458],[28.15388,-17.20195],[28.15596,-17.21287],[28.15245,-17.21818],[28.13762,-17.21807],[28.13601,-17.22141],[28.13836,-17.22831],[28.15052,-17.23176],[28.1437,-17.24253],[28.16407,-17.2496],[28.16467,-17.25442],[28.15661,-17.25437],[28.15081,-17.25791],[28.14715,-17.24957],[28.14218,-17.25272],[28.14213,-17.26084],[28.15304,-17.26585],[28.17056,-17.26773],[28.17197,-17.27269],[28.16598,-17.27365],[28.16451,-17.27899],[28.17212,-17.2822],[28.1721,-17.28577],[28.16544,-17.29664],[28.16352,-17.30714],[28.17177,-17.30797],[28.17312,-17.32344],[28.18204,-17.31576],[28.19785,-17.32911],[28.19327,-17.33603],[28.19634,-17.34179],[28.20459,-17.34223],[28.20991,-17.35038],[28.22105,-17.35004],[28.23382,-17.35506],[28.24239,-17.37294],[28.2394,-17.39195],[28.24266,-17.3997],[28.25037,-17.40096],[28.24744,-17.40356],[28.24348,-17.4251],[28.25117,-17.43906],[28.2512,-17.44622],[28.22772,-17.46933],[28.2227,-17.48812],[28.2269,-17.50404],[28.21661,-17.51225],[28.20866,-17.52586],[28.20944,-17.54073],[28.20456,-17.54425],[28.20978,-17.56152],[28.20223,-17.57652],[28.21631,-17.57475],[28.2188,-17.58028],[28.20894,-17.60256],[28.19794,-17.61583],[28.19698,-17.65766],[28.19306,-17.66284],[28.19484,-17.66649],[28.18105,-17.67943],[28.18426,-17.68547],[28.18229,-17.69464],[28.17171,-17.70056],[28.16522,-17.71441],[28.14327,-17.73737],[28.11671,-17.72717],[28.10158,-17.73356],[28.09378,-17.74431],[28.0971,-17.75029],[28.09345,-17.75796],[28.06991,-17.78955],[28.07427,-17.79222],[28.08079,-17.82444],[28.09123,-17.83825],[28.08639,-17.85757],[28.07683,-17.87244],[28.07961,-17.89121],[28.06935,-17.91072],[28.06591,-17.92845],[28.06854,-17.93655],[28.04986,-17.94052],[28.04325,-17.96036],[28.0127,-17.99953],[28.00828,-18.01814],[28.01756,-18.04068],[28.02556,-18.049],[28.0304,-18.06114],[28.03756,-18.06338],[28.05022,-18.05267],[28.07092,-18.0594],[28.06782,-18.07158],[28.07199,-18.10425],[28.06884,-18.10883],[28.06981,-18.13772],[28.04921,-18.15],[28.04688,-18.16065],[28.05409,-18.16822],[28.05098,-18.1804],[28.10192,-18.1862],[28.10989,-18.18995],[28.09806,-18.20523],[28.09012,-18.20679],[28.05986,-18.2024],[28.02727,-18.20562],[28.00195,-18.22323],[27.9975,-18.23721],[27.99876,-18.34894],[28.00119,-18.35023],[28.00133,-18.36306],[27.99994,-18.49778],[28.00205,-18.51797],[27.99903,-18.52122],[27.99946,-18.54674],[28.03034,-18.5514],[28.04228,-18.54657],[28.05862,-18.54695],[28.06497,-18.55221],[28.07107,-18.55286],[28.08623,-18.541],[28.09573,-18.54333],[28.10025,-18.53862],[28.10804,-18.54136],[28.11124,-18.53829],[28.12004,-18.54498],[28.14217,-18.54876],[28.15229,-18.55808],[28.16366,-18.55168],[28.17907,-18.55211],[28.19748,-18.55979],[28.20698,-18.55718],[28.22175,-18.56583],[28.23596,-18.56409],[28.24288,-18.56731],[28.25904,-18.56081],[28.27135,-18.56566],[28.28112,-18.56398],[28.28958,-18.56663],[28.31412,-18.56298]],[[27.45951,-19.19004],[27.45817,-19.18845],[27.45992,-19.19731],[27.45951,-19.19004]],[[27.45655,-19.1726],[27.45259,-19.16019],[27.45613,-19.17814],[27.45655,-19.1726]],[[27.24732,-18.49407],[27.22308,-18.50112],[27.2308,-18.49974],[27.24732,-18.49407]]]}},{"type":"Feature","properties":{"id":"ZWE:ADM1:ZWE-527","name":"Midlands","countryCode":"ZWE"},"geometry":{"type":"Polygon","coordinates":[[[29.20074,-19.46135],[29.19624,-19.45858],[29.19345,-19.44785],[29.16324,-19.42272],[29.15538,-19.40163],[29.14866,-19.39507],[29.12898,-19.38869],[29.12117,-19.3894],[29.09214,-19.37321],[29.0855,-19.35991],[29.07276,-19.35052],[29.07213,-19.33968],[29.05799,-19.33103],[29.04781,-19.31194],[29.0342,-19.31037],[29.03361,-19.3033],[29.01971,-19.28491],[29.02095,-19.27442],[29.01702,-19.26789],[29.01889,-19.25879],[29.03279,-19.24238],[29.01661,-19.21954],[29.01537,-19.20782],[29.00281,-19.19562],[29.00423,-19.18575],[29.00096,-19.18233],[29.00614,-19.17614],[28.99946,-19.15819],[29.00087,-19.1413],[29.0084,-19.12972],[29.00311,-19.12594],[29.01095,-19.10745],[29.01734,-19.10239],[29.0148,-19.09207],[29.00953,-19.08982],[29.01109,-19.0852],[29.00178,-19.06476],[28.99244,-19.05834],[28.98665,-19.04329],[28.97473,-19.0367],[28.97765,-19.02101],[28.95107,-19.02011],[28.93766,-19.0099],[28.86692,-18.72333],[28.92295,-18.70886],[29.12547,-18.63338],[29.12905,-18.61292],[29.09031,-18.57862],[29.00861,-18.58047],[28.94139,-18.57541],[28.75059,-18.57065],[28.6807,-18.55066],[28.65665,-18.55367],[28.64471,-18.56186],[28.6237,-18.55744],[28.61884,-18.56046],[28.60859,-18.55885],[28.59483,-18.56278],[28.58856,-18.55902],[28.58191,-18.56162],[28.57477,-18.55956],[28.57162,-18.55534],[28.55163,-18.55975],[28.48784,-18.56113],[28.48462,-18.56479],[28.47603,-18.56111],[28.47285,-18.56547],[28.46044,-18.56321],[28.45799,-18.56774],[28.45109,-18.56273],[28.44245,-18.56643],[28.43841,-18.56394],[28.42948,-18.56572],[28.40753,-18.55836],[28.4065,-18.56069],[28.39501,-18.55986],[28.38894,-18.56428],[28.38355,-18.56149],[28.36817,-18.56501],[28.35135,-18.56431],[28.3427,-18.56783],[28.33328,-18.56631],[28.32961,-18.56979],[28.31412,-18.56298],[28.28958,-18.56663],[28.28112,-18.56398],[28.27135,-18.56566],[28.25904,-18.56081],[28.24288,-18.56731],[28.23596,-18.56409],[28.22175,-18.56583],[28.20698,-18.55718],[28.19748,-18.55979],[28.17907,-18.55211],[28.16366,-18.55168],[28.15229,-18.55808],[28.14217,-18.54876],[28.12004,-18.54498],[28.11124,-18.53829],[28.10804,-18.54136],[28.10025,-18.53862],[28.09573,-18.54333],[28.08623,-18.541],[28.07107,-18.55286],[28.06497,-18.55221],[28.05862,-18.54695],[28.04228,-18.54657],[28.03034,-18.5514],[28.00871,-18.54995],[27.99946,-18.54674],[27.99903,-18.52122],[28.00205,-18.51797],[27.99994,-18.49778],[28.00133,-18.36306],[28.00119,-18.35023],[27.99876,-18.34894],[27.9975,-18.23721],[28.00195,-18.22323],[28.02727,-18.20562],[28.05986,-18.2024],[28.09012,-18.20679],[28.09806,-18.20523],[28.10989,-18.18995],[28.10192,-18.1862],[28.05098,-18.1804],[28.05409,-18.16822],[28.04688,-18.16065],[28.04921,-18.15],[28.06981,-18.13772],[28.06884,-18.10883],[28.07199,-18.10425],[28.06782,-18.07158],[28.07092,-18.0594],[28.05022,-18.05267],[28.03756,-18.06338],[28.0304,-18.06114],[28.02556,-18.049],[28.01756,-18.04068],[28.00828,-18.01814],[28.0127,-17.99953],[28.04325,-17.96036],[28.04986,-17.94052],[28.06854,-17.93655],[28.06591,-17.92845],[28.06935,-17.91072],[28.07961,-17.89121],[28.07683,-17.87244],[28.08639,-17.85757],[28.09123,-17.83825],[28.08079,-17.82444],[28.07427,-17.79222],[28.06991,-17.78955],[28.09345,-17.75796],[28.0971,-17.75029],[28.09378,-17.74431],[28.10158,-17.73356],[28.11671,-17.72717],[28.14327,-17.73737],[28.16522,-17.71441],[28.17171,-17.70056],[28.18229,-17.69464],[28.18426,-17.68547],[28.18105,-17.67943],[28.19484,-17.66649],[28.19306,-17.66284],[28.19698,-17.65766],[28.19794,-17.61583],[28.20894,-17.60256],[28.2188,-17.58028],[28.21631,-17.57475],[28.20223,-17.57652],[28.20978,-17.56152],[28.20456,-17.54425],[28.20944,-17.54073],[28.20866,-17.52586],[28.21661,-17.51225],[28.2269,-17.50404],[28.2227,-17.48812],[28.22772,-17.46933],[28.2512,-17.44622],[28.25117,-17.43906],[28.24348,-17.4251],[28.24744,-17.40356],[28.25786,-17.39983],[28.265,-17.40095],[28.27961,-17.39416],[28.28636,-17.40034],[28.29733,-17.39423],[28.3042,-17.40046],[28.31522,-17.3978],[28.32735,-17.40146],[28.33435,-17.39429],[28.34032,-17.3956],[28.35113,-17.38419],[28.43795,-17.37107],[28.45895,-17.378],[28.45601,-17.37036],[28.46573,-17.36561],[28.46355,-17.372],[28.47686,-17.37916],[28.4744,-17.38427],[28.49921,-17.38595],[28.50459,-17.39883],[28.50772,-17.3979],[28.52303,-17.413],[28.52993,-17.41107],[28.54085,-17.41338],[28.54475,-17.41092],[28.53891,-17.40174],[28.55448,-17.38891],[28.56161,-17.37542],[28.59011,-17.34391],[28.60673,-17.31601],[28.62919,-17.30973],[28.63692,-17.30252],[28.63188,-17.28763],[28.63833,-17.26679],[28.65748,-17.24006],[28.66328,-17.23689],[28.66143,-17.23112],[28.67009,-17.21252],[28.67153,-17.20043],[28.70253,-17.21596],[28.70335,-17.21229],[28.70776,-17.21123],[28.7083,-17.216],[28.70968,-17.21362],[28.71231,-17.21527],[28.71094,-17.20196],[28.7147,-17.19571],[28.72584,-17.19038],[28.73498,-17.17839],[28.74355,-17.17708],[28.74889,-17.16181],[28.75613,-17.15837],[28.76598,-17.15662],[28.77372,-17.16441],[28.77696,-17.16365],[28.77908,-17.15756],[28.78689,-17.1625],[28.79156,-17.15637],[28.7983,-17.16035],[28.8029,-17.15242],[28.82325,-17.14757],[28.83207,-17.1474],[28.83387,-17.15069],[28.85138,-17.15484],[28.85922,-17.15518],[28.86498,-17.14886],[28.88533,-17.15387],[28.90044,-17.14106],[28.90908,-17.14192],[28.9161,-17.13741],[28.92472,-17.11707],[28.93221,-17.13204],[28.9315,-17.13888],[28.93777,-17.15999],[28.94795,-17.16553],[28.95609,-17.18072],[28.96181,-17.20353],[28.9775,-17.22112],[28.98655,-17.2249],[29.01767,-17.22456],[29.02737,-17.23625],[29.04434,-17.23851],[29.0578,-17.24828],[29.06668,-17.24901],[29.07321,-17.27136],[29.1057,-17.27018],[29.11659,-17.28435],[29.12776,-17.28535],[29.16243,-17.29952],[29.20262,-17.30638],[29.21342,-17.3055],[29.22839,-17.29659],[29.23814,-17.29989],[29.25147,-17.31717],[29.27086,-17.33121],[29.2785,-17.35238],[29.27605,-17.37071],[29.28017,-17.38126],[29.29497,-17.3905],[29.3195,-17.41269],[29.32839,-17.41586],[29.33235,-17.43043],[29.33816,-17.43894],[29.35335,-17.44667],[29.35904,-17.4583],[29.36853,-17.46512],[29.38751,-17.4725],[29.40648,-17.46659],[29.40455,-17.48015],[29.38952,-17.50402],[29.36742,-17.5181],[29.36988,-17.52705],[29.36726,-17.53224],[29.34485,-17.55198],[29.33342,-17.56755],[29.31425,-17.57666],[29.32084,-17.59935],[29.32992,-17.59931],[29.34425,-17.61646],[29.34042,-17.62576],[29.34246,-17.63939],[29.3402,-17.64463],[29.34742,-17.65166],[29.34471,-17.6585],[29.33516,-17.66712],[29.33856,-17.67952],[29.34617,-17.68611],[29.34589,-17.68955],[29.33393,-17.70405],[29.3054,-17.71636],[29.30673,-17.73165],[29.2988,-17.74165],[29.30056,-17.74822],[29.30722,-17.75404],[29.31989,-17.7522],[29.32691,-17.75477],[29.32729,-17.76559],[29.3164,-17.77558],[29.29777,-17.77857],[29.2905,-17.78669],[29.29163,-17.79583],[29.28343,-17.8411],[29.26671,-17.85334],[29.26385,-17.87526],[29.2478,-17.89919],[29.23818,-17.92819],[29.22007,-17.94919],[29.22098,-17.95264],[29.22925,-17.957],[29.22675,-17.96322],[29.21306,-17.97072],[29.21738,-17.99161],[29.2079,-17.99758],[29.20482,-18.01593],[29.21304,-18.02983],[29.21347,-18.04031],[29.22751,-18.0876],[29.2444,-18.09926],[29.24489,-18.10901],[29.25228,-18.11798],[29.2506,-18.1275],[29.27284,-18.17574],[29.30381,-18.1949],[29.31828,-18.20983],[29.34756,-18.21714],[29.34778,-18.225],[29.36079,-18.26041],[29.3767,-18.26044],[29.39275,-18.25545],[29.41268,-18.26868],[29.42844,-18.28407],[29.44179,-18.2852],[29.46071,-18.29771],[29.48562,-18.3051],[29.49897,-18.31965],[29.53315,-18.33702],[29.54784,-18.35639],[29.55845,-18.35778],[29.56753,-18.35413],[29.57524,-18.35864],[29.57602,-18.37962],[29.56442,-18.40607],[29.56744,-18.42688],[29.56043,-18.43239],[29.55895,-18.44352],[29.55003,-18.4457],[29.5455,-18.45424],[29.55153,-18.47687],[29.54731,-18.48271],[29.55369,-18.48855],[29.5514,-18.50009],[29.55411,-18.51414],[29.5521,-18.52139],[29.54504,-18.52871],[29.54495,-18.53573],[29.54706,-18.5543],[29.55682,-18.58186],[29.57131,-18.5847],[29.57561,-18.57921],[29.58136,-18.57767],[29.59694,-18.57984],[29.61815,-18.59934],[29.62567,-18.6005],[29.63577,-18.61291],[29.64829,-18.61668],[29.66545,-18.60403],[29.69062,-18.6139],[29.69614,-18.61022],[29.70768,-18.6156],[29.7201,-18.61087],[29.73054,-18.61112],[29.73549,-18.61916],[29.73604,-18.64288],[29.75071,-18.64551],[29.7627,-18.63388],[29.77708,-18.63034],[29.77592,-18.63872],[29.78144,-18.64524],[29.78108,-18.64924],[29.79359,-18.64675],[29.80013,-18.65107],[29.79988,-18.66106],[29.80607,-18.6747],[29.81455,-18.67383],[29.82981,-18.68198],[29.83532,-18.67285],[29.84227,-18.67147],[29.85044,-18.67751],[29.8557,-18.69077],[29.8648,-18.6837],[29.87961,-18.68975],[29.884,-18.69603],[29.88951,-18.69571],[29.89125,-18.70309],[29.90995,-18.69474],[29.915,-18.70295],[29.92363,-18.70362],[29.93141,-18.68883],[29.93663,-18.69387],[29.94663,-18.68729],[29.95409,-18.69232],[29.97669,-18.68051],[29.98094,-18.68972],[29.98923,-18.69505],[30.0085,-18.69558],[30.01803,-18.71296],[30.02856,-18.70892],[30.03086,-18.70245],[30.03972,-18.69809],[30.04974,-18.69986],[30.05428,-18.70872],[30.06704,-18.70953],[30.07184,-18.72274],[30.10048,-18.71704],[30.10519,-18.72245],[30.11321,-18.72077],[30.12039,-18.72443],[30.13226,-18.7183],[30.1402,-18.72135],[30.14664,-18.7193],[30.15078,-18.72539],[30.18168,-18.73048],[30.21153,-18.75811],[30.22188,-18.78099],[30.2358,-18.78292],[30.23895,-18.78028],[30.25454,-18.78683],[30.26022,-18.78498],[30.26824,-18.80281],[30.27456,-18.80911],[30.2892,-18.80488],[30.29602,-18.79565],[30.31658,-18.80085],[30.32685,-18.81427],[30.32276,-18.81846],[30.32854,-18.82451],[30.34213,-18.8307],[30.3478,-18.83724],[30.35341,-18.83746],[30.35533,-18.84796],[30.36619,-18.84779],[30.37386,-18.85203],[30.38492,-18.84884],[30.39058,-18.84057],[30.39508,-18.85554],[30.40212,-18.85968],[30.40806,-18.85811],[30.41191,-18.86487],[30.42088,-18.86028],[30.43975,-18.87754],[30.44688,-18.89203],[30.45684,-18.89328],[30.46353,-18.89863],[30.47609,-18.90215],[30.49089,-18.90065],[30.50448,-18.91116],[30.53028,-18.90954],[30.55752,-18.87675],[30.58137,-18.90561],[30.5544,-18.92796],[30.575,-18.94054],[30.59531,-18.92309],[30.63043,-18.90049],[30.63556,-18.90783],[30.65417,-18.88449],[30.67867,-18.93218],[30.69563,-18.95432],[30.67712,-18.96388],[30.71244,-18.97656],[30.67468,-19.02082],[30.74992,-19.13213],[30.7451,-19.12955],[30.73616,-19.13393],[30.72342,-19.13205],[30.73498,-19.17897],[30.7315,-19.1805],[30.73765,-19.18022],[30.75219,-19.20358],[30.76327,-19.20754],[30.76591,-19.21555],[30.77191,-19.21479],[30.77454,-19.21989],[30.78468,-19.22419],[30.78556,-19.2292],[30.79125,-19.2314],[30.80887,-19.24991],[30.831,-19.24416],[30.84596,-19.25278],[30.87054,-19.26055],[30.69566,-19.39585],[30.75837,-19.40255],[30.75517,-19.40677],[30.76,-19.41449],[30.75406,-19.42251],[30.7534,-19.4374],[30.71404,-19.429],[30.70935,-19.4565],[30.71823,-19.46369],[30.71895,-19.5301],[30.70974,-19.54784],[30.70921,-19.55379],[30.71272,-19.55893],[30.69778,-19.56895],[30.69493,-19.58039],[30.68719,-19.58794],[30.70937,-19.63687],[30.70547,-19.65892],[30.70553,-19.68656],[30.69649,-19.69112],[30.6961,-19.71808],[30.70471,-19.74412],[30.69562,-19.74416],[30.6902,-19.74838],[30.68828,-19.75635],[30.6928,-19.77952],[30.68354,-19.7846],[30.67884,-19.80224],[30.68114,-19.809],[30.67772,-19.81306],[30.68026,-19.82335],[30.68307,-19.82449],[30.67906,-19.83015],[30.67771,-19.84173],[30.69338,-19.85394],[30.68648,-19.8614],[30.63387,-19.86636],[30.52202,-19.8365],[30.46945,-19.84235],[30.45482,-19.83542],[30.45969,-19.83979],[30.45897,-19.84567],[30.45385,-19.84992],[30.45904,-19.86315],[30.44822,-19.86944],[30.45441,-19.87729],[30.45115,-19.88491],[30.45945,-19.88614],[30.45447,-19.89517],[30.45767,-19.8949],[30.46449,-19.90219],[30.46958,-19.90081],[30.47049,-19.90374],[30.45701,-19.92187],[30.45492,-19.93236],[30.45039,-19.92977],[30.44288,-19.93983],[30.43074,-19.93749],[30.42542,-19.94334],[30.42631,-19.95207],[30.42275,-19.96119],[30.43331,-19.96215],[30.42794,-19.98496],[30.43139,-19.9861],[30.431,-19.99011],[30.35481,-19.99741],[30.33417,-19.99281],[30.3221,-19.99955],[30.24052,-20.00805],[30.2238,-20.01255],[30.21982,-20.01682],[30.14515,-20.02408],[30.1426,-20.02832],[30.14402,-20.03333],[30.16042,-20.04403],[30.16682,-20.04358],[30.17071,-20.05446],[30.19167,-20.06729],[30.18532,-20.08064],[30.18745,-20.09805],[30.17675,-20.10014],[30.1683,-20.11879],[30.15817,-20.12669],[30.16671,-20.15504],[30.16004,-20.18775],[30.15269,-20.19028],[30.14792,-20.19877],[30.15355,-20.20038],[30.15645,-20.20726],[30.15855,-20.20654],[30.19777,-20.17168],[30.27778,-20.22905],[30.27954,-20.24255],[30.2748,-20.25694],[30.26811,-20.26272],[30.26714,-20.27198],[30.26134,-20.27637],[30.24361,-20.32196],[30.24356,-20.33478],[30.25804,-20.35226],[30.2868,-20.35657],[30.31384,-20.36493],[30.32014,-20.37135],[30.31832,-20.38762],[30.33907,-20.41812],[30.3452,-20.42305],[30.36015,-20.41611],[30.37174,-20.43894],[30.41348,-20.47775],[30.41232,-20.49121],[30.44375,-20.52803],[30.46096,-20.55664],[30.46026,-20.5629],[30.45254,-20.56288],[30.44503,-20.57194],[30.45056,-20.58954],[30.44947,-20.60921],[30.4538,-20.61732],[30.45145,-20.6237],[30.44511,-20.62274],[30.44898,-20.62488],[30.45805,-20.64645],[30.47877,-20.65625],[30.48138,-20.66108],[30.47883,-20.6761],[30.48084,-20.67973],[30.49252,-20.68403],[30.51991,-20.68232],[30.50981,-20.69187],[30.48687,-20.70491],[30.48142,-20.71514],[30.48006,-20.74836],[30.47343,-20.75628],[30.46915,-20.76959],[30.45431,-20.83106],[30.45082,-20.8692],[30.45344,-20.88261],[30.44341,-20.92314],[30.44518,-20.96251],[30.41752,-20.98654],[30.40928,-20.99933],[30.40267,-20.99977],[30.39338,-21.01954],[30.37833,-21.02043],[30.35683,-21.03986],[30.3372,-21.04306],[30.31633,-21.03012],[30.3089,-21.03069],[30.30093,-21.03657],[30.28169,-21.01945],[30.25329,-21.02979],[30.25011,-21.041],[30.22941,-21.03745],[30.21707,-21.03171],[30.1933,-21.03785],[30.17944,-21.02784],[30.16595,-21.03453],[30.13129,-21.00845],[30.10902,-21.00704],[30.07358,-20.99013],[30.06728,-20.97454],[30.06882,-20.96632],[30.05949,-20.96028],[30.0492,-20.95935],[29.99105,-20.9181],[29.98759,-20.91136],[29.9718,-20.90944],[29.95434,-20.91528],[29.94679,-20.91173],[29.92745,-20.9228],[29.90295,-20.94541],[29.8823,-20.95861],[29.82356,-21.01287],[29.78463,-21.03147],[29.76737,-21.03236],[29.7307,-21.02292],[29.6896,-21.02134],[29.59246,-21.04054],[29.53447,-21.03681],[29.45778,-21.01558],[29.48939,-20.99527],[29.54143,-20.95338],[29.58571,-20.92599],[29.6243,-20.89118],[29.65064,-20.75569],[29.6668,-20.71266],[29.67537,-20.67048],[29.66166,-20.65473],[29.60788,-20.66818],[29.5968,-20.65061],[29.5845,-20.60428],[29.6203,-20.59519],[29.60531,-20.57532],[29.70112,-20.51616],[29.7134,-20.47359],[29.7312,-20.45558],[29.73089,-20.39153],[29.75637,-20.33492],[29.77818,-20.28464],[29.79219,-20.23917],[29.79214,-20.21553],[29.84081,-20.10598],[29.87344,-20.06143],[29.8756,-20.0057],[29.80944,-20.00009],[29.80043,-20.00324],[29.80141,-19.95409],[29.79816,-19.9526],[29.79767,-19.94495],[29.75279,-19.95507],[29.71097,-19.97286],[29.69523,-19.97216],[29.68021,-19.90514],[29.65406,-19.91221],[29.6185,-19.9322],[29.59846,-19.93421],[29.58224,-19.91816],[29.56225,-19.88607],[29.51762,-19.86345],[29.5024,-19.86137],[29.47243,-19.84775],[29.41385,-19.88708],[29.40324,-19.84268],[29.40369,-19.81834],[29.41276,-19.80684],[29.4184,-19.7659],[29.41602,-19.76363],[29.42358,-19.75667],[29.41675,-19.75039],[29.41211,-19.75197],[29.40949,-19.74785],[29.41365,-19.74354],[29.41297,-19.73329],[29.40353,-19.71934],[29.40636,-19.71444],[29.4007,-19.70322],[29.40147,-19.69902],[29.37688,-19.68821],[29.37027,-19.6777],[29.36307,-19.67908],[29.35969,-19.66903],[29.36184,-19.66061],[29.35671,-19.65488],[29.35879,-19.64959],[29.35439,-19.64318],[29.35676,-19.64135],[29.34823,-19.63166],[29.31646,-19.61731],[29.31668,-19.60919],[29.30696,-19.60112],[29.30758,-19.59527],[29.29554,-19.58346],[29.30149,-19.57429],[29.28231,-19.56507],[29.27983,-19.53226],[29.26515,-19.5149],[29.25795,-19.51197],[29.25377,-19.50261],[29.24601,-19.4981],[29.23991,-19.48412],[29.23191,-19.48053],[29.21916,-19.47604],[29.20729,-19.45953],[29.20074,-19.46135]],[[30.13067,-19.13142],[30.06514,-19.2004],[30.18034,-19.08017],[30.13067,-19.13142]],[[29.30138,-18.59492],[29.31934,-18.59636],[29.31461,-18.59429],[29.30138,-18.59492]],[[29.3248,-18.5968],[29.32799,-18.59706],[29.33108,-18.59522],[29.3248,-18.5968]],[[30.33809,-19.4985],[30.37312,-19.47695],[30.40811,-19.45118],[30.33809,-19.4985]]]}},{"type":"Feature","properties":{"id":"ZWE:ADM1:ZWE-528","name":"Mashonaland East","countryCode":"ZWE"},"geometry":{"type":"Polygon","coordinates":[[[31.72023,-19.03098],[31.71222,-19.03405],[31.71201,-19.03826],[31.69662,-19.03793],[31.69078,-19.04335],[31.66189,-19.04284],[31.6496,-19.03755],[31.63685,-19.04067],[31.6324,-19.03669],[31.62419,-19.03815],[31.62584,-19.03066],[31.61609,-19.02015],[31.59577,-19.01742],[31.58971,-19.01131],[31.59878,-19.04904],[31.59158,-19.0746],[31.52718,-19.16488],[31.5215,-19.16866],[31.50498,-19.15821],[31.50239,-19.15036],[31.48783,-19.14757],[31.48303,-19.15648],[31.47953,-19.15554],[31.46819,-19.14339],[31.4656,-19.12907],[31.45398,-19.11187],[31.44269,-19.10148],[31.44157,-19.0935],[31.43635,-19.09462],[31.42593,-19.10798],[31.40799,-19.11612],[31.39861,-19.11107],[31.39354,-19.10428],[31.38837,-19.10726],[31.37674,-19.09671],[31.37345,-19.0871],[31.36352,-19.08969],[31.34464,-19.08131],[31.33931,-19.08603],[31.31522,-19.08915],[31.3189,-19.12768],[31.32957,-19.15015],[31.2975,-19.15737],[31.30479,-19.22049],[31.08213,-19.24401],[30.996,-19.25787],[31.00014,-19.24874],[30.98909,-19.22502],[30.9895,-19.19529],[30.99906,-19.15564],[30.96949,-19.15566],[30.93762,-19.14856],[30.91999,-19.18018],[30.92141,-19.19228],[30.89238,-19.19202],[30.88978,-19.19734],[30.90697,-19.22227],[30.90845,-19.2439],[30.89391,-19.24446],[30.87054,-19.26055],[30.84596,-19.25278],[30.831,-19.24416],[30.80887,-19.24991],[30.79125,-19.2314],[30.78556,-19.2292],[30.78468,-19.22419],[30.77454,-19.21989],[30.77191,-19.21479],[30.76591,-19.21555],[30.76327,-19.20754],[30.75219,-19.20358],[30.73765,-19.18022],[30.7315,-19.1805],[30.73498,-19.17897],[30.72342,-19.13205],[30.73616,-19.13393],[30.7451,-19.12955],[30.74992,-19.13213],[30.67468,-19.02082],[30.71244,-18.97656],[30.67712,-18.96388],[30.69563,-18.95432],[30.67867,-18.93218],[30.65417,-18.88449],[30.63556,-18.90783],[30.63043,-18.90049],[30.59531,-18.92309],[30.575,-18.94054],[30.5544,-18.92796],[30.58137,-18.90561],[30.55752,-18.87675],[30.55821,-18.81956],[30.59981,-18.80902],[30.60252,-18.76013],[30.61144,-18.74691],[30.59843,-18.69969],[30.6028,-18.69678],[30.63038,-18.7242],[30.63953,-18.6954],[30.64909,-18.73294],[30.68235,-18.67098],[30.70665,-18.64332],[30.70914,-18.63497],[30.70391,-18.63433],[30.76624,-18.57073],[30.76517,-18.50601],[30.77089,-18.41307],[30.78576,-18.40345],[30.79053,-18.39014],[30.78153,-18.37777],[30.7833,-18.37373],[30.77274,-18.36108],[30.76702,-18.36023],[30.76389,-18.34885],[30.75854,-18.35035],[30.75822,-18.3437],[30.75374,-18.3413],[30.74635,-18.34317],[30.74034,-18.33254],[30.7342,-18.33207],[30.72286,-18.32294],[30.72337,-18.31512],[30.71969,-18.3143],[30.71813,-18.30841],[30.70915,-18.30635],[30.70889,-18.29539],[30.69916,-18.28745],[30.69569,-18.27176],[30.69902,-18.26711],[30.69534,-18.26668],[30.70115,-18.25813],[30.69696,-18.2409],[30.6979,-18.23655],[30.71748,-18.22828],[30.72184,-18.22038],[30.74363,-18.20519],[30.74886,-18.19876],[30.74936,-18.19063],[30.76458,-18.17226],[30.76265,-18.16761],[30.75742,-18.16792],[30.75736,-18.16134],[30.74655,-18.15432],[30.75476,-18.14846],[30.75366,-18.14201],[30.76171,-18.12602],[30.76141,-18.10548],[30.77518,-18.09404],[30.79022,-18.09311],[30.80013,-18.08666],[30.79041,-18.07718],[30.79067,-18.06672],[30.78328,-18.05099],[30.78426,-18.04424],[30.77466,-18.03236],[30.77232,-18.02218],[30.81655,-17.98119],[30.80851,-17.94694],[30.83125,-17.92091],[30.83745,-17.92971],[30.84107,-17.94511],[30.84416,-17.94449],[30.84392,-17.93202],[30.84724,-17.92903],[30.84472,-17.92442],[30.85801,-17.92679],[30.86182,-17.92379],[30.87071,-17.93466],[30.87331,-17.93164],[30.88199,-17.93535],[30.90174,-17.95741],[30.90824,-17.95524],[30.90554,-17.96415],[30.91155,-17.95975],[30.92218,-17.96011],[30.93658,-17.96919],[30.94718,-17.97129],[30.951,-17.97753],[30.96032,-17.97812],[30.96054,-17.98135],[30.96779,-17.98267],[30.97396,-17.97831],[30.98032,-17.98805],[30.98736,-17.98489],[30.98806,-17.9911],[30.99499,-17.99762],[30.99965,-17.99767],[30.99446,-18.00089],[31.00263,-18.00547],[31.00275,-18.01164],[31.01177,-18.01546],[31.01837,-18.0129],[31.03404,-18.02034],[31.04222,-18.03145],[31.0498,-18.03305],[31.05012,-18.03928],[31.05949,-18.04573],[31.06145,-18.05088],[31.09118,-18.03353],[31.11175,-18.03342],[31.12711,-18.01974],[31.09654,-18.00345],[31.07359,-17.99983],[31.06585,-17.98925],[31.05683,-17.98381],[31.0564,-17.97808],[31.068,-17.98335],[31.10322,-17.98668],[31.11352,-17.99447],[31.11562,-17.99152],[31.1118,-17.98651],[31.12734,-17.96285],[31.14163,-17.95902],[31.13395,-17.95051],[31.13732,-17.9498],[31.13502,-17.94705],[31.13612,-17.92888],[31.16583,-17.92813],[31.16356,-17.92191],[31.17073,-17.9206],[31.17361,-17.90752],[31.18958,-17.91489],[31.19119,-17.91011],[31.19203,-17.9032],[31.19821,-17.89681],[31.19787,-17.88974],[31.20306,-17.88632],[31.21182,-17.88656],[31.20863,-17.87959],[31.21536,-17.87969],[31.19509,-17.86186],[31.1963,-17.8593],[31.22032,-17.85052],[31.21505,-17.82047],[31.20324,-17.81995],[31.20966,-17.81257],[31.1921,-17.805],[31.21183,-17.7926],[31.20122,-17.77492],[31.19604,-17.75242],[31.20208,-17.74247],[31.20149,-17.72965],[31.20981,-17.72647],[31.20544,-17.71193],[31.20041,-17.71206],[31.19729,-17.71858],[31.18121,-17.6962],[31.17255,-17.69957],[31.16377,-17.69604],[31.15992,-17.7041],[31.15722,-17.70373],[31.15437,-17.70146],[31.15909,-17.69651],[31.15158,-17.69334],[31.14697,-17.68623],[31.14389,-17.6893],[31.14826,-17.70072],[31.13787,-17.69769],[31.13882,-17.69253],[31.12211,-17.69134],[31.11615,-17.69386],[31.11886,-17.68089],[31.11538,-17.66781],[31.08881,-17.66556],[31.08441,-17.68015],[31.07884,-17.68033],[31.07395,-17.687],[31.05225,-17.6413],[31.06761,-17.63446],[31.05178,-17.61284],[31.05843,-17.61629],[31.06387,-17.54392],[31.1148,-17.54275],[31.12083,-17.52497],[31.1161,-17.51857],[31.10883,-17.51686],[31.1124,-17.51269],[31.10845,-17.50618],[31.12545,-17.49241],[31.12489,-17.48437],[31.11859,-17.4822],[31.11971,-17.47862],[31.1162,-17.47709],[31.11922,-17.4701],[31.12507,-17.46869],[31.12639,-17.46533],[31.13456,-17.46521],[31.14565,-17.45235],[31.13819,-17.44483],[31.22784,-17.47368],[31.2386,-17.4706],[31.26925,-17.47997],[31.27553,-17.47829],[31.29231,-17.4858],[31.30707,-17.48661],[31.30026,-17.52034],[31.28775,-17.55478],[31.28593,-17.57269],[31.2768,-17.59013],[31.2805,-17.60948],[31.28519,-17.61771],[31.27993,-17.64369],[31.29035,-17.64143],[31.3086,-17.6434],[31.33524,-17.60833],[31.37452,-17.62876],[31.45863,-17.56254],[31.46948,-17.58285],[31.47557,-17.57161],[31.47265,-17.56583],[31.47386,-17.55886],[31.5062,-17.51737],[31.50534,-17.50891],[31.51311,-17.48973],[31.52644,-17.4819],[31.52766,-17.4721],[31.53149,-17.46817],[31.54045,-17.46922],[31.56335,-17.46448],[31.564,-17.46083],[31.56961,-17.45863],[31.58426,-17.45951],[31.58589,-17.45181],[31.59011,-17.45436],[31.59635,-17.45295],[31.61073,-17.44134],[31.61335,-17.43236],[31.62304,-17.43296],[31.61386,-17.41654],[31.63384,-17.40052],[31.63559,-17.39207],[31.64093,-17.38654],[31.64934,-17.38597],[31.65646,-17.37442],[31.66704,-17.36878],[31.6727,-17.36875],[31.68092,-17.36219],[31.69255,-17.34185],[31.73736,-17.30254],[31.75135,-17.28809],[31.75417,-17.28054],[31.74817,-17.26913],[31.74941,-17.25846],[31.74137,-17.23647],[31.72273,-17.21603],[31.72803,-17.20214],[31.74024,-17.19535],[31.74981,-17.19898],[31.75779,-17.19825],[31.76194,-17.1953],[31.76484,-17.18646],[31.78264,-17.18523],[31.78818,-17.17886],[31.79852,-17.17785],[31.81129,-17.16799],[31.84805,-17.15103],[31.83254,-17.13625],[31.83507,-17.13135],[31.83341,-17.12314],[31.84912,-17.10317],[31.85514,-17.08949],[31.85381,-17.08223],[31.86688,-17.07073],[31.87526,-17.06998],[31.88652,-17.0614],[31.90992,-17.03826],[31.91071,-17.03236],[31.90635,-17.02241],[31.89194,-17.01848],[31.89613,-17.01067],[31.89482,-17.00086],[31.91274,-17.001],[31.9149,-16.97788],[31.90962,-16.97269],[31.94247,-16.95664],[31.94415,-16.93869],[31.95429,-16.91708],[31.96069,-16.91607],[31.97341,-16.92221],[31.9808,-16.92117],[32.00478,-16.9052],[32.00375,-16.90124],[32.00983,-16.8883],[32.00415,-16.87997],[32.00069,-16.85604],[32.00763,-16.84297],[32.04043,-16.82692],[32.03991,-16.81163],[32.05159,-16.80351],[32.07712,-16.80313],[32.09262,-16.80982],[32.09843,-16.80557],[32.10369,-16.80609],[32.10434,-16.7998],[32.11012,-16.79446],[32.12502,-16.78934],[32.1377,-16.79111],[32.1535,-16.7888],[32.16295,-16.77861],[32.17712,-16.77732],[32.20049,-16.76688],[32.21611,-16.7724],[32.22807,-16.78391],[32.23435,-16.77358],[32.2479,-16.77218],[32.25556,-16.76704],[32.27233,-16.7473],[32.33935,-16.74278],[32.37089,-16.71594],[32.39004,-16.71885],[32.39687,-16.71264],[32.40797,-16.7132],[32.4264,-16.70492],[32.44131,-16.70529],[32.46017,-16.69694],[32.47114,-16.7023],[32.48195,-16.69889],[32.48728,-16.70384],[32.50111,-16.702],[32.50998,-16.70458],[32.52747,-16.71902],[32.54516,-16.72201],[32.55007,-16.72774],[32.56189,-16.72991],[32.5751,-16.73904],[32.59373,-16.74178],[32.63014,-16.73199],[32.649,-16.72182],[32.65645,-16.72301],[32.66219,-16.73004],[32.68336,-16.74168],[32.69674,-16.73781],[32.70907,-16.72904],[32.73284,-16.72412],[32.74816,-16.71297],[32.7568,-16.70218],[32.77299,-16.70537],[32.78249,-16.70294],[32.79295,-16.70667],[32.80489,-16.7003],[32.81687,-16.70516],[32.83862,-16.69559],[32.8527,-16.70399],[32.8679,-16.70611],[32.89054,-16.71698],[32.9213,-16.6938],[32.97952,-16.70431],[32.991,-16.69442],[32.96276,-16.7822],[32.91141,-16.89609],[32.8332,-16.92093],[32.93751,-17.0653],[32.98978,-17.18404],[32.99432,-17.24566],[32.96278,-17.25956],[32.92482,-17.26322],[32.91969,-17.26995],[32.90754,-17.27658],[32.88488,-17.27567],[32.86956,-17.27944],[32.85488,-17.29304],[32.85406,-17.30279],[32.84348,-17.3167],[32.82481,-17.31684],[32.80128,-17.33519],[32.79297,-17.33472],[32.77092,-17.35475],[32.76322,-17.36917],[32.75859,-17.37201],[32.75938,-17.37835],[32.74548,-17.40681],[32.73259,-17.42922],[32.7338,-17.45783],[32.71314,-17.47199],[32.67434,-17.48089],[32.64988,-17.49063],[32.63935,-17.49858],[32.64538,-17.52619],[32.63924,-17.55272],[32.63536,-17.55803],[32.62927,-17.55908],[32.62759,-17.56969],[32.61211,-17.56117],[32.60268,-17.5723],[32.59382,-17.57546],[32.58939,-17.58583],[32.58283,-17.58856],[32.57936,-17.60591],[32.57143,-17.6047],[32.56797,-17.59723],[32.56438,-17.6007],[32.56246,-17.59632],[32.55647,-17.60588],[32.55047,-17.6065],[32.55143,-17.61529],[32.54844,-17.61938],[32.54211,-17.61545],[32.53074,-17.61759],[32.50265,-17.60882],[32.4917,-17.62422],[32.47321,-17.62672],[32.47039,-17.63962],[32.46494,-17.64685],[32.44234,-17.6604],[32.44577,-17.66518],[32.44251,-17.66987],[32.43547,-17.67221],[32.42212,-17.66322],[32.41241,-17.67158],[32.38202,-17.67464],[32.36573,-17.68875],[32.33125,-17.70894],[32.32486,-17.71976],[32.30094,-17.72519],[32.2916,-17.73392],[32.2932,-17.73907],[32.29075,-17.74182],[32.2757,-17.74638],[32.26774,-17.75998],[32.26574,-17.77062],[32.26091,-17.77165],[32.24575,-17.7876],[32.2265,-17.79784],[32.21477,-17.81196],[32.20224,-17.82037],[32.19089,-17.81995],[32.1842,-17.82765],[32.16058,-17.83349],[32.15558,-17.83986],[32.1487,-17.84251],[32.15142,-17.85795],[32.1429,-17.87442],[32.1462,-17.8956],[32.14088,-17.90493],[32.14136,-17.90951],[32.14762,-17.91258],[32.14552,-17.91684],[32.14766,-17.9283],[32.13838,-17.93189],[32.10024,-17.96377],[32.08011,-17.98611],[32.05298,-18.00921],[32.047,-18.02213],[32.01746,-18.04526],[32.01374,-18.05345],[32.00675,-18.05469],[31.97349,-18.08035],[31.99448,-18.10627],[32.00054,-18.1444],[31.86841,-18.14204],[31.87491,-18.17327],[31.86563,-18.18622],[31.86863,-18.1931],[31.86486,-18.20146],[31.86465,-18.22468],[31.86177,-18.23056],[31.86064,-18.23712],[31.85636,-18.23857],[31.8548,-18.243],[31.85775,-18.25608],[31.85504,-18.25924],[31.85677,-18.27303],[31.85328,-18.27648],[31.85977,-18.28447],[31.85686,-18.28902],[31.85945,-18.29636],[31.85884,-18.31725],[31.86409,-18.32994],[31.85629,-18.34703],[31.85454,-18.36391],[31.84155,-18.38037],[31.84506,-18.38756],[31.83215,-18.39306],[31.83079,-18.39745],[31.84495,-18.41495],[31.8443,-18.42722],[31.7618,-18.44756],[31.74945,-18.49893],[31.72181,-18.51326],[31.75035,-18.53676],[31.74696,-18.5468],[31.77165,-18.57075],[31.77084,-18.57947],[31.75641,-18.59141],[31.75562,-18.5973],[31.7509,-18.6013],[31.74622,-18.59859],[31.75827,-18.61169],[31.75668,-18.62226],[31.76321,-18.63601],[31.77246,-18.63952],[31.77235,-18.64659],[31.7814,-18.65428],[31.78593,-18.669],[31.79269,-18.66797],[31.79561,-18.67608],[31.81329,-18.69476],[31.83035,-18.72298],[31.83368,-18.73553],[31.82967,-18.74707],[31.84169,-18.74634],[31.85202,-18.75241],[31.86906,-18.74561],[31.88309,-18.74846],[31.90819,-18.79364],[31.90677,-18.8339],[31.91326,-18.84931],[31.9123,-18.8633],[31.91722,-18.87479],[31.92104,-18.905],[31.92908,-18.90782],[31.93417,-18.90406],[31.95408,-18.9208],[31.94828,-18.93797],[31.96728,-18.95897],[31.96985,-18.96631],[31.97588,-18.97014],[31.97531,-18.99608],[31.97853,-19.00551],[31.97431,-19.0227],[31.97743,-19.04222],[31.9691,-19.0531],[31.97191,-19.0691],[31.96971,-19.08465],[31.97143,-19.09324],[31.98263,-19.1121],[31.98281,-19.11812],[31.97219,-19.1233],[31.9633,-19.11517],[31.95387,-19.11779],[31.94072,-19.11593],[31.91969,-19.12302],[31.91007,-19.12214],[31.89769,-19.11452],[31.8929,-19.11758],[31.88628,-19.11475],[31.88028,-19.11676],[31.86072,-19.10169],[31.8549,-19.10367],[31.83979,-19.09994],[31.83248,-19.08648],[31.81469,-19.08191],[31.81163,-19.0785],[31.81311,-19.07125],[31.80227,-19.05924],[31.79713,-19.0597],[31.79512,-19.05193],[31.78446,-19.04779],[31.77425,-19.0347],[31.73885,-19.0277],[31.72938,-19.02184],[31.71997,-19.02477],[31.72023,-19.03098]],[[31.53404,-18.79926],[31.53951,-18.79702],[31.53088,-18.79768],[31.53404,-18.79926]],[[31.14049,-17.99579],[31.15666,-17.99582],[31.13238,-17.99328],[31.14049,-17.99579]],[[31.40696,-18.16611],[31.39331,-18.15836],[31.38949,-18.158],[31.40696,-18.16611]],[[31.55738,-17.9276],[31.55752,-17.90515],[31.55573,-17.91493],[31.55926,-17.94681],[31.55738,-17.9276]],[[31.22117,-18.53014],[31.20332,-18.55748],[31.25534,-18.47857],[31.22117,-18.53014]],[[31.85613,-17.43954],[31.85226,-17.43247],[31.94762,-17.62164],[31.85613,-17.43954]],[[31.59971,-17.50223],[31.58369,-17.52008],[31.5943,-17.51116],[31.59971,-17.50223]],[[31.6066,-17.48695],[31.60526,-17.49305],[31.60679,-17.49053],[31.6066,-17.48695]],[[32.15494,-17.03987],[32.17289,-17.03382],[32.18908,-17.02461],[32.15494,-17.03987]]]}},{"type":"Feature","properties":{"id":"ZWE:ADM1:ZWE-529","name":"Manicaland","countryCode":"ZWE"},"geometry":{"type":"Polygon","coordinates":[[[32.31971,-20.26008],[32.32716,-20.18754],[32.33906,-20.15745],[32.33957,-20.09603],[32.34505,-20.07891],[32.33728,-20.04217],[32.3434,-20.01843],[32.34059,-19.99997],[32.32936,-19.98547],[32.31838,-19.98165],[32.28484,-19.97827],[32.26742,-19.96109],[32.25504,-19.95884],[32.23361,-19.9414],[32.20957,-19.93073],[32.2022,-19.90937],[32.19658,-19.90385],[32.14214,-19.9015],[32.09556,-19.90452],[32.09,-19.89295],[32.08293,-19.88737],[32.07618,-19.87024],[32.05306,-19.86223],[32.02695,-19.8654],[32.01661,-19.86322],[31.98482,-19.84897],[31.97889,-19.84259],[31.96741,-19.79906],[31.92668,-19.76795],[31.89938,-19.71185],[31.87702,-19.70199],[31.85891,-19.68381],[31.84349,-19.67852],[31.84298,-19.66793],[31.83531,-19.66492],[31.83294,-19.65695],[31.82351,-19.65519],[31.82771,-19.63036],[31.82549,-19.62031],[31.79551,-19.6051],[31.79097,-19.59396],[31.77472,-19.59012],[31.77014,-19.58369],[31.75628,-19.58584],[31.73935,-19.58398],[31.72647,-19.5424],[31.71434,-19.54054],[31.70954,-19.52864],[31.70313,-19.52432],[31.68317,-19.52233],[31.67932,-19.4927],[31.67594,-19.48661],[31.67522,-19.47426],[31.67781,-19.47015],[31.67535,-19.4619],[31.66892,-19.46086],[31.64934,-19.46649],[31.63961,-19.45751],[31.62199,-19.46335],[31.61036,-19.44705],[31.59367,-19.45067],[31.58965,-19.45588],[31.58317,-19.45388],[31.57301,-19.45689],[31.54864,-19.41733],[31.5275,-19.41183],[31.52496,-19.40573],[31.52644,-19.39468],[31.52157,-19.3905],[31.4923,-19.38516],[31.48926,-19.37677],[31.48002,-19.37266],[31.4613,-19.38126],[31.44835,-19.36242],[31.44383,-19.36013],[31.43377,-19.37748],[31.42514,-19.37001],[31.40677,-19.37429],[31.396,-19.36878],[31.36491,-19.33692],[31.33832,-19.31881],[31.31814,-19.30938],[31.31125,-19.29945],[31.29385,-19.29109],[31.28383,-19.28083],[31.25881,-19.27293],[31.24142,-19.25858],[31.23057,-19.25476],[31.21779,-19.24479],[31.20929,-19.2444],[31.20365,-19.23977],[31.19323,-19.2407],[31.1885,-19.23383],[31.30479,-19.22049],[31.2975,-19.15737],[31.32957,-19.15015],[31.3189,-19.12768],[31.31522,-19.08915],[31.33931,-19.08603],[31.34464,-19.08131],[31.36352,-19.08969],[31.37345,-19.0871],[31.37674,-19.09671],[31.38837,-19.10726],[31.39354,-19.10428],[31.39861,-19.11107],[31.40799,-19.11612],[31.42593,-19.10798],[31.43635,-19.09462],[31.44157,-19.0935],[31.44269,-19.10148],[31.45398,-19.11187],[31.4656,-19.12907],[31.46819,-19.14339],[31.47953,-19.15554],[31.48303,-19.15648],[31.48783,-19.14757],[31.50239,-19.15036],[31.50498,-19.15821],[31.5215,-19.16866],[31.52718,-19.16488],[31.59158,-19.0746],[31.59878,-19.04904],[31.58971,-19.01131],[31.59577,-19.01742],[31.62054,-19.02306],[31.62693,-19.03411],[31.62419,-19.03815],[31.6324,-19.03669],[31.63685,-19.04067],[31.6496,-19.03755],[31.66189,-19.04284],[31.69078,-19.04335],[31.69662,-19.03793],[31.71201,-19.03826],[31.71222,-19.03405],[31.72023,-19.03098],[31.71997,-19.02477],[31.72938,-19.02184],[31.73885,-19.0277],[31.77425,-19.0347],[31.78446,-19.04779],[31.79512,-19.05193],[31.79713,-19.0597],[31.80227,-19.05924],[31.81311,-19.07125],[31.81163,-19.0785],[31.81469,-19.08191],[31.83248,-19.08648],[31.83979,-19.09994],[31.8549,-19.10367],[31.86072,-19.10169],[31.88028,-19.11676],[31.88628,-19.11475],[31.8929,-19.11758],[31.89769,-19.11452],[31.91007,-19.12214],[31.91969,-19.12302],[31.94072,-19.11593],[31.95387,-19.11779],[31.9633,-19.11517],[31.97219,-19.1233],[31.98281,-19.11812],[31.98692,-19.12429],[31.98263,-19.1121],[31.97143,-19.09324],[31.9691,-19.0531],[31.97743,-19.04222],[31.97431,-19.0227],[31.97853,-19.00551],[31.97531,-18.99608],[31.97588,-18.97014],[31.96985,-18.96631],[31.96728,-18.95897],[31.94828,-18.93797],[31.95408,-18.9208],[31.93417,-18.90406],[31.92908,-18.90782],[31.92104,-18.905],[31.91722,-18.87479],[31.9123,-18.8633],[31.91326,-18.84931],[31.90677,-18.8339],[31.90819,-18.79364],[31.88309,-18.74846],[31.86906,-18.74561],[31.85202,-18.75241],[31.84169,-18.74634],[31.82967,-18.74707],[31.83368,-18.73553],[31.83035,-18.72298],[31.81329,-18.69476],[31.79561,-18.67608],[31.79269,-18.66797],[31.78593,-18.669],[31.7814,-18.65428],[31.77235,-18.64659],[31.77246,-18.63952],[31.76321,-18.63601],[31.75668,-18.62226],[31.75827,-18.61169],[31.7509,-18.6013],[31.75562,-18.5973],[31.75641,-18.59141],[31.77084,-18.57947],[31.77165,-18.57075],[31.74696,-18.5468],[31.75035,-18.53676],[31.72181,-18.51326],[31.74945,-18.49893],[31.7618,-18.44756],[31.8443,-18.42722],[31.84495,-18.41495],[31.83079,-18.39745],[31.83215,-18.39306],[31.84506,-18.38756],[31.84155,-18.38037],[31.85454,-18.36391],[31.85629,-18.34703],[31.86409,-18.32994],[31.85884,-18.31725],[31.85945,-18.29636],[31.85686,-18.28902],[31.85977,-18.28447],[31.85328,-18.27648],[31.85677,-18.27303],[31.85504,-18.25924],[31.85775,-18.25608],[31.8548,-18.243],[31.85636,-18.23857],[31.86064,-18.23712],[31.86465,-18.22468],[31.86486,-18.20146],[31.86863,-18.1931],[31.86563,-18.18622],[31.87491,-18.17327],[31.86841,-18.14204],[32.00054,-18.1444],[31.99448,-18.10627],[31.97349,-18.08035],[32.00675,-18.05469],[32.01374,-18.05345],[32.01746,-18.04526],[32.047,-18.02213],[32.05298,-18.00921],[32.08011,-17.98611],[32.10024,-17.96377],[32.13838,-17.93189],[32.14766,-17.9283],[32.14552,-17.91684],[32.14762,-17.91258],[32.14136,-17.90951],[32.14088,-17.90493],[32.1462,-17.8956],[32.1429,-17.87442],[32.15142,-17.85795],[32.1487,-17.84251],[32.15558,-17.83986],[32.16058,-17.83349],[32.1842,-17.82765],[32.19089,-17.81995],[32.20224,-17.82037],[32.21477,-17.81196],[32.2265,-17.79784],[32.24575,-17.7876],[32.26091,-17.77165],[32.26574,-17.77062],[32.26774,-17.75998],[32.2757,-17.74638],[32.29075,-17.74182],[32.2932,-17.73907],[32.2916,-17.73392],[32.30094,-17.72519],[32.32486,-17.71976],[32.33125,-17.70894],[32.36573,-17.68875],[32.38202,-17.67464],[32.41241,-17.67158],[32.42212,-17.66322],[32.43547,-17.67221],[32.44251,-17.66987],[32.44577,-17.66518],[32.44234,-17.6604],[32.46494,-17.64685],[32.47039,-17.63962],[32.47321,-17.62672],[32.4917,-17.62422],[32.50265,-17.60882],[32.53074,-17.61759],[32.54211,-17.61545],[32.54844,-17.61938],[32.55143,-17.61529],[32.55047,-17.6065],[32.55647,-17.60588],[32.56246,-17.59632],[32.56438,-17.6007],[32.56797,-17.59723],[32.57143,-17.6047],[32.57936,-17.60591],[32.57972,-17.61809],[32.58283,-17.58856],[32.58788,-17.58749],[32.59382,-17.57546],[32.60268,-17.5723],[32.61211,-17.56117],[32.62759,-17.56969],[32.62927,-17.55908],[32.63536,-17.55803],[32.63924,-17.55272],[32.64538,-17.52619],[32.63935,-17.49858],[32.64988,-17.49063],[32.67434,-17.48089],[32.71314,-17.47199],[32.7338,-17.45783],[32.73259,-17.42922],[32.75354,-17.39213],[32.75938,-17.37835],[32.75859,-17.37201],[32.76322,-17.36917],[32.77092,-17.35475],[32.79297,-17.33472],[32.80128,-17.33519],[32.82481,-17.31684],[32.84348,-17.3167],[32.85406,-17.30279],[32.85488,-17.29304],[32.87234,-17.27814],[32.90754,-17.27658],[32.91969,-17.26995],[32.92482,-17.26322],[32.96278,-17.25956],[32.99432,-17.24566],[32.99889,-17.30416],[33.05306,-17.34257],[33.02977,-17.36189],[33.01629,-17.38486],[33.01669,-17.39105],[33.00589,-17.39514],[33.01111,-17.41751],[33.00852,-17.42794],[32.99964,-17.44032],[33.00189,-17.451],[32.99214,-17.45192],[32.97486,-17.47612],[32.96676,-17.47764],[32.96383,-17.49797],[32.96968,-17.5232],[32.98185,-17.54247],[32.98381,-17.5571],[32.99603,-17.56634],[33.00645,-17.56356],[33.01984,-17.56881],[33.03996,-17.58551],[33.04316,-17.59489],[33.05364,-17.60302],[33.04653,-17.60586],[33.04364,-17.62524],[33.04675,-17.6325],[33.03115,-17.64629],[33.03156,-17.65697],[33.02163,-17.6611],[33.02058,-17.66726],[33.02375,-17.67197],[33.01828,-17.67793],[33.0236,-17.68337],[33.01683,-17.68538],[33.0155,-17.70746],[33.02297,-17.70881],[33.0279,-17.72002],[33.02188,-17.72256],[33.01139,-17.71577],[33.011,-17.72592],[33.00679,-17.73111],[33.00965,-17.73467],[33.00564,-17.74169],[33.01031,-17.74502],[33.01523,-17.74367],[33.01621,-17.75083],[33.02421,-17.74924],[33.02672,-17.74428],[33.02913,-17.74645],[33.03037,-17.75827],[33.02135,-17.75915],[33.01723,-17.76365],[33.01925,-17.77634],[33.02299,-17.77648],[33.02194,-17.78167],[33.01724,-17.78448],[33.01163,-17.78329],[33.01484,-17.78715],[33.01398,-17.79561],[33.01912,-17.79988],[33.01322,-17.80393],[33.0053,-17.79571],[33.00453,-17.8009],[32.99583,-17.80114],[32.98474,-17.79416],[32.98114,-17.79958],[32.97413,-17.79641],[32.97097,-17.80336],[32.96066,-17.81127],[32.9631,-17.81913],[32.96056,-17.82102],[32.96724,-17.83389],[32.96791,-17.84212],[32.9623,-17.84713],[32.96537,-17.85016],[32.96101,-17.86152],[32.96145,-17.87012],[32.95338,-17.87191],[32.95266,-17.88557],[32.94952,-17.8875],[32.95485,-17.89361],[32.9526,-17.89499],[32.95509,-17.90041],[32.95377,-17.91072],[32.96981,-17.91107],[32.97739,-17.9075],[32.9834,-17.91675],[32.97373,-17.91699],[32.9721,-17.9251],[32.97507,-17.93084],[32.97248,-17.93314],[32.97545,-17.9381],[32.97191,-17.93882],[32.97324,-17.94305],[32.96769,-17.96169],[32.95202,-17.95933],[32.94596,-17.96744],[32.94508,-17.97772],[32.93731,-17.98304],[32.94546,-17.9903],[32.95152,-17.98926],[32.95595,-17.99797],[32.93837,-18.0122],[32.93776,-18.01595],[32.94203,-18.01878],[32.93651,-18.0232],[32.93572,-18.02991],[32.95043,-18.02566],[32.94779,-18.038],[32.9523,-18.03942],[32.95937,-18.04994],[32.953,-18.0534],[32.95294,-18.04897],[32.94755,-18.05001],[32.95656,-18.05987],[32.95486,-18.06687],[32.95946,-18.0675],[32.96408,-18.078],[32.95902,-18.08278],[32.97074,-18.08842],[32.9676,-18.09341],[32.97206,-18.10186],[32.97091,-18.10562],[32.97546,-18.11078],[32.98198,-18.10995],[32.98076,-18.11472],[32.97583,-18.11467],[32.97811,-18.12519],[32.97209,-18.13362],[32.97602,-18.13652],[32.97495,-18.13919],[32.98243,-18.14293],[32.97959,-18.14634],[32.98265,-18.15353],[32.99253,-18.1578],[32.99817,-18.15568],[32.99776,-18.162],[33.00971,-18.17433],[33.0091,-18.19502],[33.01811,-18.20868],[33.01642,-18.21912],[33.0214,-18.22678],[33.022,-18.23563],[33.01609,-18.2388],[33.01533,-18.24475],[33.02299,-18.24946],[33.01582,-18.25786],[33.01674,-18.26845],[33.0137,-18.2693],[33.01971,-18.27678],[33.01099,-18.27924],[33.01945,-18.28727],[33.01622,-18.28944],[33.01585,-18.29506],[33.02165,-18.29889],[33.02511,-18.30797],[33.02864,-18.30664],[33.03545,-18.31824],[33.0369,-18.31439],[33.04428,-18.32018],[33.05451,-18.31631],[33.05212,-18.33159],[33.05636,-18.33897],[33.06718,-18.34578],[33.0628,-18.35423],[33.06418,-18.35816],[33.05822,-18.36501],[33.0572,-18.37963],[33.05073,-18.38265],[33.04698,-18.37545],[33.03954,-18.38081],[33.03158,-18.39066],[33.03025,-18.40397],[33.01873,-18.41993],[33.01914,-18.42546],[33.02995,-18.42842],[33.02811,-18.46328],[32.98305,-18.49272],[32.97711,-18.47887],[32.97984,-18.47146],[32.9716,-18.47279],[32.95112,-18.48605],[32.95006,-18.4913],[32.93976,-18.49461],[32.93597,-18.49227],[32.9351,-18.49733],[32.92592,-18.49971],[32.92391,-18.50317],[32.91578,-18.50323],[32.90931,-18.49717],[32.89861,-18.50439],[32.89654,-18.51099],[32.88836,-18.51115],[32.87591,-18.51731],[32.90052,-18.54326],[32.89125,-18.57476],[32.8965,-18.58158],[32.91028,-18.58713],[32.9104,-18.61116],[32.96185,-18.68381],[32.95903,-18.70531],[32.95344,-18.70746],[32.95195,-18.72411],[32.94532,-18.73247],[32.94174,-18.75058],[32.93673,-18.75963],[32.93694,-18.76803],[32.93183,-18.76788],[32.91936,-18.78302],[32.90692,-18.79183],[32.8798,-18.79801],[32.84481,-18.77639],[32.81459,-18.77876],[32.79204,-18.79489],[32.7783,-18.79669],[32.75693,-18.81213],[32.75239,-18.81277],[32.74871,-18.80867],[32.74298,-18.81001],[32.73581,-18.81432],[32.72975,-18.82331],[32.72652,-18.8203],[32.71117,-18.82961],[32.70271,-18.84123],[32.72504,-18.87173],[32.72666,-18.90483],[32.73357,-18.91835],[32.74167,-18.9248],[32.70516,-18.93576],[32.69172,-18.93304],[32.69867,-18.93477],[32.71109,-18.98189],[32.70005,-18.98348],[32.7054,-18.99005],[32.71431,-19.00056],[32.71686,-19.0238],[32.77556,-19.02571],[32.77557,-19.0181],[32.80584,-19.01875],[32.84065,-19.00933],[32.84558,-19.01442],[32.84774,-19.02415],[32.8509,-19.06126],[32.86315,-19.07571],[32.86871,-19.0719],[32.87637,-19.07248],[32.87648,-19.08483],[32.88473,-19.10216],[32.86851,-19.13787],[32.8591,-19.22227],[32.85077,-19.22519],[32.85334,-19.23621],[32.84853,-19.24281],[32.85611,-19.27809],[32.83657,-19.31086],[32.82221,-19.31758],[32.81082,-19.33415],[32.78432,-19.3523],[32.77663,-19.35448],[32.78562,-19.37144],[32.78739,-19.38399],[32.79116,-19.38744],[32.77794,-19.40864],[32.78009,-19.43179],[32.77634,-19.45604],[32.79326,-19.47463],[32.84536,-19.47459],[32.84049,-19.51144],[32.85176,-19.54013],[32.85856,-19.54363],[32.85012,-19.60005],[32.84573,-19.60465],[32.85699,-19.61679],[32.85357,-19.62838],[32.84477,-19.6336],[32.84653,-19.65304],[32.84006,-19.65549],[32.83127,-19.66648],[32.8323,-19.6699],[32.84108,-19.67826],[32.85374,-19.68357],[32.87665,-19.67804],[32.88446,-19.68313],[32.90439,-19.67864],[32.90744,-19.68133],[32.9152,-19.67538],[32.93617,-19.67205],[32.9567,-19.65511],[32.97514,-19.6492],[32.98606,-19.67979],[32.98523,-19.68807],[32.95613,-19.71061],[32.95588,-19.71613],[32.96735,-19.72874],[32.9739,-19.72886],[32.98376,-19.74019],[33.00772,-19.75015],[33.01453,-19.74762],[33.06178,-19.77462],[33.04728,-19.80911],[33.04801,-19.84262],[33.02528,-19.95564],[33.02365,-19.98981],[33.02542,-20.01698],[33.02996,-20.03369],[32.99847,-20.02608],[32.98855,-20.02747],[32.97535,-20.03722],[32.96384,-20.03872],[32.95588,-20.03405],[32.94499,-20.04021],[32.93484,-20.0386],[32.92107,-20.04298],[32.91847,-20.04982],[32.94056,-20.09775],[32.92347,-20.09809],[32.90953,-20.10896],[32.89421,-20.1065],[32.89255,-20.09114],[32.88354,-20.0921],[32.85808,-20.11024],[32.87017,-20.10356],[32.86762,-20.12826],[32.8615,-20.1348],[32.87038,-20.14372],[32.86259,-20.1527],[32.8692,-20.1624],[32.87426,-20.18725],[32.84847,-20.19361],[32.84779,-20.2197],[32.85789,-20.22922],[32.86144,-20.22598],[32.87438,-20.23263],[32.87069,-20.24894],[32.86384,-20.25826],[32.86665,-20.27191],[32.87281,-20.27603],[32.80356,-20.34186],[32.80618,-20.36543],[32.76104,-20.41525],[32.66761,-20.55445],[32.56693,-20.55287],[32.52101,-20.59293],[32.50833,-20.59914],[32.50767,-20.6079],[32.50306,-20.60713],[32.49824,-20.61155],[32.50492,-20.62073],[32.4985,-20.62168],[32.49713,-20.62514],[32.50363,-20.62746],[32.4954,-20.62966],[32.49161,-20.63749],[32.49499,-20.63822],[32.49534,-20.64409],[32.49058,-20.64222],[32.49007,-20.64973],[32.48722,-20.65128],[32.48939,-20.6534],[32.48532,-20.65503],[32.48991,-20.65617],[32.48836,-20.65992],[32.49399,-20.66187],[32.49522,-20.66546],[32.49332,-20.66954],[32.48578,-20.67053],[32.49247,-20.6772],[32.49442,-20.69945],[32.50302,-20.71069],[32.49419,-20.71699],[32.50223,-20.81363],[32.52434,-20.90704],[32.48753,-20.98974],[32.38023,-21.10959],[32.38318,-21.122],[32.37787,-21.12327],[32.36298,-21.1396],[32.38072,-21.14595],[32.39034,-21.15697],[32.38311,-21.15952],[32.38436,-21.16259],[32.39069,-21.16535],[32.39374,-21.16206],[32.41319,-21.17382],[32.39885,-21.1805],[32.39411,-21.18887],[32.39717,-21.19289],[32.39638,-21.19862],[32.40069,-21.20731],[32.40883,-21.21165],[32.41858,-21.22595],[32.42944,-21.23167],[32.42482,-21.24228],[32.43365,-21.25033],[32.47614,-21.3104],[32.48023,-21.32725],[32.45261,-21.30967],[32.43585,-21.30483],[32.41749,-21.2933],[32.39236,-21.2625],[32.37655,-21.25474],[32.3379,-21.24608],[32.31244,-21.22215],[32.30466,-21.2102],[32.30588,-21.20225],[32.28922,-21.18435],[32.28578,-21.15964],[32.27072,-21.10452],[32.25773,-21.09688],[32.24045,-21.09755],[32.23381,-21.07952],[32.22471,-21.07698],[32.21649,-21.06856],[32.19466,-21.06426],[32.18602,-21.04553],[32.19527,-21.0355],[32.19606,-21.02404],[32.19054,-21.01638],[32.16489,-21.00534],[32.15773,-20.99777],[32.15203,-20.97837],[32.15868,-20.96083],[32.1571,-20.94897],[32.14731,-20.94008],[32.14008,-20.93804],[32.13555,-20.92662],[32.13983,-20.91426],[32.14962,-20.90407],[32.15627,-20.89092],[32.15686,-20.87758],[32.18328,-20.84046],[32.19659,-20.80432],[32.21084,-20.79709],[32.2197,-20.78066],[32.20913,-20.76899],[32.20893,-20.75268],[32.21269,-20.75084],[32.21729,-20.72967],[32.22768,-20.71181],[32.22526,-20.69974],[32.22774,-20.69215],[32.24755,-20.68144],[32.25601,-20.66948],[32.26085,-20.64575],[32.25685,-20.61673],[32.27122,-20.59985],[32.28881,-20.5581],[32.28775,-20.53193],[32.28272,-20.51725],[32.28913,-20.48964],[32.28438,-20.45518],[32.29571,-20.34489],[32.3146,-20.269],[32.31971,-20.26008]],[[32.86368,-20.06435],[32.8622,-20.06202],[32.86367,-20.0704],[32.86368,-20.06435]],[[32.39659,-19.78533],[32.39021,-19.77357],[32.39089,-19.77793],[32.39659,-19.78533]],[[32.30039,-19.72128],[32.30534,-19.72374],[32.29313,-19.71609],[32.30039,-19.72128]],[[32.2685,-19.6761],[32.27081,-19.68233],[32.29313,-19.71609],[32.2685,-19.6761]],[[32.26321,-19.66184],[32.26218,-19.6538],[32.24984,-19.62582],[32.26321,-19.66184]]]}},{"type":"Feature","properties":{"id":"ZWE:ADM1:ZWE-530","name":"Matabeleland South","countryCode":"ZWE"},"geometry":{"type":"Polygon","coordinates":[[[30.02125,-22.23167],[30.01727,-22.22871],[29.99773,-22.22948],[29.9707,-22.22265],[29.96511,-22.21384],[29.96104,-22.21357],[29.92684,-22.18835],[29.93013,-22.18616],[29.88614,-22.19019],[29.85679,-22.17118],[29.83383,-22.17008],[29.81174,-22.16464],[29.7734,-22.13827],[29.71638,-22.14184],[29.69574,-22.13526],[29.67479,-22.1371],[29.66297,-22.12449],[29.65503,-22.12333],[29.62612,-22.13414],[29.61765,-22.14902],[29.60909,-22.15396],[29.58343,-22.13922],[29.57821,-22.13911],[29.5454,-22.16533],[29.5254,-22.17456],[29.51581,-22.17639],[29.48497,-22.16503],[29.46532,-22.16321],[29.42509,-22.17019],[29.38022,-22.19088],[29.36283,-22.19025],[29.35232,-22.18166],[29.33614,-22.15988],[29.28464,-22.11539],[29.27379,-22.08517],[29.25701,-22.06317],[29.24825,-22.05847],[29.20448,-22.07234],[29.18503,-22.07466],[29.15859,-22.07358],[29.12381,-22.06633],[29.09354,-22.05362],[29.07165,-22.03798],[29.05019,-22.01663],[29.03772,-21.99684],[29.02732,-21.97306],[29.02047,-21.94029],[29.02303,-21.90421],[29.02568,-21.88991],[29.0368,-21.86393],[29.05311,-21.8399],[29.0783,-21.81662],[29.07165,-21.80678],[29.05848,-21.79916],[29.00869,-21.78736],[28.99014,-21.76725],[28.95923,-21.77222],[28.91737,-21.76211],[28.90215,-21.76132],[28.88945,-21.75618],[28.86013,-21.75225],[28.82825,-21.73202],[28.79455,-21.72853],[28.77514,-21.71626],[28.76926,-21.70996],[28.74999,-21.69969],[28.69809,-21.68642],[28.66942,-21.67577],[28.65314,-21.65423],[28.63916,-21.6487],[28.59936,-21.6434],[28.58219,-21.62843],[28.57235,-21.62864],[28.55632,-21.64219],[28.53958,-21.64141],[28.52596,-21.65652],[28.50344,-21.66919],[28.45939,-21.65386],[28.4422,-21.63755],[28.40832,-21.62912],[28.38839,-21.61643],[28.39269,-21.61694],[28.3759,-21.60595],[28.36176,-21.60213],[28.34754,-21.60579],[28.3391,-21.59879],[28.30944,-21.59419],[28.29263,-21.58737],[28.28613,-21.59075],[28.19753,-21.60169],[28.17079,-21.59272],[28.14433,-21.59116],[28.0992,-21.57743],[28.08095,-21.58154],[28.06785,-21.57718],[28.05073,-21.57785],[28.01911,-21.572],[28.00823,-21.55519],[28.00542,-21.53905],[27.99679,-21.53051],[27.99645,-21.52403],[28.00345,-21.51833],[28.00374,-21.51377],[27.98429,-21.51496],[27.97828,-21.52244],[27.97142,-21.51608],[27.97122,-21.51158],[27.97674,-21.50457],[27.97313,-21.4947],[27.98401,-21.48674],[27.98436,-21.48356],[27.97571,-21.47848],[27.96043,-21.47627],[27.95722,-21.47039],[27.96267,-21.45926],[27.97557,-21.46084],[27.98016,-21.45655],[27.97236,-21.45194],[27.96603,-21.44082],[27.95095,-21.42876],[27.95676,-21.41079],[27.94561,-21.38793],[27.93087,-21.37633],[27.9192,-21.36057],[27.91721,-21.3407],[27.91995,-21.32957],[27.90348,-21.30066],[27.88494,-21.28858],[27.88353,-21.27897],[27.86813,-21.26697],[27.85612,-21.23951],[27.83591,-21.2203],[27.82536,-21.20158],[27.81368,-21.19699],[27.81651,-21.18812],[27.80489,-21.17373],[27.78868,-21.17658],[27.77891,-21.15743],[27.75358,-21.15243],[27.74712,-21.13947],[27.73306,-21.13106],[27.72399,-21.11529],[27.70079,-21.09825],[27.69948,-21.08895],[27.69364,-21.08413],[27.69633,-21.07382],[27.69003,-21.06532],[27.68588,-21.04976],[27.69893,-21.0442],[27.70453,-21.03698],[27.70146,-21.02804],[27.70284,-21.0212],[27.69915,-21.0168],[27.70061,-21.01139],[27.69631,-21.00484],[27.69815,-21.00138],[27.70744,-20.99906],[27.70299,-20.9923],[27.70197,-20.98007],[27.70901,-20.9665],[27.70983,-20.95668],[27.69008,-20.93245],[27.69651,-20.92306],[27.69675,-20.90979],[27.70056,-20.9044],[27.69963,-20.89179],[27.6928,-20.87662],[27.6942,-20.86396],[27.70667,-20.84809],[27.71096,-20.84784],[27.71695,-20.8366],[27.71309,-20.82674],[27.7212,-20.80584],[27.72084,-20.79641],[27.7255,-20.78812],[27.72578,-20.78045],[27.73603,-20.76035],[27.73067,-20.74551],[27.73464,-20.73949],[27.72721,-20.72],[27.73308,-20.71463],[27.72966,-20.71191],[27.7347,-20.70245],[27.72483,-20.69429],[27.72635,-20.6915],[27.70889,-20.66974],[27.70398,-20.65313],[27.70439,-20.63716],[27.70906,-20.62534],[27.70519,-20.62105],[27.70469,-20.60115],[27.72222,-20.57794],[27.71859,-20.57171],[27.72934,-20.55496],[27.72699,-20.54823],[27.73126,-20.54142],[27.7274,-20.53254],[27.73031,-20.52309],[27.72379,-20.51277],[27.6955,-20.4888],[27.68369,-20.48507],[27.67564,-20.49228],[27.64738,-20.49762],[27.62232,-20.47712],[27.60427,-20.47791],[27.57752,-20.49251],[27.55312,-20.48376],[27.47187,-20.46597],[27.43401,-20.48072],[27.37747,-20.47633],[27.36282,-20.4667],[27.28965,-20.49701],[27.28615,-20.47986],[27.29911,-20.42424],[27.29654,-20.3569],[27.30497,-20.32581],[27.29994,-20.30464],[27.30108,-20.29617],[27.29057,-20.27602],[27.29206,-20.26333],[27.28831,-20.25602],[27.28566,-20.23077],[27.27968,-20.22086],[27.27338,-20.21943],[27.26689,-20.21145],[27.26541,-20.19546],[27.24902,-20.16231],[27.24564,-20.14231],[27.2357,-20.11774],[27.22254,-20.10658],[27.2134,-20.08814],[27.19319,-20.0784],[27.1632,-20.07722],[27.14727,-20.08051],[27.12971,-20.07393],[27.09907,-20.05431],[27.0871,-20.03456],[27.07882,-20.02773],[27.04624,-20.00945],[27.01568,-20.00718],[26.98815,-20.01305],[26.97113,-20.0118],[26.91603,-19.98842],[26.90318,-19.97892],[26.87876,-19.97272],[26.85194,-19.95918],[26.82699,-19.96153],[26.81881,-19.95336],[26.81128,-19.95323],[26.79142,-19.94318],[26.76003,-19.936],[26.7267,-19.93774],[26.70229,-19.89406],[26.70302,-19.89006],[26.73342,-19.8833],[26.74928,-19.86179],[26.75676,-19.8581],[26.78149,-19.85546],[26.80573,-19.84157],[26.84021,-19.83166],[26.86109,-19.82003],[26.88408,-19.81938],[26.90439,-19.8132],[26.92474,-19.81084],[26.9471,-19.81387],[26.95316,-19.8102],[26.97568,-19.8081],[26.98219,-19.81437],[26.99587,-19.8175],[27.04908,-19.80849],[27.0647,-19.81427],[27.07534,-19.80828],[27.10808,-19.80544],[27.1364,-19.79575],[27.15941,-19.80449],[27.17645,-19.80367],[27.18127,-19.80568],[27.1836,-19.81234],[27.1943,-19.81675],[27.22048,-19.81166],[27.26516,-19.82295],[27.27136,-19.81219],[27.28945,-19.80487],[27.29733,-19.7956],[27.30582,-19.79302],[27.33831,-19.80051],[27.35664,-19.79717],[27.36284,-19.80258],[27.37011,-19.80399],[27.38504,-19.79915],[27.42317,-19.82229],[27.44798,-19.84598],[27.46108,-19.84548],[27.50316,-19.85601],[27.51708,-19.85475],[27.53854,-19.87019],[27.54085,-19.88187],[27.54856,-19.88814],[27.55854,-19.8899],[27.56435,-19.89636],[27.56607,-19.92678],[27.57303,-19.93841],[27.57586,-19.95413],[27.59028,-19.97951],[27.60988,-19.99806],[27.64428,-20.01498],[27.65213,-20.03204],[27.66169,-20.04232],[27.68281,-20.05064],[27.68909,-20.06169],[27.69949,-20.07121],[27.70943,-20.07464],[27.72616,-20.08665],[27.73174,-20.09704],[27.74074,-20.09879],[27.74602,-20.10973],[27.7522,-20.11342],[27.75882,-20.1345],[27.76664,-20.13041],[27.78014,-20.14433],[27.80507,-20.15138],[27.81251,-20.17141],[27.81868,-20.17489],[27.83036,-20.17524],[27.83723,-20.17107],[27.84862,-20.17859],[27.85708,-20.18026],[27.86107,-20.177],[27.86833,-20.1866],[27.88012,-20.18361],[27.89027,-20.1882],[27.89717,-20.18415],[27.94419,-20.05888],[27.99264,-20.12251],[28.03344,-20.10262],[28.09194,-20.09735],[28.13467,-20.08617],[28.13715,-20.08609],[28.14102,-20.10059],[28.14887,-20.11154],[28.15455,-20.11036],[28.16133,-20.11488],[28.16619,-20.11329],[28.19107,-20.12254],[28.19007,-20.13991],[28.19921,-20.14572],[28.2224,-20.18764],[28.23527,-20.19403],[28.2371,-20.2045],[28.24973,-20.21461],[28.25105,-20.22637],[28.27103,-20.23711],[28.27621,-20.24774],[28.29067,-20.25399],[28.30661,-20.28236],[28.31441,-20.27257],[28.33159,-20.35462],[28.34343,-20.36194],[28.36609,-20.31493],[28.38038,-20.29447],[28.3896,-20.28968],[28.4131,-20.29533],[28.4297,-20.29315],[28.45877,-20.26538],[28.48105,-20.23666],[28.49657,-20.23545],[28.53878,-20.25867],[28.55262,-20.222],[28.5773,-20.22763],[28.60532,-20.22744],[28.65703,-20.28242],[28.67809,-20.31172],[28.66905,-20.29826],[28.72243,-20.26528],[28.71388,-20.25274],[28.74242,-20.22077],[28.7528,-20.21488],[28.78122,-20.14288],[28.76783,-20.14037],[28.77078,-20.137],[28.77449,-20.13881],[28.77672,-20.13465],[28.77332,-20.13337],[28.77867,-20.12549],[28.79171,-20.12194],[28.79331,-20.13095],[28.86019,-20.076],[28.81601,-20.04466],[28.89562,-20.03987],[28.96184,-19.97282],[28.98332,-19.9568],[28.99144,-19.94269],[28.955,-19.82168],[29.04658,-19.85319],[29.07202,-19.82999],[29.09785,-19.81403],[29.08582,-19.80721],[29.1035,-19.77538],[29.10294,-19.70935],[29.04166,-19.65728],[29.06917,-19.65436],[29.11573,-19.60127],[29.19508,-19.56466],[29.1271,-19.53474],[29.09437,-19.53425],[29.08347,-19.5193],[29.08213,-19.50974],[29.09034,-19.50646],[29.09211,-19.50151],[29.10725,-19.49031],[29.17186,-19.49767],[29.21548,-19.5296],[29.23379,-19.4824],[29.23191,-19.48053],[29.23991,-19.48412],[29.24601,-19.4981],[29.25377,-19.50261],[29.25795,-19.51197],[29.26515,-19.5149],[29.27983,-19.53226],[29.28231,-19.56507],[29.30149,-19.57429],[29.29554,-19.58346],[29.30758,-19.59527],[29.30696,-19.60112],[29.31668,-19.60919],[29.31646,-19.61731],[29.34823,-19.63166],[29.35676,-19.64135],[29.35439,-19.64318],[29.35879,-19.64959],[29.35671,-19.65488],[29.36184,-19.66061],[29.35969,-19.66903],[29.36307,-19.67908],[29.37027,-19.6777],[29.37688,-19.68821],[29.40147,-19.69902],[29.4007,-19.70322],[29.40636,-19.71444],[29.40353,-19.71934],[29.41297,-19.73329],[29.41365,-19.74354],[29.40949,-19.74785],[29.41211,-19.75197],[29.41675,-19.75039],[29.42358,-19.75667],[29.41602,-19.76363],[29.4184,-19.7659],[29.41276,-19.80684],[29.40369,-19.81834],[29.40324,-19.84268],[29.41385,-19.88708],[29.47243,-19.84775],[29.5024,-19.86137],[29.51762,-19.86345],[29.56225,-19.88607],[29.58224,-19.91816],[29.59846,-19.93421],[29.6185,-19.9322],[29.65406,-19.91221],[29.68021,-19.90514],[29.69523,-19.97216],[29.71097,-19.97286],[29.75279,-19.95507],[29.79767,-19.94495],[29.79816,-19.9526],[29.80141,-19.95409],[29.80043,-20.00324],[29.80944,-20.00009],[29.8756,-20.0057],[29.87344,-20.06143],[29.84081,-20.10598],[29.81596,-20.15915],[29.79214,-20.21553],[29.79219,-20.23917],[29.77818,-20.28464],[29.73089,-20.39153],[29.7312,-20.45558],[29.7134,-20.47359],[29.70112,-20.51616],[29.60531,-20.57532],[29.6203,-20.59519],[29.5845,-20.60428],[29.5968,-20.65061],[29.60788,-20.66818],[29.66166,-20.65473],[29.67537,-20.67048],[29.6668,-20.71266],[29.65064,-20.75569],[29.6243,-20.89118],[29.58571,-20.92599],[29.54143,-20.95338],[29.48939,-20.99527],[29.45778,-21.01558],[29.4986,-21.02818],[29.53447,-21.03681],[29.59246,-21.04054],[29.6896,-21.02134],[29.7307,-21.02292],[29.73103,-21.0333],[29.75212,-21.08728],[29.75675,-21.09086],[29.76596,-21.0889],[29.76552,-21.09802],[29.77068,-21.1074],[29.80132,-21.13565],[29.84106,-21.15137],[29.84344,-21.15853],[29.83143,-21.16487],[29.8313,-21.17511],[29.83847,-21.17896],[29.84221,-21.18841],[29.84568,-21.189],[29.84669,-21.20031],[29.84968,-21.20335],[29.87909,-21.21004],[29.89382,-21.22536],[29.89342,-21.22894],[29.88619,-21.23166],[29.88743,-21.24596],[29.89238,-21.25097],[29.88647,-21.26337],[29.89142,-21.26978],[29.90624,-21.26941],[29.91885,-21.27678],[29.9214,-21.29852],[29.93642,-21.30828],[29.94812,-21.34887],[29.95382,-21.35363],[29.99908,-21.37126],[30.01882,-21.38783],[30.02472,-21.40736],[30.04021,-21.42303],[30.04154,-21.4394],[30.06888,-21.45939],[30.07274,-21.47894],[30.09355,-21.47622],[30.10866,-21.48341],[30.10703,-21.48752],[30.09703,-21.49279],[30.09614,-21.50074],[30.12688,-21.49652],[30.14618,-21.50581],[30.16578,-21.50049],[30.17015,-21.50409],[30.16611,-21.51619],[30.17252,-21.53186],[30.19303,-21.52866],[30.20855,-21.53868],[30.21828,-21.55386],[30.23075,-21.54401],[30.24052,-21.54972],[30.24303,-21.55885],[30.24168,-21.57078],[30.22924,-21.58803],[30.2334,-21.59438],[30.26391,-21.59159],[30.2757,-21.59693],[30.29498,-21.59532],[30.30605,-21.6014],[30.32815,-21.6002],[30.33827,-21.61108],[30.35592,-21.59558],[30.36109,-21.59486],[30.37222,-21.60103],[30.38119,-21.61084],[30.39523,-21.60882],[30.40753,-21.62456],[30.42693,-21.63051],[30.44335,-21.63121],[30.44636,-21.63573],[30.44609,-21.64703],[30.45022,-21.65257],[30.47039,-21.65157],[30.48252,-21.66322],[30.49209,-21.65648],[30.50654,-21.66048],[30.50759,-21.67415],[30.49923,-21.68178],[30.50191,-21.69142],[30.49822,-21.70497],[30.50376,-21.71026],[30.51847,-21.71148],[30.52433,-21.71982],[30.53411,-21.71993],[30.53528,-21.72831],[30.54311,-21.736],[30.54084,-21.745],[30.54426,-21.74792],[30.55396,-21.74533],[30.56219,-21.72983],[30.57121,-21.73744],[30.58211,-21.73595],[30.59018,-21.75404],[30.59647,-21.7519],[30.59954,-21.74305],[30.60715,-21.74582],[30.61952,-21.76325],[30.63157,-21.75939],[30.64448,-21.74811],[30.64896,-21.74885],[30.64881,-21.75313],[30.63756,-21.76399],[30.63535,-21.77135],[30.65321,-21.78138],[30.66522,-21.78162],[30.66902,-21.79719],[30.66507,-21.81125],[30.67419,-21.81744],[30.66978,-21.82374],[30.67022,-21.82945],[30.68521,-21.83156],[30.70288,-21.84725],[30.71082,-21.85027],[30.71508,-21.85596],[30.71015,-21.86183],[30.71276,-21.87212],[30.71665,-21.87527],[30.73047,-21.87507],[30.72763,-21.8903],[30.7381,-21.89126],[30.75027,-21.90353],[30.76137,-21.90702],[30.76025,-21.91348],[30.77126,-21.92221],[30.75417,-21.93263],[30.76156,-21.94918],[30.78331,-21.96461],[30.79806,-21.96423],[30.80684,-21.96976],[30.80872,-21.97484],[30.80106,-21.97527],[30.7966,-21.98082],[30.80369,-21.99907],[30.83296,-21.99748],[30.85741,-22.01667],[30.85952,-22.03435],[30.8734,-22.04181],[30.8895,-22.08432],[30.89974,-22.08351],[30.91708,-22.07357],[30.9313,-22.07383],[30.93528,-22.0862],[30.93118,-22.10533],[30.94401,-22.11279],[30.94806,-22.125],[30.94786,-22.1365],[30.95468,-22.15508],[30.96263,-22.15979],[30.98296,-22.16185],[30.98944,-22.16922],[30.98767,-22.17423],[31.00534,-22.17864],[31.00976,-22.19396],[31.00239,-22.20722],[31.01329,-22.20839],[31.00593,-22.22459],[31.01094,-22.22754],[31.02036,-22.21841],[31.0345,-22.224],[31.03626,-22.23019],[31.03185,-22.23579],[31.01624,-22.23314],[31.01309,-22.25043],[31.02761,-22.25187],[31.0343,-22.26673],[31.0533,-22.26661],[31.04958,-22.27158],[31.05123,-22.28589],[31.06113,-22.28522],[31.06831,-22.29406],[31.0802,-22.28851],[31.08409,-22.28972],[31.0861,-22.302],[31.09856,-22.31432],[31.11333,-22.33753],[31.09844,-22.34526],[31.08704,-22.34527],[31.07048,-22.33738],[31.03663,-22.33105],[30.99979,-22.31374],[30.99509,-22.31549],[30.98982,-22.32496],[30.98234,-22.3256],[30.9734,-22.32192],[30.97049,-22.31374],[30.94583,-22.31243],[30.93969,-22.3033],[30.9329,-22.3002],[30.89907,-22.29433],[30.88346,-22.30265],[30.86558,-22.29522],[30.83329,-22.2892],[30.70696,-22.31479],[30.67133,-22.3082],[30.66134,-22.30916],[30.65016,-22.31638],[30.63899,-22.3306],[30.63054,-22.33438],[30.62077,-22.33191],[30.60124,-22.31895],[30.57169,-22.31839],[30.55553,-22.32906],[30.54914,-22.33007],[30.5295,-22.32305],[30.50366,-22.32023],[30.48543,-22.31431],[30.4553,-22.32859],[30.39087,-22.34706],[30.3359,-22.34875],[30.31771,-22.34544],[30.2893,-22.35487],[30.27458,-22.34503],[30.2553,-22.31594],[30.23897,-22.30608],[30.23324,-22.2946],[30.15824,-22.29877],[30.13209,-22.3088],[30.12501,-22.30885],[30.10047,-22.28462],[30.07492,-22.27185],[30.05486,-22.25411],[30.03245,-22.25416],[30.02317,-22.2506],[30.02125,-22.23167]],[[28.39396,-21.61355],[28.38875,-21.59358],[28.39269,-21.61694],[28.39396,-21.61355]],[[29.18291,-20.56083],[29.15297,-20.55571],[29.15874,-20.55736],[29.18291,-20.56083]]]}},{"type":"Feature","properties":{"id":"ZWE:ADM1:ZWE-531","name":"Bulawayo","countryCode":"ZWE"},"geometry":{"type":"Polygon","coordinates":[[[28.60532,-20.22744],[28.60835,-20.23073],[28.62704,-20.23206],[28.63802,-20.22988],[28.64091,-20.22642],[28.65055,-20.2266],[28.66249,-20.2364],[28.66507,-20.23331],[28.66315,-20.22187],[28.67234,-20.21986],[28.67359,-20.21522],[28.68457,-20.22081],[28.69317,-20.20205],[28.69678,-20.20248],[28.6965,-20.19099],[28.67563,-20.18198],[28.67695,-20.17634],[28.67033,-20.17234],[28.67518,-20.16823],[28.66446,-20.16635],[28.65126,-20.15295],[28.67654,-20.11433],[28.6512,-20.11327],[28.65748,-20.1001],[28.65663,-20.0893],[28.66045,-20.08898],[28.66792,-20.06761],[28.64358,-20.06865],[28.66178,-20.02796],[28.66799,-20.02404],[28.67117,-20.01631],[28.6436,-20.00416],[28.60724,-19.96147],[28.57376,-20.02809],[28.55416,-20.04434],[28.55371,-20.0565],[28.54693,-20.04932],[28.5477,-20.04443],[28.53076,-20.03047],[28.51265,-20.04297],[28.51302,-20.05924],[28.4687,-20.07058],[28.44584,-20.04063],[28.40871,-20.01803],[28.41514,-20.11845],[28.40412,-20.11874],[28.39667,-20.13459],[28.41538,-20.13249],[28.42814,-20.15362],[28.38741,-20.15389],[28.39776,-20.17022],[28.44255,-20.17774],[28.43691,-20.16713],[28.43781,-20.16253],[28.43251,-20.16139],[28.4315,-20.15774],[28.49144,-20.17074],[28.48098,-20.1908],[28.49994,-20.18929],[28.51311,-20.20094],[28.49657,-20.23545],[28.53878,-20.25867],[28.55262,-20.222],[28.5773,-20.22763],[28.60532,-20.22744]]]}},{"type":"Feature","properties":{"id":"ZWE:ADM1:ZWE-532","name":"Masvingo","countryCode":"ZWE"},"geometry":{"type":"Polygon","coordinates":[[[32.28913,-20.48964],[32.28272,-20.51725],[32.28775,-20.53193],[32.28881,-20.5581],[32.27122,-20.59985],[32.25685,-20.61673],[32.26085,-20.64575],[32.25601,-20.66948],[32.24755,-20.68144],[32.22774,-20.69215],[32.22526,-20.69974],[32.22768,-20.71181],[32.21729,-20.72967],[32.21269,-20.75084],[32.20893,-20.75268],[32.20913,-20.76899],[32.2197,-20.78066],[32.21084,-20.79709],[32.19659,-20.80432],[32.18328,-20.84046],[32.15686,-20.87758],[32.15627,-20.89092],[32.14962,-20.90407],[32.13983,-20.91426],[32.13555,-20.92662],[32.14008,-20.93804],[32.14731,-20.94008],[32.1571,-20.94897],[32.15868,-20.96083],[32.15203,-20.97837],[32.15773,-20.99777],[32.16489,-21.00534],[32.19054,-21.01638],[32.19606,-21.02404],[32.19527,-21.0355],[32.18602,-21.04553],[32.19466,-21.06426],[32.21649,-21.06856],[32.22471,-21.07698],[32.23381,-21.07952],[32.24045,-21.09755],[32.25773,-21.09688],[32.27072,-21.10452],[32.28578,-21.15964],[32.28922,-21.18435],[32.30588,-21.20225],[32.30466,-21.2102],[32.31244,-21.22215],[32.3379,-21.24608],[32.37655,-21.25474],[32.39236,-21.2625],[32.41749,-21.2933],[32.43585,-21.30483],[32.44808,-21.3075],[32.41388,-21.3163],[31.7578,-21.99394],[31.37628,-22.37972],[31.30957,-22.42105],[31.30462,-22.41462],[31.28596,-22.40415],[31.27427,-22.37274],[31.2641,-22.36349],[31.24876,-22.36172],[31.22721,-22.3666],[31.21093,-22.36396],[31.19775,-22.3549],[31.1856,-22.33412],[31.1736,-22.329],[31.14781,-22.32848],[31.12052,-22.33822],[31.11333,-22.33753],[31.09856,-22.31432],[31.0861,-22.302],[31.08409,-22.28972],[31.0802,-22.28851],[31.06831,-22.29406],[31.06113,-22.28522],[31.05123,-22.28589],[31.04958,-22.27158],[31.0533,-22.26661],[31.0343,-22.26673],[31.02761,-22.25187],[31.01309,-22.25043],[31.01624,-22.23314],[31.03185,-22.23579],[31.03626,-22.23019],[31.0345,-22.224],[31.02036,-22.21841],[31.01094,-22.22754],[31.00593,-22.22459],[31.01329,-22.20839],[31.00239,-22.20722],[31.00976,-22.19396],[31.00534,-22.17864],[30.98767,-22.17423],[30.98944,-22.16922],[30.98296,-22.16185],[30.96263,-22.15979],[30.95468,-22.15508],[30.94786,-22.1365],[30.94806,-22.125],[30.94401,-22.11279],[30.93118,-22.10533],[30.93528,-22.0862],[30.9313,-22.07383],[30.91708,-22.07357],[30.89974,-22.08351],[30.8895,-22.08432],[30.8734,-22.04181],[30.85952,-22.03435],[30.85741,-22.01667],[30.83296,-21.99748],[30.80369,-21.99907],[30.7966,-21.98082],[30.80106,-21.97527],[30.80872,-21.97484],[30.80684,-21.96976],[30.79806,-21.96423],[30.78331,-21.96461],[30.76156,-21.94918],[30.75417,-21.93263],[30.77126,-21.92221],[30.76025,-21.91348],[30.76137,-21.90702],[30.75027,-21.90353],[30.7381,-21.89126],[30.72763,-21.8903],[30.73047,-21.87507],[30.71665,-21.87527],[30.71276,-21.87212],[30.71015,-21.86183],[30.71508,-21.85596],[30.71082,-21.85027],[30.70288,-21.84725],[30.68521,-21.83156],[30.67022,-21.82945],[30.66978,-21.82374],[30.67419,-21.81744],[30.66507,-21.81125],[30.66902,-21.79719],[30.66522,-21.78162],[30.65321,-21.78138],[30.63535,-21.77135],[30.63756,-21.76399],[30.64881,-21.75313],[30.64896,-21.74885],[30.64448,-21.74811],[30.63157,-21.75939],[30.61952,-21.76325],[30.60715,-21.74582],[30.59954,-21.74305],[30.59647,-21.7519],[30.59018,-21.75404],[30.58211,-21.73595],[30.57121,-21.73744],[30.56219,-21.72983],[30.55396,-21.74533],[30.54426,-21.74792],[30.54084,-21.745],[30.54311,-21.736],[30.53528,-21.72831],[30.53411,-21.71993],[30.52433,-21.71982],[30.51847,-21.71148],[30.50376,-21.71026],[30.49822,-21.70497],[30.50191,-21.69142],[30.49923,-21.68178],[30.50759,-21.67415],[30.50845,-21.66479],[30.50323,-21.65798],[30.49209,-21.65648],[30.48252,-21.66322],[30.47039,-21.65157],[30.45022,-21.65257],[30.44609,-21.64703],[30.44636,-21.63573],[30.44335,-21.63121],[30.42693,-21.63051],[30.40753,-21.62456],[30.39523,-21.60882],[30.38119,-21.61084],[30.37222,-21.60103],[30.36109,-21.59486],[30.35592,-21.59558],[30.33827,-21.61108],[30.32815,-21.6002],[30.30605,-21.6014],[30.29498,-21.59532],[30.2757,-21.59693],[30.26391,-21.59159],[30.2334,-21.59438],[30.22924,-21.58803],[30.23968,-21.57583],[30.24303,-21.55885],[30.24052,-21.54972],[30.23575,-21.54552],[30.23075,-21.54401],[30.21828,-21.55386],[30.20855,-21.53868],[30.19303,-21.52866],[30.17252,-21.53186],[30.16611,-21.51619],[30.17015,-21.50409],[30.16578,-21.50049],[30.14618,-21.50581],[30.12688,-21.49652],[30.09614,-21.50074],[30.09703,-21.49279],[30.10703,-21.48752],[30.10866,-21.48341],[30.09355,-21.47622],[30.07274,-21.47894],[30.06888,-21.45939],[30.04154,-21.4394],[30.04021,-21.42303],[30.02472,-21.40736],[30.01882,-21.38783],[29.99908,-21.37126],[29.95382,-21.35363],[29.94812,-21.34887],[29.93642,-21.30828],[29.9214,-21.29852],[29.91902,-21.29338],[29.91885,-21.27678],[29.90624,-21.26941],[29.89142,-21.26978],[29.88647,-21.26337],[29.89238,-21.25097],[29.88743,-21.24596],[29.88619,-21.23166],[29.89342,-21.22894],[29.89382,-21.22536],[29.87909,-21.21004],[29.84968,-21.20335],[29.84669,-21.20031],[29.84568,-21.189],[29.84221,-21.18841],[29.83847,-21.17896],[29.8313,-21.17511],[29.83143,-21.16487],[29.84344,-21.15853],[29.84106,-21.15137],[29.80132,-21.13565],[29.77068,-21.1074],[29.76552,-21.09802],[29.76596,-21.0889],[29.75675,-21.09086],[29.75212,-21.08728],[29.73103,-21.0333],[29.7307,-21.02292],[29.76737,-21.03236],[29.78463,-21.03147],[29.82356,-21.01287],[29.8823,-20.95861],[29.90295,-20.94541],[29.92745,-20.9228],[29.94679,-20.91173],[29.95434,-20.91528],[29.9718,-20.90944],[29.98759,-20.91136],[29.99105,-20.9181],[30.0492,-20.95935],[30.05949,-20.96028],[30.06882,-20.96632],[30.06728,-20.97454],[30.07358,-20.99013],[30.10902,-21.00704],[30.13129,-21.00845],[30.16595,-21.03453],[30.17944,-21.02784],[30.1933,-21.03785],[30.21707,-21.03171],[30.22941,-21.03745],[30.25011,-21.041],[30.25329,-21.02979],[30.28169,-21.01945],[30.30093,-21.03657],[30.3089,-21.03069],[30.31633,-21.03012],[30.3372,-21.04306],[30.35683,-21.03986],[30.37833,-21.02043],[30.39338,-21.01954],[30.40267,-20.99977],[30.40928,-20.99933],[30.41752,-20.98654],[30.44518,-20.96251],[30.44341,-20.92314],[30.45344,-20.88261],[30.45082,-20.8692],[30.45431,-20.83106],[30.46915,-20.76959],[30.47343,-20.75628],[30.48006,-20.74836],[30.48142,-20.71514],[30.48687,-20.70491],[30.50981,-20.69187],[30.5186,-20.68356],[30.5116,-20.68101],[30.49252,-20.68403],[30.48084,-20.67973],[30.47883,-20.6761],[30.48138,-20.66108],[30.47877,-20.65625],[30.45805,-20.64645],[30.4506,-20.63286],[30.44898,-20.62488],[30.4538,-20.61732],[30.44947,-20.60921],[30.45056,-20.58954],[30.44503,-20.57194],[30.45254,-20.56288],[30.46026,-20.5629],[30.46096,-20.55664],[30.44375,-20.52803],[30.41232,-20.49121],[30.41348,-20.47775],[30.37174,-20.43894],[30.36015,-20.41611],[30.3452,-20.42305],[30.33907,-20.41812],[30.31832,-20.38762],[30.32014,-20.37135],[30.31384,-20.36493],[30.2868,-20.35657],[30.25804,-20.35226],[30.24356,-20.33478],[30.24361,-20.32196],[30.26134,-20.27637],[30.26714,-20.27198],[30.26811,-20.26272],[30.2748,-20.25694],[30.27954,-20.24255],[30.27778,-20.22905],[30.19777,-20.17168],[30.15855,-20.20654],[30.15645,-20.20726],[30.15355,-20.20038],[30.14792,-20.19877],[30.15269,-20.19028],[30.16004,-20.18775],[30.16671,-20.15504],[30.15817,-20.12669],[30.1683,-20.11879],[30.17675,-20.10014],[30.18745,-20.09805],[30.18532,-20.08064],[30.19167,-20.06729],[30.17071,-20.05446],[30.16682,-20.04358],[30.16042,-20.04403],[30.14402,-20.03333],[30.1426,-20.02832],[30.14515,-20.02408],[30.21982,-20.01682],[30.2238,-20.01255],[30.24052,-20.00805],[30.3221,-19.99955],[30.33417,-19.99281],[30.35481,-19.99741],[30.431,-19.99011],[30.43139,-19.9861],[30.42794,-19.98496],[30.43331,-19.96215],[30.42275,-19.96119],[30.42631,-19.95207],[30.42542,-19.94334],[30.43074,-19.93749],[30.44288,-19.93983],[30.45039,-19.92977],[30.45492,-19.93236],[30.45701,-19.92187],[30.47049,-19.90374],[30.46958,-19.90081],[30.46449,-19.90219],[30.45767,-19.8949],[30.45447,-19.89517],[30.45945,-19.88614],[30.45115,-19.88491],[30.45441,-19.87729],[30.44822,-19.86944],[30.45904,-19.86315],[30.45385,-19.84992],[30.45897,-19.84567],[30.45969,-19.83979],[30.46945,-19.84235],[30.52202,-19.8365],[30.63387,-19.86636],[30.68648,-19.8614],[30.69338,-19.85394],[30.67771,-19.84173],[30.67906,-19.83015],[30.68307,-19.82449],[30.68026,-19.82335],[30.67772,-19.81306],[30.68114,-19.809],[30.67884,-19.80224],[30.68354,-19.7846],[30.6928,-19.77952],[30.68828,-19.75635],[30.6902,-19.74838],[30.69562,-19.74416],[30.70471,-19.74412],[30.6961,-19.71808],[30.69649,-19.69112],[30.70553,-19.68656],[30.70547,-19.65892],[30.70937,-19.63687],[30.68719,-19.58794],[30.69493,-19.58039],[30.69778,-19.56895],[30.71272,-19.55893],[30.70921,-19.55379],[30.70974,-19.54784],[30.71895,-19.5301],[30.71823,-19.46369],[30.70935,-19.4565],[30.71404,-19.429],[30.7534,-19.4374],[30.75406,-19.42251],[30.76,-19.41449],[30.75517,-19.40677],[30.75837,-19.40255],[30.69566,-19.39585],[30.87054,-19.26055],[30.89391,-19.24446],[30.90845,-19.2439],[30.90697,-19.22227],[30.88978,-19.19734],[30.89238,-19.19202],[30.92141,-19.19228],[30.91999,-19.18018],[30.93762,-19.14856],[30.96949,-19.15566],[30.99906,-19.15564],[30.9895,-19.19529],[30.98909,-19.22502],[31.00014,-19.24874],[30.996,-19.25787],[31.08213,-19.24401],[31.1885,-19.23383],[31.19323,-19.2407],[31.20365,-19.23977],[31.20929,-19.2444],[31.21779,-19.24479],[31.23057,-19.25476],[31.24142,-19.25858],[31.25881,-19.27293],[31.28383,-19.28083],[31.29385,-19.29109],[31.31125,-19.29945],[31.31814,-19.30938],[31.33832,-19.31881],[31.36491,-19.33692],[31.396,-19.36878],[31.40677,-19.37429],[31.42514,-19.37001],[31.43377,-19.37748],[31.44383,-19.36013],[31.44835,-19.36242],[31.4613,-19.38126],[31.48002,-19.37266],[31.48926,-19.37677],[31.4923,-19.38516],[31.52157,-19.3905],[31.52644,-19.39468],[31.52496,-19.40573],[31.5275,-19.41183],[31.54864,-19.41733],[31.57301,-19.45689],[31.58317,-19.45388],[31.58965,-19.45588],[31.59367,-19.45067],[31.61036,-19.44705],[31.62199,-19.46335],[31.63961,-19.45751],[31.64934,-19.46649],[31.66892,-19.46086],[31.67535,-19.4619],[31.67781,-19.47015],[31.67522,-19.47426],[31.67594,-19.48661],[31.67932,-19.4927],[31.68317,-19.52233],[31.70313,-19.52432],[31.70954,-19.52864],[31.71434,-19.54054],[31.72647,-19.5424],[31.73935,-19.58398],[31.75628,-19.58584],[31.77014,-19.58369],[31.77472,-19.59012],[31.79097,-19.59396],[31.79551,-19.6051],[31.82549,-19.62031],[31.82771,-19.63036],[31.82351,-19.65519],[31.83294,-19.65695],[31.83531,-19.66492],[31.84298,-19.66793],[31.84349,-19.67852],[31.85891,-19.68381],[31.87702,-19.70199],[31.89938,-19.71185],[31.92668,-19.76795],[31.96741,-19.79906],[31.97267,-19.82137],[31.97889,-19.84259],[31.99962,-19.85777],[32.02695,-19.8654],[32.05306,-19.86223],[32.07618,-19.87024],[32.08293,-19.88737],[32.09,-19.89295],[32.09556,-19.90452],[32.14214,-19.9015],[32.19658,-19.90385],[32.2022,-19.90937],[32.20957,-19.93073],[32.23361,-19.9414],[32.25504,-19.95884],[32.26742,-19.96109],[32.28484,-19.97827],[32.31838,-19.98165],[32.32936,-19.98547],[32.34059,-19.99997],[32.3434,-20.01843],[32.33728,-20.04217],[32.34505,-20.07891],[32.33957,-20.09603],[32.33906,-20.15745],[32.32716,-20.18754],[32.31971,-20.26008],[32.3146,-20.269],[32.29571,-20.34489],[32.28438,-20.45518],[32.28913,-20.48964]],[[31.24966,-20.75887],[31.24954,-20.75211],[31.24572,-20.76599],[31.24966,-20.75887]],[[30.52087,-20.7051],[30.52148,-20.70023],[30.51273,-20.72567],[30.52087,-20.7051]],[[30.96854,-19.93168],[30.95542,-19.878],[30.96306,-19.91343],[30.96854,-19.93168]],[[31.43344,-19.91395],[31.42957,-19.92251],[31.40927,-19.9709],[31.43344,-19.91395]],[[31.1354,-20.26229],[31.1384,-20.26168],[31.14232,-20.25448],[31.1354,-20.26229]],[[31.13047,-20.26785],[31.13361,-20.26652],[31.13351,-20.26442],[31.13047,-20.26785]],[[31.11375,-20.28673],[31.12378,-20.27748],[31.12544,-20.27353],[31.11375,-20.28673]],[[31.23802,-20.72967],[31.23767,-20.71817],[31.23156,-20.68776],[31.23802,-20.72967]],[[31.24297,-20.7523],[31.24057,-20.74622],[31.24153,-20.75246],[31.24297,-20.7523]],[[31.90225,-19.83226],[31.94844,-19.82383],[31.92723,-19.82598],[31.90225,-19.83226]]]}},{"type":"Feature","properties":{"id":"ZWE:ADM1:ZWE-533","name":"Mashonaland West","countryCode":"ZWE"},"geometry":{"type":"Polygon","coordinates":[[[29.57524,-18.35864],[29.57126,-18.35527],[29.54784,-18.35639],[29.53315,-18.33702],[29.49897,-18.31965],[29.48562,-18.3051],[29.46071,-18.29771],[29.44179,-18.2852],[29.42844,-18.28407],[29.41268,-18.26868],[29.39275,-18.25545],[29.3767,-18.26044],[29.36079,-18.26041],[29.34778,-18.225],[29.34756,-18.21714],[29.31828,-18.20983],[29.30381,-18.1949],[29.27284,-18.17574],[29.2506,-18.1275],[29.25228,-18.11798],[29.24489,-18.10901],[29.2444,-18.09926],[29.22751,-18.0876],[29.21347,-18.04031],[29.21304,-18.02983],[29.20482,-18.01593],[29.2079,-17.99758],[29.21738,-17.99161],[29.21306,-17.97072],[29.22675,-17.96322],[29.22925,-17.95827],[29.22007,-17.94919],[29.23818,-17.92819],[29.2478,-17.89919],[29.26385,-17.87526],[29.26671,-17.85334],[29.28343,-17.8411],[29.29163,-17.79583],[29.2905,-17.78669],[29.30101,-17.77704],[29.31898,-17.77387],[29.32869,-17.76037],[29.32331,-17.75263],[29.30722,-17.75404],[29.30056,-17.74822],[29.2988,-17.74165],[29.30673,-17.73165],[29.3054,-17.71636],[29.33393,-17.70405],[29.34589,-17.68955],[29.34617,-17.68611],[29.33856,-17.67952],[29.33516,-17.66712],[29.34471,-17.6585],[29.34742,-17.65166],[29.3402,-17.64463],[29.34246,-17.63939],[29.34042,-17.62576],[29.34425,-17.61646],[29.32992,-17.59931],[29.32084,-17.59935],[29.31425,-17.57666],[29.33342,-17.56755],[29.34485,-17.55198],[29.36726,-17.53224],[29.36988,-17.52705],[29.36742,-17.5181],[29.38952,-17.50402],[29.40455,-17.48015],[29.40648,-17.46659],[29.38751,-17.4725],[29.36853,-17.46512],[29.35904,-17.4583],[29.35335,-17.44667],[29.33816,-17.43894],[29.33235,-17.43043],[29.32839,-17.41586],[29.3195,-17.41269],[29.29497,-17.3905],[29.28017,-17.38126],[29.27605,-17.37071],[29.2785,-17.35238],[29.27086,-17.33121],[29.25147,-17.31717],[29.23814,-17.29989],[29.22839,-17.29659],[29.21342,-17.3055],[29.20262,-17.30638],[29.16243,-17.29952],[29.12776,-17.28535],[29.11659,-17.28435],[29.1057,-17.27018],[29.07321,-17.27136],[29.06668,-17.24901],[29.0578,-17.24828],[29.04434,-17.23851],[29.02737,-17.23625],[29.01767,-17.22456],[28.98655,-17.2249],[28.9775,-17.22112],[28.96181,-17.20353],[28.95609,-17.18072],[28.94795,-17.16553],[28.93777,-17.15999],[28.9315,-17.13888],[28.93221,-17.13204],[28.92303,-17.1091],[28.92472,-17.11707],[28.9161,-17.13741],[28.90908,-17.14192],[28.90044,-17.14106],[28.88533,-17.15387],[28.86498,-17.14886],[28.85922,-17.15518],[28.85138,-17.15484],[28.83387,-17.15069],[28.83207,-17.1474],[28.82325,-17.14757],[28.8029,-17.15242],[28.7983,-17.16035],[28.79156,-17.15637],[28.78689,-17.1625],[28.77908,-17.15756],[28.77696,-17.16365],[28.77372,-17.16441],[28.76598,-17.15662],[28.75291,-17.15943],[28.74889,-17.16181],[28.74355,-17.17708],[28.73498,-17.17839],[28.72584,-17.19038],[28.7147,-17.19571],[28.71094,-17.20196],[28.71315,-17.21356],[28.7094,-17.21627],[28.70776,-17.21123],[28.70335,-17.21229],[28.70253,-17.21596],[28.67153,-17.20043],[28.67009,-17.21252],[28.66143,-17.23112],[28.66328,-17.23689],[28.65748,-17.24006],[28.63833,-17.26679],[28.63188,-17.28763],[28.63692,-17.30252],[28.62919,-17.30973],[28.60673,-17.31601],[28.59011,-17.34391],[28.56161,-17.37542],[28.55448,-17.38891],[28.53891,-17.40174],[28.54475,-17.41092],[28.54085,-17.41338],[28.52993,-17.41107],[28.52303,-17.413],[28.50772,-17.3979],[28.50459,-17.39883],[28.49921,-17.38595],[28.4744,-17.38427],[28.47686,-17.37916],[28.46355,-17.372],[28.46573,-17.36561],[28.45601,-17.37036],[28.45895,-17.378],[28.43795,-17.37107],[28.35113,-17.38419],[28.34032,-17.3956],[28.33435,-17.39429],[28.32735,-17.40146],[28.31522,-17.3978],[28.3042,-17.40046],[28.29733,-17.39423],[28.28636,-17.40034],[28.27961,-17.39416],[28.265,-17.40095],[28.25037,-17.40096],[28.24266,-17.3997],[28.2394,-17.39195],[28.24239,-17.37294],[28.23382,-17.35506],[28.22105,-17.35004],[28.20991,-17.35038],[28.20459,-17.34223],[28.19634,-17.34179],[28.19327,-17.33603],[28.19785,-17.32911],[28.18204,-17.31576],[28.17312,-17.32344],[28.17177,-17.30797],[28.16352,-17.30714],[28.16544,-17.29664],[28.1721,-17.28577],[28.17212,-17.2822],[28.16451,-17.27899],[28.16598,-17.27365],[28.17197,-17.27269],[28.17056,-17.26773],[28.15304,-17.26585],[28.14213,-17.26084],[28.14218,-17.25272],[28.14715,-17.24957],[28.15081,-17.25791],[28.15661,-17.25437],[28.16467,-17.25442],[28.16407,-17.2496],[28.1437,-17.24253],[28.15052,-17.23176],[28.13836,-17.22831],[28.13601,-17.22141],[28.13762,-17.21807],[28.15245,-17.21818],[28.15596,-17.21287],[28.15388,-17.20195],[28.14584,-17.20458],[28.1355,-17.19534],[28.13617,-17.18346],[28.13104,-17.16761],[28.14342,-17.15471],[28.14304,-17.14534],[28.13469,-17.13976],[28.11803,-17.1364],[28.10816,-17.13904],[28.09511,-17.14788],[28.08738,-17.13412],[28.09287,-17.124],[28.07092,-17.10104],[28.06273,-17.09905],[28.04625,-17.11137],[28.03211,-17.10174],[28.03245,-17.09753],[28.04773,-17.09074],[28.05231,-17.08438],[28.05273,-17.06127],[28.04695,-17.04532],[28.06775,-17.02633],[28.06531,-17.02288],[28.04755,-17.02302],[28.03254,-17.01915],[28.04014,-17.00787],[28.02913,-16.99762],[28.02036,-16.98048],[28.03301,-16.94892],[28.02878,-16.92592],[28.02984,-16.89618],[28.01396,-16.87658],[28.06338,-16.85293],[28.13588,-16.82385],[28.2384,-16.7389],[28.24685,-16.73509],[28.2482,-16.72094],[28.26326,-16.71672],[28.26388,-16.70022],[28.27338,-16.69823],[28.2871,-16.70187],[28.29588,-16.69962],[28.31496,-16.6846],[28.32195,-16.67147],[28.33001,-16.66369],[28.36687,-16.65334],[28.3847,-16.65895],[28.40683,-16.65359],[28.41176,-16.6542],[28.42956,-16.66766],[28.44004,-16.66722],[28.44845,-16.65694],[28.46179,-16.65089],[28.47136,-16.63638],[28.48327,-16.62946],[28.48263,-16.62151],[28.48881,-16.61702],[28.50224,-16.62021],[28.64003,-16.56194],[28.74203,-16.5427],[28.76113,-16.5211],[28.77843,-16.50977],[28.81581,-16.48417],[28.82392,-16.46515],[28.81722,-16.44626],[28.81806,-16.43682],[28.82317,-16.42537],[28.83974,-16.40699],[28.8462,-16.37862],[28.85109,-16.36818],[28.84049,-16.34923],[28.84405,-16.33213],[28.84055,-16.32606],[28.8284,-16.31969],[28.82297,-16.30592],[28.8357,-16.27536],[28.855,-16.25192],[28.85729,-16.24054],[28.8557,-16.23631],[28.84275,-16.23195],[28.83562,-16.21042],[28.83977,-16.18785],[28.83628,-16.16228],[28.83993,-16.15328],[28.85416,-16.1397],[28.86448,-16.11593],[28.86363,-16.10307],[28.85337,-16.07802],[28.84775,-16.05291],[28.8489,-16.03796],[28.87129,-16.02178],[28.87644,-16.01483],[28.88941,-15.98477],[28.90321,-15.96646],[28.91331,-15.94382],[28.92856,-15.93773],[28.96424,-15.9396],[28.98171,-15.93604],[29.01515,-15.94041],[29.02854,-15.93432],[29.03562,-15.92534],[29.04347,-15.90521],[29.0647,-15.87826],[29.09184,-15.86284],[29.15804,-15.81328],[29.19446,-15.79066],[29.21439,-15.76877],[29.22814,-15.76195],[29.24559,-15.7634],[29.26899,-15.75514],[29.29424,-15.74365],[29.30798,-15.73215],[29.33397,-15.72604],[29.34511,-15.71598],[29.36405,-15.70807],[29.39894,-15.71059],[29.42492,-15.68937],[29.43642,-15.68685],[29.46389,-15.68793],[29.47576,-15.68469],[29.49877,-15.68612],[29.50762,-15.68302],[29.52682,-15.6741],[29.54451,-15.65176],[29.55742,-15.64182],[29.58093,-15.64328],[29.60026,-15.65984],[29.62476,-15.66196],[29.6364,-15.66014],[29.67095,-15.64352],[29.70538,-15.6384],[29.73821,-15.62674],[29.75978,-15.62405],[29.77581,-15.61774],[29.78934,-15.60804],[29.80717,-15.60972],[29.83278,-15.60715],[29.88163,-15.61259],[29.8939,-15.62093],[29.91566,-15.61974],[29.94293,-15.6261],[29.95547,-15.63679],[29.96766,-15.64166],[30.05212,-15.63197],[30.07466,-15.62267],[30.11245,-15.62661],[30.13572,-15.61817],[30.1647,-15.61648],[30.17567,-15.62225],[30.18856,-15.6464],[30.20665,-15.65863],[30.21228,-15.6674],[30.21821,-15.66583],[30.24119,-15.64559],[30.25298,-15.62876],[30.25848,-15.62445],[30.26384,-15.62533],[30.26949,-15.63621],[30.28544,-15.64461],[30.28633,-15.70168],[30.31308,-15.71682],[30.33452,-15.7503],[30.15128,-15.9189],[30.05155,-15.98829],[30.052,-15.99385],[30.04628,-16.0012],[30.05534,-16.00329],[30.06115,-16.00082],[30.0633,-16.00564],[30.05891,-16.01625],[30.06359,-16.0163],[30.06502,-16.02351],[30.0742,-16.0276],[30.07224,-16.02997],[30.07509,-16.03387],[30.08236,-16.0366],[30.08666,-16.03398],[30.08784,-16.03892],[30.09258,-16.03404],[30.0961,-16.0394],[30.09356,-16.04431],[30.11009,-16.04407],[30.09942,-16.04943],[30.1005,-16.06329],[30.09542,-16.06231],[30.09426,-16.0671],[30.09901,-16.07287],[30.08907,-16.07477],[30.07881,-16.09199],[30.08086,-16.09414],[30.07829,-16.10131],[30.08583,-16.10471],[30.08746,-16.11844],[30.10418,-16.12473],[30.09852,-16.12621],[30.10272,-16.12828],[30.09905,-16.13109],[30.10984,-16.1469],[30.11199,-16.15814],[30.11892,-16.16361],[30.11371,-16.16428],[30.11394,-16.16723],[30.12473,-16.17276],[30.12863,-16.17106],[30.1245,-16.16848],[30.12786,-16.16241],[30.13368,-16.16559],[30.13972,-16.16107],[30.13842,-16.16765],[30.14149,-16.17734],[30.13522,-16.18577],[30.12329,-16.19243],[30.11993,-16.203],[30.11205,-16.21299],[30.09557,-16.22785],[30.09006,-16.228],[30.09318,-16.24882],[30.09042,-16.25997],[30.09525,-16.27451],[30.09488,-16.28353],[30.09035,-16.28793],[30.0941,-16.29344],[30.08925,-16.30305],[30.09171,-16.30701],[30.08579,-16.31763],[30.07407,-16.32052],[30.06355,-16.33284],[30.06509,-16.34303],[30.05842,-16.34555],[30.05824,-16.35408],[30.05031,-16.36555],[30.05123,-16.38261],[30.04972,-16.38672],[30.06557,-16.39824],[30.08341,-16.40364],[30.08636,-16.39871],[30.08121,-16.38912],[30.09128,-16.37245],[30.14424,-16.36879],[30.16388,-16.35475],[30.19761,-16.34898],[30.20841,-16.33637],[30.21034,-16.32903],[30.20567,-16.31564],[30.21426,-16.30957],[30.20689,-16.29961],[30.20711,-16.27625],[30.21773,-16.26822],[30.23421,-16.26494],[30.24418,-16.26732],[30.25419,-16.27623],[30.27669,-16.26999],[30.2949,-16.27675],[30.3021,-16.2904],[30.30168,-16.31161],[30.31498,-16.31778],[30.31838,-16.32425],[30.31616,-16.33045],[30.32037,-16.33519],[30.32765,-16.33714],[30.34295,-16.335],[30.35932,-16.34064],[30.37409,-16.33477],[30.42003,-16.33911],[30.41877,-16.34661],[30.42161,-16.35089],[30.41747,-16.3551],[30.42762,-16.37146],[30.43067,-16.38497],[30.43817,-16.39383],[30.43332,-16.40815],[30.4275,-16.41323],[30.42345,-16.42316],[30.41796,-16.4256],[30.4185,-16.43175],[30.40629,-16.43795],[30.41603,-16.45049],[30.41364,-16.46146],[30.40779,-16.46932],[30.40844,-16.47944],[30.40378,-16.48922],[30.40689,-16.51377],[30.39742,-16.51676],[30.39543,-16.52627],[30.38834,-16.52978],[30.38784,-16.54661],[30.38026,-16.55514],[30.38594,-16.56473],[30.37778,-16.57376],[30.37252,-16.59451],[30.37828,-16.6085],[30.39475,-16.62297],[30.39679,-16.63074],[30.39474,-16.63449],[30.39946,-16.63801],[30.39939,-16.64463],[30.40275,-16.64711],[30.40664,-16.64898],[30.41374,-16.64537],[30.42221,-16.65524],[30.43965,-16.6562],[30.44794,-16.66362],[30.45577,-16.66358],[30.47166,-16.67198],[30.49753,-16.67585],[30.50177,-16.68526],[30.51003,-16.68078],[30.51459,-16.68181],[30.51033,-16.69588],[30.51916,-16.71494],[30.51823,-16.72379],[30.52551,-16.72512],[30.52792,-16.73],[30.51845,-16.73538],[30.52161,-16.74397],[30.51018,-16.75687],[30.50641,-16.76715],[30.48457,-16.79074],[30.48915,-16.80227],[30.49712,-16.80577],[30.49641,-16.81347],[30.50374,-16.81711],[30.50572,-16.83125],[30.50312,-16.83369],[30.51014,-16.83449],[30.50977,-16.84152],[30.52133,-16.84707],[30.5241,-16.85326],[30.52031,-16.86011],[30.52308,-16.86543],[30.51797,-16.87041],[30.52527,-16.88454],[30.52345,-16.91809],[30.51876,-16.92222],[30.52211,-16.9317],[30.52083,-16.93709],[30.52695,-16.94274],[30.52755,-16.95951],[30.53388,-16.96137],[30.52957,-16.96647],[30.54868,-16.97267],[30.55236,-16.98151],[30.55075,-16.98627],[30.54205,-16.98822],[30.5369,-16.99801],[30.54036,-17.00177],[30.53684,-17.01302],[30.54216,-17.02164],[30.54626,-17.05242],[30.57692,-17.05181],[30.58082,-17.0425],[30.59836,-17.03127],[30.61901,-17.0298],[30.63345,-17.02509],[30.63653,-17.02743],[30.64059,-17.04809],[30.66302,-17.03617],[30.66931,-17.06316],[30.69211,-17.05081],[30.73887,-17.0613],[30.71831,-17.1558],[30.68196,-17.21772],[30.65514,-17.2362],[30.67145,-17.24097],[30.66848,-17.25124],[30.61773,-17.36284],[30.63235,-17.40634],[30.61952,-17.45496],[30.6213,-17.47627],[30.61236,-17.51832],[30.61149,-17.55194],[30.64476,-17.55193],[30.69125,-17.55964],[30.72849,-17.55261],[30.78542,-17.5577],[30.76007,-17.6043],[30.78985,-17.63997],[30.83749,-17.66273],[30.84461,-17.6505],[30.91271,-17.68718],[30.92853,-17.70061],[30.93049,-17.66211],[30.95535,-17.66052],[30.96255,-17.71391],[30.95082,-17.7094],[30.94863,-17.7571],[30.90859,-17.76429],[30.9185,-17.77944],[30.90521,-17.77722],[30.89025,-17.78051],[30.88935,-17.796],[30.89594,-17.80107],[30.88323,-17.8111],[30.89012,-17.82641],[30.89914,-17.86568],[30.89681,-17.86912],[30.8858,-17.86773],[30.87743,-17.87548],[30.93657,-17.91189],[30.88687,-17.93641],[30.89451,-17.94903],[30.88199,-17.93535],[30.87331,-17.93164],[30.87071,-17.93466],[30.86182,-17.92379],[30.85801,-17.92679],[30.84472,-17.92442],[30.84724,-17.92903],[30.84392,-17.93202],[30.84416,-17.94449],[30.84107,-17.94511],[30.83745,-17.92971],[30.83125,-17.92091],[30.80851,-17.94694],[30.81655,-17.98119],[30.77232,-18.02218],[30.77466,-18.03236],[30.78426,-18.04424],[30.78328,-18.05099],[30.79067,-18.06672],[30.79041,-18.07718],[30.80013,-18.08666],[30.79022,-18.09311],[30.77518,-18.09404],[30.76141,-18.10548],[30.76171,-18.12602],[30.75366,-18.14201],[30.75476,-18.14846],[30.74655,-18.15432],[30.75736,-18.16134],[30.75742,-18.16792],[30.76265,-18.16761],[30.76458,-18.17226],[30.74936,-18.19063],[30.74886,-18.19876],[30.74363,-18.20519],[30.72184,-18.22038],[30.71748,-18.22828],[30.6979,-18.23655],[30.69696,-18.2409],[30.70115,-18.25813],[30.69534,-18.26668],[30.69902,-18.26711],[30.69569,-18.27176],[30.69916,-18.28745],[30.70889,-18.29539],[30.70915,-18.30635],[30.71813,-18.30841],[30.71969,-18.3143],[30.72337,-18.31512],[30.72286,-18.32294],[30.7342,-18.33207],[30.74034,-18.33254],[30.74635,-18.34317],[30.75374,-18.3413],[30.75822,-18.3437],[30.75854,-18.35035],[30.76389,-18.34885],[30.76702,-18.36023],[30.77274,-18.36108],[30.7833,-18.37373],[30.78153,-18.37777],[30.79053,-18.39014],[30.78576,-18.40345],[30.77089,-18.41307],[30.76517,-18.50601],[30.76624,-18.57073],[30.70391,-18.63433],[30.70914,-18.63497],[30.70665,-18.64332],[30.68235,-18.67098],[30.64909,-18.73294],[30.63953,-18.6954],[30.63038,-18.7242],[30.6028,-18.69678],[30.59843,-18.69969],[30.61144,-18.74691],[30.60252,-18.76013],[30.59981,-18.80902],[30.55821,-18.81956],[30.55752,-18.87675],[30.53028,-18.90954],[30.50448,-18.91116],[30.49089,-18.90065],[30.47609,-18.90215],[30.46353,-18.89863],[30.45684,-18.89328],[30.44688,-18.89203],[30.43975,-18.87754],[30.42088,-18.86028],[30.41191,-18.86487],[30.40806,-18.85811],[30.40212,-18.85968],[30.39508,-18.85554],[30.39058,-18.84057],[30.38492,-18.84884],[30.37386,-18.85203],[30.36619,-18.84779],[30.35533,-18.84796],[30.35341,-18.83746],[30.3478,-18.83724],[30.32276,-18.81846],[30.32685,-18.81427],[30.31658,-18.80085],[30.29602,-18.79565],[30.2892,-18.80488],[30.27456,-18.80911],[30.26824,-18.80281],[30.26022,-18.78498],[30.25454,-18.78683],[30.23895,-18.78028],[30.2358,-18.78292],[30.22188,-18.78099],[30.21153,-18.75811],[30.18168,-18.73048],[30.15078,-18.72539],[30.14664,-18.7193],[30.1402,-18.72135],[30.13226,-18.7183],[30.12039,-18.72443],[30.11321,-18.72077],[30.10519,-18.72245],[30.10048,-18.71704],[30.07184,-18.72274],[30.06704,-18.70953],[30.05428,-18.70872],[30.04974,-18.69986],[30.03972,-18.69809],[30.03086,-18.70245],[30.02856,-18.70892],[30.01803,-18.71296],[30.0085,-18.69558],[29.98923,-18.69505],[29.98094,-18.68972],[29.97669,-18.68051],[29.95409,-18.69232],[29.94663,-18.68729],[29.93663,-18.69387],[29.93141,-18.68883],[29.92363,-18.70362],[29.915,-18.70295],[29.90995,-18.69474],[29.89125,-18.70309],[29.88951,-18.69571],[29.884,-18.69603],[29.87961,-18.68975],[29.8648,-18.6837],[29.8557,-18.69077],[29.85044,-18.67751],[29.84227,-18.67147],[29.83532,-18.67285],[29.82981,-18.68198],[29.81455,-18.67383],[29.80607,-18.6747],[29.79988,-18.66106],[29.80013,-18.65107],[29.79359,-18.64675],[29.78108,-18.64924],[29.78144,-18.64524],[29.77592,-18.63872],[29.77708,-18.63034],[29.7627,-18.63388],[29.75071,-18.64551],[29.73604,-18.64288],[29.73549,-18.61916],[29.73054,-18.61112],[29.7201,-18.61087],[29.70768,-18.6156],[29.69614,-18.61022],[29.69062,-18.6139],[29.66545,-18.60403],[29.64829,-18.61668],[29.63577,-18.61291],[29.62567,-18.6005],[29.61815,-18.59934],[29.59694,-18.57984],[29.58136,-18.57767],[29.57561,-18.57921],[29.57131,-18.5847],[29.55391,-18.57879],[29.54495,-18.53573],[29.54504,-18.52871],[29.5521,-18.52139],[29.55411,-18.51414],[29.5514,-18.50009],[29.55369,-18.48855],[29.54731,-18.48271],[29.55153,-18.47687],[29.5455,-18.45424],[29.55003,-18.4457],[29.55895,-18.44352],[29.56043,-18.43239],[29.56744,-18.42688],[29.56442,-18.40607],[29.57602,-18.37962],[29.57754,-18.36879],[29.57524,-18.35864]],[[29.83624,-18.38705],[29.83587,-18.38969],[29.84452,-18.38158],[29.83624,-18.38705]],[[29.82894,-18.43847],[29.83358,-18.41526],[29.8338,-18.40422],[29.82894,-18.43847]],[[29.94432,-17.10755],[29.94863,-17.097],[29.94287,-17.10707],[29.94432,-17.10755]],[[29.95474,-17.09012],[29.95325,-17.08715],[29.95347,-17.09393],[29.95474,-17.09012]],[[29.97353,-16.52015],[29.97312,-16.52022],[29.97353,-16.52041],[29.97353,-16.52015]],[[30.23396,-17.3115],[30.2265,-17.3238],[30.24037,-17.30485],[30.23396,-17.3115]],[[30.00391,-17.30543],[30.00514,-17.30651],[30.04658,-17.28375],[30.00391,-17.30543]],[[30.02216,-17.32143],[30.01519,-17.31274],[30.00869,-17.30962],[30.02216,-17.32143]],[[30.19756,-17.45219],[30.20092,-17.46512],[30.19735,-17.44518],[30.19756,-17.45219]],[[29.83825,-17.86381],[29.84312,-17.86532],[29.83485,-17.86039],[29.83825,-17.86381]],[[29.96878,-18.2249],[30.02198,-18.28458],[29.99955,-18.25808],[29.96878,-18.2249]],[[29.83219,-17.84094],[29.8294,-17.84038],[29.82026,-17.84537],[29.83219,-17.84094]],[[29.62342,-17.72073],[29.621,-17.7214],[29.61877,-17.72843],[29.62342,-17.72073]],[[29.60946,-17.74388],[29.61409,-17.73621],[29.60641,-17.74426],[29.60946,-17.74388]],[[29.52123,-17.66719],[29.52548,-17.65615],[29.525,-17.65445],[29.52123,-17.66719]],[[29.52374,-17.65002],[29.5235,-17.64916],[29.51635,-17.64089],[29.52374,-17.65002]],[[29.40306,-17.53127],[29.40648,-17.53332],[29.40096,-17.52828],[29.40306,-17.53127]],[[29.06864,-16.94691],[29.06876,-16.94865],[29.07159,-16.9468],[29.06864,-16.94691]],[[28.90071,-17.02214],[28.90405,-17.02387],[28.91412,-17.02352],[28.90071,-17.02214]],[[28.88137,-17.02015],[28.87922,-17.02104],[28.88535,-17.02056],[28.88137,-17.02015]],[[28.86276,-17.02786],[28.85439,-17.03634],[28.86892,-17.02531],[28.86276,-17.02786]],[[28.91504,-17.08915],[28.91242,-17.08261],[28.91022,-17.08125],[28.91504,-17.08915]],[[28.85194,-16.52186],[28.85486,-16.51806],[28.85436,-16.51633],[28.85194,-16.52186]],[[28.85912,-16.53707],[28.86691,-16.53071],[28.86738,-16.52849],[28.85912,-16.53707]],[[28.7824,-16.52818],[28.78399,-16.5317],[28.78407,-16.52812],[28.7824,-16.52818]],[[28.77693,-16.53322],[28.78147,-16.52821],[28.77887,-16.5283],[28.77693,-16.53322]],[[30.29798,-17.87148],[30.2875,-17.86896],[30.29665,-17.87304],[30.29798,-17.87148]],[[30.5979,-17.83391],[30.5985,-17.83629],[30.60326,-17.82621],[30.5979,-17.83391]],[[30.61005,-17.82777],[30.60751,-17.82581],[30.60326,-17.82621],[30.61005,-17.82777]],[[30.66588,-17.84227],[30.66305,-17.84175],[30.6659,-17.84427],[30.66588,-17.84227]],[[30.74142,-17.85512],[30.74759,-17.86427],[30.75399,-17.8682],[30.74142,-17.85512]],[[30.22075,-17.3262],[30.21579,-17.3394],[30.2162,-17.34134],[30.22075,-17.3262]]]}}]}}
